frame_id,image_path,bbox,landmark,x_norm,y_norm,visibility,center_x,center_y,unit_length
00000,/Users/nikko/Downloads/moi-main/project_root/data/temp_frames/video5/frame_00000.png,"[27, 41, 493, 248]",LEFT_SHOULDER,0.3060680346110798,-0.30182043761645355,0.999969482421875,0.676763117313385,0.37556117400527,0.4180096860479756
00000,/Users/nikko/Downloads/moi-main/project_root/data/temp_frames/video5/frame_00000.png,"[27, 41, 493, 248]",RIGHT_SHOULDER,0.3229919392841634,-0.47553632397802187,0.9998537302017212,0.676763117313385,0.37556117400527,0.4180096860479756
00000,/Users/nikko/Downloads/moi-main/project_root/data/temp_frames/video5/frame_00000.png,"[27, 41, 493, 248]",LEFT_HIP,-0.3277490782342124,0.328421691439313,0.9989238381385803,0.676763117313385,0.37556117400527,0.4180096860479756
00000,/Users/nikko/Downloads/moi-main/project_root/data/temp_frames/video5/frame_00000.png,"[27, 41, 493, 248]",RIGHT_HIP,-0.30131089566103075,0.4489350701551625,0.9993182420730591,0.676763117313385,0.37556117400527,0.4180096860479756
00000,/Users/nikko/Downloads/moi-main/project_root/data/temp_frames/video5/frame_00000.png,"[27, 41, 493, 248]",RIGHT_ELBOW,0.3692432163093956,0.5281813165271542,0.9808509349822998,0.676763117313385,0.37556117400527,0.4180096860479756
00000,/Users/nikko/Downloads/moi-main/project_root/data/temp_frames/video5/frame_00000.png,"[27, 41, 493, 248]",LEFT_WRIST,0.36135205790658215,1.2923918332879225,0.5678917765617371,0.676763117313385,0.37556117400527,0.4180096860479756
00000,/Users/nikko/Downloads/moi-main/project_root/data/temp_frames/video5/frame_00000.png,"[27, 41, 493, 248]",RIGHT_WRIST,0.4655596662742824,1.320827438150304,0.9851367473602295,0.676763117313385,0.37556117400527,0.4180096860479756
00000,/Users/nikko/Downloads/moi-main/project_root/data/temp_frames/video5/frame_00000.png,"[27, 41, 493, 248]",RIGHT_KNEE,-0.8254975725851236,1.2080580633682179,0.8613540530204773,0.676763117313385,0.37556117400527,0.4180096860479756
00000,/Users/nikko/Downloads/moi-main/project_root/data/temp_frames/video5/frame_00000.png,"[27, 41, 493, 248]",RIGHT_ANKLE,-1.421503865067104,0.8315763301335694,0.9544731974601746,0.676763117313385,0.37556117400527,0.4180096860479756
00000,/Users/nikko/Downloads/moi-main/project_root/data/temp_frames/video5/frame_00000.png,"[27, 41, 493, 248]",LEFT_EYE,0.5089803586433962,0.0037485266054057827,0.9990516304969788,0.676763117313385,0.37556117400527,0.4180096860479756
00000,/Users/nikko/Downloads/moi-main/project_root/data/temp_frames/video5/frame_00000.png,"[27, 41, 493, 248]",RIGHT_EYE,0.5122921897462629,-0.03463248167759033,0.9995038509368896,0.676763117313385,0.37556117400527,0.4180096860479756
00001,/Users/nikko/Downloads/moi-main/project_root/data/temp_frames/video5/frame_00001.png,"[26, 41, 493, 247]",LEFT_SHOULDER,0.30985468523724113,-0.2623182628069678,0.9999587535858154,0.6795641034841537,0.37820249423384666,0.4213970719687262
00001,/Users/nikko/Downloads/moi-main/project_root/data/temp_frames/video5/frame_00001.png,"[26, 41, 493, 247]",RIGHT_SHOULDER,0.31698381238550044,-0.5155395138943993,0.9997809529304504,0.6795641034841537,0.37820249423384666,0.4213970719687262
00001,/Users/nikko/Downloads/moi-main/project_root/data/temp_frames/video5/frame_00001.png,"[26, 41, 493, 247]",LEFT_HIP,-0.32310775834890393,0.3500186238417705,0.999016284942627,0.6795641034841537,0.37820249423384666,0.4213970719687262
00001,/Users/nikko/Downloads/moi-main/project_root/data/temp_frames/video5/frame_00001.png,"[26, 41, 493, 247]",RIGHT_HIP,-0.30373073927383765,0.42783915285959656,0.9992727637290955,0.6795641034841537,0.37820249423384666,0.4213970719687262
00001,/Users/nikko/Downloads/moi-main/project_root/data/temp_frames/video5/frame_00001.png,"[26, 41, 493, 247]",RIGHT_ELBOW,0.35495876969890805,0.4877877824798419,0.9697846174240112,0.6795641034841537,0.37820249423384666,0.4213970719687262
00001,/Users/nikko/Downloads/moi-main/project_root/data/temp_frames/video5/frame_00001.png,"[26, 41, 493, 247]",RIGHT_WRIST,0.4449543463024166,1.2920499885369403,0.9647457599639893,0.6795641034841537,0.37820249423384666,0.4213970719687262
00001,/Users/nikko/Downloads/moi-main/project_root/data/temp_frames/video5/frame_00001.png,"[26, 41, 493, 247]",RIGHT_KNEE,-0.8229436323970876,1.1930816864507727,0.7625701427459717,0.6795641034841537,0.37820249423384666,0.4213970719687262
00001,/Users/nikko/Downloads/moi-main/project_root/data/temp_frames/video5/frame_00001.png,"[26, 41, 493, 247]",RIGHT_ANKLE,-1.420345696410116,0.8336436616379943,0.9065856337547302,0.6795641034841537,0.37820249423384666,0.4213970719687262
00001,/Users/nikko/Downloads/moi-main/project_root/data/temp_frames/video5/frame_00001.png,"[26, 41, 493, 247]",LEFT_EYE,0.49742122558523133,-8.372679062979166e-05,0.9982157945632935,0.6795641034841537,0.37820249423384666,0.4213970719687262
00001,/Users/nikko/Downloads/moi-main/project_root/data/temp_frames/video5/frame_00001.png,"[26, 41, 493, 247]",RIGHT_EYE,0.5015197452520692,-0.04377717705028905,0.9990149736404419,0.6795641034841537,0.37820249423384666,0.4213970719687262
00002,/Users/nikko/Downloads/moi-main/project_root/data/temp_frames/video5/frame_00002.png,"[25, 41, 493, 248]",LEFT_SHOULDER,0.31578607097682726,-0.24834551196297786,0.9999741315841675,0.6780014187097549,0.3786100931465626,0.41255099308661414
00002,/Users/nikko/Downloads/moi-main/project_root/data/temp_frames/video5/frame_00002.png,"[25, 41, 493, 248]",RIGHT_SHOULDER,0.32335543087840884,-0.5193151527386044,0.999863862991333,0.6780014187097549,0.3786100931465626,0.41255099308661414
00002,/Users/nikko/Downloads/moi-main/project_root/data/temp_frames/video5/frame_00002.png,"[25, 41, 493, 248]",LEFT_HIP,-0.3307678151633184,0.3393342826649796,0.9990676045417786,0.6780014187097549,0.3786100931465626,0.41255099308661414
00002,/Users/nikko/Downloads/moi-main/project_root/data/temp_frames/video5/frame_00002.png,"[25, 41, 493, 248]",RIGHT_HIP,-0.3083736866919177,0.4283263820366026,0.9993494153022766,0.6780014187097549,0.3786100931465626,0.41255099308661414
00002,/Users/nikko/Downloads/moi-main/project_root/data/temp_frames/video5/frame_00002.png,"[25, 41, 493, 248]",RIGHT_ELBOW,0.3697212458133341,0.5078769723664349,0.9832240343093872,0.6780014187097549,0.3786100931465626,0.41255099308661414
00002,/Users/nikko/Downloads/moi-main/project_root/data/temp_frames/video5/frame_00002.png,"[25, 41, 493, 248]",LEFT_WRIST,0.3635494240066161,1.31008652190311,0.6834791302680969,0.6780014187097549,0.3786100931465626,0.41255099308661414
00002,/Users/nikko/Downloads/moi-main/project_root/data/temp_frames/video5/frame_00002.png,"[25, 41, 493, 248]",RIGHT_WRIST,0.4703499122516897,1.3162397060158098,0.9862228035926819,0.6780014187097549,0.3786100931465626,0.41255099308661414
00002,/Users/nikko/Downloads/moi-main/project_root/data/temp_frames/video5/frame_00002.png,"[25, 41, 493, 248]",RIGHT_KNEE,-0.8294056654240229,1.2066739041001389,0.8807271122932434,0.6780014187097549,0.3786100931465626,0.41255099308661414
00002,/Users/nikko/Downloads/moi-main/project_root/data/temp_frames/video5/frame_00002.png,"[25, 41, 493, 248]",RIGHT_ANKLE,-1.4287821300699652,0.8251588627664656,0.9610327482223511,0.6780014187097549,0.3786100931465626,0.41255099308661414
00002,/Users/nikko/Downloads/moi-main/project_root/data/temp_frames/video5/frame_00002.png,"[25, 41, 493, 248]",LEFT_EYE,0.5145718144615369,-0.003110661833254211,0.99924635887146,0.6780014187097549,0.3786100931465626,0.41255099308661414
00002,/Users/nikko/Downloads/moi-main/project_root/data/temp_frames/video5/frame_00002.png,"[25, 41, 493, 248]",RIGHT_EYE,0.5203366410430682,-0.046255550941875154,0.9995658993721008,0.6780014187097549,0.3786100931465626,0.41255099308661414
00003,/Users/nikko/Downloads/moi-main/project_root/data/temp_frames/video5/frame_00003.png,"[23, 42, 493, 246]",LEFT_SHOULDER,0.30325212766122694,-0.2847586218741674,0.9999715089797974,0.6762915253639221,0.37954726815223694,0.4241908486943079
00003,/Users/nikko/Downloads/moi-main/project_root/data/temp_frames/video5/frame_00003.png,"[23, 42, 493, 246]",RIGHT_SHOULDER,0.3208672117709676,-0.4963966308307927,0.9998751878738403,0.6762915253639221,0.37954726815223694,0.4241908486943079
00003,/Users/nikko/Downloads/moi-main/project_root/data/temp_frames/video5/frame_00003.png,"[23, 42, 493, 246]",LEFT_HIP,-0.3259619591397953,0.33953790539056317,0.9992784857749939,0.6762915253639221,0.37954726815223694,0.4241908486943079
00003,/Users/nikko/Downloads/moi-main/project_root/data/temp_frames/video5/frame_00003.png,"[23, 42, 493, 246]",RIGHT_HIP,-0.29815738029239924,0.44161734731439695,0.9995379447937012,0.6762915253639221,0.37954726815223694,0.4241908486943079
00003,/Users/nikko/Downloads/moi-main/project_root/data/temp_frames/video5/frame_00003.png,"[23, 42, 493, 246]",RIGHT_ELBOW,0.3698459473770381,0.48282412716677914,0.9863672852516174,0.6762915253639221,0.37954726815223694,0.4241908486943079
00003,/Users/nikko/Downloads/moi-main/project_root/data/temp_frames/video5/frame_00003.png,"[23, 42, 493, 246]",LEFT_WRIST,0.3558400993232218,1.2570077904099821,0.6760618090629578,0.6762915253639221,0.37954726815223694,0.4241908486943079
00003,/Users/nikko/Downloads/moi-main/project_root/data/temp_frames/video5/frame_00003.png,"[23, 42, 493, 246]",RIGHT_WRIST,0.45963493304689695,1.2425986679078087,0.9892422556877136,0.6762915253639221,0.37954726815223694,0.4241908486943079
00003,/Users/nikko/Downloads/moi-main/project_root/data/temp_frames/video5/frame_00003.png,"[23, 42, 493, 246]",RIGHT_KNEE,-0.7865156413088468,1.1914419692531193,0.90245121717453,0.6762915253639221,0.37954726815223694,0.4241908486943079
00003,/Users/nikko/Downloads/moi-main/project_root/data/temp_frames/video5/frame_00003.png,"[23, 42, 493, 246]",RIGHT_ANKLE,-1.3737822124861208,0.8332416605539198,0.9673246145248413,0.6762915253639221,0.37954726815223694,0.4241908486943079
00003,/Users/nikko/Downloads/moi-main/project_root/data/temp_frames/video5/frame_00003.png,"[23, 42, 493, 246]",LEFT_EYE,0.5052847575184619,-0.0012104556569244361,0.9990025162696838,0.6762915253639221,0.37954726815223694,0.4241908486943079
00003,/Users/nikko/Downloads/moi-main/project_root/data/temp_frames/video5/frame_00003.png,"[23, 42, 493, 246]",RIGHT_EYE,0.5117436123244505,-0.042808285261842535,0.9994774460792542,0.6762915253639221,0.37954726815223694,0.4241908486943079
00004,/Users/nikko/Downloads/moi-main/project_root/data/temp_frames/video5/frame_00004.png,"[22, 42, 493, 246]",LEFT_SHOULDER,0.302997821297631,-0.3088469412923324,0.9999657869338989,0.6777902841567993,0.3756255768239498,0.42144976926481004
00004,/Users/nikko/Downloads/moi-main/project_root/data/temp_frames/video5/frame_00004.png,"[22, 42, 493, 246]",RIGHT_SHOULDER,0.3236582775773966,-0.47041115076093576,0.9998311996459961,0.6777902841567993,0.3756255768239498,0.42144976926481004
00004,/Users/nikko/Downloads/moi-main/project_root/data/temp_frames/video5/frame_00004.png,"[22, 42, 493, 246]",LEFT_HIP,-0.3286925357266559,0.32855203620900914,0.9992444515228271,0.6777902841567993,0.3756255768239498,0.42144976926481004
00004,/Users/nikko/Downloads/moi-main/project_root/data/temp_frames/video5/frame_00004.png,"[22, 42, 493, 246]",RIGHT_HIP,-0.2979635631483717,0.45070605584425905,0.9995172023773193,0.6777902841567993,0.3756255768239498,0.42144976926481004
00004,/Users/nikko/Downloads/moi-main/project_root/data/temp_frames/video5/frame_00004.png,"[22, 42, 493, 246]",RIGHT_ELBOW,0.3720635833050563,0.5251232981896387,0.9850555658340454,0.6777902841567993,0.3756255768239498,0.42144976926481004
00004,/Users/nikko/Downloads/moi-main/project_root/data/temp_frames/video5/frame_00004.png,"[22, 42, 493, 246]",LEFT_WRIST,0.35569955719486995,1.2891361804867076,0.5849967002868652,0.6777902841567993,0.3756255768239498,0.42144976926481004
00004,/Users/nikko/Downloads/moi-main/project_root/data/temp_frames/video5/frame_00004.png,"[22, 42, 493, 246]",RIGHT_WRIST,0.4687430913413295,1.3260264480496102,0.988987147808075,0.6777902841567993,0.3756255768239498,0.42144976926481004
00004,/Users/nikko/Downloads/moi-main/project_root/data/temp_frames/video5/frame_00004.png,"[22, 42, 493, 246]",RIGHT_KNEE,-0.7980239660358728,1.20755223408875,0.9205509424209595,0.6777902841567993,0.3756255768239498,0.42144976926481004
00004,/Users/nikko/Downloads/moi-main/project_root/data/temp_frames/video5/frame_00004.png,"[22, 42, 493, 246]",RIGHT_ANKLE,-1.3757672814665287,0.8406766407738409,0.9747158288955688,0.6777902841567993,0.3756255768239498,0.42144976926481004
00004,/Users/nikko/Downloads/moi-main/project_root/data/temp_frames/video5/frame_00004.png,"[22, 42, 493, 246]",LEFT_EYE,0.5046526996726622,0.016031750717430095,0.9985445737838745,0.6777902841567993,0.3756255768239498,0.42144976926481004
00004,/Users/nikko/Downloads/moi-main/project_root/data/temp_frames/video5/frame_00004.png,"[22, 42, 493, 246]",RIGHT_EYE,0.5080680356667757,-0.028885595924767523,0.9992363452911377,0.6777902841567993,0.3756255768239498,0.42144976926481004
00005,/Users/nikko/Downloads/moi-main/project_root/data/temp_frames/video5/frame_00005.png,"[23, 42, 493, 246]",LEFT_SHOULDER,0.3021601974093699,-0.2855455824905102,0.9999691247940063,0.6757742315530777,0.3802398592233658,0.42340727287413593
00005,/Users/nikko/Downloads/moi-main/project_root/data/temp_frames/video5/frame_00005.png,"[23, 42, 493, 246]",RIGHT_SHOULDER,0.32327992541113937,-0.4946339304218036,0.9998561143875122,0.6757742315530777,0.3802398592233658,0.42340727287413593
00005,/Users/nikko/Downloads/moi-main/project_root/data/temp_frames/video5/frame_00005.png,"[23, 42, 493, 246]",LEFT_HIP,-0.32702809784732456,0.33576092926805007,0.9992669224739075,0.6757742315530777,0.3802398592233658,0.42340727287413593
00005,/Users/nikko/Downloads/moi-main/project_root/data/temp_frames/video5/frame_00005.png,"[23, 42, 493, 246]",RIGHT_HIP,-0.2984120249731847,0.4444185836442637,0.9995474219322205,0.6757742315530777,0.3802398592233658,0.42340727287413593
00005,/Users/nikko/Downloads/moi-main/project_root/data/temp_frames/video5/frame_00005.png,"[23, 42, 493, 246]",RIGHT_ELBOW,0.37626394062264945,0.4785352514282267,0.9887480735778809,0.6757742315530777,0.3802398592233658,0.42340727287413593
00005,/Users/nikko/Downloads/moi-main/project_root/data/temp_frames/video5/frame_00005.png,"[23, 42, 493, 246]",LEFT_WRIST,0.36220852274435716,1.2807691598937194,0.6671963930130005,0.6757742315530777,0.3802398592233658,0.42340727287413593
00005,/Users/nikko/Downloads/moi-main/project_root/data/temp_frames/video5/frame_00005.png,"[23, 42, 493, 246]",RIGHT_WRIST,0.4681785240003797,1.2687483455428796,0.9920157194137573,0.6757742315530777,0.3802398592233658,0.42340727287413593
00005,/Users/nikko/Downloads/moi-main/project_root/data/temp_frames/video5/frame_00005.png,"[23, 42, 493, 246]",RIGHT_KNEE,-0.7904481511436409,1.1997342785584135,0.9296072125434875,0.6757742315530777,0.3802398592233658,0.42340727287413593
00005,/Users/nikko/Downloads/moi-main/project_root/data/temp_frames/video5/frame_00005.png,"[23, 42, 493, 246]",RIGHT_ANKLE,-1.3805289959721456,0.8409955128951997,0.9777632355690002,0.6757742315530777,0.3802398592233658,0.42340727287413593
00005,/Users/nikko/Downloads/moi-main/project_root/data/temp_frames/video5/frame_00005.png,"[23, 42, 493, 246]",LEFT_EYE,0.5090023588130198,0.003758554502894463,0.9986662864685059,0.6757742315530777,0.3802398592233658,0.42340727287413593
00005,/Users/nikko/Downloads/moi-main/project_root/data/temp_frames/video5/frame_00005.png,"[23, 42, 493, 246]",RIGHT_EYE,0.5120807999628385,-0.04062861676505871,0.99934321641922,0.6757742315530777,0.3802398592233658,0.42340727287413593
00006,/Users/nikko/Downloads/moi-main/project_root/data/temp_frames/video5/frame_00006.png,"[23, 42, 493, 246]",LEFT_SHOULDER,0.30369381855168054,-0.3096556907004692,0.999969482421875,0.6757718026638031,0.3840431608259678,0.42301072338397316
00006,/Users/nikko/Downloads/moi-main/project_root/data/temp_frames/video5/frame_00006.png,"[23, 42, 493, 246]",RIGHT_SHOULDER,0.31969324416001893,-0.4722114372528004,0.9998726844787598,0.6757718026638031,0.3840431608259678,0.42301072338397316
00006,/Users/nikko/Downloads/moi-main/project_root/data/temp_frames/video5/frame_00006.png,"[23, 42, 493, 246]",LEFT_HIP,-0.32836993865754205,0.32696531084579167,0.9990866184234619,0.6757718026638031,0.3840431608259678,0.42301072338397316
00006,/Users/nikko/Downloads/moi-main/project_root/data/temp_frames/video5/frame_00006.png,"[23, 42, 493, 246]",RIGHT_HIP,-0.2950171240541574,0.45490181710747796,0.9994631409645081,0.6757718026638031,0.3840431608259678,0.42301072338397316
00006,/Users/nikko/Downloads/moi-main/project_root/data/temp_frames/video5/frame_00006.png,"[23, 42, 493, 246]",RIGHT_ELBOW,0.3743791898642026,0.49509701510752574,0.9876498579978943,0.6757718026638031,0.3840431608259678,0.42301072338397316
00006,/Users/nikko/Downloads/moi-main/project_root/data/temp_frames/video5/frame_00006.png,"[23, 42, 493, 246]",LEFT_WRIST,0.36592724004373217,1.2547593865812106,0.6216787695884705,0.6757718026638031,0.3840431608259678,0.42301072338397316
00006,/Users/nikko/Downloads/moi-main/project_root/data/temp_frames/video5/frame_00006.png,"[23, 42, 493, 246]",RIGHT_WRIST,0.46292352001582426,1.267556588032371,0.9906225800514221,0.6757718026638031,0.3840431608259678,0.42301072338397316
00006,/Users/nikko/Downloads/moi-main/project_root/data/temp_frames/video5/frame_00006.png,"[23, 42, 493, 246]",RIGHT_KNEE,-0.7885318468078144,1.1877010702730852,0.9120190739631653,0.6757718026638031,0.3840431608259678,0.42301072338397316
00006,/Users/nikko/Downloads/moi-main/project_root/data/temp_frames/video5/frame_00006.png,"[23, 42, 493, 246]",RIGHT_ANKLE,-1.377571335521883,0.827947122654866,0.9754438996315002,0.6757718026638031,0.3840431608259678,0.42301072338397316
00006,/Users/nikko/Downloads/moi-main/project_root/data/temp_frames/video5/frame_00006.png,"[23, 42, 493, 246]",LEFT_EYE,0.5164872922980346,-0.008532063548023298,0.9990911483764648,0.6757718026638031,0.3840431608259678,0.42301072338397316
00006,/Users/nikko/Downloads/moi-main/project_root/data/temp_frames/video5/frame_00006.png,"[23, 42, 493, 246]",RIGHT_EYE,0.5201698641693647,-0.046982777865155374,0.9995488524436951,0.6757718026638031,0.3840431608259678,0.42301072338397316
00007,/Users/nikko/Downloads/moi-main/project_root/data/temp_frames/video5/frame_00007.png,"[22, 42, 493, 246]",LEFT_SHOULDER,0.29968402640358865,-0.29886893263100467,0.9999685287475586,0.6780541390180588,0.38267648220062256,0.42480791082937386
00007,/Users/nikko/Downloads/moi-main/project_root/data/temp_frames/video5/frame_00007.png,"[22, 42, 493, 246]",RIGHT_SHOULDER,0.31575186537677813,-0.48924904899490645,0.9998348951339722,0.6780541390180588,0.38267648220062256,0.42480791082937386
00007,/Users/nikko/Downloads/moi-main/project_root/data/temp_frames/video5/frame_00007.png,"[22, 42, 493, 246]",LEFT_HIP,-0.3213173173777129,0.34349287003064144,0.999394416809082,0.6780541390180588,0.38267648220062256,0.42480791082937386
00007,/Users/nikko/Downloads/moi-main/project_root/data/temp_frames/video5/frame_00007.png,"[22, 42, 493, 246]",RIGHT_HIP,-0.29411857440265393,0.4446251115952697,0.9996111989021301,0.6780541390180588,0.38267648220062256,0.42480791082937386
00007,/Users/nikko/Downloads/moi-main/project_root/data/temp_frames/video5/frame_00007.png,"[22, 42, 493, 246]",RIGHT_ELBOW,0.3687931183526229,0.48797012663193307,0.9860812425613403,0.6780541390180588,0.38267648220062256,0.42480791082937386
00007,/Users/nikko/Downloads/moi-main/project_root/data/temp_frames/video5/frame_00007.png,"[22, 42, 493, 246]",LEFT_WRIST,0.35755585964410125,1.2560170949634266,0.6423308253288269,0.6780541390180588,0.38267648220062256,0.42480791082937386
00007,/Users/nikko/Downloads/moi-main/project_root/data/temp_frames/video5/frame_00007.png,"[22, 42, 493, 246]",RIGHT_WRIST,0.4568506061713736,1.2414418699339904,0.9883100986480713,0.6780541390180588,0.38267648220062256,0.42480791082937386
00007,/Users/nikko/Downloads/moi-main/project_root/data/temp_frames/video5/frame_00007.png,"[22, 42, 493, 246]",RIGHT_KNEE,-0.7911621044845485,1.1915985542589564,0.9320574998855591,0.6780541390180588,0.38267648220062256,0.42480791082937386
00007,/Users/nikko/Downloads/moi-main/project_root/data/temp_frames/video5/frame_00007.png,"[22, 42, 493, 246]",RIGHT_ANKLE,-1.3756636143735212,0.8396642353941332,0.9805358648300171,0.6780541390180588,0.38267648220062256,0.42480791082937386
00007,/Users/nikko/Downloads/moi-main/project_root/data/temp_frames/video5/frame_00007.png,"[22, 42, 493, 246]",LEFT_EYE,0.5135807398762291,-0.008987604105478992,0.9985373020172119,0.6780541390180588,0.38267648220062256,0.42480791082937386
00007,/Users/nikko/Downloads/moi-main/project_root/data/temp_frames/video5/frame_00007.png,"[22, 42, 493, 246]",RIGHT_EYE,0.5158364979485849,-0.04686741837854656,0.9992538094520569,0.6780541390180588,0.38267648220062256,0.42480791082937386
00008,/Users/nikko/Downloads/moi-main/project_root/data/temp_frames/video5/frame_00008.png,"[24, 43, 494, 247]",LEFT_SHOULDER,0.31234348527893285,-0.2308602811015156,0.9999594688415527,0.6796085685491562,0.39241303503513336,0.4211950794745413
00008,/Users/nikko/Downloads/moi-main/project_root/data/temp_frames/video5/frame_00008.png,"[24, 43, 494, 247]",RIGHT_SHOULDER,0.30071662291031187,-0.5518619303948074,0.9997654557228088,0.6796085685491562,0.39241303503513336,0.4211950794745413
00008,/Users/nikko/Downloads/moi-main/project_root/data/temp_frames/video5/frame_00008.png,"[24, 43, 494, 247]",LEFT_HIP,-0.30420725716032815,0.39309605703452966,0.9991023540496826,0.6796085685491562,0.39241303503513336,0.4211950794745413
00008,/Users/nikko/Downloads/moi-main/project_root/data/temp_frames/video5/frame_00008.png,"[24, 43, 494, 247]",RIGHT_HIP,-0.3088528510289165,0.38962615446179333,0.9992948770523071,0.6796085685491562,0.39241303503513336,0.4211950794745413
00008,/Users/nikko/Downloads/moi-main/project_root/data/temp_frames/video5/frame_00008.png,"[24, 43, 494, 247]",RIGHT_ELBOW,0.35639087005829245,0.4530155573342034,0.973622739315033,0.6796085685491562,0.39241303503513336,0.4211950794745413
00008,/Users/nikko/Downloads/moi-main/project_root/data/temp_frames/video5/frame_00008.png,"[24, 43, 494, 247]",LEFT_WRIST,0.3539051914820236,1.2898547344588627,0.6959478855133057,0.6796085685491562,0.39241303503513336,0.4211950794745413
00008,/Users/nikko/Downloads/moi-main/project_root/data/temp_frames/video5/frame_00008.png,"[24, 43, 494, 247]",RIGHT_WRIST,0.4476116652218953,1.2579830000651335,0.9749833941459656,0.6796085685491562,0.39241303503513336,0.4211950794745413
00008,/Users/nikko/Downloads/moi-main/project_root/data/temp_frames/video5/frame_00008.png,"[24, 43, 494, 247]",RIGHT_KNEE,-0.8095608536234298,1.1658916159689257,0.7733280658721924,0.6796085685491562,0.39241303503513336,0.4211950794745413
00008,/Users/nikko/Downloads/moi-main/project_root/data/temp_frames/video5/frame_00008.png,"[24, 43, 494, 247]",RIGHT_ANKLE,-1.3966992187983083,0.7865398472703993,0.9110350012779236,0.6796085685491562,0.39241303503513336,0.4211950794745413
00008,/Users/nikko/Downloads/moi-main/project_root/data/temp_frames/video5/frame_00008.png,"[24, 43, 494, 247]",LEFT_EYE,0.5046781187936353,-0.03054522545240839,0.9975607395172119,0.6796085685491562,0.39241303503513336,0.4211950794745413
00008,/Users/nikko/Downloads/moi-main/project_root/data/temp_frames/video5/frame_00008.png,"[24, 43, 494, 247]",RIGHT_EYE,0.5101809993582122,-0.07824839033424695,0.9986003041267395,0.6796085685491562,0.39241303503513336,0.4211950794745413
00009,/Users/nikko/Downloads/moi-main/project_root/data/temp_frames/video5/frame_00009.png,"[24, 43, 494, 246]",LEFT_SHOULDER,0.3124587293837891,-0.24229704482427006,0.9999752044677734,0.6783079206943512,0.38540705293416977,0.41298131003466765
00009,/Users/nikko/Downloads/moi-main/project_root/data/temp_frames/video5/frame_00009.png,"[24, 43, 494, 246]",RIGHT_SHOULDER,0.3109697004490509,-0.5371101246403528,0.9998879432678223,0.6783079206943512,0.38540705293416977,0.41298131003466765
00009,/Users/nikko/Downloads/moi-main/project_root/data/temp_frames/video5/frame_00009.png,"[24, 43, 494, 246]",LEFT_HIP,-0.3211207009401764,0.35219432958695507,0.9993237257003784,0.6783079206943512,0.38540705293416977,0.41298131003466765
00009,/Users/nikko/Downloads/moi-main/project_root/data/temp_frames/video5/frame_00009.png,"[24, 43, 494, 246]",RIGHT_HIP,-0.30230772889266366,0.42721283987766784,0.9995763897895813,0.6783079206943512,0.38540705293416977,0.41298131003466765
00009,/Users/nikko/Downloads/moi-main/project_root/data/temp_frames/video5/frame_00009.png,"[24, 43, 494, 246]",RIGHT_ELBOW,0.37217316279625884,0.47028628887845647,0.9900863766670227,0.6783079206943512,0.38540705293416977,0.41298131003466765
00009,/Users/nikko/Downloads/moi-main/project_root/data/temp_frames/video5/frame_00009.png,"[24, 43, 494, 246]",LEFT_WRIST,0.36962202627881846,1.301684014201155,0.7705250978469849,0.6783079206943512,0.38540705293416977,0.41298131003466765
00009,/Users/nikko/Downloads/moi-main/project_root/data/temp_frames/video5/frame_00009.png,"[24, 43, 494, 246]",RIGHT_WRIST,0.47066108988794547,1.2988611086147885,0.9938226938247681,0.6783079206943512,0.38540705293416977,0.41298131003466765
00009,/Users/nikko/Downloads/moi-main/project_root/data/temp_frames/video5/frame_00009.png,"[24, 43, 494, 246]",RIGHT_KNEE,-0.8168472555572533,1.2024396656064187,0.9160835146903992,0.6783079206943512,0.38540705293416977,0.41298131003466765
00009,/Users/nikko/Downloads/moi-main/project_root/data/temp_frames/video5/frame_00009.png,"[24, 43, 494, 246]",RIGHT_ANKLE,-1.4192273838851213,0.8252416615891289,0.9664299488067627,0.6783079206943512,0.38540705293416977,0.41298131003466765
00009,/Users/nikko/Downloads/moi-main/project_root/data/temp_frames/video5/frame_00009.png,"[24, 43, 494, 246]",LEFT_EYE,0.5211163236998342,-0.00804249900462676,0.9991027116775513,0.6783079206943512,0.38540705293416977,0.41298131003466765
00009,/Users/nikko/Downloads/moi-main/project_root/data/temp_frames/video5/frame_00009.png,"[24, 43, 494, 246]",RIGHT_EYE,0.5269005451418719,-0.05452460758341085,0.9995564818382263,0.6783079206943512,0.38540705293416977,0.41298131003466765
00010,/Users/nikko/Downloads/moi-main/project_root/data/temp_frames/video5/frame_00010.png,"[24, 43, 494, 246]",LEFT_SHOULDER,0.3063993111476151,-0.22731119882376555,0.9999659061431885,0.6818663030862808,0.3905271962285042,0.41539273566745594
00010,/Users/nikko/Downloads/moi-main/project_root/data/temp_frames/video5/frame_00010.png,"[24, 43, 494, 246]",RIGHT_SHOULDER,0.3011574831344432,-0.561716250680418,0.999839186668396,0.6818663030862808,0.3905271962285042,0.41539273566745594
00010,/Users/nikko/Downloads/moi-main/project_root/data/temp_frames/video5/frame_00010.png,"[24, 43, 494, 246]",LEFT_HIP,-0.30896369015003505,0.3789519626408842,0.9995167255401611,0.6818663030862808,0.3905271962285042,0.41539273566745594
00010,/Users/nikko/Downloads/moi-main/project_root/data/temp_frames/video5/frame_00010.png,"[24, 43, 494, 246]",RIGHT_HIP,-0.2985931041320233,0.4100754868632993,0.9996567964553833,0.6818663030862808,0.3905271962285042,0.41539273566745594
00010,/Users/nikko/Downloads/moi-main/project_root/data/temp_frames/video5/frame_00010.png,"[24, 43, 494, 246]",RIGHT_ELBOW,0.36723886757248403,0.45813784536692576,0.9881780743598938,0.6818663030862808,0.3905271962285042,0.41539273566745594
00010,/Users/nikko/Downloads/moi-main/project_root/data/temp_frames/video5/frame_00010.png,"[24, 43, 494, 246]",LEFT_WRIST,0.3598779813320935,1.3027682247901693,0.6919646263122559,0.6818663030862808,0.3905271962285042,0.41539273566745594
00010,/Users/nikko/Downloads/moi-main/project_root/data/temp_frames/video5/frame_00010.png,"[24, 43, 494, 246]",RIGHT_WRIST,0.45897394283494614,1.2737474009511278,0.989923894405365,0.6818663030862808,0.3905271962285042,0.41539273566745594
00010,/Users/nikko/Downloads/moi-main/project_root/data/temp_frames/video5/frame_00010.png,"[24, 43, 494, 246]",RIGHT_KNEE,-0.8228762766050901,1.1814085203649838,0.9332582950592041,0.6818663030862808,0.3905271962285042,0.41539273566745594
00010,/Users/nikko/Downloads/moi-main/project_root/data/temp_frames/video5/frame_00010.png,"[24, 43, 494, 246]",RIGHT_ANKLE,-1.4126730082744818,0.8295553169751215,0.9773065447807312,0.6818663030862808,0.3905271962285042,0.41539273566745594
00010,/Users/nikko/Downloads/moi-main/project_root/data/temp_frames/video5/frame_00010.png,"[24, 43, 494, 246]",LEFT_EYE,0.5056559289018281,-0.023438440583451802,0.9980265498161316,0.6818663030862808,0.3905271962285042,0.41539273566745594
00010,/Users/nikko/Downloads/moi-main/project_root/data/temp_frames/video5/frame_00010.png,"[24, 43, 494, 246]",RIGHT_EYE,0.5116288377429847,-0.061854980343286514,0.9989908337593079,0.6818663030862808,0.3905271962285042,0.41539273566745594
00011,/Users/nikko/Downloads/moi-main/project_root/data/temp_frames/video5/frame_00011.png,"[23, 43, 494, 247]",LEFT_SHOULDER,0.3002956558627476,-0.25426508838270234,0.9999709129333496,0.6830775439739227,0.3873150050640106,0.4223389584922484
00011,/Users/nikko/Downloads/moi-main/project_root/data/temp_frames/video5/frame_00011.png,"[23, 43, 494, 247]",RIGHT_SHOULDER,0.29612879627850275,-0.5462340110058145,0.9998624324798584,0.6830775439739227,0.3873150050640106,0.4223389584922484
00011,/Users/nikko/Downloads/moi-main/project_root/data/temp_frames/video5/frame_00011.png,"[23, 43, 494, 247]",LEFT_HIP,-0.30924117304301374,0.36455942708730493,0.9992200136184692,0.6830775439739227,0.3873150050640106,0.4223389584922484
00011,/Users/nikko/Downloads/moi-main/project_root/data/temp_frames/video5/frame_00011.png,"[23, 43, 494, 247]",RIGHT_HIP,-0.28718327909823654,0.43593967230121183,0.9994383454322815,0.6830775439739227,0.3873150050640106,0.4223389584922484
00011,/Users/nikko/Downloads/moi-main/project_root/data/temp_frames/video5/frame_00011.png,"[23, 43, 494, 247]",RIGHT_ELBOW,0.35797346030124666,0.4805307856126032,0.9834572672843933,0.6830775439739227,0.3873150050640106,0.4223389584922484
00011,/Users/nikko/Downloads/moi-main/project_root/data/temp_frames/video5/frame_00011.png,"[23, 43, 494, 247]",LEFT_WRIST,0.3492039320761559,1.2598846779634152,0.7183849811553955,0.6830775439739227,0.3873150050640106,0.4223389584922484
00011,/Users/nikko/Downloads/moi-main/project_root/data/temp_frames/video5/frame_00011.png,"[23, 43, 494, 247]",RIGHT_WRIST,0.43366832807940536,1.281066719898715,0.9864588379859924,0.6830775439739227,0.3873150050640106,0.4223389584922484
00011,/Users/nikko/Downloads/moi-main/project_root/data/temp_frames/video5/frame_00011.png,"[23, 43, 494, 247]",RIGHT_KNEE,-0.8146908374434699,1.1559766778354919,0.8695878386497498,0.6830775439739227,0.3873150050640106,0.4223389584922484
00011,/Users/nikko/Downloads/moi-main/project_root/data/temp_frames/video5/frame_00011.png,"[23, 43, 494, 247]",RIGHT_ANKLE,-1.401727683068378,0.8245273780948666,0.9577990174293518,0.6830775439739227,0.3873150050640106,0.4223389584922484
00011,/Users/nikko/Downloads/moi-main/project_root/data/temp_frames/video5/frame_00011.png,"[23, 43, 494, 247]",LEFT_EYE,0.4978024009480636,-0.02072217023486746,0.9989874958992004,0.6830775439739227,0.3873150050640106,0.4223389584922484
00011,/Users/nikko/Downloads/moi-main/project_root/data/temp_frames/video5/frame_00011.png,"[23, 43, 494, 247]",RIGHT_EYE,0.5025514212701581,-0.06267852989415836,0.9994321465492249,0.6830775439739227,0.3873150050640106,0.4223389584922484
00012,/Users/nikko/Downloads/moi-main/project_root/data/temp_frames/video5/frame_00012.png,"[23, 43, 494, 247]",LEFT_SHOULDER,0.3034620189761784,-0.26173839395378284,0.9999661445617676,0.6837681978940964,0.38755692169070244,0.42042703816457017
00012,/Users/nikko/Downloads/moi-main/project_root/data/temp_frames/video5/frame_00012.png,"[23, 43, 494, 247]",RIGHT_SHOULDER,0.29712680997520424,-0.5347715333366637,0.999797523021698,0.6837681978940964,0.38755692169070244,0.42042703816457017
00012,/Users/nikko/Downloads/moi-main/project_root/data/temp_frames/video5/frame_00012.png,"[23, 43, 494, 247]",LEFT_HIP,-0.30584527169315634,0.3802160067979007,0.999262273311615,0.6837681978940964,0.38755692169070244,0.42042703816457017
00012,/Users/nikko/Downloads/moi-main/project_root/data/temp_frames/video5/frame_00012.png,"[23, 43, 494, 247]",RIGHT_HIP,-0.29474355725822626,0.4162939204925458,0.9994070529937744,0.6837681978940964,0.38755692169070244,0.42042703816457017
00012,/Users/nikko/Downloads/moi-main/project_root/data/temp_frames/video5/frame_00012.png,"[23, 43, 494, 247]",RIGHT_ELBOW,0.3542154274507511,0.46490345772080577,0.9784857034683228,0.6837681978940964,0.38755692169070244,0.42042703816457017
00012,/Users/nikko/Downloads/moi-main/project_root/data/temp_frames/video5/frame_00012.png,"[23, 43, 494, 247]",LEFT_WRIST,0.3450833468754311,1.2654438650808955,0.6837087273597717,0.6837681978940964,0.38755692169070244,0.42042703816457017
00012,/Users/nikko/Downloads/moi-main/project_root/data/temp_frames/video5/frame_00012.png,"[23, 43, 494, 247]",RIGHT_WRIST,0.4324124293902251,1.2607834048586999,0.9770719408988953,0.6837681978940964,0.38755692169070244,0.42042703816457017
00012,/Users/nikko/Downloads/moi-main/project_root/data/temp_frames/video5/frame_00012.png,"[23, 43, 494, 247]",RIGHT_KNEE,-0.8193438325137162,1.1420731624198661,0.8454984426498413,0.6837681978940964,0.38755692169070244,0.42042703816457017
00012,/Users/nikko/Downloads/moi-main/project_root/data/temp_frames/video5/frame_00012.png,"[23, 43, 494, 247]",RIGHT_ANKLE,-1.402978541463219,0.8148268540858087,0.9549716114997864,0.6837681978940964,0.38755692169070244,0.42042703816457017
00012,/Users/nikko/Downloads/moi-main/project_root/data/temp_frames/video5/frame_00012.png,"[23, 43, 494, 247]",LEFT_EYE,0.49812232410155594,-0.013318837332782274,0.9985781908035278,0.6837681978940964,0.38755692169070244,0.42042703816457017
00012,/Users/nikko/Downloads/moi-main/project_root/data/temp_frames/video5/frame_00012.png,"[23, 43, 494, 247]",RIGHT_EYE,0.5031165148431153,-0.05503564845412139,0.9991482496261597,0.6837681978940964,0.38755692169070244,0.42042703816457017
00013,/Users/nikko/Downloads/moi-main/project_root/data/temp_frames/video5/frame_00013.png,"[23, 42, 493, 248]",LEFT_SHOULDER,0.3026687624327736,-0.26207128793593226,0.9999803304672241,0.686734601855278,0.38559937477111816,0.4139370649479783
00013,/Users/nikko/Downloads/moi-main/project_root/data/temp_frames/video5/frame_00013.png,"[23, 42, 493, 248]",RIGHT_SHOULDER,0.2994998763178351,-0.5341129683800442,0.9998874664306641,0.686734601855278,0.38559937477111816,0.4139370649479783
00013,/Users/nikko/Downloads/moi-main/project_root/data/temp_frames/video5/frame_00013.png,"[23, 42, 493, 248]",LEFT_HIP,-0.3117541649803765,0.37150643072530387,0.9994990825653076,0.686734601855278,0.38559937477111816,0.4139370649479783
00013,/Users/nikko/Downloads/moi-main/project_root/data/temp_frames/video5/frame_00013.png,"[23, 42, 493, 248]",RIGHT_HIP,-0.2904144737702321,0.4246778255906726,0.9996457099914551,0.686734601855278,0.38559937477111816,0.4139370649479783
00013,/Users/nikko/Downloads/moi-main/project_root/data/temp_frames/video5/frame_00013.png,"[23, 42, 493, 248]",LEFT_ELBOW,0.2826653398256477,0.5194582920437615,0.5087125897407532,0.686734601855278,0.38559937477111816,0.4139370649479783
00013,/Users/nikko/Downloads/moi-main/project_root/data/temp_frames/video5/frame_00013.png,"[23, 42, 493, 248]",RIGHT_ELBOW,0.3572662784451569,0.47484362406048036,0.9865293502807617,0.686734601855278,0.38559937477111816,0.4139370649479783
00013,/Users/nikko/Downloads/moi-main/project_root/data/temp_frames/video5/frame_00013.png,"[23, 42, 493, 248]",LEFT_WRIST,0.34820485097539905,1.2774956796050974,0.7516055703163147,0.686734601855278,0.38559937477111816,0.4139370649479783
00013,/Users/nikko/Downloads/moi-main/project_root/data/temp_frames/video5/frame_00013.png,"[23, 42, 493, 248]",RIGHT_WRIST,0.44212855038237153,1.2689205214319335,0.9885779619216919,0.686734601855278,0.38559937477111816,0.4139370649479783
00013,/Users/nikko/Downloads/moi-main/project_root/data/temp_frames/video5/frame_00013.png,"[23, 42, 493, 248]",RIGHT_KNEE,-0.8256338955926895,1.1785403817288063,0.9068714380264282,0.686734601855278,0.38559937477111816,0.4139370649479783
00013,/Users/nikko/Downloads/moi-main/project_root/data/temp_frames/video5/frame_00013.png,"[23, 42, 493, 248]",RIGHT_ANKLE,-1.4400098088141493,0.8250622015817914,0.969645082950592,0.686734601855278,0.38559937477111816,0.4139370649479783
00013,/Users/nikko/Downloads/moi-main/project_root/data/temp_frames/video5/frame_00013.png,"[23, 42, 493, 248]",LEFT_EYE,0.5065034343272508,-0.006234168214804494,0.9989351630210876,0.686734601855278,0.38559937477111816,0.4139370649479783
00013,/Users/nikko/Downloads/moi-main/project_root/data/temp_frames/video5/frame_00013.png,"[23, 42, 493, 248]",RIGHT_EYE,0.5120699722211614,-0.04458133326543644,0.9994333386421204,0.686734601855278,0.38559937477111816,0.4139370649479783
00014,/Users/nikko/Downloads/moi-main/project_root/data/temp_frames/video5/frame_00014.png,"[23, 43, 494, 248]",LEFT_SHOULDER,0.30705542209072323,-0.25847738398693704,0.9999778270721436,0.686905562877655,0.38319263607263565,0.413111808811233
00014,/Users/nikko/Downloads/moi-main/project_root/data/temp_frames/video5/frame_00014.png,"[23, 43, 494, 248]",RIGHT_SHOULDER,0.29609834984784034,-0.536161079864339,0.9998875856399536,0.686905562877655,0.38319263607263565,0.413111808811233
00014,/Users/nikko/Downloads/moi-main/project_root/data/temp_frames/video5/frame_00014.png,"[23, 43, 494, 248]",LEFT_HIP,-0.30864165964356954,0.374129344994696,0.9994016885757446,0.686905562877655,0.38319263607263565,0.413111808811233
00014,/Users/nikko/Downloads/moi-main/project_root/data/temp_frames/video5/frame_00014.png,"[23, 43, 494, 248]",RIGHT_HIP,-0.294512112294994,0.4205091188565801,0.9995648264884949,0.686905562877655,0.38319263607263565,0.413111808811233
00014,/Users/nikko/Downloads/moi-main/project_root/data/temp_frames/video5/frame_00014.png,"[23, 43, 494, 248]",LEFT_ELBOW,0.28321121577628494,0.5183501383261818,0.512003481388092,0.686905562877655,0.38319263607263565,0.413111808811233
00014,/Users/nikko/Downloads/moi-main/project_root/data/temp_frames/video5/frame_00014.png,"[23, 43, 494, 248]",RIGHT_ELBOW,0.3452229466318045,0.4761874420697727,0.9866920113563538,0.686905562877655,0.38319263607263565,0.413111808811233
00014,/Users/nikko/Downloads/moi-main/project_root/data/temp_frames/video5/frame_00014.png,"[23, 43, 494, 248]",LEFT_WRIST,0.35265996815822465,1.2753324495161906,0.7573315501213074,0.686905562877655,0.38319263607263565,0.413111808811233
00014,/Users/nikko/Downloads/moi-main/project_root/data/temp_frames/video5/frame_00014.png,"[23, 43, 494, 248]",RIGHT_WRIST,0.43752338867127594,1.2745163898837641,0.989506185054779,0.686905562877655,0.38319263607263565,0.413111808811233
00014,/Users/nikko/Downloads/moi-main/project_root/data/temp_frames/video5/frame_00014.png,"[23, 43, 494, 248]",RIGHT_KNEE,-0.8383929164513625,1.177394039620159,0.8610217571258545,0.686905562877655,0.38319263607263565,0.413111808811233
00014,/Users/nikko/Downloads/moi-main/project_root/data/temp_frames/video5/frame_00014.png,"[23, 43, 494, 248]",RIGHT_ANKLE,-1.4472096711578675,0.8301338295495525,0.9449021816253662,0.686905562877655,0.38319263607263565,0.413111808811233
00014,/Users/nikko/Downloads/moi-main/project_root/data/temp_frames/video5/frame_00014.png,"[23, 43, 494, 248]",LEFT_EYE,0.4995416122218908,-0.006312793335399206,0.9990133047103882,0.686905562877655,0.38319263607263565,0.413111808811233
00014,/Users/nikko/Downloads/moi-main/project_root/data/temp_frames/video5/frame_00014.png,"[23, 43, 494, 248]",RIGHT_EYE,0.5043062404470722,-0.04964677178700623,0.9994725584983826,0.686905562877655,0.38319263607263565,0.413111808811233
00015,/Users/nikko/Downloads/moi-main/project_root/data/temp_frames/video5/frame_00015.png,"[22, 43, 494, 246]",LEFT_SHOULDER,0.2914507684825535,-0.28546371209710913,0.9999731779098511,0.6814949363470078,0.3900042995810509,0.4220309089719425
00015,/Users/nikko/Downloads/moi-main/project_root/data/temp_frames/video5/frame_00015.png,"[22, 43, 494, 246]",RIGHT_SHOULDER,0.30906039132255664,-0.513877757806125,0.9998456239700317,0.6814949363470078,0.3900042995810509,0.4220309089719425
00015,/Users/nikko/Downloads/moi-main/project_root/data/temp_frames/video5/frame_00015.png,"[22, 43, 494, 246]",LEFT_HIP,-0.31320324628969165,0.3492522175419973,0.9993002414703369,0.6814949363470078,0.3900042995810509,0.4220309089719425
00015,/Users/nikko/Downloads/moi-main/project_root/data/temp_frames/video5/frame_00015.png,"[22, 43, 494, 246]",RIGHT_HIP,-0.2873079135154185,0.4500892523612368,0.9995332956314087,0.6814949363470078,0.3900042995810509,0.4220309089719425
00015,/Users/nikko/Downloads/moi-main/project_root/data/temp_frames/video5/frame_00015.png,"[22, 43, 494, 246]",RIGHT_ELBOW,0.3666699931555875,0.46114919994595543,0.9856318235397339,0.6814949363470078,0.3900042995810509,0.4220309089719425
00015,/Users/nikko/Downloads/moi-main/project_root/data/temp_frames/video5/frame_00015.png,"[22, 43, 494, 246]",LEFT_WRIST,0.3484371095737716,1.270004081984546,0.6682653427124023,0.6814949363470078,0.3900042995810509,0.4220309089719425
00015,/Users/nikko/Downloads/moi-main/project_root/data/temp_frames/video5/frame_00015.png,"[22, 43, 494, 246]",RIGHT_WRIST,0.4568812302927444,1.2293510421099993,0.9873972535133362,0.6814949363470078,0.3900042995810509,0.4220309089719425
00015,/Users/nikko/Downloads/moi-main/project_root/data/temp_frames/video5/frame_00015.png,"[22, 43, 494, 246]",RIGHT_KNEE,-0.8063410425283452,1.1739133196532652,0.9105082154273987,0.6814949363470078,0.3900042995810509,0.4220309089719425
00015,/Users/nikko/Downloads/moi-main/project_root/data/temp_frames/video5/frame_00015.png,"[22, 43, 494, 246]",RIGHT_ANKLE,-1.384625799911147,0.822088492064837,0.9751845598220825,0.6814949363470078,0.3900042995810509,0.4220309089719425
00015,/Users/nikko/Downloads/moi-main/project_root/data/temp_frames/video5/frame_00015.png,"[22, 43, 494, 246]",LEFT_EYE,0.51231838781792,-0.026251645700627324,0.9987366795539856,0.6814949363470078,0.3900042995810509,0.4220309089719425
00015,/Users/nikko/Downloads/moi-main/project_root/data/temp_frames/video5/frame_00015.png,"[22, 43, 494, 246]",RIGHT_EYE,0.5160506081585379,-0.055214203754828,0.9993168115615845,0.6814949363470078,0.3900042995810509,0.4220309089719425
00016,/Users/nikko/Downloads/moi-main/project_root/data/temp_frames/video5/frame_00016.png,"[22, 43, 494, 246]",LEFT_SHOULDER,0.2966238801048936,-0.27814312374926875,0.999972939491272,0.685778483748436,0.3844301849603653,0.4152367603850366
00016,/Users/nikko/Downloads/moi-main/project_root/data/temp_frames/video5/frame_00016.png,"[22, 43, 494, 246]",RIGHT_SHOULDER,0.3063748075416596,-0.5192756787082136,0.9998373985290527,0.685778483748436,0.3844301849603653,0.4152367603850366
00016,/Users/nikko/Downloads/moi-main/project_root/data/temp_frames/video5/frame_00016.png,"[22, 43, 494, 246]",LEFT_HIP,-0.3155781873160151,0.3407930837320657,0.9989655017852783,0.685778483748436,0.3844301849603653,0.4152367603850366
00016,/Users/nikko/Downloads/moi-main/project_root/data/temp_frames/video5/frame_00016.png,"[22, 43, 494, 246]",RIGHT_HIP,-0.28742050033053806,0.45662571872541663,0.9992761015892029,0.685778483748436,0.3844301849603653,0.4152367603850366
00016,/Users/nikko/Downloads/moi-main/project_root/data/temp_frames/video5/frame_00016.png,"[22, 43, 494, 246]",RIGHT_ELBOW,0.35616181142834874,0.4933918683829133,0.9744195342063904,0.685778483748436,0.3844301849603653,0.4152367603850366
00016,/Users/nikko/Downloads/moi-main/project_root/data/temp_frames/video5/frame_00016.png,"[22, 43, 494, 246]",LEFT_WRIST,0.357551314999494,1.2810163214170314,0.5648340582847595,0.685778483748436,0.3844301849603653,0.4152367603850366
00016,/Users/nikko/Downloads/moi-main/project_root/data/temp_frames/video5/frame_00016.png,"[22, 43, 494, 246]",RIGHT_WRIST,0.4462682471419694,1.2623316611540913,0.9711223244667053,0.685778483748436,0.3844301849603653,0.4152367603850366
00016,/Users/nikko/Downloads/moi-main/project_root/data/temp_frames/video5/frame_00016.png,"[22, 43, 494, 246]",RIGHT_KNEE,-0.8231823590000629,1.1891751593958395,0.8725994825363159,0.685778483748436,0.3844301849603653,0.4152367603850366
00016,/Users/nikko/Downloads/moi-main/project_root/data/temp_frames/video5/frame_00016.png,"[22, 43, 494, 246]",RIGHT_ANKLE,-1.423788566956929,0.855074049745478,0.9646374583244324,0.685778483748436,0.3844301849603653,0.4152367603850366
00016,/Users/nikko/Downloads/moi-main/project_root/data/temp_frames/video5/frame_00016.png,"[22, 43, 494, 246]",LEFT_EYE,0.5120417192846961,-0.01222171024608728,0.999146580696106,0.685778483748436,0.3844301849603653,0.4152367603850366
00016,/Users/nikko/Downloads/moi-main/project_root/data/temp_frames/video5/frame_00016.png,"[22, 43, 494, 246]",RIGHT_EYE,0.5157754359571195,-0.04212043946445901,0.9995373487472534,0.685778483748436,0.3844301849603653,0.4152367603850366
00017,/Users/nikko/Downloads/moi-main/project_root/data/temp_frames/video5/frame_00017.png,"[22, 43, 494, 247]",LEFT_SHOULDER,0.3013200948123094,-0.24555566572729776,0.9999756813049316,0.6845545768737793,0.39437732473015785,0.42067311911681315
00017,/Users/nikko/Downloads/moi-main/project_root/data/temp_frames/video5/frame_00017.png,"[22, 43, 494, 247]",RIGHT_SHOULDER,0.2962283682024766,-0.550963586994656,0.9998192191123962,0.6845545768737793,0.39437732473015785,0.42067311911681315
00017,/Users/nikko/Downloads/moi-main/project_root/data/temp_frames/video5/frame_00017.png,"[22, 43, 494, 247]",LEFT_HIP,-0.2992967795855615,0.3953435303748635,0.9992098808288574,0.6845545768737793,0.39437732473015785,0.42067311911681315
00017,/Users/nikko/Downloads/moi-main/project_root/data/temp_frames/video5/frame_00017.png,"[22, 43, 494, 247]",RIGHT_HIP,-0.2982516834292245,0.40117572234709015,0.9993820190429688,0.6845545768737793,0.39437732473015785,0.42067311911681315
00017,/Users/nikko/Downloads/moi-main/project_root/data/temp_frames/video5/frame_00017.png,"[22, 43, 494, 247]",RIGHT_ELBOW,0.3520265280634804,0.43628335868347623,0.981168270111084,0.6845545768737793,0.39437732473015785,0.42067311911681315
00017,/Users/nikko/Downloads/moi-main/project_root/data/temp_frames/video5/frame_00017.png,"[22, 43, 494, 247]",LEFT_WRIST,0.3512874795885002,1.2764913606964334,0.6822203993797302,0.6845545768737793,0.39437732473015785,0.42067311911681315
00017,/Users/nikko/Downloads/moi-main/project_root/data/temp_frames/video5/frame_00017.png,"[22, 43, 494, 247]",RIGHT_WRIST,0.4328351594846983,1.2340044330208135,0.9780031442642212,0.6845545768737793,0.39437732473015785,0.42067311911681315
00017,/Users/nikko/Downloads/moi-main/project_root/data/temp_frames/video5/frame_00017.png,"[22, 43, 494, 247]",RIGHT_KNEE,-0.8182906665211968,1.140110562956695,0.8819489479064941,0.6845545768737793,0.39437732473015785,0.42067311911681315
00017,/Users/nikko/Downloads/moi-main/project_root/data/temp_frames/video5/frame_00017.png,"[22, 43, 494, 247]",RIGHT_ANKLE,-1.394001299139223,0.7977851796372605,0.9683223962783813,0.6845545768737793,0.39437732473015785,0.42067311911681315
00017,/Users/nikko/Downloads/moi-main/project_root/data/temp_frames/video5/frame_00017.png,"[22, 43, 494, 247]",LEFT_EYE,0.5079836090657114,-0.03176308245191951,0.9989674091339111,0.6845545768737793,0.39437732473015785,0.42067311911681315
00017,/Users/nikko/Downloads/moi-main/project_root/data/temp_frames/video5/frame_00017.png,"[22, 43, 494, 247]",RIGHT_EYE,0.5113219375011041,-0.06229289724341777,0.9993657469749451,0.6845545768737793,0.39437732473015785,0.42067311911681315
00018,/Users/nikko/Downloads/moi-main/project_root/data/temp_frames/video5/frame_00018.png,"[23, 43, 494, 247]",LEFT_SHOULDER,0.3030341200271802,-0.2436791012846196,0.9999709129333496,0.681944876909256,0.3946231044828892,0.4159148011112658
00018,/Users/nikko/Downloads/moi-main/project_root/data/temp_frames/video5/frame_00018.png,"[23, 43, 494, 247]",RIGHT_SHOULDER,0.3038410972105684,-0.5478494168106806,0.9998185038566589,0.681944876909256,0.3946231044828892,0.4159148011112658
00018,/Users/nikko/Downloads/moi-main/project_root/data/temp_frames/video5/frame_00018.png,"[23, 43, 494, 247]",LEFT_HIP,-0.3107052041458807,0.3713624069013799,0.9993942975997925,0.681944876909256,0.3946231044828892,0.4159148011112658
00018,/Users/nikko/Downloads/moi-main/project_root/data/temp_frames/video5/frame_00018.png,"[23, 43, 494, 247]",RIGHT_HIP,-0.2961700130918679,0.4201661111939202,0.9995424747467041,0.681944876909256,0.3946231044828892,0.4159148011112658
00018,/Users/nikko/Downloads/moi-main/project_root/data/temp_frames/video5/frame_00018.png,"[23, 43, 494, 247]",RIGHT_ELBOW,0.3692144177205701,0.44723416952174705,0.9812813401222229,0.681944876909256,0.3946231044828892,0.4159148011112658
00018,/Users/nikko/Downloads/moi-main/project_root/data/temp_frames/video5/frame_00018.png,"[23, 43, 494, 247]",LEFT_WRIST,0.3540834880497317,1.2786935301691955,0.6722870469093323,0.681944876909256,0.3946231044828892,0.4159148011112658
00018,/Users/nikko/Downloads/moi-main/project_root/data/temp_frames/video5/frame_00018.png,"[23, 43, 494, 247]",RIGHT_WRIST,0.4477756743563246,1.250028428024697,0.9787405133247375,0.681944876909256,0.3946231044828892,0.4159148011112658
00018,/Users/nikko/Downloads/moi-main/project_root/data/temp_frames/video5/frame_00018.png,"[23, 43, 494, 247]",RIGHT_KNEE,-0.8186553513329718,1.1629899699453337,0.8878481984138489,0.681944876909256,0.3946231044828892,0.4159148011112658
00018,/Users/nikko/Downloads/moi-main/project_root/data/temp_frames/video5/frame_00018.png,"[23, 43, 494, 247]",RIGHT_ANKLE,-1.4077713918874695,0.8059222713862282,0.9660557508468628,0.681944876909256,0.3946231044828892,0.4159148011112658
00018,/Users/nikko/Downloads/moi-main/project_root/data/temp_frames/video5/frame_00018.png,"[23, 43, 494, 247]",LEFT_EYE,0.5142817151038508,-0.03380104580181322,0.9985559582710266,0.681944876909256,0.3946231044828892,0.4159148011112658
00018,/Users/nikko/Downloads/moi-main/project_root/data/temp_frames/video5/frame_00018.png,"[23, 43, 494, 247]",RIGHT_EYE,0.5193940036961091,-0.0676798281843251,0.9991845488548279,0.681944876909256,0.3946231044828892,0.4159148011112658
00019,/Users/nikko/Downloads/moi-main/project_root/data/temp_frames/video5/frame_00019.png,"[22, 43, 494, 247]",LEFT_SHOULDER,0.2983767511077702,-0.258604725587783,0.9999759197235107,0.6849181205034256,0.3881685398519039,0.4099941982597689
00019,/Users/nikko/Downloads/moi-main/project_root/data/temp_frames/video5/frame_00019.png,"[22, 43, 494, 247]",RIGHT_SHOULDER,0.3011550937553917,-0.5398298520787143,0.9998587369918823,0.6849181205034256,0.3881685398519039,0.4099941982597689
00019,/Users/nikko/Downloads/moi-main/project_root/data/temp_frames/video5/frame_00019.png,"[22, 43, 494, 247]",LEFT_HIP,-0.30967249995430973,0.3654382771374976,0.9993895292282104,0.6849181205034256,0.3881685398519039,0.4099941982597689
00019,/Users/nikko/Downloads/moi-main/project_root/data/temp_frames/video5/frame_00019.png,"[22, 43, 494, 247]",RIGHT_HIP,-0.2898593449088521,0.4329963005289996,0.9995515942573547,0.6849181205034256,0.3881685398519039,0.4099941982597689
00019,/Users/nikko/Downloads/moi-main/project_root/data/temp_frames/video5/frame_00019.png,"[22, 43, 494, 247]",RIGHT_ELBOW,0.36245584929611263,0.4923198984114268,0.9836388826370239,0.6849181205034256,0.3881685398519039,0.4099941982597689
00019,/Users/nikko/Downloads/moi-main/project_root/data/temp_frames/video5/frame_00019.png,"[22, 43, 494, 247]",LEFT_WRIST,0.3508665070752404,1.3040166790362433,0.6783503890037537,0.6849181205034256,0.3881685398519039,0.4099941982597689
00019,/Users/nikko/Downloads/moi-main/project_root/data/temp_frames/video5/frame_00019.png,"[22, 43, 494, 247]",RIGHT_WRIST,0.4391433981747861,1.3235249738163006,0.9835430383682251,0.6849181205034256,0.3881685398519039,0.4099941982597689
00019,/Users/nikko/Downloads/moi-main/project_root/data/temp_frames/video5/frame_00019.png,"[22, 43, 494, 247]",RIGHT_KNEE,-0.8301115691095599,1.188464607282056,0.894818902015686,0.6849181205034256,0.3881685398519039,0.4099941982597689
00019,/Users/nikko/Downloads/moi-main/project_root/data/temp_frames/video5/frame_00019.png,"[22, 43, 494, 247]",RIGHT_ANKLE,-1.4295557502912546,0.8330114942324829,0.9690075516700745,0.6849181205034256,0.3881685398519039,0.4099941982597689
00019,/Users/nikko/Downloads/moi-main/project_root/data/temp_frames/video5/frame_00019.png,"[22, 43, 494, 247]",LEFT_EYE,0.5115669739565657,-0.02084250366510432,0.9989423155784607,0.6849181205034256,0.3881685398519039,0.4099941982597689
00019,/Users/nikko/Downloads/moi-main/project_root/data/temp_frames/video5/frame_00019.png,"[22, 43, 494, 247]",RIGHT_EYE,0.516791613068607,-0.055916553627037735,0.9994113445281982,0.6849181205034256,0.3881685398519039,0.4099941982597689
00020,/Users/nikko/Downloads/moi-main/project_root/data/temp_frames/video5/frame_00020.png,"[22, 44, 495, 246]",LEFT_SHOULDER,0.2941033959202741,-0.24969749101824626,0.9999703168869019,0.6817555874586105,0.3937409929931164,0.42038446601546514
00020,/Users/nikko/Downloads/moi-main/project_root/data/temp_frames/video5/frame_00020.png,"[22, 44, 495, 246]",RIGHT_SHOULDER,0.30121353999834183,-0.5511856705579209,0.9998389482498169,0.6817555874586105,0.3937409929931164,0.42038446601546514
00020,/Users/nikko/Downloads/moi-main/project_root/data/temp_frames/video5/frame_00020.png,"[22, 44, 495, 246]",LEFT_HIP,-0.30646749225639985,0.37413141047906334,0.9992857575416565,0.6817555874586105,0.3937409929931164,0.42038446601546514
00020,/Users/nikko/Downloads/moi-main/project_root/data/temp_frames/video5/frame_00020.png,"[22, 44, 495, 246]",RIGHT_HIP,-0.28884944366221604,0.42675175109710384,0.9995208978652954,0.6817555874586105,0.3937409929931164,0.42038446601546514
00020,/Users/nikko/Downloads/moi-main/project_root/data/temp_frames/video5/frame_00020.png,"[22, 44, 495, 246]",RIGHT_ELBOW,0.35938210978101565,0.44183424010550815,0.9851320385932922,0.6817555874586105,0.3937409929931164,0.42038446601546514
00020,/Users/nikko/Downloads/moi-main/project_root/data/temp_frames/video5/frame_00020.png,"[22, 44, 495, 246]",LEFT_WRIST,0.34546680337676816,1.2771632367050656,0.6404682397842407,0.6817555874586105,0.3937409929931164,0.42038446601546514
00020,/Users/nikko/Downloads/moi-main/project_root/data/temp_frames/video5/frame_00020.png,"[22, 44, 495, 246]",RIGHT_WRIST,0.43754818132392775,1.2690764704480095,0.9863045811653137,0.6817555874586105,0.3937409929931164,0.42038446601546514
00020,/Users/nikko/Downloads/moi-main/project_root/data/temp_frames/video5/frame_00020.png,"[22, 44, 495, 246]",RIGHT_KNEE,-0.8072612821013393,1.1598007005661923,0.9098598957061768,0.6817555874586105,0.3937409929931164,0.42038446601546514
00020,/Users/nikko/Downloads/moi-main/project_root/data/temp_frames/video5/frame_00020.png,"[22, 44, 495, 246]",RIGHT_ANKLE,-1.3831352059790083,0.8117748365690677,0.9752891063690186,0.6817555874586105,0.3937409929931164,0.42038446601546514
00020,/Users/nikko/Downloads/moi-main/project_root/data/temp_frames/video5/frame_00020.png,"[22, 44, 495, 246]",LEFT_EYE,0.5153019390897641,-0.03736681334856025,0.9983685612678528,0.6817555874586105,0.3937409929931164,0.42038446601546514
00020,/Users/nikko/Downloads/moi-main/project_root/data/temp_frames/video5/frame_00020.png,"[22, 44, 495, 246]",RIGHT_EYE,0.5190241059658969,-0.06974897041936584,0.9991662502288818,0.6817555874586105,0.3937409929931164,0.42038446601546514
00021,/Users/nikko/Downloads/moi-main/project_root/data/temp_frames/video5/frame_00021.png,"[22, 44, 495, 245]",LEFT_SHOULDER,0.2831002030978812,-0.29889641858114974,0.9999828338623047,0.6840277016162872,0.3819047771394253,0.42510345341233235
00021,/Users/nikko/Downloads/moi-main/project_root/data/temp_frames/video5/frame_00021.png,"[22, 44, 495, 245]",RIGHT_SHOULDER,0.30303303460640374,-0.5113057156866336,0.9998974800109863,0.6840277016162872,0.3819047771394253,0.42510345341233235
00021,/Users/nikko/Downloads/moi-main/project_root/data/temp_frames/video5/frame_00021.png,"[22, 44, 495, 245]",LEFT_HIP,-0.30851084064018885,0.341704029251687,0.9994379878044128,0.6840277016162872,0.3819047771394253,0.42510345341233235
00021,/Users/nikko/Downloads/moi-main/project_root/data/temp_frames/video5/frame_00021.png,"[22, 44, 495, 245]",RIGHT_HIP,-0.2776223970640961,0.4684981050160963,0.9996224641799927,0.6840277016162872,0.3819047771394253,0.42510345341233235
00021,/Users/nikko/Downloads/moi-main/project_root/data/temp_frames/video5/frame_00021.png,"[22, 44, 495, 245]",RIGHT_ELBOW,0.34030799878843687,0.48622904582239296,0.9847831130027771,0.6840277016162872,0.3819047771394253,0.42510345341233235
00021,/Users/nikko/Downloads/moi-main/project_root/data/temp_frames/video5/frame_00021.png,"[22, 44, 495, 245]",LEFT_WRIST,0.34011015952577506,1.2565147427690977,0.6673749089241028,0.6840277016162872,0.3819047771394253,0.42510345341233235
00021,/Users/nikko/Downloads/moi-main/project_root/data/temp_frames/video5/frame_00021.png,"[22, 44, 495, 245]",RIGHT_WRIST,0.43876913657652217,1.272495135599255,0.9889497756958008,0.6840277016162872,0.3819047771394253,0.42510345341233235
00021,/Users/nikko/Downloads/moi-main/project_root/data/temp_frames/video5/frame_00021.png,"[22, 44, 495, 245]",RIGHT_KNEE,-0.7961547579257754,1.1879379897619804,0.8934262990951538,0.6840277016162872,0.3819047771394253,0.42510345341233235
00021,/Users/nikko/Downloads/moi-main/project_root/data/temp_frames/video5/frame_00021.png,"[22, 44, 495, 245]",RIGHT_ANKLE,-1.390144780239028,0.8326855551895779,0.9668830633163452,0.6840277016162872,0.3819047771394253,0.42510345341233235
00021,/Users/nikko/Downloads/moi-main/project_root/data/temp_frames/video5/frame_00021.png,"[22, 44, 495, 245]",LEFT_EYE,0.5026835570804291,0.00016496829020234697,0.9993000030517578,0.6840277016162872,0.3819047771394253,0.42510345341233235
00021,/Users/nikko/Downloads/moi-main/project_root/data/temp_frames/video5/frame_00021.png,"[22, 44, 495, 245]",RIGHT_EYE,0.5071366931414769,-0.03517156371160452,0.999626636505127,0.6840277016162872,0.3819047771394253,0.42510345341233235
00022,/Users/nikko/Downloads/moi-main/project_root/data/temp_frames/video5/frame_00022.png,"[21, 44, 495, 244]",LEFT_SHOULDER,0.2810500529307055,-0.31213720133717004,0.999975323677063,0.6844229847192764,0.3802790977060795,0.4284010664648257
00022,/Users/nikko/Downloads/moi-main/project_root/data/temp_frames/video5/frame_00022.png,"[21, 44, 495, 244]",RIGHT_SHOULDER,0.30110785641766336,-0.5008739556790324,0.9998469352722168,0.6844229847192764,0.3802790977060795,0.4284010664648257
00022,/Users/nikko/Downloads/moi-main/project_root/data/temp_frames/video5/frame_00022.png,"[21, 44, 495, 244]",LEFT_HIP,-0.3100321827715974,0.3350201835172035,0.9995194673538208,0.6844229847192764,0.3802790977060795,0.4284010664648257
00022,/Users/nikko/Downloads/moi-main/project_root/data/temp_frames/video5/frame_00022.png,"[21, 44, 495, 244]",RIGHT_HIP,-0.2721257265767715,0.4779909734989989,0.999663233757019,0.6844229847192764,0.3802790977060795,0.4284010664648257
00022,/Users/nikko/Downloads/moi-main/project_root/data/temp_frames/video5/frame_00022.png,"[21, 44, 495, 244]",RIGHT_ELBOW,0.34023172471206325,0.49191886358218195,0.9796271324157715,0.6844229847192764,0.3802790977060795,0.4284010664648257
00022,/Users/nikko/Downloads/moi-main/project_root/data/temp_frames/video5/frame_00022.png,"[21, 44, 495, 244]",LEFT_WRIST,0.34668053051952075,1.2624185640041086,0.5517072081565857,0.6844229847192764,0.3802790977060795,0.4284010664648257
00022,/Users/nikko/Downloads/moi-main/project_root/data/temp_frames/video5/frame_00022.png,"[21, 44, 495, 244]",RIGHT_WRIST,0.4381801108610087,1.27143590064245,0.9775635600090027,0.6844229847192764,0.3802790977060795,0.4284010664648257
00022,/Users/nikko/Downloads/moi-main/project_root/data/temp_frames/video5/frame_00022.png,"[21, 44, 495, 244]",RIGHT_KNEE,-0.7936837833973875,1.1849496928934133,0.9057050943374634,0.6844229847192764,0.3802790977060795,0.4284010664648257
00022,/Users/nikko/Downloads/moi-main/project_root/data/temp_frames/video5/frame_00022.png,"[21, 44, 495, 244]",RIGHT_ANKLE,-1.3772132640003392,0.8473642394705926,0.97206050157547,0.6844229847192764,0.3802790977060795,0.4284010664648257
00022,/Users/nikko/Downloads/moi-main/project_root/data/temp_frames/video5/frame_00022.png,"[21, 44, 495, 244]",LEFT_EYE,0.49632872151787083,0.004603409067919734,0.9989498257637024,0.6844229847192764,0.3802790977060795,0.4284010664648257
00022,/Users/nikko/Downloads/moi-main/project_root/data/temp_frames/video5/frame_00022.png,"[21, 44, 495, 244]",RIGHT_EYE,0.500435226445748,-0.024933999823189258,0.9994423985481262,0.6844229847192764,0.3802790977060795,0.4284010664648257
00023,/Users/nikko/Downloads/moi-main/project_root/data/temp_frames/video5/frame_00023.png,"[22, 44, 496, 243]",LEFT_SHOULDER,0.29203195294752704,-0.24718922900839785,0.9999736547470093,0.6825375109910965,0.39507531374692917,0.4218924089007884
00023,/Users/nikko/Downloads/moi-main/project_root/data/temp_frames/video5/frame_00023.png,"[22, 44, 496, 243]",RIGHT_SHOULDER,0.3030545603404691,-0.5544150240018376,0.9998089671134949,0.6825375109910965,0.39507531374692917,0.4218924089007884
00023,/Users/nikko/Downloads/moi-main/project_root/data/temp_frames/video5/frame_00023.png,"[22, 44, 496, 243]",LEFT_HIP,-0.3084481077787754,0.3651868274587468,0.9993643164634705,0.6825375109910965,0.39507531374692917,0.4218924089007884
00023,/Users/nikko/Downloads/moi-main/project_root/data/temp_frames/video5/frame_00023.png,"[22, 44, 496, 243]",RIGHT_HIP,-0.2866384055092208,0.43641742555148866,0.9995044469833374,0.6825375109910965,0.39507531374692917,0.4218924089007884
00023,/Users/nikko/Downloads/moi-main/project_root/data/temp_frames/video5/frame_00023.png,"[22, 44, 496, 243]",RIGHT_ELBOW,0.34132145906454364,0.4652882649333125,0.9732200503349304,0.6825375109910965,0.39507531374692917,0.4218924089007884
00023,/Users/nikko/Downloads/moi-main/project_root/data/temp_frames/video5/frame_00023.png,"[22, 44, 496, 243]",LEFT_WRIST,0.34688461224721323,1.2895812244113471,0.5316576957702637,0.6825375109910965,0.39507531374692917,0.4218924089007884
00023,/Users/nikko/Downloads/moi-main/project_root/data/temp_frames/video5/frame_00023.png,"[22, 44, 496, 243]",RIGHT_WRIST,0.4244966529614855,1.2704404285281046,0.9592959880828857,0.6825375109910965,0.39507531374692917,0.4218924089007884
00023,/Users/nikko/Downloads/moi-main/project_root/data/temp_frames/video5/frame_00023.png,"[22, 44, 496, 243]",RIGHT_KNEE,-0.8054887260975072,1.1888693192804765,0.8835999369621277,0.6825375109910965,0.39507531374692917,0.4218924089007884
00023,/Users/nikko/Downloads/moi-main/project_root/data/temp_frames/video5/frame_00023.png,"[22, 44, 496, 243]",RIGHT_ANKLE,-1.3903800339433017,0.82462653745651,0.9654509425163269,0.6825375109910965,0.39507531374692917,0.4218924089007884
00023,/Users/nikko/Downloads/moi-main/project_root/data/temp_frames/video5/frame_00023.png,"[22, 44, 496, 243]",LEFT_EYE,0.5117303759865618,-0.016815533622249662,0.9988670349121094,0.6825375109910965,0.39507531374692917,0.4218924089007884
00023,/Users/nikko/Downloads/moi-main/project_root/data/temp_frames/video5/frame_00023.png,"[22, 44, 496, 243]",RIGHT_EYE,0.5152718230452503,-0.05000499723872426,0.9993444085121155,0.6825375109910965,0.39507531374692917,0.4218924089007884
00024,/Users/nikko/Downloads/moi-main/project_root/data/temp_frames/video5/frame_00024.png,"[21, 43, 497, 246]",LEFT_SHOULDER,0.2987101267370064,-0.21697583518061186,0.9999815225601196,0.6852252781391144,0.3969435542821884,0.4088477617043875
00024,/Users/nikko/Downloads/moi-main/project_root/data/temp_frames/video5/frame_00024.png,"[21, 43, 497, 246]",RIGHT_SHOULDER,0.30365550971193567,-0.5738682716145398,0.9998986721038818,0.6852252781391144,0.3969435542821884,0.4088477617043875
00024,/Users/nikko/Downloads/moi-main/project_root/data/temp_frames/video5/frame_00024.png,"[21, 43, 497, 246]",LEFT_HIP,-0.30256385745923037,0.3987715072578729,0.9995241165161133,0.6852252781391144,0.3969435542821884,0.4088477617043875
00024,/Users/nikko/Downloads/moi-main/project_root/data/temp_frames/video5/frame_00024.png,"[21, 43, 497, 246]",RIGHT_HIP,-0.2998017789897118,0.3920725995372787,0.9996471405029297,0.6852252781391144,0.3969435542821884,0.4088477617043875
00024,/Users/nikko/Downloads/moi-main/project_root/data/temp_frames/video5/frame_00024.png,"[21, 43, 497, 246]",LEFT_ELBOW,0.2617576688255526,0.5613747722689083,0.5416502356529236,0.6852252781391144,0.3969435542821884,0.4088477617043875
00024,/Users/nikko/Downloads/moi-main/project_root/data/temp_frames/video5/frame_00024.png,"[21, 43, 497, 246]",RIGHT_ELBOW,0.3470056796236193,0.461063184993407,0.9889469742774963,0.6852252781391144,0.3969435542821884,0.4088477617043875
00024,/Users/nikko/Downloads/moi-main/project_root/data/temp_frames/video5/frame_00024.png,"[21, 43, 497, 246]",LEFT_WRIST,0.3458780180084115,1.2829564739464507,0.7810209393501282,0.6852252781391144,0.3969435542821884,0.4088477617043875
00024,/Users/nikko/Downloads/moi-main/project_root/data/temp_frames/video5/frame_00024.png,"[21, 43, 497, 246]",RIGHT_WRIST,0.4317806119548018,1.3007959786482126,0.9894562363624573,0.6852252781391144,0.3969435542821884,0.4088477617043875
00024,/Users/nikko/Downloads/moi-main/project_root/data/temp_frames/video5/frame_00024.png,"[21, 43, 497, 246]",RIGHT_KNEE,-0.8223084171300707,1.175260197406989,0.9169367551803589,0.6852252781391144,0.3969435542821884,0.4088477617043875
00024,/Users/nikko/Downloads/moi-main/project_root/data/temp_frames/video5/frame_00024.png,"[21, 43, 497, 246]",RIGHT_ANKLE,-1.440210070705676,0.8264630155521505,0.9790715575218201,0.6852252781391144,0.3969435542821884,0.4088477617043875
00024,/Users/nikko/Downloads/moi-main/project_root/data/temp_frames/video5/frame_00024.png,"[21, 43, 497, 246]",LEFT_EYE,0.5179682192764643,-0.025817218598593792,0.9993118047714233,0.6852252781391144,0.3969435542821884,0.4088477617043875
00024,/Users/nikko/Downloads/moi-main/project_root/data/temp_frames/video5/frame_00024.png,"[21, 43, 497, 246]",RIGHT_EYE,0.5219824613675755,-0.06932301601825856,0.9996212720870972,0.6852252781391144,0.3969435542821884,0.4088477617043875
00025,/Users/nikko/Downloads/moi-main/project_root/data/temp_frames/video5/frame_00025.png,"[21, 44, 497, 246]",LEFT_SHOULDER,0.2932970125427378,-0.23542584784334836,0.9999814033508301,0.6846077591180801,0.3923453874886036,0.41170092295405314
00025,/Users/nikko/Downloads/moi-main/project_root/data/temp_frames/video5/frame_00025.png,"[21, 44, 497, 246]",RIGHT_SHOULDER,0.3056190906305842,-0.5626484972650223,0.999901294708252,0.6846077591180801,0.3923453874886036,0.41170092295405314
00025,/Users/nikko/Downloads/moi-main/project_root/data/temp_frames/video5/frame_00025.png,"[21, 44, 497, 246]",LEFT_HIP,-0.31114369190178504,0.3686668137427522,0.9994903802871704,0.6846077591180801,0.3923453874886036,0.41170092295405314
00025,/Users/nikko/Downloads/moi-main/project_root/data/temp_frames/video5/frame_00025.png,"[21, 44, 497, 246]",RIGHT_HIP,-0.28777241127153697,0.4294075313656185,0.9996359348297119,0.6846077591180801,0.3923453874886036,0.41170092295405314
00025,/Users/nikko/Downloads/moi-main/project_root/data/temp_frames/video5/frame_00025.png,"[21, 44, 497, 246]",LEFT_ELBOW,0.2612786621100811,0.5567214352446298,0.5175413489341736,0.6846077591180801,0.3923453874886036,0.41170092295405314
00025,/Users/nikko/Downloads/moi-main/project_root/data/temp_frames/video5/frame_00025.png,"[21, 44, 497, 246]",RIGHT_ELBOW,0.34008807395197416,0.468015242305028,0.9881376624107361,0.6846077591180801,0.3923453874886036,0.41170092295405314
00025,/Users/nikko/Downloads/moi-main/project_root/data/temp_frames/video5/frame_00025.png,"[21, 44, 497, 246]",LEFT_WRIST,0.34076982678904183,1.280033687826408,0.732551634311676,0.6846077591180801,0.3923453874886036,0.41170092295405314
00025,/Users/nikko/Downloads/moi-main/project_root/data/temp_frames/video5/frame_00025.png,"[21, 44, 497, 246]",RIGHT_WRIST,0.4254030206704093,1.3202004975771113,0.987871527671814,0.6846077591180801,0.3923453874886036,0.41170092295405314
00025,/Users/nikko/Downloads/moi-main/project_root/data/temp_frames/video5/frame_00025.png,"[21, 44, 497, 246]",RIGHT_KNEE,-0.8205430705452901,1.1763069264336796,0.9224977493286133,0.6846077591180801,0.3923453874886036,0.41170092295405314
00025,/Users/nikko/Downloads/moi-main/project_root/data/temp_frames/video5/frame_00025.png,"[21, 44, 497, 246]",RIGHT_ANKLE,-1.4310617484804833,0.836034950052042,0.9808680415153503,0.6846077591180801,0.3923453874886036,0.41170092295405314
00025,/Users/nikko/Downloads/moi-main/project_root/data/temp_frames/video5/frame_00025.png,"[21, 44, 497, 246]",LEFT_EYE,0.516651200510252,-0.00886500377300716,0.999464213848114,0.6846077591180801,0.3923453874886036,0.41170092295405314
00025,/Users/nikko/Downloads/moi-main/project_root/data/temp_frames/video5/frame_00025.png,"[21, 44, 497, 246]",RIGHT_EYE,0.5211774949885031,-0.04291449700193508,0.9997045397758484,0.6846077591180801,0.3923453874886036,0.41170092295405314
00026,/Users/nikko/Downloads/moi-main/project_root/data/temp_frames/video5/frame_00026.png,"[21, 44, 498, 247]",LEFT_SHOULDER,0.29762832845243103,-0.2453013510226862,0.9999781847000122,0.6840959340333939,0.4009263478219509,0.41321608162471635
00026,/Users/nikko/Downloads/moi-main/project_root/data/temp_frames/video5/frame_00026.png,"[21, 44, 498, 247]",RIGHT_SHOULDER,0.30584975662207214,-0.5491476069330903,0.9998922348022461,0.6840959340333939,0.4009263478219509,0.41321608162471635
00026,/Users/nikko/Downloads/moi-main/project_root/data/temp_frames/video5/frame_00026.png,"[21, 44, 498, 247]",LEFT_HIP,-0.3097434530445791,0.3734874779798874,0.9992465972900391,0.6840959340333939,0.4009263478219509,0.41321608162471635
00026,/Users/nikko/Downloads/moi-main/project_root/data/temp_frames/video5/frame_00026.png,"[21, 44, 498, 247]",RIGHT_HIP,-0.29373463202992406,0.4209614799758891,0.9994369149208069,0.6840959340333939,0.4009263478219509,0.41321608162471635
00026,/Users/nikko/Downloads/moi-main/project_root/data/temp_frames/video5/frame_00026.png,"[21, 44, 498, 247]",RIGHT_ELBOW,0.32643909998087334,0.43153411312772455,0.9793741703033447,0.6840959340333939,0.4009263478219509,0.41321608162471635
00026,/Users/nikko/Downloads/moi-main/project_root/data/temp_frames/video5/frame_00026.png,"[21, 44, 498, 247]",LEFT_WRIST,0.3345526323636015,1.2465514807844469,0.6588541865348816,0.6840959340333939,0.4009263478219509,0.41321608162471635
00026,/Users/nikko/Downloads/moi-main/project_root/data/temp_frames/video5/frame_00026.png,"[21, 44, 498, 247]",RIGHT_WRIST,0.42422816736731234,1.284502958356857,0.9756593704223633,0.6840959340333939,0.4009263478219509,0.41321608162471635
00026,/Users/nikko/Downloads/moi-main/project_root/data/temp_frames/video5/frame_00026.png,"[21, 44, 498, 247]",RIGHT_KNEE,-0.8355313786963855,1.138417544213466,0.8072120547294617,0.6840959340333939,0.4009263478219509,0.41321608162471635
00026,/Users/nikko/Downloads/moi-main/project_root/data/temp_frames/video5/frame_00026.png,"[21, 44, 498, 247]",RIGHT_ANKLE,-1.4330465627183462,0.8093861686168712,0.9553237557411194,0.6840959340333939,0.4009263478219509,0.41321608162471635
00026,/Users/nikko/Downloads/moi-main/project_root/data/temp_frames/video5/frame_00026.png,"[21, 44, 498, 247]",LEFT_EYE,0.5236852920797694,-0.028175071693666728,0.9995265007019043,0.6840959340333939,0.4009263478219509,0.41321608162471635
00026,/Users/nikko/Downloads/moi-main/project_root/data/temp_frames/video5/frame_00026.png,"[21, 44, 498, 247]",RIGHT_EYE,0.5276096407144676,-0.06473328000699612,0.9997155070304871,0.6840959340333939,0.4009263478219509,0.41321608162471635
00027,/Users/nikko/Downloads/moi-main/project_root/data/temp_frames/video5/frame_00027.png,"[21, 47, 499, 248]",LEFT_SHOULDER,0.29883249239031057,-0.23189277800782346,0.9999622106552124,0.6817103177309036,0.40011637657880783,0.40577488674557805
00027,/Users/nikko/Downloads/moi-main/project_root/data/temp_frames/video5/frame_00027.png,"[21, 47, 499, 248]",RIGHT_SHOULDER,0.31236599314767577,-0.5542042776776329,0.9997857213020325,0.6817103177309036,0.40011637657880783,0.40577488674557805
00027,/Users/nikko/Downloads/moi-main/project_root/data/temp_frames/video5/frame_00027.png,"[21, 47, 499, 248]",LEFT_HIP,-0.30801603900878705,0.392477269070677,0.999303936958313,0.6817103177309036,0.40011637657880783,0.40577488674557805
00027,/Users/nikko/Downloads/moi-main/project_root/data/temp_frames/video5/frame_00027.png,"[21, 47, 499, 248]",RIGHT_HIP,-0.3031824465291993,0.39361978661477937,0.9993859529495239,0.6817103177309036,0.40011637657880783,0.40577488674557805
00027,/Users/nikko/Downloads/moi-main/project_root/data/temp_frames/video5/frame_00027.png,"[21, 47, 499, 248]",RIGHT_ELBOW,0.32805732146005057,0.455799739564298,0.940638542175293,0.6817103177309036,0.40011637657880783,0.40577488674557805
00027,/Users/nikko/Downloads/moi-main/project_root/data/temp_frames/video5/frame_00027.png,"[21, 47, 499, 248]",LEFT_WRIST,0.35157470399133606,1.2910749558348447,0.5135836601257324,0.6817103177309036,0.40011637657880783,0.40577488674557805
00027,/Users/nikko/Downloads/moi-main/project_root/data/temp_frames/video5/frame_00027.png,"[21, 47, 499, 248]",RIGHT_WRIST,0.41880932024891687,1.305192641764863,0.9059739112854004,0.6817103177309036,0.40011637657880783,0.40577488674557805
00027,/Users/nikko/Downloads/moi-main/project_root/data/temp_frames/video5/frame_00027.png,"[21, 47, 499, 248]",RIGHT_KNEE,-0.8348196708175193,1.158201693121261,0.6581334471702576,0.6817103177309036,0.40011637657880783,0.40577488674557805
00027,/Users/nikko/Downloads/moi-main/project_root/data/temp_frames/video5/frame_00027.png,"[21, 47, 499, 248]",RIGHT_ANKLE,-1.4530847661776947,0.7925171985866379,0.930889368057251,0.6817103177309036,0.40011637657880783,0.40577488674557805
00027,/Users/nikko/Downloads/moi-main/project_root/data/temp_frames/video5/frame_00027.png,"[21, 47, 499, 248]",LEFT_EYE,0.5330682723140376,-0.025922996700104235,0.9991482496261597,0.6817103177309036,0.40011637657880783,0.40577488674557805
00027,/Users/nikko/Downloads/moi-main/project_root/data/temp_frames/video5/frame_00027.png,"[21, 47, 499, 248]",RIGHT_EYE,0.5387767470889037,-0.07369853265170952,0.9994688630104065,0.6817103177309036,0.40011637657880783,0.40577488674557805
00028,/Users/nikko/Downloads/moi-main/project_root/data/temp_frames/video5/frame_00028.png,"[21, 48, 500, 247]",LEFT_SHOULDER,0.3135157636917188,-0.21673586029929717,0.9999600648880005,0.6812989562749863,0.405401524156332,0.40804452571248884
00028,/Users/nikko/Downloads/moi-main/project_root/data/temp_frames/video5/frame_00028.png,"[21, 48, 500, 247]",RIGHT_SHOULDER,0.3152774146162988,-0.5538526337947859,0.999724805355072,0.6812989562749863,0.405401524156332,0.40804452571248884
00028,/Users/nikko/Downloads/moi-main/project_root/data/temp_frames/video5/frame_00028.png,"[21, 48, 500, 247]",LEFT_HIP,-0.31673632743630237,0.3837292115573276,0.9993307590484619,0.6812989562749863,0.405401524156332,0.40804452571248884
00028,/Users/nikko/Downloads/moi-main/project_root/data/temp_frames/video5/frame_00028.png,"[21, 48, 500, 247]",RIGHT_HIP,-0.3120568508717153,0.38685928253675544,0.9993364214897156,0.6812989562749863,0.405401524156332,0.40804452571248884
00028,/Users/nikko/Downloads/moi-main/project_root/data/temp_frames/video5/frame_00028.png,"[21, 48, 500, 247]",RIGHT_ELBOW,0.32229918575598043,0.4661052358112326,0.9342008829116821,0.6812989562749863,0.405401524156332,0.40804452571248884
00028,/Users/nikko/Downloads/moi-main/project_root/data/temp_frames/video5/frame_00028.png,"[21, 48, 500, 247]",LEFT_WRIST,0.33980935322125844,1.2695010273803367,0.5459936857223511,0.6812989562749863,0.405401524156332,0.40804452571248884
00028,/Users/nikko/Downloads/moi-main/project_root/data/temp_frames/video5/frame_00028.png,"[21, 48, 500, 247]",RIGHT_WRIST,0.41915098488343044,1.3051578061814064,0.9004896879196167,0.6812989562749863,0.405401524156332,0.40804452571248884
00028,/Users/nikko/Downloads/moi-main/project_root/data/temp_frames/video5/frame_00028.png,"[21, 48, 500, 247]",RIGHT_KNEE,-0.842344673794717,1.1479665414096047,0.6165549159049988,0.6812989562749863,0.405401524156332,0.40804452571248884
00028,/Users/nikko/Downloads/moi-main/project_root/data/temp_frames/video5/frame_00028.png,"[21, 48, 500, 247]",RIGHT_ANKLE,-1.4538419202334152,0.7848116981092714,0.8726327419281006,0.6812989562749863,0.405401524156332,0.40804452571248884
00028,/Users/nikko/Downloads/moi-main/project_root/data/temp_frames/video5/frame_00028.png,"[21, 48, 500, 247]",LEFT_EYE,0.533751051891338,-0.015216725471534165,0.9986836314201355,0.6812989562749863,0.405401524156332,0.40804452571248884
00028,/Users/nikko/Downloads/moi-main/project_root/data/temp_frames/video5/frame_00028.png,"[21, 48, 500, 247]",RIGHT_EYE,0.5385494325896405,-0.06223366948028102,0.9991016387939453,0.6812989562749863,0.405401524156332,0.40804452571248884
00029,/Users/nikko/Downloads/moi-main/project_root/data/temp_frames/video5/frame_00029.png,"[20, 50, 500, 243]",LEFT_SHOULDER,0.31232238651908345,-0.22020057477683236,0.9998753070831299,0.6825882941484451,0.4146154597401619,0.40707717569053825
00029,/Users/nikko/Downloads/moi-main/project_root/data/temp_frames/video5/frame_00029.png,"[20, 50, 500, 243]",RIGHT_SHOULDER,0.3244176391648838,-0.5461415413599878,0.9993987083435059,0.6825882941484451,0.4146154597401619,0.40707717569053825
00029,/Users/nikko/Downloads/moi-main/project_root/data/temp_frames/video5/frame_00029.png,"[20, 50, 500, 243]",LEFT_HIP,-0.32405122062693115,0.3668750603098856,0.9991771578788757,0.6825882941484451,0.4146154597401619,0.40707717569053825
00029,/Users/nikko/Downloads/moi-main/project_root/data/temp_frames/video5/frame_00029.png,"[20, 50, 500, 243]",RIGHT_HIP,-0.31268880505703606,0.39946705582693454,0.9992461204528809,0.6825882941484451,0.4146154597401619,0.40707717569053825
00029,/Users/nikko/Downloads/moi-main/project_root/data/temp_frames/video5/frame_00029.png,"[20, 50, 500, 243]",RIGHT_ELBOW,0.317538927278979,0.46933959351589016,0.8957321047782898,0.6825882941484451,0.4146154597401619,0.40707717569053825
00029,/Users/nikko/Downloads/moi-main/project_root/data/temp_frames/video5/frame_00029.png,"[20, 50, 500, 243]",RIGHT_WRIST,0.42058182341202166,1.2977509234827196,0.791142463684082,0.6825882941484451,0.4146154597401619,0.40707717569053825
00029,/Users/nikko/Downloads/moi-main/project_root/data/temp_frames/video5/frame_00029.png,"[20, 50, 500, 243]",RIGHT_KNEE,-0.8312480537029572,1.175783699535001,0.6555569767951965,0.6825882941484451,0.4146154597401619,0.40707717569053825
00029,/Users/nikko/Downloads/moi-main/project_root/data/temp_frames/video5/frame_00029.png,"[20, 50, 500, 243]",RIGHT_ANKLE,-1.447076306207653,0.779482832983739,0.9248871207237244,0.6825882941484451,0.4146154597401619,0.40707717569053825
00029,/Users/nikko/Downloads/moi-main/project_root/data/temp_frames/video5/frame_00029.png,"[20, 50, 500, 243]",LEFT_EYE,0.5314302763241721,-0.0033761935865850574,0.9964446425437927,0.6825882941484451,0.4146154597401619,0.40707717569053825
00029,/Users/nikko/Downloads/moi-main/project_root/data/temp_frames/video5/frame_00029.png,"[20, 50, 500, 243]",RIGHT_EYE,0.5391779968105759,-0.055407992028344726,0.9978335499763489,0.6825882941484451,0.4146154597401619,0.40707717569053825
00030,/Users/nikko/Downloads/moi-main/project_root/data/temp_frames/video5/frame_00030.png,"[17, 47, 502, 246]",LEFT_SHOULDER,0.30609568840386625,-0.2218766572505679,0.9999454021453857,0.688989132642746,0.41477708891034126,0.4051727098968436
00030,/Users/nikko/Downloads/moi-main/project_root/data/temp_frames/video5/frame_00030.png,"[17, 47, 502, 246]",RIGHT_SHOULDER,0.3126975092527241,-0.5564403719004574,0.999772846698761,0.688989132642746,0.41477708891034126,0.4051727098968436
00030,/Users/nikko/Downloads/moi-main/project_root/data/temp_frames/video5/frame_00030.png,"[17, 47, 502, 246]",LEFT_HIP,-0.3088408937175133,0.39466496010871666,0.9994066953659058,0.688989132642746,0.41477708891034126,0.4051727098968436
00030,/Users/nikko/Downloads/moi-main/project_root/data/temp_frames/video5/frame_00030.png,"[17, 47, 502, 246]",RIGHT_HIP,-0.30995230393907713,0.3836520690423086,0.9994916915893555,0.688989132642746,0.41477708891034126,0.4051727098968436
00030,/Users/nikko/Downloads/moi-main/project_root/data/temp_frames/video5/frame_00030.png,"[17, 47, 502, 246]",RIGHT_ELBOW,0.292873363834127,0.41475522612172927,0.9497469663619995,0.688989132642746,0.41477708891034126,0.4051727098968436
00030,/Users/nikko/Downloads/moi-main/project_root/data/temp_frames/video5/frame_00030.png,"[17, 47, 502, 246]",RIGHT_WRIST,0.39974027446472554,1.2811344322725262,0.9212862253189087,0.688989132642746,0.41477708891034126,0.4051727098968436
00030,/Users/nikko/Downloads/moi-main/project_root/data/temp_frames/video5/frame_00030.png,"[17, 47, 502, 246]",RIGHT_KNEE,-0.8494278097469846,1.1400460902453013,0.745806872844696,0.688989132642746,0.41477708891034126,0.4051727098968436
00030,/Users/nikko/Downloads/moi-main/project_root/data/temp_frames/video5/frame_00030.png,"[17, 47, 502, 246]",RIGHT_ANKLE,-1.4539543728091362,0.7838546342576979,0.939372718334198,0.688989132642746,0.41477708891034126,0.4051727098968436
00030,/Users/nikko/Downloads/moi-main/project_root/data/temp_frames/video5/frame_00030.png,"[17, 47, 502, 246]",LEFT_EYE,0.5193135976005995,0.04801758309523741,0.9984656572341919,0.688989132642746,0.41477708891034126,0.4051727098968436
00030,/Users/nikko/Downloads/moi-main/project_root/data/temp_frames/video5/frame_00030.png,"[17, 47, 502, 246]",RIGHT_EYE,0.5251569232671432,-0.0011702998846108087,0.9990721940994263,0.688989132642746,0.41477708891034126,0.4051727098968436
00031,/Users/nikko/Downloads/moi-main/project_root/data/temp_frames/video5/frame_00031.png,"[19, 53, 501, 244]",LEFT_SHOULDER,0.3150823986005793,-0.22718028310025223,0.9999158382415771,0.6865732222795486,0.4115360341966152,0.3988629965871574
00031,/Users/nikko/Downloads/moi-main/project_root/data/temp_frames/video5/frame_00031.png,"[19, 53, 501, 244]",RIGHT_SHOULDER,0.3304298143300415,-0.5329592953270388,0.9995535016059875,0.6865732222795486,0.4115360341966152,0.3988629965871574
00031,/Users/nikko/Downloads/moi-main/project_root/data/temp_frames/video5/frame_00031.png,"[19, 53, 501, 244]",LEFT_HIP,-0.33050341175021597,0.35922714925661703,0.999427855014801,0.6865732222795486,0.4115360341966152,0.3988629965871574
00031,/Users/nikko/Downloads/moi-main/project_root/data/temp_frames/video5/frame_00031.png,"[19, 53, 501, 244]",RIGHT_HIP,-0.3150088011804048,0.400912429170674,0.9994490742683411,0.6865732222795486,0.4115360341966152,0.3988629965871574
00031,/Users/nikko/Downloads/moi-main/project_root/data/temp_frames/video5/frame_00031.png,"[19, 53, 501, 244]",RIGHT_ELBOW,0.29988501700280273,0.46319751491428024,0.8834591507911682,0.6865732222795486,0.4115360341966152,0.3988629965871574
00031,/Users/nikko/Downloads/moi-main/project_root/data/temp_frames/video5/frame_00031.png,"[19, 53, 501, 244]",RIGHT_WRIST,0.41748517656762246,1.294363292376566,0.7798138856887817,0.6865732222795486,0.4115360341966152,0.3988629965871574
00031,/Users/nikko/Downloads/moi-main/project_root/data/temp_frames/video5/frame_00031.png,"[19, 53, 501, 244]",RIGHT_KNEE,-0.8626140298210371,1.18709172751266,0.6644846200942993,0.6865732222795486,0.4115360341966152,0.3988629965871574
00031,/Users/nikko/Downloads/moi-main/project_root/data/temp_frames/video5/frame_00031.png,"[19, 53, 501, 244]",RIGHT_ANKLE,-1.4874360279084933,0.7846436993777743,0.9158952832221985,0.6865732222795486,0.4115360341966152,0.3988629965871574
00031,/Users/nikko/Downloads/moi-main/project_root/data/temp_frames/video5/frame_00031.png,"[19, 53, 501, 244]",LEFT_EYE,0.5476831223569083,0.03595978355522141,0.9978482723236084,0.6865732222795486,0.4115360341966152,0.3988629965871574
00031,/Users/nikko/Downloads/moi-main/project_root/data/temp_frames/video5/frame_00031.png,"[19, 53, 501, 244]",RIGHT_EYE,0.5555637996164449,-0.021128801296714548,0.9986565113067627,0.6865732222795486,0.4115360341966152,0.3988629965871574
00032,/Users/nikko/Downloads/moi-main/project_root/data/temp_frames/video5/frame_00032.png,"[20, 57, 502, 244]",LEFT_SHOULDER,0.3175908045622377,-0.19028163108120852,0.9999524354934692,0.684325322508812,0.4104358069598675,0.413300598349446
00032,/Users/nikko/Downloads/moi-main/project_root/data/temp_frames/video5/frame_00032.png,"[20, 57, 502, 244]",RIGHT_SHOULDER,0.3355243783743969,-0.5593685820870142,0.9996241331100464,0.684325322508812,0.4104358069598675,0.413300598349446
00032,/Users/nikko/Downloads/moi-main/project_root/data/temp_frames/video5/frame_00032.png,"[20, 57, 502, 244]",LEFT_HIP,-0.32953803571681345,0.3653950972201328,0.9993289709091187,0.684325322508812,0.4104358069598675,0.413300598349446
00032,/Users/nikko/Downloads/moi-main/project_root/data/temp_frames/video5/frame_00032.png,"[20, 57, 502, 244]",RIGHT_HIP,-0.32357714721982117,0.38425511594809003,0.9993172883987427,0.684325322508812,0.4104358069598675,0.413300598349446
00032,/Users/nikko/Downloads/moi-main/project_root/data/temp_frames/video5/frame_00032.png,"[20, 57, 502, 244]",RIGHT_ELBOW,0.3020463164404753,0.3860834890244423,0.9099583029747009,0.684325322508812,0.4104358069598675,0.413300598349446
00032,/Users/nikko/Downloads/moi-main/project_root/data/temp_frames/video5/frame_00032.png,"[20, 57, 502, 244]",RIGHT_WRIST,0.4166038838571108,1.2371307294755494,0.8141587972640991,0.684325322508812,0.4104358069598675,0.413300598349446
00032,/Users/nikko/Downloads/moi-main/project_root/data/temp_frames/video5/frame_00032.png,"[20, 57, 502, 244]",RIGHT_KNEE,-0.8350065404140222,1.1366759207561383,0.745199978351593,0.684325322508812,0.4104358069598675,0.413300598349446
00032,/Users/nikko/Downloads/moi-main/project_root/data/temp_frames/video5/frame_00032.png,"[20, 57, 502, 244]",RIGHT_ANKLE,-1.432727881526011,0.7444095674511055,0.928321361541748,0.684325322508812,0.4104358069598675,0.413300598349446
00032,/Users/nikko/Downloads/moi-main/project_root/data/temp_frames/video5/frame_00032.png,"[20, 57, 502, 244]",LEFT_EYE,0.5189699899720809,0.05141564675934688,0.9986146688461304,0.684325322508812,0.4104358069598675,0.413300598349446
00032,/Users/nikko/Downloads/moi-main/project_root/data/temp_frames/video5/frame_00032.png,"[20, 57, 502, 244]",RIGHT_EYE,0.52579934846953,-0.008520104244457188,0.9989677667617798,0.684325322508812,0.4104358069598675,0.413300598349446
00033,/Users/nikko/Downloads/moi-main/project_root/data/temp_frames/video5/frame_00033.png,"[21, 59, 504, 244]",LEFT_SHOULDER,0.32640170877124447,-0.14765642020274689,0.9999444484710693,0.6851646155118942,0.41223394498229027,0.4121543281117892
00033,/Users/nikko/Downloads/moi-main/project_root/data/temp_frames/video5/frame_00033.png,"[21, 59, 504, 244]",RIGHT_SHOULDER,0.3338494995538759,-0.5911086212349035,0.9997068047523499,0.6851646155118942,0.41223394498229027,0.4121543281117892
00033,/Users/nikko/Downloads/moi-main/project_root/data/temp_frames/video5/frame_00033.png,"[21, 59, 504, 244]",LEFT_HIP,-0.3345074359454406,0.3570358190087834,0.9995375871658325,0.6851646155118942,0.41223394498229027,0.4121543281117892
00033,/Users/nikko/Downloads/moi-main/project_root/data/temp_frames/video5/frame_00033.png,"[21, 59, 504, 244]",RIGHT_HIP,-0.3257437723796798,0.38172922242886703,0.9996071457862854,0.6851646155118942,0.41223394498229027,0.4121543281117892
00033,/Users/nikko/Downloads/moi-main/project_root/data/temp_frames/video5/frame_00033.png,"[21, 59, 504, 244]",RIGHT_ELBOW,0.2804836924109256,0.3821312585138324,0.9621096253395081,0.6851646155118942,0.41223394498229027,0.4121543281117892
00033,/Users/nikko/Downloads/moi-main/project_root/data/temp_frames/video5/frame_00033.png,"[21, 59, 504, 244]",RIGHT_WRIST,0.4066899057290881,1.2275978157624974,0.9102414846420288,0.6851646155118942,0.41223394498229027,0.4121543281117892
00033,/Users/nikko/Downloads/moi-main/project_root/data/temp_frames/video5/frame_00033.png,"[21, 59, 504, 244]",RIGHT_KNEE,-0.8400566772575121,1.1173446256834345,0.8449185490608215,0.6851646155118942,0.41223394498229027,0.4121543281117892
00033,/Users/nikko/Downloads/moi-main/project_root/data/temp_frames/video5/frame_00033.png,"[21, 59, 504, 244]",RIGHT_ANKLE,-1.4388813995534238,0.7598401110544649,0.9287739396095276,0.6851646155118942,0.41223394498229027,0.4121543281117892
00033,/Users/nikko/Downloads/moi-main/project_root/data/temp_frames/video5/frame_00033.png,"[21, 59, 504, 244]",LEFT_EYE,0.5136877604583057,0.08952209270256847,0.9980701804161072,0.6851646155118942,0.41223394498229027,0.4121543281117892
00033,/Users/nikko/Downloads/moi-main/project_root/data/temp_frames/video5/frame_00033.png,"[21, 59, 504, 244]",RIGHT_EYE,0.5256163735634429,0.022438611876385173,0.9989489912986755,0.6851646155118942,0.41223394498229027,0.4121543281117892
00034,/Users/nikko/Downloads/moi-main/project_root/data/temp_frames/video5/frame_00034.png,"[24, 63, 505, 243]",LEFT_SHOULDER,0.2975774536833216,-0.12923341084538761,0.9997013211250305,0.6864563077688217,0.4141790308058262,0.40065092625320997
00034,/Users/nikko/Downloads/moi-main/project_root/data/temp_frames/video5/frame_00034.png,"[24, 63, 505, 243]",RIGHT_SHOULDER,0.34381992895407626,-0.6185802020004387,0.9993854761123657,0.6864563077688217,0.4141790308058262,0.40065092625320997
00034,/Users/nikko/Downloads/moi-main/project_root/data/temp_frames/video5/frame_00034.png,"[24, 63, 505, 243]",LEFT_HIP,-0.32276152944111286,0.4146480081101049,0.9991087317466736,0.6864563077688217,0.4141790308058262,0.40065092625320997
00034,/Users/nikko/Downloads/moi-main/project_root/data/temp_frames/video5/frame_00034.png,"[24, 63, 505, 243]",RIGHT_HIP,-0.318635853196285,0.33316560473572143,0.9993433356285095,0.6864563077688217,0.4141790308058262,0.40065092625320997
00034,/Users/nikko/Downloads/moi-main/project_root/data/temp_frames/video5/frame_00034.png,"[24, 63, 505, 243]",RIGHT_ELBOW,0.28910324445723323,0.3658782362849317,0.828437089920044,0.6864563077688217,0.4141790308058262,0.40065092625320997
00034,/Users/nikko/Downloads/moi-main/project_root/data/temp_frames/video5/frame_00034.png,"[24, 63, 505, 243]",RIGHT_WRIST,0.40667147940878123,1.2814297956584297,0.7206323146820068,0.6864563077688217,0.4141790308058262,0.40065092625320997
00034,/Users/nikko/Downloads/moi-main/project_root/data/temp_frames/video5/frame_00034.png,"[24, 63, 505, 243]",RIGHT_ANKLE,-1.5052943990781962,0.745571070444998,0.7880973815917969,0.6864563077688217,0.4141790308058262,0.40065092625320997
00034,/Users/nikko/Downloads/moi-main/project_root/data/temp_frames/video5/frame_00034.png,"[24, 63, 505, 243]",LEFT_EYE,0.5373364900179513,0.08451364736946945,0.9866357445716858,0.6864563077688217,0.4141790308058262,0.40065092625320997
00034,/Users/nikko/Downloads/moi-main/project_root/data/temp_frames/video5/frame_00034.png,"[24, 63, 505, 243]",RIGHT_EYE,0.5487985862230214,0.018074445628086744,0.992836058139801,0.6864563077688217,0.4141790308058262,0.40065092625320997
00035,/Users/nikko/Downloads/moi-main/project_root/data/temp_frames/video5/frame_00035.png,"[22, 65, 508, 243]",LEFT_SHOULDER,0.30163674774294746,-0.12525443051113677,0.9997881054878235,0.6808638721704483,0.4189109317958355,0.4067592051787031
00035,/Users/nikko/Downloads/moi-main/project_root/data/temp_frames/video5/frame_00035.png,"[22, 65, 508, 243]",RIGHT_SHOULDER,0.34884578186809195,-0.6208285802449703,0.9995494484901428,0.6808638721704483,0.4189109317958355,0.4067592051787031
00035,/Users/nikko/Downloads/moi-main/project_root/data/temp_frames/video5/frame_00035.png,"[22, 65, 508, 243]",LEFT_HIP,-0.3318213660969967,0.37169858121041466,0.9990571141242981,0.6808638721704483,0.4189109317958355,0.4067592051787031
00035,/Users/nikko/Downloads/moi-main/project_root/data/temp_frames/video5/frame_00035.png,"[22, 65, 508, 243]",RIGHT_HIP,-0.3186611635140428,0.37438442954569245,0.9993502497673035,0.6808638721704483,0.4189109317958355,0.4067592051787031
00035,/Users/nikko/Downloads/moi-main/project_root/data/temp_frames/video5/frame_00035.png,"[22, 65, 508, 243]",RIGHT_ELBOW,0.28759572054635646,0.31774027061221877,0.9292470812797546,0.6808638721704483,0.4189109317958355,0.4067592051787031
00035,/Users/nikko/Downloads/moi-main/project_root/data/temp_frames/video5/frame_00035.png,"[22, 65, 508, 243]",RIGHT_WRIST,0.401594442294008,1.2237987290242764,0.8775022029876709,0.6808638721704483,0.4189109317958355,0.4067592051787031
00035,/Users/nikko/Downloads/moi-main/project_root/data/temp_frames/video5/frame_00035.png,"[22, 65, 508, 243]",RIGHT_KNEE,-0.8565273135821796,1.111125273922064,0.6203903555870056,0.6808638721704483,0.4189109317958355,0.4067592051787031
00035,/Users/nikko/Downloads/moi-main/project_root/data/temp_frames/video5/frame_00035.png,"[22, 65, 508, 243]",RIGHT_ANKLE,-1.4497229248079666,0.7301512640727178,0.8625874519348145,0.6808638721704483,0.4189109317958355,0.4067592051787031
00035,/Users/nikko/Downloads/moi-main/project_root/data/temp_frames/video5/frame_00035.png,"[22, 65, 508, 243]",LEFT_EYE,0.5294244990036616,0.10179551473898628,0.9939013719558716,0.6808638721704483,0.4189109317958355,0.4067592051787031
00035,/Users/nikko/Downloads/moi-main/project_root/data/temp_frames/video5/frame_00035.png,"[22, 65, 508, 243]",RIGHT_EYE,0.5381791131638906,0.035828990028990676,0.9969260096549988,0.6808638721704483,0.4189109317958355,0.4067592051787031
00036,/Users/nikko/Downloads/moi-main/project_root/data/temp_frames/video5/frame_00036.png,"[18, 67, 512, 242]",LEFT_SHOULDER,0.31540872660701524,-0.0949016919410875,0.9998216032981873,0.681897297501564,0.4317805655300617,0.3964874326011523
00036,/Users/nikko/Downloads/moi-main/project_root/data/temp_frames/video5/frame_00036.png,"[18, 67, 512, 242]",RIGHT_SHOULDER,0.336780638117304,-0.6405104020705941,0.9991637468338013,0.681897297501564,0.4317805655300617,0.3964874326011523
00036,/Users/nikko/Downloads/moi-main/project_root/data/temp_frames/video5/frame_00036.png,"[18, 67, 512, 242]",LEFT_HIP,-0.326788313000562,0.3781365139725229,0.9993910789489746,0.681897297501564,0.4317805655300617,0.3964874326011523
00036,/Users/nikko/Downloads/moi-main/project_root/data/temp_frames/video5/frame_00036.png,"[18, 67, 512, 242]",RIGHT_HIP,-0.3254010517237573,0.35727558003915866,0.9993501305580139,0.681897297501564,0.4317805655300617,0.3964874326011523
00036,/Users/nikko/Downloads/moi-main/project_root/data/temp_frames/video5/frame_00036.png,"[18, 67, 512, 242]",RIGHT_ELBOW,0.27318565272632195,0.3506972135229365,0.7315599918365479,0.681897297501564,0.4317805655300617,0.3964874326011523
00036,/Users/nikko/Downloads/moi-main/project_root/data/temp_frames/video5/frame_00036.png,"[18, 67, 512, 242]",RIGHT_WRIST,0.38227823791166887,1.2148259910717025,0.5521381497383118,0.681897297501564,0.4317805655300617,0.3964874326011523
00036,/Users/nikko/Downloads/moi-main/project_root/data/temp_frames/video5/frame_00036.png,"[18, 67, 512, 242]",RIGHT_ANKLE,-1.4789694246601766,0.7370451194926569,0.6252139806747437,0.681897297501564,0.4317805655300617,0.3964874326011523
00036,/Users/nikko/Downloads/moi-main/project_root/data/temp_frames/video5/frame_00036.png,"[18, 67, 512, 242]",LEFT_EYE,0.5385333468879792,0.10769640735734141,0.9926887154579163,0.681897297501564,0.4317805655300617,0.3964874326011523
00036,/Users/nikko/Downloads/moi-main/project_root/data/temp_frames/video5/frame_00036.png,"[18, 67, 512, 242]",RIGHT_EYE,0.5475556564662966,0.032714394151789415,0.9956104159355164,0.681897297501564,0.4317805655300617,0.3964874326011523
00037,/Users/nikko/Downloads/moi-main/project_root/data/temp_frames/video5/frame_00037.png,"[18, 70, 515, 242]",LEFT_SHOULDER,0.3075143932615226,-0.1201247001314262,0.9997919201850891,0.6776772886514664,0.4243253655731678,0.3903372485089471
00037,/Users/nikko/Downloads/moi-main/project_root/data/temp_frames/video5/frame_00037.png,"[18, 70, 515, 242]",RIGHT_SHOULDER,0.35130611261003936,-0.6206381680441676,0.99918133020401,0.6776772886514664,0.4243253655731678,0.3903372485089471
00037,/Users/nikko/Downloads/moi-main/project_root/data/temp_frames/video5/frame_00037.png,"[18, 70, 515, 242]",LEFT_HIP,-0.3370012176978434,0.34720182234903313,0.9993343949317932,0.6776772886514664,0.4243253655731678,0.3903372485089471
00037,/Users/nikko/Downloads/moi-main/project_root/data/temp_frames/video5/frame_00037.png,"[18, 70, 515, 242]",RIGHT_HIP,-0.3218192881737185,0.3935610458265607,0.9993834495544434,0.6776772886514664,0.4243253655731678,0.3903372485089471
00037,/Users/nikko/Downloads/moi-main/project_root/data/temp_frames/video5/frame_00037.png,"[18, 70, 515, 242]",RIGHT_ELBOW,0.27145114536402826,0.3770684889716817,0.717668354511261,0.6776772886514664,0.4243253655731678,0.3903372485089471
00037,/Users/nikko/Downloads/moi-main/project_root/data/temp_frames/video5/frame_00037.png,"[18, 70, 515, 242]",RIGHT_WRIST,0.39946368842058466,1.263412784749406,0.5098966956138611,0.6776772886514664,0.4243253655731678,0.3903372485089471
00037,/Users/nikko/Downloads/moi-main/project_root/data/temp_frames/video5/frame_00037.png,"[18, 70, 515, 242]",RIGHT_ANKLE,-1.4795189861794602,0.7251448740953006,0.5808504223823547,0.6776772886514664,0.4243253655731678,0.3903372485089471
00037,/Users/nikko/Downloads/moi-main/project_root/data/temp_frames/video5/frame_00037.png,"[18, 70, 515, 242]",LEFT_EYE,0.5423535237503218,0.15566737335818104,0.9922305941581726,0.6776772886514664,0.4243253655731678,0.3903372485089471
00037,/Users/nikko/Downloads/moi-main/project_root/data/temp_frames/video5/frame_00037.png,"[18, 70, 515, 242]",RIGHT_EYE,0.5512057172713686,0.09070428127129802,0.9955947995185852,0.6776772886514664,0.4243253655731678,0.3903372485089471
00038,/Users/nikko/Downloads/moi-main/project_root/data/temp_frames/video5/frame_00038.png,"[17, 74, 516, 242]",LEFT_SHOULDER,0.31165219736473004,-0.11021671465349896,0.9997373223304749,0.6798572391271591,0.42261017858982086,0.39053576279854973
00038,/Users/nikko/Downloads/moi-main/project_root/data/temp_frames/video5/frame_00038.png,"[17, 74, 516, 242]",RIGHT_SHOULDER,0.3441645075246127,-0.6207873020674393,0.9987146854400635,0.6798572391271591,0.42261017858982086,0.39053576279854973
00038,/Users/nikko/Downloads/moi-main/project_root/data/temp_frames/video5/frame_00038.png,"[17, 74, 516, 242]",LEFT_HIP,-0.32595897828252485,0.4011484268327165,0.9994564652442932,0.6798572391271591,0.42261017858982086,0.39053576279854973
00038,/Users/nikko/Downloads/moi-main/project_root/data/temp_frames/video5/frame_00038.png,"[17, 74, 516, 242]",RIGHT_HIP,-0.3298577266068179,0.32985558988822167,0.9994373917579651,0.6798572391271591,0.42261017858982086,0.39053576279854973
00038,/Users/nikko/Downloads/moi-main/project_root/data/temp_frames/video5/frame_00038.png,"[17, 74, 516, 242]",RIGHT_ELBOW,0.25788487896908024,0.40601434556730687,0.6077878475189209,0.6798572391271591,0.42261017858982086,0.39053576279854973
00038,/Users/nikko/Downloads/moi-main/project_root/data/temp_frames/video5/frame_00038.png,"[17, 74, 516, 242]",RIGHT_ANKLE,-1.4961246567884627,0.7231743548263413,0.5982919931411743,0.6798572391271591,0.42261017858982086,0.39053576279854973
00038,/Users/nikko/Downloads/moi-main/project_root/data/temp_frames/video5/frame_00038.png,"[17, 74, 516, 242]",LEFT_EYE,0.5423590459936687,0.1695948271486525,0.9839631915092468,0.6798572391271591,0.42261017858982086,0.39053576279854973
00038,/Users/nikko/Downloads/moi-main/project_root/data/temp_frames/video5/frame_00038.png,"[17, 74, 516, 242]",RIGHT_EYE,0.5526056800217783,0.11203132292132759,0.9901534914970398,0.6798572391271591,0.42261017858982086,0.39053576279854973
00039,/Users/nikko/Downloads/moi-main/project_root/data/temp_frames/video5/frame_00039.png,"[15, 77, 519, 243]",LEFT_SHOULDER,0.30287318818380266,-0.13347786864641864,0.999775230884552,0.6743824779987335,0.41261623427271843,0.3932213031186004
00039,/Users/nikko/Downloads/moi-main/project_root/data/temp_frames/video5/frame_00039.png,"[15, 77, 519, 243]",RIGHT_SHOULDER,0.36545209773892584,-0.6027853952429849,0.9994627833366394,0.6743824779987335,0.41261623427271843,0.3932213031186004
00039,/Users/nikko/Downloads/moi-main/project_root/data/temp_frames/video5/frame_00039.png,"[15, 77, 519, 243]",LEFT_HIP,-0.344198554272154,0.33438718091153025,0.9982571005821228,0.6743824779987335,0.41261623427271843,0.3932213031186004
00039,/Users/nikko/Downloads/moi-main/project_root/data/temp_frames/video5/frame_00039.png,"[15, 77, 519, 243]",RIGHT_HIP,-0.3241267316505745,0.40187608297787336,0.9986897110939026,0.6743824779987335,0.41261623427271843,0.3932213031186004
00039,/Users/nikko/Downloads/moi-main/project_root/data/temp_frames/video5/frame_00039.png,"[15, 77, 519, 243]",RIGHT_ELBOW,0.2629262943076343,0.3022192418909835,0.8734792470932007,0.6743824779987335,0.41261623427271843,0.3932213031186004
00039,/Users/nikko/Downloads/moi-main/project_root/data/temp_frames/video5/frame_00039.png,"[15, 77, 519, 243]",RIGHT_WRIST,0.39745693624261436,1.22498891313289,0.7605299353599548,0.6743824779987335,0.41261623427271843,0.3932213031186004
00039,/Users/nikko/Downloads/moi-main/project_root/data/temp_frames/video5/frame_00039.png,"[15, 77, 519, 243]",RIGHT_ANKLE,-1.4617224827606017,0.7263754750566039,0.7803550362586975,0.6743824779987335,0.41261623427271843,0.3932213031186004
00039,/Users/nikko/Downloads/moi-main/project_root/data/temp_frames/video5/frame_00039.png,"[15, 77, 519, 243]",LEFT_EYE,0.5447317008122207,0.20642891380039502,0.9962553977966309,0.6743824779987335,0.41261623427271843,0.3932213031186004
00039,/Users/nikko/Downloads/moi-main/project_root/data/temp_frames/video5/frame_00039.png,"[15, 77, 519, 243]",RIGHT_EYE,0.5554443428456067,0.14576378266125126,0.9979028701782227,0.6743824779987335,0.41261623427271843,0.3932213031186004
00040,/Users/nikko/Downloads/moi-main/project_root/data/temp_frames/video5/frame_00040.png,"[17, 78, 521, 242]",LEFT_SHOULDER,0.32304861343578173,-0.14633679782951148,0.9998593330383301,0.6739029437303543,0.41381990909576416,0.38244034712061825
00040,/Users/nikko/Downloads/moi-main/project_root/data/temp_frames/video5/frame_00040.png,"[17, 78, 521, 242]",RIGHT_SHOULDER,0.372215699044984,-0.5678799946397294,0.9995923638343811,0.6739029437303543,0.41381990909576416,0.38244034712061825
00040,/Users/nikko/Downloads/moi-main/project_root/data/temp_frames/video5/frame_00040.png,"[17, 78, 521, 242]",LEFT_HIP,-0.35519954223021394,0.2940086362502945,0.9989665746688843,0.6739029437303543,0.41381990909576416,0.38244034712061825
00040,/Users/nikko/Downloads/moi-main/project_root/data/temp_frames/video5/frame_00040.png,"[17, 78, 521, 242]",RIGHT_HIP,-0.34006477025055176,0.42020815621894636,0.9991917014122009,0.6739029437303543,0.41381990909576416,0.38244034712061825
00040,/Users/nikko/Downloads/moi-main/project_root/data/temp_frames/video5/frame_00040.png,"[17, 78, 521, 242]",RIGHT_ELBOW,0.25398449804784035,0.3574353767576752,0.8841853141784668,0.6739029437303543,0.41381990909576416,0.38244034712061825
00040,/Users/nikko/Downloads/moi-main/project_root/data/temp_frames/video5/frame_00040.png,"[17, 78, 521, 242]",RIGHT_WRIST,0.4060881070421818,1.295853113313533,0.7754228115081787,0.6739029437303543,0.41381990909576416,0.38244034712061825
00040,/Users/nikko/Downloads/moi-main/project_root/data/temp_frames/video5/frame_00040.png,"[17, 78, 521, 242]",RIGHT_KNEE,-0.8836363034122728,1.1555487009154317,0.5503057837486267,0.6739029437303543,0.41381990909576416,0.38244034712061825
00040,/Users/nikko/Downloads/moi-main/project_root/data/temp_frames/video5/frame_00040.png,"[17, 78, 521, 242]",RIGHT_ANKLE,-1.5120996093850536,0.7340267001734386,0.8015239834785461,0.6739029437303543,0.41381990909576416,0.38244034712061825
00040,/Users/nikko/Downloads/moi-main/project_root/data/temp_frames/video5/frame_00040.png,"[17, 78, 521, 242]",LEFT_EYE,0.5589669310611537,0.2705216782694368,0.9976300001144409,0.6739029437303543,0.41381990909576416,0.38244034712061825
00040,/Users/nikko/Downloads/moi-main/project_root/data/temp_frames/video5/frame_00040.png,"[17, 78, 521, 242]",RIGHT_EYE,0.5692459331760417,0.20119580702426448,0.9985241293907166,0.6739029437303543,0.41381990909576416,0.38244034712061825
00041,/Users/nikko/Downloads/moi-main/project_root/data/temp_frames/video5/frame_00041.png,"[16, 78, 523, 242]",LEFT_SHOULDER,0.3600540636884005,-0.07133654407238439,0.9998955726623535,0.6748187839984894,0.4260445348918438,0.35711519964535354
00041,/Users/nikko/Downloads/moi-main/project_root/data/temp_frames/video5/frame_00041.png,"[16, 78, 523, 242]",RIGHT_SHOULDER,0.39490869539132534,-0.5714897352315271,0.999624490737915,0.6748187839984894,0.4260445348918438,0.35711519964535354
00041,/Users/nikko/Downloads/moi-main/project_root/data/temp_frames/video5/frame_00041.png,"[16, 78, 523, 242]",LEFT_HIP,-0.38299979032765863,0.25947409839837404,0.9984625577926636,0.6748187839984894,0.4260445348918438,0.35711519964535354
00041,/Users/nikko/Downloads/moi-main/project_root/data/temp_frames/video5/frame_00041.png,"[16, 78, 523, 242]",RIGHT_HIP,-0.3719629687520672,0.38335218090553747,0.9987308382987976,0.6748187839984894,0.4260445348918438,0.35711519964535354
00041,/Users/nikko/Downloads/moi-main/project_root/data/temp_frames/video5/frame_00041.png,"[16, 78, 523, 242]",RIGHT_ELBOW,0.2643695640945742,0.33174870595957623,0.9215992093086243,0.6748187839984894,0.4260445348918438,0.35711519964535354
00041,/Users/nikko/Downloads/moi-main/project_root/data/temp_frames/video5/frame_00041.png,"[16, 78, 523, 242]",RIGHT_WRIST,0.41464398645295136,1.28459046314923,0.7655848264694214,0.6748187839984894,0.4260445348918438,0.35711519964535354
00041,/Users/nikko/Downloads/moi-main/project_root/data/temp_frames/video5/frame_00041.png,"[16, 78, 523, 242]",RIGHT_KNEE,-0.945583435526941,1.1796702238783423,0.7465758919715881,0.6748187839984894,0.4260445348918438,0.35711519964535354
00041,/Users/nikko/Downloads/moi-main/project_root/data/temp_frames/video5/frame_00041.png,"[16, 78, 523, 242]",RIGHT_ANKLE,-1.5899248034170732,0.7481661513795216,0.8386467099189758,0.6748187839984894,0.4260445348918438,0.35711519964535354
00041,/Users/nikko/Downloads/moi-main/project_root/data/temp_frames/video5/frame_00041.png,"[16, 78, 523, 242]",LEFT_EYE,0.5888874357119053,0.34974834224751905,0.9992903470993042,0.6748187839984894,0.4260445348918438,0.35711519964535354
00041,/Users/nikko/Downloads/moi-main/project_root/data/temp_frames/video5/frame_00041.png,"[16, 78, 523, 242]",RIGHT_EYE,0.5934267763100264,0.28271675068840457,0.9995937943458557,0.6748187839984894,0.4260445348918438,0.35711519964535354
00042,/Users/nikko/Downloads/moi-main/project_root/data/temp_frames/video5/frame_00042.png,"[17, 84, 522, 243]",LEFT_SHOULDER,0.3294565186655413,-0.09590688571565202,0.9992501139640808,0.678549200296402,0.42369551211595535,0.3868661117084312
00042,/Users/nikko/Downloads/moi-main/project_root/data/temp_frames/video5/frame_00042.png,"[17, 84, 522, 243]",RIGHT_SHOULDER,0.37730633950094533,-0.5993984832168752,0.9987315535545349,0.678549200296402,0.42369551211595535,0.3868661117084312
00042,/Users/nikko/Downloads/moi-main/project_root/data/temp_frames/video5/frame_00042.png,"[17, 84, 522, 243]",LEFT_HIP,-0.35831746185840346,0.3048256380822558,0.9958710074424744,0.678549200296402,0.42369551211595535,0.3868661117084312
00042,/Users/nikko/Downloads/moi-main/project_root/data/temp_frames/video5/frame_00042.png,"[17, 84, 522, 243]",RIGHT_HIP,-0.3484453963080832,0.3904797308502714,0.9970455765724182,0.678549200296402,0.42369551211595535,0.3868661117084312
00042,/Users/nikko/Downloads/moi-main/project_root/data/temp_frames/video5/frame_00042.png,"[17, 84, 522, 243]",RIGHT_ELBOW,0.23025839876685772,0.2532340617422856,0.8625017404556274,0.678549200296402,0.42369551211595535,0.3868661117084312
00042,/Users/nikko/Downloads/moi-main/project_root/data/temp_frames/video5/frame_00042.png,"[17, 84, 522, 243]",RIGHT_WRIST,0.3984680730226315,1.2299570455170978,0.6272611021995544,0.678549200296402,0.42369551211595535,0.3868661117084312
00042,/Users/nikko/Downloads/moi-main/project_root/data/temp_frames/video5/frame_00042.png,"[17, 84, 522, 243]",RIGHT_ANKLE,-1.4996021933024122,0.6522601009824822,0.5382729172706604,0.678549200296402,0.42369551211595535,0.3868661117084312
00042,/Users/nikko/Downloads/moi-main/project_root/data/temp_frames/video5/frame_00042.png,"[17, 84, 522, 243]",LEFT_EYE,0.5475725464288327,0.3162838591509615,0.9911036491394043,0.678549200296402,0.42369551211595535,0.3868661117084312
00042,/Users/nikko/Downloads/moi-main/project_root/data/temp_frames/video5/frame_00042.png,"[17, 84, 522, 243]",RIGHT_EYE,0.5553487913364529,0.25606433632924436,0.9959294199943542,0.678549200296402,0.42369551211595535,0.3868661117084312
00043,/Users/nikko/Downloads/moi-main/project_root/data/temp_frames/video5/frame_00043.png,"[18, 85, 522, 241]",LEFT_SHOULDER,0.3521711629691179,-0.13389336185280512,0.999757707118988,0.6803114265203476,0.42781517654657364,0.3381817033572855
00043,/Users/nikko/Downloads/moi-main/project_root/data/temp_frames/video5/frame_00043.png,"[18, 85, 522, 241]",RIGHT_SHOULDER,0.40873571767978695,-0.5147261370006507,0.9988774657249451,0.6803114265203476,0.42781517654657364,0.3381817033572855
00043,/Users/nikko/Downloads/moi-main/project_root/data/temp_frames/video5/frame_00043.png,"[18, 85, 522, 241]",LEFT_HIP,-0.3927255761906587,0.19167329493885504,0.9957455992698669,0.6803114265203476,0.42781517654657364,0.3381817033572855
00043,/Users/nikko/Downloads/moi-main/project_root/data/temp_frames/video5/frame_00043.png,"[18, 85, 522, 241]",RIGHT_HIP,-0.36818130445824615,0.4569462039146008,0.9961589574813843,0.6803114265203476,0.42781517654657364,0.3381817033572855
00043,/Users/nikko/Downloads/moi-main/project_root/data/temp_frames/video5/frame_00043.png,"[18, 85, 522, 241]",RIGHT_ELBOW,0.26806273175924417,0.5305562828162326,0.8743771314620972,0.6803114265203476,0.42781517654657364,0.3381817033572855
00043,/Users/nikko/Downloads/moi-main/project_root/data/temp_frames/video5/frame_00043.png,"[18, 85, 522, 241]",RIGHT_WRIST,0.4447239248671504,1.4236298666982543,0.5817932486534119,0.6803114265203476,0.42781517654657364,0.3381817033572855
00043,/Users/nikko/Downloads/moi-main/project_root/data/temp_frames/video5/frame_00043.png,"[18, 85, 522, 241]",RIGHT_KNEE,-1.003056139804309,1.2088647571591646,0.8609391450881958,0.6803114265203476,0.42781517654657364,0.3381817033572855
00043,/Users/nikko/Downloads/moi-main/project_root/data/temp_frames/video5/frame_00043.png,"[18, 85, 522, 241]",RIGHT_ANKLE,-1.627347361733608,0.7692688803906692,0.9072226285934448,0.6803114265203476,0.42781517654657364,0.3381817033572855
00043,/Users/nikko/Downloads/moi-main/project_root/data/temp_frames/video5/frame_00043.png,"[18, 85, 522, 241]",LEFT_EYE,0.6331575840889945,0.44663996449171073,0.999198853969574,0.6803114265203476,0.42781517654657364,0.3381817033572855
00043,/Users/nikko/Downloads/moi-main/project_root/data/temp_frames/video5/frame_00043.png,"[18, 85, 522, 241]",RIGHT_EYE,0.6349308388958982,0.3849022856544705,0.9995753169059753,0.6803114265203476,0.42781517654657364,0.3381817033572855
00044,/Users/nikko/Downloads/moi-main/project_root/data/temp_frames/video5/frame_00044.png,"[17, 89, 523, 240]",LEFT_SHOULDER,0.3538556860835204,-0.11261493622923555,0.999607264995575,0.6828934401273727,0.4465889371931553,0.375533589969272
00044,/Users/nikko/Downloads/moi-main/project_root/data/temp_frames/video5/frame_00044.png,"[17, 89, 523, 240]",RIGHT_SHOULDER,0.3787101076016501,-0.5625463820394291,0.9985615611076355,0.6828934401273727,0.4465889371931553,0.375533589969272
00044,/Users/nikko/Downloads/moi-main/project_root/data/temp_frames/video5/frame_00044.png,"[17, 89, 523, 240]",LEFT_HIP,-0.3763558950431854,0.2504470978528047,0.999243974685669,0.6828934401273727,0.4465889371931553,0.375533589969272
00044,/Users/nikko/Downloads/moi-main/project_root/data/temp_frames/video5/frame_00044.png,"[17, 89, 523, 240]",RIGHT_HIP,-0.3562098986419851,0.4247142204158599,0.99922776222229,0.6828934401273727,0.4465889371931553,0.375533589969272
00044,/Users/nikko/Downloads/moi-main/project_root/data/temp_frames/video5/frame_00044.png,"[17, 89, 523, 240]",RIGHT_ELBOW,0.21305496678204572,0.23008936913722774,0.801449716091156,0.6828934401273727,0.4465889371931553,0.375533589969272
00044,/Users/nikko/Downloads/moi-main/project_root/data/temp_frames/video5/frame_00044.png,"[17, 89, 523, 240]",LEFT_EYE,0.5640263556017495,0.4101154836754275,0.9937688112258911,0.6828934401273727,0.4465889371931553,0.375533589969272
00044,/Users/nikko/Downloads/moi-main/project_root/data/temp_frames/video5/frame_00044.png,"[17, 89, 523, 240]",RIGHT_EYE,0.5666860245612771,0.35126707402841006,0.9961724877357483,0.6828934401273727,0.4465889371931553,0.375533589969272
00045,/Users/nikko/Downloads/moi-main/project_root/data/temp_frames/video5/frame_00045.png,"[15, 92, 524, 241]",LEFT_SHOULDER,0.30392080285107104,0.10629484986526137,0.9990839958190918,0.7076869308948517,0.4606734700500965,0.34388790524687307
00045,/Users/nikko/Downloads/moi-main/project_root/data/temp_frames/video5/frame_00045.png,"[15, 92, 524, 241]",RIGHT_SHOULDER,0.34023169040106,-0.6568926433650447,0.9931038022041321,0.7076869308948517,0.4606734700500965,0.34388790524687307
00045,/Users/nikko/Downloads/moi-main/project_root/data/temp_frames/video5/frame_00045.png,"[15, 92, 524, 241]",LEFT_HIP,-0.28479568791257187,0.5198490715579248,0.9987537860870361,0.7076869308948517,0.4606734700500965,0.34388790524687307
00045,/Users/nikko/Downloads/moi-main/project_root/data/temp_frames/video5/frame_00045.png,"[15, 92, 524, 241]",RIGHT_HIP,-0.3593568053395591,0.030748721941858532,0.9976765513420105,0.7076869308948517,0.4606734700500965,0.34388790524687307
00045,/Users/nikko/Downloads/moi-main/project_root/data/temp_frames/video5/frame_00045.png,"[15, 92, 524, 241]",RIGHT_ELBOW,0.1797507228579952,0.2755361364326242,0.8699915409088135,0.7076869308948517,0.4606734700500965,0.34388790524687307
00045,/Users/nikko/Downloads/moi-main/project_root/data/temp_frames/video5/frame_00045.png,"[15, 92, 524, 241]",RIGHT_WRIST,0.34091650061949,1.2114638873975931,0.5295615792274475,0.7076869308948517,0.4606734700500965,0.34388790524687307
00045,/Users/nikko/Downloads/moi-main/project_root/data/temp_frames/video5/frame_00045.png,"[15, 92, 524, 241]",LEFT_KNEE,-0.8941021565762584,1.23944040406598,0.8983689546585083,0.7076869308948517,0.4606734700500965,0.34388790524687307
00045,/Users/nikko/Downloads/moi-main/project_root/data/temp_frames/video5/frame_00045.png,"[15, 92, 524, 241]",RIGHT_KNEE,-0.9437966554224774,0.8967118689163515,0.9725473523139954,0.7076869308948517,0.4606734700500965,0.34388790524687307
00045,/Users/nikko/Downloads/moi-main/project_root/data/temp_frames/video5/frame_00045.png,"[15, 92, 524, 241]",LEFT_EYE,0.5449616936069658,0.41788549249759,0.9780148863792419,0.7076869308948517,0.4606734700500965,0.34388790524687307
00045,/Users/nikko/Downloads/moi-main/project_root/data/temp_frames/video5/frame_00045.png,"[15, 92, 524, 241]",RIGHT_EYE,0.5477615985091473,0.3656969221155321,0.987575352191925,0.7076869308948517,0.4606734700500965,0.34388790524687307
00046,/Users/nikko/Downloads/moi-main/project_root/data/temp_frames/video5/frame_00046.png,"[15, 97, 524, 241]",LEFT_SHOULDER,0.32649015891092964,0.015957598986377827,0.9991508722305298,0.7037039548158646,0.4478238597512245,0.3495067505318882
00046,/Users/nikko/Downloads/moi-main/project_root/data/temp_frames/video5/frame_00046.png,"[15, 97, 524, 241]",RIGHT_SHOULDER,0.3557003047700215,-0.6307769719232702,0.9953680038452148,0.7037039548158646,0.4478238597512245,0.3495067505318882
00046,/Users/nikko/Downloads/moi-main/project_root/data/temp_frames/video5/frame_00046.png,"[15, 97, 524, 241]",LEFT_HIP,-0.3213871960051276,0.48237872620575095,0.9968159794807434,0.7037039548158646,0.4478238597512245,0.3495067505318882
00046,/Users/nikko/Downloads/moi-main/project_root/data/temp_frames/video5/frame_00046.png,"[15, 97, 524, 241]",RIGHT_HIP,-0.3608032676758235,0.13244064673114145,0.9952595829963684,0.7037039548158646,0.4478238597512245,0.3495067505318882
00046,/Users/nikko/Downloads/moi-main/project_root/data/temp_frames/video5/frame_00046.png,"[15, 97, 524, 241]",RIGHT_ELBOW,0.19385814574146676,0.237375283110137,0.6408857703208923,0.7037039548158646,0.4478238597512245,0.3495067505318882
00046,/Users/nikko/Downloads/moi-main/project_root/data/temp_frames/video5/frame_00046.png,"[15, 97, 524, 241]",LEFT_EYE,0.5557910232609633,0.46744408603364634,0.9898728132247925,0.7037039548158646,0.4478238597512245,0.3495067505318882
00046,/Users/nikko/Downloads/moi-main/project_root/data/temp_frames/video5/frame_00046.png,"[15, 97, 524, 241]",RIGHT_EYE,0.5566466190466901,0.4153163542719597,0.9929563999176025,0.7037039548158646,0.4478238597512245,0.3495067505318882
00047,/Users/nikko/Downloads/moi-main/project_root/data/temp_frames/video5/frame_00047.png,"[17, 99, 525, 242]",LEFT_SHOULDER,0.35631418591745445,0.0724433325865063,0.999701201915741,0.7146612703800201,0.4633760154247284,0.2912434145149475
00047,/Users/nikko/Downloads/moi-main/project_root/data/temp_frames/video5/frame_00047.png,"[17, 99, 525, 242]",RIGHT_SHOULDER,0.3375433634998596,-0.5729711731827436,0.9960505366325378,0.7146612703800201,0.4633760154247284,0.2912434145149475
00047,/Users/nikko/Downloads/moi-main/project_root/data/temp_frames/video5/frame_00047.png,"[17, 99, 525, 242]",LEFT_HIP,-0.3164253440750209,0.5064592764025363,0.9997001886367798,0.7146612703800201,0.4633760154247284,0.2912434145149475
00047,/Users/nikko/Downloads/moi-main/project_root/data/temp_frames/video5/frame_00047.png,"[17, 99, 525, 242]",RIGHT_HIP,-0.37743220534229316,-0.005931435806299059,0.9993273019790649,0.7146612703800201,0.4633760154247284,0.2912434145149475
00047,/Users/nikko/Downloads/moi-main/project_root/data/temp_frames/video5/frame_00047.png,"[17, 99, 525, 242]",RIGHT_ELBOW,0.12633820124773357,0.7283798053741036,0.7657091021537781,0.7146612703800201,0.4633760154247284,0.2912434145149475
00047,/Users/nikko/Downloads/moi-main/project_root/data/temp_frames/video5/frame_00047.png,"[17, 99, 525, 242]",RIGHT_WRIST,0.35528783723916274,1.4938126399364535,0.5075367093086243,0.7146612703800201,0.4633760154247284,0.2912434145149475
00047,/Users/nikko/Downloads/moi-main/project_root/data/temp_frames/video5/frame_00047.png,"[17, 99, 525, 242]",RIGHT_KNEE,-0.9931160606592089,0.683443538316773,0.5697605609893799,0.7146612703800201,0.4633760154247284,0.2912434145149475
00047,/Users/nikko/Downloads/moi-main/project_root/data/temp_frames/video5/frame_00047.png,"[17, 99, 525, 242]",LEFT_EYE,0.6155545128713165,0.5375880327363759,0.9973356127738953,0.7146612703800201,0.4633760154247284,0.2912434145149475
00047,/Users/nikko/Downloads/moi-main/project_root/data/temp_frames/video5/frame_00047.png,"[17, 99, 525, 242]",RIGHT_EYE,0.6167097946836708,0.48860367458101733,0.9981585144996643,0.7146612703800201,0.4633760154247284,0.2912434145149475
00048,/Users/nikko/Downloads/moi-main/project_root/data/temp_frames/video5/frame_00048.png,"[16, 99, 525, 242]",LEFT_SHOULDER,0.3937306860768371,-0.041522794991317016,0.999891996383667,0.7240611910820007,0.49571678787469864,0.2647815883273641
00048,/Users/nikko/Downloads/moi-main/project_root/data/temp_frames/video5/frame_00048.png,"[16, 99, 525, 242]",RIGHT_SHOULDER,0.3801109331112841,-0.49352928917837874,0.9986159801483154,0.7240611910820007,0.49571678787469864,0.2647815883273641
00048,/Users/nikko/Downloads/moi-main/project_root/data/temp_frames/video5/frame_00048.png,"[16, 99, 525, 242]",LEFT_HIP,-0.3691611946892152,0.4283121973693116,0.9998346567153931,0.7240611910820007,0.49571678787469864,0.2647815883273641
00048,/Users/nikko/Downloads/moi-main/project_root/data/temp_frames/video5/frame_00048.png,"[16, 99, 525, 242]",RIGHT_HIP,-0.40468042449890596,0.10673988680038417,0.9996718168258667,0.7240611910820007,0.49571678787469864,0.2647815883273641
00048,/Users/nikko/Downloads/moi-main/project_root/data/temp_frames/video5/frame_00048.png,"[16, 99, 525, 242]",RIGHT_ELBOW,0.18169695462459812,0.8836618937309417,0.678271472454071,0.7240611910820007,0.49571678787469864,0.2647815883273641
00048,/Users/nikko/Downloads/moi-main/project_root/data/temp_frames/video5/frame_00048.png,"[16, 99, 525, 242]",LEFT_EYE,0.6500617619263367,0.5699046826398105,0.9995545744895935,0.7240611910820007,0.49571678787469864,0.2647815883273641
00048,/Users/nikko/Downloads/moi-main/project_root/data/temp_frames/video5/frame_00048.png,"[16, 99, 525, 242]",RIGHT_EYE,0.6506078756842401,0.48420826863218414,0.9997120499610901,0.7240611910820007,0.49571678787469864,0.2647815883273641
00049,/Users/nikko/Downloads/moi-main/project_root/data/temp_frames/video5/frame_00049.png,"[16, 102, 528, 242]",LEFT_SHOULDER,0.4322870094419436,0.0639926672120028,0.9993637204170227,0.7041678577661514,0.4660572409629822,0.2644523362842347
00049,/Users/nikko/Downloads/moi-main/project_root/data/temp_frames/video5/frame_00049.png,"[16, 102, 528, 242]",RIGHT_SHOULDER,0.437966361192635,-0.47619036161288414,0.9947468638420105,0.7041678577661514,0.4660572409629822,0.2644523362842347
00049,/Users/nikko/Downloads/moi-main/project_root/data/temp_frames/video5/frame_00049.png,"[16, 102, 528, 242]",LEFT_HIP,-0.4321832178124018,0.2320086638467014,0.9987553358078003,0.7041678577661514,0.4660572409629822,0.2644523362842347
00049,/Users/nikko/Downloads/moi-main/project_root/data/temp_frames/video5/frame_00049.png,"[16, 102, 528, 242]",RIGHT_HIP,-0.43807015282217676,0.18018903055417995,0.9979177117347717,0.7041678577661514,0.4660572409629822,0.2644523362842347
00049,/Users/nikko/Downloads/moi-main/project_root/data/temp_frames/video5/frame_00049.png,"[16, 102, 528, 242]",RIGHT_ELBOW,0.17157595937238546,0.9639654918833517,0.7661342620849609,0.7041678577661514,0.4660572409629822,0.2644523362842347
00049,/Users/nikko/Downloads/moi-main/project_root/data/temp_frames/video5/frame_00049.png,"[16, 102, 528, 242]",LEFT_EYE,0.7149189418263181,0.7446187306737778,0.9913602471351624,0.7041678577661514,0.4660572409629822,0.2644523362842347
00049,/Users/nikko/Downloads/moi-main/project_root/data/temp_frames/video5/frame_00049.png,"[16, 102, 528, 242]",RIGHT_EYE,0.7198756964775287,0.6869874422938853,0.9940727353096008,0.7041678577661514,0.4660572409629822,0.2644523362842347
00050,/Users/nikko/Downloads/moi-main/project_root/data/temp_frames/video5/frame_00050.png,"[17, 104, 529, 243]",LEFT_SHOULDER,0.4252408977132257,-0.13385612531534347,0.9996269941329956,0.7043251544237137,0.4564666301012039,0.2611900955013008
00050,/Users/nikko/Downloads/moi-main/project_root/data/temp_frames/video5/frame_00050.png,"[17, 104, 529, 243]",RIGHT_SHOULDER,0.4454878480742537,-0.35643177737088194,0.9963659048080444,0.7043251544237137,0.4564666301012039,0.2611900955013008
00050,/Users/nikko/Downloads/moi-main/project_root/data/temp_frames/video5/frame_00050.png,"[17, 104, 529, 243]",LEFT_HIP,-0.4350740973072601,0.09570645097859534,0.9986950755119324,0.7043251544237137,0.4564666301012039,0.2611900955013008
00050,/Users/nikko/Downloads/moi-main/project_root/data/temp_frames/video5/frame_00050.png,"[17, 104, 529, 243]",RIGHT_HIP,-0.4356546484802193,0.39458145170763004,0.9978768825531006,0.7043251544237137,0.4564666301012039,0.2611900955013008
00050,/Users/nikko/Downloads/moi-main/project_root/data/temp_frames/video5/frame_00050.png,"[17, 104, 529, 243]",RIGHT_ELBOW,0.19569087264354507,1.082445135665879,0.6156330704689026,0.7043251544237137,0.4564666301012039,0.2611900955013008
00050,/Users/nikko/Downloads/moi-main/project_root/data/temp_frames/video5/frame_00050.png,"[17, 104, 529, 243]",RIGHT_WRIST,0.45311146168865873,1.6631644950300928,0.5110336542129517,0.7043251544237137,0.4564666301012039,0.2611900955013008
00050,/Users/nikko/Downloads/moi-main/project_root/data/temp_frames/video5/frame_00050.png,"[17, 104, 529, 243]",LEFT_EYE,0.7153421362776533,0.8139810667021284,0.9948245286941528,0.7043251544237137,0.4564666301012039,0.2611900955013008
00050,/Users/nikko/Downloads/moi-main/project_root/data/temp_frames/video5/frame_00050.png,"[17, 104, 529, 243]",RIGHT_EYE,0.7187864204181692,0.7574950806425602,0.9964194297790527,0.7043251544237137,0.4564666301012039,0.2611900955013008
00051,/Users/nikko/Downloads/moi-main/project_root/data/temp_frames/video5/frame_00051.png,"[17, 104, 534, 242]",LEFT_SHOULDER,0.37165342079755237,-0.010692246789836263,0.9993675351142883,0.7052361965179443,0.4989521950483322,0.28490357021268486
00051,/Users/nikko/Downloads/moi-main/project_root/data/temp_frames/video5/frame_00051.png,"[17, 104, 534, 242]",RIGHT_SHOULDER,0.3972684521813872,-0.5381578718114526,0.9949206709861755,0.7052361965179443,0.4989521950483322,0.28490357021268486
00051,/Users/nikko/Downloads/moi-main/project_root/data/temp_frames/video5/frame_00051.png,"[17, 104, 534, 242]",LEFT_HIP,-0.36196260945187575,0.3970829353108365,0.9981062412261963,0.7052361965179443,0.4989521950483322,0.28490357021268486
00051,/Users/nikko/Downloads/moi-main/project_root/data/temp_frames/video5/frame_00051.png,"[17, 104, 534, 242]",RIGHT_HIP,-0.40695926352706385,0.15176718329045238,0.9967005848884583,0.7052361965179443,0.4989521950483322,0.28490357021268486
00051,/Users/nikko/Downloads/moi-main/project_root/data/temp_frames/video5/frame_00051.png,"[17, 104, 534, 242]",RIGHT_ELBOW,0.12367861106676588,0.5726223769656389,0.7750053405761719,0.7052361965179443,0.4989521950483322,0.28490357021268486
00051,/Users/nikko/Downloads/moi-main/project_root/data/temp_frames/video5/frame_00051.png,"[17, 104, 534, 242]",RIGHT_WRIST,0.38611902947796656,1.4026176380682223,0.6618949174880981,0.7052361965179443,0.4989521950483322,0.28490357021268486
00051,/Users/nikko/Downloads/moi-main/project_root/data/temp_frames/video5/frame_00051.png,"[17, 104, 534, 242]",LEFT_EYE,0.6254536799340159,0.6844804199997181,0.9783231019973755,0.7052361965179443,0.4989521950483322,0.28490357021268486
00051,/Users/nikko/Downloads/moi-main/project_root/data/temp_frames/video5/frame_00051.png,"[17, 104, 534, 242]",RIGHT_EYE,0.6293717627664641,0.619701297082655,0.9846283197402954,0.7052361965179443,0.4989521950483322,0.28490357021268486
00052,/Users/nikko/Downloads/moi-main/project_root/data/temp_frames/video5/frame_00052.png,"[17, 105, 531, 242]",LEFT_SHOULDER,0.40367366855907666,-0.3061948800704862,0.9998039603233337,0.6821323037147522,0.49079154431819916,0.32136263808037374
00052,/Users/nikko/Downloads/moi-main/project_root/data/temp_frames/video5/frame_00052.png,"[17, 105, 531, 242]",RIGHT_SHOULDER,0.4125727455439002,-0.222491067067861,0.9991132616996765,0.6821323037147522,0.49079154431819916,0.32136263808037374
00052,/Users/nikko/Downloads/moi-main/project_root/data/temp_frames/video5/frame_00052.png,"[17, 105, 531, 242]",LEFT_HIP,-0.41230807312086265,0.037022840366545746,0.9991150498390198,0.6821323037147522,0.49079154431819916,0.32136263808037374
00052,/Users/nikko/Downloads/moi-main/project_root/data/temp_frames/video5/frame_00052.png,"[17, 105, 531, 242]",RIGHT_HIP,-0.40393834098211423,0.4916631067718014,0.9991021156311035,0.6821323037147522,0.49079154431819916,0.32136263808037374
00052,/Users/nikko/Downloads/moi-main/project_root/data/temp_frames/video5/frame_00052.png,"[17, 105, 531, 242]",RIGHT_ELBOW,0.18083265706643206,0.7475722203183687,0.7125552296638489,0.6821323037147522,0.49079154431819916,0.32136263808037374
00052,/Users/nikko/Downloads/moi-main/project_root/data/temp_frames/video5/frame_00052.png,"[17, 105, 531, 242]",RIGHT_WRIST,0.43701274917645966,1.2926792643802225,0.587029218673706,0.6821323037147522,0.49079154431819916,0.32136263808037374
00052,/Users/nikko/Downloads/moi-main/project_root/data/temp_frames/video5/frame_00052.png,"[17, 105, 531, 242]",RIGHT_KNEE,-1.0635999498430426,0.9863147213111564,0.5263822674751282,0.6821323037147522,0.49079154431819916,0.32136263808037374
00052,/Users/nikko/Downloads/moi-main/project_root/data/temp_frames/video5/frame_00052.png,"[17, 105, 531, 242]",LEFT_EYE,0.638851901889977,0.6951930470174915,0.9991993308067322,0.6821323037147522,0.49079154431819916,0.32136263808037374
00052,/Users/nikko/Downloads/moi-main/project_root/data/temp_frames/video5/frame_00052.png,"[17, 105, 531, 242]",RIGHT_EYE,0.6398432642593784,0.6452686316135327,0.9995326995849609,0.6821323037147522,0.49079154431819916,0.32136263808037374
00053,/Users/nikko/Downloads/moi-main/project_root/data/temp_frames/video5/frame_00053.png,"[17, 108, 530, 242]",LEFT_SHOULDER,0.40269636302191153,-0.3085765418444717,0.9995191097259521,0.6940840631723404,0.48445752263069153,0.31407043335083124
00053,/Users/nikko/Downloads/moi-main/project_root/data/temp_frames/video5/frame_00053.png,"[17, 108, 530, 242]",RIGHT_SHOULDER,0.40789313996927007,-0.21218945283677754,0.9983235001564026,0.6940840631723404,0.48445752263069153,0.31407043335083124
00053,/Users/nikko/Downloads/moi-main/project_root/data/temp_frames/video5/frame_00053.png,"[17, 108, 530, 242]",LEFT_HIP,-0.41437388121701046,0.001609154283192253,0.9983147382736206,0.6940840631723404,0.48445752263069153,0.31407043335083124
00053,/Users/nikko/Downloads/moi-main/project_root/data/temp_frames/video5/frame_00053.png,"[17, 108, 530, 242]",RIGHT_HIP,-0.39621562177417113,0.519156840398057,0.9982580542564392,0.6940840631723404,0.48445752263069153,0.31407043335083124
00053,/Users/nikko/Downloads/moi-main/project_root/data/temp_frames/video5/frame_00053.png,"[17, 108, 530, 242]",RIGHT_ELBOW,0.1779723403633224,0.7512773931938244,0.525438129901886,0.6940840631723404,0.48445752263069153,0.31407043335083124
00053,/Users/nikko/Downloads/moi-main/project_root/data/temp_frames/video5/frame_00053.png,"[17, 108, 530, 242]",LEFT_EYE,0.6154309621823675,0.7995518319084524,0.9980518817901611,0.6940840631723404,0.48445752263069153,0.31407043335083124
00053,/Users/nikko/Downloads/moi-main/project_root/data/temp_frames/video5/frame_00053.png,"[17, 108, 530, 242]",RIGHT_EYE,0.6203364250803453,0.7377158227347331,0.9989450573921204,0.6940840631723404,0.48445752263069153,0.31407043335083124
00054,/Users/nikko/Downloads/moi-main/project_root/data/temp_frames/video5/frame_00054.png,"[16, 111, 532, 242]",LEFT_SHOULDER,0.4154511474399871,-0.2833446831897788,0.9994527697563171,0.6990078687667847,0.47939349710941315,0.29866026697705783
00054,/Users/nikko/Downloads/moi-main/project_root/data/temp_frames/video5/frame_00054.png,"[16, 111, 532, 242]",RIGHT_SHOULDER,0.41652764635687567,-0.21667649058079852,0.9984775185585022,0.6990078687667847,0.47939349710941315,0.29866026697705783
00054,/Users/nikko/Downloads/moi-main/project_root/data/temp_frames/video5/frame_00054.png,"[16, 111, 532, 242]",LEFT_HIP,-0.4212431666401985,0.008974666095345162,0.9978354573249817,0.6990078687667847,0.47939349710941315,0.29866026697705783
00054,/Users/nikko/Downloads/moi-main/project_root/data/temp_frames/video5/frame_00054.png,"[16, 111, 532, 242]",RIGHT_HIP,-0.4107356271566643,0.4910465076752321,0.9979878664016724,0.6990078687667847,0.47939349710941315,0.29866026697705783
00054,/Users/nikko/Downloads/moi-main/project_root/data/temp_frames/video5/frame_00054.png,"[16, 111, 532, 242]",RIGHT_ELBOW,0.1678178788895106,0.7346358204316943,0.5976405739784241,0.6990078687667847,0.47939349710941315,0.29866026697705783
00054,/Users/nikko/Downloads/moi-main/project_root/data/temp_frames/video5/frame_00054.png,"[16, 111, 532, 242]",LEFT_EYE,0.6445823652698655,0.879073276423294,0.9983023405075073,0.6990078687667847,0.47939349710941315,0.29866026697705783
00054,/Users/nikko/Downloads/moi-main/project_root/data/temp_frames/video5/frame_00054.png,"[16, 111, 532, 242]",RIGHT_EYE,0.6493182420399369,0.8275220703193381,0.9991549253463745,0.6990078687667847,0.47939349710941315,0.29866026697705783
00055,/Users/nikko/Downloads/moi-main/project_root/data/temp_frames/video5/frame_00055.png,"[28, 118, 526, 240]",LEFT_SHOULDER,0.39953560130092813,-0.3964993957487515,0.9975487589836121,0.7027723789215088,0.4931107386946678,0.3160859235703475
00055,/Users/nikko/Downloads/moi-main/project_root/data/temp_frames/video5/frame_00055.png,"[28, 118, 526, 240]",RIGHT_SHOULDER,0.405860273286271,-0.008826702982764554,0.9969594478607178,0.7027723789215088,0.4931107386946678,0.3160859235703475
00055,/Users/nikko/Downloads/moi-main/project_root/data/temp_frames/video5/frame_00055.png,"[28, 118, 526, 240]",LEFT_HIP,-0.40953985958472044,-0.07265987870603265,0.9954380393028259,0.7027723789215088,0.4931107386946678,0.3160859235703475
00055,/Users/nikko/Downloads/moi-main/project_root/data/temp_frames/video5/frame_00055.png,"[28, 118, 526, 240]",RIGHT_HIP,-0.39585601500247863,0.4779859774375487,0.9964103102684021,0.7027723789215088,0.4931107386946678,0.3160859235703475
00055,/Users/nikko/Downloads/moi-main/project_root/data/temp_frames/video5/frame_00055.png,"[28, 118, 526, 240]",RIGHT_WRIST,0.3966048305198846,1.2253042409507533,0.6379225850105286,0.7027723789215088,0.4931107386946678,0.3160859235703475
00055,/Users/nikko/Downloads/moi-main/project_root/data/temp_frames/video5/frame_00055.png,"[28, 118, 526, 240]",LEFT_EYE,0.6102516467575049,0.826047913329321,0.9895529747009277,0.7027723789215088,0.4931107386946678,0.3160859235703475
00055,/Users/nikko/Downloads/moi-main/project_root/data/temp_frames/video5/frame_00055.png,"[28, 118, 526, 240]",RIGHT_EYE,0.6144865747076191,0.7779589091445218,0.9973255395889282,0.7027723789215088,0.4931107386946678,0.3160859235703475
00056,/Users/nikko/Downloads/moi-main/project_root/data/temp_frames/video5/frame_00056.png,"[27, 119, 528, 240]",LEFT_SHOULDER,0.4813714937762484,-0.22170871909231094,0.9997915625572205,0.7219994068145752,0.5185410976409912,0.22606827362607376
00056,/Users/nikko/Downloads/moi-main/project_root/data/temp_frames/video5/frame_00056.png,"[27, 119, 528, 240]",RIGHT_SHOULDER,0.47469040724259953,0.16403886678351037,0.9995399713516235,0.7219994068145752,0.5185410976409912,0.22606827362607376
00056,/Users/nikko/Downloads/moi-main/project_root/data/temp_frames/video5/frame_00056.png,"[27, 119, 528, 240]",LEFT_HIP,-0.46801380289012956,-0.0669202832887954,0.9998762607574463,0.7219994068145752,0.5185410976409912,0.22606827362607376
00056,/Users/nikko/Downloads/moi-main/project_root/data/temp_frames/video5/frame_00056.png,"[27, 119, 528, 240]",RIGHT_HIP,-0.48804809812871836,0.12459013559759599,0.999875545501709,0.7219994068145752,0.5185410976409912,0.22606827362607376
00056,/Users/nikko/Downloads/moi-main/project_root/data/temp_frames/video5/frame_00056.png,"[27, 119, 528, 240]",RIGHT_ELBOW,0.1338835427853645,1.2144854844356918,0.9443440437316895,0.7219994068145752,0.5185410976409912,0.22606827362607376
00056,/Users/nikko/Downloads/moi-main/project_root/data/temp_frames/video5/frame_00056.png,"[27, 119, 528, 240]",RIGHT_WRIST,0.3990860297486427,1.5018180818252453,0.8365554213523865,0.7219994068145752,0.5185410976409912,0.22606827362607376
00056,/Users/nikko/Downloads/moi-main/project_root/data/temp_frames/video5/frame_00056.png,"[27, 119, 528, 240]",LEFT_KNEE,-1.195993718666918,0.5915962386956338,0.5710794925689697,0.7219994068145752,0.5185410976409912,0.22606827362607376
00056,/Users/nikko/Downloads/moi-main/project_root/data/temp_frames/video5/frame_00056.png,"[27, 119, 528, 240]",RIGHT_KNEE,-1.2168680273899664,1.0612299545953425,0.8899999260902405,0.7219994068145752,0.5185410976409912,0.22606827362607376
00056,/Users/nikko/Downloads/moi-main/project_root/data/temp_frames/video5/frame_00056.png,"[27, 119, 528, 240]",LEFT_ANKLE,-1.7093780050533707,1.0238037417519548,0.7104433178901672,0.7219994068145752,0.5185410976409912,0.22606827362607376
00056,/Users/nikko/Downloads/moi-main/project_root/data/temp_frames/video5/frame_00056.png,"[27, 119, 528, 240]",RIGHT_ANKLE,-1.7338148568404546,1.1495331423421276,0.882477879524231,0.7219994068145752,0.5185410976409912,0.22606827362607376
00056,/Users/nikko/Downloads/moi-main/project_root/data/temp_frames/video5/frame_00056.png,"[27, 119, 528, 240]",LEFT_EYE,0.7669684324187217,1.1637680224507188,0.9998146891593933,0.7219994068145752,0.5185410976409912,0.22606827362607376
00056,/Users/nikko/Downloads/moi-main/project_root/data/temp_frames/video5/frame_00056.png,"[27, 119, 528, 240]",RIGHT_EYE,0.7674846742274385,1.0485408996780214,0.9999083280563354,0.7219994068145752,0.5185410976409912,0.22606827362607376
00057,/Users/nikko/Downloads/moi-main/project_root/data/temp_frames/video5/frame_00057.png,"[26, 119, 528, 239]",LEFT_SHOULDER,0.46433100661423254,-0.42085980652419536,0.9989038705825806,0.7249055057764053,0.5235375761985779,0.25488029080936875
00057,/Users/nikko/Downloads/moi-main/project_root/data/temp_frames/video5/frame_00057.png,"[26, 119, 528, 239]",RIGHT_SHOULDER,0.3958093625325238,0.12055638347586461,0.9976836442947388,0.7249055057764053,0.5235375761985779,0.25488029080936875
00057,/Users/nikko/Downloads/moi-main/project_root/data/temp_frames/video5/frame_00057.png,"[26, 119, 528, 239]",LEFT_HIP,-0.41881925945993503,-0.02380114020070288,0.9990403056144714,0.7249055057764053,0.5235375761985779,0.25488029080936875
00057,/Users/nikko/Downloads/moi-main/project_root/data/temp_frames/video5/frame_00057.png,"[26, 119, 528, 239]",RIGHT_HIP,-0.4413211096868213,0.3241045632490336,0.9991127848625183,0.7249055057764053,0.5235375761985779,0.25488029080936875
00057,/Users/nikko/Downloads/moi-main/project_root/data/temp_frames/video5/frame_00057.png,"[26, 119, 528, 239]",RIGHT_ELBOW,0.0867238056330937,0.8415018954519862,0.6881736516952515,0.7249055057764053,0.5235375761985779,0.25488029080936875
00057,/Users/nikko/Downloads/moi-main/project_root/data/temp_frames/video5/frame_00057.png,"[26, 119, 528, 239]",RIGHT_WRIST,0.31405511888846593,1.3546047422195233,0.5500786304473877,0.7249055057764053,0.5235375761985779,0.25488029080936875
00057,/Users/nikko/Downloads/moi-main/project_root/data/temp_frames/video5/frame_00057.png,"[26, 119, 528, 239]",LEFT_EYE,0.6637521400486839,1.0932533590881715,0.9989351630210876,0.7249055057764053,0.5235375761985779,0.25488029080936875
00057,/Users/nikko/Downloads/moi-main/project_root/data/temp_frames/video5/frame_00057.png,"[26, 119, 528, 239]",RIGHT_EYE,0.662530489432554,1.017570653527303,0.9995697140693665,0.7249055057764053,0.5235375761985779,0.25488029080936875
00058,/Users/nikko/Downloads/moi-main/project_root/data/temp_frames/video5/frame_00058.png,"[26, 121, 528, 240]",LEFT_SHOULDER,0.48216570256571856,-0.24058069986569242,0.99985671043396,0.7432778626680374,0.4932731091976166,0.21963682826690556
00058,/Users/nikko/Downloads/moi-main/project_root/data/temp_frames/video5/frame_00058.png,"[26, 121, 528, 240]",RIGHT_SHOULDER,0.37742729037599804,0.40907426146373843,0.9995467066764832,0.7432778626680374,0.4932731091976166,0.21963682826690556
00058,/Users/nikko/Downloads/moi-main/project_root/data/temp_frames/video5/frame_00058.png,"[26, 121, 528, 240]",LEFT_HIP,-0.39400429138494475,-0.2337129320271505,0.9999336004257202,0.7432778626680374,0.4932731091976166,0.21963682826690556
00058,/Users/nikko/Downloads/moi-main/project_root/data/temp_frames/video5/frame_00058.png,"[26, 121, 528, 240]",RIGHT_HIP,-0.46558870155677184,0.06521937042910446,0.9999455213546753,0.7432778626680374,0.4932731091976166,0.21963682826690556
00058,/Users/nikko/Downloads/moi-main/project_root/data/temp_frames/video5/frame_00058.png,"[26, 121, 528, 240]",RIGHT_ELBOW,-0.1336410713373947,0.6272289462048602,0.5959686636924744,0.7432778626680374,0.4932731091976166,0.21963682826690556
00058,/Users/nikko/Downloads/moi-main/project_root/data/temp_frames/video5/frame_00058.png,"[26, 121, 528, 240]",RIGHT_KNEE,-0.9971955073985295,1.1053731632267612,0.6908891201019287,0.7432778626680374,0.4932731091976166,0.21963682826690556
00058,/Users/nikko/Downloads/moi-main/project_root/data/temp_frames/video5/frame_00058.png,"[26, 121, 528, 240]",LEFT_ANKLE,-1.472294454068346,0.6535995790011077,0.6403061747550964,0.7432778626680374,0.4932731091976166,0.21963682826690556
00058,/Users/nikko/Downloads/moi-main/project_root/data/temp_frames/video5/frame_00058.png,"[26, 121, 528, 240]",RIGHT_ANKLE,-1.5683330242630462,0.5479724032411804,0.825240969657898,0.7432778626680374,0.4932731091976166,0.21963682826690556
00058,/Users/nikko/Downloads/moi-main/project_root/data/temp_frames/video5/frame_00058.png,"[26, 121, 528, 240]",LEFT_EYE,0.7304466228658641,1.465580489818633,0.9987831711769104,0.7432778626680374,0.4932731091976166,0.21963682826690556
00058,/Users/nikko/Downloads/moi-main/project_root/data/temp_frames/video5/frame_00058.png,"[26, 121, 528, 240]",RIGHT_EYE,0.7227077310394249,1.3973199197102848,0.9994187355041504,0.7432778626680374,0.4932731091976166,0.21963682826690556
00059,/Users/nikko/Downloads/moi-main/project_root/data/temp_frames/video5/frame_00059.png,"[26, 123, 529, 239]",LEFT_SHOULDER,0.48796195325327163,-0.2632978802508404,0.9995957016944885,0.732267215847969,0.5228776633739471,0.23002880782875862
00059,/Users/nikko/Downloads/moi-main/project_root/data/temp_frames/video5/frame_00059.png,"[26, 123, 529, 239]",RIGHT_SHOULDER,0.40726322544832855,0.34671242564310034,0.9993060827255249,0.732267215847969,0.5228776633739471,0.23002880782875862
00059,/Users/nikko/Downloads/moi-main/project_root/data/temp_frames/video5/frame_00059.png,"[26, 123, 529, 239]",LEFT_HIP,-0.4281596810747357,-0.170681530244441,0.9999077320098877,0.732267215847969,0.5228776633739471,0.23002880782875862
00059,/Users/nikko/Downloads/moi-main/project_root/data/temp_frames/video5/frame_00059.png,"[26, 123, 529, 239]",RIGHT_HIP,-0.4670654976268645,0.08726698485218105,0.9999290704727173,0.732267215847969,0.5228776633739471,0.23002880782875862
00059,/Users/nikko/Downloads/moi-main/project_root/data/temp_frames/video5/frame_00059.png,"[26, 123, 529, 239]",RIGHT_ELBOW,-0.026152862135510532,0.5784322217586163,0.7148448824882507,0.732267215847969,0.5228776633739471,0.23002880782875862
00059,/Users/nikko/Downloads/moi-main/project_root/data/temp_frames/video5/frame_00059.png,"[26, 123, 529, 239]",RIGHT_WRIST,0.2604002264845426,1.4621544968971059,0.5065416693687439,0.732267215847969,0.5228776633739471,0.23002880782875862
00059,/Users/nikko/Downloads/moi-main/project_root/data/temp_frames/video5/frame_00059.png,"[26, 123, 529, 239]",RIGHT_ANKLE,-1.7180905059116467,0.689294896261351,0.5244764685630798,0.732267215847969,0.5228776633739471,0.23002880782875862
00059,/Users/nikko/Downloads/moi-main/project_root/data/temp_frames/video5/frame_00059.png,"[26, 123, 529, 239]",LEFT_EYE,0.7427300518756329,1.321143163668877,0.9979554414749146,0.732267215847969,0.5228776633739471,0.23002880782875862
00059,/Users/nikko/Downloads/moi-main/project_root/data/temp_frames/video5/frame_00059.png,"[26, 123, 529, 239]",RIGHT_EYE,0.7349088288954239,1.2807852488666458,0.9992210865020752,0.732267215847969,0.5228776633739471,0.23002880782875862
00060,/Users/nikko/Downloads/moi-main/project_root/data/temp_frames/video5/frame_00060.png,"[26, 123, 530, 239]",LEFT_SHOULDER,0.38460254365976354,-0.28057579242195635,0.9996559619903564,0.7572810798883438,0.5162732675671577,0.2519041687042888
00060,/Users/nikko/Downloads/moi-main/project_root/data/temp_frames/video5/frame_00060.png,"[26, 123, 530, 239]",RIGHT_SHOULDER,0.3386147364727974,0.5981194880639581,0.9991804957389832,0.7572810798883438,0.5162732675671577,0.2519041687042888
00060,/Users/nikko/Downloads/moi-main/project_root/data/temp_frames/video5/frame_00060.png,"[26, 123, 530, 239]",LEFT_HIP,-0.33843952206613154,-0.35362955226589776,0.9998568296432495,0.7572810798883438,0.5162732675671577,0.2519041687042888
00060,/Users/nikko/Downloads/moi-main/project_root/data/temp_frames/video5/frame_00060.png,"[26, 123, 530, 239]",RIGHT_HIP,-0.3847777580664294,0.03608585662389601,0.9998883008956909,0.7572810798883438,0.5162732675671577,0.2519041687042888
00060,/Users/nikko/Downloads/moi-main/project_root/data/temp_frames/video5/frame_00060.png,"[26, 123, 530, 239]",LEFT_EYE,0.6083807997075465,1.2577767661360402,0.9936508536338806,0.7572810798883438,0.5162732675671577,0.2519041687042888
00060,/Users/nikko/Downloads/moi-main/project_root/data/temp_frames/video5/frame_00060.png,"[26, 123, 530, 239]",RIGHT_EYE,0.5965873676251165,1.2347450039266672,0.9973447918891907,0.7572810798883438,0.5162732675671577,0.2519041687042888
00061,/Users/nikko/Downloads/moi-main/project_root/data/temp_frames/video5/frame_00061.png,"[28, 125, 530, 240]",LEFT_SHOULDER,0.4876477833315772,0.02363792548770185,0.9923668503761292,0.7365983873605728,0.49502894282341003,0.2251546203464757
00061,/Users/nikko/Downloads/moi-main/project_root/data/temp_frames/video5/frame_00061.png,"[28, 125, 530, 240]",RIGHT_SHOULDER,0.4883207209190266,-0.14274205445880117,0.9951948523521423,0.7365983873605728,0.49502894282341003,0.2251546203464757
00061,/Users/nikko/Downloads/moi-main/project_root/data/temp_frames/video5/frame_00061.png,"[28, 125, 530, 240]",LEFT_HIP,-0.467385399613178,0.15772484306496706,0.9913132786750793,0.7365983873605728,0.49502894282341003,0.2251546203464757
00061,/Users/nikko/Downloads/moi-main/project_root/data/temp_frames/video5/frame_00061.png,"[28, 125, 530, 240]",RIGHT_HIP,-0.5085831046374258,-0.03862071409386774,0.9943249821662903,0.7365983873605728,0.49502894282341003,0.2251546203464757
00061,/Users/nikko/Downloads/moi-main/project_root/data/temp_frames/video5/frame_00061.png,"[28, 125, 530, 240]",RIGHT_ELBOW,0.07528158350076272,-0.32064496549802796,0.9455077648162842,0.7365983873605728,0.49502894282341003,0.2251546203464757
00061,/Users/nikko/Downloads/moi-main/project_root/data/temp_frames/video5/frame_00061.png,"[28, 125, 530, 240]",RIGHT_WRIST,0.20668151582523037,1.452403286340168,0.7208590507507324,0.7365983873605728,0.49502894282341003,0.2251546203464757
00061,/Users/nikko/Downloads/moi-main/project_root/data/temp_frames/video5/frame_00061.png,"[28, 125, 530, 240]",RIGHT_KNEE,-1.2590030224006743,0.9660616028599198,0.7035156488418579,0.7365983873605728,0.49502894282341003,0.2251546203464757
00061,/Users/nikko/Downloads/moi-main/project_root/data/temp_frames/video5/frame_00061.png,"[28, 125, 530, 240]",RIGHT_ANKLE,-1.857611979567416,0.9350887370873028,0.5579370260238647,0.7365983873605728,0.49502894282341003,0.2251546203464757
00061,/Users/nikko/Downloads/moi-main/project_root/data/temp_frames/video5/frame_00061.png,"[28, 125, 530, 240]",LEFT_EYE,0.7282910058407938,1.5111667272722118,0.9316359758377075,0.7365983873605728,0.49502894282341003,0.2251546203464757
00061,/Users/nikko/Downloads/moi-main/project_root/data/temp_frames/video5/frame_00061.png,"[28, 125, 530, 240]",RIGHT_EYE,0.726375966302002,1.4224985964783923,0.9759564399719238,0.7365983873605728,0.49502894282341003,0.2251546203464757
00062,/Users/nikko/Downloads/moi-main/project_root/data/temp_frames/video5/frame_00062.png,"[27, 126, 531, 240]",LEFT_SHOULDER,0.504337010631806,-0.21548684717563082,0.9936708211898804,0.7336147278547287,0.5273630991578102,0.22046465731150994
00062,/Users/nikko/Downloads/moi-main/project_root/data/temp_frames/video5/frame_00062.png,"[27, 126, 531, 240]",RIGHT_SHOULDER,0.46213475314090247,0.03255161745586933,0.9964196681976318,0.7336147278547287,0.5273630991578102,0.22046465731150994
00062,/Users/nikko/Downloads/moi-main/project_root/data/temp_frames/video5/frame_00062.png,"[27, 126, 531, 240]",LEFT_HIP,-0.45802678052486545,0.023940136738108842,0.9976617097854614,0.7336147278547287,0.5273630991578102,0.22046465731150994
00062,/Users/nikko/Downloads/moi-main/project_root/data/temp_frames/video5/frame_00062.png,"[27, 126, 531, 240]",RIGHT_HIP,-0.508444983247843,0.15899509298165265,0.9987289309501648,0.7336147278547287,0.5273630991578102,0.22046465731150994
00062,/Users/nikko/Downloads/moi-main/project_root/data/temp_frames/video5/frame_00062.png,"[27, 126, 531, 240]",RIGHT_ELBOW,0.06657412405041052,0.08868332080701574,0.7744831442832947,0.7336147278547287,0.5273630991578102,0.22046465731150994
00062,/Users/nikko/Downloads/moi-main/project_root/data/temp_frames/video5/frame_00062.png,"[27, 126, 531, 240]",RIGHT_WRIST,0.3533616834995882,1.4118265727954056,0.5897729396820068,0.7336147278547287,0.5273630991578102,0.22046465731150994
00062,/Users/nikko/Downloads/moi-main/project_root/data/temp_frames/video5/frame_00062.png,"[27, 126, 531, 240]",LEFT_EYE,0.7680207556826117,1.3752450827326774,0.9520888328552246,0.7336147278547287,0.5273630991578102,0.22046465731150994
00062,/Users/nikko/Downloads/moi-main/project_root/data/temp_frames/video5/frame_00062.png,"[27, 126, 531, 240]",RIGHT_EYE,0.7603084896096859,1.3224323087200727,0.9863090515136719,0.7336147278547287,0.5273630991578102,0.22046465731150994
00063,/Users/nikko/Downloads/moi-main/project_root/data/temp_frames/video5/frame_00063.png,"[29, 126, 531, 240]",LEFT_SHOULDER,0.4761782992779059,-0.1860877567890686,0.9938769936561584,0.7357069104909897,0.5205544754862785,0.22398739575242088
00063,/Users/nikko/Downloads/moi-main/project_root/data/temp_frames/video5/frame_00063.png,"[29, 126, 531, 240]",RIGHT_SHOULDER,0.47936120675251426,-0.06290609745749859,0.9972401857376099,0.7357069104909897,0.5205544754862785,0.22398739575242088
00063,/Users/nikko/Downloads/moi-main/project_root/data/temp_frames/video5/frame_00063.png,"[29, 126, 531, 240]",LEFT_HIP,-0.4605768369524249,0.019071399611543197,0.9970613121986389,0.7357069104909897,0.5205544754862785,0.22398739575242088
00063,/Users/nikko/Downloads/moi-main/project_root/data/temp_frames/video5/frame_00063.png,"[29, 126, 531, 240]",RIGHT_HIP,-0.49496266907799524,0.229922454635024,0.9983391761779785,0.7357069104909897,0.5205544754862785,0.22398739575242088
00063,/Users/nikko/Downloads/moi-main/project_root/data/temp_frames/video5/frame_00063.png,"[29, 126, 531, 240]",RIGHT_ELBOW,0.17650706824532142,-1.0878580537267575,0.8932819366455078,0.7357069104909897,0.5205544754862785,0.22398739575242088
00063,/Users/nikko/Downloads/moi-main/project_root/data/temp_frames/video5/frame_00063.png,"[29, 126, 531, 240]",RIGHT_WRIST,0.3078894842944522,1.4210049639470284,0.5881125330924988,0.7357069104909897,0.5205544754862785,0.22398739575242088
00063,/Users/nikko/Downloads/moi-main/project_root/data/temp_frames/video5/frame_00063.png,"[29, 126, 531, 240]",LEFT_EYE,0.7301360495452469,1.3805798303302586,0.9202860593795776,0.7357069104909897,0.5205544754862785,0.22398739575242088
00063,/Users/nikko/Downloads/moi-main/project_root/data/temp_frames/video5/frame_00063.png,"[29, 126, 531, 240]",RIGHT_EYE,0.7308399029245914,1.3623203568593778,0.9690915942192078,0.7357069104909897,0.5205544754862785,0.22398739575242088
00064,/Users/nikko/Downloads/moi-main/project_root/data/temp_frames/video5/frame_00064.png,"[28, 126, 532, 240]",LEFT_SHOULDER,0.5119162050535851,0.07177953846087941,0.9985160231590271,0.7476998865604401,0.4884117394685745,0.1997646571052371
00064,/Users/nikko/Downloads/moi-main/project_root/data/temp_frames/video5/frame_00064.png,"[28, 126, 532, 240]",RIGHT_SHOULDER,0.4766042004072287,0.06203314112612738,0.9981156587600708,0.7476998865604401,0.4884117394685745,0.1997646571052371
00064,/Users/nikko/Downloads/moi-main/project_root/data/temp_frames/video5/frame_00064.png,"[28, 126, 532, 240]",LEFT_HIP,-0.47274502688426273,0.004231619274476867,0.9982543587684631,0.7476998865604401,0.4884117394685745,0.1997646571052371
00064,/Users/nikko/Downloads/moi-main/project_root/data/temp_frames/video5/frame_00064.png,"[28, 126, 532, 240]",RIGHT_HIP,-0.5157753785765511,-0.13804429886148364,0.9984800219535828,0.7476998865604401,0.4884117394685745,0.1997646571052371
00064,/Users/nikko/Downloads/moi-main/project_root/data/temp_frames/video5/frame_00064.png,"[28, 126, 532, 240]",RIGHT_ELBOW,0.09839206668625423,-0.6745921995885965,0.9277797937393188,0.7476998865604401,0.4884117394685745,0.1997646571052371
00064,/Users/nikko/Downloads/moi-main/project_root/data/temp_frames/video5/frame_00064.png,"[28, 126, 532, 240]",RIGHT_WRIST,0.2060461199901942,1.5105133828207995,0.544392466545105,0.7476998865604401,0.4884117394685745,0.1997646571052371
00064,/Users/nikko/Downloads/moi-main/project_root/data/temp_frames/video5/frame_00064.png,"[28, 126, 532, 240]",RIGHT_KNEE,-1.2407839624986048,0.7757376645483879,0.5583152174949646,0.7476998865604401,0.4884117394685745,0.1997646571052371
00064,/Users/nikko/Downloads/moi-main/project_root/data/temp_frames/video5/frame_00064.png,"[28, 126, 532, 240]",LEFT_EYE,0.7515889623138814,1.7439304239776088,0.9949513673782349,0.7476998865604401,0.4884117394685745,0.1997646571052371
00064,/Users/nikko/Downloads/moi-main/project_root/data/temp_frames/video5/frame_00064.png,"[28, 126, 532, 240]",RIGHT_EYE,0.7502042070703308,1.660425296688919,0.9973769187927246,0.7476998865604401,0.4884117394685745,0.1997646571052371
00065,/Users/nikko/Downloads/moi-main/project_root/data/temp_frames/video5/frame_00065.png,"[29, 126, 532, 240]",LEFT_SHOULDER,0.5165647823478485,0.014972229410792485,0.9985507130622864,0.7546791732311249,0.47932761907577515,0.19548765927843445
00065,/Users/nikko/Downloads/moi-main/project_root/data/temp_frames/video5/frame_00065.png,"[29, 126, 532, 240]",RIGHT_SHOULDER,0.44500603253954935,0.23481047545364578,0.9988815188407898,0.7546791732311249,0.47932761907577515,0.19548765927843445
00065,/Users/nikko/Downloads/moi-main/project_root/data/temp_frames/video5/frame_00065.png,"[29, 126, 532, 240]",LEFT_HIP,-0.45239534075196264,-0.11598088644502842,0.9991270899772644,0.7546791732311249,0.47932761907577515,0.19548765927843445
00065,/Users/nikko/Downloads/moi-main/project_root/data/temp_frames/video5/frame_00065.png,"[29, 126, 532, 240]",RIGHT_HIP,-0.5091754741354352,-0.13380181841940983,0.9994871616363525,0.7546791732311249,0.47932761907577515,0.19548765927843445
00065,/Users/nikko/Downloads/moi-main/project_root/data/temp_frames/video5/frame_00065.png,"[29, 126, 532, 240]",RIGHT_ELBOW,0.01244535126718302,-0.27726644935021627,0.9379034042358398,0.7546791732311249,0.47932761907577515,0.19548765927843445
00065,/Users/nikko/Downloads/moi-main/project_root/data/temp_frames/video5/frame_00065.png,"[29, 126, 532, 240]",RIGHT_WRIST,0.26162465440055604,1.9185879133253467,0.6814179420471191,0.7546791732311249,0.47932761907577515,0.19548765927843445
00065,/Users/nikko/Downloads/moi-main/project_root/data/temp_frames/video5/frame_00065.png,"[29, 126, 532, 240]",RIGHT_KNEE,-1.2339042492770762,0.8397327544889772,0.7659953236579895,0.7546791732311249,0.47932761907577515,0.19548765927843445
00065,/Users/nikko/Downloads/moi-main/project_root/data/temp_frames/video5/frame_00065.png,"[29, 126, 532, 240]",LEFT_ANKLE,-1.8984349358026822,0.9595673016105764,0.5926700234413147,0.7546791732311249,0.47932761907577515,0.19548765927843445
00065,/Users/nikko/Downloads/moi-main/project_root/data/temp_frames/video5/frame_00065.png,"[29, 126, 532, 240]",RIGHT_ANKLE,-1.973485122307509,0.6932226065340449,0.7868224382400513,0.7546791732311249,0.47932761907577515,0.19548765927843445
00065,/Users/nikko/Downloads/moi-main/project_root/data/temp_frames/video5/frame_00065.png,"[29, 126, 532, 240]",LEFT_EYE,0.7649921963105258,1.8531884956894826,0.997011661529541,0.7546791732311249,0.47932761907577515,0.19548765927843445
00065,/Users/nikko/Downloads/moi-main/project_root/data/temp_frames/video5/frame_00065.png,"[29, 126, 532, 240]",RIGHT_EYE,0.7592295420825658,1.8178021399017266,0.9988160133361816,0.7546791732311249,0.47932761907577515,0.19548765927843445
00066,/Users/nikko/Downloads/moi-main/project_root/data/temp_frames/video5/frame_00066.png,"[29, 125, 533, 239]",LEFT_SHOULDER,0.4584598500751639,-0.13068007972043963,0.9998089671134949,0.7675756216049194,0.4546571224927902,0.22001058480750868
00066,/Users/nikko/Downloads/moi-main/project_root/data/temp_frames/video5/frame_00066.png,"[29, 125, 533, 239]",RIGHT_SHOULDER,0.3045382605354299,0.562107679219049,0.999672532081604,0.7675756216049194,0.4546571224927902,0.22001058480750868
00066,/Users/nikko/Downloads/moi-main/project_root/data/temp_frames/video5/frame_00066.png,"[29, 125, 533, 239]",LEFT_HIP,-0.32641455101108596,-0.34373381151710286,0.9995811581611633,0.7675756216049194,0.4546571224927902,0.22001058480750868
00066,/Users/nikko/Downloads/moi-main/project_root/data/temp_frames/video5/frame_00066.png,"[29, 125, 533, 239]",RIGHT_HIP,-0.43658355959950784,-0.08769378798150657,0.9997493624687195,0.7675756216049194,0.4546571224927902,0.22001058480750868
00066,/Users/nikko/Downloads/moi-main/project_root/data/temp_frames/video5/frame_00066.png,"[29, 125, 533, 239]",RIGHT_ELBOW,-0.0728200967596139,0.24679883571478756,0.9362488389015198,0.7675756216049194,0.4546571224927902,0.22001058480750868
00066,/Users/nikko/Downloads/moi-main/project_root/data/temp_frames/video5/frame_00066.png,"[29, 125, 533, 239]",RIGHT_WRIST,0.18355965690584744,1.9244848308378875,0.8281869888305664,0.7675756216049194,0.4546571224927902,0.22001058480750868
00066,/Users/nikko/Downloads/moi-main/project_root/data/temp_frames/video5/frame_00066.png,"[29, 125, 533, 239]",RIGHT_KNEE,-0.9088187349643432,0.6515192852395841,0.732941746711731,0.7675756216049194,0.4546571224927902,0.22001058480750868
00066,/Users/nikko/Downloads/moi-main/project_root/data/temp_frames/video5/frame_00066.png,"[29, 125, 533, 239]",LEFT_ANKLE,-1.4238222492056902,0.6805727133551005,0.5318659543991089,0.7675756216049194,0.4546571224927902,0.22001058480750868
00066,/Users/nikko/Downloads/moi-main/project_root/data/temp_frames/video5/frame_00066.png,"[29, 125, 533, 239]",RIGHT_ANKLE,-1.5109631629746594,0.5313848595084543,0.8196091055870056,0.7675756216049194,0.4546571224927902,0.22001058480750868
00066,/Users/nikko/Downloads/moi-main/project_root/data/temp_frames/video5/frame_00066.png,"[29, 125, 533, 239]",LEFT_EYE,0.6119317171144386,1.8348998378292236,0.999592125415802,0.7675756216049194,0.4546571224927902,0.22001058480750868
00066,/Users/nikko/Downloads/moi-main/project_root/data/temp_frames/video5/frame_00066.png,"[29, 125, 533, 239]",RIGHT_EYE,0.6069457575370572,1.7939330981262387,0.9998134970664978,0.7675756216049194,0.4546571224927902,0.22001058480750868
00067,/Users/nikko/Downloads/moi-main/project_root/data/temp_frames/video5/frame_00067.png,"[28, 126, 533, 239]",LEFT_SHOULDER,0.3598246223352137,-0.40294023072473945,0.999850869178772,0.786190003156662,0.432916097342968,0.27458790829569385
00067,/Users/nikko/Downloads/moi-main/project_root/data/temp_frames/video5/frame_00067.png,"[28, 126, 533, 239]",RIGHT_SHOULDER,0.2160462878735296,0.6960748789012313,0.9994518160820007,0.786190003156662,0.432916097342968,0.27458790829569385
00067,/Users/nikko/Downloads/moi-main/project_root/data/temp_frames/video5/frame_00067.png,"[28, 126, 533, 239]",LEFT_HIP,-0.2503996981919302,-0.36985276940783585,0.9993364214897156,0.786190003156662,0.432916097342968,0.27458790829569385
00067,/Users/nikko/Downloads/moi-main/project_root/data/temp_frames/video5/frame_00067.png,"[28, 126, 533, 239]",RIGHT_HIP,-0.3254712120168131,0.07671812123134393,0.9994103908538818,0.786190003156662,0.432916097342968,0.27458790829569385
00067,/Users/nikko/Downloads/moi-main/project_root/data/temp_frames/video5/frame_00067.png,"[28, 126, 533, 239]",RIGHT_ELBOW,-0.13620597541800758,0.5150096576454556,0.571356475353241,0.786190003156662,0.432916097342968,0.27458790829569385
00067,/Users/nikko/Downloads/moi-main/project_root/data/temp_frames/video5/frame_00067.png,"[28, 126, 533, 239]",RIGHT_WRIST,0.09609523221779898,1.6581548768444434,0.6577658653259277,0.786190003156662,0.432916097342968,0.27458790829569385
00067,/Users/nikko/Downloads/moi-main/project_root/data/temp_frames/video5/frame_00067.png,"[28, 126, 533, 239]",LEFT_ANKLE,-1.1473554981484109,0.41892538743461405,0.543594479560852,0.786190003156662,0.432916097342968,0.27458790829569385
00067,/Users/nikko/Downloads/moi-main/project_root/data/temp_frames/video5/frame_00067.png,"[28, 126, 533, 239]",LEFT_EYE,0.4347871672988567,1.4346684252190602,0.9891835451126099,0.786190003156662,0.432916097342968,0.27458790829569385
00067,/Users/nikko/Downloads/moi-main/project_root/data/temp_frames/video5/frame_00067.png,"[28, 126, 533, 239]",RIGHT_EYE,0.42862152679156584,1.4487872731107558,0.9959672689437866,0.786190003156662,0.432916097342968,0.27458790829569385
00068,/Users/nikko/Downloads/moi-main/project_root/data/temp_frames/video5/frame_00068.png,"[28, 125, 532, 240]",LEFT_SHOULDER,0.4358681617682036,-0.259414442165884,0.9990094900131226,0.753644123673439,0.4935638904571533,0.24263840157254968
00068,/Users/nikko/Downloads/moi-main/project_root/data/temp_frames/video5/frame_00068.png,"[28, 125, 532, 240]",RIGHT_SHOULDER,0.33372747212832193,0.5281899507735804,0.9987666606903076,0.753644123673439,0.4935638904571533,0.24263840157254968
00068,/Users/nikko/Downloads/moi-main/project_root/data/temp_frames/video5/frame_00068.png,"[28, 125, 532, 240]",LEFT_HIP,-0.3509792540741279,-0.320655031606432,0.9986166954040527,0.753644123673439,0.4935638904571533,0.24263840157254968
00068,/Users/nikko/Downloads/moi-main/project_root/data/temp_frames/video5/frame_00068.png,"[28, 125, 532, 240]",RIGHT_HIP,-0.4186163798223977,0.05187952299873554,0.9992725253105164,0.753644123673439,0.4935638904571533,0.24263840157254968
00068,/Users/nikko/Downloads/moi-main/project_root/data/temp_frames/video5/frame_00068.png,"[28, 125, 532, 240]",RIGHT_ELBOW,-0.009612184351124209,0.2280745094751245,0.5142087936401367,0.753644123673439,0.4935638904571533,0.24263840157254968
00068,/Users/nikko/Downloads/moi-main/project_root/data/temp_frames/video5/frame_00068.png,"[28, 125, 532, 240]",LEFT_EYE,0.6347943241998416,1.441024492967487,0.9918155074119568,0.753644123673439,0.4935638904571533,0.24263840157254968
00068,/Users/nikko/Downloads/moi-main/project_root/data/temp_frames/video5/frame_00068.png,"[28, 125, 532, 240]",RIGHT_EYE,0.6301328290204826,1.436149034766352,0.9974728226661682,0.753644123673439,0.4935638904571533,0.24263840157254968
00069,/Users/nikko/Downloads/moi-main/project_root/data/temp_frames/video5/frame_00069.png,"[28, 126, 533, 240]",LEFT_SHOULDER,0.34292817157815786,-0.24300547263626535,0.9998036026954651,0.7775025963783264,0.4441262185573578,0.26670270312742456
00069,/Users/nikko/Downloads/moi-main/project_root/data/temp_frames/video5/frame_00069.png,"[28, 126, 533, 240]",RIGHT_SHOULDER,0.27315434512687536,0.7096529267465621,0.9996963739395142,0.7775025963783264,0.4441262185573578,0.26670270312742456
00069,/Users/nikko/Downloads/moi-main/project_root/data/temp_frames/video5/frame_00069.png,"[28, 126, 533, 240]",LEFT_HIP,-0.2734909168750397,-0.44674245342229785,0.9991353154182434,0.7775025963783264,0.4441262185573578,0.26670270312742456
00069,/Users/nikko/Downloads/moi-main/project_root/data/temp_frames/video5/frame_00069.png,"[28, 126, 533, 240]",RIGHT_HIP,-0.34259159982999354,-0.019905000687998907,0.9994940757751465,0.7775025963783264,0.4441262185573578,0.26670270312742456
00069,/Users/nikko/Downloads/moi-main/project_root/data/temp_frames/video5/frame_00069.png,"[28, 126, 533, 240]",RIGHT_ELBOW,-0.04642254114006484,0.4968226980924628,0.5476505160331726,0.7775025963783264,0.4441262185573578,0.26670270312742456
00069,/Users/nikko/Downloads/moi-main/project_root/data/temp_frames/video5/frame_00069.png,"[28, 126, 533, 240]",RIGHT_ANKLE,-1.3187982885054508,0.5563152186323576,0.6931390166282654,0.7775025963783264,0.4441262185573578,0.26670270312742456
00069,/Users/nikko/Downloads/moi-main/project_root/data/temp_frames/video5/frame_00069.png,"[28, 126, 533, 240]",LEFT_EYE,0.49354671072827544,1.4299057404317417,0.9997251629829407,0.7775025963783264,0.4441262185573578,0.26670270312742456
00069,/Users/nikko/Downloads/moi-main/project_root/data/temp_frames/video5/frame_00069.png,"[28, 126, 533, 240]",RIGHT_EYE,0.4892792223277462,1.4397715836075136,0.9998832941055298,0.7775025963783264,0.4441262185573578,0.26670270312742456
00070,/Users/nikko/Downloads/moi-main/project_root/data/temp_frames/video5/frame_00070.png,"[29, 126, 533, 240]",LEFT_SHOULDER,0.4239539219634625,-0.026084773820229234,0.9996101260185242,0.7754582911729813,0.4545021802186966,0.21952397073468852
00070,/Users/nikko/Downloads/moi-main/project_root/data/temp_frames/video5/frame_00070.png,"[29, 126, 533, 240]",RIGHT_SHOULDER,0.33016274649506056,0.5566677035110357,0.9994994401931763,0.7754582911729813,0.4545021802186966,0.21952397073468852
00070,/Users/nikko/Downloads/moi-main/project_root/data/temp_frames/video5/frame_00070.png,"[29, 126, 533, 240]",LEFT_HIP,-0.3306681767033337,-0.3757881744042269,0.9992203712463379,0.7754582911729813,0.4545021802186966,0.21952397073468852
00070,/Users/nikko/Downloads/moi-main/project_root/data/temp_frames/video5/frame_00070.png,"[29, 126, 533, 240]",RIGHT_HIP,-0.42344849175518934,-0.1547947552865796,0.9995840191841125,0.7754582911729813,0.4545021802186966,0.21952397073468852
00070,/Users/nikko/Downloads/moi-main/project_root/data/temp_frames/video5/frame_00070.png,"[29, 126, 533, 240]",RIGHT_ELBOW,-0.10683929819003943,0.2857128544906585,0.7675473093986511,0.7754582911729813,0.4545021802186966,0.21952397073468852
00070,/Users/nikko/Downloads/moi-main/project_root/data/temp_frames/video5/frame_00070.png,"[29, 126, 533, 240]",RIGHT_KNEE,-0.8195284739798536,0.7712218087316072,0.5506064295768738,0.7754582911729813,0.4545021802186966,0.21952397073468852
00070,/Users/nikko/Downloads/moi-main/project_root/data/temp_frames/video5/frame_00070.png,"[29, 126, 533, 240]",RIGHT_ANKLE,-1.51703071420456,0.5078504492181168,0.695345938205719,0.7754582911729813,0.4545021802186966,0.21952397073468852
00070,/Users/nikko/Downloads/moi-main/project_root/data/temp_frames/video5/frame_00070.png,"[29, 126, 533, 240]",LEFT_EYE,0.6076739335434649,1.764189751539167,0.9995280504226685,0.7754582911729813,0.4545021802186966,0.21952397073468852
00070,/Users/nikko/Downloads/moi-main/project_root/data/temp_frames/video5/frame_00070.png,"[29, 126, 533, 240]",RIGHT_EYE,0.6099875359096727,1.7523583675340613,0.9997767806053162,0.7754582911729813,0.4545021802186966,0.21952397073468852
00071,/Users/nikko/Downloads/moi-main/project_root/data/temp_frames/video5/frame_00071.png,"[29, 126, 534, 241]",LEFT_SHOULDER,0.4767256053485819,-0.09823022680335718,0.9966208934783936,0.7541342824697495,0.5090107023715973,0.2117085590472504
00071,/Users/nikko/Downloads/moi-main/project_root/data/temp_frames/video5/frame_00071.png,"[29, 126, 534, 241]",RIGHT_SHOULDER,0.4367118686712331,0.3726320755379332,0.9980935454368591,0.7541342824697495,0.5090107023715973,0.2117085590472504
00071,/Users/nikko/Downloads/moi-main/project_root/data/temp_frames/video5/frame_00071.png,"[29, 126, 534, 241]",LEFT_HIP,-0.436955823969641,-0.20327867338651012,0.9990609288215637,0.7541342824697495,0.5090107023715973,0.2117085590472504
00071,/Users/nikko/Downloads/moi-main/project_root/data/temp_frames/video5/frame_00071.png,"[29, 126, 534, 241]",RIGHT_HIP,-0.47648165005017395,-0.0711231753480659,0.9995392560958862,0.7541342824697495,0.5090107023715973,0.2117085590472504
00071,/Users/nikko/Downloads/moi-main/project_root/data/temp_frames/video5/frame_00071.png,"[29, 126, 534, 241]",RIGHT_ELBOW,0.05909074539476906,0.09453626778112902,0.761903703212738,0.7541342824697495,0.5090107023715973,0.2117085590472504
00071,/Users/nikko/Downloads/moi-main/project_root/data/temp_frames/video5/frame_00071.png,"[29, 126, 534, 241]",LEFT_EYE,0.7113545757529389,1.603524370337605,0.9718772768974304,0.7541342824697495,0.5090107023715973,0.2117085590472504
00071,/Users/nikko/Downloads/moi-main/project_root/data/temp_frames/video5/frame_00071.png,"[29, 126, 534, 241]",RIGHT_EYE,0.700359272551529,1.5943120664493136,0.991438627243042,0.7541342824697495,0.5090107023715973,0.2117085590472504
00072,/Users/nikko/Downloads/moi-main/project_root/data/temp_frames/video5/frame_00072.png,"[29, 126, 534, 241]",LEFT_SHOULDER,0.42088496425079214,-0.25052181464877915,0.9995632767677307,0.7700829058885574,0.4686063155531883,0.2376834278958983
00072,/Users/nikko/Downloads/moi-main/project_root/data/temp_frames/video5/frame_00072.png,"[29, 126, 534, 241]",RIGHT_SHOULDER,0.2668607887700145,0.6337410134839968,0.9991887211799622,0.7700829058885574,0.4686063155531883,0.2376834278958983
00072,/Users/nikko/Downloads/moi-main/project_root/data/temp_frames/video5/frame_00072.png,"[29, 126, 534, 241]",LEFT_HIP,-0.2877997278924886,-0.36892189509771384,0.9995272159576416,0.7700829058885574,0.4686063155531883,0.2376834278958983
00072,/Users/nikko/Downloads/moi-main/project_root/data/temp_frames/video5/frame_00072.png,"[29, 126, 534, 241]",RIGHT_HIP,-0.399946025128318,-0.01429730373750383,0.9997656941413879,0.7700829058885574,0.4686063155531883,0.2376834278958983
00072,/Users/nikko/Downloads/moi-main/project_root/data/temp_frames/video5/frame_00072.png,"[29, 126, 534, 241]",RIGHT_ELBOW,-0.0650857510054997,0.38707442998862907,0.5079143643379211,0.7700829058885574,0.4686063155531883,0.2376834278958983
00072,/Users/nikko/Downloads/moi-main/project_root/data/temp_frames/video5/frame_00072.png,"[29, 126, 534, 241]",LEFT_EYE,0.5747729698588969,1.5599125649710006,0.9986259937286377,0.7700829058885574,0.4686063155531883,0.2376834278958983
00072,/Users/nikko/Downloads/moi-main/project_root/data/temp_frames/video5/frame_00072.png,"[29, 126, 534, 241]",RIGHT_EYE,0.5635689227663025,1.5307298315404017,0.9994919300079346,0.7700829058885574,0.4686063155531883,0.2376834278958983
00073,/Users/nikko/Downloads/moi-main/project_root/data/temp_frames/video5/frame_00073.png,"[28, 126, 534, 241]",LEFT_SHOULDER,0.4393608977358294,-0.19897313154845847,0.9995218515396118,0.7617409825325012,0.4931638762354851,0.22272062436912238
00073,/Users/nikko/Downloads/moi-main/project_root/data/temp_frames/video5/frame_00073.png,"[28, 126, 534, 241]",RIGHT_SHOULDER,0.37088586502029414,0.5160061556206004,0.9992088675498962,0.7617409825325012,0.4931638762354851,0.22272062436912238
00073,/Users/nikko/Downloads/moi-main/project_root/data/temp_frames/video5/frame_00073.png,"[28, 126, 534, 241]",LEFT_HIP,-0.3734282614731155,-0.3006925402810856,0.9994527697563171,0.7617409825325012,0.4931638762354851,0.22272062436912238
00073,/Users/nikko/Downloads/moi-main/project_root/data/temp_frames/video5/frame_00073.png,"[28, 126, 534, 241]",RIGHT_HIP,-0.4368185012830081,-0.016340483791056338,0.9996441602706909,0.7617409825325012,0.4931638762354851,0.22272062436912238
00073,/Users/nikko/Downloads/moi-main/project_root/data/temp_frames/video5/frame_00073.png,"[28, 126, 534, 241]",RIGHT_ELBOW,-0.01584956710756748,0.08078187072385093,0.71250319480896,0.7617409825325012,0.4931638762354851,0.22272062436912238
00073,/Users/nikko/Downloads/moi-main/project_root/data/temp_frames/video5/frame_00073.png,"[28, 126, 534, 241]",LEFT_EYE,0.6518177292295806,1.5865357062168748,0.9977878332138062,0.7617409825325012,0.4931638762354851,0.22272062436912238
00073,/Users/nikko/Downloads/moi-main/project_root/data/temp_frames/video5/frame_00073.png,"[28, 126, 534, 241]",RIGHT_EYE,0.6473800431263508,1.584401431299901,0.9990352392196655,0.7617409825325012,0.4931638762354851,0.22272062436912238
00074,/Users/nikko/Downloads/moi-main/project_root/data/temp_frames/video5/frame_00074.png,"[29, 126, 534, 241]",LEFT_SHOULDER,0.4783300880876577,-0.1367551443726391,0.9997432827949524,0.7588669210672379,0.49330417811870575,0.2057428084073863
00074,/Users/nikko/Downloads/moi-main/project_root/data/temp_frames/video5/frame_00074.png,"[29, 126, 534, 241]",RIGHT_SHOULDER,0.37181641365262114,0.44514920251879364,0.999757707118988,0.7588669210672379,0.49330417811870575,0.2057428084073863
00074,/Users/nikko/Downloads/moi-main/project_root/data/temp_frames/video5/frame_00074.png,"[29, 126, 534, 241]",LEFT_HIP,-0.38081999908528447,-0.2812805291296539,0.9997424483299255,0.7588669210672379,0.49330417811870575,0.2057428084073863
00074,/Users/nikko/Downloads/moi-main/project_root/data/temp_frames/video5/frame_00074.png,"[29, 126, 534, 241]",RIGHT_HIP,-0.4693265026549944,-0.027113529016500652,0.9998762607574463,0.7588669210672379,0.49330417811870575,0.2057428084073863
00074,/Users/nikko/Downloads/moi-main/project_root/data/temp_frames/video5/frame_00074.png,"[29, 126, 534, 241]",RIGHT_ELBOW,0.022629335856615883,-0.07164200020258253,0.8937569856643677,0.7588669210672379,0.49330417811870575,0.2057428084073863
00074,/Users/nikko/Downloads/moi-main/project_root/data/temp_frames/video5/frame_00074.png,"[29, 126, 534, 241]",RIGHT_WRIST,0.21355946385449784,1.7231116613147544,0.7390766739845276,0.7588669210672379,0.49330417811870575,0.2057428084073863
00074,/Users/nikko/Downloads/moi-main/project_root/data/temp_frames/video5/frame_00074.png,"[29, 126, 534, 241]",RIGHT_ANKLE,-1.5947868493324862,0.38294121640716167,0.5919766426086426,0.7588669210672379,0.49330417811870575,0.2057428084073863
00074,/Users/nikko/Downloads/moi-main/project_root/data/temp_frames/video5/frame_00074.png,"[29, 126, 534, 241]",LEFT_EYE,0.7085151938394814,1.5829456070208572,0.9998618364334106,0.7588669210672379,0.49330417811870575,0.2057428084073863
00074,/Users/nikko/Downloads/moi-main/project_root/data/temp_frames/video5/frame_00074.png,"[29, 126, 534, 241]",RIGHT_EYE,0.7114168754423115,1.5325387391292016,0.9999457597732544,0.7588669210672379,0.49330417811870575,0.2057428084073863
00075,/Users/nikko/Downloads/moi-main/project_root/data/temp_frames/video5/frame_00075.png,"[28, 126, 534, 242]",LEFT_SHOULDER,0.43881893698078117,-0.2727030103197747,0.9983460903167725,0.7490022033452988,0.5043092966079712,0.24530045907337245
00075,/Users/nikko/Downloads/moi-main/project_root/data/temp_frames/video5/frame_00075.png,"[28, 126, 534, 242]",RIGHT_SHOULDER,0.3782135432877087,0.48567975128897495,0.9983541965484619,0.7490022033452988,0.5043092966079712,0.24530045907337245
00075,/Users/nikko/Downloads/moi-main/project_root/data/temp_frames/video5/frame_00075.png,"[28, 126, 534, 242]",LEFT_HIP,-0.3941054531302274,-0.26696999215037154,0.9993465542793274,0.7490022033452988,0.5043092966079712,0.24530045907337245
00075,/Users/nikko/Downloads/moi-main/project_root/data/temp_frames/video5/frame_00075.png,"[28, 126, 534, 242]",RIGHT_HIP,-0.42292702713826247,0.053993251181171285,0.999612033367157,0.7490022033452988,0.5043092966079712,0.24530045907337245
00075,/Users/nikko/Downloads/moi-main/project_root/data/temp_frames/video5/frame_00075.png,"[28, 126, 534, 242]",RIGHT_ELBOW,0.004404186978679901,0.3724838661795851,0.7291193008422852,0.7490022033452988,0.5043092966079712,0.24530045907337245
00075,/Users/nikko/Downloads/moi-main/project_root/data/temp_frames/video5/frame_00075.png,"[28, 126, 534, 242]",RIGHT_WRIST,0.2352630168747634,1.3823975150194172,0.5346333980560303,0.7490022033452988,0.5043092966079712,0.24530045907337245
00075,/Users/nikko/Downloads/moi-main/project_root/data/temp_frames/video5/frame_00075.png,"[28, 126, 534, 242]",RIGHT_KNEE,-1.0164770118570523,0.7319196123846522,0.5427666902542114,0.7490022033452988,0.5043092966079712,0.24530045907337245
00075,/Users/nikko/Downloads/moi-main/project_root/data/temp_frames/video5/frame_00075.png,"[28, 126, 534, 242]",RIGHT_ANKLE,-1.5827737774789883,0.5883589474354955,0.50801020860672,0.7490022033452988,0.5043092966079712,0.24530045907337245
00075,/Users/nikko/Downloads/moi-main/project_root/data/temp_frames/video5/frame_00075.png,"[28, 126, 534, 242]",LEFT_EYE,0.6385215807398297,1.3334843778870598,0.988987386226654,0.7490022033452988,0.5043092966079712,0.24530045907337245
00075,/Users/nikko/Downloads/moi-main/project_root/data/temp_frames/video5/frame_00075.png,"[28, 126, 534, 242]",RIGHT_EYE,0.6371581847515054,1.3081241433646205,0.9962689876556396,0.7490022033452988,0.5043092966079712,0.24530045907337245
00076,/Users/nikko/Downloads/moi-main/project_root/data/temp_frames/video5/frame_00076.png,"[28, 127, 535, 242]",LEFT_SHOULDER,0.4804283888890201,-0.15645767223518361,0.9974476099014282,0.7356969863176346,0.5209539830684662,0.21433362081696047
00076,/Users/nikko/Downloads/moi-main/project_root/data/temp_frames/video5/frame_00076.png,"[28, 127, 535, 242]",RIGHT_SHOULDER,0.4870052844948748,0.2391457965246055,0.998590886592865,0.7356969863176346,0.5209539830684662,0.21433362081696047
00076,/Users/nikko/Downloads/moi-main/project_root/data/temp_frames/video5/frame_00076.png,"[28, 127, 535, 242]",LEFT_HIP,-0.4723579956996034,-0.08294438683913838,0.9987571239471436,0.7356969863176346,0.5209539830684662,0.21433362081696047
00076,/Users/nikko/Downloads/moi-main/project_root/data/temp_frames/video5/frame_00076.png,"[28, 127, 535, 242]",RIGHT_HIP,-0.4950756776842915,0.0002562625497164938,0.9992867112159729,0.7356969863176346,0.5209539830684662,0.21433362081696047
00076,/Users/nikko/Downloads/moi-main/project_root/data/temp_frames/video5/frame_00076.png,"[28, 127, 535, 242]",RIGHT_ELBOW,0.12223508099527725,-0.26423686183056916,0.7213616967201233,0.7356969863176346,0.5209539830684662,0.21433362081696047
00076,/Users/nikko/Downloads/moi-main/project_root/data/temp_frames/video5/frame_00076.png,"[28, 127, 535, 242]",RIGHT_WRIST,0.3433133249167295,1.4231722154081923,0.653131902217865,0.7356969863176346,0.5209539830684662,0.21433362081696047
00076,/Users/nikko/Downloads/moi-main/project_root/data/temp_frames/video5/frame_00076.png,"[28, 127, 535, 242]",LEFT_EYE,0.7686235048521725,1.4668366841886433,0.9741114974021912,0.7356969863176346,0.5209539830684662,0.21433362081696047
00076,/Users/nikko/Downloads/moi-main/project_root/data/temp_frames/video5/frame_00076.png,"[28, 127, 535, 242]",RIGHT_EYE,0.771439751017098,1.4034337419911795,0.991377592086792,0.7356969863176346,0.5209539830684662,0.21433362081696047
00077,/Users/nikko/Downloads/moi-main/project_root/data/temp_frames/video5/frame_00077.png,"[28, 127, 535, 242]",LEFT_SHOULDER,0.43035024764472535,-0.45553547309405035,0.9947829842567444,0.7199947535991669,0.5680364966392517,0.26994378921592843
00077,/Users/nikko/Downloads/moi-main/project_root/data/temp_frames/video5/frame_00077.png,"[28, 127, 535, 242]",RIGHT_SHOULDER,0.3706744574676081,0.3163384787049799,0.9962111711502075,0.7199947535991669,0.5680364966392517,0.26994378921592843
00077,/Users/nikko/Downloads/moi-main/project_root/data/temp_frames/video5/frame_00077.png,"[28, 127, 535, 242]",LEFT_HIP,-0.38190012837184556,-0.13721616249131446,0.9981118440628052,0.7199947535991669,0.5680364966392517,0.26994378921592843
00077,/Users/nikko/Downloads/moi-main/project_root/data/temp_frames/video5/frame_00077.png,"[28, 127, 535, 242]",RIGHT_HIP,-0.4191245767404879,0.2764131568803849,0.9989287257194519,0.7199947535991669,0.5680364966392517,0.26994378921592843
00077,/Users/nikko/Downloads/moi-main/project_root/data/temp_frames/video5/frame_00077.png,"[28, 127, 535, 242]",LEFT_EYE,0.6736635732392995,0.9644937903711759,0.8290802836418152,0.7199947535991669,0.5680364966392517,0.26994378921592843
00077,/Users/nikko/Downloads/moi-main/project_root/data/temp_frames/video5/frame_00077.png,"[28, 127, 535, 242]",RIGHT_EYE,0.676536232139066,0.9603958905617396,0.9690686464309692,0.7199947535991669,0.5680364966392517,0.26994378921592843
00078,/Users/nikko/Downloads/moi-main/project_root/data/temp_frames/video5/frame_00078.png,"[28, 127, 535, 242]",LEFT_SHOULDER,0.516003984782803,-0.21341788369538545,0.9990782737731934,0.7440533488988876,0.533039815723896,0.2094446281916187
00078,/Users/nikko/Downloads/moi-main/project_root/data/temp_frames/video5/frame_00078.png,"[28, 127, 535, 242]",RIGHT_SHOULDER,0.43317345888760667,0.3137911083495545,0.9994634985923767,0.7440533488988876,0.533039815723896,0.2094446281916187
00078,/Users/nikko/Downloads/moi-main/project_root/data/temp_frames/video5/frame_00078.png,"[28, 127, 535, 242]",LEFT_HIP,-0.4481765988457312,-0.07917849164430026,0.9996891021728516,0.7440533488988876,0.533039815723896,0.2094446281916187
00078,/Users/nikko/Downloads/moi-main/project_root/data/temp_frames/video5/frame_00078.png,"[28, 127, 535, 242]",RIGHT_HIP,-0.5010008448246785,-0.02119473300986876,0.999821126461029,0.7440533488988876,0.533039815723896,0.2094446281916187
00078,/Users/nikko/Downloads/moi-main/project_root/data/temp_frames/video5/frame_00078.png,"[28, 127, 535, 242]",RIGHT_WRIST,0.294313414479612,1.468634609451598,0.643281877040863,0.7440533488988876,0.533039815723896,0.2094446281916187
00078,/Users/nikko/Downloads/moi-main/project_root/data/temp_frames/video5/frame_00078.png,"[28, 127, 535, 242]",LEFT_EYE,0.7819844036559334,1.4745377407815874,0.9810211658477783,0.7440533488988876,0.533039815723896,0.2094446281916187
00078,/Users/nikko/Downloads/moi-main/project_root/data/temp_frames/video5/frame_00078.png,"[28, 127, 535, 242]",RIGHT_EYE,0.7900167944281915,1.4238695051654613,0.9959070682525635,0.7440533488988876,0.533039815723896,0.2094446281916187
00079,/Users/nikko/Downloads/moi-main/project_root/data/temp_frames/video5/frame_00079.png,"[28, 127, 535, 242]",LEFT_SHOULDER,0.480092555732186,-0.32870451116245136,0.9987975358963013,0.7401186674833298,0.5479878783226013,0.22940909083342775
00079,/Users/nikko/Downloads/moi-main/project_root/data/temp_frames/video5/frame_00079.png,"[28, 127, 535, 242]",RIGHT_SHOULDER,0.4013006242545448,0.38814674599609356,0.9989144802093506,0.7401186674833298,0.5479878783226013,0.22940909083342775
00079,/Users/nikko/Downloads/moi-main/project_root/data/temp_frames/video5/frame_00079.png,"[28, 127, 535, 242]",LEFT_HIP,-0.41946022387840476,-0.13669942051978434,0.9992651343345642,0.7401186674833298,0.5479878783226013,0.22940909083342775
00079,/Users/nikko/Downloads/moi-main/project_root/data/temp_frames/video5/frame_00079.png,"[28, 127, 535, 242]",RIGHT_HIP,-0.4619329561083261,0.07725718568614215,0.9995656609535217,0.7401186674833298,0.5479878783226013,0.22940909083342775
00079,/Users/nikko/Downloads/moi-main/project_root/data/temp_frames/video5/frame_00079.png,"[28, 127, 535, 242]",LEFT_EYE,0.7301111412207767,1.2967017047473413,0.9875669479370117,0.7401186674833298,0.5479878783226013,0.22940909083342775
00079,/Users/nikko/Downloads/moi-main/project_root/data/temp_frames/video5/frame_00079.png,"[28, 127, 535, 242]",RIGHT_EYE,0.7188667314756443,1.2975476726324133,0.9974057078361511,0.7401186674833298,0.5479878783226013,0.22940909083342775
00080,/Users/nikko/Downloads/moi-main/project_root/data/temp_frames/video5/frame_00080.png,"[28, 127, 535, 242]",LEFT_SHOULDER,0.47034760794752467,-0.29248521657275606,0.9984295964241028,0.7403702884912491,0.5365125313401222,0.2308401040663238
00080,/Users/nikko/Downloads/moi-main/project_root/data/temp_frames/video5/frame_00080.png,"[28, 127, 535, 242]",RIGHT_SHOULDER,0.40765870152754036,0.38673785891697426,0.9983206391334534,0.7403702884912491,0.5365125313401222,0.2308401040663238
00080,/Users/nikko/Downloads/moi-main/project_root/data/temp_frames/video5/frame_00080.png,"[28, 127, 535, 242]",LEFT_HIP,-0.4199025135796689,-0.17407319640097174,0.998982846736908,0.7403702884912491,0.5365125313401222,0.2308401040663238
00080,/Users/nikko/Downloads/moi-main/project_root/data/temp_frames/video5/frame_00080.png,"[28, 127, 535, 242]",RIGHT_HIP,-0.4581037958953961,0.07982055405675358,0.9993316531181335,0.7403702884912491,0.5365125313401222,0.2308401040663238
00080,/Users/nikko/Downloads/moi-main/project_root/data/temp_frames/video5/frame_00080.png,"[28, 127, 535, 242]",LEFT_EYE,0.7249425208550861,1.349174533114317,0.9285212159156799,0.7403702884912491,0.5365125313401222,0.2308401040663238
00080,/Users/nikko/Downloads/moi-main/project_root/data/temp_frames/video5/frame_00080.png,"[28, 127, 535, 242]",RIGHT_EYE,0.7183388641971744,1.3674780877383401,0.9842349886894226,0.7403702884912491,0.5365125313401222,0.2308401040663238
00081,/Users/nikko/Downloads/moi-main/project_root/data/temp_frames/video5/frame_00081.png,"[28, 127, 535, 243]",LEFT_SHOULDER,0.5120943499791555,0.013074680548239476,0.9990957975387573,0.7637612223625183,0.4960664436221123,0.19765576868760942
00081,/Users/nikko/Downloads/moi-main/project_root/data/temp_frames/video5/frame_00081.png,"[28, 127, 535, 243]",RIGHT_SHOULDER,0.3731835447432635,0.359718422194088,0.9989882111549377,0.7637612223625183,0.4960664436221123,0.19765576868760942
00081,/Users/nikko/Downloads/moi-main/project_root/data/temp_frames/video5/frame_00081.png,"[28, 127, 535, 243]",LEFT_HIP,-0.39247329448172596,-0.26436817328853734,0.9987723231315613,0.7637612223625183,0.4960664436221123,0.19765576868760942
00081,/Users/nikko/Downloads/moi-main/project_root/data/temp_frames/video5/frame_00081.png,"[28, 127, 535, 243]",RIGHT_HIP,-0.49280460024069306,-0.10842492945379015,0.999419093132019,0.7637612223625183,0.4960664436221123,0.19765576868760942
00081,/Users/nikko/Downloads/moi-main/project_root/data/temp_frames/video5/frame_00081.png,"[28, 127, 535, 243]",RIGHT_ELBOW,-0.038656396723681985,-0.4356806135084593,0.8638435006141663,0.7637612223625183,0.4960664436221123,0.19765576868760942
00081,/Users/nikko/Downloads/moi-main/project_root/data/temp_frames/video5/frame_00081.png,"[28, 127, 535, 243]",RIGHT_WRIST,0.20916473298878963,1.5544341550029928,0.666053295135498,0.7637612223625183,0.4960664436221123,0.19765576868760942
00081,/Users/nikko/Downloads/moi-main/project_root/data/temp_frames/video5/frame_00081.png,"[28, 127, 535, 243]",LEFT_EYE,0.7310352862723242,1.6747750290416343,0.9958170056343079,0.7637612223625183,0.4960664436221123,0.19765576868760942
00081,/Users/nikko/Downloads/moi-main/project_root/data/temp_frames/video5/frame_00081.png,"[28, 127, 535, 243]",RIGHT_EYE,0.7367826769622949,1.6108791465853074,0.9982384443283081,0.7637612223625183,0.4960664436221123,0.19765576868760942
00082,/Users/nikko/Downloads/moi-main/project_root/data/temp_frames/video5/frame_00082.png,"[27, 127, 535, 243]",LEFT_SHOULDER,0.4925850157355175,-0.28589747129956206,0.9981876015663147,0.7375964820384979,0.5448627546429634,0.22483692664669197
00082,/Users/nikko/Downloads/moi-main/project_root/data/temp_frames/video5/frame_00082.png,"[27, 127, 535, 243]",RIGHT_SHOULDER,0.4044721132063583,0.385519564013954,0.9986259937286377,0.7375964820384979,0.5448627546429634,0.22483692664669197
00082,/Users/nikko/Downloads/moi-main/project_root/data/temp_frames/video5/frame_00082.png,"[27, 127, 535, 243]",LEFT_HIP,-0.4269694362440569,-0.1399297081230452,0.9992890357971191,0.7375964820384979,0.5448627546429634,0.22483692664669197
00082,/Users/nikko/Downloads/moi-main/project_root/data/temp_frames/video5/frame_00082.png,"[27, 127, 535, 243]",RIGHT_HIP,-0.4700876926978189,0.04030761540865327,0.9995555281639099,0.7375964820384979,0.5448627546429634,0.22483692664669197
00082,/Users/nikko/Downloads/moi-main/project_root/data/temp_frames/video5/frame_00082.png,"[27, 127, 535, 243]",LEFT_EYE,0.7509345463899655,1.2865524227037337,0.9472624659538269,0.7375964820384979,0.5448627546429634,0.22483692664669197
00082,/Users/nikko/Downloads/moi-main/project_root/data/temp_frames/video5/frame_00082.png,"[27, 127, 535, 243]",RIGHT_EYE,0.7445493075616657,1.269200192881166,0.9910693168640137,0.7375964820384979,0.5448627546429634,0.22483692664669197
00083,/Users/nikko/Downloads/moi-main/project_root/data/temp_frames/video5/frame_00083.png,"[28, 126, 534, 243]",LEFT_SHOULDER,0.4924650777729463,-0.15492587970664043,0.9981607794761658,0.7532640248537064,0.5115083530545235,0.2166371269521962
00083,/Users/nikko/Downloads/moi-main/project_root/data/temp_frames/video5/frame_00083.png,"[28, 126, 534, 243]",RIGHT_SHOULDER,0.3734399239785659,0.4037841433930869,0.9981990456581116,0.7532640248537064,0.5115083530545235,0.2166371269521962
00083,/Users/nikko/Downloads/moi-main/project_root/data/temp_frames/video5/frame_00083.png,"[28, 126, 534, 243]",LEFT_HIP,-0.39460131171382157,-0.26830510784496603,0.9990679621696472,0.7532640248537064,0.5115083530545235,0.2166371269521962
00083,/Users/nikko/Downloads/moi-main/project_root/data/temp_frames/video5/frame_00083.png,"[28, 126, 534, 243]",RIGHT_HIP,-0.47130369003769057,0.019446844158519612,0.9996059536933899,0.7532640248537064,0.5115083530545235,0.2166371269521962
00083,/Users/nikko/Downloads/moi-main/project_root/data/temp_frames/video5/frame_00083.png,"[28, 126, 534, 243]",RIGHT_ELBOW,0.013690141922105225,-0.25534703369359485,0.7192913889884949,0.7532640248537064,0.5115083530545235,0.2166371269521962
00083,/Users/nikko/Downloads/moi-main/project_root/data/temp_frames/video5/frame_00083.png,"[28, 126, 534, 243]",LEFT_EYE,0.7011377526565951,1.5147720631829877,0.9883739948272705,0.7532640248537064,0.5115083530545235,0.2166371269521962
00083,/Users/nikko/Downloads/moi-main/project_root/data/temp_frames/video5/frame_00083.png,"[28, 126, 534, 243]",RIGHT_EYE,0.700595734989266,1.4709297122928524,0.9964290261268616,0.7532640248537064,0.5115083530545235,0.2166371269521962
00084,/Users/nikko/Downloads/moi-main/project_root/data/temp_frames/video5/frame_00084.png,"[27, 126, 534, 243]",LEFT_SHOULDER,0.4630127947385529,-0.12669630413213917,0.9984551668167114,0.7556494772434235,0.5030351355671883,0.21535599356111268
00084,/Users/nikko/Downloads/moi-main/project_root/data/temp_frames/video5/frame_00084.png,"[27, 126, 534, 243]",RIGHT_SHOULDER,0.3914778639546528,0.4406325101019977,0.9986477494239807,0.7556494772434235,0.5030351355671883,0.21535599356111268
00084,/Users/nikko/Downloads/moi-main/project_root/data/temp_frames/video5/frame_00084.png,"[27, 126, 534, 243]",LEFT_HIP,-0.3968442084823341,-0.28846257203145026,0.9992400407791138,0.7556494772434235,0.5030351355671883,0.21535599356111268
00084,/Users/nikko/Downloads/moi-main/project_root/data/temp_frames/video5/frame_00084.png,"[27, 126, 534, 243]",RIGHT_HIP,-0.4576464502108716,-0.0254736339384083,0.9995922446250916,0.7556494772434235,0.5030351355671883,0.21535599356111268
00084,/Users/nikko/Downloads/moi-main/project_root/data/temp_frames/video5/frame_00084.png,"[27, 126, 534, 243]",LEFT_EYE,0.6987422580931558,1.5864213802131766,0.9540309309959412,0.7556494772434235,0.5030351355671883,0.21535599356111268
00084,/Users/nikko/Downloads/moi-main/project_root/data/temp_frames/video5/frame_00084.png,"[27, 126, 534, 243]",RIGHT_EYE,0.6909621794571703,1.533210181414172,0.9861974120140076,0.7556494772434235,0.5030351355671883,0.21535599356111268
00085,/Users/nikko/Downloads/moi-main/project_root/data/temp_frames/video5/frame_00085.png,"[28, 126, 535, 243]",LEFT_SHOULDER,0.4544777432450902,-0.20257244149096248,0.9997594952583313,0.7665316313505173,0.4950273185968399,0.22664490845807328
00085,/Users/nikko/Downloads/moi-main/project_root/data/temp_frames/video5/frame_00085.png,"[28, 126, 535, 243]",RIGHT_SHOULDER,0.2968975630216627,0.555406466155995,0.9996525049209595,0.7665316313505173,0.4950273185968399,0.22664490845807328
00085,/Users/nikko/Downloads/moi-main/project_root/data/temp_frames/video5/frame_00085.png,"[28, 126, 535, 243]",LEFT_HIP,-0.3241031646696152,-0.34808665066204136,0.9997280240058899,0.7665316313505173,0.4950273185968399,0.22664490845807328
00085,/Users/nikko/Downloads/moi-main/project_root/data/temp_frames/video5/frame_00085.png,"[28, 126, 535, 243]",RIGHT_HIP,-0.4272721415971377,-0.004747374002991113,0.9998759031295776,0.7665316313505173,0.4950273185968399,0.22664490845807328
00085,/Users/nikko/Downloads/moi-main/project_root/data/temp_frames/video5/frame_00085.png,"[28, 126, 535, 243]",RIGHT_ELBOW,-0.054574452422020525,-0.0543252723221502,0.7040188908576965,0.7665316313505173,0.4950273185968399,0.22664490845807328
00085,/Users/nikko/Downloads/moi-main/project_root/data/temp_frames/video5/frame_00085.png,"[28, 126, 535, 243]",RIGHT_WRIST,0.17134655890716027,1.593183856488527,0.578823447227478,0.7665316313505173,0.4950273185968399,0.22664490845807328
00085,/Users/nikko/Downloads/moi-main/project_root/data/temp_frames/video5/frame_00085.png,"[28, 126, 535, 243]",LEFT_EYE,0.6283397062263768,1.470938071893993,0.9977868795394897,0.7665316313505173,0.4950273185968399,0.22664490845807328
00085,/Users/nikko/Downloads/moi-main/project_root/data/temp_frames/video5/frame_00085.png,"[28, 126, 535, 243]",RIGHT_EYE,0.613337617786163,1.444092893810022,0.9992241859436035,0.7665316313505173,0.4950273185968399,0.22664490845807328
00086,/Users/nikko/Downloads/moi-main/project_root/data/temp_frames/video5/frame_00086.png,"[28, 126, 535, 243]",LEFT_SHOULDER,0.43183906030617375,-0.19378150444028733,0.9995991587638855,0.7697448581457138,0.4716477394104004,0.23117874788495607
00086,/Users/nikko/Downloads/moi-main/project_root/data/temp_frames/video5/frame_00086.png,"[28, 126, 535, 243]",RIGHT_SHOULDER,0.2784878905530639,0.5931052659591627,0.9989933371543884,0.7697448581457138,0.4716477394104004,0.23117874788495607
00086,/Users/nikko/Downloads/moi-main/project_root/data/temp_frames/video5/frame_00086.png,"[28, 126, 535, 243]",LEFT_HIP,-0.303674843914531,-0.38898957815893387,0.9996606111526489,0.7697448581457138,0.4716477394104004,0.23117874788495607
00086,/Users/nikko/Downloads/moi-main/project_root/data/temp_frames/video5/frame_00086.png,"[28, 126, 535, 243]",RIGHT_HIP,-0.40665210694470666,-0.010334183359941478,0.9998173117637634,0.7697448581457138,0.4716477394104004,0.23117874788495607
00086,/Users/nikko/Downloads/moi-main/project_root/data/temp_frames/video5/frame_00086.png,"[28, 126, 535, 243]",RIGHT_ELBOW,-0.07885443546919806,0.0331497521311846,0.524956226348877,0.7697448581457138,0.4716477394104004,0.23117874788495607
00086,/Users/nikko/Downloads/moi-main/project_root/data/temp_frames/video5/frame_00086.png,"[28, 126, 535, 243]",LEFT_EYE,0.5941956903438547,1.5187746928659156,0.9940469264984131,0.7697448581457138,0.4716477394104004,0.23117874788495607
00086,/Users/nikko/Downloads/moi-main/project_root/data/temp_frames/video5/frame_00086.png,"[28, 126, 535, 243]",RIGHT_EYE,0.59055359426106,1.4965941575543866,0.9973176121711731,0.7697448581457138,0.4716477394104004,0.23117874788495607
00087,/Users/nikko/Downloads/moi-main/project_root/data/temp_frames/video5/frame_00087.png,"[28, 126, 535, 242]",LEFT_SHOULDER,0.4030869769503627,-0.2947756857049068,0.9999275207519531,0.7619800269603729,0.5043573901057243,0.24953039016357664
00087,/Users/nikko/Downloads/moi-main/project_root/data/temp_frames/video5/frame_00087.png,"[28, 126, 535, 242]",RIGHT_SHOULDER,0.28331749116284793,0.5818281653245044,0.9998565912246704,0.7619800269603729,0.5043573901057243,0.24953039016357664
00087,/Users/nikko/Downloads/moi-main/project_root/data/temp_frames/video5/frame_00087.png,"[28, 126, 535, 242]",LEFT_HIP,-0.3025360356517573,-0.3773042104031423,0.9998966455459595,0.7619800269603729,0.5043573901057243,0.24953039016357664
00087,/Users/nikko/Downloads/moi-main/project_root/data/temp_frames/video5/frame_00087.png,"[28, 126, 535, 242]",RIGHT_HIP,-0.3838684324614534,0.09025173078354469,0.9999462366104126,0.7619800269603729,0.5043573901057243,0.24953039016357664
00087,/Users/nikko/Downloads/moi-main/project_root/data/temp_frames/video5/frame_00087.png,"[28, 126, 535, 242]",RIGHT_ELBOW,-0.046465537584459336,0.07351955577877045,0.5574952960014343,0.7619800269603729,0.5043573901057243,0.24953039016357664
00087,/Users/nikko/Downloads/moi-main/project_root/data/temp_frames/video5/frame_00087.png,"[28, 126, 535, 242]",LEFT_EYE,0.5907712068755747,1.2228554945999617,0.9998419284820557,0.7619800269603729,0.5043573901057243,0.24953039016357664
00087,/Users/nikko/Downloads/moi-main/project_root/data/temp_frames/video5/frame_00087.png,"[28, 126, 535, 242]",RIGHT_EYE,0.5806621048544314,1.3502479517917616,0.9999396800994873,0.7619800269603729,0.5043573901057243,0.24953039016357664
00088,/Users/nikko/Downloads/moi-main/project_root/data/temp_frames/video5/frame_00088.png,"[28, 126, 535, 243]",LEFT_SHOULDER,0.4057039319330712,-0.2516536348315201,0.9998080134391785,0.7698232382535934,0.48132573813199997,0.2433884038671046
00088,/Users/nikko/Downloads/moi-main/project_root/data/temp_frames/video5/frame_00088.png,"[28, 126, 535, 243]",RIGHT_SHOULDER,0.272326919866788,0.6093837048012537,0.9997344613075256,0.7698232382535934,0.48132573813199997,0.2433884038671046
00088,/Users/nikko/Downloads/moi-main/project_root/data/temp_frames/video5/frame_00088.png,"[28, 126, 535, 243]",LEFT_HIP,-0.29031116408919555,-0.39859147209469575,0.9996838569641113,0.7698232382535934,0.48132573813199997,0.2433884038671046
00088,/Users/nikko/Downloads/moi-main/project_root/data/temp_frames/video5/frame_00088.png,"[28, 126, 535, 243]",RIGHT_HIP,-0.3877196877106636,0.04086140212496218,0.9998663663864136,0.7698232382535934,0.48132573813199997,0.2433884038671046
00088,/Users/nikko/Downloads/moi-main/project_root/data/temp_frames/video5/frame_00088.png,"[28, 126, 535, 243]",RIGHT_ELBOW,-0.06438140985129408,0.3411110857135471,0.5005335807800293,0.7698232382535934,0.48132573813199997,0.2433884038671046
00088,/Users/nikko/Downloads/moi-main/project_root/data/temp_frames/video5/frame_00088.png,"[28, 126, 535, 243]",LEFT_EYE,0.5998906190059492,1.3396165336911225,0.9996929168701172,0.7698232382535934,0.48132573813199997,0.2433884038671046
00088,/Users/nikko/Downloads/moi-main/project_root/data/temp_frames/video5/frame_00088.png,"[28, 126, 535, 243]",RIGHT_EYE,0.5907288457650609,1.2367162358608144,0.9998772144317627,0.7698232382535934,0.48132573813199997,0.2433884038671046
00089,/Users/nikko/Downloads/moi-main/project_root/data/temp_frames/video5/frame_00089.png,"[27, 127, 535, 242]",LEFT_SHOULDER,0.4683200690456906,-0.20439411225839485,0.998678982257843,0.7456243485212326,0.5412014871835709,0.21880499523980737
00089,/Users/nikko/Downloads/moi-main/project_root/data/temp_frames/video5/frame_00089.png,"[27, 127, 535, 242]",RIGHT_SHOULDER,0.4101224200575666,0.40784466475886694,0.9992396831512451,0.7456243485212326,0.5412014871835709,0.21880499523980737
00089,/Users/nikko/Downloads/moi-main/project_root/data/temp_frames/video5/frame_00089.png,"[27, 127, 535, 242]",LEFT_HIP,-0.42143247009273527,-0.22796710212540153,0.9995854496955872,0.7456243485212326,0.5412014871835709,0.21880499523980737
00089,/Users/nikko/Downloads/moi-main/project_root/data/temp_frames/video5/frame_00089.png,"[27, 127, 535, 242]",RIGHT_HIP,-0.457010019010522,0.02451654962492944,0.9997820258140564,0.7456243485212326,0.5412014871835709,0.21880499523980737
00089,/Users/nikko/Downloads/moi-main/project_root/data/temp_frames/video5/frame_00089.png,"[27, 127, 535, 242]",LEFT_EYE,0.7593243861698451,1.266336806922793,0.9824784994125366,0.7456243485212326,0.5412014871835709,0.21880499523980737
00089,/Users/nikko/Downloads/moi-main/project_root/data/temp_frames/video5/frame_00089.png,"[27, 127, 535, 242]",RIGHT_EYE,0.7707879391782623,1.2152950933459636,0.9965335130691528,0.7456243485212326,0.5412014871835709,0.21880499523980737
00090,/Users/nikko/Downloads/moi-main/project_root/data/temp_frames/video5/frame_00090.png,"[27, 127, 535, 242]",LEFT_SHOULDER,0.4468854503868922,-0.16830627562894818,0.9995266199111938,0.7533565312623978,0.5206444188952446,0.22397828005369658
00090,/Users/nikko/Downloads/moi-main/project_root/data/temp_frames/video5/frame_00090.png,"[27, 127, 535, 242]",RIGHT_SHOULDER,0.382323634629973,0.4709716213514352,0.9994444251060486,0.7533565312623978,0.5206444188952446,0.22397828005369658
00090,/Users/nikko/Downloads/moi-main/project_root/data/temp_frames/video5/frame_00090.png,"[27, 127, 535, 242]",LEFT_HIP,-0.3873036332250906,-0.30729237209773136,0.9997729659080505,0.7533565312623978,0.5206444188952446,0.22397828005369658
00090,/Users/nikko/Downloads/moi-main/project_root/data/temp_frames/video5/frame_00090.png,"[27, 127, 535, 242]",RIGHT_HIP,-0.4419054517917746,0.004627026375244324,0.9998654127120972,0.7533565312623978,0.5206444188952446,0.22397828005369658
00090,/Users/nikko/Downloads/moi-main/project_root/data/temp_frames/video5/frame_00090.png,"[27, 127, 535, 242]",RIGHT_ELBOW,0.008332087050176839,-0.17230735927859114,0.758833110332489,0.7533565312623978,0.5206444188952446,0.22397828005369658
00090,/Users/nikko/Downloads/moi-main/project_root/data/temp_frames/video5/frame_00090.png,"[27, 127, 535, 242]",LEFT_EYE,0.6957089439299562,1.3722996071229407,0.9977452158927917,0.7533565312623978,0.5206444188952446,0.22397828005369658
00090,/Users/nikko/Downloads/moi-main/project_root/data/temp_frames/video5/frame_00090.png,"[27, 127, 535, 242]",RIGHT_EYE,0.7052463457869268,1.3297489407394347,0.9991223216056824,0.7533565312623978,0.5206444188952446,0.22397828005369658
00091,/Users/nikko/Downloads/moi-main/project_root/data/temp_frames/video5/frame_00091.png,"[27, 127, 535, 243]",LEFT_SHOULDER,0.4226715732554583,-0.2819116769030461,0.9996740818023682,0.7675202041864395,0.503191776573658,0.25596124322331953
00091,/Users/nikko/Downloads/moi-main/project_root/data/temp_frames/video5/frame_00091.png,"[27, 127, 535, 243]",RIGHT_SHOULDER,0.2168614324148949,0.6339897202914083,0.9986080527305603,0.7675202041864395,0.503191776573658,0.25596124322331953
00091,/Users/nikko/Downloads/moi-main/project_root/data/temp_frames/video5/frame_00091.png,"[27, 127, 535, 243]",LEFT_HIP,-0.26921818590725793,-0.39892015400724345,0.9998315572738647,0.7675202041864395,0.503191776573658,0.25596124322331953
00091,/Users/nikko/Downloads/moi-main/project_root/data/temp_frames/video5/frame_00091.png,"[27, 127, 535, 243]",RIGHT_HIP,-0.37031481976309527,0.04684211061888126,0.9998917579650879,0.7675202041864395,0.503191776573658,0.25596124322331953
00091,/Users/nikko/Downloads/moi-main/project_root/data/temp_frames/video5/frame_00091.png,"[27, 127, 535, 243]",LEFT_EYE,0.5709286745210815,1.1633272064375213,0.9964962601661682,0.7675202041864395,0.503191776573658,0.25596124322331953
00091,/Users/nikko/Downloads/moi-main/project_root/data/temp_frames/video5/frame_00091.png,"[27, 127, 535, 243]",RIGHT_EYE,0.5385549587731101,1.2789882050225123,0.9987508058547974,0.7675202041864395,0.503191776573658,0.25596124322331953
00092,/Users/nikko/Downloads/moi-main/project_root/data/temp_frames/video5/frame_00092.png,"[27, 127, 535, 243]",LEFT_SHOULDER,0.48788720277576914,-0.13209710146095846,0.9997058510780334,0.7608475983142853,0.5009581968188286,0.215962552705164
00092,/Users/nikko/Downloads/moi-main/project_root/data/temp_frames/video5/frame_00092.png,"[27, 127, 535, 243]",RIGHT_SHOULDER,0.31817411838373894,0.48571832838287254,0.9994801878929138,0.7608475983142853,0.5009581968188286,0.215962552705164
00092,/Users/nikko/Downloads/moi-main/project_root/data/temp_frames/video5/frame_00092.png,"[27, 127, 535, 243]",LEFT_HIP,-0.3477688160503568,-0.3238819422290244,0.999762237071991,0.7608475983142853,0.5009581968188286,0.215962552705164
00092,/Users/nikko/Downloads/moi-main/project_root/data/temp_frames/video5/frame_00092.png,"[27, 127, 535, 243]",RIGHT_HIP,-0.45829250510915126,-0.029739284692889698,0.9998759031295776,0.7608475983142853,0.5009581968188286,0.215962552705164
00092,/Users/nikko/Downloads/moi-main/project_root/data/temp_frames/video5/frame_00092.png,"[27, 127, 535, 243]",RIGHT_ELBOW,-0.0751875996212021,0.16109709830226654,0.8596137762069702,0.7608475983142853,0.5009581968188286,0.215962552705164
00092,/Users/nikko/Downloads/moi-main/project_root/data/temp_frames/video5/frame_00092.png,"[27, 127, 535, 243]",RIGHT_WRIST,0.18885128695801007,1.5733991593360765,0.6701012253761292,0.7608475983142853,0.5009581968188286,0.215962552705164
00092,/Users/nikko/Downloads/moi-main/project_root/data/temp_frames/video5/frame_00092.png,"[27, 127, 535, 243]",RIGHT_KNEE,-0.880005010062682,0.5024720697444138,0.6073639392852783,0.7608475983142853,0.5009581968188286,0.215962552705164
00092,/Users/nikko/Downloads/moi-main/project_root/data/temp_frames/video5/frame_00092.png,"[27, 127, 535, 243]",RIGHT_ANKLE,-1.4286747909140471,0.1684454725795022,0.7297336459159851,0.7608475983142853,0.5009581968188286,0.215962552705164
00092,/Users/nikko/Downloads/moi-main/project_root/data/temp_frames/video5/frame_00092.png,"[27, 127, 535, 243]",LEFT_EYE,0.6769202326243542,1.489807089506302,0.9993951320648193,0.7608475983142853,0.5009581968188286,0.215962552705164
00092,/Users/nikko/Downloads/moi-main/project_root/data/temp_frames/video5/frame_00092.png,"[27, 127, 535, 243]",RIGHT_EYE,0.6685537117665092,1.4367442373545152,0.9997311234474182,0.7608475983142853,0.5009581968188286,0.215962552705164
00093,/Users/nikko/Downloads/moi-main/project_root/data/temp_frames/video5/frame_00093.png,"[27, 127, 535, 243]",LEFT_SHOULDER,0.43745077501846563,-0.23812917883966217,0.9997740387916565,0.7620587348937988,0.5066609680652618,0.24861953251247776
00093,/Users/nikko/Downloads/moi-main/project_root/data/temp_frames/video5/frame_00093.png,"[27, 127, 535, 243]",RIGHT_SHOULDER,0.2545016671951243,0.5898776778433479,0.9994381070137024,0.7620587348937988,0.5066609680652618,0.24861953251247776
00093,/Users/nikko/Downloads/moi-main/project_root/data/temp_frames/video5/frame_00093.png,"[27, 127, 535, 243]",LEFT_HIP,-0.29614468328566806,-0.38840019808320997,0.999850869178772,0.7620587348937988,0.5066609680652618,0.24861953251247776
00093,/Users/nikko/Downloads/moi-main/project_root/data/temp_frames/video5/frame_00093.png,"[27, 127, 535, 243]",RIGHT_HIP,-0.3958077589279219,0.03665169907952425,0.9999192953109741,0.7620587348937988,0.5066609680652618,0.24861953251247776
00093,/Users/nikko/Downloads/moi-main/project_root/data/temp_frames/video5/frame_00093.png,"[27, 127, 535, 243]",RIGHT_ELBOW,-0.06581288644203834,0.46301079170817183,0.6227840185165405,0.7620587348937988,0.5066609680652618,0.24861953251247776
00093,/Users/nikko/Downloads/moi-main/project_root/data/temp_frames/video5/frame_00093.png,"[27, 127, 535, 243]",RIGHT_KNEE,-0.7406565913729181,0.3745086840109215,0.5133978128433228,0.7620587348937988,0.5066609680652618,0.24861953251247776
00093,/Users/nikko/Downloads/moi-main/project_root/data/temp_frames/video5/frame_00093.png,"[27, 127, 535, 243]",RIGHT_ANKLE,-1.1984527460193601,0.02639983433612428,0.6626479029655457,0.7620587348937988,0.5066609680652618,0.24861953251247776
00093,/Users/nikko/Downloads/moi-main/project_root/data/temp_frames/video5/frame_00093.png,"[27, 127, 535, 243]",LEFT_EYE,0.5921371301438524,1.2436619303915106,0.999634861946106,0.7620587348937988,0.5066609680652618,0.24861953251247776
00093,/Users/nikko/Downloads/moi-main/project_root/data/temp_frames/video5/frame_00093.png,"[27, 127, 535, 243]",RIGHT_EYE,0.5995288679898022,1.2047009125911408,0.9998613595962524,0.7620587348937988,0.5066609680652618,0.24861953251247776
00094,/Users/nikko/Downloads/moi-main/project_root/data/temp_frames/video5/frame_00094.png,"[27, 127, 535, 243]",LEFT_SHOULDER,0.4667616972580581,-0.23877671280100704,0.9996553659439087,0.7582441866397858,0.508240632712841,0.2388843853529201
00094,/Users/nikko/Downloads/moi-main/project_root/data/temp_frames/video5/frame_00094.png,"[27, 127, 535, 243]",RIGHT_SHOULDER,0.25449865257807436,0.5720364247963483,0.9992150068283081,0.7582441866397858,0.508240632712841,0.2388843853529201
00094,/Users/nikko/Downloads/moi-main/project_root/data/temp_frames/video5/frame_00094.png,"[27, 127, 535, 243]",LEFT_HIP,-0.3106239986360371,-0.3541521749505277,0.9998941421508789,0.7582441866397858,0.508240632712841,0.2388843853529201
00094,/Users/nikko/Downloads/moi-main/project_root/data/temp_frames/video5/frame_00094.png,"[27, 127, 535, 243]",RIGHT_HIP,-0.41063635120009534,0.020892462955186503,0.9999388456344604,0.7582441866397858,0.508240632712841,0.2388843853529201
00094,/Users/nikko/Downloads/moi-main/project_root/data/temp_frames/video5/frame_00094.png,"[27, 127, 535, 243]",RIGHT_ANKLE,-1.2856990872352494,0.09307344059551693,0.5648979544639587,0.7582441866397858,0.508240632712841,0.2388843853529201
00094,/Users/nikko/Downloads/moi-main/project_root/data/temp_frames/video5/frame_00094.png,"[27, 127, 535, 243]",LEFT_EYE,0.6241230052739987,1.2619517644140599,0.9990266561508179,0.7582441866397858,0.508240632712841,0.2388843853529201
00094,/Users/nikko/Downloads/moi-main/project_root/data/temp_frames/video5/frame_00094.png,"[27, 127, 535, 243]",RIGHT_EYE,0.60315322462694,1.381589773684507,0.9997426867485046,0.7582441866397858,0.508240632712841,0.2388843853529201
00095,/Users/nikko/Downloads/moi-main/project_root/data/temp_frames/video5/frame_00095.png,"[27, 126, 535, 243]",LEFT_SHOULDER,0.5079444562971153,-0.004042044159263289,0.9975759387016296,0.7530816942453384,0.5094939917325974,0.19834696112244105
00095,/Users/nikko/Downloads/moi-main/project_root/data/temp_frames/video5/frame_00095.png,"[27, 126, 535, 243]",RIGHT_SHOULDER,0.45537917566765945,0.22836884628161105,0.998586893081665,0.7530816942453384,0.5094939917325974,0.19834696112244105
00095,/Users/nikko/Downloads/moi-main/project_root/data/temp_frames/video5/frame_00095.png,"[27, 126, 535, 243]",LEFT_HIP,-0.45608551730633,-0.1350530171503202,0.9991002082824707,0.7530816942453384,0.5094939917325974,0.19834696112244105
00095,/Users/nikko/Downloads/moi-main/project_root/data/temp_frames/video5/frame_00095.png,"[27, 126, 535, 243]",RIGHT_HIP,-0.5072381146584447,-0.08927378497202758,0.9994814991950989,0.7530816942453384,0.5094939917325974,0.19834696112244105
00095,/Users/nikko/Downloads/moi-main/project_root/data/temp_frames/video5/frame_00095.png,"[27, 126, 535, 243]",RIGHT_WRIST,0.2561992477577824,1.7687552661149355,0.5180802345275879,0.7530816942453384,0.5094939917325974,0.19834696112244105
00095,/Users/nikko/Downloads/moi-main/project_root/data/temp_frames/video5/frame_00095.png,"[27, 126, 535, 243]",LEFT_EYE,0.7724479888574642,1.5858691267565828,0.9242769479751587,0.7530816942453384,0.5094939917325974,0.19834696112244105
00095,/Users/nikko/Downloads/moi-main/project_root/data/temp_frames/video5/frame_00095.png,"[27, 126, 535, 243]",RIGHT_EYE,0.779857889783369,1.541791365056126,0.97845458984375,0.7530816942453384,0.5094939917325974,0.19834696112244105
00096,/Users/nikko/Downloads/moi-main/project_root/data/temp_frames/video5/frame_00096.png,"[27, 126, 536, 242]",LEFT_SHOULDER,0.5333058983610878,0.006194306372446648,0.9992672801017761,0.7607205957174301,0.5176794156432152,0.18660532025489757
00096,/Users/nikko/Downloads/moi-main/project_root/data/temp_frames/video5/frame_00096.png,"[27, 126, 536, 242]",RIGHT_SHOULDER,0.3924231892973686,0.28870076862279664,0.9993749260902405,0.7607205957174301,0.5176794156432152,0.18660532025489757
00096,/Users/nikko/Downloads/moi-main/project_root/data/temp_frames/video5/frame_00096.png,"[27, 126, 536, 242]",LEFT_HIP,-0.419205386321429,-0.21810074440642999,0.9997660517692566,0.7607205957174301,0.5176794156432152,0.18660532025489757
00096,/Users/nikko/Downloads/moi-main/project_root/data/temp_frames/video5/frame_00096.png,"[27, 126, 536, 242]",RIGHT_HIP,-0.5065237013370274,-0.07679433058881328,0.9998811483383179,0.7607205957174301,0.5176794156432152,0.18660532025489757
00096,/Users/nikko/Downloads/moi-main/project_root/data/temp_frames/video5/frame_00096.png,"[27, 126, 536, 242]",RIGHT_ELBOW,-0.018848952360387316,-0.4622185657654036,0.5919144749641418,0.7607205957174301,0.5176794156432152,0.18660532025489757
00096,/Users/nikko/Downloads/moi-main/project_root/data/temp_frames/video5/frame_00096.png,"[27, 126, 536, 242]",LEFT_EYE,0.7913598210487803,1.6414589277257696,0.9954115748405457,0.7607205957174301,0.5176794156432152,0.18660532025489757
00096,/Users/nikko/Downloads/moi-main/project_root/data/temp_frames/video5/frame_00096.png,"[27, 126, 536, 242]",RIGHT_EYE,0.7677901461222122,1.7623532492362326,0.9987038373947144,0.7607205957174301,0.5176794156432152,0.18660532025489757
00097,/Users/nikko/Downloads/moi-main/project_root/data/temp_frames/video5/frame_00097.png,"[27, 126, 536, 242]",LEFT_SHOULDER,0.5183188242693726,-0.07513342299503144,0.9992986917495728,0.7491455525159836,0.5420660078525543,0.19849790660873623
00097,/Users/nikko/Downloads/moi-main/project_root/data/temp_frames/video5/frame_00097.png,"[27, 126, 536, 242]",RIGHT_SHOULDER,0.40874451342681306,0.30930947997529507,0.9990454316139221,0.7491455525159836,0.5420660078525543,0.19849790660873623
00097,/Users/nikko/Downloads/moi-main/project_root/data/temp_frames/video5/frame_00097.png,"[27, 126, 536, 242]",LEFT_HIP,-0.4285213029101013,-0.20409851536659993,0.9995052814483643,0.7491455525159836,0.5420660078525543,0.19849790660873623
00097,/Users/nikko/Downloads/moi-main/project_root/data/temp_frames/video5/frame_00097.png,"[27, 126, 536, 242]",RIGHT_HIP,-0.49854203478608433,-0.030077541613663675,0.9996687173843384,0.7491455525159836,0.5420660078525543,0.19849790660873623
00097,/Users/nikko/Downloads/moi-main/project_root/data/temp_frames/video5/frame_00097.png,"[27, 126, 536, 242]",RIGHT_ELBOW,-0.002915328452827143,-0.36044089534260865,0.8309872150421143,0.7491455525159836,0.5420660078525543,0.19849790660873623
00097,/Users/nikko/Downloads/moi-main/project_root/data/temp_frames/video5/frame_00097.png,"[27, 126, 536, 242]",LEFT_EYE,0.7944338722650613,1.5111733967291237,0.9974932670593262,0.7491455525159836,0.5420660078525543,0.19849790660873623
00097,/Users/nikko/Downloads/moi-main/project_root/data/temp_frames/video5/frame_00097.png,"[27, 126, 536, 242]",RIGHT_EYE,0.7889997330596216,1.4470050919468038,0.9990567564964294,0.7491455525159836,0.5420660078525543,0.19849790660873623
00098,/Users/nikko/Downloads/moi-main/project_root/data/temp_frames/video5/frame_00098.png,"[27, 126, 536, 242]",LEFT_SHOULDER,0.5159551227042507,-0.051278517160005,0.9996191263198853,0.7544295489788055,0.5284745842218399,0.19451721175897524
00098,/Users/nikko/Downloads/moi-main/project_root/data/temp_frames/video5/frame_00098.png,"[27, 126, 536, 242]",RIGHT_SHOULDER,0.39779209275723326,0.31749082703668474,0.9994990825653076,0.7544295489788055,0.5284745842218399,0.19451721175897524
00098,/Users/nikko/Downloads/moi-main/project_root/data/temp_frames/video5/frame_00098.png,"[27, 126, 536, 242]",LEFT_HIP,-0.41600529273127723,-0.23924298179337408,0.9997202754020691,0.7544295489788055,0.5284745842218399,0.19451721175897524
00098,/Users/nikko/Downloads/moi-main/project_root/data/temp_frames/video5/frame_00098.png,"[27, 126, 536, 242]",RIGHT_HIP,-0.4977419227302068,-0.026969328083305683,0.9998517036437988,0.7544295489788055,0.5284745842218399,0.19451721175897524
00098,/Users/nikko/Downloads/moi-main/project_root/data/temp_frames/video5/frame_00098.png,"[27, 126, 536, 242]",RIGHT_ELBOW,0.015695777712414042,-0.4454765686894789,0.7857454419136047,0.7544295489788055,0.5284745842218399,0.19451721175897524
00098,/Users/nikko/Downloads/moi-main/project_root/data/temp_frames/video5/frame_00098.png,"[27, 126, 536, 242]",LEFT_EYE,0.7836644645886224,1.606619392970977,0.9983512163162231,0.7544295489788055,0.5284745842218399,0.19451721175897524
00098,/Users/nikko/Downloads/moi-main/project_root/data/temp_frames/video5/frame_00098.png,"[27, 126, 536, 242]",RIGHT_EYE,0.7769997534705589,1.5451073267979978,0.9993569254875183,0.7544295489788055,0.5284745842218399,0.19451721175897524
00099,/Users/nikko/Downloads/moi-main/project_root/data/temp_frames/video5/frame_00099.png,"[27, 126, 536, 242]",LEFT_SHOULDER,0.5297401822148871,-0.130080998428412,0.9993537068367004,0.7471362054347992,0.5417614430189133,0.19876573711575288
00099,/Users/nikko/Downloads/moi-main/project_root/data/temp_frames/video5/frame_00099.png,"[27, 126, 536, 242]",RIGHT_SHOULDER,0.3813110280665363,0.347481885375802,0.9992976188659668,0.7471362054347992,0.5417614430189133,0.19876573711575288
00099,/Users/nikko/Downloads/moi-main/project_root/data/temp_frames/video5/frame_00099.png,"[27, 126, 536, 242]",LEFT_HIP,-0.41184778090353485,-0.201684873854786,0.9996157884597778,0.7471362054347992,0.5417614430189133,0.19876573711575288
00099,/Users/nikko/Downloads/moi-main/project_root/data/temp_frames/video5/frame_00099.png,"[27, 126, 536, 242]",RIGHT_HIP,-0.4992034293778885,-0.01571601309260398,0.9997974038124084,0.7471362054347992,0.5417614430189133,0.19876573711575288
00099,/Users/nikko/Downloads/moi-main/project_root/data/temp_frames/video5/frame_00099.png,"[27, 126, 536, 242]",LEFT_EYE,0.808772490114902,1.4775144676763747,0.9942073822021484,0.7471362054347992,0.5417614430189133,0.19876573711575288
00099,/Users/nikko/Downloads/moi-main/project_root/data/temp_frames/video5/frame_00099.png,"[27, 126, 536, 242]",RIGHT_EYE,0.7992649900294964,1.4292929550211544,0.998369038105011,0.7471362054347992,0.5417614430189133,0.19876573711575288
00100,/Users/nikko/Downloads/moi-main/project_root/data/temp_frames/video5/frame_00100.png,"[26, 126, 536, 242]",LEFT_SHOULDER,0.5040469541535632,-0.06420351011730997,0.9996113181114197,0.7634105384349823,0.5130029991269112,0.2003146187843582
00100,/Users/nikko/Downloads/moi-main/project_root/data/temp_frames/video5/frame_00100.png,"[26, 126, 536, 242]",RIGHT_SHOULDER,0.31196826642301523,0.45356802616923314,0.9990919828414917,0.7634105384349823,0.5130029991269112,0.2003146187843582
00100,/Users/nikko/Downloads/moi-main/project_root/data/temp_frames/video5/frame_00100.png,"[26, 126, 536, 242]",LEFT_HIP,-0.3546317226388371,-0.33751668563823845,0.999776303768158,0.7634105384349823,0.5130029991269112,0.2003146187843582
00100,/Users/nikko/Downloads/moi-main/project_root/data/temp_frames/video5/frame_00100.png,"[26, 126, 536, 242]",RIGHT_HIP,-0.4613834979377413,-0.051847830413684744,0.9998745918273926,0.7634105384349823,0.5130029991269112,0.2003146187843582
00100,/Users/nikko/Downloads/moi-main/project_root/data/temp_frames/video5/frame_00100.png,"[26, 126, 536, 242]",RIGHT_ELBOW,-0.08669343441986492,-0.23209081605071447,0.6107296943664551,0.7634105384349823,0.5130029991269112,0.2003146187843582
00100,/Users/nikko/Downloads/moi-main/project_root/data/temp_frames/video5/frame_00100.png,"[26, 126, 536, 242]",LEFT_EYE,0.7183077825869781,1.5612319188753816,0.9972845315933228,0.7634105384349823,0.5130029991269112,0.2003146187843582
00100,/Users/nikko/Downloads/moi-main/project_root/data/temp_frames/video5/frame_00100.png,"[26, 126, 536, 242]",RIGHT_EYE,0.6814996164493746,1.6773578713581556,0.9988250136375427,0.7634105384349823,0.5130029991269112,0.2003146187843582
00101,/Users/nikko/Downloads/moi-main/project_root/data/temp_frames/video5/frame_00101.png,"[27, 126, 536, 241]",LEFT_SHOULDER,0.4331121032869133,-0.18714300992621558,0.9998087286949158,0.7776380181312561,0.5065998435020447,0.2336398248368065
00101,/Users/nikko/Downloads/moi-main/project_root/data/temp_frames/video5/frame_00101.png,"[27, 126, 536, 241]",RIGHT_SHOULDER,0.22141213477950608,0.6226146568393607,0.9992963075637817,0.7776380181312561,0.5065998435020447,0.2336398248368065
00101,/Users/nikko/Downloads/moi-main/project_root/data/temp_frames/video5/frame_00101.png,"[27, 126, 536, 241]",LEFT_HIP,-0.2724291977362119,-0.4318617926249864,0.999805748462677,0.7776380181312561,0.5065998435020447,0.2336398248368065
00101,/Users/nikko/Downloads/moi-main/project_root/data/temp_frames/video5/frame_00101.png,"[27, 126, 536, 241]",RIGHT_HIP,-0.3820950403302075,-0.0036098542881586307,0.9998779296875,0.7776380181312561,0.5065998435020447,0.2336398248368065
00101,/Users/nikko/Downloads/moi-main/project_root/data/temp_frames/video5/frame_00101.png,"[27, 126, 536, 241]",RIGHT_ELBOW,-0.12967668079250272,0.05921462110804155,0.5595530867576599,0.7776380181312561,0.5065998435020447,0.2336398248368065
00101,/Users/nikko/Downloads/moi-main/project_root/data/temp_frames/video5/frame_00101.png,"[27, 126, 536, 241]",LEFT_EYE,0.5955443212654524,1.4120323891497708,0.997776210308075,0.7776380181312561,0.5065998435020447,0.2336398248368065
00101,/Users/nikko/Downloads/moi-main/project_root/data/temp_frames/video5/frame_00101.png,"[27, 126, 536, 241]",RIGHT_EYE,0.5763539276881976,1.3465276926121292,0.9990344047546387,0.7776380181312561,0.5065998435020447,0.2336398248368065
00102,/Users/nikko/Downloads/moi-main/project_root/data/temp_frames/video5/frame_00102.png,"[27, 126, 536, 241]",LEFT_SHOULDER,0.4539742172066137,-0.04726866741111481,0.9997336268424988,0.7774917632341385,0.5181968063116074,0.2062978443747983
00102,/Users/nikko/Downloads/moi-main/project_root/data/temp_frames/video5/frame_00102.png,"[27, 126, 536, 241]",RIGHT_SHOULDER,0.2787121943273826,0.5497221485930767,0.9996789693832397,0.7774917632341385,0.5181968063116074,0.2062978443747983
00102,/Users/nikko/Downloads/moi-main/project_root/data/temp_frames/video5/frame_00102.png,"[27, 126, 536, 241]",LEFT_HIP,-0.31651617799140946,-0.409201502317998,0.9998611211776733,0.7774917632341385,0.5181968063116074,0.2062978443747983
00102,/Users/nikko/Downloads/moi-main/project_root/data/temp_frames/video5/frame_00102.png,"[27, 126, 536, 241]",RIGHT_HIP,-0.41617023354258686,-0.0932519788639639,0.9999380111694336,0.7774917632341385,0.5181968063116074,0.2062978443747983
00102,/Users/nikko/Downloads/moi-main/project_root/data/temp_frames/video5/frame_00102.png,"[27, 126, 536, 241]",RIGHT_ELBOW,-0.07719972845490397,-0.24845565905218323,0.6353057622909546,0.7774917632341385,0.5181968063116074,0.2062978443747983
00102,/Users/nikko/Downloads/moi-main/project_root/data/temp_frames/video5/frame_00102.png,"[27, 126, 536, 241]",LEFT_EYE,0.6885358248200669,1.5906687729218647,0.9983358979225159,0.7774917632341385,0.5181968063116074,0.2062978443747983
00102,/Users/nikko/Downloads/moi-main/project_root/data/temp_frames/video5/frame_00102.png,"[27, 126, 536, 241]",RIGHT_EYE,0.6744989721040404,1.5075054117621396,0.999488353729248,0.7774917632341385,0.5181968063116074,0.2062978443747983
00103,/Users/nikko/Downloads/moi-main/project_root/data/temp_frames/video5/frame_00103.png,"[27, 126, 536, 242]",LEFT_SHOULDER,0.5643445087029836,0.06691313744639202,0.9994714856147766,0.7686167359352112,0.5099019929766655,0.18126420429234907
00103,/Users/nikko/Downloads/moi-main/project_root/data/temp_frames/video5/frame_00103.png,"[27, 126, 536, 242]",RIGHT_SHOULDER,0.3330430106544716,0.30848260122494137,0.998656153678894,0.7686167359352112,0.5099019929766655,0.18126420429234907
00103,/Users/nikko/Downloads/moi-main/project_root/data/temp_frames/video5/frame_00103.png,"[27, 126, 536, 242]",LEFT_HIP,-0.3855271588057327,-0.24228133408886177,0.9994432330131531,0.7686167359352112,0.5099019929766655,0.18126420429234907
00103,/Users/nikko/Downloads/moi-main/project_root/data/temp_frames/video5/frame_00103.png,"[27, 126, 536, 242]",RIGHT_HIP,-0.5118603605517225,-0.13311440458247165,0.9996426105499268,0.7686167359352112,0.5099019929766655,0.18126420429234907
00103,/Users/nikko/Downloads/moi-main/project_root/data/temp_frames/video5/frame_00103.png,"[27, 126, 536, 242]",RIGHT_ELBOW,-0.09501238781573725,-0.41918622357857094,0.7536170482635498,0.7686167359352112,0.5099019929766655,0.18126420429234907
00103,/Users/nikko/Downloads/moi-main/project_root/data/temp_frames/video5/frame_00103.png,"[27, 126, 536, 242]",LEFT_EYE,0.7898300357700322,1.7183009967474419,0.9947113990783691,0.7686167359352112,0.5099019929766655,0.18126420429234907
00103,/Users/nikko/Downloads/moi-main/project_root/data/temp_frames/video5/frame_00103.png,"[27, 126, 536, 242]",RIGHT_EYE,0.7774927589422196,1.677522447906303,0.9975523352622986,0.7686167359352112,0.5099019929766655,0.18126420429234907
00104,/Users/nikko/Downloads/moi-main/project_root/data/temp_frames/video5/frame_00104.png,"[27, 126, 535, 242]",LEFT_SHOULDER,0.4495503067921573,-0.28883734103350456,0.9998840093612671,0.7761963456869125,0.4937703534960747,0.2357738639928958
00104,/Users/nikko/Downloads/moi-main/project_root/data/temp_frames/video5/frame_00104.png,"[27, 126, 535, 242]",RIGHT_SHOULDER,0.22588979912035287,0.5944994081144778,0.9995278120040894,0.7761963456869125,0.4937703534960747,0.2357738639928958
00104,/Users/nikko/Downloads/moi-main/project_root/data/temp_frames/video5/frame_00104.png,"[27, 126, 535, 242]",LEFT_HIP,-0.28534165808436673,-0.3680205749936012,0.9998809099197388,0.7761963456869125,0.4937703534960747,0.2357738639928958
00104,/Users/nikko/Downloads/moi-main/project_root/data/temp_frames/video5/frame_00104.png,"[27, 126, 535, 242]",RIGHT_HIP,-0.39009844782814346,0.06235850791262802,0.9999157190322876,0.7761963456869125,0.4937703534960747,0.2357738639928958
00104,/Users/nikko/Downloads/moi-main/project_root/data/temp_frames/video5/frame_00104.png,"[27, 126, 535, 242]",LEFT_EYE,0.6157767129571066,1.2873477439810912,0.9986588954925537,0.7761963456869125,0.4937703534960747,0.2357738639928958
00104,/Users/nikko/Downloads/moi-main/project_root/data/temp_frames/video5/frame_00104.png,"[27, 126, 535, 242]",RIGHT_EYE,0.5823183177059015,1.3356030272514599,0.9995437264442444,0.7761963456869125,0.4937703534960747,0.2357738639928958
00105,/Users/nikko/Downloads/moi-main/project_root/data/temp_frames/video5/frame_00105.png,"[27, 127, 535, 242]",LEFT_SHOULDER,0.5118067589976346,-0.09306428240243501,0.9981831908226013,0.7592731565237045,0.5283669903874397,0.1935320545256088
00105,/Users/nikko/Downloads/moi-main/project_root/data/temp_frames/video5/frame_00105.png,"[27, 127, 535, 242]",RIGHT_SHOULDER,0.41840034562404255,0.3097452545755816,0.9979428648948669,0.7592731565237045,0.5283669903874397,0.1935320545256088
00105,/Users/nikko/Downloads/moi-main/project_root/data/temp_frames/video5/frame_00105.png,"[27, 127, 535, 242]",LEFT_HIP,-0.43674614206774365,-0.1936225304529466,0.998678982257843,0.7592731565237045,0.5283669903874397,0.1935320545256088
00105,/Users/nikko/Downloads/moi-main/project_root/data/temp_frames/video5/frame_00105.png,"[27, 127, 535, 242]",RIGHT_HIP,-0.4934609625539335,-0.023058441720199992,0.9991902709007263,0.7592731565237045,0.5283669903874397,0.1935320545256088
00105,/Users/nikko/Downloads/moi-main/project_root/data/temp_frames/video5/frame_00105.png,"[27, 127, 535, 242]",LEFT_EYE,0.7715851461370292,1.5195222164867672,0.9493709802627563,0.7592731565237045,0.5283669903874397,0.1935320545256088
00105,/Users/nikko/Downloads/moi-main/project_root/data/temp_frames/video5/frame_00105.png,"[27, 127, 535, 242]",RIGHT_EYE,0.7899391041387235,1.4864167813832312,0.9845234155654907,0.7592731565237045,0.5283669903874397,0.1935320545256088
00106,/Users/nikko/Downloads/moi-main/project_root/data/temp_frames/video5/frame_00106.png,"[27, 126, 535, 242]",LEFT_SHOULDER,0.41429406419812576,-0.35137217965400924,0.9998798370361328,0.7709226161241531,0.5295891240239143,0.2508573954418901
00106,/Users/nikko/Downloads/moi-main/project_root/data/temp_frames/video5/frame_00106.png,"[27, 126, 535, 242]",RIGHT_SHOULDER,0.269269083195488,0.5684133564342034,0.9994621872901917,0.7709226161241531,0.5295891240239143,0.2508573954418901
00106,/Users/nikko/Downloads/moi-main/project_root/data/temp_frames/video5/frame_00106.png,"[27, 126, 535, 242]",LEFT_HIP,-0.30936197475531463,-0.3420461157138357,0.9997305274009705,0.7709226161241531,0.5295891240239143,0.2508573954418901
00106,/Users/nikko/Downloads/moi-main/project_root/data/temp_frames/video5/frame_00106.png,"[27, 126, 535, 242]",RIGHT_HIP,-0.3742011726382991,0.12500493893364154,0.999808132648468,0.7709226161241531,0.5295891240239143,0.2508573954418901
00106,/Users/nikko/Downloads/moi-main/project_root/data/temp_frames/video5/frame_00106.png,"[27, 126, 535, 242]",LEFT_EYE,0.6100797487821935,1.1439512894471535,0.9986823201179504,0.7709226161241531,0.5295891240239143,0.2508573954418901
00106,/Users/nikko/Downloads/moi-main/project_root/data/temp_frames/video5/frame_00106.png,"[27, 126, 535, 242]",RIGHT_EYE,0.5833878245796682,1.204085934113862,0.9994598031044006,0.7709226161241531,0.5295891240239143,0.2508573954418901
00107,/Users/nikko/Downloads/moi-main/project_root/data/temp_frames/video5/frame_00107.png,"[27, 127, 535, 242]",LEFT_SHOULDER,0.5282671843474811,-0.14384519691342937,0.9988534450531006,0.743807315826416,0.5533604919910431,0.19990888582569205
00107,/Users/nikko/Downloads/moi-main/project_root/data/temp_frames/video5/frame_00107.png,"[27, 127, 535, 242]",RIGHT_SHOULDER,0.4379867091653451,0.2411684871681636,0.999001681804657,0.743807315826416,0.5533604919910431,0.19990888582569205
00107,/Users/nikko/Downloads/moi-main/project_root/data/temp_frames/video5/frame_00107.png,"[27, 127, 535, 242]",LEFT_HIP,-0.45603487317087055,-0.08830144444489497,0.9990788698196411,0.743807315826416,0.5533604919910431,0.19990888582569205
00107,/Users/nikko/Downloads/moi-main/project_root/data/temp_frames/video5/frame_00107.png,"[27, 127, 535, 242]",RIGHT_HIP,-0.5102190203419558,-0.009021845809839273,0.9994437098503113,0.743807315826416,0.5533604919910431,0.19990888582569205
00107,/Users/nikko/Downloads/moi-main/project_root/data/temp_frames/video5/frame_00107.png,"[27, 127, 535, 242]",LEFT_EYE,0.807529516125437,1.512879774523134,0.9796479940414429,0.743807315826416,0.5533604919910431,0.19990888582569205
00107,/Users/nikko/Downloads/moi-main/project_root/data/temp_frames/video5/frame_00107.png,"[27, 127, 535, 242]",RIGHT_EYE,0.8183714738954252,1.4170660635712473,0.9961736798286438,0.743807315826416,0.5533604919910431,0.19990888582569205
00108,/Users/nikko/Downloads/moi-main/project_root/data/temp_frames/video5/frame_00108.png,"[27, 128, 535, 241]",LEFT_SHOULDER,0.45871391984824966,-0.06809369364576548,0.9993245601654053,0.7661524415016174,0.48604244738817215,0.21291869016687637
00108,/Users/nikko/Downloads/moi-main/project_root/data/temp_frames/video5/frame_00108.png,"[27, 128, 535, 241]",RIGHT_SHOULDER,0.32653787536311285,0.5086858508012838,0.99928218126297,0.7661524415016174,0.48604244738817215,0.21291869016687637
00108,/Users/nikko/Downloads/moi-main/project_root/data/temp_frames/video5/frame_00108.png,"[27, 128, 535, 241]",LEFT_HIP,-0.34778874718955133,-0.36518080899474725,0.9998501539230347,0.7661524415016174,0.48604244738817215,0.21291869016687637
00108,/Users/nikko/Downloads/moi-main/project_root/data/temp_frames/video5/frame_00108.png,"[27, 128, 535, 241]",RIGHT_HIP,-0.4374630480218112,-0.07541134816077104,0.999929666519165,0.7661524415016174,0.48604244738817215,0.21291869016687637
00108,/Users/nikko/Downloads/moi-main/project_root/data/temp_frames/video5/frame_00108.png,"[27, 128, 535, 241]",RIGHT_ELBOW,-0.049645554883497686,-0.1796670694042915,0.7829543352127075,0.7661524415016174,0.48604244738817215,0.21291869016687637
00108,/Users/nikko/Downloads/moi-main/project_root/data/temp_frames/video5/frame_00108.png,"[27, 128, 535, 241]",LEFT_EYE,0.6739557008911347,1.597649982118299,0.9926244616508484,0.7661524415016174,0.48604244738817215,0.21291869016687637
00108,/Users/nikko/Downloads/moi-main/project_root/data/temp_frames/video5/frame_00108.png,"[27, 128, 535, 241]",RIGHT_EYE,0.6678003608958806,1.5819996074696419,0.99775630235672,0.7661524415016174,0.48604244738817215,0.21291869016687637
00109,/Users/nikko/Downloads/moi-main/project_root/data/temp_frames/video5/frame_00109.png,"[27, 128, 535, 241]",LEFT_SHOULDER,0.4272251642173016,-0.2647400258702108,0.9998531341552734,0.7673623710870743,0.4670993462204933,0.2423286608697172
00109,/Users/nikko/Downloads/moi-main/project_root/data/temp_frames/video5/frame_00109.png,"[27, 128, 535, 241]",RIGHT_SHOULDER,0.24197994901034542,0.6207568863670776,0.9993311166763306,0.7673623710870743,0.4670993462204933,0.2423286608697172
00109,/Users/nikko/Downloads/moi-main/project_root/data/temp_frames/video5/frame_00109.png,"[27, 128, 535, 241]",LEFT_HIP,-0.28051534082542484,-0.38454890172777156,0.9998224377632141,0.7673623710870743,0.4670993462204933,0.2423286608697172
00109,/Users/nikko/Downloads/moi-main/project_root/data/temp_frames/video5/frame_00109.png,"[27, 128, 535, 241]",RIGHT_HIP,-0.3886897724022222,0.028532041230904793,0.9998874664306641,0.7673623710870743,0.4670993462204933,0.2423286608697172
00109,/Users/nikko/Downloads/moi-main/project_root/data/temp_frames/video5/frame_00109.png,"[27, 128, 535, 241]",LEFT_EYE,0.577438160325797,1.432704881117293,0.9993751645088196,0.7673623710870743,0.4670993462204933,0.2423286608697172
00109,/Users/nikko/Downloads/moi-main/project_root/data/temp_frames/video5/frame_00109.png,"[27, 128, 535, 241]",RIGHT_EYE,0.5774029871681016,1.356404709396642,0.9997654557228088,0.7673623710870743,0.4670993462204933,0.2423286608697172
00110,/Users/nikko/Downloads/moi-main/project_root/data/temp_frames/video5/frame_00110.png,"[27, 128, 535, 240]",LEFT_SHOULDER,0.41560702433418445,-0.014028232775196232,0.9998214840888977,0.778431624174118,0.44691042602062225,0.22149441635113268
00110,/Users/nikko/Downloads/moi-main/project_root/data/temp_frames/video5/frame_00110.png,"[27, 128, 535, 240]",RIGHT_SHOULDER,0.27609930739549865,0.5992708541321383,0.9995115995407104,0.778431624174118,0.44691042602062225,0.22149441635113268
00110,/Users/nikko/Downloads/moi-main/project_root/data/temp_frames/video5/frame_00110.png,"[27, 128, 535, 240]",LEFT_HIP,-0.290360380888495,-0.42441682636730715,0.999351441860199,0.778431624174118,0.44691042602062225,0.22149441635113268
00110,/Users/nikko/Downloads/moi-main/project_root/data/temp_frames/video5/frame_00110.png,"[27, 128, 535, 240]",RIGHT_HIP,-0.4013459508411881,-0.16082579498963487,0.9995415210723877,0.778431624174118,0.44691042602062225,0.22149441635113268
00110,/Users/nikko/Downloads/moi-main/project_root/data/temp_frames/video5/frame_00110.png,"[27, 128, 535, 240]",RIGHT_ELBOW,-0.13333922071935927,0.2022433215734081,0.7604587078094482,0.778431624174118,0.44691042602062225,0.22149441635113268
00110,/Users/nikko/Downloads/moi-main/project_root/data/temp_frames/video5/frame_00110.png,"[27, 128, 535, 240]",RIGHT_WRIST,0.09409334925566305,1.751986468277987,0.5104089379310608,0.778431624174118,0.44691042602062225,0.22149441635113268
00110,/Users/nikko/Downloads/moi-main/project_root/data/temp_frames/video5/frame_00110.png,"[27, 128, 535, 240]",RIGHT_ANKLE,-1.284490005308424,0.15973175981111282,0.5298046469688416,0.778431624174118,0.44691042602062225,0.22149441635113268
00110,/Users/nikko/Downloads/moi-main/project_root/data/temp_frames/video5/frame_00110.png,"[27, 128, 535, 240]",LEFT_EYE,0.5575380069923613,1.7834437134541508,0.9996246099472046,0.778431624174118,0.44691042602062225,0.22149441635113268
00110,/Users/nikko/Downloads/moi-main/project_root/data/temp_frames/video5/frame_00110.png,"[27, 128, 535, 240]",RIGHT_EYE,0.5557398657888477,1.7415520287140485,0.9997710585594177,0.778431624174118,0.44691042602062225,0.22149441635113268
00111,/Users/nikko/Downloads/moi-main/project_root/data/temp_frames/video5/frame_00111.png,"[27, 128, 535, 240]",LEFT_SHOULDER,0.38197620946747546,-0.22732592666036017,0.999765932559967,0.7793791741132736,0.4373074546456337,0.24090971098485184
00111,/Users/nikko/Downloads/moi-main/project_root/data/temp_frames/video5/frame_00111.png,"[27, 128, 535, 240]",RIGHT_SHOULDER,0.22421805570030348,0.705488254275806,0.9979436993598938,0.7793791741132736,0.4373074546456337,0.24090971098485184
00111,/Users/nikko/Downloads/moi-main/project_root/data/temp_frames/video5/frame_00111.png,"[27, 128, 535, 240]",LEFT_HIP,-0.25369394992062844,-0.4403146255190477,0.9997701048851013,0.7793791741132736,0.4373074546456337,0.24090971098485184
00111,/Users/nikko/Downloads/moi-main/project_root/data/temp_frames/video5/frame_00111.png,"[27, 128, 535, 240]",RIGHT_HIP,-0.35250031524715053,-0.03784770209639811,0.999754011631012,0.7793791741132736,0.4373074546456337,0.24090971098485184
00111,/Users/nikko/Downloads/moi-main/project_root/data/temp_frames/video5/frame_00111.png,"[27, 128, 535, 240]",LEFT_EYE,0.5119348284646107,1.6250771207620118,0.9921952486038208,0.7793791741132736,0.4373074546456337,0.24090971098485184
00111,/Users/nikko/Downloads/moi-main/project_root/data/temp_frames/video5/frame_00111.png,"[27, 128, 535, 240]",RIGHT_EYE,0.5109961364486129,1.614971460405282,0.9952076077461243,0.7793791741132736,0.4373074546456337,0.24090971098485184
00112,/Users/nikko/Downloads/moi-main/project_root/data/temp_frames/video5/frame_00112.png,"[27, 128, 534, 241]",LEFT_SHOULDER,0.48329028967193277,-0.3960704068001703,0.9999305009841919,0.7817675620317459,0.47342969477176666,0.20543675258986882
00112,/Users/nikko/Downloads/moi-main/project_root/data/temp_frames/video5/frame_00112.png,"[27, 128, 534, 241]",RIGHT_SHOULDER,0.294543616320756,0.4404403600889493,0.9991281628608704,0.7817675620317459,0.47342969477176666,0.20543675258986882
00112,/Users/nikko/Downloads/moi-main/project_root/data/temp_frames/video5/frame_00112.png,"[27, 128, 534, 241]",LEFT_HIP,-0.2980842937961667,-0.21416688655548244,0.999915361404419,0.7817675620317459,0.47342969477176666,0.20543675258986882
00112,/Users/nikko/Downloads/moi-main/project_root/data/temp_frames/video5/frame_00112.png,"[27, 128, 534, 241]",RIGHT_HIP,-0.479749612196522,0.1697969332667034,0.9999111890792847,0.7817675620317459,0.47342969477176666,0.20543675258986882
00112,/Users/nikko/Downloads/moi-main/project_root/data/temp_frames/video5/frame_00112.png,"[27, 128, 534, 241]",RIGHT_ELBOW,-0.16868440589509176,0.21245450252959855,0.6855682134628296,0.7817675620317459,0.47342969477176666,0.20543675258986882
00112,/Users/nikko/Downloads/moi-main/project_root/data/temp_frames/video5/frame_00112.png,"[27, 128, 534, 241]",LEFT_EYE,0.5959150810619004,1.6499002149875377,0.9934298396110535,0.7817675620317459,0.47342969477176666,0.20543675258986882
00112,/Users/nikko/Downloads/moi-main/project_root/data/temp_frames/video5/frame_00112.png,"[27, 128, 534, 241]",RIGHT_EYE,0.578274218042281,1.6474250628145768,0.9961808919906616,0.7817675620317459,0.47342969477176666,0.20543675258986882
00113,/Users/nikko/Downloads/moi-main/project_root/data/temp_frames/video5/frame_00113.png,"[27, 125, 533, 242]",LEFT_SHOULDER,0.43305476663168585,-0.4792275130242611,0.9964338541030884,0.72937972843647,0.5224392414093018,0.27206378627228184
00113,/Users/nikko/Downloads/moi-main/project_root/data/temp_frames/video5/frame_00113.png,"[27, 125, 533, 242]",RIGHT_SHOULDER,0.38259329941761133,0.1557502945725499,0.9968069791793823,0.72937972843647,0.5224392414093018,0.27206378627228184
00113,/Users/nikko/Downloads/moi-main/project_root/data/temp_frames/video5/frame_00113.png,"[27, 125, 533, 242]",LEFT_HIP,-0.3991738557105909,-0.037352834255767145,0.9979838132858276,0.72937972843647,0.5224392414093018,0.27206378627228184
00113,/Users/nikko/Downloads/moi-main/project_root/data/temp_frames/video5/frame_00113.png,"[27, 125, 533, 242]",RIGHT_HIP,-0.4164742103387063,0.36083005270747837,0.9986311793327332,0.72937972843647,0.5224392414093018,0.27206378627228184
00113,/Users/nikko/Downloads/moi-main/project_root/data/temp_frames/video5/frame_00113.png,"[27, 125, 533, 242]",RIGHT_ELBOW,0.04333594567959197,0.1154291000541878,0.8001676797866821,0.72937972843647,0.5224392414093018,0.27206378627228184
00113,/Users/nikko/Downloads/moi-main/project_root/data/temp_frames/video5/frame_00113.png,"[27, 125, 533, 242]",RIGHT_KNEE,-1.078392587520813,0.8436437410316447,0.5610715746879578,0.72937972843647,0.5224392414093018,0.27206378627228184
00113,/Users/nikko/Downloads/moi-main/project_root/data/temp_frames/video5/frame_00113.png,"[27, 125, 533, 242]",LEFT_EYE,0.6072683102359125,1.0402092630690585,0.9710827469825745,0.72937972843647,0.5224392414093018,0.27206378627228184
00113,/Users/nikko/Downloads/moi-main/project_root/data/temp_frames/video5/frame_00113.png,"[27, 125, 533, 242]",RIGHT_EYE,0.6113395360651105,1.02760057830761,0.993051290512085,0.72937972843647,0.5224392414093018,0.27206378627228184
00114,/Users/nikko/Downloads/moi-main/project_root/data/temp_frames/video5/frame_00114.png,"[27, 124, 533, 243]",LEFT_SHOULDER,0.4552414660128092,-0.41519617515936963,0.9982814788818359,0.7167527973651886,0.5158801078796387,0.27376484657568173
00114,/Users/nikko/Downloads/moi-main/project_root/data/temp_frames/video5/frame_00114.png,"[27, 124, 533, 243]",RIGHT_SHOULDER,0.3928281733338537,0.14567913282488323,0.9974403381347656,0.7167527973651886,0.5158801078796387,0.27376484657568173
00114,/Users/nikko/Downloads/moi-main/project_root/data/temp_frames/video5/frame_00114.png,"[27, 124, 533, 243]",LEFT_HIP,-0.41988296895998545,-0.06695214434371459,0.9994004964828491,0.7167527973651886,0.5158801078796387,0.27376484657568173
00114,/Users/nikko/Downloads/moi-main/project_root/data/temp_frames/video5/frame_00114.png,"[27, 124, 533, 243]",RIGHT_HIP,-0.4281866703866775,0.33646918667820097,0.9995135068893433,0.7167527973651886,0.5158801078796387,0.27376484657568173
00114,/Users/nikko/Downloads/moi-main/project_root/data/temp_frames/video5/frame_00114.png,"[27, 124, 533, 243]",RIGHT_ELBOW,0.0601856694809901,0.5993459240803954,0.7169800996780396,0.7167527973651886,0.5158801078796387,0.27376484657568173
00114,/Users/nikko/Downloads/moi-main/project_root/data/temp_frames/video5/frame_00114.png,"[27, 124, 533, 243]",RIGHT_WRIST,0.3087454400404142,1.2928263732544223,0.5344104766845703,0.7167527973651886,0.5158801078796387,0.27376484657568173
00114,/Users/nikko/Downloads/moi-main/project_root/data/temp_frames/video5/frame_00114.png,"[27, 124, 533, 243]",RIGHT_KNEE,-1.087118113105548,0.7996933229487241,0.53387850522995,0.7167527973651886,0.5158801078796387,0.27376484657568173
00114,/Users/nikko/Downloads/moi-main/project_root/data/temp_frames/video5/frame_00114.png,"[27, 124, 533, 243]",LEFT_EYE,0.6784026526127118,0.9812600174182363,0.9927065968513489,0.7167527973651886,0.5158801078796387,0.27376484657568173
00114,/Users/nikko/Downloads/moi-main/project_root/data/temp_frames/video5/frame_00114.png,"[27, 124, 533, 243]",RIGHT_EYE,0.6698742620260432,0.9089105433498909,0.9985542893409729,0.7167527973651886,0.5158801078796387,0.27376484657568173
00115,/Users/nikko/Downloads/moi-main/project_root/data/temp_frames/video5/frame_00115.png,"[26, 123, 533, 242]",LEFT_SHOULDER,0.5124108982409801,-0.11929311735898382,0.9996916055679321,0.7361538857221603,0.49542029201984406,0.2114964010221353
00115,/Users/nikko/Downloads/moi-main/project_root/data/temp_frames/video5/frame_00115.png,"[26, 123, 533, 242]",RIGHT_SHOULDER,0.4674645676111577,0.13852742670863685,0.9994459748268127,0.7361538857221603,0.49542029201984406,0.2114964010221353
00115,/Users/nikko/Downloads/moi-main/project_root/data/temp_frames/video5/frame_00115.png,"[26, 123, 533, 242]",LEFT_HIP,-0.47241014637176965,-0.07851129180626563,0.9996191263198853,0.7361538857221603,0.49542029201984406,0.2114964010221353
00115,/Users/nikko/Downloads/moi-main/project_root/data/temp_frames/video5/frame_00115.png,"[26, 123, 533, 242]",RIGHT_HIP,-0.5074653194803681,0.0592769824566126,0.9996392726898193,0.7361538857221603,0.49542029201984406,0.2114964010221353
00115,/Users/nikko/Downloads/moi-main/project_root/data/temp_frames/video5/frame_00115.png,"[26, 123, 533, 242]",RIGHT_ELBOW,-0.044497879069699084,0.09833545763060086,0.849044680595398,0.7361538857221603,0.49542029201984406,0.2114964010221353
00115,/Users/nikko/Downloads/moi-main/project_root/data/temp_frames/video5/frame_00115.png,"[26, 123, 533, 242]",RIGHT_WRIST,0.17942381349258213,1.4270228175183406,0.6321846842765808,0.7361538857221603,0.49542029201984406,0.2114964010221353
00115,/Users/nikko/Downloads/moi-main/project_root/data/temp_frames/video5/frame_00115.png,"[26, 123, 533, 242]",LEFT_EYE,0.7764800317766628,1.383676680420886,0.9989117383956909,0.7361538857221603,0.49542029201984406,0.2114964010221353
00115,/Users/nikko/Downloads/moi-main/project_root/data/temp_frames/video5/frame_00115.png,"[26, 123, 533, 242]",RIGHT_EYE,0.769803352492527,1.2833444332120518,0.9994940757751465,0.7361538857221603,0.49542029201984406,0.2114964010221353
00116,/Users/nikko/Downloads/moi-main/project_root/data/temp_frames/video5/frame_00116.png,"[16, 113, 538, 245]",LEFT_SHOULDER,0.45489208973008205,-0.07820807237386132,0.9992886781692505,0.7061400413513184,0.49801936745643616,0.25722465518247517
00116,/Users/nikko/Downloads/moi-main/project_root/data/temp_frames/video5/frame_00116.png,"[16, 113, 538, 245]",RIGHT_SHOULDER,0.4850004411402795,-0.2598420729955264,0.9994255304336548,0.7061400413513184,0.49801936745643616,0.25722465518247517
00116,/Users/nikko/Downloads/moi-main/project_root/data/temp_frames/video5/frame_00116.png,"[16, 113, 538, 245]",LEFT_HIP,-0.4622564507174177,0.029626485242576404,0.9989253878593445,0.7061400413513184,0.49801936745643616,0.25722465518247517
00116,/Users/nikko/Downloads/moi-main/project_root/data/temp_frames/video5/frame_00116.png,"[16, 113, 538, 245]",RIGHT_HIP,-0.47763608015294384,0.3084236601268113,0.9992045760154724,0.7061400413513184,0.49801936745643616,0.25722465518247517
00116,/Users/nikko/Downloads/moi-main/project_root/data/temp_frames/video5/frame_00116.png,"[16, 113, 538, 245]",RIGHT_ELBOW,0.20872301268870208,-0.5410628296288109,0.9314383268356323,0.7061400413513184,0.49801936745643616,0.25722465518247517
00116,/Users/nikko/Downloads/moi-main/project_root/data/temp_frames/video5/frame_00116.png,"[16, 113, 538, 245]",RIGHT_WRIST,0.3161466111090465,1.364541059327872,0.826850950717926,0.7061400413513184,0.49801936745643616,0.25722465518247517
00116,/Users/nikko/Downloads/moi-main/project_root/data/temp_frames/video5/frame_00116.png,"[16, 113, 538, 245]",LEFT_EYE,0.7037396428626049,1.0468889495455704,0.9938752055168152,0.7061400413513184,0.49801936745643616,0.25722465518247517
00116,/Users/nikko/Downloads/moi-main/project_root/data/temp_frames/video5/frame_00116.png,"[16, 113, 538, 245]",RIGHT_EYE,0.7142512538084062,0.9758125891413523,0.9975185394287109,0.7061400413513184,0.49801936745643616,0.25722465518247517
00117,/Users/nikko/Downloads/moi-main/project_root/data/temp_frames/video5/frame_00117.png,"[17, 112, 541, 244]",LEFT_SHOULDER,0.4432309115440029,-0.34100978465822174,0.9988771080970764,0.7101428806781769,0.5200076997280121,0.26021496349195156
00117,/Users/nikko/Downloads/moi-main/project_root/data/temp_frames/video5/frame_00117.png,"[17, 112, 541, 244]",RIGHT_SHOULDER,0.42783079994487494,0.06368041893006554,0.9991948008537292,0.7101428806781769,0.5200076997280121,0.26021496349195156
00117,/Users/nikko/Downloads/moi-main/project_root/data/temp_frames/video5/frame_00117.png,"[17, 112, 541, 244]",LEFT_HIP,-0.43345786951805704,-0.08346518272205564,0.9992610812187195,0.7101428806781769,0.5200076997280121,0.26021496349195156
00117,/Users/nikko/Downloads/moi-main/project_root/data/temp_frames/video5/frame_00117.png,"[17, 112, 541, 244]",RIGHT_HIP,-0.4376038419708208,0.3607945484502118,0.999459445476532,0.7101428806781769,0.5200076997280121,0.26021496349195156
00117,/Users/nikko/Downloads/moi-main/project_root/data/temp_frames/video5/frame_00117.png,"[17, 112, 541, 244]",RIGHT_ELBOW,0.1099103023708973,0.4765471215611073,0.6882904767990112,0.7101428806781769,0.5200076997280121,0.26021496349195156
00117,/Users/nikko/Downloads/moi-main/project_root/data/temp_frames/video5/frame_00117.png,"[17, 112, 541, 244]",RIGHT_WRIST,0.3284319120972431,1.2985092953059365,0.7622252702713013,0.7101428806781769,0.5200076997280121,0.26021496349195156
00117,/Users/nikko/Downloads/moi-main/project_root/data/temp_frames/video5/frame_00117.png,"[17, 112, 541, 244]",RIGHT_KNEE,-1.1424146922852627,0.8851407238547839,0.516330361366272,0.7101428806781769,0.5200076997280121,0.26021496349195156
00117,/Users/nikko/Downloads/moi-main/project_root/data/temp_frames/video5/frame_00117.png,"[17, 112, 541, 244]",LEFT_EYE,0.6508728940002425,0.9614756356654662,0.9969854950904846,0.7101428806781769,0.5200076997280121,0.26021496349195156
00117,/Users/nikko/Downloads/moi-main/project_root/data/temp_frames/video5/frame_00117.png,"[17, 112, 541, 244]",RIGHT_EYE,0.6515777093172124,0.8836614592083779,0.9994127750396729,0.7101428806781769,0.5200076997280121,0.26021496349195156
00118,/Users/nikko/Downloads/moi-main/project_root/data/temp_frames/video5/frame_00118.png,"[23, 110, 535, 245]",LEFT_SHOULDER,0.3929855687390747,-0.19159412563906816,0.9995359182357788,0.6907160729169846,0.48829954862594604,0.31879725286938754
00118,/Users/nikko/Downloads/moi-main/project_root/data/temp_frames/video5/frame_00118.png,"[23, 110, 535, 245]",RIGHT_SHOULDER,0.4526630834625696,-0.3199657440646126,0.9995282888412476,0.6907160729169846,0.48829954862594604,0.31879725286938754
00118,/Users/nikko/Downloads/moi-main/project_root/data/temp_frames/video5/frame_00118.png,"[23, 110, 535, 245]",LEFT_HIP,-0.4269699508723951,0.034437216805974065,0.9987406134605408,0.6907160729169846,0.48829954862594604,0.31879725286938754
00118,/Users/nikko/Downloads/moi-main/project_root/data/temp_frames/video5/frame_00118.png,"[23, 110, 535, 245]",RIGHT_HIP,-0.4186787013292492,0.47712265289770667,0.9991150498390198,0.6907160729169846,0.48829954862594604,0.31879725286938754
00118,/Users/nikko/Downloads/moi-main/project_root/data/temp_frames/video5/frame_00118.png,"[23, 110, 535, 245]",RIGHT_ELBOW,0.23396525083702818,-0.27643546867599006,0.778758704662323,0.6907160729169846,0.48829954862594604,0.31879725286938754
00118,/Users/nikko/Downloads/moi-main/project_root/data/temp_frames/video5/frame_00118.png,"[23, 110, 535, 245]",RIGHT_WRIST,0.3471580267844342,1.1983774148574178,0.5696537494659424,0.6907160729169846,0.48829954862594604,0.31879725286938754
00118,/Users/nikko/Downloads/moi-main/project_root/data/temp_frames/video5/frame_00118.png,"[23, 110, 535, 245]",LEFT_EYE,0.6136759113177417,0.838621020798519,0.9986404776573181,0.6907160729169846,0.48829954862594604,0.31879725286938754
00118,/Users/nikko/Downloads/moi-main/project_root/data/temp_frames/video5/frame_00118.png,"[23, 110, 535, 245]",RIGHT_EYE,0.6181571422979906,0.7619868855271386,0.9994713664054871,0.6907160729169846,0.48829954862594604,0.31879725286938754
00119,/Users/nikko/Downloads/moi-main/project_root/data/temp_frames/video5/frame_00119.png,"[24, 115, 533, 245]",LEFT_SHOULDER,0.4230127284622896,-0.23980933268018112,0.9995323419570923,0.7019133418798447,0.4471999928355217,0.291272405940211
00119,/Users/nikko/Downloads/moi-main/project_root/data/temp_frames/video5/frame_00119.png,"[24, 115, 533, 245]",RIGHT_SHOULDER,0.44997917196680653,-0.21308169868536816,0.9991955161094666,0.7019133418798447,0.4471999928355217,0.291272405940211
00119,/Users/nikko/Downloads/moi-main/project_root/data/temp_frames/video5/frame_00119.png,"[24, 115, 533, 245]",LEFT_HIP,-0.43869056254258604,0.04458220038522938,0.9981974959373474,0.7019133418798447,0.4471999928355217,0.291272405940211
00119,/Users/nikko/Downloads/moi-main/project_root/data/temp_frames/video5/frame_00119.png,"[24, 115, 533, 245]",RIGHT_HIP,-0.43430133788651004,0.40830883098031995,0.9985359907150269,0.7019133418798447,0.4471999928355217,0.291272405940211
00119,/Users/nikko/Downloads/moi-main/project_root/data/temp_frames/video5/frame_00119.png,"[24, 115, 533, 245]",RIGHT_ELBOW,0.11735108515446571,0.538064862815058,0.8613429665565491,0.7019133418798447,0.4471999928355217,0.291272405940211
00119,/Users/nikko/Downloads/moi-main/project_root/data/temp_frames/video5/frame_00119.png,"[24, 115, 533, 245]",RIGHT_WRIST,0.33799961253864524,1.3881194884125734,0.7967294454574585,0.7019133418798447,0.4471999928355217,0.291272405940211
00119,/Users/nikko/Downloads/moi-main/project_root/data/temp_frames/video5/frame_00119.png,"[24, 115, 533, 245]",LEFT_EYE,0.6363070689058165,0.9086165955287451,0.9957647323608398,0.7019133418798447,0.4471999928355217,0.291272405940211
00119,/Users/nikko/Downloads/moi-main/project_root/data/temp_frames/video5/frame_00119.png,"[24, 115, 533, 245]",RIGHT_EYE,0.6379560209445436,0.8447392467085931,0.9983505010604858,0.7019133418798447,0.4471999928355217,0.291272405940211
00120,/Users/nikko/Downloads/moi-main/project_root/data/temp_frames/video5/frame_00120.png,"[22, 108, 534, 245]",LEFT_SHOULDER,0.4328042842102336,-0.18879996933577017,0.999455988407135,0.6917519420385361,0.46717074513435364,0.2919439447991931
00120,/Users/nikko/Downloads/moi-main/project_root/data/temp_frames/video5/frame_00120.png,"[22, 108, 534, 245]",RIGHT_SHOULDER,0.4541166277941813,-0.25695014261547433,0.998429000377655,0.6917519420385361,0.46717074513435364,0.2919439447991931
00120,/Users/nikko/Downloads/moi-main/project_root/data/temp_frames/video5/frame_00120.png,"[22, 108, 534, 245]",LEFT_HIP,-0.44080192550082437,0.0574081502358905,0.9983654618263245,0.6917519420385361,0.46717074513435364,0.2919439447991931
00120,/Users/nikko/Downloads/moi-main/project_root/data/temp_frames/video5/frame_00120.png,"[22, 108, 534, 245]",RIGHT_HIP,-0.4461189865035905,0.388341961715354,0.9983945488929749,0.6917519420385361,0.46717074513435364,0.2919439447991931
00120,/Users/nikko/Downloads/moi-main/project_root/data/temp_frames/video5/frame_00120.png,"[22, 108, 534, 245]",RIGHT_ELBOW,0.1506605251853657,0.7160364962347942,0.5813142657279968,0.6917519420385361,0.46717074513435364,0.2919439447991931
00120,/Users/nikko/Downloads/moi-main/project_root/data/temp_frames/video5/frame_00120.png,"[22, 108, 534, 245]",RIGHT_WRIST,0.3967928996573057,1.4624187048128146,0.5075260400772095,0.6917519420385361,0.46717074513435364,0.2919439447991931
00120,/Users/nikko/Downloads/moi-main/project_root/data/temp_frames/video5/frame_00120.png,"[22, 108, 534, 245]",LEFT_EYE,0.6635018081730495,0.8594838319069326,0.9953730702400208,0.6917519420385361,0.46717074513435364,0.2919439447991931
00120,/Users/nikko/Downloads/moi-main/project_root/data/temp_frames/video5/frame_00120.png,"[22, 108, 534, 245]",RIGHT_EYE,0.6667257727813772,0.8126819351964885,0.9979168772697449,0.6917519420385361,0.46717074513435364,0.2919439447991931
00121,/Users/nikko/Downloads/moi-main/project_root/data/temp_frames/video5/frame_00121.png,"[23, 104, 534, 245]",LEFT_SHOULDER,0.44327835395931264,-0.16040653235519833,0.9993001222610474,0.6985262334346771,0.4953944981098175,0.2658894308481849
00121,/Users/nikko/Downloads/moi-main/project_root/data/temp_frames/video5/frame_00121.png,"[23, 104, 534, 245]",RIGHT_SHOULDER,0.48466880098434795,-0.1835167478292878,0.9986742734909058,0.6985262334346771,0.4953944981098175,0.2658894308481849
00121,/Users/nikko/Downloads/moi-main/project_root/data/temp_frames/video5/frame_00121.png,"[23, 104, 534, 245]",LEFT_HIP,-0.46136176355330494,0.01401459760118525,0.9982755184173584,0.6985262334346771,0.4953944981098175,0.2658894308481849
00121,/Users/nikko/Downloads/moi-main/project_root/data/temp_frames/video5/frame_00121.png,"[23, 104, 534, 245]",RIGHT_HIP,-0.46658539139035565,0.3299086825833009,0.9984355568885803,0.6985262334346771,0.4953944981098175,0.2658894308481849
00121,/Users/nikko/Downloads/moi-main/project_root/data/temp_frames/video5/frame_00121.png,"[23, 104, 534, 245]",RIGHT_ELBOW,0.1496661733682077,0.5602421556722669,0.7049649357795715,0.6985262334346771,0.4953944981098175,0.2658894308481849
00121,/Users/nikko/Downloads/moi-main/project_root/data/temp_frames/video5/frame_00121.png,"[23, 104, 534, 245]",RIGHT_WRIST,0.3977559908630166,1.3879928117665852,0.5746396780014038,0.6985262334346771,0.4953944981098175,0.2658894308481849
00121,/Users/nikko/Downloads/moi-main/project_root/data/temp_frames/video5/frame_00121.png,"[23, 104, 534, 245]",LEFT_EYE,0.7081829985260183,0.8302691028772272,0.9941726326942444,0.6985262334346771,0.4953944981098175,0.2658894308481849
00121,/Users/nikko/Downloads/moi-main/project_root/data/temp_frames/video5/frame_00121.png,"[23, 104, 534, 245]",RIGHT_EYE,0.7143658531897251,0.7642326462698013,0.9975621700286865,0.6985262334346771,0.4953944981098175,0.2658894308481849
00122,/Users/nikko/Downloads/moi-main/project_root/data/temp_frames/video5/frame_00122.png,"[15, 104, 531, 242]",LEFT_SHOULDER,0.4627780899498432,-0.09499671074155115,0.9993147850036621,0.704013466835022,0.49980903416872025,0.24968599258064933
00122,/Users/nikko/Downloads/moi-main/project_root/data/temp_frames/video5/frame_00122.png,"[15, 104, 531, 242]",RIGHT_SHOULDER,0.480675525791391,-0.22084106286249242,0.9985781908035278,0.704013466835022,0.49980903416872025,0.24968599258064933
00122,/Users/nikko/Downloads/moi-main/project_root/data/temp_frames/video5/frame_00122.png,"[15, 104, 531, 242]",LEFT_HIP,-0.4680420697524651,-0.009398612616502744,0.9987443685531616,0.704013466835022,0.49980903416872025,0.24968599258064933
00122,/Users/nikko/Downloads/moi-main/project_root/data/temp_frames/video5/frame_00122.png,"[15, 104, 531, 242]",RIGHT_HIP,-0.4754115459887691,0.3252363862205463,0.9987081289291382,0.704013466835022,0.49980903416872025,0.24968599258064933
00122,/Users/nikko/Downloads/moi-main/project_root/data/temp_frames/video5/frame_00122.png,"[15, 104, 531, 242]",RIGHT_ELBOW,0.18056493922473285,1.1341881683882165,0.8756860494613647,0.704013466835022,0.49980903416872025,0.24968599258064933
00122,/Users/nikko/Downloads/moi-main/project_root/data/temp_frames/video5/frame_00122.png,"[15, 104, 531, 242]",RIGHT_WRIST,0.4646451066854246,1.4959463537099555,0.730746865272522,0.704013466835022,0.49980903416872025,0.24968599258064933
00122,/Users/nikko/Downloads/moi-main/project_root/data/temp_frames/video5/frame_00122.png,"[15, 104, 531, 242]",LEFT_EYE,0.7463579036095148,0.847636310442905,0.9968761205673218,0.704013466835022,0.49980903416872025,0.24968599258064933
00122,/Users/nikko/Downloads/moi-main/project_root/data/temp_frames/video5/frame_00122.png,"[15, 104, 531, 242]",RIGHT_EYE,0.7563349011094368,0.7537774808734854,0.9988521337509155,0.704013466835022,0.49980903416872025,0.24968599258064933
00123,/Users/nikko/Downloads/moi-main/project_root/data/temp_frames/video5/frame_00123.png,"[22, 102, 532, 244]",LEFT_SHOULDER,0.4338882053176009,-0.23146214372536297,0.9996179342269897,0.7003003507852554,0.47537916898727417,0.2661432441491336
00123,/Users/nikko/Downloads/moi-main/project_root/data/temp_frames/video5/frame_00123.png,"[22, 102, 532, 244]",RIGHT_SHOULDER,0.4731662333713203,-0.1321643092815201,0.9991251826286316,0.7003003507852554,0.47537916898727417,0.2661432441491336
00123,/Users/nikko/Downloads/moi-main/project_root/data/temp_frames/video5/frame_00123.png,"[22, 102, 532, 244]",LEFT_HIP,-0.4488735046876414,0.009395668374962593,0.9984594583511353,0.7003003507852554,0.47537916898727417,0.2661432441491336
00123,/Users/nikko/Downloads/moi-main/project_root/data/temp_frames/video5/frame_00123.png,"[22, 102, 532, 244]",RIGHT_HIP,-0.4581809340012798,0.3542307846319205,0.9986104965209961,0.7003003507852554,0.47537916898727417,0.2661432441491336
00123,/Users/nikko/Downloads/moi-main/project_root/data/temp_frames/video5/frame_00123.png,"[22, 102, 532, 244]",RIGHT_ELBOW,0.13653376650538046,0.8960676677475171,0.7553368806838989,0.7003003507852554,0.47537916898727417,0.2661432441491336
00123,/Users/nikko/Downloads/moi-main/project_root/data/temp_frames/video5/frame_00123.png,"[22, 102, 532, 244]",RIGHT_WRIST,0.41586683276268255,1.5377439133533575,0.7467927932739258,0.7003003507852554,0.47537916898727417,0.2661432441491336
00123,/Users/nikko/Downloads/moi-main/project_root/data/temp_frames/video5/frame_00123.png,"[22, 102, 532, 244]",LEFT_EYE,0.7146666901073562,0.787485023647888,0.997852087020874,0.7003003507852554,0.47537916898727417,0.2661432441491336
00123,/Users/nikko/Downloads/moi-main/project_root/data/temp_frames/video5/frame_00123.png,"[22, 102, 532, 244]",RIGHT_EYE,0.7195637340538423,0.7350177194532896,0.9990594983100891,0.7003003507852554,0.47537916898727417,0.2661432441491336
00124,/Users/nikko/Downloads/moi-main/project_root/data/temp_frames/video5/frame_00124.png,"[23, 100, 534, 244]",LEFT_SHOULDER,0.41290920390231695,-0.09241064450377957,0.9994391798973083,0.6805229485034943,0.4697999730706215,0.3107370313524847
00124,/Users/nikko/Downloads/moi-main/project_root/data/temp_frames/video5/frame_00124.png,"[23, 100, 534, 244]",RIGHT_SHOULDER,0.4559404703319669,-0.40264212710925334,0.9978000521659851,0.6805229485034943,0.4697999730706215,0.3107370313524847
00124,/Users/nikko/Downloads/moi-main/project_root/data/temp_frames/video5/frame_00124.png,"[23, 100, 534, 244]",LEFT_HIP,-0.43609853634032114,0.11114037558203367,0.9982215762138367,0.6805229485034943,0.4697999730706215,0.3107370313524847
00124,/Users/nikko/Downloads/moi-main/project_root/data/temp_frames/video5/frame_00124.png,"[23, 100, 534, 244]",RIGHT_HIP,-0.4327511378939627,0.38391239603099925,0.9980441331863403,0.6805229485034943,0.4697999730706215,0.3107370313524847
00124,/Users/nikko/Downloads/moi-main/project_root/data/temp_frames/video5/frame_00124.png,"[23, 100, 534, 244]",RIGHT_ELBOW,0.20494831101369693,0.8620784142904134,0.6946902871131897,0.6805229485034943,0.4697999730706215,0.3107370313524847
00124,/Users/nikko/Downloads/moi-main/project_root/data/temp_frames/video5/frame_00124.png,"[23, 100, 534, 244]",RIGHT_WRIST,0.465352355012929,1.3247178055805717,0.5104144215583801,0.6805229485034943,0.4697999730706215,0.3107370313524847
00124,/Users/nikko/Downloads/moi-main/project_root/data/temp_frames/video5/frame_00124.png,"[23, 100, 534, 244]",LEFT_EYE,0.6650633905994213,0.6965175180883361,0.996733546257019,0.6805229485034943,0.4697999730706215,0.3107370313524847
00124,/Users/nikko/Downloads/moi-main/project_root/data/temp_frames/video5/frame_00124.png,"[23, 100, 534, 244]",RIGHT_EYE,0.6682047775890501,0.6081194214514383,0.9981735944747925,0.6805229485034943,0.4697999730706215,0.3107370313524847
00125,/Users/nikko/Downloads/moi-main/project_root/data/temp_frames/video5/frame_00125.png,"[16, 101, 530, 242]",LEFT_SHOULDER,0.4051872487728202,0.05517909174760748,0.999026894569397,0.7016390860080719,0.44775116443634033,0.28070706718779004
00125,/Users/nikko/Downloads/moi-main/project_root/data/temp_frames/video5/frame_00125.png,"[16, 101, 530, 242]",RIGHT_SHOULDER,0.47539665244913837,-0.5013109613947573,0.9974837303161621,0.7016390860080719,0.44775116443634033,0.28070706718779004
00125,/Users/nikko/Downloads/moi-main/project_root/data/temp_frames/video5/frame_00125.png,"[16, 101, 530, 242]",LEFT_HIP,-0.44098374627762815,0.14079751133405685,0.9971585273742676,0.7016390860080719,0.44775116443634033,0.28070706718779004
00125,/Users/nikko/Downloads/moi-main/project_root/data/temp_frames/video5/frame_00125.png,"[16, 101, 530, 242]",RIGHT_HIP,-0.4396001549443304,0.3053343583130929,0.9970255494117737,0.7016390860080719,0.44775116443634033,0.28070706718779004
00125,/Users/nikko/Downloads/moi-main/project_root/data/temp_frames/video5/frame_00125.png,"[16, 101, 530, 242]",RIGHT_ELBOW,0.22897788936616364,0.3028342962568855,0.7722743153572083,0.7016390860080719,0.44775116443634033,0.28070706718779004
00125,/Users/nikko/Downloads/moi-main/project_root/data/temp_frames/video5/frame_00125.png,"[16, 101, 530, 242]",RIGHT_WRIST,0.4450504346163816,1.5958742906833883,0.5795194506645203,0.7016390860080719,0.44775116443634033,0.28070706718779004
00125,/Users/nikko/Downloads/moi-main/project_root/data/temp_frames/video5/frame_00125.png,"[16, 101, 530, 242]",LEFT_EYE,0.681690629853895,0.8132223684729254,0.987148106098175,0.7016390860080719,0.44775116443634033,0.28070706718779004
00125,/Users/nikko/Downloads/moi-main/project_root/data/temp_frames/video5/frame_00125.png,"[16, 101, 530, 242]",RIGHT_EYE,0.6853865768685328,0.7231509124152893,0.9933807849884033,0.7016390860080719,0.44775116443634033,0.28070706718779004
00126,/Users/nikko/Downloads/moi-main/project_root/data/temp_frames/video5/frame_00126.png,"[16, 100, 530, 242]",LEFT_SHOULDER,0.40955136761393496,0.04425020204181795,0.9995813965797424,0.7029644846916199,0.42895082384347916,0.2714367975769727
00126,/Users/nikko/Downloads/moi-main/project_root/data/temp_frames/video5/frame_00126.png,"[16, 100, 530, 242]",RIGHT_SHOULDER,0.47233505265014825,-0.4702254846885155,0.9985596537590027,0.7029644846916199,0.42895082384347916,0.2714367975769727
00126,/Users/nikko/Downloads/moi-main/project_root/data/temp_frames/video5/frame_00126.png,"[16, 100, 530, 242]",LEFT_HIP,-0.44091751817169955,0.19332813131067145,0.9988507032394409,0.7029644846916199,0.42895082384347916,0.2714367975769727
00126,/Users/nikko/Downloads/moi-main/project_root/data/temp_frames/video5/frame_00126.png,"[16, 100, 530, 242]",RIGHT_HIP,-0.44096890209238365,0.23264715133602606,0.9987277388572693,0.7029644846916199,0.42895082384347916,0.2714367975769727
00126,/Users/nikko/Downloads/moi-main/project_root/data/temp_frames/video5/frame_00126.png,"[16, 100, 530, 242]",RIGHT_ELBOW,0.21794907178030026,0.832170583043601,0.812149703502655,0.7029644846916199,0.42895082384347916,0.2714367975769727
00126,/Users/nikko/Downloads/moi-main/project_root/data/temp_frames/video5/frame_00126.png,"[16, 100, 530, 242]",RIGHT_WRIST,0.4535316119314323,1.7301869430249945,0.6023405194282532,0.7029644846916199,0.42895082384347916,0.2714367975769727
00126,/Users/nikko/Downloads/moi-main/project_root/data/temp_frames/video5/frame_00126.png,"[16, 100, 530, 242]",LEFT_EYE,0.6977334753932153,0.8318660125393752,0.9919602274894714,0.7029644846916199,0.42895082384347916,0.2714367975769727
00126,/Users/nikko/Downloads/moi-main/project_root/data/temp_frames/video5/frame_00126.png,"[16, 100, 530, 242]",RIGHT_EYE,0.7015839756034533,0.7414485380559428,0.995053231716156,0.7029644846916199,0.42895082384347916,0.2714367975769727
00127,/Users/nikko/Downloads/moi-main/project_root/data/temp_frames/video5/frame_00127.png,"[17, 100, 527, 242]",LEFT_SHOULDER,0.41000868354202724,-0.1645100268145544,0.999620795249939,0.7010891735553741,0.42374206334352493,0.28228619839342795
00127,/Users/nikko/Downloads/moi-main/project_root/data/temp_frames/video5/frame_00127.png,"[17, 100, 527, 242]",RIGHT_SHOULDER,0.4477381779946452,-0.34567836572077126,0.9983610510826111,0.7010891735553741,0.42374206334352493,0.28228619839342795
00127,/Users/nikko/Downloads/moi-main/project_root/data/temp_frames/video5/frame_00127.png,"[17, 100, 527, 242]",LEFT_HIP,-0.4347505713870426,0.10584308693923541,0.9983075857162476,0.7010891735553741,0.42374206334352493,0.28228619839342795
00127,/Users/nikko/Downloads/moi-main/project_root/data/temp_frames/video5/frame_00127.png,"[17, 100, 527, 242]",RIGHT_HIP,-0.42299629014962986,0.4043453055960903,0.9982882142066956,0.7010891735553741,0.42374206334352493,0.28228619839342795
00127,/Users/nikko/Downloads/moi-main/project_root/data/temp_frames/video5/frame_00127.png,"[17, 100, 527, 242]",RIGHT_ELBOW,0.20431446292907685,0.9097996691755866,0.7059189081192017,0.7010891735553741,0.42374206334352493,0.28228619839342795
00127,/Users/nikko/Downloads/moi-main/project_root/data/temp_frames/video5/frame_00127.png,"[17, 100, 527, 242]",RIGHT_WRIST,0.4454771870574782,1.6566842835474171,0.5029560923576355,0.7010891735553741,0.42374206334352493,0.28228619839342795
00127,/Users/nikko/Downloads/moi-main/project_root/data/temp_frames/video5/frame_00127.png,"[17, 100, 527, 242]",LEFT_EYE,0.6982512440795808,0.7494219738664203,0.9921454787254333,0.7010891735553741,0.42374206334352493,0.28228619839342795
00127,/Users/nikko/Downloads/moi-main/project_root/data/temp_frames/video5/frame_00127.png,"[17, 100, 527, 242]",RIGHT_EYE,0.7065563950444287,0.6833107931213752,0.9951297044754028,0.7010891735553741,0.42374206334352493,0.28228619839342795
00128,/Users/nikko/Downloads/moi-main/project_root/data/temp_frames/video5/frame_00128.png,"[16, 99, 527, 240]",LEFT_SHOULDER,0.4160068216723004,-0.1359023791115406,0.9998179078102112,0.7038796097040176,0.4246843010187149,0.2760913153847032
00128,/Users/nikko/Downloads/moi-main/project_root/data/temp_frames/video5/frame_00128.png,"[16, 99, 527, 240]",RIGHT_SHOULDER,0.4413291219936383,-0.37572524948824026,0.9989312291145325,0.7038796097040176,0.4246843010187149,0.2760913153847032
00128,/Users/nikko/Downloads/moi-main/project_root/data/temp_frames/video5/frame_00128.png,"[16, 99, 527, 240]",LEFT_HIP,-0.4365265981492957,0.08214943123860052,0.998856782913208,0.7038796097040176,0.4246843010187149,0.2760913153847032
00128,/Users/nikko/Downloads/moi-main/project_root/data/temp_frames/video5/frame_00128.png,"[16, 99, 527, 240]",RIGHT_HIP,-0.420809345516643,0.4294781973611803,0.9985226988792419,0.7038796097040176,0.4246843010187149,0.2760913153847032
00128,/Users/nikko/Downloads/moi-main/project_root/data/temp_frames/video5/frame_00128.png,"[16, 99, 527, 240]",RIGHT_ELBOW,0.24520445828260473,1.137999804532048,0.7400332093238831,0.7038796097040176,0.4246843010187149,0.2760913153847032
00128,/Users/nikko/Downloads/moi-main/project_root/data/temp_frames/video5/frame_00128.png,"[16, 99, 527, 240]",LEFT_EYE,0.6965767175341054,0.7211915547443463,0.9993721842765808,0.7038796097040176,0.4246843010187149,0.2760913153847032
00128,/Users/nikko/Downloads/moi-main/project_root/data/temp_frames/video5/frame_00128.png,"[16, 99, 527, 240]",RIGHT_EYE,0.6961479650963152,0.6117305824241311,0.9995198249816895,0.7038796097040176,0.4246843010187149,0.2760913153847032
00129,/Users/nikko/Downloads/moi-main/project_root/data/temp_frames/video5/frame_00129.png,"[16, 96, 527, 240]",LEFT_SHOULDER,0.375027384215037,-0.12142825434597893,0.9993422627449036,0.6979691833257675,0.440897673368454,0.2946061927182648
00129,/Users/nikko/Downloads/moi-main/project_root/data/temp_frames/video5/frame_00129.png,"[16, 96, 527, 240]",RIGHT_SHOULDER,0.42166390239464524,-0.45437085904183,0.9968037605285645,0.6979691833257675,0.440897673368454,0.2946061927182648
00129,/Users/nikko/Downloads/moi-main/project_root/data/temp_frames/video5/frame_00129.png,"[16, 96, 527, 240]",LEFT_HIP,-0.3774231532740492,0.3477314686929867,0.9985359907150269,0.6979691833257675,0.440897673368454,0.2946061927182648
00129,/Users/nikko/Downloads/moi-main/project_root/data/temp_frames/video5/frame_00129.png,"[16, 96, 527, 240]",RIGHT_HIP,-0.41926813333563306,0.22806764469482224,0.9984059929847717,0.6979691833257675,0.440897673368454,0.2946061927182648
00129,/Users/nikko/Downloads/moi-main/project_root/data/temp_frames/video5/frame_00129.png,"[16, 96, 527, 240]",RIGHT_ELBOW,0.19705703780698275,0.8536873841413707,0.5873094797134399,0.6979691833257675,0.440897673368454,0.2946061927182648
00129,/Users/nikko/Downloads/moi-main/project_root/data/temp_frames/video5/frame_00129.png,"[16, 96, 527, 240]",LEFT_EYE,0.6757315541737998,0.5983637314908444,0.9794307351112366,0.6979691833257675,0.440897673368454,0.2946061927182648
00129,/Users/nikko/Downloads/moi-main/project_root/data/temp_frames/video5/frame_00129.png,"[16, 96, 527, 240]",RIGHT_EYE,0.6828250861569122,0.5176088236616503,0.988126277923584,0.6979691833257675,0.440897673368454,0.2946061927182648
00130,/Users/nikko/Downloads/moi-main/project_root/data/temp_frames/video5/frame_00130.png,"[14, 92, 529, 239]",LEFT_SHOULDER,0.3999671565420485,-0.06894464415601187,0.9992720484733582,0.696363165974617,0.450941726565361,0.28802237758123095
00130,/Users/nikko/Downloads/moi-main/project_root/data/temp_frames/video5/frame_00130.png,"[14, 92, 529, 239]",RIGHT_SHOULDER,0.43242205436624065,-0.4728953269715323,0.9961366057395935,0.696363165974617,0.450941726565361,0.28802237758123095
00130,/Users/nikko/Downloads/moi-main/project_root/data/temp_frames/video5/frame_00130.png,"[14, 92, 529, 239]",LEFT_HIP,-0.4166242222207058,0.21798668853349717,0.9976314306259155,0.696363165974617,0.450941726565361,0.28802237758123095
00130,/Users/nikko/Downloads/moi-main/project_root/data/temp_frames/video5/frame_00130.png,"[14, 92, 529, 239]",RIGHT_HIP,-0.4157649886875834,0.323853282594047,0.9969609379768372,0.696363165974617,0.450941726565361,0.28802237758123095
00130,/Users/nikko/Downloads/moi-main/project_root/data/temp_frames/video5/frame_00130.png,"[14, 92, 529, 239]",RIGHT_ELBOW,0.2452562816797798,0.9789323488019508,0.6088461875915527,0.696363165974617,0.450941726565361,0.28802237758123095
00130,/Users/nikko/Downloads/moi-main/project_root/data/temp_frames/video5/frame_00130.png,"[14, 92, 529, 239]",LEFT_EYE,0.6933682983748067,0.5516770258454121,0.995025098323822,0.696363165974617,0.450941726565361,0.28802237758123095
00130,/Users/nikko/Downloads/moi-main/project_root/data/temp_frames/video5/frame_00130.png,"[14, 92, 529, 239]",RIGHT_EYE,0.6935607567528905,0.4712743307612849,0.9966909885406494,0.696363165974617,0.450941726565361,0.28802237758123095
00131,/Users/nikko/Downloads/moi-main/project_root/data/temp_frames/video5/frame_00131.png,"[16, 85, 524, 240]",LEFT_SHOULDER,0.3997013674764784,-0.05651959234344239,0.9976826906204224,0.7015252709388733,0.4466451182961464,0.2900307056791017
00131,/Users/nikko/Downloads/moi-main/project_root/data/temp_frames/video5/frame_00131.png,"[16, 85, 524, 240]",RIGHT_SHOULDER,0.43591043830015697,-0.4564674708617109,0.991647481918335,0.7015252709388733,0.4466451182961464,0.2900307056791017
00131,/Users/nikko/Downloads/moi-main/project_root/data/temp_frames/video5/frame_00131.png,"[16, 85, 524, 240]",LEFT_HIP,-0.41645507581229724,0.29509300941465194,0.9945999383926392,0.7015252709388733,0.4466451182961464,0.2900307056791017
00131,/Users/nikko/Downloads/moi-main/project_root/data/temp_frames/video5/frame_00131.png,"[16, 85, 524, 240]",RIGHT_HIP,-0.4191567299643381,0.21789405379050134,0.99391770362854,0.7015252709388733,0.4466451182961464,0.2900307056791017
00131,/Users/nikko/Downloads/moi-main/project_root/data/temp_frames/video5/frame_00131.png,"[16, 85, 524, 240]",RIGHT_ELBOW,0.23533409346265896,1.0070131988975755,0.5484272837638855,0.7015252709388733,0.4466451182961464,0.2900307056791017
00131,/Users/nikko/Downloads/moi-main/project_root/data/temp_frames/video5/frame_00131.png,"[16, 85, 524, 240]",LEFT_EYE,0.6984879579769605,0.5180982626038374,0.9835782051086426,0.7015252709388733,0.4466451182961464,0.2900307056791017
00131,/Users/nikko/Downloads/moi-main/project_root/data/temp_frames/video5/frame_00131.png,"[16, 85, 524, 240]",RIGHT_EYE,0.701729696345612,0.4397001473891529,0.9919911026954651,0.7015252709388733,0.4466451182961464,0.2900307056791017
00132,/Users/nikko/Downloads/moi-main/project_root/data/temp_frames/video5/frame_00132.png,"[15, 83, 524, 239]",LEFT_SHOULDER,0.38500250050351675,-0.15514258482161827,0.9996258020401001,0.6917063295841217,0.43819357454776764,0.30817468005553905
00132,/Users/nikko/Downloads/moi-main/project_root/data/temp_frames/video5/frame_00132.png,"[15, 83, 524, 239]",RIGHT_SHOULDER,0.44675794728496065,-0.39888526690430653,0.9981030225753784,0.6917063295841217,0.43819357454776764,0.30817468005553905
00132,/Users/nikko/Downloads/moi-main/project_root/data/temp_frames/video5/frame_00132.png,"[15, 83, 524, 239]",LEFT_HIP,-0.4212358956056704,0.22128306578596169,0.9982514977455139,0.6917063295841217,0.43819357454776764,0.30817468005553905
00132,/Users/nikko/Downloads/moi-main/project_root/data/temp_frames/video5/frame_00132.png,"[15, 83, 524, 239]",RIGHT_HIP,-0.41052455218280703,0.3327447859399631,0.9982962012290955,0.6917063295841217,0.43819357454776764,0.30817468005553905
00132,/Users/nikko/Downloads/moi-main/project_root/data/temp_frames/video5/frame_00132.png,"[15, 83, 524, 239]",RIGHT_ELBOW,0.3214574135802958,1.0670529164048008,0.7079429030418396,0.6917063295841217,0.43819357454776764,0.30817468005553905
00132,/Users/nikko/Downloads/moi-main/project_root/data/temp_frames/video5/frame_00132.png,"[15, 83, 524, 239]",LEFT_EYE,0.6767022389002699,0.48383621383954245,0.9985499978065491,0.6917063295841217,0.43819357454776764,0.30817468005553905
00132,/Users/nikko/Downloads/moi-main/project_root/data/temp_frames/video5/frame_00132.png,"[15, 83, 524, 239]",RIGHT_EYE,0.6817439064216902,0.4075574688579431,0.9991375207901001,0.6917063295841217,0.43819357454776764,0.30817468005553905
00133,/Users/nikko/Downloads/moi-main/project_root/data/temp_frames/video5/frame_00133.png,"[13, 81, 524, 240]",LEFT_SHOULDER,0.3584234925178157,-0.1465726944373911,0.9994457364082336,0.6900675296783447,0.4324384331703186,0.3403717662269066
00133,/Users/nikko/Downloads/moi-main/project_root/data/temp_frames/video5/frame_00133.png,"[13, 81, 524, 240]",RIGHT_SHOULDER,0.42335749262875544,-0.47437289887818385,0.9977402687072754,0.6900675296783447,0.4324384331703186,0.3403717662269066
00133,/Users/nikko/Downloads/moi-main/project_root/data/temp_frames/video5/frame_00133.png,"[13, 81, 524, 240]",LEFT_HIP,-0.3969031983372563,0.24956051752296143,0.9958961009979248,0.6900675296783447,0.4324384331703186,0.3403717662269066
00133,/Users/nikko/Downloads/moi-main/project_root/data/temp_frames/video5/frame_00133.png,"[13, 81, 524, 240]",RIGHT_HIP,-0.38487778680931484,0.37138507579261354,0.996256947517395,0.6900675296783447,0.4324384331703186,0.3403717662269066
00133,/Users/nikko/Downloads/moi-main/project_root/data/temp_frames/video5/frame_00133.png,"[13, 81, 524, 240]",RIGHT_ELBOW,0.278868331944469,0.6627859560736465,0.759400486946106,0.6900675296783447,0.4324384331703186,0.3403717662269066
00133,/Users/nikko/Downloads/moi-main/project_root/data/temp_frames/video5/frame_00133.png,"[13, 81, 524, 240]",RIGHT_KNEE,-1.0074344500970331,0.9686213228398795,0.6606574654579163,0.6900675296783447,0.4324384331703186,0.3403717662269066
00133,/Users/nikko/Downloads/moi-main/project_root/data/temp_frames/video5/frame_00133.png,"[13, 81, 524, 240]",RIGHT_ANKLE,-1.638169219772694,0.7966973916930035,0.7822657227516174,0.6900675296783447,0.4324384331703186,0.3403717662269066
00133,/Users/nikko/Downloads/moi-main/project_root/data/temp_frames/video5/frame_00133.png,"[13, 81, 524, 240]",LEFT_EYE,0.6113054409279124,0.4024767999756673,0.9976207613945007,0.6900675296783447,0.4324384331703186,0.3403717662269066
00133,/Users/nikko/Downloads/moi-main/project_root/data/temp_frames/video5/frame_00133.png,"[13, 81, 524, 240]",RIGHT_EYE,0.6205396737291153,0.3242073432866116,0.9985910058021545,0.6900675296783447,0.4324384331703186,0.3403717662269066
00134,/Users/nikko/Downloads/moi-main/project_root/data/temp_frames/video5/frame_00134.png,"[11, 78, 523, 239]",LEFT_SHOULDER,0.3437578488726893,-0.2550159650477865,0.999889612197876,0.6857050508260727,0.4189373850822449,0.32587664133182204
00134,/Users/nikko/Downloads/moi-main/project_root/data/temp_frames/video5/frame_00134.png,"[11, 78, 523, 239]",RIGHT_SHOULDER,0.4416124985007012,-0.35474457343992,0.9994009733200073,0.6857050508260727,0.4189373850822449,0.32587664133182204
00134,/Users/nikko/Downloads/moi-main/project_root/data/temp_frames/video5/frame_00134.png,"[11, 78, 523, 239]",LEFT_HIP,-0.40338203869105044,0.16622428518818247,0.9976940751075745,0.6857050508260727,0.4189373850822449,0.32587664133182204
00134,/Users/nikko/Downloads/moi-main/project_root/data/temp_frames/video5/frame_00134.png,"[11, 78, 523, 239]",RIGHT_HIP,-0.38198830868234007,0.44353625329952406,0.998275637626648,0.6857050508260727,0.4189373850822449,0.32587664133182204
00134,/Users/nikko/Downloads/moi-main/project_root/data/temp_frames/video5/frame_00134.png,"[11, 78, 523, 239]",RIGHT_ELBOW,0.33093671886550285,0.9365559557234646,0.8964993357658386,0.6857050508260727,0.4189373850822449,0.32587664133182204
00134,/Users/nikko/Downloads/moi-main/project_root/data/temp_frames/video5/frame_00134.png,"[11, 78, 523, 239]",RIGHT_WRIST,0.4533446088913165,1.6099360727605334,0.8523551225662231,0.6857050508260727,0.4189373850822449,0.32587664133182204
00134,/Users/nikko/Downloads/moi-main/project_root/data/temp_frames/video5/frame_00134.png,"[11, 78, 523, 239]",RIGHT_KNEE,-0.9940834535499449,1.0481265092861514,0.8780661225318909,0.6857050508260727,0.4189373850822449,0.32587664133182204
00134,/Users/nikko/Downloads/moi-main/project_root/data/temp_frames/video5/frame_00134.png,"[11, 78, 523, 239]",RIGHT_ANKLE,-1.660361988433369,0.9396123073850206,0.9614191651344299,0.6857050508260727,0.4189373850822449,0.32587664133182204
00134,/Users/nikko/Downloads/moi-main/project_root/data/temp_frames/video5/frame_00134.png,"[11, 78, 523, 239]",LEFT_EYE,0.6589280640090457,0.43272708429036966,0.9994186162948608,0.6857050508260727,0.4189373850822449,0.32587664133182204
00134,/Users/nikko/Downloads/moi-main/project_root/data/temp_frames/video5/frame_00134.png,"[11, 78, 523, 239]",RIGHT_EYE,0.6626315354897868,0.3658623041039544,0.9996378421783447,0.6857050508260727,0.4189373850822449,0.32587664133182204
00135,/Users/nikko/Downloads/moi-main/project_root/data/temp_frames/video5/frame_00135.png,"[15, 77, 524, 239]",LEFT_SHOULDER,0.3450227757677401,-0.10084506858915492,0.9997326731681824,0.6833759248256683,0.4315606579184532,0.3388489538481858
00135,/Users/nikko/Downloads/moi-main/project_root/data/temp_frames/video5/frame_00135.png,"[15, 77, 524, 239]",RIGHT_SHOULDER,0.4252939540433966,-0.5224017813971387,0.9988622665405273,0.6833759248256683,0.4315606579184532,0.3388489538481858
00135,/Users/nikko/Downloads/moi-main/project_root/data/temp_frames/video5/frame_00135.png,"[15, 77, 524, 239]",LEFT_HIP,-0.38914776350288294,0.3076041228370437,0.9976430535316467,0.6833759248256683,0.4315606579184532,0.3388489538481858
00135,/Users/nikko/Downloads/moi-main/project_root/data/temp_frames/video5/frame_00135.png,"[15, 77, 524, 239]",RIGHT_HIP,-0.38116896630825375,0.31564272714924985,0.9980250597000122,0.6833759248256683,0.4315606579184532,0.3388489538481858
00135,/Users/nikko/Downloads/moi-main/project_root/data/temp_frames/video5/frame_00135.png,"[15, 77, 524, 239]",RIGHT_ELBOW,0.2891140268370636,0.4919535820563059,0.9008973836898804,0.6833759248256683,0.4315606579184532,0.3388489538481858
00135,/Users/nikko/Downloads/moi-main/project_root/data/temp_frames/video5/frame_00135.png,"[15, 77, 524, 239]",RIGHT_WRIST,0.42452050729049673,1.4937908760426724,0.739944577217102,0.6833759248256683,0.4315606579184532,0.3388489538481858
00135,/Users/nikko/Downloads/moi-main/project_root/data/temp_frames/video5/frame_00135.png,"[15, 77, 524, 239]",RIGHT_KNEE,-1.0085042044666161,1.0074925186993977,0.8437341451644897,0.6833759248256683,0.4315606579184532,0.3388489538481858
00135,/Users/nikko/Downloads/moi-main/project_root/data/temp_frames/video5/frame_00135.png,"[15, 77, 524, 239]",RIGHT_ANKLE,-1.6820965541017405,0.7943906118017187,0.9267022609710693,0.6833759248256683,0.4315606579184532,0.3388489538481858
00135,/Users/nikko/Downloads/moi-main/project_root/data/temp_frames/video5/frame_00135.png,"[15, 77, 524, 239]",LEFT_EYE,0.6417784811499144,0.3436729159312813,0.9984967708587646,0.6833759248256683,0.4315606579184532,0.3388489538481858
00135,/Users/nikko/Downloads/moi-main/project_root/data/temp_frames/video5/frame_00135.png,"[15, 77, 524, 239]",RIGHT_EYE,0.6453730648195776,0.2615733988906393,0.9989879727363586,0.6833759248256683,0.4315606579184532,0.3388489538481858
00136,/Users/nikko/Downloads/moi-main/project_root/data/temp_frames/video5/frame_00136.png,"[17, 75, 523, 239]",LEFT_SHOULDER,0.36587520836650306,-0.17965627432942655,0.999458372592926,0.6877405643463135,0.41015275567770004,0.3488932578500188
00136,/Users/nikko/Downloads/moi-main/project_root/data/temp_frames/video5/frame_00136.png,"[17, 75, 523, 239]",RIGHT_SHOULDER,0.4026268202539795,-0.45846559115573937,0.9983232617378235,0.6877405643463135,0.41015275567770004,0.3488932578500188
00136,/Users/nikko/Downloads/moi-main/project_root/data/temp_frames/video5/frame_00136.png,"[17, 75, 523, 239]",LEFT_HIP,-0.395456357385396,0.26507284153079513,0.9952604174613953,0.6877405643463135,0.41015275567770004,0.3488932578500188
00136,/Users/nikko/Downloads/moi-main/project_root/data/temp_frames/video5/frame_00136.png,"[17, 75, 523, 239]",RIGHT_HIP,-0.3730456712350866,0.3730490239543708,0.9961994290351868,0.6877405643463135,0.41015275567770004,0.3488932578500188
00136,/Users/nikko/Downloads/moi-main/project_root/data/temp_frames/video5/frame_00136.png,"[17, 75, 523, 239]",RIGHT_ELBOW,0.27211421402948743,0.5196784293916547,0.8168371319770813,0.6877405643463135,0.41015275567770004,0.3488932578500188
00136,/Users/nikko/Downloads/moi-main/project_root/data/temp_frames/video5/frame_00136.png,"[17, 75, 523, 239]",RIGHT_WRIST,0.4053339382044125,1.5640943066709052,0.6418563723564148,0.6877405643463135,0.41015275567770004,0.3488932578500188
00136,/Users/nikko/Downloads/moi-main/project_root/data/temp_frames/video5/frame_00136.png,"[17, 75, 523, 239]",RIGHT_KNEE,-0.9836758792369054,1.034413178101724,0.5533313155174255,0.6877405643463135,0.41015275567770004,0.3488932578500188
00136,/Users/nikko/Downloads/moi-main/project_root/data/temp_frames/video5/frame_00136.png,"[17, 75, 523, 239]",RIGHT_ANKLE,-1.6722731257396253,0.8084515154129776,0.7953104972839355,0.6877405643463135,0.41015275567770004,0.3488932578500188
00136,/Users/nikko/Downloads/moi-main/project_root/data/temp_frames/video5/frame_00136.png,"[17, 75, 523, 239]",LEFT_EYE,0.6002623186811146,0.35302564477360265,0.9966777563095093,0.6877405643463135,0.41015275567770004,0.3488932578500188
00136,/Users/nikko/Downloads/moi-main/project_root/data/temp_frames/video5/frame_00136.png,"[17, 75, 523, 239]",RIGHT_EYE,0.6089899808503542,0.2545374443752809,0.9981250166893005,0.6877405643463135,0.41015275567770004,0.3488932578500188
00137,/Users/nikko/Downloads/moi-main/project_root/data/temp_frames/video5/frame_00137.png,"[18, 72, 522, 240]",LEFT_SHOULDER,0.3436039185707751,-0.18271326624081985,0.9991865754127502,0.6865982413291931,0.4106745421886444,0.36622421209770006
00137,/Users/nikko/Downloads/moi-main/project_root/data/temp_frames/video5/frame_00137.png,"[18, 72, 522, 240]",RIGHT_SHOULDER,0.38869212794075225,-0.49360564269139373,0.9968308806419373,0.6865982413291931,0.4106745421886444,0.36622421209770006
00137,/Users/nikko/Downloads/moi-main/project_root/data/temp_frames/video5/frame_00137.png,"[18, 72, 522, 240]",LEFT_HIP,-0.37773663313393835,0.32180758951441557,0.9928274750709534,0.6865982413291931,0.4106745421886444,0.36622421209770006
00137,/Users/nikko/Downloads/moi-main/project_root/data/temp_frames/video5/frame_00137.png,"[18, 72, 522, 240]",RIGHT_HIP,-0.354559413377589,0.354511319417798,0.9937286376953125,0.6865982413291931,0.4106745421886444,0.36622421209770006
00137,/Users/nikko/Downloads/moi-main/project_root/data/temp_frames/video5/frame_00137.png,"[18, 72, 522, 240]",RIGHT_ELBOW,0.27227984380535286,0.47732197188235037,0.7712671756744385,0.6865982413291931,0.4106745421886444,0.36622421209770006
00137,/Users/nikko/Downloads/moi-main/project_root/data/temp_frames/video5/frame_00137.png,"[18, 72, 522, 240]",RIGHT_WRIST,0.3638631125907679,1.5014137563398136,0.5616722702980042,0.6865982413291931,0.4106745421886444,0.36622421209770006
00137,/Users/nikko/Downloads/moi-main/project_root/data/temp_frames/video5/frame_00137.png,"[18, 72, 522, 240]",RIGHT_KNEE,-0.9452285949528191,1.0033881892286398,0.6077281832695007,0.6865982413291931,0.4106745421886444,0.36622421209770006
00137,/Users/nikko/Downloads/moi-main/project_root/data/temp_frames/video5/frame_00137.png,"[18, 72, 522, 240]",RIGHT_ANKLE,-1.5900443937096822,0.7991931170356776,0.8590970039367676,0.6865982413291931,0.4106745421886444,0.36622421209770006
00137,/Users/nikko/Downloads/moi-main/project_root/data/temp_frames/video5/frame_00137.png,"[18, 72, 522, 240]",LEFT_EYE,0.5668414320141947,0.28558982683320544,0.9844177961349487,0.6865982413291931,0.4106745421886444,0.36622421209770006
00137,/Users/nikko/Downloads/moi-main/project_root/data/temp_frames/video5/frame_00137.png,"[18, 72, 522, 240]",RIGHT_EYE,0.578555037361471,0.19864953753320008,0.9906455278396606,0.6865982413291931,0.4106745421886444,0.36622421209770006
00138,/Users/nikko/Downloads/moi-main/project_root/data/temp_frames/video5/frame_00138.png,"[17, 71, 523, 238]",LEFT_SHOULDER,0.3486763431950766,-0.15925717723277966,0.9993558526039124,0.6860752254724503,0.39956482872366905,0.3549935459576426
00138,/Users/nikko/Downloads/moi-main/project_root/data/temp_frames/video5/frame_00138.png,"[17, 71, 523, 238]",RIGHT_SHOULDER,0.39464360934755843,-0.5049417326192491,0.9980223178863525,0.6860752254724503,0.39956482872366905,0.3549935459576426
00138,/Users/nikko/Downloads/moi-main/project_root/data/temp_frames/video5/frame_00138.png,"[17, 71, 523, 238]",LEFT_HIP,-0.3854180697657853,0.29789307060689635,0.9904881119728088,0.6860752254724503,0.39956482872366905,0.3549935459576426
00138,/Users/nikko/Downloads/moi-main/project_root/data/temp_frames/video5/frame_00138.png,"[17, 71, 523, 238]",RIGHT_HIP,-0.35790188277684976,0.36630583924513244,0.9924559593200684,0.6860752254724503,0.39956482872366905,0.3549935459576426
00138,/Users/nikko/Downloads/moi-main/project_root/data/temp_frames/video5/frame_00138.png,"[17, 71, 523, 238]",RIGHT_ELBOW,0.27463024555795856,0.49325277643072146,0.8894631862640381,0.6860752254724503,0.39956482872366905,0.3549935459576426
00138,/Users/nikko/Downloads/moi-main/project_root/data/temp_frames/video5/frame_00138.png,"[17, 71, 523, 238]",RIGHT_WRIST,0.38559713880627017,1.579791160309773,0.7436031103134155,0.6860752254724503,0.39956482872366905,0.3549935459576426
00138,/Users/nikko/Downloads/moi-main/project_root/data/temp_frames/video5/frame_00138.png,"[17, 71, 523, 238]",RIGHT_KNEE,-0.9674215825919636,1.0846535940786317,0.7599235773086548,0.6860752254724503,0.39956482872366905,0.3549935459576426
00138,/Users/nikko/Downloads/moi-main/project_root/data/temp_frames/video5/frame_00138.png,"[17, 71, 523, 238]",RIGHT_ANKLE,-1.6275909353227018,0.8840620164296698,0.9336426854133606,0.6860752254724503,0.39956482872366905,0.3549935459576426
00138,/Users/nikko/Downloads/moi-main/project_root/data/temp_frames/video5/frame_00138.png,"[17, 71, 523, 238]",LEFT_EYE,0.5845049805546393,0.29959326104660544,0.9943813681602478,0.6860752254724503,0.39956482872366905,0.3549935459576426
00138,/Users/nikko/Downloads/moi-main/project_root/data/temp_frames/video5/frame_00138.png,"[17, 71, 523, 238]",RIGHT_EYE,0.5931656089439967,0.200697199419501,0.9966555833816528,0.6860752254724503,0.39956482872366905,0.3549935459576426
00139,/Users/nikko/Downloads/moi-main/project_root/data/temp_frames/video5/frame_00139.png,"[31, 66, 519, 238]",LEFT_SHOULDER,0.30329126178090005,-0.22803686410187407,0.9993776679039001,0.6731785982847214,0.3970566540956497,0.3690373241124899
00139,/Users/nikko/Downloads/moi-main/project_root/data/temp_frames/video5/frame_00139.png,"[31, 66, 519, 238]",RIGHT_SHOULDER,0.40808517261392735,-0.4745546696280275,0.9976403713226318,0.6731785982847214,0.3970566540956497,0.3690373241124899
00139,/Users/nikko/Downloads/moi-main/project_root/data/temp_frames/video5/frame_00139.png,"[31, 66, 519, 238]",LEFT_HIP,-0.3727329369501355,0.2720059452534144,0.9889679551124573,0.6731785982847214,0.3970566540956497,0.3690373241124899
00139,/Users/nikko/Downloads/moi-main/project_root/data/temp_frames/video5/frame_00139.png,"[31, 66, 519, 238]",RIGHT_HIP,-0.3386434974446919,0.43058558847648715,0.9909765720367432,0.6731785982847214,0.3970566540956497,0.3690373241124899
00139,/Users/nikko/Downloads/moi-main/project_root/data/temp_frames/video5/frame_00139.png,"[31, 66, 519, 238]",RIGHT_ELBOW,0.3290210666295947,0.5046561702774529,0.8787521123886108,0.6731785982847214,0.3970566540956497,0.3690373241124899
00139,/Users/nikko/Downloads/moi-main/project_root/data/temp_frames/video5/frame_00139.png,"[31, 66, 519, 238]",RIGHT_WRIST,0.4287822054099094,1.5652532817702145,0.712561309337616,0.6731785982847214,0.3970566540956497,0.3690373241124899
00139,/Users/nikko/Downloads/moi-main/project_root/data/temp_frames/video5/frame_00139.png,"[31, 66, 519, 238]",RIGHT_KNEE,-0.9419527002489086,1.0857042400110255,0.8116102814674377,0.6731785982847214,0.3970566540956497,0.3690373241124899
00139,/Users/nikko/Downloads/moi-main/project_root/data/temp_frames/video5/frame_00139.png,"[31, 66, 519, 238]",RIGHT_ANKLE,-1.6046193186977569,0.8486937866707153,0.9491347670555115,0.6731785982847214,0.3970566540956497,0.3690373241124899
00139,/Users/nikko/Downloads/moi-main/project_root/data/temp_frames/video5/frame_00139.png,"[31, 66, 519, 238]",LEFT_EYE,0.6050198365334623,0.24385117122630431,0.997188150882721,0.6731785982847214,0.3970566540956497,0.3690373241124899
00139,/Users/nikko/Downloads/moi-main/project_root/data/temp_frames/video5/frame_00139.png,"[31, 66, 519, 238]",RIGHT_EYE,0.6175008204992314,0.15931529850250445,0.9980813264846802,0.6731785982847214,0.3970566540956497,0.3690373241124899
00140,/Users/nikko/Downloads/moi-main/project_root/data/temp_frames/video5/frame_00140.png,"[16, 60, 521, 240]",LEFT_SHOULDER,0.34355019707541956,-0.1424315552454013,0.9996354579925537,0.6835412085056305,0.4007001891732216,0.3618627918571994
00140,/Users/nikko/Downloads/moi-main/project_root/data/temp_frames/video5/frame_00140.png,"[16, 60, 521, 240]",RIGHT_SHOULDER,0.3903803153637047,-0.5308454892476053,0.998878538608551,0.6835412085056305,0.4007001891732216,0.3618627918571994
00140,/Users/nikko/Downloads/moi-main/project_root/data/temp_frames/video5/frame_00140.png,"[16, 60, 521, 240]",LEFT_HIP,-0.3802855215857743,0.2967859446563696,0.9950462579727173,0.6835412085056305,0.4007001891732216,0.3618627918571994
00140,/Users/nikko/Downloads/moi-main/project_root/data/temp_frames/video5/frame_00140.png,"[16, 60, 521, 240]",RIGHT_HIP,-0.35364499085334994,0.376491099836637,0.9963765740394592,0.6835412085056305,0.4007001891732216,0.3618627918571994
00140,/Users/nikko/Downloads/moi-main/project_root/data/temp_frames/video5/frame_00140.png,"[16, 60, 521, 240]",RIGHT_ELBOW,0.3195296413753315,0.4658514213988015,0.9186272025108337,0.6835412085056305,0.4007001891732216,0.3618627918571994
00140,/Users/nikko/Downloads/moi-main/project_root/data/temp_frames/video5/frame_00140.png,"[16, 60, 521, 240]",RIGHT_WRIST,0.4052920681411097,1.5407641238253509,0.8482450842857361,0.6835412085056305,0.4007001891732216,0.3618627918571994
00140,/Users/nikko/Downloads/moi-main/project_root/data/temp_frames/video5/frame_00140.png,"[16, 60, 521, 240]",RIGHT_KNEE,-0.9419502049065847,1.0970804279588948,0.8077415823936462,0.6835412085056305,0.4007001891732216,0.3618627918571994
00140,/Users/nikko/Downloads/moi-main/project_root/data/temp_frames/video5/frame_00140.png,"[16, 60, 521, 240]",RIGHT_ANKLE,-1.583474279489701,0.8941806074850285,0.9453772306442261,0.6835412085056305,0.4007001891732216,0.3618627918571994
00140,/Users/nikko/Downloads/moi-main/project_root/data/temp_frames/video5/frame_00140.png,"[16, 60, 521, 240]",LEFT_EYE,0.5853584421854806,0.2158934331312892,0.9965695142745972,0.6835412085056305,0.4007001891732216,0.3618627918571994
00140,/Users/nikko/Downloads/moi-main/project_root/data/temp_frames/video5/frame_00140.png,"[16, 60, 521, 240]",RIGHT_EYE,0.5975148232578107,0.1357874412075797,0.9981626868247986,0.6835412085056305,0.4007001891732216,0.3618627918571994
00141,/Users/nikko/Downloads/moi-main/project_root/data/temp_frames/video5/frame_00141.png,"[30, 60, 518, 237]",LEFT_SHOULDER,0.36831046153670977,-0.10170929889540448,0.9996228218078613,0.676373615860939,0.40345635637640953,0.3692134623822906
00141,/Users/nikko/Downloads/moi-main/project_root/data/temp_frames/video5/frame_00141.png,"[30, 60, 518, 237]",RIGHT_SHOULDER,0.38749577385995826,-0.5412549650540529,0.9986329674720764,0.676373615860939,0.40345635637640953,0.3692134623822906
00141,/Users/nikko/Downloads/moi-main/project_root/data/temp_frames/video5/frame_00141.png,"[30, 60, 518, 237]",LEFT_HIP,-0.3848294027339417,0.27714189684793383,0.9940435290336609,0.676373615860939,0.40345635637640953,0.3692134623822906
00141,/Users/nikko/Downloads/moi-main/project_root/data/temp_frames/video5/frame_00141.png,"[30, 60, 518, 237]",RIGHT_HIP,-0.3709768326627263,0.36582236710152355,0.995410144329071,0.676373615860939,0.40345635637640953,0.3692134623822906
00141,/Users/nikko/Downloads/moi-main/project_root/data/temp_frames/video5/frame_00141.png,"[30, 60, 518, 237]",RIGHT_ELBOW,0.3294350239751852,0.5146690461582715,0.9266055226325989,0.676373615860939,0.40345635637640953,0.3692134623822906
00141,/Users/nikko/Downloads/moi-main/project_root/data/temp_frames/video5/frame_00141.png,"[30, 60, 518, 237]",RIGHT_WRIST,0.41741275978070475,1.5064189778825305,0.8153306245803833,0.676373615860939,0.40345635637640953,0.3692134623822906
00141,/Users/nikko/Downloads/moi-main/project_root/data/temp_frames/video5/frame_00141.png,"[30, 60, 518, 237]",RIGHT_KNEE,-0.9414698308500073,1.082464919506612,0.8920755982398987,0.676373615860939,0.40345635637640953,0.3692134623822906
00141,/Users/nikko/Downloads/moi-main/project_root/data/temp_frames/video5/frame_00141.png,"[30, 60, 518, 237]",RIGHT_ANKLE,-1.6065560840129125,0.8867055097039567,0.9603255391120911,0.676373615860939,0.40345635637640953,0.3692134623822906
00141,/Users/nikko/Downloads/moi-main/project_root/data/temp_frames/video5/frame_00141.png,"[30, 60, 518, 237]",LEFT_EYE,0.6083124371941447,0.15368228673218348,0.9973973035812378,0.676373615860939,0.40345635637640953,0.3692134623822906
00141,/Users/nikko/Downloads/moi-main/project_root/data/temp_frames/video5/frame_00141.png,"[30, 60, 518, 237]",RIGHT_EYE,0.6118881011707826,0.07865735291923953,0.9986987113952637,0.676373615860939,0.40345635637640953,0.3692134623822906
00142,/Users/nikko/Downloads/moi-main/project_root/data/temp_frames/video5/frame_00142.png,"[18, 54, 522, 240]",LEFT_SHOULDER,0.3304033893804252,-0.1566012119401591,0.9996057152748108,0.6782040596008301,0.3942827023565769,0.3660589644696244
00142,/Users/nikko/Downloads/moi-main/project_root/data/temp_frames/video5/frame_00142.png,"[18, 54, 522, 240]",RIGHT_SHOULDER,0.3806737626851819,-0.5382338279413078,0.9990498423576355,0.6782040596008301,0.3942827023565769,0.3660589644696244
00142,/Users/nikko/Downloads/moi-main/project_root/data/temp_frames/video5/frame_00142.png,"[18, 54, 522, 240]",LEFT_HIP,-0.3645493954900646,0.33864182409854454,0.9935795068740845,0.6782040596008301,0.3942827023565769,0.3660589644696244
00142,/Users/nikko/Downloads/moi-main/project_root/data/temp_frames/video5/frame_00142.png,"[18, 54, 522, 240]",RIGHT_HIP,-0.34652775657554247,0.3561932157829224,0.995918333530426,0.6782040596008301,0.3942827023565769,0.3660589644696244
00142,/Users/nikko/Downloads/moi-main/project_root/data/temp_frames/video5/frame_00142.png,"[18, 54, 522, 240]",RIGHT_ELBOW,0.331369285006885,0.4786595651538898,0.9355159997940063,0.6782040596008301,0.3942827023565769,0.3660589644696244
00142,/Users/nikko/Downloads/moi-main/project_root/data/temp_frames/video5/frame_00142.png,"[18, 54, 522, 240]",RIGHT_WRIST,0.39961684518536417,1.5051141770137222,0.8970407843589783,0.6782040596008301,0.3942827023565769,0.3660589644696244
00142,/Users/nikko/Downloads/moi-main/project_root/data/temp_frames/video5/frame_00142.png,"[18, 54, 522, 240]",RIGHT_KNEE,-0.9233419971754822,1.1172320192875127,0.7931212782859802,0.6782040596008301,0.3942827023565769,0.3660589644696244
00142,/Users/nikko/Downloads/moi-main/project_root/data/temp_frames/video5/frame_00142.png,"[18, 54, 522, 240]",RIGHT_ANKLE,-1.5731567672852083,0.9218376192150406,0.9650800228118896,0.6782040596008301,0.3942827023565769,0.3660589644696244
00142,/Users/nikko/Downloads/moi-main/project_root/data/temp_frames/video5/frame_00142.png,"[18, 54, 522, 240]",LEFT_EYE,0.5951980089603901,0.11768823329222054,0.9857908487319946,0.6782040596008301,0.3942827023565769,0.3660589644696244
00142,/Users/nikko/Downloads/moi-main/project_root/data/temp_frames/video5/frame_00142.png,"[18, 54, 522, 240]",RIGHT_EYE,0.6044953242630248,0.0796402172715085,0.992446780204773,0.6782040596008301,0.3942827023565769,0.3660589644696244
00143,/Users/nikko/Downloads/moi-main/project_root/data/temp_frames/video5/frame_00143.png,"[29, 57, 516, 238]",LEFT_SHOULDER,0.33051137714258144,-0.17980261690936628,0.9998250603675842,0.675958052277565,0.3874985873699188,0.397764216401348
00143,/Users/nikko/Downloads/moi-main/project_root/data/temp_frames/video5/frame_00143.png,"[29, 57, 516, 238]",RIGHT_SHOULDER,0.3506307284973252,-0.5448112625920438,0.9994091987609863,0.675958052277565,0.3874985873699188,0.397764216401348
00143,/Users/nikko/Downloads/moi-main/project_root/data/temp_frames/video5/frame_00143.png,"[29, 57, 516, 238]",LEFT_HIP,-0.348232916718271,0.3502193550144362,0.9935885667800903,0.675958052277565,0.3874985873699188,0.397764216401348
00143,/Users/nikko/Downloads/moi-main/project_root/data/temp_frames/video5/frame_00143.png,"[29, 57, 516, 238]",RIGHT_HIP,-0.3329091889216356,0.3743945244869739,0.9962947964668274,0.675958052277565,0.3874985873699188,0.397764216401348
00143,/Users/nikko/Downloads/moi-main/project_root/data/temp_frames/video5/frame_00143.png,"[29, 57, 516, 238]",RIGHT_ELBOW,0.32411206757632144,0.46905995070802425,0.9808858036994934,0.675958052277565,0.3874985873699188,0.397764216401348
00143,/Users/nikko/Downloads/moi-main/project_root/data/temp_frames/video5/frame_00143.png,"[29, 57, 516, 238]",RIGHT_WRIST,0.38946819145141875,1.4704464789240752,0.9696432948112488,0.675958052277565,0.3874985873699188,0.397764216401348
00143,/Users/nikko/Downloads/moi-main/project_root/data/temp_frames/video5/frame_00143.png,"[29, 57, 516, 238]",RIGHT_KNEE,-0.8598120500007664,1.0614828706737378,0.946380615234375,0.675958052277565,0.3874985873699188,0.397764216401348
00143,/Users/nikko/Downloads/moi-main/project_root/data/temp_frames/video5/frame_00143.png,"[29, 57, 516, 238]",LEFT_ANKLE,-1.4315821180407662,0.8693284099853654,0.5246313214302063,0.675958052277565,0.3874985873699188,0.397764216401348
00143,/Users/nikko/Downloads/moi-main/project_root/data/temp_frames/video5/frame_00143.png,"[29, 57, 516, 238]",RIGHT_ANKLE,-1.460162685055156,0.9016045764011552,0.9885895252227783,0.675958052277565,0.3874985873699188,0.397764216401348
00143,/Users/nikko/Downloads/moi-main/project_root/data/temp_frames/video5/frame_00143.png,"[29, 57, 516, 238]",LEFT_EYE,0.5640438439155093,0.05553111202586649,0.9943727254867554,0.675958052277565,0.3874985873699188,0.397764216401348
00143,/Users/nikko/Downloads/moi-main/project_root/data/temp_frames/video5/frame_00143.png,"[29, 57, 516, 238]",RIGHT_EYE,0.568682725223148,0.011649500635649252,0.997344434261322,0.675958052277565,0.3874985873699188,0.397764216401348
00144,/Users/nikko/Downloads/moi-main/project_root/data/temp_frames/video5/frame_00144.png,"[29, 55, 515, 237]",LEFT_SHOULDER,0.3277648789515463,-0.16817860489282985,0.999697208404541,0.678321972489357,0.38871846348047256,0.39036001265298936
00144,/Users/nikko/Downloads/moi-main/project_root/data/temp_frames/video5/frame_00144.png,"[29, 55, 515, 237]",RIGHT_SHOULDER,0.3517233923731832,-0.5541770717916379,0.999160885810852,0.678321972489357,0.38871846348047256,0.39036001265298936
00144,/Users/nikko/Downloads/moi-main/project_root/data/temp_frames/video5/frame_00144.png,"[29, 55, 515, 237]",LEFT_HIP,-0.3432339755909103,0.3697514644710795,0.9953886270523071,0.678321972489357,0.38871846348047256,0.39036001265298936
00144,/Users/nikko/Downloads/moi-main/project_root/data/temp_frames/video5/frame_00144.png,"[29, 55, 515, 237]",RIGHT_HIP,-0.3362542957338192,0.3526042122133882,0.996687114238739,0.678321972489357,0.38871846348047256,0.39036001265298936
00144,/Users/nikko/Downloads/moi-main/project_root/data/temp_frames/video5/frame_00144.png,"[29, 55, 515, 237]",RIGHT_ELBOW,0.32689499563799274,0.5120567094565724,0.9400349855422974,0.678321972489357,0.38871846348047256,0.39036001265298936
00144,/Users/nikko/Downloads/moi-main/project_root/data/temp_frames/video5/frame_00144.png,"[29, 55, 515, 237]",RIGHT_WRIST,0.3904290008108493,1.4879077515906125,0.8688511848449707,0.678321972489357,0.38871846348047256,0.39036001265298936
00144,/Users/nikko/Downloads/moi-main/project_root/data/temp_frames/video5/frame_00144.png,"[29, 55, 515, 237]",RIGHT_KNEE,-0.8889681060669353,1.1082657543076686,0.7953360080718994,0.678321972489357,0.38871846348047256,0.39036001265298936
00144,/Users/nikko/Downloads/moi-main/project_root/data/temp_frames/video5/frame_00144.png,"[29, 55, 515, 237]",RIGHT_ANKLE,-1.5212958413578674,0.8812723222945991,0.9634222388267517,0.678321972489357,0.38871846348047256,0.39036001265298936
00144,/Users/nikko/Downloads/moi-main/project_root/data/temp_frames/video5/frame_00144.png,"[29, 55, 515, 237]",LEFT_EYE,0.5808598491897853,0.010187403205470812,0.9934676289558411,0.678321972489357,0.38871846348047256,0.39036001265298936
00144,/Users/nikko/Downloads/moi-main/project_root/data/temp_frames/video5/frame_00144.png,"[29, 55, 515, 237]",RIGHT_EYE,0.5874637553353342,-0.040433560562160284,0.996345579624176,0.678321972489357,0.38871846348047256,0.39036001265298936
00145,/Users/nikko/Downloads/moi-main/project_root/data/temp_frames/video5/frame_00145.png,"[29, 55, 514, 236]",LEFT_SHOULDER,0.32138517797907473,-0.13280991269401707,0.9997183680534363,0.6819572448730469,0.38394391536712646,0.40795548762004186
00145,/Users/nikko/Downloads/moi-main/project_root/data/temp_frames/video5/frame_00145.png,"[29, 55, 514, 236]",RIGHT_SHOULDER,0.3391992683380035,-0.6030710114130002,0.9992109537124634,0.6819572448730469,0.38394391536712646,0.40795548762004186
00145,/Users/nikko/Downloads/moi-main/project_root/data/temp_frames/video5/frame_00145.png,"[29, 55, 514, 236]",LEFT_HIP,-0.33492187623666336,0.3667070372646197,0.9943563342094421,0.6819572448730469,0.38394391536712646,0.40795548762004186
00145,/Users/nikko/Downloads/moi-main/project_root/data/temp_frames/video5/frame_00145.png,"[29, 55, 514, 236]",RIGHT_HIP,-0.3256625700804149,0.3691738868423976,0.9959942102432251,0.6819572448730469,0.38394391536712646,0.40795548762004186
00145,/Users/nikko/Downloads/moi-main/project_root/data/temp_frames/video5/frame_00145.png,"[29, 55, 514, 236]",RIGHT_ELBOW,0.31052455274130253,0.4708461061644595,0.9489458203315735,0.6819572448730469,0.38394391536712646,0.40795548762004186
00145,/Users/nikko/Downloads/moi-main/project_root/data/temp_frames/video5/frame_00145.png,"[29, 55, 514, 236]",RIGHT_WRIST,0.3870610300791331,1.4021519525383277,0.8754884600639343,0.6819572448730469,0.38394391536712646,0.40795548762004186
00145,/Users/nikko/Downloads/moi-main/project_root/data/temp_frames/video5/frame_00145.png,"[29, 55, 514, 236]",RIGHT_KNEE,-0.8557428716856902,1.1028629324037014,0.862662672996521,0.6819572448730469,0.38394391536712646,0.40795548762004186
00145,/Users/nikko/Downloads/moi-main/project_root/data/temp_frames/video5/frame_00145.png,"[29, 55, 514, 236]",RIGHT_ANKLE,-1.4572579298542847,0.8932910281380644,0.9741044044494629,0.6819572448730469,0.38394391536712646,0.40795548762004186
00145,/Users/nikko/Downloads/moi-main/project_root/data/temp_frames/video5/frame_00145.png,"[29, 55, 514, 236]",LEFT_EYE,0.5483240889914633,-0.03396681217077672,0.9946380257606506,0.6819572448730469,0.38394391536712646,0.40795548762004186
00145,/Users/nikko/Downloads/moi-main/project_root/data/temp_frames/video5/frame_00145.png,"[29, 55, 514, 236]",RIGHT_EYE,0.5556344904735836,-0.0967916296086715,0.9969024062156677,0.6819572448730469,0.38394391536712646,0.40795548762004186
00146,/Users/nikko/Downloads/moi-main/project_root/data/temp_frames/video5/frame_00146.png,"[29, 54, 515, 236]",LEFT_SHOULDER,0.31818227589374526,-0.164709380596724,0.9993341565132141,0.6781001091003418,0.3760378621518612,0.4144819802645341
00146,/Users/nikko/Downloads/moi-main/project_root/data/temp_frames/video5/frame_00146.png,"[29, 54, 515, 236]",RIGHT_SHOULDER,0.33825603726423137,-0.5790250061095407,0.9984509944915771,0.6781001091003418,0.3760378621518612,0.4144819802645341
00146,/Users/nikko/Downloads/moi-main/project_root/data/temp_frames/video5/frame_00146.png,"[29, 54, 515, 236]",LEFT_HIP,-0.33126696300126846,0.36788386250506455,0.9924004077911377,0.6781001091003418,0.3760378621518612,0.4144819802645341
00146,/Users/nikko/Downloads/moi-main/project_root/data/temp_frames/video5/frame_00146.png,"[29, 54, 515, 236]",RIGHT_HIP,-0.32517135015670817,0.3758505242012001,0.9944406151771545,0.6781001091003418,0.3760378621518612,0.4144819802645341
00146,/Users/nikko/Downloads/moi-main/project_root/data/temp_frames/video5/frame_00146.png,"[29, 54, 515, 236]",RIGHT_ELBOW,0.31452315376413703,0.48962369701727937,0.9385703802108765,0.6781001091003418,0.3760378621518612,0.4144819802645341
00146,/Users/nikko/Downloads/moi-main/project_root/data/temp_frames/video5/frame_00146.png,"[29, 54, 515, 236]",RIGHT_WRIST,0.3608747184353729,1.4249932446546543,0.8212081789970398,0.6781001091003418,0.3760378621518612,0.4144819802645341
00146,/Users/nikko/Downloads/moi-main/project_root/data/temp_frames/video5/frame_00146.png,"[29, 54, 515, 236]",RIGHT_KNEE,-0.8428256825023522,1.1157496094892325,0.8294757008552551,0.6781001091003418,0.3760378621518612,0.4144819802645341
00146,/Users/nikko/Downloads/moi-main/project_root/data/temp_frames/video5/frame_00146.png,"[29, 54, 515, 236]",RIGHT_ANKLE,-1.4195226719217549,0.9166559762986449,0.9709134697914124,0.6781001091003418,0.3760378621518612,0.4144819802645341
00146,/Users/nikko/Downloads/moi-main/project_root/data/temp_frames/video5/frame_00146.png,"[29, 54, 515, 236]",LEFT_EYE,0.5431051841114631,-0.07486926805434545,0.9913609623908997,0.6781001091003418,0.3760378621518612,0.4144819802645341
00146,/Users/nikko/Downloads/moi-main/project_root/data/temp_frames/video5/frame_00146.png,"[29, 54, 515, 236]",RIGHT_EYE,0.5502325989320477,-0.1395799333488721,0.9952234625816345,0.6781001091003418,0.3760378621518612,0.4144819802645341
00147,/Users/nikko/Downloads/moi-main/project_root/data/temp_frames/video5/frame_00147.png,"[30, 50, 514, 235]",LEFT_SHOULDER,0.3333558987393459,-0.1399751741342946,0.9989767074584961,0.6796144098043442,0.3829198032617569,0.4169399862714198
00147,/Users/nikko/Downloads/moi-main/project_root/data/temp_frames/video5/frame_00147.png,"[30, 50, 514, 235]",RIGHT_SHOULDER,0.3165408237567036,-0.6021143287795394,0.9975156784057617,0.6796144098043442,0.3829198032617569,0.4169399862714198
00147,/Users/nikko/Downloads/moi-main/project_root/data/temp_frames/video5/frame_00147.png,"[30, 50, 514, 235]",LEFT_HIP,-0.32599895497584536,0.3769180836123999,0.9904306530952454,0.6796144098043442,0.3829198032617569,0.4169399862714198
00147,/Users/nikko/Downloads/moi-main/project_root/data/temp_frames/video5/frame_00147.png,"[30, 50, 514, 235]",RIGHT_HIP,-0.3238977675202042,0.3651714193014341,0.9921056032180786,0.6796144098043442,0.3829198032617569,0.4169399862714198
00147,/Users/nikko/Downloads/moi-main/project_root/data/temp_frames/video5/frame_00147.png,"[30, 50, 514, 235]",RIGHT_ELBOW,0.28340602108586704,0.4340640065070414,0.9139242172241211,0.6796144098043442,0.3829198032617569,0.4169399862714198
00147,/Users/nikko/Downloads/moi-main/project_root/data/temp_frames/video5/frame_00147.png,"[30, 50, 514, 235]",RIGHT_WRIST,0.33713440504224773,1.3557805196888706,0.716525673866272,0.6796144098043442,0.3829198032617569,0.4169399862714198
00147,/Users/nikko/Downloads/moi-main/project_root/data/temp_frames/video5/frame_00147.png,"[30, 50, 514, 235]",RIGHT_KNEE,-0.8458417807031166,1.114994987526461,0.873292088508606,0.6796144098043442,0.3829198032617569,0.4169399862714198
00147,/Users/nikko/Downloads/moi-main/project_root/data/temp_frames/video5/frame_00147.png,"[30, 50, 514, 235]",LEFT_ANKLE,-1.3981548717568544,0.9104391421842398,0.5301167368888855,0.6796144098043442,0.3829198032617569,0.4169399862714198
00147,/Users/nikko/Downloads/moi-main/project_root/data/temp_frames/video5/frame_00147.png,"[30, 50, 514, 235]",RIGHT_ANKLE,-1.431498588757395,0.9282198942156544,0.97408127784729,0.6796144098043442,0.3829198032617569,0.4169399862714198
00147,/Users/nikko/Downloads/moi-main/project_root/data/temp_frames/video5/frame_00147.png,"[30, 50, 514, 235]",LEFT_EYE,0.5504152247206159,-0.10965498768473918,0.9955217838287354,0.6796144098043442,0.3829198032617569,0.4169399862714198
00147,/Users/nikko/Downloads/moi-main/project_root/data/temp_frames/video5/frame_00147.png,"[30, 50, 514, 235]",RIGHT_EYE,0.5543575601719845,-0.18119128557324016,0.9974899291992188,0.6796144098043442,0.3829198032617569,0.4169399862714198
00148,/Users/nikko/Downloads/moi-main/project_root/data/temp_frames/video5/frame_00148.png,"[30, 47, 513, 236]",LEFT_SHOULDER,0.3300819261226528,-0.15464125148307004,0.9991143345832825,0.6812603920698166,0.3807556740939617,0.4168769186019472
00148,/Users/nikko/Downloads/moi-main/project_root/data/temp_frames/video5/frame_00148.png,"[30, 47, 513, 236]",RIGHT_SHOULDER,0.3135009374977762,-0.5964186580462828,0.9979850053787231,0.6812603920698166,0.3807556740939617,0.4168769186019472
00148,/Users/nikko/Downloads/moi-main/project_root/data/temp_frames/video5/frame_00148.png,"[30, 47, 513, 236]",LEFT_HIP,-0.32611018398244057,0.3734016408662251,0.9922577738761902,0.6812603920698166,0.3807556740939617,0.4168769186019472
00148,/Users/nikko/Downloads/moi-main/project_root/data/temp_frames/video5/frame_00148.png,"[30, 47, 513, 236]",RIGHT_HIP,-0.3174726796379885,0.37765826866312774,0.9943661689758301,0.6812603920698166,0.3807556740939617,0.4168769186019472
00148,/Users/nikko/Downloads/moi-main/project_root/data/temp_frames/video5/frame_00148.png,"[30, 47, 513, 236]",RIGHT_ELBOW,0.29010556975226615,0.45304165853488715,0.9291709065437317,0.6812603920698166,0.3807556740939617,0.4168769186019472
00148,/Users/nikko/Downloads/moi-main/project_root/data/temp_frames/video5/frame_00148.png,"[30, 47, 513, 236]",RIGHT_WRIST,0.3474437230643104,1.3659875922652829,0.8270615935325623,0.6812603920698166,0.3807556740939617,0.4168769186019472
00148,/Users/nikko/Downloads/moi-main/project_root/data/temp_frames/video5/frame_00148.png,"[30, 47, 513, 236]",RIGHT_KNEE,-0.8415983048459166,1.1345464847700415,0.8505532741546631,0.6812603920698166,0.3807556740939617,0.4168769186019472
00148,/Users/nikko/Downloads/moi-main/project_root/data/temp_frames/video5/frame_00148.png,"[30, 47, 513, 236]",LEFT_ANKLE,-1.3975870860712891,0.891283873588397,0.5151716470718384,0.6812603920698166,0.3807556740939617,0.4168769186019472
00148,/Users/nikko/Downloads/moi-main/project_root/data/temp_frames/video5/frame_00148.png,"[30, 47, 513, 236]",RIGHT_ANKLE,-1.432525398667244,0.9600726430618984,0.9704157710075378,0.6812603920698166,0.3807556740939617,0.4168769186019472
00148,/Users/nikko/Downloads/moi-main/project_root/data/temp_frames/video5/frame_00148.png,"[30, 47, 513, 236]",LEFT_EYE,0.5559535726467226,-0.1394140595158459,0.9894411563873291,0.6812603920698166,0.3807556740939617,0.4168769186019472
00148,/Users/nikko/Downloads/moi-main/project_root/data/temp_frames/video5/frame_00148.png,"[30, 47, 513, 236]",RIGHT_EYE,0.5602177783306037,-0.20601925370755308,0.9950768351554871,0.6812603920698166,0.3807556740939617,0.4168769186019472
00149,/Users/nikko/Downloads/moi-main/project_root/data/temp_frames/video5/frame_00149.png,"[31, 45, 513, 236]",LEFT_SHOULDER,0.3288501087267262,-0.18537986409118504,0.9994902610778809,0.676948219537735,0.3888270854949951,0.4273560991555053
00149,/Users/nikko/Downloads/moi-main/project_root/data/temp_frames/video5/frame_00149.png,"[31, 45, 513, 236]",RIGHT_SHOULDER,0.3049113783902928,-0.5807242221548886,0.9988603591918945,0.676948219537735,0.3888270854949951,0.4273560991555053
00149,/Users/nikko/Downloads/moi-main/project_root/data/temp_frames/video5/frame_00149.png,"[31, 45, 513, 236]",LEFT_HIP,-0.3273578869105123,0.3499747617218343,0.9933750033378601,0.676948219537735,0.3888270854949951,0.4273560991555053
00149,/Users/nikko/Downloads/moi-main/project_root/data/temp_frames/video5/frame_00149.png,"[31, 45, 513, 236]",RIGHT_HIP,-0.3064036002065067,0.41612932452423934,0.9959778189659119,0.676948219537735,0.3888270854949951,0.4273560991555053
00149,/Users/nikko/Downloads/moi-main/project_root/data/temp_frames/video5/frame_00149.png,"[31, 45, 513, 236]",RIGHT_ELBOW,0.2855705155548695,0.4337430929816669,0.9530414342880249,0.676948219537735,0.3888270854949951,0.4273560991555053
00149,/Users/nikko/Downloads/moi-main/project_root/data/temp_frames/video5/frame_00149.png,"[31, 45, 513, 236]",RIGHT_WRIST,0.35315174785517645,1.326792730464449,0.8858838677406311,0.676948219537735,0.3888270854949951,0.4273560991555053
00149,/Users/nikko/Downloads/moi-main/project_root/data/temp_frames/video5/frame_00149.png,"[31, 45, 513, 236]",RIGHT_KNEE,-0.8113231912018606,1.07832991783934,0.9306623339653015,0.676948219537735,0.3888270854949951,0.4273560991555053
00149,/Users/nikko/Downloads/moi-main/project_root/data/temp_frames/video5/frame_00149.png,"[31, 45, 513, 236]",RIGHT_ANKLE,-1.3942368433542442,0.8888362970915301,0.9679649472236633,0.676948219537735,0.3888270854949951,0.4273560991555053
00149,/Users/nikko/Downloads/moi-main/project_root/data/temp_frames/video5/frame_00149.png,"[31, 45, 513, 236]",LEFT_EYE,0.5477799282760489,-0.19732740173213398,0.9979327917098999,0.676948219537735,0.3888270854949951,0.4273560991555053
00149,/Users/nikko/Downloads/moi-main/project_root/data/temp_frames/video5/frame_00149.png,"[31, 45, 513, 236]",RIGHT_EYE,0.5488932019032121,-0.2504594386097815,0.9992103576660156,0.676948219537735,0.3888270854949951,0.4273560991555053
00150,/Users/nikko/Downloads/moi-main/project_root/data/temp_frames/video5/frame_00150.png,"[33, 39, 513, 236]",LEFT_SHOULDER,0.3172047521509483,-0.20254140735709883,0.999079704284668,0.6767179816961288,0.4029462896287441,0.435410151655841
00150,/Users/nikko/Downloads/moi-main/project_root/data/temp_frames/video5/frame_00150.png,"[33, 39, 513, 236]",RIGHT_SHOULDER,0.29592540445573406,-0.5774880791316082,0.9976881742477417,0.6767179816961288,0.4029462896287441,0.435410151655841
00150,/Users/nikko/Downloads/moi-main/project_root/data/temp_frames/video5/frame_00150.png,"[33, 39, 513, 236]",LEFT_HIP,-0.3075390726991175,0.39047675745176674,0.9907875657081604,0.6767179816961288,0.4029462896287441,0.435410151655841
00150,/Users/nikko/Downloads/moi-main/project_root/data/temp_frames/video5/frame_00150.png,"[33, 39, 513, 236]",RIGHT_HIP,-0.3055910839075649,0.38955272903694027,0.9935264587402344,0.6767179816961288,0.4029462896287441,0.435410151655841
00150,/Users/nikko/Downloads/moi-main/project_root/data/temp_frames/video5/frame_00150.png,"[33, 39, 513, 236]",RIGHT_ELBOW,0.27268191458334506,0.4022479212049661,0.941899836063385,0.6767179816961288,0.4029462896287441,0.435410151655841
00150,/Users/nikko/Downloads/moi-main/project_root/data/temp_frames/video5/frame_00150.png,"[33, 39, 513, 236]",RIGHT_WRIST,0.34659392078707335,1.3048531136896762,0.8666297793388367,0.6767179816961288,0.4029462896287441,0.435410151655841
00150,/Users/nikko/Downloads/moi-main/project_root/data/temp_frames/video5/frame_00150.png,"[33, 39, 513, 236]",RIGHT_KNEE,-0.8088127833825403,1.0641932669290428,0.872467577457428,0.6767179816961288,0.4029462896287441,0.435410151655841
00150,/Users/nikko/Downloads/moi-main/project_root/data/temp_frames/video5/frame_00150.png,"[33, 39, 513, 236]",LEFT_ANKLE,-1.3412580792910136,0.9048360109735675,0.6314221024513245,0.6767179816961288,0.4029462896287441,0.435410151655841
00150,/Users/nikko/Downloads/moi-main/project_root/data/temp_frames/video5/frame_00150.png,"[33, 39, 513, 236]",RIGHT_ANKLE,-1.3775611707596163,0.9028626969587937,0.9804624319076538,0.6767179816961288,0.4029462896287441,0.435410151655841
00150,/Users/nikko/Downloads/moi-main/project_root/data/temp_frames/video5/frame_00150.png,"[33, 39, 513, 236]",LEFT_EYE,0.549464564601866,-0.22177762555730793,0.9878540635108948,0.6767179816961288,0.4029462896287441,0.435410151655841
00150,/Users/nikko/Downloads/moi-main/project_root/data/temp_frames/video5/frame_00150.png,"[33, 39, 513, 236]",RIGHT_EYE,0.5528369260832363,-0.2681079311508609,0.9945645332336426,0.6767179816961288,0.4029462896287441,0.435410151655841
00151,/Users/nikko/Downloads/moi-main/project_root/data/temp_frames/video5/frame_00151.png,"[32, 38, 512, 238]",LEFT_SHOULDER,0.3191321919810537,-0.21994946171877544,0.9994732737541199,0.6778308600187302,0.3995145410299301,0.4296641617090795
00151,/Users/nikko/Downloads/moi-main/project_root/data/temp_frames/video5/frame_00151.png,"[32, 38, 512, 238]",RIGHT_SHOULDER,0.2899050296801618,-0.5629752674223961,0.9987336993217468,0.6778308600187302,0.3995145410299301,0.4296641617090795
00151,/Users/nikko/Downloads/moi-main/project_root/data/temp_frames/video5/frame_00151.png,"[32, 38, 512, 238]",LEFT_HIP,-0.3057898063620822,0.40743862959789906,0.9948888421058655,0.6778308600187302,0.3995145410299301,0.4296641617090795
00151,/Users/nikko/Downloads/moi-main/project_root/data/temp_frames/video5/frame_00151.png,"[32, 38, 512, 238]",RIGHT_HIP,-0.3032474152991333,0.37548609954327256,0.996892511844635,0.6778308600187302,0.3995145410299301,0.4296641617090795
00151,/Users/nikko/Downloads/moi-main/project_root/data/temp_frames/video5/frame_00151.png,"[32, 38, 512, 238]",RIGHT_ELBOW,0.2769687579825512,0.4062915225045655,0.9639557600021362,0.6778308600187302,0.3995145410299301,0.4296641617090795
00151,/Users/nikko/Downloads/moi-main/project_root/data/temp_frames/video5/frame_00151.png,"[32, 38, 512, 238]",RIGHT_WRIST,0.3592430686506212,1.2958788304224007,0.934686005115509,0.6778308600187302,0.3995145410299301,0.4296641617090795
00151,/Users/nikko/Downloads/moi-main/project_root/data/temp_frames/video5/frame_00151.png,"[32, 38, 512, 238]",RIGHT_KNEE,-0.8087054720624522,1.0652580057901584,0.9533793926239014,0.6778308600187302,0.3995145410299301,0.4296641617090795
00151,/Users/nikko/Downloads/moi-main/project_root/data/temp_frames/video5/frame_00151.png,"[32, 38, 512, 238]",LEFT_ANKLE,-1.3462533781008614,0.8689681307451589,0.7080832719802856,0.6778308600187302,0.3995145410299301,0.4296641617090795
00151,/Users/nikko/Downloads/moi-main/project_root/data/temp_frames/video5/frame_00151.png,"[32, 38, 512, 238]",RIGHT_ANKLE,-1.3925683645489249,0.8738309547927722,0.9893648624420166,0.6778308600187302,0.3995145410299301,0.4296641617090795
00151,/Users/nikko/Downloads/moi-main/project_root/data/temp_frames/video5/frame_00151.png,"[32, 38, 512, 238]",LEFT_EYE,0.5603284867007542,-0.2366630437373897,0.997239351272583,0.6778308600187302,0.3995145410299301,0.4296641617090795
00151,/Users/nikko/Downloads/moi-main/project_root/data/temp_frames/video5/frame_00151.png,"[32, 38, 512, 238]",RIGHT_EYE,0.5587865716756723,-0.2926882452580492,0.9988756775856018,0.6778308600187302,0.3995145410299301,0.4296641617090795
00152,/Users/nikko/Downloads/moi-main/project_root/data/temp_frames/video5/frame_00152.png,"[32, 35, 508, 236]",LEFT_SHOULDER,0.3198497107069747,-0.1829720730178609,0.9996508359909058,0.6861185729503632,0.42171506956219673,0.4329644501435916
00152,/Users/nikko/Downloads/moi-main/project_root/data/temp_frames/video5/frame_00152.png,"[32, 35, 508, 236]",RIGHT_SHOULDER,0.2840587944839428,-0.5974016439199596,0.9992480874061584,0.6861185729503632,0.42171506956219673,0.4329644501435916
00152,/Users/nikko/Downloads/moi-main/project_root/data/temp_frames/video5/frame_00152.png,"[32, 35, 508, 236]",LEFT_HIP,-0.29831304590640184,0.4162634848639072,0.9978458881378174,0.6861185729503632,0.42171506956219673,0.4329644501435916
00152,/Users/nikko/Downloads/moi-main/project_root/data/temp_frames/video5/frame_00152.png,"[32, 35, 508, 236]",RIGHT_HIP,-0.30559545928451565,0.3641102320739133,0.9986912608146667,0.6861185729503632,0.42171506956219673,0.4329644501435916
00152,/Users/nikko/Downloads/moi-main/project_root/data/temp_frames/video5/frame_00152.png,"[32, 35, 508, 236]",RIGHT_ELBOW,0.2573758853895146,0.36824146221179527,0.9804645776748657,0.6861185729503632,0.42171506956219673,0.4329644501435916
00152,/Users/nikko/Downloads/moi-main/project_root/data/temp_frames/video5/frame_00152.png,"[32, 35, 508, 236]",RIGHT_WRIST,0.34497602614053346,1.2174207799261196,0.9536353945732117,0.6861185729503632,0.42171506956219673,0.4329644501435916
00152,/Users/nikko/Downloads/moi-main/project_root/data/temp_frames/video5/frame_00152.png,"[32, 35, 508, 236]",RIGHT_KNEE,-0.8070598095670862,1.0359744374895008,0.9686577320098877,0.6861185729503632,0.42171506956219673,0.4329644501435916
00152,/Users/nikko/Downloads/moi-main/project_root/data/temp_frames/video5/frame_00152.png,"[32, 35, 508, 236]",LEFT_ANKLE,-1.3585120238680728,0.8262372427410704,0.7307166457176208,0.6861185729503632,0.42171506956219673,0.4329644501435916
00152,/Users/nikko/Downloads/moi-main/project_root/data/temp_frames/video5/frame_00152.png,"[32, 35, 508, 236]",RIGHT_ANKLE,-1.3893704228387722,0.8557281328119515,0.9904068112373352,0.6861185729503632,0.42171506956219673,0.4329644501435916
00152,/Users/nikko/Downloads/moi-main/project_root/data/temp_frames/video5/frame_00152.png,"[32, 35, 508, 236]",LEFT_EYE,0.5659222921771316,-0.29134524320756683,0.9985404014587402,0.6861185729503632,0.42171506956219673,0.4329644501435916
00152,/Users/nikko/Downloads/moi-main/project_root/data/temp_frames/video5/frame_00152.png,"[32, 35, 508, 236]",RIGHT_EYE,0.5620937903898512,-0.3640560087318973,0.9994072914123535,0.6861185729503632,0.42171506956219673,0.4329644501435916
