frame_id,image_path,bbox,landmark,x_norm,y_norm,visibility,center_x,center_y,unit_length
00000,/Users/nikko/Downloads/moi-main/project_root/data/temp_frames/video8/frame_00000.png,"[324, 274, 645, 1562]",LEFT_SHOULDER,-0.4226734663526834,-0.3099102226979146,0.9995146989822388,0.5391592234373093,0.42477720975875854,0.5039971926940732
00000,/Users/nikko/Downloads/moi-main/project_root/data/temp_frames/video8/frame_00000.png,"[324, 274, 645, 1562]",RIGHT_SHOULDER,0.6097495991631341,-0.2790891278306702,0.9964306950569153,0.5391592234373093,0.42477720975875854,0.5039971926940732
00000,/Users/nikko/Downloads/moi-main/project_root/data/temp_frames/video8/frame_00000.png,"[324, 274, 645, 1562]",LEFT_HIP,-0.37593051032741115,0.29569236611906996,0.9997487664222717,0.5391592234373093,0.42477720975875854,0.5039971926940732
00000,/Users/nikko/Downloads/moi-main/project_root/data/temp_frames/video8/frame_00000.png,"[324, 274, 645, 1562]",RIGHT_HIP,0.1888543775169604,0.29330698440951475,0.999618649482727,0.5391592234373093,0.42477720975875854,0.5039971926940732
00000,/Users/nikko/Downloads/moi-main/project_root/data/temp_frames/video8/frame_00000.png,"[324, 274, 645, 1562]",LEFT_ELBOW,-0.5008796899116792,-0.5286114671109796,0.8870720267295837,0.5391592234373093,0.42477720975875854,0.5039971926940732
00000,/Users/nikko/Downloads/moi-main/project_root/data/temp_frames/video8/frame_00000.png,"[324, 274, 645, 1562]",LEFT_WRIST,-0.5627951282549893,-0.8038805471634296,0.9407318830490112,0.5391592234373093,0.42477720975875854,0.5039971926940732
00000,/Users/nikko/Downloads/moi-main/project_root/data/temp_frames/video8/frame_00000.png,"[324, 274, 645, 1562]",LEFT_KNEE,-0.4939624377454974,0.6357341463487028,0.8166659474372864,0.5391592234373093,0.42477720975875854,0.5039971926940732
00000,/Users/nikko/Downloads/moi-main/project_root/data/temp_frames/video8/frame_00000.png,"[324, 274, 645, 1562]",LEFT_ANKLE,-0.5207381996054514,0.9749420482226552,0.8769264221191406,0.5391592234373093,0.42477720975875854,0.5039971926940732
00000,/Users/nikko/Downloads/moi-main/project_root/data/temp_frames/video8/frame_00000.png,"[324, 274, 645, 1562]",LEFT_EYE,0.04790244430617986,-0.4894359482937189,0.9932627081871033,0.5391592234373093,0.42477720975875854,0.5039971926940732
00000,/Users/nikko/Downloads/moi-main/project_root/data/temp_frames/video8/frame_00000.png,"[324, 274, 645, 1562]",RIGHT_EYE,0.2319673431509045,-0.48854438674870604,0.9962115287780762,0.5391592234373093,0.42477720975875854,0.5039971926940732
00001,/Users/nikko/Downloads/moi-main/project_root/data/temp_frames/video8/frame_00001.png,"[323, 274, 645, 1562]",LEFT_SHOULDER,-0.4174312374542113,-0.3166729012036453,0.9994827508926392,0.540638655424118,0.4242054969072342,0.5110852890414134
00001,/Users/nikko/Downloads/moi-main/project_root/data/temp_frames/video8/frame_00001.png,"[323, 274, 645, 1562]",RIGHT_SHOULDER,0.597553763225011,-0.2768433503841313,0.9967818260192871,0.540638655424118,0.4242054969072342,0.5110852890414134
00001,/Users/nikko/Downloads/moi-main/project_root/data/temp_frames/video8/frame_00001.png,"[323, 274, 645, 1562]",LEFT_HIP,-0.3777972645380954,0.2978843606257997,0.9995852112770081,0.540638655424118,0.4242054969072342,0.5110852890414134
00001,/Users/nikko/Downloads/moi-main/project_root/data/temp_frames/video8/frame_00001.png,"[323, 274, 645, 1562]",RIGHT_HIP,0.19767473876729572,0.2956318909619769,0.9993993043899536,0.540638655424118,0.4242054969072342,0.5110852890414134
00001,/Users/nikko/Downloads/moi-main/project_root/data/temp_frames/video8/frame_00001.png,"[323, 274, 645, 1562]",LEFT_ELBOW,-0.49268208079237774,-0.5354704617207988,0.8236194849014282,0.540638655424118,0.4242054969072342,0.5110852890414134
00001,/Users/nikko/Downloads/moi-main/project_root/data/temp_frames/video8/frame_00001.png,"[323, 274, 645, 1562]",LEFT_WRIST,-0.5691255761455118,-0.8084493390236064,0.9191487431526184,0.540638655424118,0.4242054969072342,0.5110852890414134
00001,/Users/nikko/Downloads/moi-main/project_root/data/temp_frames/video8/frame_00001.png,"[323, 274, 645, 1562]",LEFT_KNEE,-0.4908734808365652,0.6274975041203326,0.6158872842788696,0.540638655424118,0.4242054969072342,0.5110852890414134
00001,/Users/nikko/Downloads/moi-main/project_root/data/temp_frames/video8/frame_00001.png,"[323, 274, 645, 1562]",LEFT_ANKLE,-0.5134637782921226,0.9828560236688608,0.7054032683372498,0.540638655424118,0.4242054969072342,0.5110852890414134
00001,/Users/nikko/Downloads/moi-main/project_root/data/temp_frames/video8/frame_00001.png,"[323, 274, 645, 1562]",LEFT_EYE,0.07344545053342333,-0.4862756799074999,0.9947783946990967,0.540638655424118,0.4242054969072342,0.5110852890414134
00001,/Users/nikko/Downloads/moi-main/project_root/data/temp_frames/video8/frame_00001.png,"[323, 274, 645, 1562]",RIGHT_EYE,0.2625872431653721,-0.48594505178815967,0.9972620010375977,0.540638655424118,0.4242054969072342,0.5110852890414134
00002,/Users/nikko/Downloads/moi-main/project_root/data/temp_frames/video8/frame_00002.png,"[324, 274, 645, 1562]",LEFT_SHOULDER,-0.42624168407470725,-0.3143025932443532,0.999424934387207,0.5449176579713821,0.4221208617091179,0.5057140957584938
00002,/Users/nikko/Downloads/moi-main/project_root/data/temp_frames/video8/frame_00002.png,"[324, 274, 645, 1562]",RIGHT_SHOULDER,0.6032566517044984,-0.2763753774226994,0.9961867928504944,0.5449176579713821,0.4221208617091179,0.5057140957584938
00002,/Users/nikko/Downloads/moi-main/project_root/data/temp_frames/video8/frame_00002.png,"[324, 274, 645, 1562]",LEFT_HIP,-0.371509243839474,0.29584991856095355,0.9996265172958374,0.5449176579713821,0.4221208617091179,0.5057140957584938
00002,/Users/nikko/Downloads/moi-main/project_root/data/temp_frames/video8/frame_00002.png,"[324, 274, 645, 1562]",RIGHT_HIP,0.19449427620968276,0.29482805210609914,0.9994522929191589,0.5449176579713821,0.4221208617091179,0.5057140957584938
00002,/Users/nikko/Downloads/moi-main/project_root/data/temp_frames/video8/frame_00002.png,"[324, 274, 645, 1562]",LEFT_ELBOW,-0.5366753340175701,-0.5431603996783452,0.8675780892372131,0.5449176579713821,0.4221208617091179,0.5057140957584938
00002,/Users/nikko/Downloads/moi-main/project_root/data/temp_frames/video8/frame_00002.png,"[324, 274, 645, 1562]",LEFT_WRIST,-0.5989049385273203,-0.8181323773727176,0.9324733018875122,0.5449176579713821,0.4221208617091179,0.5057140957584938
00002,/Users/nikko/Downloads/moi-main/project_root/data/temp_frames/video8/frame_00002.png,"[324, 274, 645, 1562]",LEFT_KNEE,-0.5183238146842141,0.6382770139956584,0.7433785796165466,0.5449176579713821,0.4221208617091179,0.5057140957584938
00002,/Users/nikko/Downloads/moi-main/project_root/data/temp_frames/video8/frame_00002.png,"[324, 274, 645, 1562]",LEFT_ANKLE,-0.5558990346388064,0.9839594671562086,0.810967743396759,0.5449176579713821,0.4221208617091179,0.5057140957584938
00002,/Users/nikko/Downloads/moi-main/project_root/data/temp_frames/video8/frame_00002.png,"[324, 274, 645, 1562]",LEFT_EYE,0.05657047390268896,-0.4824417019219274,0.9925603866577148,0.5449176579713821,0.4221208617091179,0.5057140957584938
00002,/Users/nikko/Downloads/moi-main/project_root/data/temp_frames/video8/frame_00002.png,"[324, 274, 645, 1562]",RIGHT_EYE,0.2493294924020825,-0.48281924445036023,0.9960246086120605,0.5449176579713821,0.4221208617091179,0.5057140957584938
00003,/Users/nikko/Downloads/moi-main/project_root/data/temp_frames/video8/frame_00003.png,"[323, 274, 645, 1563]",LEFT_SHOULDER,-0.40176626771863605,-0.3135826948179429,0.9992842078208923,0.5392076075077057,0.4246419593691826,0.5084200146389253
00003,/Users/nikko/Downloads/moi-main/project_root/data/temp_frames/video8/frame_00003.png,"[323, 274, 645, 1563]",RIGHT_SHOULDER,0.6093294546079547,-0.278084449868038,0.9960395097732544,0.5392076075077057,0.4246419593691826,0.5084200146389253
00003,/Users/nikko/Downloads/moi-main/project_root/data/temp_frames/video8/frame_00003.png,"[323, 274, 645, 1563]",LEFT_HIP,-0.39233599769967803,0.2969826516650956,0.9995043277740479,0.5392076075077057,0.4246419593691826,0.5084200146389253
00003,/Users/nikko/Downloads/moi-main/project_root/data/temp_frames/video8/frame_00003.png,"[323, 274, 645, 1563]",RIGHT_HIP,0.1847728108103593,0.29468449302088523,0.9993175268173218,0.5392076075077057,0.4246419593691826,0.5084200146389253
00003,/Users/nikko/Downloads/moi-main/project_root/data/temp_frames/video8/frame_00003.png,"[323, 274, 645, 1563]",LEFT_ELBOW,-0.5196601179819355,-0.5373444241297738,0.7658877372741699,0.5392076075077057,0.4246419593691826,0.5084200146389253
00003,/Users/nikko/Downloads/moi-main/project_root/data/temp_frames/video8/frame_00003.png,"[323, 274, 645, 1563]",LEFT_WRIST,-0.5865794366942388,-0.8096035652159556,0.8845218420028687,0.5392076075077057,0.4246419593691826,0.5084200146389253
00003,/Users/nikko/Downloads/moi-main/project_root/data/temp_frames/video8/frame_00003.png,"[323, 274, 645, 1563]",LEFT_KNEE,-0.5019624323842542,0.6237363084476155,0.5535444021224976,0.5392076075077057,0.4246419593691826,0.5084200146389253
00003,/Users/nikko/Downloads/moi-main/project_root/data/temp_frames/video8/frame_00003.png,"[323, 274, 645, 1563]",LEFT_ANKLE,-0.5458125021473786,0.9744606637714684,0.6378545761108398,0.5392076075077057,0.4246419593691826,0.5084200146389253
00003,/Users/nikko/Downloads/moi-main/project_root/data/temp_frames/video8/frame_00003.png,"[323, 274, 645, 1563]",LEFT_EYE,0.11525066887308534,-0.48841447181435543,0.9903117418289185,0.5392076075077057,0.4246419593691826,0.5084200146389253
00003,/Users/nikko/Downloads/moi-main/project_root/data/temp_frames/video8/frame_00003.png,"[323, 274, 645, 1563]",RIGHT_EYE,0.31521075258267167,-0.48692587979349844,0.9945928454399109,0.5392076075077057,0.4246419593691826,0.5084200146389253
00004,/Users/nikko/Downloads/moi-main/project_root/data/temp_frames/video8/frame_00004.png,"[323, 274, 645, 1563]",LEFT_SHOULDER,-0.3976558294894631,-0.31475844630355787,0.9992613196372986,0.5345884934067726,0.4229293093085289,0.5011889655761421
00004,/Users/nikko/Downloads/moi-main/project_root/data/temp_frames/video8/frame_00004.png,"[323, 274, 645, 1563]",RIGHT_SHOULDER,0.616824775085836,-0.27991268725791474,0.9965147376060486,0.5345884934067726,0.4229293093085289,0.5011889655761421
00004,/Users/nikko/Downloads/moi-main/project_root/data/temp_frames/video8/frame_00004.png,"[323, 274, 645, 1563]",LEFT_HIP,-0.3927378028627483,0.29807291102210964,0.9994947910308838,0.5345884934067726,0.4229293093085289,0.5011889655761421
00004,/Users/nikko/Downloads/moi-main/project_root/data/temp_frames/video8/frame_00004.png,"[323, 274, 645, 1563]",RIGHT_HIP,0.17356885726637536,0.29659822253936297,0.9993320107460022,0.5345884934067726,0.4229293093085289,0.5011889655761421
00004,/Users/nikko/Downloads/moi-main/project_root/data/temp_frames/video8/frame_00004.png,"[323, 274, 645, 1563]",LEFT_ELBOW,-0.5106587104660374,-0.5452408094821444,0.7660958170890808,0.5345884934067726,0.4229293093085289,0.5011889655761421
00004,/Users/nikko/Downloads/moi-main/project_root/data/temp_frames/video8/frame_00004.png,"[323, 274, 645, 1563]",LEFT_WRIST,-0.6049830860326257,-0.8156622764206413,0.8816679120063782,0.5345884934067726,0.4229293093085289,0.5011889655761421
00004,/Users/nikko/Downloads/moi-main/project_root/data/temp_frames/video8/frame_00004.png,"[323, 274, 645, 1563]",LEFT_KNEE,-0.506985130636376,0.635825452358706,0.5756721496582031,0.5345884934067726,0.4229293093085289,0.5011889655761421
00004,/Users/nikko/Downloads/moi-main/project_root/data/temp_frames/video8/frame_00004.png,"[323, 274, 645, 1563]",LEFT_ANKLE,-0.5384740110966765,0.9901215010154183,0.663559079170227,0.5345884934067726,0.4229293093085289,0.5011889655761421
00004,/Users/nikko/Downloads/moi-main/project_root/data/temp_frames/video8/frame_00004.png,"[323, 274, 645, 1563]",LEFT_EYE,0.11038654278203841,-0.4894104711799974,0.9901896119117737,0.5345884934067726,0.4229293093085289,0.5011889655761421
00004,/Users/nikko/Downloads/moi-main/project_root/data/temp_frames/video8/frame_00004.png,"[323, 274, 645, 1563]",RIGHT_EYE,0.3072689910982989,-0.4880495358854562,0.9947364926338196,0.5345884934067726,0.4229293093085289,0.5011889655761421
00005,/Users/nikko/Downloads/moi-main/project_root/data/temp_frames/video8/frame_00005.png,"[323, 274, 645, 1565]",LEFT_SHOULDER,-0.38539132983385554,-0.31526662998124366,0.9991289973258972,0.5367765054106712,0.4229098707437515,0.48708922323678155
00005,/Users/nikko/Downloads/moi-main/project_root/data/temp_frames/video8/frame_00005.png,"[323, 274, 645, 1565]",RIGHT_SHOULDER,0.630172531303681,-0.29273567366681025,0.9953685998916626,0.5367765054106712,0.4229098707437515,0.48708922323678155
00005,/Users/nikko/Downloads/moi-main/project_root/data/temp_frames/video8/frame_00005.png,"[323, 274, 645, 1565]",LEFT_HIP,-0.3919475575291275,0.3053138046071389,0.9995083808898926,0.5367765054106712,0.4229098707437515,0.48708922323678155
00005,/Users/nikko/Downloads/moi-main/project_root/data/temp_frames/video8/frame_00005.png,"[323, 274, 645, 1565]",RIGHT_HIP,0.14716635605930212,0.302688499040915,0.999327540397644,0.5367765054106712,0.4229098707437515,0.48708922323678155
00005,/Users/nikko/Downloads/moi-main/project_root/data/temp_frames/video8/frame_00005.png,"[323, 274, 645, 1565]",LEFT_ELBOW,-0.5466306618336634,-0.5508443329453698,0.783276379108429,0.5367765054106712,0.4229098707437515,0.48708922323678155
00005,/Users/nikko/Downloads/moi-main/project_root/data/temp_frames/video8/frame_00005.png,"[323, 274, 645, 1565]",LEFT_WRIST,-0.6476572939811628,-0.838516205216361,0.8667187094688416,0.5367765054106712,0.4229098707437515,0.48708922323678155
00005,/Users/nikko/Downloads/moi-main/project_root/data/temp_frames/video8/frame_00005.png,"[323, 274, 645, 1565]",LEFT_KNEE,-0.5280661146723389,0.6552376435393472,0.5371402502059937,0.5367765054106712,0.4229098707437515,0.48708922323678155
00005,/Users/nikko/Downloads/moi-main/project_root/data/temp_frames/video8/frame_00005.png,"[323, 274, 645, 1565]",LEFT_ANKLE,-0.5637882096754929,1.0135236937689116,0.6596487760543823,0.5367765054106712,0.4229098707437515,0.48708922323678155
00005,/Users/nikko/Downloads/moi-main/project_root/data/temp_frames/video8/frame_00005.png,"[323, 274, 645, 1565]",LEFT_EYE,0.09728383713436797,-0.5119369716101189,0.9898794889450073,0.5367765054106712,0.4229098707437515,0.48708922323678155
00005,/Users/nikko/Downloads/moi-main/project_root/data/temp_frames/video8/frame_00005.png,"[323, 274, 645, 1565]",RIGHT_EYE,0.26674257575194854,-0.5148040172316274,0.9945940375328064,0.5367765054106712,0.4229098707437515,0.48708922323678155
00006,/Users/nikko/Downloads/moi-main/project_root/data/temp_frames/video8/frame_00006.png,"[322, 275, 647, 1567]",LEFT_SHOULDER,-0.3963973490175077,-0.3219869448910888,0.9990235567092896,0.5384670495986938,0.4182215705513954,0.501432765531127
00006,/Users/nikko/Downloads/moi-main/project_root/data/temp_frames/video8/frame_00006.png,"[322, 275, 647, 1567]",RIGHT_SHOULDER,0.6124401421625582,-0.27658357140809514,0.9959128499031067,0.5384670495986938,0.4182215705513954,0.501432765531127
00006,/Users/nikko/Downloads/moi-main/project_root/data/temp_frames/video8/frame_00006.png,"[322, 275, 647, 1567]",LEFT_HIP,-0.39041088517524436,0.2996471538083778,0.9993758797645569,0.5384670495986938,0.4182215705513954,0.501432765531127
00006,/Users/nikko/Downloads/moi-main/project_root/data/temp_frames/video8/frame_00006.png,"[322, 275, 647, 1567]",RIGHT_HIP,0.17436809203019388,0.2989233624908062,0.9992133378982544,0.5384670495986938,0.4182215705513954,0.501432765531127
00006,/Users/nikko/Downloads/moi-main/project_root/data/temp_frames/video8/frame_00006.png,"[322, 275, 647, 1567]",LEFT_ELBOW,-0.577572514737371,-0.5661840494332984,0.6248435974121094,0.5384670495986938,0.4182215705513954,0.501432765531127
00006,/Users/nikko/Downloads/moi-main/project_root/data/temp_frames/video8/frame_00006.png,"[322, 275, 647, 1567]",LEFT_WRIST,-0.6047321925576241,-0.8467025637797876,0.8176735639572144,0.5384670495986938,0.4182215705513954,0.501432765531127
00006,/Users/nikko/Downloads/moi-main/project_root/data/temp_frames/video8/frame_00006.png,"[322, 275, 647, 1567]",LEFT_EYE,0.14160170604378378,-0.49797173995338356,0.9781513214111328,0.5384670495986938,0.4182215705513954,0.501432765531127
00006,/Users/nikko/Downloads/moi-main/project_root/data/temp_frames/video8/frame_00006.png,"[322, 275, 647, 1567]",RIGHT_EYE,0.32851900105947124,-0.49340537036685983,0.9887740612030029,0.5384670495986938,0.4182215705513954,0.501432765531127
00007,/Users/nikko/Downloads/moi-main/project_root/data/temp_frames/video8/frame_00007.png,"[318, 271, 650, 1572]",LEFT_SHOULDER,-0.3572276702744265,-0.3234549247960179,0.9993076324462891,0.5458660051226616,0.4159093275666237,0.47095974997383727
00007,/Users/nikko/Downloads/moi-main/project_root/data/temp_frames/video8/frame_00007.png,"[318, 271, 650, 1572]",RIGHT_SHOULDER,0.619157007474375,-0.30124346284915443,0.9959754347801208,0.5458660051226616,0.4159093275666237,0.47095974997383727
00007,/Users/nikko/Downloads/moi-main/project_root/data/temp_frames/video8/frame_00007.png,"[318, 271, 650, 1572]",LEFT_HIP,-0.40287993429129115,0.31165545542911527,0.9996997117996216,0.5458660051226616,0.4159093275666237,0.47095974997383727
00007,/Users/nikko/Downloads/moi-main/project_root/data/temp_frames/video8/frame_00007.png,"[318, 271, 650, 1572]",RIGHT_HIP,0.1409505970913426,0.31304293221605706,0.9995824694633484,0.5458660051226616,0.4159093275666237,0.47095974997383727
00007,/Users/nikko/Downloads/moi-main/project_root/data/temp_frames/video8/frame_00007.png,"[318, 271, 650, 1572]",LEFT_ELBOW,-0.6120792369095543,-0.573413367169982,0.8452012538909912,0.5458660051226616,0.4159093275666237,0.47095974997383727
00007,/Users/nikko/Downloads/moi-main/project_root/data/temp_frames/video8/frame_00007.png,"[318, 271, 650, 1572]",LEFT_WRIST,-0.6408906106710519,-0.8603034539272983,0.8906867504119873,0.5458660051226616,0.4159093275666237,0.47095974997383727
00007,/Users/nikko/Downloads/moi-main/project_root/data/temp_frames/video8/frame_00007.png,"[318, 271, 650, 1572]",LEFT_KNEE,-0.5646433634465188,0.6658953773852776,0.6693564057350159,0.5458660051226616,0.4159093275666237,0.47095974997383727
00007,/Users/nikko/Downloads/moi-main/project_root/data/temp_frames/video8/frame_00007.png,"[318, 271, 650, 1572]",LEFT_ANKLE,-0.5936216697886947,1.0318347547038837,0.7609065175056458,0.5458660051226616,0.4159093275666237,0.47095974997383727
00007,/Users/nikko/Downloads/moi-main/project_root/data/temp_frames/video8/frame_00007.png,"[318, 271, 650, 1572]",LEFT_EYE,0.14213026243213295,-0.517596788405141,0.9858127236366272,0.5458660051226616,0.4159093275666237,0.47095974997383727
00007,/Users/nikko/Downloads/moi-main/project_root/data/temp_frames/video8/frame_00007.png,"[318, 271, 650, 1572]",RIGHT_EYE,0.3024531228992857,-0.515280867788134,0.9923977255821228,0.5458660051226616,0.4159093275666237,0.47095974997383727
00008,/Users/nikko/Downloads/moi-main/project_root/data/temp_frames/video8/frame_00008.png,"[318, 266, 653, 1564]",LEFT_SHOULDER,-0.3514453709199713,-0.31917890159897383,0.9991697072982788,0.5420494079589844,0.4165828302502632,0.48443424846757044
00008,/Users/nikko/Downloads/moi-main/project_root/data/temp_frames/video8/frame_00008.png,"[318, 266, 653, 1564]",RIGHT_SHOULDER,0.6191611183879137,-0.2903299676152028,0.9929908514022827,0.5420494079589844,0.4165828302502632,0.48443424846757044
00008,/Users/nikko/Downloads/moi-main/project_root/data/temp_frames/video8/frame_00008.png,"[318, 266, 653, 1564]",LEFT_HIP,-0.42006953339854924,0.30294341325749496,0.999546229839325,0.5420494079589844,0.4165828302502632,0.48443424846757044
00008,/Users/nikko/Downloads/moi-main/project_root/data/temp_frames/video8/frame_00008.png,"[318, 266, 653, 1564]",RIGHT_HIP,0.15235378593060692,0.3065654559566816,0.9993288516998291,0.5420494079589844,0.4165828302502632,0.48443424846757044
00008,/Users/nikko/Downloads/moi-main/project_root/data/temp_frames/video8/frame_00008.png,"[318, 266, 653, 1564]",LEFT_ELBOW,-0.6254659494736667,-0.5426214582460623,0.7973108291625977,0.5420494079589844,0.4165828302502632,0.48443424846757044
00008,/Users/nikko/Downloads/moi-main/project_root/data/temp_frames/video8/frame_00008.png,"[318, 266, 653, 1564]",LEFT_WRIST,-0.609526433131403,-0.8226532836254808,0.8548300266265869,0.5420494079589844,0.4165828302502632,0.48443424846757044
00008,/Users/nikko/Downloads/moi-main/project_root/data/temp_frames/video8/frame_00008.png,"[318, 266, 653, 1564]",LEFT_KNEE,-0.540175598182501,0.6482134831362668,0.5899847149848938,0.5420494079589844,0.4165828302502632,0.48443424846757044
00008,/Users/nikko/Downloads/moi-main/project_root/data/temp_frames/video8/frame_00008.png,"[318, 266, 653, 1564]",LEFT_ANKLE,-0.5617079148645366,1.0091332185831803,0.7119879722595215,0.5420494079589844,0.4165828302502632,0.48443424846757044
00008,/Users/nikko/Downloads/moi-main/project_root/data/temp_frames/video8/frame_00008.png,"[318, 266, 653, 1564]",LEFT_EYE,0.1828890405276568,-0.5036510939511579,0.9732192754745483,0.5420494079589844,0.4165828302502632,0.48443424846757044
00008,/Users/nikko/Downloads/moi-main/project_root/data/temp_frames/video8/frame_00008.png,"[318, 266, 653, 1564]",RIGHT_EYE,0.34856679561020765,-0.49811784482636007,0.9807518720626831,0.5420494079589844,0.4165828302502632,0.48443424846757044
00009,/Users/nikko/Downloads/moi-main/project_root/data/temp_frames/video8/frame_00009.png,"[317, 254, 658, 1559]",LEFT_SHOULDER,-0.3255264727599033,-0.3225509999682451,0.9989797472953796,0.5417187064886093,0.4151942953467369,0.47335344803371
00009,/Users/nikko/Downloads/moi-main/project_root/data/temp_frames/video8/frame_00009.png,"[317, 254, 658, 1559]",RIGHT_SHOULDER,0.624267095337251,-0.2884877004386536,0.9938210844993591,0.5417187064886093,0.4151942953467369,0.47335344803371
00009,/Users/nikko/Downloads/moi-main/project_root/data/temp_frames/video8/frame_00009.png,"[317, 254, 658, 1559]",LEFT_HIP,-0.4384229043845031,0.3024722761774996,0.9996938705444336,0.5417187064886093,0.4151942953467369,0.47335344803371
00009,/Users/nikko/Downloads/moi-main/project_root/data/temp_frames/video8/frame_00009.png,"[317, 254, 658, 1559]",RIGHT_HIP,0.1396822818071554,0.30856642422939917,0.9996141195297241,0.5417187064886093,0.4151942953467369,0.47335344803371
00009,/Users/nikko/Downloads/moi-main/project_root/data/temp_frames/video8/frame_00009.png,"[317, 254, 658, 1559]",LEFT_ELBOW,-0.6665573751129499,-0.5414982878353447,0.8458229303359985,0.5417187064886093,0.4151942953467369,0.47335344803371
00009,/Users/nikko/Downloads/moi-main/project_root/data/temp_frames/video8/frame_00009.png,"[317, 254, 658, 1559]",LEFT_WRIST,-0.6249589625288365,-0.8103181176857362,0.8252318501472473,0.5417187064886093,0.4151942953467369,0.47335344803371
00009,/Users/nikko/Downloads/moi-main/project_root/data/temp_frames/video8/frame_00009.png,"[317, 254, 658, 1559]",LEFT_KNEE,-0.5869858484030617,0.6486331574886302,0.6920337677001953,0.5417187064886093,0.4151942953467369,0.47335344803371
00009,/Users/nikko/Downloads/moi-main/project_root/data/temp_frames/video8/frame_00009.png,"[317, 254, 658, 1559]",LEFT_ANKLE,-0.5982075199739268,1.0186658179086119,0.8190872073173523,0.5417187064886093,0.4151942953467369,0.47335344803371
00009,/Users/nikko/Downloads/moi-main/project_root/data/temp_frames/video8/frame_00009.png,"[317, 254, 658, 1559]",LEFT_EYE,0.20601691398974306,-0.5083773732473904,0.9667611718177795,0.5417187064886093,0.4151942953467369,0.47335344803371
00009,/Users/nikko/Downloads/moi-main/project_root/data/temp_frames/video8/frame_00009.png,"[317, 254, 658, 1559]",RIGHT_EYE,0.3742366555105396,-0.50162434903206,0.9777060151100159,0.5417187064886093,0.4151942953467369,0.47335344803371
00010,/Users/nikko/Downloads/moi-main/project_root/data/temp_frames/video8/frame_00010.png,"[317, 253, 658, 1558]",LEFT_SHOULDER,-0.31031346746030897,-0.32369466143654535,0.9991851449012756,0.5371164456009865,0.4180093854665756,0.4718085126577063
00010,/Users/nikko/Downloads/moi-main/project_root/data/temp_frames/video8/frame_00010.png,"[317, 253, 658, 1558]",RIGHT_SHOULDER,0.6303729807274661,-0.2922073514907712,0.9938165545463562,0.5371164456009865,0.4180093854665756,0.4718085126577063
00010,/Users/nikko/Downloads/moi-main/project_root/data/temp_frames/video8/frame_00010.png,"[317, 253, 658, 1558]",LEFT_HIP,-0.4449232271492306,0.3034785911135155,0.9996623992919922,0.5371164456009865,0.4180093854665756,0.4718085126577063
00010,/Users/nikko/Downloads/moi-main/project_root/data/temp_frames/video8/frame_00010.png,"[317, 253, 658, 1558]",RIGHT_HIP,0.12486371388207351,0.3124234218138011,0.9995427131652832,0.5371164456009865,0.4180093854665756,0.4718085126577063
00010,/Users/nikko/Downloads/moi-main/project_root/data/temp_frames/video8/frame_00010.png,"[317, 253, 658, 1558]",LEFT_ELBOW,-0.6688070816279177,-0.5431508537750153,0.8599010109901428,0.5371164456009865,0.4180093854665756,0.4718085126577063
00010,/Users/nikko/Downloads/moi-main/project_root/data/temp_frames/video8/frame_00010.png,"[317, 253, 658, 1558]",LEFT_WRIST,-0.6311884555900493,-0.810286656434614,0.8598622679710388,0.5371164456009865,0.4180093854665756,0.4718085126577063
00010,/Users/nikko/Downloads/moi-main/project_root/data/temp_frames/video8/frame_00010.png,"[317, 253, 658, 1558]",LEFT_KNEE,-0.5580331910594849,0.648424205321668,0.5855101943016052,0.5371164456009865,0.4180093854665756,0.4718085126577063
00010,/Users/nikko/Downloads/moi-main/project_root/data/temp_frames/video8/frame_00010.png,"[317, 253, 658, 1558]",LEFT_ANKLE,-0.5913787856669427,1.0045374666835767,0.7487816214561462,0.5371164456009865,0.4180093854665756,0.4718085126577063
00010,/Users/nikko/Downloads/moi-main/project_root/data/temp_frames/video8/frame_00010.png,"[317, 253, 658, 1558]",LEFT_EYE,0.2243088204745619,-0.5161077554980406,0.9668625593185425,0.5371164456009865,0.4180093854665756,0.4718085126577063
00010,/Users/nikko/Downloads/moi-main/project_root/data/temp_frames/video8/frame_00010.png,"[317, 253, 658, 1558]",RIGHT_EYE,0.391917518996669,-0.5082870925846947,0.9768670201301575,0.5371164456009865,0.4180093854665756,0.4718085126577063
00011,/Users/nikko/Downloads/moi-main/project_root/data/temp_frames/video8/frame_00011.png,"[318, 223, 660, 1538]",LEFT_SHOULDER,-0.32293167318387694,-0.3040111209807132,0.9994381070137024,0.552862711250782,0.42030979692935944,0.46581899216178
00011,/Users/nikko/Downloads/moi-main/project_root/data/temp_frames/video8/frame_00011.png,"[318, 223, 660, 1538]",RIGHT_SHOULDER,0.655378923740532,-0.2876160334819656,0.9950243830680847,0.552862711250782,0.42030979692935944,0.46581899216178
00011,/Users/nikko/Downloads/moi-main/project_root/data/temp_frames/video8/frame_00011.png,"[318, 223, 660, 1538]",LEFT_HIP,-0.45390574837781517,0.2954092981479687,0.9997072815895081,0.552862711250782,0.42030979692935944,0.46581899216178
00011,/Users/nikko/Downloads/moi-main/project_root/data/temp_frames/video8/frame_00011.png,"[318, 223, 660, 1538]",RIGHT_HIP,0.12145849782116018,0.29621785631471015,0.9995703101158142,0.552862711250782,0.42030979692935944,0.46581899216178
00011,/Users/nikko/Downloads/moi-main/project_root/data/temp_frames/video8/frame_00011.png,"[318, 223, 660, 1538]",LEFT_ELBOW,-0.789925676980615,-0.5200975872807161,0.8406259417533875,0.552862711250782,0.42030979692935944,0.46581899216178
00011,/Users/nikko/Downloads/moi-main/project_root/data/temp_frames/video8/frame_00011.png,"[318, 223, 660, 1538]",LEFT_WRIST,-0.7245411326723877,-0.7769419301679092,0.8508327007293701,0.552862711250782,0.42030979692935944,0.46581899216178
00011,/Users/nikko/Downloads/moi-main/project_root/data/temp_frames/video8/frame_00011.png,"[318, 223, 660, 1538]",LEFT_KNEE,-0.6208762727048911,0.65562048992965,0.6115204095840454,0.552862711250782,0.42030979692935944,0.46581899216178
00011,/Users/nikko/Downloads/moi-main/project_root/data/temp_frames/video8/frame_00011.png,"[318, 223, 660, 1538]",LEFT_ANKLE,-0.6859291213480232,1.0149834569784102,0.7146814465522766,0.552862711250782,0.42030979692935944,0.46581899216178
00011,/Users/nikko/Downloads/moi-main/project_root/data/temp_frames/video8/frame_00011.png,"[318, 223, 660, 1538]",LEFT_EYE,0.22167633318763635,-0.49314226820076373,0.985571026802063,0.552862711250782,0.42030979692935944,0.46581899216178
00011,/Users/nikko/Downloads/moi-main/project_root/data/temp_frames/video8/frame_00011.png,"[318, 223, 660, 1538]",RIGHT_EYE,0.41472237855463084,-0.48212443159600954,0.9885243773460388,0.552862711250782,0.42030979692935944,0.46581899216178
00012,/Users/nikko/Downloads/moi-main/project_root/data/temp_frames/video8/frame_00012.png,"[318, 223, 660, 1538]",LEFT_SHOULDER,-0.3229869291140116,-0.3044196902697642,0.999424934387207,0.5529385954141617,0.4204920530319214,0.46555598143895277
00012,/Users/nikko/Downloads/moi-main/project_root/data/temp_frames/video8/frame_00012.png,"[318, 223, 660, 1538]",RIGHT_SHOULDER,0.654631079994933,-0.28750053612772786,0.994917631149292,0.5529385954141617,0.4204920530319214,0.46555598143895277
00012,/Users/nikko/Downloads/moi-main/project_root/data/temp_frames/video8/frame_00012.png,"[318, 223, 660, 1538]",LEFT_HIP,-0.4536517419986101,0.29535908127980637,0.9997102618217468,0.5529385954141617,0.4204920530319214,0.46555598143895277
00012,/Users/nikko/Downloads/moi-main/project_root/data/temp_frames/video8/frame_00012.png,"[318, 223, 660, 1538]",RIGHT_HIP,0.12200759111768873,0.2965611451176856,0.9995754361152649,0.5529385954141617,0.4204920530319214,0.46555598143895277
00012,/Users/nikko/Downloads/moi-main/project_root/data/temp_frames/video8/frame_00012.png,"[318, 223, 660, 1538]",LEFT_ELBOW,-0.7918641622452486,-0.5209436635708168,0.8384503722190857,0.5529385954141617,0.4204920530319214,0.46555598143895277
00012,/Users/nikko/Downloads/moi-main/project_root/data/temp_frames/video8/frame_00012.png,"[318, 223, 660, 1538]",LEFT_WRIST,-0.7256651918358937,-0.7778375582321094,0.8496594429016113,0.5529385954141617,0.4204920530319214,0.46555598143895277
00012,/Users/nikko/Downloads/moi-main/project_root/data/temp_frames/video8/frame_00012.png,"[318, 223, 660, 1538]",LEFT_KNEE,-0.6214623631340266,0.6554530578791745,0.6163981556892395,0.5529385954141617,0.4204920530319214,0.46555598143895277
00012,/Users/nikko/Downloads/moi-main/project_root/data/temp_frames/video8/frame_00012.png,"[318, 223, 660, 1538]",LEFT_ANKLE,-0.6873952253649778,1.014235377857063,0.7236364483833313,0.5529385954141617,0.4204920530319214,0.46555598143895277
00012,/Users/nikko/Downloads/moi-main/project_root/data/temp_frames/video8/frame_00012.png,"[318, 223, 660, 1538]",LEFT_EYE,0.22326236113780845,-0.49291246052080173,0.9844006896018982,0.5529385954141617,0.4204920530319214,0.46555598143895277
00012,/Users/nikko/Downloads/moi-main/project_root/data/temp_frames/video8/frame_00012.png,"[318, 223, 660, 1538]",RIGHT_EYE,0.4174045689675252,-0.4816285327436833,0.9875383377075195,0.5529385954141617,0.4204920530319214,0.46555598143895277
00013,/Users/nikko/Downloads/moi-main/project_root/data/temp_frames/video8/frame_00013.png,"[328, 254, 659, 1527]",LEFT_SHOULDER,-0.2868996208763748,-0.31223997582843316,0.9987288117408752,0.5313344448804855,0.40244459733366966,0.4963920953613029
00013,/Users/nikko/Downloads/moi-main/project_root/data/temp_frames/video8/frame_00013.png,"[328, 254, 659, 1527]",RIGHT_SHOULDER,0.6913646415967547,-0.27411109750823615,0.9898978471755981,0.5313344448804855,0.40244459733366966,0.4963920953613029
00013,/Users/nikko/Downloads/moi-main/project_root/data/temp_frames/video8/frame_00013.png,"[328, 254, 659, 1527]",LEFT_HIP,-0.474839516720915,0.29278487027056377,0.9989632368087769,0.5313344448804855,0.40244459733366966,0.4963920953613029
00013,/Users/nikko/Downloads/moi-main/project_root/data/temp_frames/video8/frame_00013.png,"[328, 254, 659, 1527]",RIGHT_HIP,0.07037449600053507,0.29356620306610554,0.9984481334686279,0.5313344448804855,0.40244459733366966,0.4963920953613029
00013,/Users/nikko/Downloads/moi-main/project_root/data/temp_frames/video8/frame_00013.png,"[328, 254, 659, 1527]",LEFT_ELBOW,-0.7388628492602632,-0.4977411335329007,0.7772553563117981,0.5313344448804855,0.40244459733366966,0.4963920953613029
00013,/Users/nikko/Downloads/moi-main/project_root/data/temp_frames/video8/frame_00013.png,"[328, 254, 659, 1527]",LEFT_WRIST,-0.6368261535477838,-0.7289486237446958,0.7618592977523804,0.5313344448804855,0.40244459733366966,0.4963920953613029
00013,/Users/nikko/Downloads/moi-main/project_root/data/temp_frames/video8/frame_00013.png,"[328, 254, 659, 1527]",LEFT_KNEE,-0.6149334955977066,0.6088565002671598,0.5727304816246033,0.5313344448804855,0.40244459733366966,0.4963920953613029
00013,/Users/nikko/Downloads/moi-main/project_root/data/temp_frames/video8/frame_00013.png,"[328, 254, 659, 1527]",LEFT_ANKLE,-0.6308099090334724,0.9634888909771239,0.6970140933990479,0.5313344448804855,0.40244459733366966,0.4963920953613029
00013,/Users/nikko/Downloads/moi-main/project_root/data/temp_frames/video8/frame_00013.png,"[328, 254, 659, 1527]",LEFT_EYE,0.24051280417987644,-0.4810142536982378,0.9695383906364441,0.5313344448804855,0.40244459733366966,0.4963920953613029
00013,/Users/nikko/Downloads/moi-main/project_root/data/temp_frames/video8/frame_00013.png,"[328, 254, 659, 1527]",RIGHT_EYE,0.4037650092151072,-0.4692559576062401,0.9767354130744934,0.5313344448804855,0.40244459733366966,0.4963920953613029
00014,/Users/nikko/Downloads/moi-main/project_root/data/temp_frames/video8/frame_00014.png,"[322, 238, 662, 1513]",LEFT_SHOULDER,-0.2840856778435505,-0.30095625948017063,0.9986103773117065,0.5582886338233948,0.39867039769887924,0.48962229142827607
00014,/Users/nikko/Downloads/moi-main/project_root/data/temp_frames/video8/frame_00014.png,"[322, 238, 662, 1513]",RIGHT_SHOULDER,0.7077983747103255,-0.27791778795038186,0.9875449538230896,0.5582886338233948,0.39867039769887924,0.48962229142827607
00014,/Users/nikko/Downloads/moi-main/project_root/data/temp_frames/video8/frame_00014.png,"[322, 238, 662, 1513]",LEFT_HIP,-0.4811729270463053,0.28821862925555036,0.9994353652000427,0.5582886338233948,0.39867039769887924,0.48962229142827607
00014,/Users/nikko/Downloads/moi-main/project_root/data/temp_frames/video8/frame_00014.png,"[322, 238, 662, 1513]",RIGHT_HIP,0.05746023017953029,0.2906554181750021,0.9991230368614197,0.5582886338233948,0.39867039769887924,0.48962229142827607
00014,/Users/nikko/Downloads/moi-main/project_root/data/temp_frames/video8/frame_00014.png,"[322, 238, 662, 1513]",LEFT_ELBOW,-0.8006586642317062,-0.46323289490974096,0.6298233866691589,0.5582886338233948,0.39867039769887924,0.48962229142827607
00014,/Users/nikko/Downloads/moi-main/project_root/data/temp_frames/video8/frame_00014.png,"[322, 238, 662, 1513]",LEFT_WRIST,-0.7003426552033154,-0.7027855841807741,0.6157315969467163,0.5582886338233948,0.39867039769887924,0.48962229142827607
00014,/Users/nikko/Downloads/moi-main/project_root/data/temp_frames/video8/frame_00014.png,"[322, 238, 662, 1513]",LEFT_ANKLE,-0.7146856176695707,0.9700055574350185,0.5391256213188171,0.5582886338233948,0.39867039769887924,0.48962229142827607
00014,/Users/nikko/Downloads/moi-main/project_root/data/temp_frames/video8/frame_00014.png,"[322, 238, 662, 1513]",LEFT_EYE,0.22459884809682368,-0.48471256777257915,0.9527144432067871,0.5582886338233948,0.39867039769887924,0.48962229142827607
00014,/Users/nikko/Downloads/moi-main/project_root/data/temp_frames/video8/frame_00014.png,"[322, 238, 662, 1513]",RIGHT_EYE,0.436358568603708,-0.47402603647919794,0.9610275030136108,0.5582886338233948,0.39867039769887924,0.48962229142827607
00015,/Users/nikko/Downloads/moi-main/project_root/data/temp_frames/video8/frame_00015.png,"[322, 238, 662, 1513]",LEFT_SHOULDER,-0.28652343993069285,-0.3001089044388809,0.998561680316925,0.558748833835125,0.39841293543577194,0.48959033449312184
00015,/Users/nikko/Downloads/moi-main/project_root/data/temp_frames/video8/frame_00015.png,"[322, 238, 662, 1513]",RIGHT_SHOULDER,0.7054534176517296,-0.27916706377943207,0.9869367480278015,0.558748833835125,0.39841293543577194,0.48959033449312184
00015,/Users/nikko/Downloads/moi-main/project_root/data/temp_frames/video8/frame_00015.png,"[322, 238, 662, 1513]",LEFT_HIP,-0.4801719309241991,0.2888358743156508,0.9994441866874695,0.558748833835125,0.39841293543577194,0.48959033449312184
00015,/Users/nikko/Downloads/moi-main/project_root/data/temp_frames/video8/frame_00015.png,"[322, 238, 662, 1513]",RIGHT_HIP,0.06124195320316225,0.2904400939026622,0.9991369843482971,0.558748833835125,0.39841293543577194,0.48959033449312184
00015,/Users/nikko/Downloads/moi-main/project_root/data/temp_frames/video8/frame_00015.png,"[322, 238, 662, 1513]",LEFT_ELBOW,-0.8003744100667004,-0.463571965300887,0.625447690486908,0.558748833835125,0.39841293543577194,0.48959033449312184
00015,/Users/nikko/Downloads/moi-main/project_root/data/temp_frames/video8/frame_00015.png,"[322, 238, 662, 1513]",LEFT_WRIST,-0.6991763317557435,-0.7045878184057973,0.5931764841079712,0.558748833835125,0.39841293543577194,0.48959033449312184
00015,/Users/nikko/Downloads/moi-main/project_root/data/temp_frames/video8/frame_00015.png,"[322, 238, 662, 1513]",LEFT_ANKLE,-0.7136827585558678,0.9664494866560595,0.5779967308044434,0.558748833835125,0.39841293543577194,0.48959033449312184
00015,/Users/nikko/Downloads/moi-main/project_root/data/temp_frames/video8/frame_00015.png,"[322, 238, 662, 1513]",LEFT_EYE,0.22118253645867264,-0.4836821123951337,0.9490655064582825,0.558748833835125,0.39841293543577194,0.48959033449312184
00015,/Users/nikko/Downloads/moi-main/project_root/data/temp_frames/video8/frame_00015.png,"[322, 238, 662, 1513]",RIGHT_EYE,0.4312046711348175,-0.4728736874930414,0.9579532742500305,0.558748833835125,0.39841293543577194,0.48959033449312184
00016,/Users/nikko/Downloads/moi-main/project_root/data/temp_frames/video8/frame_00016.png,"[323, 244, 664, 1502]",LEFT_SHOULDER,-0.265042379656578,-0.3027555178341718,0.9991555213928223,0.5672508329153061,0.3808729164302349,0.4687164159760939
00016,/Users/nikko/Downloads/moi-main/project_root/data/temp_frames/video8/frame_00016.png,"[323, 244, 664, 1502]",RIGHT_SHOULDER,0.6925280828439406,-0.29216086762693655,0.9916117191314697,0.5672508329153061,0.3808729164302349,0.4687164159760939
00016,/Users/nikko/Downloads/moi-main/project_root/data/temp_frames/video8/frame_00016.png,"[323, 244, 664, 1502]",LEFT_HIP,-0.48469846746035655,0.2925943595562422,0.9993064403533936,0.5672508329153061,0.3808729164302349,0.4687164159760939
00016,/Users/nikko/Downloads/moi-main/project_root/data/temp_frames/video8/frame_00016.png,"[323, 244, 664, 1502]",RIGHT_HIP,0.05721276427299401,0.3023220259048662,0.9989351630210876,0.5672508329153061,0.3808729164302349,0.4687164159760939
00016,/Users/nikko/Downloads/moi-main/project_root/data/temp_frames/video8/frame_00016.png,"[323, 244, 664, 1502]",LEFT_ELBOW,-0.8645034601062087,-0.44768634602488105,0.6967256665229797,0.5672508329153061,0.3808729164302349,0.4687164159760939
00016,/Users/nikko/Downloads/moi-main/project_root/data/temp_frames/video8/frame_00016.png,"[323, 244, 664, 1502]",LEFT_WRIST,-0.7530289066879343,-0.7004221471600294,0.681505560874939,0.5672508329153061,0.3808729164302349,0.4687164159760939
00016,/Users/nikko/Downloads/moi-main/project_root/data/temp_frames/video8/frame_00016.png,"[323, 244, 664, 1502]",LEFT_ANKLE,-0.748679617672312,1.0252841320262878,0.5960308909416199,0.5672508329153061,0.3808729164302349,0.4687164159760939
00016,/Users/nikko/Downloads/moi-main/project_root/data/temp_frames/video8/frame_00016.png,"[323, 244, 664, 1502]",LEFT_EYE,0.24054982337158015,-0.5084337759262709,0.982157826423645,0.5672508329153061,0.3808729164302349,0.4687164159760939
00016,/Users/nikko/Downloads/moi-main/project_root/data/temp_frames/video8/frame_00016.png,"[323, 244, 664, 1502]",RIGHT_EYE,0.4472684557357285,-0.4953226439504082,0.9855470657348633,0.5672508329153061,0.3808729164302349,0.4687164159760939
00017,/Users/nikko/Downloads/moi-main/project_root/data/temp_frames/video8/frame_00017.png,"[321, 241, 666, 1470]",LEFT_SHOULDER,-0.2941670978005793,-0.30890368796080325,0.9997363686561584,0.577487401664257,0.36896108463406563,0.4830890702878181
00017,/Users/nikko/Downloads/moi-main/project_root/data/temp_frames/video8/frame_00017.png,"[321, 241, 666, 1470]",RIGHT_SHOULDER,0.7262404989815593,-0.28284679411618213,0.997982382774353,0.577487401664257,0.36896108463406563,0.4830890702878181
00017,/Users/nikko/Downloads/moi-main/project_root/data/temp_frames/video8/frame_00017.png,"[321, 241, 666, 1470]",LEFT_HIP,-0.45390838376544823,0.28868390317886394,0.9994869232177734,0.577487401664257,0.36896108463406563,0.4830890702878181
00017,/Users/nikko/Downloads/moi-main/project_root/data/temp_frames/video8/frame_00017.png,"[321, 241, 666, 1470]",RIGHT_HIP,0.021834982584468268,0.30306657889812144,0.9992730021476746,0.577487401664257,0.36896108463406563,0.4830890702878181
00017,/Users/nikko/Downloads/moi-main/project_root/data/temp_frames/video8/frame_00017.png,"[321, 241, 666, 1470]",LEFT_ELBOW,-0.8762554341732893,-0.39251895316516905,0.806793749332428,0.577487401664257,0.36896108463406563,0.4830890702878181
00017,/Users/nikko/Downloads/moi-main/project_root/data/temp_frames/video8/frame_00017.png,"[321, 241, 666, 1470]",LEFT_WRIST,-0.7698423262705442,-0.6447187230992018,0.7685496807098389,0.577487401664257,0.36896108463406563,0.4830890702878181
00017,/Users/nikko/Downloads/moi-main/project_root/data/temp_frames/video8/frame_00017.png,"[321, 241, 666, 1470]",LEFT_KNEE,-0.6459661490852241,0.6465647769126079,0.5398051738739014,0.577487401664257,0.36896108463406563,0.4830890702878181
00017,/Users/nikko/Downloads/moi-main/project_root/data/temp_frames/video8/frame_00017.png,"[321, 241, 666, 1470]",LEFT_ANKLE,-0.7492698068909649,1.0347847434316897,0.5649837255477905,0.577487401664257,0.36896108463406563,0.4830890702878181
00017,/Users/nikko/Downloads/moi-main/project_root/data/temp_frames/video8/frame_00017.png,"[321, 241, 666, 1470]",LEFT_EYE,0.22064521489200706,-0.5100017521492617,0.9984336495399475,0.577487401664257,0.36896108463406563,0.4830890702878181
00017,/Users/nikko/Downloads/moi-main/project_root/data/temp_frames/video8/frame_00017.png,"[321, 241, 666, 1470]",RIGHT_EYE,0.4422534132802339,-0.49493475187786895,0.9988640546798706,0.577487401664257,0.36896108463406563,0.4830890702878181
00018,/Users/nikko/Downloads/moi-main/project_root/data/temp_frames/video8/frame_00018.png,"[321, 241, 666, 1470]",LEFT_SHOULDER,-0.29392408020172944,-0.30970171105365296,0.999749481678009,0.5764539167284966,0.3691660687327385,0.481695224885374
00018,/Users/nikko/Downloads/moi-main/project_root/data/temp_frames/video8/frame_00018.png,"[321, 241, 666, 1470]",RIGHT_SHOULDER,0.7246229811447661,-0.283622100346566,0.9981038570404053,0.5764539167284966,0.3691660687327385,0.481695224885374
00018,/Users/nikko/Downloads/moi-main/project_root/data/temp_frames/video8/frame_00018.png,"[321, 241, 666, 1470]",LEFT_HIP,-0.45318606499617825,0.28985420080732044,0.9995315074920654,0.5764539167284966,0.3691660687327385,0.481695224885374
00018,/Users/nikko/Downloads/moi-main/project_root/data/temp_frames/video8/frame_00018.png,"[321, 241, 666, 1470]",RIGHT_HIP,0.02248716405314159,0.3034696105928985,0.9993371367454529,0.5764539167284966,0.3691660687327385,0.481695224885374
00018,/Users/nikko/Downloads/moi-main/project_root/data/temp_frames/video8/frame_00018.png,"[321, 241, 666, 1470]",LEFT_ELBOW,-0.8769206998581351,-0.39458726319833615,0.8040097951889038,0.5764539167284966,0.3691660687327385,0.481695224885374
00018,/Users/nikko/Downloads/moi-main/project_root/data/temp_frames/video8/frame_00018.png,"[321, 241, 666, 1470]",LEFT_WRIST,-0.7733574072308081,-0.6465680643376103,0.7689612507820129,0.5764539167284966,0.3691660687327385,0.481695224885374
00018,/Users/nikko/Downloads/moi-main/project_root/data/temp_frames/video8/frame_00018.png,"[321, 241, 666, 1470]",LEFT_KNEE,-0.6466104373247,0.6476441247593449,0.5461654663085938,0.5764539167284966,0.3691660687327385,0.481695224885374
00018,/Users/nikko/Downloads/moi-main/project_root/data/temp_frames/video8/frame_00018.png,"[321, 241, 666, 1470]",LEFT_ANKLE,-0.7494039166403067,1.0370952312823787,0.5689486861228943,0.5764539167284966,0.3691660687327385,0.481695224885374
00018,/Users/nikko/Downloads/moi-main/project_root/data/temp_frames/video8/frame_00018.png,"[321, 241, 666, 1470]",LEFT_EYE,0.2229010762210585,-0.5128465657196744,0.9985573887825012,0.5764539167284966,0.3691660687327385,0.481695224885374
00018,/Users/nikko/Downloads/moi-main/project_root/data/temp_frames/video8/frame_00018.png,"[321, 241, 666, 1470]",RIGHT_EYE,0.44351506292358106,-0.49745971914182385,0.9989736080169678,0.5764539167284966,0.3691660687327385,0.481695224885374
00019,/Users/nikko/Downloads/moi-main/project_root/data/temp_frames/video8/frame_00019.png,"[317, 252, 668, 1440]",LEFT_SHOULDER,-0.29533433434229817,-0.3123403172927939,0.9996213912963867,0.5921640619635582,0.3589468039572239,0.4870980765302103
00019,/Users/nikko/Downloads/moi-main/project_root/data/temp_frames/video8/frame_00019.png,"[317, 252, 668, 1440]",RIGHT_SHOULDER,0.7022821259548723,-0.28248969528356305,0.9985515475273132,0.5921640619635582,0.3589468039572239,0.4870980765302103
00019,/Users/nikko/Downloads/moi-main/project_root/data/temp_frames/video8/frame_00019.png,"[317, 252, 668, 1440]",LEFT_HIP,-0.45748512181761963,0.2919786153824713,0.9995200634002686,0.5921640619635582,0.3589468039572239,0.4870980765302103
00019,/Users/nikko/Downloads/moi-main/project_root/data/temp_frames/video8/frame_00019.png,"[317, 252, 668, 1440]",RIGHT_HIP,0.0505373302050455,0.3028513971938856,0.9993351101875305,0.5921640619635582,0.3589468039572239,0.4870980765302103
00019,/Users/nikko/Downloads/moi-main/project_root/data/temp_frames/video8/frame_00019.png,"[317, 252, 668, 1440]",LEFT_ELBOW,-0.9107460949708776,-0.3883779300550903,0.9555011987686157,0.5921640619635582,0.3589468039572239,0.4870980765302103
00019,/Users/nikko/Downloads/moi-main/project_root/data/temp_frames/video8/frame_00019.png,"[317, 252, 668, 1440]",LEFT_WRIST,-0.7945041278651521,-0.6403344870707184,0.7245122790336609,0.5921640619635582,0.3589468039572239,0.4870980765302103
00019,/Users/nikko/Downloads/moi-main/project_root/data/temp_frames/video8/frame_00019.png,"[317, 252, 668, 1440]",LEFT_KNEE,-0.6722375525290357,0.6635460893765353,0.6716582179069519,0.5921640619635582,0.3589468039572239,0.4870980765302103
00019,/Users/nikko/Downloads/moi-main/project_root/data/temp_frames/video8/frame_00019.png,"[317, 252, 668, 1440]",LEFT_ANKLE,-0.7556229871769073,1.0518888313216963,0.6894575357437134,0.5921640619635582,0.3589468039572239,0.4870980765302103
00019,/Users/nikko/Downloads/moi-main/project_root/data/temp_frames/video8/frame_00019.png,"[317, 252, 668, 1440]",LEFT_EYE,0.16534922682621703,-0.515352155970309,0.9863453507423401,0.5921640619635582,0.3589468039572239,0.4870980765302103
00019,/Users/nikko/Downloads/moi-main/project_root/data/temp_frames/video8/frame_00019.png,"[317, 252, 668, 1440]",RIGHT_EYE,0.3668983995563403,-0.5081201695798407,0.9942518472671509,0.5921640619635582,0.3589468039572239,0.4870980765302103
00020,/Users/nikko/Downloads/moi-main/project_root/data/temp_frames/video8/frame_00020.png,"[317, 252, 668, 1439]",LEFT_SHOULDER,-0.3050437269857079,-0.3078089149132816,0.9997448325157166,0.5877858251333237,0.3584679402410984,0.4977579168195412
00020,/Users/nikko/Downloads/moi-main/project_root/data/temp_frames/video8/frame_00020.png,"[317, 252, 668, 1439]",RIGHT_SHOULDER,0.7113525182023258,-0.275569362148625,0.9990365505218506,0.5877858251333237,0.3584679402410984,0.4977579168195412
00020,/Users/nikko/Downloads/moi-main/project_root/data/temp_frames/video8/frame_00020.png,"[317, 252, 668, 1439]",LEFT_HIP,-0.45753950076398053,0.28381663077122166,0.9996448755264282,0.5877858251333237,0.3584679402410984,0.4977579168195412
00020,/Users/nikko/Downloads/moi-main/project_root/data/temp_frames/video8/frame_00020.png,"[317, 252, 668, 1439]",RIGHT_HIP,0.0512307095473627,0.29956164629068494,0.9994376301765442,0.5877858251333237,0.3584679402410984,0.4977579168195412
00020,/Users/nikko/Downloads/moi-main/project_root/data/temp_frames/video8/frame_00020.png,"[317, 252, 668, 1439]",LEFT_ELBOW,-0.8944047513049869,-0.38024261425784245,0.9677887558937073,0.5877858251333237,0.3584679402410984,0.4977579168195412
00020,/Users/nikko/Downloads/moi-main/project_root/data/temp_frames/video8/frame_00020.png,"[317, 252, 668, 1439]",LEFT_WRIST,-0.7797382254459365,-0.6191604927454898,0.7795706987380981,0.5877858251333237,0.3584679402410984,0.4977579168195412
00020,/Users/nikko/Downloads/moi-main/project_root/data/temp_frames/video8/frame_00020.png,"[317, 252, 668, 1439]",LEFT_KNEE,-0.6452087601555007,0.6458668481339442,0.7816458940505981,0.5877858251333237,0.3584679402410984,0.4977579168195412
00020,/Users/nikko/Downloads/moi-main/project_root/data/temp_frames/video8/frame_00020.png,"[317, 252, 668, 1439]",LEFT_ANKLE,-0.7455843492290478,1.0361168886517382,0.7758604884147644,0.5877858251333237,0.3584679402410984,0.4977579168195412
00020,/Users/nikko/Downloads/moi-main/project_root/data/temp_frames/video8/frame_00020.png,"[317, 252, 668, 1439]",LEFT_EYE,0.18949272537530182,-0.512873203362511,0.994465172290802,0.5877858251333237,0.3584679402410984,0.4977579168195412
00020,/Users/nikko/Downloads/moi-main/project_root/data/temp_frames/video8/frame_00020.png,"[317, 252, 668, 1439]",RIGHT_EYE,0.3926282310124107,-0.5055670055634629,0.9976266026496887,0.5877858251333237,0.3584679402410984,0.4977579168195412
00021,/Users/nikko/Downloads/moi-main/project_root/data/temp_frames/video8/frame_00021.png,"[318, 249, 670, 1383]",LEFT_SHOULDER,-0.29205604952184944,-0.31450475291175534,0.9998268485069275,0.5867874249815941,0.35679901391267776,0.4969940455394102
00021,/Users/nikko/Downloads/moi-main/project_root/data/temp_frames/video8/frame_00021.png,"[318, 249, 670, 1383]",RIGHT_SHOULDER,0.7076394531167772,-0.27255901070027333,0.9992009997367859,0.5867874249815941,0.35679901391267776,0.4969940455394102
00021,/Users/nikko/Downloads/moi-main/project_root/data/temp_frames/video8/frame_00021.png,"[318, 249, 670, 1383]",LEFT_HIP,-0.4615725508831838,0.28166750707601834,0.9995593428611755,0.5867874249815941,0.35679901391267776,0.4969940455394102
00021,/Users/nikko/Downloads/moi-main/project_root/data/temp_frames/video8/frame_00021.png,"[318, 249, 670, 1383]",RIGHT_HIP,0.04598914728825601,0.3053962565360103,0.9993346333503723,0.5867874249815941,0.35679901391267776,0.4969940455394102
00021,/Users/nikko/Downloads/moi-main/project_root/data/temp_frames/video8/frame_00021.png,"[318, 249, 670, 1383]",LEFT_ELBOW,-0.9305590129914977,-0.3556277133029084,0.9804731607437134,0.5867874249815941,0.35679901391267776,0.4969940455394102
00021,/Users/nikko/Downloads/moi-main/project_root/data/temp_frames/video8/frame_00021.png,"[318, 249, 670, 1383]",LEFT_WRIST,-0.7591023242172782,-0.6085235892123187,0.8522576093673706,0.5867874249815941,0.35679901391267776,0.4969940455394102
00021,/Users/nikko/Downloads/moi-main/project_root/data/temp_frames/video8/frame_00021.png,"[318, 249, 670, 1383]",LEFT_KNEE,-0.6675374893485985,0.6893694211902941,0.8253542184829712,0.5867874249815941,0.35679901391267776,0.4969940455394102
00021,/Users/nikko/Downloads/moi-main/project_root/data/temp_frames/video8/frame_00021.png,"[318, 249, 670, 1383]",LEFT_ANKLE,-0.7468149853032073,1.088584647549618,0.784142017364502,0.5867874249815941,0.35679901391267776,0.4969940455394102
00021,/Users/nikko/Downloads/moi-main/project_root/data/temp_frames/video8/frame_00021.png,"[318, 249, 670, 1383]",LEFT_EYE,0.15112340595618562,-0.5243466331981148,0.9981213212013245,0.5867874249815941,0.35679901391267776,0.4969940455394102
00021,/Users/nikko/Downloads/moi-main/project_root/data/temp_frames/video8/frame_00021.png,"[318, 249, 670, 1383]",RIGHT_EYE,0.36288913315211135,-0.5166640331280434,0.9991198182106018,0.5867874249815941,0.35679901391267776,0.4969940455394102
00022,/Users/nikko/Downloads/moi-main/project_root/data/temp_frames/video8/frame_00022.png,"[317, 236, 673, 1347]",LEFT_SHOULDER,-0.2715263927959776,-0.3253441143810918,0.999508261680603,0.578473873436451,0.35685352608561516,0.4783722364009365
00022,/Users/nikko/Downloads/moi-main/project_root/data/temp_frames/video8/frame_00022.png,"[317, 236, 673, 1347]",RIGHT_SHOULDER,0.7134332342483618,-0.28885710797034325,0.9994840621948242,0.578473873436451,0.35685352608561516,0.4783722364009365
00022,/Users/nikko/Downloads/moi-main/project_root/data/temp_frames/video8/frame_00022.png,"[317, 236, 673, 1347]",LEFT_HIP,-0.44573039170146017,0.2924484993566614,0.9992461204528809,0.578473873436451,0.35685352608561516,0.4783722364009365
00022,/Users/nikko/Downloads/moi-main/project_root/data/temp_frames/video8/frame_00022.png,"[317, 236, 673, 1347]",RIGHT_HIP,0.0038235502490759398,0.32175272299477364,0.9994705319404602,0.578473873436451,0.35685352608561516,0.4783722364009365
00022,/Users/nikko/Downloads/moi-main/project_root/data/temp_frames/video8/frame_00022.png,"[317, 236, 673, 1347]",LEFT_EYE,0.15617384013201865,-0.5512643112280993,0.9984209537506104,0.578473873436451,0.35685352608561516,0.4783722364009365
00022,/Users/nikko/Downloads/moi-main/project_root/data/temp_frames/video8/frame_00022.png,"[317, 236, 673, 1347]",RIGHT_EYE,0.38133822017425556,-0.5429799653341514,0.9995303153991699,0.578473873436451,0.35685352608561516,0.4783722364009365
00023,/Users/nikko/Downloads/moi-main/project_root/data/temp_frames/video8/frame_00023.png,"[317, 236, 672, 1347]",LEFT_SHOULDER,-0.28211318577360706,-0.323909122771463,0.9994370341300964,0.5837632045149803,0.35643186420202255,0.48049258158002695
00023,/Users/nikko/Downloads/moi-main/project_root/data/temp_frames/video8/frame_00023.png,"[317, 236, 672, 1347]",RIGHT_SHOULDER,0.7162031799844852,-0.28232019261363334,0.999174177646637,0.5837632045149803,0.35643186420202255,0.48049258158002695
00023,/Users/nikko/Downloads/moi-main/project_root/data/temp_frames/video8/frame_00023.png,"[317, 236, 672, 1347]",LEFT_HIP,-0.44539019523836915,0.28810149824924264,0.9994425177574158,0.5837632045149803,0.35643186420202255,0.48049258158002695
00023,/Users/nikko/Downloads/moi-main/project_root/data/temp_frames/video8/frame_00023.png,"[317, 236, 672, 1347]",RIGHT_HIP,0.011300201027490988,0.31812781713585364,0.9995688796043396,0.5837632045149803,0.35643186420202255,0.48049258158002695
00023,/Users/nikko/Downloads/moi-main/project_root/data/temp_frames/video8/frame_00023.png,"[317, 236, 672, 1347]",LEFT_ELBOW,-0.9512442353204215,-0.3267319827874253,0.5568860769271851,0.5837632045149803,0.35643186420202255,0.48049258158002695
00023,/Users/nikko/Downloads/moi-main/project_root/data/temp_frames/video8/frame_00023.png,"[317, 236, 672, 1347]",LEFT_EYE,0.1455784518509498,-0.5460294158920443,0.9952889680862427,0.5837632045149803,0.35643186420202255,0.48049258158002695
00023,/Users/nikko/Downloads/moi-main/project_root/data/temp_frames/video8/frame_00023.png,"[317, 236, 672, 1347]",RIGHT_EYE,0.3675633454414106,-0.5380069937324026,0.9983223080635071,0.5837632045149803,0.35643186420202255,0.48049258158002695
00024,/Users/nikko/Downloads/moi-main/project_root/data/temp_frames/video8/frame_00024.png,"[319, 223, 674, 1319]",LEFT_SHOULDER,-0.25186492163464846,-0.32534637411951806,0.9999321699142456,0.5737111270427704,0.35479874163866043,0.47168370938882376
00024,/Users/nikko/Downloads/moi-main/project_root/data/temp_frames/video8/frame_00024.png,"[319, 223, 674, 1319]",RIGHT_SHOULDER,0.7103565372965258,-0.29639384274060254,0.9998443126678467,0.5737111270427704,0.35479874163866043,0.47168370938882376
00024,/Users/nikko/Downloads/moi-main/project_root/data/temp_frames/video8/frame_00024.png,"[319, 223, 674, 1319]",LEFT_HIP,-0.4512301999358844,0.2948391022812718,0.998212456703186,0.5737111270427704,0.35479874163866043,0.47168370938882376
00024,/Users/nikko/Downloads/moi-main/project_root/data/temp_frames/video8/frame_00024.png,"[319, 223, 674, 1319]",RIGHT_HIP,-0.007261415725992878,0.3269011145788488,0.9985840320587158,0.5737111270427704,0.35479874163866043,0.47168370938882376
00024,/Users/nikko/Downloads/moi-main/project_root/data/temp_frames/video8/frame_00024.png,"[319, 223, 674, 1319]",LEFT_EYE,0.12210231627940288,-0.5557378134377808,0.999889612197876,0.5737111270427704,0.35479874163866043,0.47168370938882376
00024,/Users/nikko/Downloads/moi-main/project_root/data/temp_frames/video8/frame_00024.png,"[319, 223, 674, 1319]",RIGHT_EYE,0.3280238264863127,-0.5504354610420242,0.9999483823776245,0.5737111270427704,0.35479874163866043,0.47168370938882376
00025,/Users/nikko/Downloads/moi-main/project_root/data/temp_frames/video8/frame_00025.png,"[318, 209, 674, 1289]",LEFT_SHOULDER,-0.2740928983293858,-0.3167972652337447,0.9999545812606812,0.5789332762360573,0.35223790258169174,0.4872191903333758
00025,/Users/nikko/Downloads/moi-main/project_root/data/temp_frames/video8/frame_00025.png,"[318, 209, 674, 1289]",RIGHT_SHOULDER,0.7135774152806273,-0.2770395235931381,0.9994244575500488,0.5789332762360573,0.35223790258169174,0.4872191903333758
00025,/Users/nikko/Downloads/moi-main/project_root/data/temp_frames/video8/frame_00025.png,"[318, 209, 674, 1289]",LEFT_HIP,-0.4637777593606912,0.2803035506627674,0.9998754262924194,0.5789332762360573,0.35223790258169174,0.4872191903333758
00025,/Users/nikko/Downloads/moi-main/project_root/data/temp_frames/video8/frame_00025.png,"[318, 209, 674, 1289]",RIGHT_HIP,0.02429324240944975,0.3135332381641154,0.9997912049293518,0.5789332762360573,0.35223790258169174,0.4872191903333758
00025,/Users/nikko/Downloads/moi-main/project_root/data/temp_frames/video8/frame_00025.png,"[318, 209, 674, 1289]",LEFT_ELBOW,-0.9380969410023259,-0.2583108902479966,0.916791558265686,0.5789332762360573,0.35223790258169174,0.4872191903333758
00025,/Users/nikko/Downloads/moi-main/project_root/data/temp_frames/video8/frame_00025.png,"[318, 209, 674, 1289]",LEFT_WRIST,-0.7716192809344602,-0.5213630349624969,0.8395142555236816,0.5789332762360573,0.35223790258169174,0.4872191903333758
00025,/Users/nikko/Downloads/moi-main/project_root/data/temp_frames/video8/frame_00025.png,"[318, 209, 674, 1289]",LEFT_KNEE,-0.6850020469371296,0.7246174501691265,0.6863186955451965,0.5789332762360573,0.35223790258169174,0.4872191903333758
00025,/Users/nikko/Downloads/moi-main/project_root/data/temp_frames/video8/frame_00025.png,"[318, 209, 674, 1289]",LEFT_ANKLE,-0.7650831831764942,1.1538314282268451,0.5910245180130005,0.5789332762360573,0.35223790258169174,0.4872191903333758
00025,/Users/nikko/Downloads/moi-main/project_root/data/temp_frames/video8/frame_00025.png,"[318, 209, 674, 1289]",LEFT_EYE,0.1208755107099286,-0.5489956789598438,0.9995542168617249,0.5789332762360573,0.35223790258169174,0.4872191903333758
00025,/Users/nikko/Downloads/moi-main/project_root/data/temp_frames/video8/frame_00025.png,"[318, 209, 674, 1289]",RIGHT_EYE,0.32790247484264506,-0.5457519291495416,0.9996746778488159,0.5789332762360573,0.35223790258169174,0.4872191903333758
00026,/Users/nikko/Downloads/moi-main/project_root/data/temp_frames/video8/frame_00026.png,"[319, 195, 675, 1248]",LEFT_SHOULDER,-0.2933328749723236,-0.3184919342401643,0.9998966455459595,0.5831814780831337,0.3565894179046154,0.48252205325901054
00026,/Users/nikko/Downloads/moi-main/project_root/data/temp_frames/video8/frame_00026.png,"[319, 195, 675, 1248]",RIGHT_SHOULDER,0.7160585085805452,-0.28015341572146185,0.9997782111167908,0.5831814780831337,0.3565894179046154,0.48252205325901054
00026,/Users/nikko/Downloads/moi-main/project_root/data/temp_frames/video8/frame_00026.png,"[319, 195, 675, 1248]",LEFT_HIP,-0.44698631745037537,0.2861411389272777,0.9995492100715637,0.5831814780831337,0.3565894179046154,0.48252205325901054
00026,/Users/nikko/Downloads/moi-main/project_root/data/temp_frames/video8/frame_00026.png,"[319, 195, 675, 1248]",RIGHT_HIP,0.02426068384215376,0.3125042110343484,0.999575674533844,0.5831814780831337,0.3565894179046154,0.48252205325901054
00026,/Users/nikko/Downloads/moi-main/project_root/data/temp_frames/video8/frame_00026.png,"[319, 195, 675, 1248]",LEFT_ELBOW,-0.9781729012040081,-0.23495011475037117,0.546758234500885,0.5831814780831337,0.3565894179046154,0.48252205325901054
00026,/Users/nikko/Downloads/moi-main/project_root/data/temp_frames/video8/frame_00026.png,"[319, 195, 675, 1248]",LEFT_EYE,0.09668053789415428,-0.5524497619376297,0.9992451667785645,0.5831814780831337,0.3565894179046154,0.48252205325901054
00026,/Users/nikko/Downloads/moi-main/project_root/data/temp_frames/video8/frame_00026.png,"[319, 195, 675, 1248]",RIGHT_EYE,0.29828190346400285,-0.5451885958314545,0.9996932744979858,0.5831814780831337,0.3565894179046154,0.48252205325901054
00027,/Users/nikko/Downloads/moi-main/project_root/data/temp_frames/video8/frame_00027.png,"[320, 195, 675, 1248]",LEFT_SHOULDER,-0.29806263386413256,-0.3217563749766282,0.9998881816864014,0.5825568810105324,0.35772397369146347,0.4791592619502192
00027,/Users/nikko/Downloads/moi-main/project_root/data/temp_frames/video8/frame_00027.png,"[320, 195, 675, 1248]",RIGHT_SHOULDER,0.7173606407858772,-0.28453302043672035,0.9998788833618164,0.5825568810105324,0.35772397369146347,0.4791592619502192
00027,/Users/nikko/Downloads/moi-main/project_root/data/temp_frames/video8/frame_00027.png,"[320, 195, 675, 1248]",LEFT_HIP,-0.43573326729155076,0.28921018107869734,0.9997101426124573,0.5825568810105324,0.35772397369146347,0.4791592619502192
00027,/Users/nikko/Downloads/moi-main/project_root/data/temp_frames/video8/frame_00027.png,"[320, 195, 675, 1248]",RIGHT_HIP,0.016435260369806044,0.3170792143346512,0.9997928738594055,0.5825568810105324,0.35772397369146347,0.4791592619502192
00027,/Users/nikko/Downloads/moi-main/project_root/data/temp_frames/video8/frame_00027.png,"[320, 195, 675, 1248]",LEFT_EYE,0.09328352434673484,-0.5566100273493694,0.9996399879455566,0.5825568810105324,0.35772397369146347,0.4791592619502192
00027,/Users/nikko/Downloads/moi-main/project_root/data/temp_frames/video8/frame_00027.png,"[320, 195, 675, 1248]",RIGHT_EYE,0.30288256797721497,-0.549588144421572,0.9998908042907715,0.5825568810105324,0.35772397369146347,0.4791592619502192
00028,/Users/nikko/Downloads/moi-main/project_root/data/temp_frames/video8/frame_00028.png,"[317, 174, 675, 1245]",LEFT_SHOULDER,-0.28860364151913553,-0.31861949395102485,0.9999196529388428,0.5815766379237175,0.3559759557247162,0.4874005836242533
00028,/Users/nikko/Downloads/moi-main/project_root/data/temp_frames/video8/frame_00028.png,"[317, 174, 675, 1245]",RIGHT_SHOULDER,0.7134821675763724,-0.27110343487504796,0.9994882345199585,0.5815766379237175,0.3559759557247162,0.4874005836242533
00028,/Users/nikko/Downloads/moi-main/project_root/data/temp_frames/video8/frame_00028.png,"[317, 174, 675, 1245]",LEFT_HIP,-0.45775081821915264,0.28046721674694014,0.9995144605636597,0.5815766379237175,0.3559759557247162,0.4874005836242533
00028,/Users/nikko/Downloads/moi-main/project_root/data/temp_frames/video8/frame_00028.png,"[317, 174, 675, 1245]",RIGHT_HIP,0.032872292161915735,0.30925571207913266,0.999373733997345,0.5815766379237175,0.3559759557247162,0.4874005836242533
00028,/Users/nikko/Downloads/moi-main/project_root/data/temp_frames/video8/frame_00028.png,"[317, 174, 675, 1245]",LEFT_ELBOW,-0.9532099824728654,-0.190015503389461,0.7470449209213257,0.5815766379237175,0.3559759557247162,0.4874005836242533
00028,/Users/nikko/Downloads/moi-main/project_root/data/temp_frames/video8/frame_00028.png,"[317, 174, 675, 1245]",LEFT_WRIST,-0.7840956408732973,-0.46525658893914923,0.643605649471283,0.5815766379237175,0.3559759557247162,0.4874005836242533
00028,/Users/nikko/Downloads/moi-main/project_root/data/temp_frames/video8/frame_00028.png,"[317, 174, 675, 1245]",LEFT_EYE,0.0793792680671115,-0.5276966903326937,0.9989166259765625,0.5815766379237175,0.3559759557247162,0.4874005836242533
00028,/Users/nikko/Downloads/moi-main/project_root/data/temp_frames/video8/frame_00028.png,"[317, 174, 675, 1245]",RIGHT_EYE,0.2843786445856659,-0.5195419525016819,0.9993070363998413,0.5815766379237175,0.3559759557247162,0.4874005836242533
00029,/Users/nikko/Downloads/moi-main/project_root/data/temp_frames/video8/frame_00029.png,"[315, 158, 677, 1233]",LEFT_SHOULDER,-0.2743974252092495,-0.3361705451992212,0.9999333620071411,0.5773614645004272,0.35562774538993835,0.4699488033628168
00029,/Users/nikko/Downloads/moi-main/project_root/data/temp_frames/video8/frame_00029.png,"[315, 158, 677, 1233]",RIGHT_SHOULDER,0.7015344404053242,-0.28177379622746285,0.9996763467788696,0.5773614645004272,0.35562774538993835,0.4699488033628168
00029,/Users/nikko/Downloads/moi-main/project_root/data/temp_frames/video8/frame_00029.png,"[315, 158, 677, 1233]",LEFT_HIP,-0.4422141940227315,0.29678445156057953,0.9995342493057251,0.5773614645004272,0.35562774538993835,0.4699488033628168
00029,/Users/nikko/Downloads/moi-main/project_root/data/temp_frames/video8/frame_00029.png,"[315, 158, 677, 1233]",RIGHT_HIP,0.015077178826656799,0.3211598898661045,0.9993625283241272,0.5773614645004272,0.35562774538993835,0.4699488033628168
00029,/Users/nikko/Downloads/moi-main/project_root/data/temp_frames/video8/frame_00029.png,"[315, 158, 677, 1233]",LEFT_ELBOW,-0.9383658141728828,-0.1762604328691408,0.9018625617027283,0.5773614645004272,0.35562774538993835,0.4699488033628168
00029,/Users/nikko/Downloads/moi-main/project_root/data/temp_frames/video8/frame_00029.png,"[315, 158, 677, 1233]",LEFT_WRIST,-0.7875000749476115,-0.45143216871339964,0.676607072353363,0.5773614645004272,0.35562774538993835,0.4699488033628168
00029,/Users/nikko/Downloads/moi-main/project_root/data/temp_frames/video8/frame_00029.png,"[315, 158, 677, 1233]",LEFT_KNEE,-0.7064844795602471,0.7648065268555511,0.5108001232147217,0.5773614645004272,0.35562774538993835,0.4699488033628168
00029,/Users/nikko/Downloads/moi-main/project_root/data/temp_frames/video8/frame_00029.png,"[315, 158, 677, 1233]",LEFT_ANKLE,-0.7778148186914998,1.1920080996459288,0.5315805673599243,0.5773614645004272,0.35562774538993835,0.4699488033628168
00029,/Users/nikko/Downloads/moi-main/project_root/data/temp_frames/video8/frame_00029.png,"[315, 158, 677, 1233]",LEFT_EYE,0.10563918090949805,-0.5548606483686728,0.9990469813346863,0.5773614645004272,0.35562774538993835,0.4699488033628168
00029,/Users/nikko/Downloads/moi-main/project_root/data/temp_frames/video8/frame_00029.png,"[315, 158, 677, 1233]",RIGHT_EYE,0.2911065540671373,-0.5446170925832438,0.9995253086090088,0.5773614645004272,0.35562774538993835,0.4699488033628168
00030,/Users/nikko/Downloads/moi-main/project_root/data/temp_frames/video8/frame_00030.png,"[315, 157, 678, 1234]",LEFT_SHOULDER,-0.2728202422968214,-0.3333302894106961,0.9999334812164307,0.5770979449152946,0.35543566942214966,0.4704592869888208
00030,/Users/nikko/Downloads/moi-main/project_root/data/temp_frames/video8/frame_00030.png,"[315, 157, 678, 1234]",RIGHT_SHOULDER,0.7056765726188163,-0.2805636412115332,0.9996894598007202,0.5770979449152946,0.35543566942214966,0.4704592869888208
00030,/Users/nikko/Downloads/moi-main/project_root/data/temp_frames/video8/frame_00030.png,"[315, 157, 678, 1234]",LEFT_HIP,-0.4458980334919774,0.29397400979106864,0.999568521976471,0.5770979449152946,0.35543566942214966,0.4704592869888208
00030,/Users/nikko/Downloads/moi-main/project_root/data/temp_frames/video8/frame_00030.png,"[315, 157, 678, 1234]",RIGHT_HIP,0.013041703169982386,0.3199199208311606,0.9994246959686279,0.5770979449152946,0.35543566942214966,0.4704592869888208
00030,/Users/nikko/Downloads/moi-main/project_root/data/temp_frames/video8/frame_00030.png,"[315, 157, 678, 1234]",LEFT_ELBOW,-0.9450855045570064,-0.17515621588477956,0.8570524454116821,0.5770979449152946,0.35543566942214966,0.4704592869888208
00030,/Users/nikko/Downloads/moi-main/project_root/data/temp_frames/video8/frame_00030.png,"[315, 157, 678, 1234]",LEFT_WRIST,-0.7878113110045263,-0.45180667308032785,0.642564058303833,0.5770979449152946,0.35543566942214966,0.4704592869888208
00030,/Users/nikko/Downloads/moi-main/project_root/data/temp_frames/video8/frame_00030.png,"[315, 157, 678, 1234]",LEFT_EYE,0.1072344404465222,-0.558276416677085,0.9988406300544739,0.5770979449152946,0.35543566942214966,0.4704592869888208
00030,/Users/nikko/Downloads/moi-main/project_root/data/temp_frames/video8/frame_00030.png,"[315, 157, 678, 1234]",RIGHT_EYE,0.2968437847040678,-0.5489112478725462,0.9994233846664429,0.5770979449152946,0.35543566942214966,0.4704592869888208
00031,/Users/nikko/Downloads/moi-main/project_root/data/temp_frames/video8/frame_00031.png,"[314, 139, 678, 1206]",LEFT_SHOULDER,-0.29948996514010295,-0.3277184085328492,0.9999319314956665,0.575851559638977,0.3656119331717491,0.47074350430488066
00031,/Users/nikko/Downloads/moi-main/project_root/data/temp_frames/video8/frame_00031.png,"[314, 139, 678, 1206]",RIGHT_SHOULDER,0.7010481677920214,-0.28616931442755267,0.9996163845062256,0.575851559638977,0.3656119331717491,0.47074350430488066
00031,/Users/nikko/Downloads/moi-main/project_root/data/temp_frames/video8/frame_00031.png,"[314, 139, 678, 1206]",LEFT_HIP,-0.43246441295578364,0.2948710795552842,0.9997178912162781,0.575851559638977,0.3656119331717491,0.47074350430488066
00031,/Users/nikko/Downloads/moi-main/project_root/data/temp_frames/video8/frame_00031.png,"[314, 139, 678, 1206]",RIGHT_HIP,0.030906210303865166,0.31901664340511776,0.9996469020843506,0.575851559638977,0.3656119331717491,0.47074350430488066
00031,/Users/nikko/Downloads/moi-main/project_root/data/temp_frames/video8/frame_00031.png,"[314, 139, 678, 1206]",LEFT_ELBOW,-0.9416954130760301,-0.1452680358674099,0.6200914978981018,0.575851559638977,0.3656119331717491,0.47074350430488066
00031,/Users/nikko/Downloads/moi-main/project_root/data/temp_frames/video8/frame_00031.png,"[314, 139, 678, 1206]",LEFT_EYE,0.11372989048898086,-0.5696684590295624,0.9985664486885071,0.575851559638977,0.3656119331717491,0.47074350430488066
00031,/Users/nikko/Downloads/moi-main/project_root/data/temp_frames/video8/frame_00031.png,"[314, 139, 678, 1206]",RIGHT_EYE,0.2846158212181037,-0.5602153263111086,0.9992111921310425,0.575851559638977,0.3656119331717491,0.47074350430488066
00032,/Users/nikko/Downloads/moi-main/project_root/data/temp_frames/video8/frame_00032.png,"[314, 139, 678, 1206]",LEFT_SHOULDER,-0.29920606303048514,-0.3274215744291791,0.9999334812164307,0.5757515579462051,0.3656465709209442,0.4709632207161553
00032,/Users/nikko/Downloads/moi-main/project_root/data/temp_frames/video8/frame_00032.png,"[314, 139, 678, 1206]",RIGHT_SHOULDER,0.7009569852347243,-0.28636601741823586,0.9996219873428345,0.5757515579462051,0.3656465709209442,0.4709632207161553
00032,/Users/nikko/Downloads/moi-main/project_root/data/temp_frames/video8/frame_00032.png,"[314, 139, 678, 1206]",LEFT_HIP,-0.43288934586380046,0.29489346942473277,0.9996871948242188,0.5757515579462051,0.3656465709209442,0.4709632207161553
00032,/Users/nikko/Downloads/moi-main/project_root/data/temp_frames/video8/frame_00032.png,"[314, 139, 678, 1206]",RIGHT_HIP,0.03113842365956134,0.31889412242268217,0.9996079802513123,0.5757515579462051,0.3656465709209442,0.4709632207161553
00032,/Users/nikko/Downloads/moi-main/project_root/data/temp_frames/video8/frame_00032.png,"[314, 139, 678, 1206]",LEFT_ELBOW,-0.9404643347903243,-0.1452633068190745,0.6266287565231323,0.5757515579462051,0.3656465709209442,0.4709632207161553
00032,/Users/nikko/Downloads/moi-main/project_root/data/temp_frames/video8/frame_00032.png,"[314, 139, 678, 1206]",LEFT_EYE,0.11316081980678232,-0.5692555375919792,0.9986555576324463,0.5757515579462051,0.3656465709209442,0.4709632207161553
00032,/Users/nikko/Downloads/moi-main/project_root/data/temp_frames/video8/frame_00032.png,"[314, 139, 678, 1206]",RIGHT_EYE,0.28382983788990634,-0.5600049273317896,0.9992628693580627,0.5757515579462051,0.3656465709209442,0.4709632207161553
00033,/Users/nikko/Downloads/moi-main/project_root/data/temp_frames/video8/frame_00033.png,"[314, 133, 679, 1185]",LEFT_SHOULDER,-0.2726495800050626,-0.3314413632166073,0.9998767375946045,0.570642776787281,0.3681615963578224,0.48144802343450765
00033,/Users/nikko/Downloads/moi-main/project_root/data/temp_frames/video8/frame_00033.png,"[314, 133, 679, 1185]",RIGHT_SHOULDER,0.6957807534914874,-0.2818506399019693,0.9995343685150146,0.570642776787281,0.3681615963578224,0.48144802343450765
00033,/Users/nikko/Downloads/moi-main/project_root/data/temp_frames/video8/frame_00033.png,"[314, 133, 679, 1185]",LEFT_HIP,-0.4509610516987956,0.2939238953222126,0.9993696808815002,0.570642776787281,0.3681615963578224,0.48144802343450765
00033,/Users/nikko/Downloads/moi-main/project_root/data/temp_frames/video8/frame_00033.png,"[314, 133, 679, 1185]",RIGHT_HIP,0.027829878212370845,0.319368107796364,0.9991552829742432,0.570642776787281,0.3681615963578224,0.48144802343450765
00033,/Users/nikko/Downloads/moi-main/project_root/data/temp_frames/video8/frame_00033.png,"[314, 133, 679, 1185]",LEFT_ELBOW,-0.891679938780631,-0.12268296001711144,0.8673354387283325,0.570642776787281,0.3681615963578224,0.48144802343450765
00033,/Users/nikko/Downloads/moi-main/project_root/data/temp_frames/video8/frame_00033.png,"[314, 133, 679, 1185]",LEFT_WRIST,-0.7435672047985292,-0.4015708271244476,0.5465261340141296,0.570642776787281,0.3681615963578224,0.48144802343450765
00033,/Users/nikko/Downloads/moi-main/project_root/data/temp_frames/video8/frame_00033.png,"[314, 133, 679, 1185]",LEFT_KNEE,-0.7179119393898243,0.7337754195300302,0.5039739012718201,0.570642776787281,0.3681615963578224,0.48144802343450765
00033,/Users/nikko/Downloads/moi-main/project_root/data/temp_frames/video8/frame_00033.png,"[314, 133, 679, 1185]",LEFT_EYE,0.09117126196867212,-0.5599350264137621,0.9967796206474304,0.570642776787281,0.3681615963578224,0.48144802343450765
00033,/Users/nikko/Downloads/moi-main/project_root/data/temp_frames/video8/frame_00033.png,"[314, 133, 679, 1185]",RIGHT_EYE,0.26904589525233197,-0.5529033486494642,0.9984982013702393,0.570642776787281,0.3681615963578224,0.48144802343450765
00034,/Users/nikko/Downloads/moi-main/project_root/data/temp_frames/video8/frame_00034.png,"[314, 122, 681, 1161]",LEFT_SHOULDER,-0.29543840078310835,-0.3303382961695635,0.9999337196350098,0.5714223682880402,0.3726496696472168,0.4797206259204227
00034,/Users/nikko/Downloads/moi-main/project_root/data/temp_frames/video8/frame_00034.png,"[314, 122, 681, 1161]",RIGHT_SHOULDER,0.7099560336037904,-0.2798133242162738,0.9996024966239929,0.5714223682880402,0.3726496696472168,0.4797206259204227
00034,/Users/nikko/Downloads/moi-main/project_root/data/temp_frames/video8/frame_00034.png,"[314, 122, 681, 1161]",LEFT_HIP,-0.4341686144573824,0.29209878318480004,0.9995817542076111,0.5714223682880402,0.3726496696472168,0.4797206259204227
00034,/Users/nikko/Downloads/moi-main/project_root/data/temp_frames/video8/frame_00034.png,"[314, 122, 681, 1161]",RIGHT_HIP,0.019650981636700336,0.3180528372010373,0.9993993043899536,0.5714223682880402,0.3726496696472168,0.4797206259204227
00034,/Users/nikko/Downloads/moi-main/project_root/data/temp_frames/video8/frame_00034.png,"[314, 122, 681, 1161]",LEFT_ELBOW,-0.8759659102440702,-0.10796326357797012,0.9040828943252563,0.5714223682880402,0.3726496696472168,0.4797206259204227
00034,/Users/nikko/Downloads/moi-main/project_root/data/temp_frames/video8/frame_00034.png,"[314, 122, 681, 1161]",LEFT_WRIST,-0.752496538190877,-0.375522284177124,0.6643279194831848,0.5714223682880402,0.3726496696472168,0.4797206259204227
00034,/Users/nikko/Downloads/moi-main/project_root/data/temp_frames/video8/frame_00034.png,"[314, 122, 681, 1161]",LEFT_KNEE,-0.7147141981492828,0.7609503548688947,0.5479275584220886,0.5714223682880402,0.3726496696472168,0.4797206259204227
00034,/Users/nikko/Downloads/moi-main/project_root/data/temp_frames/video8/frame_00034.png,"[314, 122, 681, 1161]",LEFT_EYE,0.09552081642798055,-0.5726496474447355,0.9984956979751587,0.5714223682880402,0.3726496696472168,0.4797206259204227
00034,/Users/nikko/Downloads/moi-main/project_root/data/temp_frames/video8/frame_00034.png,"[314, 122, 681, 1161]",RIGHT_EYE,0.25896570373851807,-0.5657946625190488,0.9991406202316284,0.5714223682880402,0.3726496696472168,0.4797206259204227
00035,/Users/nikko/Downloads/moi-main/project_root/data/temp_frames/video8/frame_00035.png,"[314, 122, 681, 1158]",LEFT_SHOULDER,-0.2947124389025015,-0.3329617151277112,0.9999645948410034,0.573827400803566,0.37078119441866875,0.4846224944343498
00035,/Users/nikko/Downloads/moi-main/project_root/data/temp_frames/video8/frame_00035.png,"[314, 122, 681, 1158]",RIGHT_SHOULDER,0.702026582260065,-0.27470140195949877,0.999648928642273,0.573827400803566,0.37078119441866875,0.4846224944343498
00035,/Users/nikko/Downloads/moi-main/project_root/data/temp_frames/video8/frame_00035.png,"[314, 122, 681, 1158]",LEFT_HIP,-0.4383892478373228,0.29045286787366337,0.9995496869087219,0.573827400803566,0.37078119441866875,0.4846224944343498
00035,/Users/nikko/Downloads/moi-main/project_root/data/temp_frames/video8/frame_00035.png,"[314, 122, 681, 1158]",RIGHT_HIP,0.031075104479759325,0.31721024921354657,0.9992259740829468,0.573827400803566,0.37078119441866875,0.4846224944343498
00035,/Users/nikko/Downloads/moi-main/project_root/data/temp_frames/video8/frame_00035.png,"[314, 122, 681, 1158]",LEFT_ELBOW,-0.8802248211532833,-0.10066766903798606,0.923588216304779,0.573827400803566,0.37078119441866875,0.4846224944343498
00035,/Users/nikko/Downloads/moi-main/project_root/data/temp_frames/video8/frame_00035.png,"[314, 122, 681, 1158]",LEFT_WRIST,-0.7387529803795442,-0.3635834099422404,0.7888506650924683,0.573827400803566,0.37078119441866875,0.4846224944343498
00035,/Users/nikko/Downloads/moi-main/project_root/data/temp_frames/video8/frame_00035.png,"[314, 122, 681, 1158]",LEFT_EYE,0.08166880936779486,-0.5623466182666981,0.999219536781311,0.573827400803566,0.37078119441866875,0.4846224944343498
00035,/Users/nikko/Downloads/moi-main/project_root/data/temp_frames/video8/frame_00035.png,"[314, 122, 681, 1158]",RIGHT_EYE,0.24701986711725957,-0.5565204455091838,0.9994747042655945,0.573827400803566,0.37078119441866875,0.4846224944343498
00036,/Users/nikko/Downloads/moi-main/project_root/data/temp_frames/video8/frame_00036.png,"[313, 105, 683, 1121]",LEFT_SHOULDER,-0.27697396437243915,-0.33994343139195904,0.9999654293060303,0.57570431381464,0.38560541719198227,0.4761551717827836
00036,/Users/nikko/Downloads/moi-main/project_root/data/temp_frames/video8/frame_00036.png,"[313, 105, 683, 1121]",RIGHT_SHOULDER,0.6909448814098895,-0.28401888397205927,0.999643087387085,0.57570431381464,0.38560541719198227,0.4761551717827836
00036,/Users/nikko/Downloads/moi-main/project_root/data/temp_frames/video8/frame_00036.png,"[313, 105, 683, 1121]",LEFT_HIP,-0.4378737754782066,0.2996677967538394,0.999521017074585,0.57570431381464,0.38560541719198227,0.4761551717827836
00036,/Users/nikko/Downloads/moi-main/project_root/data/temp_frames/video8/frame_00036.png,"[313, 105, 683, 1121]",RIGHT_HIP,0.023902858440756257,0.3242945186101789,0.9992958307266235,0.57570431381464,0.38560541719198227,0.4761551717827836
00036,/Users/nikko/Downloads/moi-main/project_root/data/temp_frames/video8/frame_00036.png,"[313, 105, 683, 1121]",LEFT_ELBOW,-0.8907191043340046,-0.08141060770213608,0.8401749730110168,0.57570431381464,0.38560541719198227,0.4761551717827836
00036,/Users/nikko/Downloads/moi-main/project_root/data/temp_frames/video8/frame_00036.png,"[313, 105, 683, 1121]",LEFT_WRIST,-0.7414580643383608,-0.36876856418815696,0.7656696438789368,0.57570431381464,0.38560541719198227,0.4761551717827836
00036,/Users/nikko/Downloads/moi-main/project_root/data/temp_frames/video8/frame_00036.png,"[313, 105, 683, 1121]",LEFT_EYE,0.060731531884374586,-0.571957248699887,0.9991508722305298,0.57570431381464,0.38560541719198227,0.4761551717827836
00036,/Users/nikko/Downloads/moi-main/project_root/data/temp_frames/video8/frame_00036.png,"[313, 105, 683, 1121]",RIGHT_EYE,0.22879327369245628,-0.5651502162083517,0.9993858337402344,0.57570431381464,0.38560541719198227,0.4761551717827836
00037,/Users/nikko/Downloads/moi-main/project_root/data/temp_frames/video8/frame_00037.png,"[310, 96, 684, 1107]",LEFT_SHOULDER,-0.2772804795830869,-0.34300458351286744,0.9999517202377319,0.5801163464784622,0.3931468017399311,0.47408563159046724
00037,/Users/nikko/Downloads/moi-main/project_root/data/temp_frames/video8/frame_00037.png,"[310, 96, 684, 1107]",RIGHT_SHOULDER,0.6978344815856581,-0.2766575176751696,0.9995675683021545,0.5801163464784622,0.3931468017399311,0.47408563159046724
00037,/Users/nikko/Downloads/moi-main/project_root/data/temp_frames/video8/frame_00037.png,"[310, 96, 684, 1107]",LEFT_HIP,-0.43747812922074153,0.2965612916814021,0.9988641738891602,0.5801163464784622,0.3931468017399311,0.47408563159046724
00037,/Users/nikko/Downloads/moi-main/project_root/data/temp_frames/video8/frame_00037.png,"[310, 96, 684, 1107]",RIGHT_HIP,0.01692412721817031,0.323100809506635,0.9984801411628723,0.5801163464784622,0.3931468017399311,0.47408563159046724
00037,/Users/nikko/Downloads/moi-main/project_root/data/temp_frames/video8/frame_00037.png,"[310, 96, 684, 1107]",LEFT_ELBOW,-0.8677405901187918,-0.08467156276910445,0.8966159820556641,0.5801163464784622,0.3931468017399311,0.47408563159046724
00037,/Users/nikko/Downloads/moi-main/project_root/data/temp_frames/video8/frame_00037.png,"[310, 96, 684, 1107]",LEFT_WRIST,-0.7316636571800302,-0.35235547913613235,0.6552760601043701,0.5801163464784622,0.3931468017399311,0.47408563159046724
00037,/Users/nikko/Downloads/moi-main/project_root/data/temp_frames/video8/frame_00037.png,"[310, 96, 684, 1107]",LEFT_EYE,0.0902611841374819,-0.570237598857821,0.9994082450866699,0.5801163464784622,0.3931468017399311,0.47408563159046724
00037,/Users/nikko/Downloads/moi-main/project_root/data/temp_frames/video8/frame_00037.png,"[310, 96, 684, 1107]",RIGHT_EYE,0.25556592859954297,-0.5661112413752978,0.9995911717414856,0.5801163464784622,0.3931468017399311,0.47408563159046724
00038,/Users/nikko/Downloads/moi-main/project_root/data/temp_frames/video8/frame_00038.png,"[308, 91, 686, 1131]",LEFT_SHOULDER,-0.2726417429366977,-0.33802749003928456,0.9999606609344482,0.5775464922189713,0.3880409710109234,0.47353148844494813
00038,/Users/nikko/Downloads/moi-main/project_root/data/temp_frames/video8/frame_00038.png,"[308, 91, 686, 1131]",RIGHT_SHOULDER,0.7040951023755211,-0.27682076868654515,0.9997074007987976,0.5775464922189713,0.3880409710109234,0.47353148844494813
00038,/Users/nikko/Downloads/moi-main/project_root/data/temp_frames/video8/frame_00038.png,"[308, 91, 686, 1131]",LEFT_HIP,-0.4439349819362436,0.29407137399387945,0.9995750784873962,0.5775464922189713,0.3880409710109234,0.47353148844494813
00038,/Users/nikko/Downloads/moi-main/project_root/data/temp_frames/video8/frame_00038.png,"[308, 91, 686, 1131]",RIGHT_HIP,0.012481622497420153,0.32077688473195026,0.9993268251419067,0.5775464922189713,0.3880409710109234,0.47353148844494813
00038,/Users/nikko/Downloads/moi-main/project_root/data/temp_frames/video8/frame_00038.png,"[308, 91, 686, 1131]",LEFT_ELBOW,-0.8374663222831858,-0.08381532248547298,0.9494687914848328,0.5775464922189713,0.3880409710109234,0.47353148844494813
00038,/Users/nikko/Downloads/moi-main/project_root/data/temp_frames/video8/frame_00038.png,"[308, 91, 686, 1131]",LEFT_WRIST,-0.746733505260053,-0.3449048233470416,0.7902530431747437,0.5775464922189713,0.3880409710109234,0.47353148844494813
00038,/Users/nikko/Downloads/moi-main/project_root/data/temp_frames/video8/frame_00038.png,"[308, 91, 686, 1131]",LEFT_KNEE,-0.7609980188858589,0.7394921247605718,0.6114023923873901,0.5775464922189713,0.3880409710109234,0.47353148844494813
00038,/Users/nikko/Downloads/moi-main/project_root/data/temp_frames/video8/frame_00038.png,"[308, 91, 686, 1131]",LEFT_ANKLE,-0.8691039939370755,1.1316035591206983,0.5497312545776367,0.5775464922189713,0.3880409710109234,0.47353148844494813
00038,/Users/nikko/Downloads/moi-main/project_root/data/temp_frames/video8/frame_00038.png,"[308, 91, 686, 1131]",LEFT_EYE,0.10025058008891793,-0.5682245952417943,0.9991886019706726,0.5775464922189713,0.3880409710109234,0.47353148844494813
00038,/Users/nikko/Downloads/moi-main/project_root/data/temp_frames/video8/frame_00038.png,"[308, 91, 686, 1131]",RIGHT_EYE,0.2704006440366256,-0.5621560878632763,0.9995330572128296,0.5775464922189713,0.3880409710109234,0.47353148844494813
00039,/Users/nikko/Downloads/moi-main/project_root/data/temp_frames/video8/frame_00039.png,"[309, 91, 686, 1129]",LEFT_SHOULDER,-0.27089769354084897,-0.33906691071200645,0.9999659061431885,0.5777809992432594,0.3878713436424732,0.47233873528772363
00039,/Users/nikko/Downloads/moi-main/project_root/data/temp_frames/video8/frame_00039.png,"[309, 91, 686, 1129]",RIGHT_SHOULDER,0.7026170746641871,-0.27594281200342735,0.9997783303260803,0.5777809992432594,0.3878713436424732,0.47233873528772363
00039,/Users/nikko/Downloads/moi-main/project_root/data/temp_frames/video8/frame_00039.png,"[309, 91, 686, 1129]",LEFT_HIP,-0.44514192966512517,0.29438957082507683,0.9994863271713257,0.5777809992432594,0.3878713436424732,0.47233873528772363
00039,/Users/nikko/Downloads/moi-main/project_root/data/temp_frames/video8/frame_00039.png,"[309, 91, 686, 1129]",RIGHT_HIP,0.013422548541787031,0.32062015189035703,0.9992002844810486,0.5777809992432594,0.3878713436424732,0.47233873528772363
00039,/Users/nikko/Downloads/moi-main/project_root/data/temp_frames/video8/frame_00039.png,"[309, 91, 686, 1129]",LEFT_ELBOW,-0.8402284395511987,-0.08508913445816012,0.9393821954727173,0.5777809992432594,0.3878713436424732,0.47233873528772363
00039,/Users/nikko/Downloads/moi-main/project_root/data/temp_frames/video8/frame_00039.png,"[309, 91, 686, 1129]",LEFT_WRIST,-0.7484208695132406,-0.3434173270025101,0.7640093564987183,0.5777809992432594,0.3878713436424732,0.47233873528772363
00039,/Users/nikko/Downloads/moi-main/project_root/data/temp_frames/video8/frame_00039.png,"[309, 91, 686, 1129]",LEFT_EYE,0.10147270283320535,-0.5676671061244362,0.9992554783821106,0.5777809992432594,0.3878713436424732,0.47233873528772363
00039,/Users/nikko/Downloads/moi-main/project_root/data/temp_frames/video8/frame_00039.png,"[309, 91, 686, 1129]",RIGHT_EYE,0.27016954300857116,-0.561220429598521,0.9996005892753601,0.5777809992432594,0.3878713436424732,0.47233873528772363
00040,/Users/nikko/Downloads/moi-main/project_root/data/temp_frames/video8/frame_00040.png,"[306, 100, 688, 1160]",LEFT_SHOULDER,-0.27258928856215986,-0.3389342978910632,0.999968409538269,0.5747270286083221,0.3709941916167736,0.47175857983196545
00040,/Users/nikko/Downloads/moi-main/project_root/data/temp_frames/video8/frame_00040.png,"[306, 100, 688, 1160]",RIGHT_SHOULDER,0.6980964239180234,-0.2721947663710261,0.9997988343238831,0.5747270286083221,0.3709941916167736,0.47175857983196545
00040,/Users/nikko/Downloads/moi-main/project_root/data/temp_frames/video8/frame_00040.png,"[306, 100, 688, 1160]",LEFT_HIP,-0.4480758167432029,0.2893154075039393,0.9997654557228088,0.5747270286083221,0.3709941916167736,0.47175857983196545
00040,/Users/nikko/Downloads/moi-main/project_root/data/temp_frames/video8/frame_00040.png,"[306, 100, 688, 1160]",RIGHT_HIP,0.022568681387339327,0.32181365675815,0.9996447563171387,0.5747270286083221,0.3709941916167736,0.47175857983196545
00040,/Users/nikko/Downloads/moi-main/project_root/data/temp_frames/video8/frame_00040.png,"[306, 100, 688, 1160]",LEFT_ELBOW,-0.8234837113409199,-0.08411470386303047,0.9458419680595398,0.5747270286083221,0.3709941916167736,0.47175857983196545
00040,/Users/nikko/Downloads/moi-main/project_root/data/temp_frames/video8/frame_00040.png,"[306, 100, 688, 1160]",LEFT_WRIST,-0.7220492219095526,-0.34203851577125394,0.7435724139213562,0.5747270286083221,0.3709941916167736,0.47175857983196545
00040,/Users/nikko/Downloads/moi-main/project_root/data/temp_frames/video8/frame_00040.png,"[306, 100, 688, 1160]",LEFT_KNEE,-0.7612036759104749,0.7239048999654333,0.6518999934196472,0.5747270286083221,0.3709941916167736,0.47175857983196545
00040,/Users/nikko/Downloads/moi-main/project_root/data/temp_frames/video8/frame_00040.png,"[306, 100, 688, 1160]",LEFT_ANKLE,-0.831718794512484,1.12785317154774,0.59367436170578,0.5747270286083221,0.3709941916167736,0.47175857983196545
00040,/Users/nikko/Downloads/moi-main/project_root/data/temp_frames/video8/frame_00040.png,"[306, 100, 688, 1160]",LEFT_EYE,0.10875473533211565,-0.5630650387295683,0.9994508624076843,0.5747270286083221,0.3709941916167736,0.47175857983196545
00040,/Users/nikko/Downloads/moi-main/project_root/data/temp_frames/video8/frame_00040.png,"[306, 100, 688, 1160]",RIGHT_EYE,0.2730898700305122,-0.5562817618445941,0.9997115731239319,0.5747270286083221,0.3709941916167736,0.47175857983196545
00041,/Users/nikko/Downloads/moi-main/project_root/data/temp_frames/video8/frame_00041.png,"[306, 101, 688, 1160]",LEFT_SHOULDER,-0.2845722711081367,-0.33403794308890955,0.999967098236084,0.5733244270086288,0.3689177632331848,0.46823261789965287
00041,/Users/nikko/Downloads/moi-main/project_root/data/temp_frames/video8/frame_00041.png,"[306, 101, 688, 1160]",RIGHT_SHOULDER,0.7068799503881852,-0.2731507952460504,0.9997742772102356,0.5733244270086288,0.3689177632331848,0.46823261789965287
00041,/Users/nikko/Downloads/moi-main/project_root/data/temp_frames/video8/frame_00041.png,"[306, 101, 688, 1160]",LEFT_HIP,-0.44217483900151244,0.2868083397819934,0.9998352527618408,0.5733244270086288,0.3689177632331848,0.46823261789965287
00041,/Users/nikko/Downloads/moi-main/project_root/data/temp_frames/video8/frame_00041.png,"[306, 101, 688, 1160]",RIGHT_HIP,0.019867159721464012,0.32038039855296657,0.9997442364692688,0.5733244270086288,0.3689177632331848,0.46823261789965287
00041,/Users/nikko/Downloads/moi-main/project_root/data/temp_frames/video8/frame_00041.png,"[306, 101, 688, 1160]",LEFT_ELBOW,-0.8305371290007459,-0.07985084836699148,0.9280611276626587,0.5733244270086288,0.3689177632331848,0.46823261789965287
00041,/Users/nikko/Downloads/moi-main/project_root/data/temp_frames/video8/frame_00041.png,"[306, 101, 688, 1160]",LEFT_WRIST,-0.7298881018972516,-0.336085484788058,0.6897911429405212,0.5733244270086288,0.3689177632331848,0.46823261789965287
00041,/Users/nikko/Downloads/moi-main/project_root/data/temp_frames/video8/frame_00041.png,"[306, 101, 688, 1160]",LEFT_KNEE,-0.7895687916693493,0.7308000581746384,0.5979894399642944,0.5733244270086288,0.3689177632331848,0.46823261789965287
00041,/Users/nikko/Downloads/moi-main/project_root/data/temp_frames/video8/frame_00041.png,"[306, 101, 688, 1160]",LEFT_ANKLE,-0.8723507189398825,1.145030992355909,0.5603776574134827,0.5733244270086288,0.3689177632331848,0.46823261789965287
00041,/Users/nikko/Downloads/moi-main/project_root/data/temp_frames/video8/frame_00041.png,"[306, 101, 688, 1160]",LEFT_EYE,0.1133051255151768,-0.5650906712474579,0.9991859793663025,0.5733244270086288,0.3689177632331848,0.46823261789965287
00041,/Users/nikko/Downloads/moi-main/project_root/data/temp_frames/video8/frame_00041.png,"[306, 101, 688, 1160]",RIGHT_EYE,0.2849998619981064,-0.5600475905861467,0.9995341300964355,0.5733244270086288,0.3689177632331848,0.46823261789965287
00042,/Users/nikko/Downloads/moi-main/project_root/data/temp_frames/video8/frame_00042.png,"[305, 102, 688, 1161]",LEFT_SHOULDER,-0.27217493240317175,-0.33389872357704015,0.9999707937240601,0.5739321857690811,0.37125325947999954,0.4716254960024795
00042,/Users/nikko/Downloads/moi-main/project_root/data/temp_frames/video8/frame_00042.png,"[305, 102, 688, 1161]",RIGHT_SHOULDER,0.7153025992353661,-0.27524623503423934,0.9997965693473816,0.5739321857690811,0.37125325947999954,0.4716254960024795
00042,/Users/nikko/Downloads/moi-main/project_root/data/temp_frames/video8/frame_00042.png,"[305, 102, 688, 1161]",LEFT_HIP,-0.4449630709022645,0.2875843045385447,0.9998061060905457,0.5739321857690811,0.37125325947999954,0.4716254960024795
00042,/Users/nikko/Downloads/moi-main/project_root/data/temp_frames/video8/frame_00042.png,"[305, 102, 688, 1161]",RIGHT_HIP,0.00183540407007015,0.32156065407273476,0.9996858835220337,0.5739321857690811,0.37125325947999954,0.4716254960024795
00042,/Users/nikko/Downloads/moi-main/project_root/data/temp_frames/video8/frame_00042.png,"[305, 102, 688, 1161]",LEFT_ELBOW,-0.8259507255363859,-0.08436237921804828,0.9248308539390564,0.5739321857690811,0.37125325947999954,0.4716254960024795
00042,/Users/nikko/Downloads/moi-main/project_root/data/temp_frames/video8/frame_00042.png,"[305, 102, 688, 1161]",LEFT_WRIST,-0.7328026814708001,-0.3539172060399991,0.7771115303039551,0.5739321857690811,0.37125325947999954,0.4716254960024795
00042,/Users/nikko/Downloads/moi-main/project_root/data/temp_frames/video8/frame_00042.png,"[305, 102, 688, 1161]",LEFT_KNEE,-0.7853215694193141,0.7229852080691617,0.5607798099517822,0.5739321857690811,0.37125325947999954,0.4716254960024795
00042,/Users/nikko/Downloads/moi-main/project_root/data/temp_frames/video8/frame_00042.png,"[305, 102, 688, 1161]",LEFT_ANKLE,-0.8864941627319838,1.1287409757052487,0.5838112831115723,0.5739321857690811,0.37125325947999954,0.4716254960024795
00042,/Users/nikko/Downloads/moi-main/project_root/data/temp_frames/video8/frame_00042.png,"[305, 102, 688, 1161]",LEFT_EYE,0.11228748137460534,-0.5722282216784044,0.9993249177932739,0.5739321857690811,0.37125325947999954,0.4716254960024795
00042,/Users/nikko/Downloads/moi-main/project_root/data/temp_frames/video8/frame_00042.png,"[305, 102, 688, 1161]",RIGHT_EYE,0.28782757274941223,-0.5671388150059256,0.9996262788772583,0.5739321857690811,0.37125325947999954,0.4716254960024795
00043,/Users/nikko/Downloads/moi-main/project_root/data/temp_frames/video8/frame_00043.png,"[303, 109, 688, 1162]",LEFT_SHOULDER,-0.2681636530007711,-0.3321078991072961,0.9999542236328125,0.5744428411126137,0.3692866079509258,0.47410166345478877
00043,/Users/nikko/Downloads/moi-main/project_root/data/temp_frames/video8/frame_00043.png,"[303, 109, 688, 1162]",RIGHT_SHOULDER,0.7155238269603762,-0.28034039069230904,0.9996740818023682,0.5744428411126137,0.3692866079509258,0.47410166345478877
00043,/Users/nikko/Downloads/moi-main/project_root/data/temp_frames/video8/frame_00043.png,"[303, 109, 688, 1162]",LEFT_HIP,-0.4448539683639587,0.2887228066275283,0.9998186230659485,0.5744428411126137,0.3692866079509258,0.47410166345478877
00043,/Users/nikko/Downloads/moi-main/project_root/data/temp_frames/video8/frame_00043.png,"[303, 109, 688, 1162]",RIGHT_HIP,-0.0025062055956463227,0.32372548317207683,0.999708354473114,0.5744428411126137,0.3692866079509258,0.47410166345478877
00043,/Users/nikko/Downloads/moi-main/project_root/data/temp_frames/video8/frame_00043.png,"[303, 109, 688, 1162]",LEFT_ELBOW,-0.8086784817663377,-0.09134253255424638,0.8993625640869141,0.5744428411126137,0.3692866079509258,0.47410166345478877
00043,/Users/nikko/Downloads/moi-main/project_root/data/temp_frames/video8/frame_00043.png,"[303, 109, 688, 1162]",LEFT_WRIST,-0.7102886063173439,-0.34783659945198386,0.7097167372703552,0.5744428411126137,0.3692866079509258,0.47410166345478877
00043,/Users/nikko/Downloads/moi-main/project_root/data/temp_frames/video8/frame_00043.png,"[303, 109, 688, 1162]",LEFT_KNEE,-0.7580041508856932,0.70942489360241,0.534596860408783,0.5744428411126137,0.3692866079509258,0.47410166345478877
00043,/Users/nikko/Downloads/moi-main/project_root/data/temp_frames/video8/frame_00043.png,"[303, 109, 688, 1162]",LEFT_ANKLE,-0.8835761194104531,1.1280801132144636,0.5765659809112549,0.5744428411126137,0.3692866079509258,0.47410166345478877
00043,/Users/nikko/Downloads/moi-main/project_root/data/temp_frames/video8/frame_00043.png,"[303, 109, 688, 1162]",LEFT_EYE,0.10341770320624467,-0.5735074349801017,0.9980185031890869,0.5744428411126137,0.3692866079509258,0.47410166345478877
00043,/Users/nikko/Downloads/moi-main/project_root/data/temp_frames/video8/frame_00043.png,"[303, 109, 688, 1162]",RIGHT_EYE,0.272935559477053,-0.5695974104033266,0.9987772107124329,0.5744428411126137,0.3692866079509258,0.47410166345478877
00044,/Users/nikko/Downloads/moi-main/project_root/data/temp_frames/video8/frame_00044.png,"[303, 108, 688, 1162]",LEFT_SHOULDER,-0.2665360705358947,-0.3330992482096459,0.9999536275863647,0.5751561298966408,0.3704555965960026,0.4719983321399607
00044,/Users/nikko/Downloads/moi-main/project_root/data/temp_frames/video8/frame_00044.png,"[303, 108, 688, 1162]",RIGHT_SHOULDER,0.7121663102244895,-0.2817677551077189,0.9996292591094971,0.5751561298966408,0.3704555965960026,0.4719983321399607
00044,/Users/nikko/Downloads/moi-main/project_root/data/temp_frames/video8/frame_00044.png,"[303, 108, 688, 1162]",LEFT_HIP,-0.4445531060769414,0.2896191636431746,0.9998382329940796,0.5751561298966408,0.3704555965960026,0.4719983321399607
00044,/Users/nikko/Downloads/moi-main/project_root/data/temp_frames/video8/frame_00044.png,"[303, 108, 688, 1162]",RIGHT_HIP,-0.001077133611653388,0.32524783967419024,0.9997302889823914,0.5751561298966408,0.3704555965960026,0.4719983321399607
00044,/Users/nikko/Downloads/moi-main/project_root/data/temp_frames/video8/frame_00044.png,"[303, 108, 688, 1162]",LEFT_ELBOW,-0.8200860153171922,-0.09248533875624015,0.9184353351593018,0.5751561298966408,0.3704555965960026,0.4719983321399607
00044,/Users/nikko/Downloads/moi-main/project_root/data/temp_frames/video8/frame_00044.png,"[303, 108, 688, 1162]",LEFT_WRIST,-0.7093385207633641,-0.3476671736800557,0.7230980396270752,0.5751561298966408,0.3704555965960026,0.4719983321399607
00044,/Users/nikko/Downloads/moi-main/project_root/data/temp_frames/video8/frame_00044.png,"[303, 108, 688, 1162]",LEFT_KNEE,-0.7613015475132392,0.7153123684612785,0.6433559656143188,0.5751561298966408,0.3704555965960026,0.4719983321399607
00044,/Users/nikko/Downloads/moi-main/project_root/data/temp_frames/video8/frame_00044.png,"[303, 108, 688, 1162]",LEFT_ANKLE,-0.9050145049670292,1.1298787863858917,0.6589770913124084,0.5751561298966408,0.3704555965960026,0.4719983321399607
00044,/Users/nikko/Downloads/moi-main/project_root/data/temp_frames/video8/frame_00044.png,"[303, 108, 688, 1162]",LEFT_EYE,0.0996718674422059,-0.5742277388815444,0.9980124235153198,0.5751561298966408,0.3704555965960026,0.4719983321399607
00044,/Users/nikko/Downloads/moi-main/project_root/data/temp_frames/video8/frame_00044.png,"[303, 108, 688, 1162]",RIGHT_EYE,0.26928417638737095,-0.5701337250876907,0.9987861514091492,0.5751561298966408,0.3704555965960026,0.4719983321399607
00045,/Users/nikko/Downloads/moi-main/project_root/data/temp_frames/video8/frame_00045.png,"[301, 121, 687, 1167]",LEFT_SHOULDER,-0.26839704824857674,-0.3401893867353938,0.9999479055404663,0.58180882781744,0.3633407801389694,0.4680425980153433
00045,/Users/nikko/Downloads/moi-main/project_root/data/temp_frames/video8/frame_00045.png,"[301, 121, 687, 1167]",RIGHT_SHOULDER,0.7080174182558597,-0.27545138957585724,0.9995884299278259,0.58180882781744,0.3633407801389694,0.4680425980153433
00045,/Users/nikko/Downloads/moi-main/project_root/data/temp_frames/video8/frame_00045.png,"[301, 121, 687, 1167]",LEFT_HIP,-0.4415685035914877,0.2894784098376697,0.9997125267982483,0.58180882781744,0.3633407801389694,0.4680425980153433
00045,/Users/nikko/Downloads/moi-main/project_root/data/temp_frames/video8/frame_00045.png,"[301, 121, 687, 1167]",RIGHT_HIP,0.0019481335842047526,0.3261623664735813,0.9995452761650085,0.58180882781744,0.3633407801389694,0.4680425980153433
00045,/Users/nikko/Downloads/moi-main/project_root/data/temp_frames/video8/frame_00045.png,"[301, 121, 687, 1167]",LEFT_ELBOW,-0.839398645545403,-0.09520418239528622,0.8328168988227844,0.58180882781744,0.3633407801389694,0.4680425980153433
00045,/Users/nikko/Downloads/moi-main/project_root/data/temp_frames/video8/frame_00045.png,"[301, 121, 687, 1167]",LEFT_WRIST,-0.7057497507126601,-0.37567820709006133,0.5900225043296814,0.58180882781744,0.3633407801389694,0.4680425980153433
00045,/Users/nikko/Downloads/moi-main/project_root/data/temp_frames/video8/frame_00045.png,"[301, 121, 687, 1167]",LEFT_EYE,0.09401695765579582,-0.5747634956041848,0.9979152083396912,0.58180882781744,0.3633407801389694,0.4680425980153433
00045,/Users/nikko/Downloads/moi-main/project_root/data/temp_frames/video8/frame_00045.png,"[301, 121, 687, 1167]",RIGHT_EYE,0.25960434858302545,-0.5733599849133737,0.998745322227478,0.58180882781744,0.3633407801389694,0.4680425980153433
00046,/Users/nikko/Downloads/moi-main/project_root/data/temp_frames/video8/frame_00046.png,"[297, 124, 686, 1173]",LEFT_SHOULDER,-0.2498768098761835,-0.3450086701748781,0.9999769926071167,0.585290715098381,0.36497851461172104,0.46315288269602795
00046,/Users/nikko/Downloads/moi-main/project_root/data/temp_frames/video8/frame_00046.png,"[297, 124, 686, 1173]",RIGHT_SHOULDER,0.7030133627760504,-0.27953514816384667,0.9998528957366943,0.585290715098381,0.36497851461172104,0.46315288269602795
00046,/Users/nikko/Downloads/moi-main/project_root/data/temp_frames/video8/frame_00046.png,"[297, 124, 686, 1173]",LEFT_HIP,-0.44520727982560215,0.2961564269685268,0.9998655319213867,0.585290715098381,0.36497851461172104,0.46315288269602795
00046,/Users/nikko/Downloads/moi-main/project_root/data/temp_frames/video8/frame_00046.png,"[297, 124, 686, 1173]",RIGHT_HIP,-0.00792927307426477,0.3283873913701979,0.9997931122779846,0.585290715098381,0.36497851461172104,0.46315288269602795
00046,/Users/nikko/Downloads/moi-main/project_root/data/temp_frames/video8/frame_00046.png,"[297, 124, 686, 1173]",LEFT_ELBOW,-0.8421667885899476,-0.10473118553963859,0.9473764300346375,0.585290715098381,0.36497851461172104,0.46315288269602795
00046,/Users/nikko/Downloads/moi-main/project_root/data/temp_frames/video8/frame_00046.png,"[297, 124, 686, 1173]",LEFT_WRIST,-0.7164098785631142,-0.37583057229921457,0.7883396744728088,0.585290715098381,0.36497851461172104,0.46315288269602795
00046,/Users/nikko/Downloads/moi-main/project_root/data/temp_frames/video8/frame_00046.png,"[297, 124, 686, 1173]",LEFT_KNEE,-0.8040095970374362,0.7528135764699011,0.6744212508201599,0.585290715098381,0.36497851461172104,0.46315288269602795
00046,/Users/nikko/Downloads/moi-main/project_root/data/temp_frames/video8/frame_00046.png,"[297, 124, 686, 1173]",LEFT_ANKLE,-0.9059336773810226,1.182374750511784,0.6225379705429077,0.585290715098381,0.36497851461172104,0.46315288269602795
00046,/Users/nikko/Downloads/moi-main/project_root/data/temp_frames/video8/frame_00046.png,"[297, 124, 686, 1173]",LEFT_EYE,0.11425955254575154,-0.5713851293516023,0.9994962215423584,0.585290715098381,0.36497851461172104,0.46315288269602795
00046,/Users/nikko/Downloads/moi-main/project_root/data/temp_frames/video8/frame_00046.png,"[297, 124, 686, 1173]",RIGHT_EYE,0.2693488047983911,-0.5683167447064169,0.9997373223304749,0.585290715098381,0.36497851461172104,0.46315288269602795
00047,/Users/nikko/Downloads/moi-main/project_root/data/temp_frames/video8/frame_00047.png,"[297, 132, 685, 1180]",LEFT_SHOULDER,-0.25508524256770165,-0.33457982707749206,0.9999687671661377,0.5823770388960838,0.36619487404823303,0.46943064454905226
00047,/Users/nikko/Downloads/moi-main/project_root/data/temp_frames/video8/frame_00047.png,"[297, 132, 685, 1180]",RIGHT_SHOULDER,0.7052672008148272,-0.2869432834176736,0.9998012185096741,0.5823770388960838,0.36619487404823303,0.46943064454905226
00047,/Users/nikko/Downloads/moi-main/project_root/data/temp_frames/video8/frame_00047.png,"[297, 132, 685, 1180]",LEFT_HIP,-0.44769757243857355,0.29339499517849515,0.9998466968536377,0.5823770388960838,0.36619487404823303,0.46943064454905226
00047,/Users/nikko/Downloads/moi-main/project_root/data/temp_frames/video8/frame_00047.png,"[297, 132, 685, 1180]",RIGHT_HIP,-0.002484385808552,0.3281281153166705,0.9997753500938416,0.5823770388960838,0.36619487404823303,0.46943064454905226
00047,/Users/nikko/Downloads/moi-main/project_root/data/temp_frames/video8/frame_00047.png,"[297, 132, 685, 1180]",LEFT_ELBOW,-0.8416751247271195,-0.11655032786533284,0.9272395968437195,0.5823770388960838,0.36619487404823303,0.46943064454905226
00047,/Users/nikko/Downloads/moi-main/project_root/data/temp_frames/video8/frame_00047.png,"[297, 132, 685, 1180]",LEFT_WRIST,-0.708025513287553,-0.4114906065409771,0.7072703242301941,0.5823770388960838,0.36619487404823303,0.46943064454905226
00047,/Users/nikko/Downloads/moi-main/project_root/data/temp_frames/video8/frame_00047.png,"[297, 132, 685, 1180]",LEFT_KNEE,-0.764163734983452,0.7393781412692272,0.5058577060699463,0.5823770388960838,0.36619487404823303,0.46943064454905226
00047,/Users/nikko/Downloads/moi-main/project_root/data/temp_frames/video8/frame_00047.png,"[297, 132, 685, 1180]",LEFT_EYE,0.1189528483436914,-0.5791878469184367,0.9992793202400208,0.5823770388960838,0.36619487404823303,0.46943064454905226
00047,/Users/nikko/Downloads/moi-main/project_root/data/temp_frames/video8/frame_00047.png,"[297, 132, 685, 1180]",RIGHT_EYE,0.2785011712180056,-0.571539787155678,0.999606192111969,0.5823770388960838,0.36619487404823303,0.46943064454905226
00048,/Users/nikko/Downloads/moi-main/project_root/data/temp_frames/video8/frame_00048.png,"[297, 139, 685, 1191]",LEFT_SHOULDER,-0.24623797872183076,-0.3386328407373453,0.9999754428863525,0.5786591395735741,0.3662339299917221,0.46748646850992026
00048,/Users/nikko/Downloads/moi-main/project_root/data/temp_frames/video8/frame_00048.png,"[297, 139, 685, 1191]",RIGHT_SHOULDER,0.705745876019688,-0.2872004484054227,0.99978107213974,0.5786591395735741,0.3662339299917221,0.46748646850992026
00048,/Users/nikko/Downloads/moi-main/project_root/data/temp_frames/video8/frame_00048.png,"[297, 139, 685, 1191]",LEFT_HIP,-0.4474269451550044,0.2971159202496209,0.999852180480957,0.5786591395735741,0.3662339299917221,0.46748646850992026
00048,/Users/nikko/Downloads/moi-main/project_root/data/temp_frames/video8/frame_00048.png,"[297, 139, 685, 1191]",RIGHT_HIP,-0.012080952142852788,0.32871736889314707,0.9997642636299133,0.5786591395735741,0.3662339299917221,0.46748646850992026
00048,/Users/nikko/Downloads/moi-main/project_root/data/temp_frames/video8/frame_00048.png,"[297, 139, 685, 1191]",LEFT_ELBOW,-0.8578019810020638,-0.1314666941414696,0.9421443939208984,0.5786591395735741,0.3662339299917221,0.46748646850992026
00048,/Users/nikko/Downloads/moi-main/project_root/data/temp_frames/video8/frame_00048.png,"[297, 139, 685, 1191]",LEFT_WRIST,-0.7058207186704168,-0.4371343753638523,0.7974514365196228,0.5786591395735741,0.3662339299917221,0.46748646850992026
00048,/Users/nikko/Downloads/moi-main/project_root/data/temp_frames/video8/frame_00048.png,"[297, 139, 685, 1191]",LEFT_KNEE,-0.7777146709607613,0.7495785039836159,0.5474447011947632,0.5786591395735741,0.3662339299917221,0.46748646850992026
00048,/Users/nikko/Downloads/moi-main/project_root/data/temp_frames/video8/frame_00048.png,"[297, 139, 685, 1191]",LEFT_ANKLE,-0.8922194959419879,1.176101670477095,0.5009627342224121,0.5786591395735741,0.3662339299917221,0.46748646850992026
00048,/Users/nikko/Downloads/moi-main/project_root/data/temp_frames/video8/frame_00048.png,"[297, 139, 685, 1191]",LEFT_EYE,0.12190129018978826,-0.5764815416261461,0.9994737505912781,0.5786591395735741,0.3662339299917221,0.46748646850992026
00048,/Users/nikko/Downloads/moi-main/project_root/data/temp_frames/video8/frame_00048.png,"[297, 139, 685, 1191]",RIGHT_EYE,0.28407205429251425,-0.5666614877866143,0.9996770620346069,0.5786591395735741,0.3662339299917221,0.46748646850992026
00049,/Users/nikko/Downloads/moi-main/project_root/data/temp_frames/video8/frame_00049.png,"[297, 139, 685, 1191]",LEFT_SHOULDER,-0.2459450775139064,-0.33856362070880175,0.9999765157699585,0.5785331651568413,0.3662427105009556,0.46743575925832337
00049,/Users/nikko/Downloads/moi-main/project_root/data/temp_frames/video8/frame_00049.png,"[297, 139, 685, 1191]",RIGHT_SHOULDER,0.7055729567666964,-0.287329320668516,0.9998007416725159,0.5785331651568413,0.3662427105009556,0.46743575925832337
00049,/Users/nikko/Downloads/moi-main/project_root/data/temp_frames/video8/frame_00049.png,"[297, 139, 685, 1191]",LEFT_HIP,-0.4476019139912733,0.2970596179161965,0.9998536109924316,0.5785331651568413,0.3662427105009556,0.46743575925832337
00049,/Users/nikko/Downloads/moi-main/project_root/data/temp_frames/video8/frame_00049.png,"[297, 139, 685, 1191]",RIGHT_HIP,-0.012025965261516674,0.32883332346112126,0.9997634291648865,0.5785331651568413,0.3662427105009556,0.46743575925832337
00049,/Users/nikko/Downloads/moi-main/project_root/data/temp_frames/video8/frame_00049.png,"[297, 139, 685, 1191]",LEFT_ELBOW,-0.8577636673120002,-0.1314826536917514,0.9569364190101624,0.5785331651568413,0.3662427105009556,0.46743575925832337
00049,/Users/nikko/Downloads/moi-main/project_root/data/temp_frames/video8/frame_00049.png,"[297, 139, 685, 1191]",LEFT_WRIST,-0.7058604691577478,-0.43691319694551495,0.8188672661781311,0.5785331651568413,0.3662427105009556,0.46743575925832337
00049,/Users/nikko/Downloads/moi-main/project_root/data/temp_frames/video8/frame_00049.png,"[297, 139, 685, 1191]",LEFT_KNEE,-0.7785604270995331,0.7493052921647778,0.6042274236679077,0.5785331651568413,0.3662427105009556,0.46743575925832337
00049,/Users/nikko/Downloads/moi-main/project_root/data/temp_frames/video8/frame_00049.png,"[297, 139, 685, 1191]",LEFT_ANKLE,-0.8928556401035084,1.1762287086621397,0.5694792866706848,0.5785331651568413,0.3662427105009556,0.46743575925832337
00049,/Users/nikko/Downloads/moi-main/project_root/data/temp_frames/video8/frame_00049.png,"[297, 139, 685, 1191]",LEFT_EYE,0.12302956146340549,-0.5769279856612229,0.9995239973068237,0.5785331651568413,0.3662427105009556,0.46743575925832337
00049,/Users/nikko/Downloads/moi-main/project_root/data/temp_frames/video8/frame_00049.png,"[297, 139, 685, 1191]",RIGHT_EYE,0.28523079740513557,-0.567154206109363,0.9997159838676453,0.5785331651568413,0.3662427105009556,0.46743575925832337
00050,/Users/nikko/Downloads/moi-main/project_root/data/temp_frames/video8/frame_00050.png,"[292, 159, 684, 1201]",LEFT_SHOULDER,-0.24802771239015273,-0.3391799963154202,0.9999556541442871,0.5876529663801193,0.36256803572177887,0.46608225742353837
00050,/Users/nikko/Downloads/moi-main/project_root/data/temp_frames/video8/frame_00050.png,"[292, 159, 684, 1201]",RIGHT_SHOULDER,0.7019074411148168,-0.28935240177832205,0.9994432330131531,0.5876529663801193,0.36256803572177887,0.46608225742353837
00050,/Users/nikko/Downloads/moi-main/project_root/data/temp_frames/video8/frame_00050.png,"[292, 159, 684, 1201]",LEFT_HIP,-0.44468755868941673,0.29657038852745743,0.9997665286064148,0.5876529663801193,0.36256803572177887,0.46608225742353837
00050,/Users/nikko/Downloads/moi-main/project_root/data/temp_frames/video8/frame_00050.png,"[292, 159, 684, 1201]",RIGHT_HIP,-0.009192170035247388,0.33196200956628474,0.9995773434638977,0.5876529663801193,0.36256803572177887,0.46608225742353837
00050,/Users/nikko/Downloads/moi-main/project_root/data/temp_frames/video8/frame_00050.png,"[292, 159, 684, 1201]",LEFT_ELBOW,-0.8725006443486134,-0.16333672328353277,0.9176797866821289,0.5876529663801193,0.36256803572177887,0.46608225742353837
00050,/Users/nikko/Downloads/moi-main/project_root/data/temp_frames/video8/frame_00050.png,"[292, 159, 684, 1201]",LEFT_WRIST,-0.7024101546484907,-0.4716710688827586,0.7359753847122192,0.5876529663801193,0.36256803572177887,0.46608225742353837
00050,/Users/nikko/Downloads/moi-main/project_root/data/temp_frames/video8/frame_00050.png,"[292, 159, 684, 1201]",LEFT_EYE,0.14850475577431796,-0.5764554290506709,0.9988896250724792,0.5876529663801193,0.36256803572177887,0.46608225742353837
00050,/Users/nikko/Downloads/moi-main/project_root/data/temp_frames/video8/frame_00050.png,"[292, 159, 684, 1201]",RIGHT_EYE,0.32620829907269894,-0.5648105803018294,0.9992051720619202,0.5876529663801193,0.36256803572177887,0.46608225742353837
00051,/Users/nikko/Downloads/moi-main/project_root/data/temp_frames/video8/frame_00051.png,"[294, 174, 684, 1215]",LEFT_SHOULDER,-0.25532910571071554,-0.34448067075753586,0.9999551773071289,0.5847797319293022,0.3597485311329365,0.4605614426820597
00051,/Users/nikko/Downloads/moi-main/project_root/data/temp_frames/video8/frame_00051.png,"[294, 174, 684, 1215]",RIGHT_SHOULDER,0.7013214756391266,-0.28955500605352485,0.9995468258857727,0.5847797319293022,0.3597485311329365,0.4605614426820597
00051,/Users/nikko/Downloads/moi-main/project_root/data/temp_frames/video8/frame_00051.png,"[294, 174, 684, 1215]",LEFT_HIP,-0.43482327992054204,0.3023136000434646,0.9996764659881592,0.5847797319293022,0.3597485311329365,0.4605614426820597
00051,/Users/nikko/Downloads/moi-main/project_root/data/temp_frames/video8/frame_00051.png,"[294, 174, 684, 1215]",RIGHT_HIP,-0.011169090007869035,0.3317220767675962,0.9994475245475769,0.5847797319293022,0.3597485311329365,0.4605614426820597
00051,/Users/nikko/Downloads/moi-main/project_root/data/temp_frames/video8/frame_00051.png,"[294, 174, 684, 1215]",LEFT_ELBOW,-0.8821194650148358,-0.19397659931010516,0.9087129235267639,0.5847797319293022,0.3597485311329365,0.4605614426820597
00051,/Users/nikko/Downloads/moi-main/project_root/data/temp_frames/video8/frame_00051.png,"[294, 174, 684, 1215]",LEFT_WRIST,-0.7234224983476554,-0.4901439183103763,0.7378886938095093,0.5847797319293022,0.3597485311329365,0.4605614426820597
00051,/Users/nikko/Downloads/moi-main/project_root/data/temp_frames/video8/frame_00051.png,"[294, 174, 684, 1215]",LEFT_EYE,0.13007131936004507,-0.5921502910636867,0.9990647435188293,0.5847797319293022,0.3597485311329365,0.4605614426820597
00051,/Users/nikko/Downloads/moi-main/project_root/data/temp_frames/video8/frame_00051.png,"[294, 174, 684, 1215]",RIGHT_EYE,0.29905842187598114,-0.5790720362012739,0.9993879795074463,0.5847797319293022,0.3597485311329365,0.4605614426820597
00052,/Users/nikko/Downloads/moi-main/project_root/data/temp_frames/video8/frame_00052.png,"[288, 188, 683, 1237]",LEFT_SHOULDER,-0.23100722256120243,-0.3422097167841868,0.9999567270278931,0.5979505553841591,0.3578762784600258,0.46891562463865827
00052,/Users/nikko/Downloads/moi-main/project_root/data/temp_frames/video8/frame_00052.png,"[288, 188, 683, 1237]",RIGHT_SHOULDER,0.7000052459953895,-0.2882493541281837,0.999574601650238,0.5979505553841591,0.3578762784600258,0.46891562463865827
00052,/Users/nikko/Downloads/moi-main/project_root/data/temp_frames/video8/frame_00052.png,"[288, 188, 683, 1237]",LEFT_HIP,-0.45235902732478256,0.29964837849382053,0.999832034111023,0.5979505553841591,0.3578762784600258,0.46891562463865827
00052,/Users/nikko/Downloads/moi-main/project_root/data/temp_frames/video8/frame_00052.png,"[288, 188, 683, 1237]",RIGHT_HIP,-0.016638996109404502,0.33081069241854993,0.9997068047523499,0.5979505553841591,0.3578762784600258,0.46891562463865827
00052,/Users/nikko/Downloads/moi-main/project_root/data/temp_frames/video8/frame_00052.png,"[288, 188, 683, 1237]",LEFT_ELBOW,-0.8771344583691456,-0.22540121689535425,0.9688720703125,0.5979505553841591,0.3578762784600258,0.46891562463865827
00052,/Users/nikko/Downloads/moi-main/project_root/data/temp_frames/video8/frame_00052.png,"[288, 188, 683, 1237]",LEFT_WRIST,-0.7170070346794724,-0.5184023227593285,0.8240204453468323,0.5979505553841591,0.3578762784600258,0.46891562463865827
00052,/Users/nikko/Downloads/moi-main/project_root/data/temp_frames/video8/frame_00052.png,"[288, 188, 683, 1237]",LEFT_KNEE,-0.772844900151325,0.7485251659263822,0.7214807271957397,0.5979505553841591,0.3578762784600258,0.46891562463865827
00052,/Users/nikko/Downloads/moi-main/project_root/data/temp_frames/video8/frame_00052.png,"[288, 188, 683, 1237]",LEFT_ANKLE,-0.8908885758458048,1.1892096066894675,0.652265191078186,0.5979505553841591,0.3578762784600258,0.46891562463865827
00052,/Users/nikko/Downloads/moi-main/project_root/data/temp_frames/video8/frame_00052.png,"[288, 188, 683, 1237]",LEFT_EYE,0.11099344320450048,-0.5554522741278666,0.9996403455734253,0.5979505553841591,0.3578762784600258,0.46891562463865827
00052,/Users/nikko/Downloads/moi-main/project_root/data/temp_frames/video8/frame_00052.png,"[288, 188, 683, 1237]",RIGHT_EYE,0.28320343422668587,-0.5501654617363456,0.9997605681419373,0.5979505553841591,0.3578762784600258,0.46891562463865827
00053,/Users/nikko/Downloads/moi-main/project_root/data/temp_frames/video8/frame_00053.png,"[288, 188, 683, 1237]",LEFT_SHOULDER,-0.22999329812985098,-0.3422031706889282,0.9999575614929199,0.5982467457652092,0.35779061540961266,0.4694402628006412
00053,/Users/nikko/Downloads/moi-main/project_root/data/temp_frames/video8/frame_00053.png,"[288, 188, 683, 1237]",RIGHT_SHOULDER,0.6997730600291995,-0.28789627082589636,0.9995587468147278,0.5982467457652092,0.35779061540961266,0.4694402628006412
00053,/Users/nikko/Downloads/moi-main/project_root/data/temp_frames/video8/frame_00053.png,"[288, 188, 683, 1237]",LEFT_HIP,-0.45331118514394014,0.299400939128389,0.9998400211334229,0.5982467457652092,0.35779061540961266,0.4694402628006412
00053,/Users/nikko/Downloads/moi-main/project_root/data/temp_frames/video8/frame_00053.png,"[288, 188, 683, 1237]",RIGHT_HIP,-0.016468576755408387,0.33069850238643556,0.9997147917747498,0.5982467457652092,0.35779061540961266,0.4694402628006412
00053,/Users/nikko/Downloads/moi-main/project_root/data/temp_frames/video8/frame_00053.png,"[288, 188, 683, 1237]",LEFT_ELBOW,-0.8755650176514401,-0.2247693956037376,0.9673481583595276,0.5982467457652092,0.35779061540961266,0.4694402628006412
00053,/Users/nikko/Downloads/moi-main/project_root/data/temp_frames/video8/frame_00053.png,"[288, 188, 683, 1237]",LEFT_WRIST,-0.7154591707221156,-0.5176722128630549,0.8240936994552612,0.5982467457652092,0.35779061540961266,0.4694402628006412
00053,/Users/nikko/Downloads/moi-main/project_root/data/temp_frames/video8/frame_00053.png,"[288, 188, 683, 1237]",LEFT_KNEE,-0.7684377463192253,0.7486966628981435,0.7150553464889526,0.5982467457652092,0.35779061540961266,0.4694402628006412
00053,/Users/nikko/Downloads/moi-main/project_root/data/temp_frames/video8/frame_00053.png,"[288, 188, 683, 1237]",LEFT_ANKLE,-0.8918388389038598,1.1873675066301896,0.6633012294769287,0.5982467457652092,0.35779061540961266,0.4694402628006412
00053,/Users/nikko/Downloads/moi-main/project_root/data/temp_frames/video8/frame_00053.png,"[288, 188, 683, 1237]",LEFT_EYE,0.11168082989271984,-0.5546457459904938,0.9996218681335449,0.5982467457652092,0.35779061540961266,0.4694402628006412
00053,/Users/nikko/Downloads/moi-main/project_root/data/temp_frames/video8/frame_00053.png,"[288, 188, 683, 1237]",RIGHT_EYE,0.2823844805914698,-0.549346891719383,0.9997461438179016,0.5982467457652092,0.35779061540961266,0.4694402628006412
00054,/Users/nikko/Downloads/moi-main/project_root/data/temp_frames/video8/frame_00054.png,"[296, 198, 683, 1247]",LEFT_SHOULDER,-0.23328635261804878,-0.3362875578350429,0.9999592304229736,0.5866140425205231,0.3615511767566204,0.4767040884927301
00054,/Users/nikko/Downloads/moi-main/project_root/data/temp_frames/video8/frame_00054.png,"[296, 198, 683, 1247]",RIGHT_SHOULDER,0.7057467634208855,-0.2812950549697376,0.999488353729248,0.5866140425205231,0.3615511767566204,0.4767040884927301
00054,/Users/nikko/Downloads/moi-main/project_root/data/temp_frames/video8/frame_00054.png,"[296, 198, 683, 1247]",LEFT_HIP,-0.46192940944357014,0.29036582069983025,0.9998193383216858,0.5866140425205231,0.3615511767566204,0.4767040884927301
00054,/Users/nikko/Downloads/moi-main/project_root/data/temp_frames/video8/frame_00054.png,"[296, 198, 683, 1247]",RIGHT_HIP,-0.010531001359266602,0.32721679210495025,0.9996806383132935,0.5866140425205231,0.3615511767566204,0.4767040884927301
00054,/Users/nikko/Downloads/moi-main/project_root/data/temp_frames/video8/frame_00054.png,"[296, 198, 683, 1247]",LEFT_ELBOW,-0.8603961085129694,-0.2568053144312913,0.8981305956840515,0.5866140425205231,0.3615511767566204,0.4767040884927301
00054,/Users/nikko/Downloads/moi-main/project_root/data/temp_frames/video8/frame_00054.png,"[296, 198, 683, 1247]",LEFT_WRIST,-0.72627467959327,-0.5349059076183551,0.8071706891059875,0.5866140425205231,0.3615511767566204,0.4767040884927301
00054,/Users/nikko/Downloads/moi-main/project_root/data/temp_frames/video8/frame_00054.png,"[296, 198, 683, 1247]",LEFT_EYE,0.13045334277640236,-0.5683656357630041,0.9995021820068359,0.5866140425205231,0.3615511767566204,0.4767040884927301
00054,/Users/nikko/Downloads/moi-main/project_root/data/temp_frames/video8/frame_00054.png,"[296, 198, 683, 1247]",RIGHT_EYE,0.3115691362916809,-0.5623155567581303,0.9995977282524109,0.5866140425205231,0.3615511767566204,0.4767040884927301
00055,/Users/nikko/Downloads/moi-main/project_root/data/temp_frames/video8/frame_00055.png,"[294, 208, 684, 1259]",LEFT_SHOULDER,-0.223961104306724,-0.33182692543700326,0.9999278783798218,0.5867501944303513,0.3636754974722862,0.4731817251208383
00055,/Users/nikko/Downloads/moi-main/project_root/data/temp_frames/video8/frame_00055.png,"[294, 208, 684, 1259]",RIGHT_SHOULDER,0.7103154335104751,-0.29235634400715105,0.9995537400245667,0.5867501944303513,0.3636754974722862,0.4731817251208383
00055,/Users/nikko/Downloads/moi-main/project_root/data/temp_frames/video8/frame_00055.png,"[294, 208, 684, 1259]",LEFT_HIP,-0.4589556975765925,0.291322103016962,0.9997180104255676,0.5867501944303513,0.3636754974722862,0.4731817251208383
00055,/Users/nikko/Downloads/moi-main/project_root/data/temp_frames/video8/frame_00055.png,"[294, 208, 684, 1259]",RIGHT_HIP,-0.027398631627158554,0.3328611664271923,0.9995505213737488,0.5867501944303513,0.3636754974722862,0.4731817251208383
00055,/Users/nikko/Downloads/moi-main/project_root/data/temp_frames/video8/frame_00055.png,"[294, 208, 684, 1259]",LEFT_ELBOW,-0.8685941101556046,-0.27478152169037123,0.9672139883041382,0.5867501944303513,0.3636754974722862,0.4731817251208383
00055,/Users/nikko/Downloads/moi-main/project_root/data/temp_frames/video8/frame_00055.png,"[294, 208, 684, 1259]",LEFT_WRIST,-0.7257894321655868,-0.5555060241391008,0.7878839373588562,0.5867501944303513,0.3636754974722862,0.4731817251208383
00055,/Users/nikko/Downloads/moi-main/project_root/data/temp_frames/video8/frame_00055.png,"[294, 208, 684, 1259]",LEFT_KNEE,-0.7717457646048906,0.7360453509013014,0.6756948232650757,0.5867501944303513,0.3636754974722862,0.4731817251208383
00055,/Users/nikko/Downloads/moi-main/project_root/data/temp_frames/video8/frame_00055.png,"[294, 208, 684, 1259]",LEFT_ANKLE,-0.8874981535294117,1.1651348756831068,0.6607131958007812,0.5867501944303513,0.3636754974722862,0.4731817251208383
00055,/Users/nikko/Downloads/moi-main/project_root/data/temp_frames/video8/frame_00055.png,"[294, 208, 684, 1259]",LEFT_EYE,0.11169150821789978,-0.5770386872587233,0.9994307160377502,0.5867501944303513,0.3636754974722862,0.4731817251208383
00055,/Users/nikko/Downloads/moi-main/project_root/data/temp_frames/video8/frame_00055.png,"[294, 208, 684, 1259]",RIGHT_EYE,0.2798337363367849,-0.5731147941992405,0.9996848106384277,0.5867501944303513,0.3636754974722862,0.4731817251208383
00056,/Users/nikko/Downloads/moi-main/project_root/data/temp_frames/video8/frame_00056.png,"[301, 216, 684, 1273]",LEFT_SHOULDER,-0.21111365963982134,-0.3242546754111968,0.9998034834861755,0.5660464093089104,0.3700462467968464,0.48121082776092955
00056,/Users/nikko/Downloads/moi-main/project_root/data/temp_frames/video8/frame_00056.png,"[301, 216, 684, 1273]",RIGHT_SHOULDER,0.7166278013738264,-0.29653619746665655,0.9992426633834839,0.5660464093089104,0.3700462467968464,0.48121082776092955
00056,/Users/nikko/Downloads/moi-main/project_root/data/temp_frames/video8/frame_00056.png,"[301, 216, 684, 1273]",LEFT_HIP,-0.46913050219172087,0.2916138929485857,0.9997469782829285,0.5660464093089104,0.3700462467968464,0.48121082776092955
00056,/Users/nikko/Downloads/moi-main/project_root/data/temp_frames/video8/frame_00056.png,"[301, 216, 684, 1273]",RIGHT_HIP,-0.036383639542284206,0.3291769799292676,0.9997180104255676,0.5660464093089104,0.3700462467968464,0.48121082776092955
00056,/Users/nikko/Downloads/moi-main/project_root/data/temp_frames/video8/frame_00056.png,"[301, 216, 684, 1273]",LEFT_ELBOW,-0.8589222040586522,-0.2971871331717265,0.588525652885437,0.5660464093089104,0.3700462467968464,0.48121082776092955
00056,/Users/nikko/Downloads/moi-main/project_root/data/temp_frames/video8/frame_00056.png,"[301, 216, 684, 1273]",LEFT_EYE,0.14273320599621409,-0.5734161633630908,0.9978103041648865,0.5660464093089104,0.3700462467968464,0.48121082776092955
00056,/Users/nikko/Downloads/moi-main/project_root/data/temp_frames/video8/frame_00056.png,"[301, 216, 684, 1273]",RIGHT_EYE,0.32871520760787803,-0.5690313507103333,0.9988665580749512,0.5660464093089104,0.3700462467968464,0.48121082776092955
00057,/Users/nikko/Downloads/moi-main/project_root/data/temp_frames/video8/frame_00057.png,"[301, 216, 684, 1273]",LEFT_SHOULDER,-0.209205601535865,-0.3251000603846255,0.9997784495353699,0.5652449950575829,0.37011412158608437,0.4793774283818713
00057,/Users/nikko/Downloads/moi-main/project_root/data/temp_frames/video8/frame_00057.png,"[301, 216, 684, 1273]",RIGHT_SHOULDER,0.7145367531248027,-0.29852703000791475,0.9993501305580139,0.5652449950575829,0.37011412158608437,0.4793774283818713
00057,/Users/nikko/Downloads/moi-main/project_root/data/temp_frames/video8/frame_00057.png,"[301, 216, 684, 1273]",LEFT_HIP,-0.4680418820583413,0.2933045239103506,0.9997314810752869,0.5652449950575829,0.37011412158608437,0.4793774283818713
00057,/Users/nikko/Downloads/moi-main/project_root/data/temp_frames/video8/frame_00057.png,"[301, 216, 684, 1273]",RIGHT_HIP,-0.037289269530596386,0.33032256648218966,0.9997240900993347,0.5652449950575829,0.37011412158608437,0.4793774283818713
00057,/Users/nikko/Downloads/moi-main/project_root/data/temp_frames/video8/frame_00057.png,"[301, 216, 684, 1273]",LEFT_ELBOW,-0.8606961135864653,-0.2984017909480519,0.5474002361297607,0.5652449950575829,0.37011412158608437,0.4793774283818713
00057,/Users/nikko/Downloads/moi-main/project_root/data/temp_frames/video8/frame_00057.png,"[301, 216, 684, 1273]",LEFT_EYE,0.14438315104514424,-0.5753727432905931,0.998129665851593,0.5652449950575829,0.37011412158608437,0.4793774283818713
00057,/Users/nikko/Downloads/moi-main/project_root/data/temp_frames/video8/frame_00057.png,"[301, 216, 684, 1273]",RIGHT_EYE,0.330876762532954,-0.5709645086729588,0.9991291165351868,0.5652449950575829,0.37011412158608437,0.4793774283818713
00058,/Users/nikko/Downloads/moi-main/project_root/data/temp_frames/video8/frame_00058.png,"[304, 227, 682, 1284]",LEFT_SHOULDER,-0.2116301834452147,-0.32936269366535914,0.9997103810310364,0.5752896293997765,0.3715425170958042,0.48721097316734063
00058,/Users/nikko/Downloads/moi-main/project_root/data/temp_frames/video8/frame_00058.png,"[304, 227, 682, 1284]",RIGHT_SHOULDER,0.7158742741214941,-0.2965691023034798,0.9988407492637634,0.5752896293997765,0.3715425170958042,0.48721097316734063
00058,/Users/nikko/Downloads/moi-main/project_root/data/temp_frames/video8/frame_00058.png,"[304, 227, 682, 1284]",LEFT_HIP,-0.4618850837697092,0.2942811435394109,0.9994794726371765,0.5752896293997765,0.3715425170958042,0.48721097316734063
00058,/Users/nikko/Downloads/moi-main/project_root/data/temp_frames/video8/frame_00058.png,"[304, 227, 682, 1284]",RIGHT_HIP,-0.04235900690657014,0.33165065242942804,0.9993932247161865,0.5752896293997765,0.3715425170958042,0.48721097316734063
00058,/Users/nikko/Downloads/moi-main/project_root/data/temp_frames/video8/frame_00058.png,"[304, 227, 682, 1284]",LEFT_EYE,0.1325238352275209,-0.5618261550490515,0.9986163377761841,0.5752896293997765,0.3715425170958042,0.48721097316734063
00058,/Users/nikko/Downloads/moi-main/project_root/data/temp_frames/video8/frame_00058.png,"[304, 227, 682, 1284]",RIGHT_EYE,0.3239062220646134,-0.5560077374401692,0.9992519021034241,0.5752896293997765,0.3715425170958042,0.48721097316734063
00059,/Users/nikko/Downloads/moi-main/project_root/data/temp_frames/video8/frame_00059.png,"[306, 237, 681, 1293]",LEFT_SHOULDER,-0.20825314950469076,-0.3330571331041908,0.9995666146278381,0.5687966346740723,0.372390303760767,0.4791094858657443
00059,/Users/nikko/Downloads/moi-main/project_root/data/temp_frames/video8/frame_00059.png,"[306, 237, 681, 1293]",RIGHT_SHOULDER,0.7250855404001852,-0.2963907698467378,0.9985365867614746,0.5687966346740723,0.372390303760767,0.4791094858657443
00059,/Users/nikko/Downloads/moi-main/project_root/data/temp_frames/video8/frame_00059.png,"[306, 237, 681, 1293]",LEFT_HIP,-0.4536027066761098,0.29842593083199376,0.9990561604499817,0.5687966346740723,0.372390303760767,0.4791094858657443
00059,/Users/nikko/Downloads/moi-main/project_root/data/temp_frames/video8/frame_00059.png,"[306, 237, 681, 1293]",RIGHT_HIP,-0.06322968421938463,0.33102197211893475,0.9990967512130737,0.5687966346740723,0.372390303760767,0.4791094858657443
00059,/Users/nikko/Downloads/moi-main/project_root/data/temp_frames/video8/frame_00059.png,"[306, 237, 681, 1293]",LEFT_EYE,0.1404391240805356,-0.5641728019320146,0.998100221157074,0.5687966346740723,0.372390303760767,0.4791094858657443
00059,/Users/nikko/Downloads/moi-main/project_root/data/temp_frames/video8/frame_00059.png,"[306, 237, 681, 1293]",RIGHT_EYE,0.3383509916010489,-0.5598855760987496,0.9991475343704224,0.5687966346740723,0.372390303760767,0.4791094858657443
00060,/Users/nikko/Downloads/moi-main/project_root/data/temp_frames/video8/frame_00060.png,"[306, 237, 681, 1293]",LEFT_SHOULDER,-0.21099387449275953,-0.33249307141245904,0.9994729161262512,0.5689663961529732,0.37257469072937965,0.4798683624616808
00060,/Users/nikko/Downloads/moi-main/project_root/data/temp_frames/video8/frame_00060.png,"[306, 237, 681, 1293]",RIGHT_SHOULDER,0.7252255509181559,-0.2959155596036453,0.9985448122024536,0.5689663961529732,0.37257469072937965,0.4798683624616808
00060,/Users/nikko/Downloads/moi-main/project_root/data/temp_frames/video8/frame_00060.png,"[306, 237, 681, 1293]",LEFT_HIP,-0.4537290199000827,0.29775519336799255,0.9990690350532532,0.5689663961529732,0.37257469072937965,0.4798683624616808
00060,/Users/nikko/Downloads/moi-main/project_root/data/temp_frames/video8/frame_00060.png,"[306, 237, 681, 1293]",RIGHT_HIP,-0.06050265652531372,0.3306534376481118,0.9991501569747925,0.5689663961529732,0.37257469072937965,0.4798683624616808
00060,/Users/nikko/Downloads/moi-main/project_root/data/temp_frames/video8/frame_00060.png,"[306, 237, 681, 1293]",LEFT_EYE,0.14027377854300163,-0.5636697863112944,0.9975985884666443,0.5689663961529732,0.37257469072937965,0.4798683624616808
00060,/Users/nikko/Downloads/moi-main/project_root/data/temp_frames/video8/frame_00060.png,"[306, 237, 681, 1293]",RIGHT_EYE,0.3377150399635818,-0.5591341967080332,0.9989983439445496,0.5689663961529732,0.37257469072937965,0.4798683624616808
00061,/Users/nikko/Downloads/moi-main/project_root/data/temp_frames/video8/frame_00061.png,"[305, 244, 680, 1313]",LEFT_SHOULDER,-0.23014542825589857,-0.3258342884932306,0.9998078942298889,0.5732268616557121,0.36782267689704895,0.4824765841398917
00061,/Users/nikko/Downloads/moi-main/project_root/data/temp_frames/video8/frame_00061.png,"[305, 244, 680, 1313]",RIGHT_SHOULDER,0.7315998294990935,-0.29020979735183433,0.9996009469032288,0.5732268616557121,0.36782267689704895,0.4824765841398917
00061,/Users/nikko/Downloads/moi-main/project_root/data/temp_frames/video8/frame_00061.png,"[305, 244, 680, 1313]",LEFT_HIP,-0.45705328700812325,0.2910070250029596,0.9996393918991089,0.5732268616557121,0.36782267689704895,0.4824765841398917
00061,/Users/nikko/Downloads/moi-main/project_root/data/temp_frames/video8/frame_00061.png,"[305, 244, 680, 1313]",RIGHT_HIP,-0.04440111423507177,0.3250370608421053,0.9996009469032288,0.5732268616557121,0.36782267689704895,0.4824765841398917
00061,/Users/nikko/Downloads/moi-main/project_root/data/temp_frames/video8/frame_00061.png,"[305, 244, 680, 1313]",LEFT_ELBOW,-0.8529057084609256,-0.3421009384116251,0.8273192048072815,0.5732268616557121,0.36782267689704895,0.4824765841398917
00061,/Users/nikko/Downloads/moi-main/project_root/data/temp_frames/video8/frame_00061.png,"[305, 244, 680, 1313]",LEFT_WRIST,-0.6961250057809861,-0.6199339100562162,0.612777054309845,0.5732268616557121,0.36782267689704895,0.4824765841398917
00061,/Users/nikko/Downloads/moi-main/project_root/data/temp_frames/video8/frame_00061.png,"[305, 244, 680, 1313]",LEFT_KNEE,-0.7373240679570356,0.7030760939890338,0.6189635396003723,0.5732268616557121,0.36782267689704895,0.4824765841398917
00061,/Users/nikko/Downloads/moi-main/project_root/data/temp_frames/video8/frame_00061.png,"[305, 244, 680, 1313]",LEFT_EYE,0.17706120990315588,-0.5410748674281494,0.998497724533081,0.5732268616557121,0.36782267689704895,0.4824765841398917
00061,/Users/nikko/Downloads/moi-main/project_root/data/temp_frames/video8/frame_00061.png,"[305, 244, 680, 1313]",RIGHT_EYE,0.3784068240074803,-0.5384583899348628,0.999355137348175,0.5732268616557121,0.36782267689704895,0.4824765841398917
00062,/Users/nikko/Downloads/moi-main/project_root/data/temp_frames/video8/frame_00062.png,"[304, 251, 679, 1311]",LEFT_SHOULDER,-0.24221550435418052,-0.34059820332824225,0.9992006421089172,0.5768006220459938,0.3784588538110256,0.481841115430233
00062,/Users/nikko/Downloads/moi-main/project_root/data/temp_frames/video8/frame_00062.png,"[304, 251, 679, 1311]",RIGHT_SHOULDER,0.7148622404138897,-0.29792572953195695,0.9975322484970093,0.5768006220459938,0.3784588538110256,0.481841115430233
00062,/Users/nikko/Downloads/moi-main/project_root/data/temp_frames/video8/frame_00062.png,"[304, 251, 679, 1311]",LEFT_HIP,-0.43034371334698973,0.2996724771841991,0.999123752117157,0.5768006220459938,0.3784588538110256,0.481841115430233
00062,/Users/nikko/Downloads/moi-main/project_root/data/temp_frames/video8/frame_00062.png,"[304, 251, 679, 1311]",RIGHT_HIP,-0.04230302271271939,0.3388514556760001,0.9990662932395935,0.5768006220459938,0.3784588538110256,0.481841115430233
00062,/Users/nikko/Downloads/moi-main/project_root/data/temp_frames/video8/frame_00062.png,"[304, 251, 679, 1311]",LEFT_EYE,0.16429072037752682,-0.5449680033579708,0.9962121248245239,0.5768006220459938,0.3784588538110256,0.481841115430233
00062,/Users/nikko/Downloads/moi-main/project_root/data/temp_frames/video8/frame_00062.png,"[304, 251, 679, 1311]",RIGHT_EYE,0.3645138174028523,-0.5420193529193689,0.9979530572891235,0.5768006220459938,0.3784588538110256,0.481841115430233
00063,/Users/nikko/Downloads/moi-main/project_root/data/temp_frames/video8/frame_00063.png,"[304, 254, 678, 1340]",LEFT_SHOULDER,-0.23391489175842572,-0.33733283910766043,0.9986929297447205,0.5796669721603394,0.37791867181658745,0.4716042764188748
00063,/Users/nikko/Downloads/moi-main/project_root/data/temp_frames/video8/frame_00063.png,"[304, 254, 678, 1340]",RIGHT_SHOULDER,0.7215027533582262,-0.3019266930530586,0.9982352256774902,0.5796669721603394,0.37791867181658745,0.4716042764188748
00063,/Users/nikko/Downloads/moi-main/project_root/data/temp_frames/video8/frame_00063.png,"[304, 254, 678, 1340]",LEFT_HIP,-0.43315614485717857,0.30423178636436227,0.9992582201957703,0.5796669721603394,0.37791867181658745,0.4716042764188748
00063,/Users/nikko/Downloads/moi-main/project_root/data/temp_frames/video8/frame_00063.png,"[304, 254, 678, 1340]",RIGHT_HIP,-0.054431716742621906,0.33502774579635675,0.9992333650588989,0.5796669721603394,0.37791867181658745,0.4716042764188748
00063,/Users/nikko/Downloads/moi-main/project_root/data/temp_frames/video8/frame_00063.png,"[304, 254, 678, 1340]",LEFT_ELBOW,-0.8666659521079836,-0.3957294421007793,0.5464351773262024,0.5796669721603394,0.37791867181658745,0.4716042764188748
00063,/Users/nikko/Downloads/moi-main/project_root/data/temp_frames/video8/frame_00063.png,"[304, 254, 678, 1340]",LEFT_ANKLE,-0.8864241249811748,1.1131388526319619,0.5162420272827148,0.5796669721603394,0.37791867181658745,0.4716042764188748
00063,/Users/nikko/Downloads/moi-main/project_root/data/temp_frames/video8/frame_00063.png,"[304, 254, 678, 1340]",LEFT_EYE,0.13780377913604558,-0.5593412707294421,0.9776661396026611,0.5796669721603394,0.37791867181658745,0.4716042764188748
00063,/Users/nikko/Downloads/moi-main/project_root/data/temp_frames/video8/frame_00063.png,"[304, 254, 678, 1340]",RIGHT_EYE,0.3438735948954756,-0.5537957729887313,0.9921964406967163,0.5796669721603394,0.37791867181658745,0.4716042764188748
00064,/Users/nikko/Downloads/moi-main/project_root/data/temp_frames/video8/frame_00064.png,"[304, 254, 678, 1340]",LEFT_SHOULDER,-0.23417478664065583,-0.33782877470194866,0.9983012676239014,0.5797592177987099,0.3776688054203987,0.4703693660516376
00064,/Users/nikko/Downloads/moi-main/project_root/data/temp_frames/video8/frame_00064.png,"[304, 254, 678, 1340]",RIGHT_SHOULDER,0.7230258788613192,-0.30313291198923986,0.99755859375,0.5797592177987099,0.3776688054203987,0.4703693660516376
00064,/Users/nikko/Downloads/moi-main/project_root/data/temp_frames/video8/frame_00064.png,"[304, 254, 678, 1340]",LEFT_HIP,-0.4302803133755295,0.30523023495896995,0.9990647435188293,0.5797592177987099,0.3776688054203987,0.4703693660516376
00064,/Users/nikko/Downloads/moi-main/project_root/data/temp_frames/video8/frame_00064.png,"[304, 254, 678, 1340]",RIGHT_HIP,-0.05857077884513387,0.3357314517322186,0.9990971088409424,0.5797592177987099,0.3776688054203987,0.4703693660516376
00064,/Users/nikko/Downloads/moi-main/project_root/data/temp_frames/video8/frame_00064.png,"[304, 254, 678, 1340]",LEFT_EYE,0.13775846994297278,-0.5604347362050145,0.9798271656036377,0.5797592177987099,0.3776688054203987,0.4703693660516376
00064,/Users/nikko/Downloads/moi-main/project_root/data/temp_frames/video8/frame_00064.png,"[304, 254, 678, 1340]",RIGHT_EYE,0.3437667546246161,-0.5548295832281507,0.9925755262374878,0.5797592177987099,0.3776688054203987,0.4703693660516376
00065,/Users/nikko/Downloads/moi-main/project_root/data/temp_frames/video8/frame_00065.png,"[304, 251, 677, 1369]",LEFT_SHOULDER,-0.21839664725168195,-0.3328301428869921,0.999631404876709,0.5743409022688866,0.380402822047472,0.47834713760382896
00065,/Users/nikko/Downloads/moi-main/project_root/data/temp_frames/video8/frame_00065.png,"[304, 251, 677, 1369]",RIGHT_SHOULDER,0.7190767591609336,-0.2956407526546138,0.9981083869934082,0.5743409022688866,0.380402822047472,0.47834713760382896
00065,/Users/nikko/Downloads/moi-main/project_root/data/temp_frames/video8/frame_00065.png,"[304, 251, 677, 1369]",LEFT_HIP,-0.45517765567486834,0.30041639546014093,0.9993879795074463,0.5743409022688866,0.380402822047472,0.47834713760382896
00065,/Users/nikko/Downloads/moi-main/project_root/data/temp_frames/video8/frame_00065.png,"[304, 251, 677, 1369]",RIGHT_HIP,-0.045502456234383266,0.328054500081465,0.999184787273407,0.5743409022688866,0.380402822047472,0.47834713760382896
00065,/Users/nikko/Downloads/moi-main/project_root/data/temp_frames/video8/frame_00065.png,"[304, 251, 677, 1369]",LEFT_ELBOW,-0.8179065803330999,-0.3948683143193356,0.6896641850471497,0.5743409022688866,0.380402822047472,0.47834713760382896
00065,/Users/nikko/Downloads/moi-main/project_root/data/temp_frames/video8/frame_00065.png,"[304, 251, 677, 1369]",LEFT_WRIST,-0.7163940668255724,-0.674838167888082,0.6303426623344421,0.5743409022688866,0.380402822047472,0.47834713760382896
00065,/Users/nikko/Downloads/moi-main/project_root/data/temp_frames/video8/frame_00065.png,"[304, 251, 677, 1369]",LEFT_EYE,0.1702050970786151,-0.53571850891044,0.9974157810211182,0.5743409022688866,0.380402822047472,0.47834713760382896
00065,/Users/nikko/Downloads/moi-main/project_root/data/temp_frames/video8/frame_00065.png,"[304, 251, 677, 1369]",RIGHT_EYE,0.3602943995874336,-0.5298015583592988,0.9983854293823242,0.5743409022688866,0.380402822047472,0.47834713760382896
00066,/Users/nikko/Downloads/moi-main/project_root/data/temp_frames/video8/frame_00066.png,"[304, 251, 677, 1369]",LEFT_SHOULDER,-0.22369383060431042,-0.33249887434461783,0.9996887445449829,0.5753405168652534,0.3808312937617302,0.47875430645783124
00066,/Users/nikko/Downloads/moi-main/project_root/data/temp_frames/video8/frame_00066.png,"[304, 251, 677, 1369]",RIGHT_SHOULDER,0.7170250234870859,-0.2945882957704611,0.9982492923736572,0.5753405168652534,0.3808312937617302,0.47875430645783124
00066,/Users/nikko/Downloads/moi-main/project_root/data/temp_frames/video8/frame_00066.png,"[304, 251, 677, 1369]",LEFT_HIP,-0.4550256865110871,0.29880266418606316,0.9995009899139404,0.5753405168652534,0.3808312937617302,0.47875430645783124
00066,/Users/nikko/Downloads/moi-main/project_root/data/temp_frames/video8/frame_00066.png,"[304, 251, 677, 1369]",RIGHT_HIP,-0.03830550637168833,0.32828450592901576,0.9993140697479248,0.5753405168652534,0.3808312937617302,0.47875430645783124
00066,/Users/nikko/Downloads/moi-main/project_root/data/temp_frames/video8/frame_00066.png,"[304, 251, 677, 1369]",LEFT_ELBOW,-0.8228043572495679,-0.3970308576952817,0.743316650390625,0.5753405168652534,0.3808312937617302,0.47875430645783124
00066,/Users/nikko/Downloads/moi-main/project_root/data/temp_frames/video8/frame_00066.png,"[304, 251, 677, 1369]",LEFT_WRIST,-0.7188900562770837,-0.67292217718049,0.6963161826133728,0.5753405168652534,0.3808312937617302,0.47875430645783124
00066,/Users/nikko/Downloads/moi-main/project_root/data/temp_frames/video8/frame_00066.png,"[304, 251, 677, 1369]",LEFT_EYE,0.1661571908658161,-0.5358257164708626,0.9978965520858765,0.5753405168652534,0.3808312937617302,0.47875430645783124
00066,/Users/nikko/Downloads/moi-main/project_root/data/temp_frames/video8/frame_00066.png,"[304, 251, 677, 1369]",RIGHT_EYE,0.35640752961965055,-0.530033488794358,0.9986814856529236,0.5753405168652534,0.3808312937617302,0.47875430645783124
00067,/Users/nikko/Downloads/moi-main/project_root/data/temp_frames/video8/frame_00067.png,"[307, 250, 677, 1385]",LEFT_SHOULDER,-0.23333099850505473,-0.32005521532084125,0.999612033367157,0.5604838281869888,0.3862145282328129,0.4950010708761725
00067,/Users/nikko/Downloads/moi-main/project_root/data/temp_frames/video8/frame_00067.png,"[307, 250, 677, 1385]",RIGHT_SHOULDER,0.7188423516831813,-0.2855099130082968,0.9973205924034119,0.5604838281869888,0.3862145282328129,0.4950010708761725
00067,/Users/nikko/Downloads/moi-main/project_root/data/temp_frames/video8/frame_00067.png,"[307, 250, 677, 1385]",LEFT_HIP,-0.4752965540199098,0.2884878358979391,0.9993205070495605,0.5604838281869888,0.3862145282328129,0.4950010708761725
00067,/Users/nikko/Downloads/moi-main/project_root/data/temp_frames/video8/frame_00067.png,"[307, 250, 677, 1385]",RIGHT_HIP,-0.010214799158216829,0.317077292431199,0.9988148212432861,0.5604838281869888,0.3862145282328129,0.4950010708761725
00067,/Users/nikko/Downloads/moi-main/project_root/data/temp_frames/video8/frame_00067.png,"[307, 250, 677, 1385]",LEFT_ELBOW,-0.7717882303041668,-0.4040488153069119,0.9072242975234985,0.5604838281869888,0.3862145282328129,0.4950010708761725
00067,/Users/nikko/Downloads/moi-main/project_root/data/temp_frames/video8/frame_00067.png,"[307, 250, 677, 1385]",LEFT_WRIST,-0.6711278530445554,-0.6611301362422795,0.7890594601631165,0.5604838281869888,0.3862145282328129,0.4950010708761725
00067,/Users/nikko/Downloads/moi-main/project_root/data/temp_frames/video8/frame_00067.png,"[307, 250, 677, 1385]",LEFT_KNEE,-0.7621740219011421,0.629423017343381,0.5318059325218201,0.5604838281869888,0.3862145282328129,0.4950010708761725
00067,/Users/nikko/Downloads/moi-main/project_root/data/temp_frames/video8/frame_00067.png,"[307, 250, 677, 1385]",LEFT_ANKLE,-0.8162846269473263,1.0189759767718576,0.5963066220283508,0.5604838281869888,0.3862145282328129,0.4950010708761725
00067,/Users/nikko/Downloads/moi-main/project_root/data/temp_frames/video8/frame_00067.png,"[307, 250, 677, 1385]",LEFT_EYE,0.18677945019746892,-0.5221486009023047,0.9950534701347351,0.5604838281869888,0.3862145282328129,0.4950010708761725
00067,/Users/nikko/Downloads/moi-main/project_root/data/temp_frames/video8/frame_00067.png,"[307, 250, 677, 1385]",RIGHT_EYE,0.3646454664989614,-0.516170117448322,0.996831476688385,0.5604838281869888,0.3862145282328129,0.4950010708761725
00068,/Users/nikko/Downloads/moi-main/project_root/data/temp_frames/video8/frame_00068.png,"[307, 244, 676, 1403]",LEFT_SHOULDER,-0.22102687015935568,-0.315243653726335,0.9993545413017273,0.5660054534673691,0.3968859389424324,0.5086143802593017
00068,/Users/nikko/Downloads/moi-main/project_root/data/temp_frames/video8/frame_00068.png,"[307, 244, 676, 1403]",RIGHT_SHOULDER,0.7074173137600737,-0.28657593099488426,0.9946269392967224,0.5660054534673691,0.3968859389424324,0.5086143802593017
00068,/Users/nikko/Downloads/moi-main/project_root/data/temp_frames/video8/frame_00068.png,"[307, 244, 676, 1403]",LEFT_HIP,-0.4922049841861203,0.2857196511586937,0.999431312084198,0.5660054534673691,0.3968859389424324,0.5086143802593017
00068,/Users/nikko/Downloads/moi-main/project_root/data/temp_frames/video8/frame_00068.png,"[307, 244, 676, 1403]",RIGHT_HIP,0.0058145405854023524,0.3160999335625255,0.9990808963775635,0.5660054534673691,0.3968859389424324,0.5086143802593017
00068,/Users/nikko/Downloads/moi-main/project_root/data/temp_frames/video8/frame_00068.png,"[307, 244, 676, 1403]",LEFT_ELBOW,-0.7410129156692397,-0.41017542963814313,0.5465245246887207,0.5660054534673691,0.3968859389424324,0.5086143802593017
00068,/Users/nikko/Downloads/moi-main/project_root/data/temp_frames/video8/frame_00068.png,"[307, 244, 676, 1403]",LEFT_WRIST,-0.6285103079882659,-0.6654427996350949,0.5430719256401062,0.5660054534673691,0.3968859389424324,0.5086143802593017
00068,/Users/nikko/Downloads/moi-main/project_root/data/temp_frames/video8/frame_00068.png,"[307, 244, 676, 1403]",LEFT_EYE,0.17892152777254686,-0.5081664862416011,0.9933881759643555,0.5660054534673691,0.3968859389424324,0.5086143802593017
00068,/Users/nikko/Downloads/moi-main/project_root/data/temp_frames/video8/frame_00068.png,"[307, 244, 676, 1403]",RIGHT_EYE,0.34976756352716337,-0.4995055996430801,0.9945996999740601,0.5660054534673691,0.3968859389424324,0.5086143802593017
00069,/Users/nikko/Downloads/moi-main/project_root/data/temp_frames/video8/frame_00069.png,"[307, 251, 680, 1373]",LEFT_SHOULDER,-0.24830789876811474,-0.3242693959178035,0.999193012714386,0.5517884939908981,0.4081956036388874,0.5207584933193743
00069,/Users/nikko/Downloads/moi-main/project_root/data/temp_frames/video8/frame_00069.png,"[307, 251, 680, 1373]",RIGHT_SHOULDER,0.6972449931048869,-0.28953951191265004,0.9937594532966614,0.5517884939908981,0.4081956036388874,0.5207584933193743
00069,/Users/nikko/Downloads/moi-main/project_root/data/temp_frames/video8/frame_00069.png,"[307, 251, 680, 1373]",LEFT_HIP,-0.46795055145553505,0.29505187874540084,0.9990789890289307,0.5517884939908981,0.4081956036388874,0.5207584933193743
00069,/Users/nikko/Downloads/moi-main/project_root/data/temp_frames/video8/frame_00069.png,"[307, 251, 680, 1373]",RIGHT_HIP,0.019013457118762966,0.31875702908505277,0.9985470175743103,0.5517884939908981,0.4081956036388874,0.5207584933193743
00069,/Users/nikko/Downloads/moi-main/project_root/data/temp_frames/video8/frame_00069.png,"[307, 251, 680, 1373]",LEFT_ELBOW,-0.6873033694812671,-0.4134819011652836,0.5489655137062073,0.5517884939908981,0.4081956036388874,0.5207584933193743
00069,/Users/nikko/Downloads/moi-main/project_root/data/temp_frames/video8/frame_00069.png,"[307, 251, 680, 1373]",LEFT_WRIST,-0.5990800047792741,-0.6714987174274712,0.5246685147285461,0.5517884939908981,0.4081956036388874,0.5207584933193743
00069,/Users/nikko/Downloads/moi-main/project_root/data/temp_frames/video8/frame_00069.png,"[307, 251, 680, 1373]",LEFT_EYE,0.1954429606893661,-0.515249291972211,0.9908762574195862,0.5517884939908981,0.4081956036388874,0.5207584933193743
00069,/Users/nikko/Downloads/moi-main/project_root/data/temp_frames/video8/frame_00069.png,"[307, 251, 680, 1373]",RIGHT_EYE,0.3718128319729756,-0.5096430557932594,0.9923993945121765,0.5517884939908981,0.4081956036388874,0.5207584933193743
00070,/Users/nikko/Downloads/moi-main/project_root/data/temp_frames/video8/frame_00070.png,"[307, 225, 678, 1392]",LEFT_SHOULDER,-0.24651431785532602,-0.3167622174031666,0.9987900853157043,0.5645849481225014,0.4214291051030159,0.49580328997243706
00070,/Users/nikko/Downloads/moi-main/project_root/data/temp_frames/video8/frame_00070.png,"[307, 225, 678, 1392]",RIGHT_SHOULDER,0.7048906203105098,-0.2975277049651069,0.9918652176856995,0.5645849481225014,0.4214291051030159,0.49580328997243706
00070,/Users/nikko/Downloads/moi-main/project_root/data/temp_frames/video8/frame_00070.png,"[307, 225, 678, 1392]",LEFT_HIP,-0.4693561282822177,0.2980936027108329,0.998900294303894,0.5645849481225014,0.4214291051030159,0.49580328997243706
00070,/Users/nikko/Downloads/moi-main/project_root/data/temp_frames/video8/frame_00070.png,"[307, 225, 678, 1392]",RIGHT_HIP,0.01097982582703395,0.3161963196574406,0.9982920289039612,0.5645849481225014,0.4214291051030159,0.49580328997243706
00070,/Users/nikko/Downloads/moi-main/project_root/data/temp_frames/video8/frame_00070.png,"[307, 225, 678, 1392]",LEFT_EYE,0.18642742204447563,-0.5123710891840176,0.9871467351913452,0.5645849481225014,0.4214291051030159,0.49580328997243706
00070,/Users/nikko/Downloads/moi-main/project_root/data/temp_frames/video8/frame_00070.png,"[307, 225, 678, 1392]",RIGHT_EYE,0.37445514544950154,-0.5029498189015686,0.9898627996444702,0.5645849481225014,0.4214291051030159,0.49580328997243706
00071,/Users/nikko/Downloads/moi-main/project_root/data/temp_frames/video8/frame_00071.png,"[305, 244, 676, 1455]",LEFT_SHOULDER,-0.23429061142952293,-0.3119590266936696,0.9990806579589844,0.575260803103447,0.39287953823804855,0.4859236967297853
00071,/Users/nikko/Downloads/moi-main/project_root/data/temp_frames/video8/frame_00071.png,"[305, 244, 676, 1455]",RIGHT_SHOULDER,0.7061660600093161,-0.2931720902818137,0.9930926561355591,0.575260803103447,0.39287953823804855,0.4859236967297853
00071,/Users/nikko/Downloads/moi-main/project_root/data/temp_frames/video8/frame_00071.png,"[305, 244, 676, 1455]",LEFT_HIP,-0.48619596517856145,0.29390466175786123,0.9990604519844055,0.575260803103447,0.39287953823804855,0.4859236967297853
00071,/Users/nikko/Downloads/moi-main/project_root/data/temp_frames/video8/frame_00071.png,"[305, 244, 676, 1455]",RIGHT_HIP,0.014320516598768257,0.31122645521762204,0.9985289573669434,0.575260803103447,0.39287953823804855,0.4859236967297853
00071,/Users/nikko/Downloads/moi-main/project_root/data/temp_frames/video8/frame_00071.png,"[305, 244, 676, 1455]",LEFT_EYE,0.17922941202085854,-0.5103015042087135,0.992401123046875,0.575260803103447,0.39287953823804855,0.4859236967297853
00071,/Users/nikko/Downloads/moi-main/project_root/data/temp_frames/video8/frame_00071.png,"[305, 244, 676, 1455]",RIGHT_EYE,0.35411850134066875,-0.49991109604354456,0.9941713213920593,0.575260803103447,0.39287953823804855,0.4859236967297853
00072,/Users/nikko/Downloads/moi-main/project_root/data/temp_frames/video8/frame_00072.png,"[304, 240, 675, 1483]",LEFT_SHOULDER,-0.2412358929142575,-0.3041609386485862,0.9986045956611633,0.5812699943780899,0.3944774642586708,0.4956335738228863
00072,/Users/nikko/Downloads/moi-main/project_root/data/temp_frames/video8/frame_00072.png,"[304, 240, 675, 1483]",RIGHT_SHOULDER,0.7195222874341942,-0.2869388765900502,0.9892191290855408,0.5812699943780899,0.3944774642586708,0.4956335738228863
00072,/Users/nikko/Downloads/moi-main/project_root/data/temp_frames/video8/frame_00072.png,"[304, 240, 675, 1483]",LEFT_HIP,-0.49267553364917493,0.2890204181759007,0.9989742040634155,0.5812699943780899,0.3944774642586708,0.4956335738228863
00072,/Users/nikko/Downloads/moi-main/project_root/data/temp_frames/video8/frame_00072.png,"[304, 240, 675, 1483]",RIGHT_HIP,0.014389139129238213,0.3020793970627357,0.9983262419700623,0.5812699943780899,0.3944774642586708,0.4956335738228863
00072,/Users/nikko/Downloads/moi-main/project_root/data/temp_frames/video8/frame_00072.png,"[304, 240, 675, 1483]",LEFT_EYE,0.17596847777537325,-0.4795317868486935,0.977290153503418,0.5812699943780899,0.3944774642586708,0.4956335738228863
00072,/Users/nikko/Downloads/moi-main/project_root/data/temp_frames/video8/frame_00072.png,"[304, 240, 675, 1483]",RIGHT_EYE,0.3392538176600076,-0.47197958056948663,0.9806070327758789,0.5812699943780899,0.3944774642586708,0.4956335738228863
00073,/Users/nikko/Downloads/moi-main/project_root/data/temp_frames/video8/frame_00073.png,"[305, 226, 675, 1497]",LEFT_SHOULDER,-0.2817038134743563,-0.2953339562143451,0.9983088970184326,0.5690591037273407,0.4035770669579506,0.4908678619092224
00073,/Users/nikko/Downloads/moi-main/project_root/data/temp_frames/video8/frame_00073.png,"[305, 226, 675, 1497]",RIGHT_SHOULDER,0.7259069744190529,-0.2861127240298623,0.9898812174797058,0.5690591037273407,0.4035770669579506,0.4908678619092224
00073,/Users/nikko/Downloads/moi-main/project_root/data/temp_frames/video8/frame_00073.png,"[305, 226, 675, 1497]",LEFT_HIP,-0.4756047469028095,0.28465945453477165,0.9989959597587585,0.5690591037273407,0.4035770669579506,0.4908678619092224
00073,/Users/nikko/Downloads/moi-main/project_root/data/temp_frames/video8/frame_00073.png,"[305, 226, 675, 1497]",RIGHT_HIP,0.03140158595811283,0.2967872257094358,0.9984398484230042,0.5690591037273407,0.4035770669579506,0.4908678619092224
00073,/Users/nikko/Downloads/moi-main/project_root/data/temp_frames/video8/frame_00073.png,"[305, 226, 675, 1497]",LEFT_EYE,0.15530175807159777,-0.4723207974098872,0.9796441793441772,0.5690591037273407,0.4035770669579506,0.4908678619092224
00073,/Users/nikko/Downloads/moi-main/project_root/data/temp_frames/video8/frame_00073.png,"[305, 226, 675, 1497]",RIGHT_EYE,0.319153135219885,-0.46904858080731754,0.9848387241363525,0.5690591037273407,0.4035770669579506,0.4908678619092224
00074,/Users/nikko/Downloads/moi-main/project_root/data/temp_frames/video8/frame_00074.png,"[305, 226, 675, 1496]",LEFT_SHOULDER,-0.28920187535466435,-0.2989534532096977,0.9984785914421082,0.5699095204472542,0.4035932868719101,0.48506739377251806
00074,/Users/nikko/Downloads/moi-main/project_root/data/temp_frames/video8/frame_00074.png,"[305, 226, 675, 1496]",RIGHT_SHOULDER,0.7175671115739327,-0.2883809354475995,0.989664614200592,0.5699095204472542,0.4035932868719101,0.48506739377251806
00074,/Users/nikko/Downloads/moi-main/project_root/data/temp_frames/video8/frame_00074.png,"[305, 226, 675, 1496]",LEFT_HIP,-0.46702839239282595,0.28711601799242703,0.998930037021637,0.5699095204472542,0.4035932868719101,0.48506739377251806
00074,/Users/nikko/Downloads/moi-main/project_root/data/temp_frames/video8/frame_00074.png,"[305, 226, 675, 1496]",RIGHT_HIP,0.03866315617355757,0.3002183706648701,0.9982742071151733,0.5699095204472542,0.4035932868719101,0.48506739377251806
00074,/Users/nikko/Downloads/moi-main/project_root/data/temp_frames/video8/frame_00074.png,"[305, 226, 675, 1496]",LEFT_EYE,0.1613439292840891,-0.4736530350709468,0.9819653630256653,0.5699095204472542,0.4035932868719101,0.48506739377251806
00074,/Users/nikko/Downloads/moi-main/project_root/data/temp_frames/video8/frame_00074.png,"[305, 226, 675, 1496]",RIGHT_EYE,0.3245121370463375,-0.4689464890638184,0.9868262410163879,0.5699095204472542,0.4035932868719101,0.48506739377251806
00075,/Users/nikko/Downloads/moi-main/project_root/data/temp_frames/video8/frame_00075.png,"[305, 226, 675, 1496]",LEFT_SHOULDER,-0.2890782477254279,-0.29835170964919433,0.9985623955726624,0.5705950930714607,0.4038041979074478,0.4866224872245544
00075,/Users/nikko/Downloads/moi-main/project_root/data/temp_frames/video8/frame_00075.png,"[305, 226, 675, 1496]",RIGHT_SHOULDER,0.717628180177949,-0.28855475609099407,0.9901560544967651,0.5705950930714607,0.4038041979074478,0.4866224872245544
00075,/Users/nikko/Downloads/moi-main/project_root/data/temp_frames/video8/frame_00075.png,"[305, 226, 675, 1496]",LEFT_HIP,-0.4676293308956866,0.28690921232502037,0.9989294409751892,0.5705950930714607,0.4038041979074478,0.4866224872245544
00075,/Users/nikko/Downloads/moi-main/project_root/data/temp_frames/video8/frame_00075.png,"[305, 226, 675, 1496]",RIGHT_HIP,0.039079398443165464,0.29999725341516803,0.9982669353485107,0.5705950930714607,0.4038041979074478,0.4866224872245544
00075,/Users/nikko/Downloads/moi-main/project_root/data/temp_frames/video8/frame_00075.png,"[305, 226, 675, 1496]",LEFT_EYE,0.15596083677304376,-0.4743963532732757,0.9838523864746094,0.5705950930714607,0.4038041979074478,0.4866224872245544
00075,/Users/nikko/Downloads/moi-main/project_root/data/temp_frames/video8/frame_00075.png,"[305, 226, 675, 1496]",RIGHT_EYE,0.31637639734806516,-0.47052700736780023,0.9882332682609558,0.5705950930714607,0.4038041979074478,0.4866224872245544
00076,/Users/nikko/Downloads/moi-main/project_root/data/temp_frames/video8/frame_00076.png,"[307, 230, 675, 1510]",LEFT_SHOULDER,-0.2611579358462591,-0.2966601634228433,0.9982410669326782,0.5714858323335648,0.39593658596277237,0.4766550890017799
00076,/Users/nikko/Downloads/moi-main/project_root/data/temp_frames/video8/frame_00076.png,"[307, 230, 675, 1510]",RIGHT_SHOULDER,0.7265871491886405,-0.2862780117391953,0.9882859587669373,0.5714858323335648,0.39593658596277237,0.4766550890017799
00076,/Users/nikko/Downloads/moi-main/project_root/data/temp_frames/video8/frame_00076.png,"[307, 230, 675, 1510]",LEFT_HIP,-0.48847110510394226,0.28854209497682964,0.9985180497169495,0.5714858323335648,0.39593658596277237,0.4766550890017799
00076,/Users/nikko/Downloads/moi-main/project_root/data/temp_frames/video8/frame_00076.png,"[307, 230, 675, 1510]",RIGHT_HIP,0.023041891761560837,0.29439608018520896,0.9976902008056641,0.5714858323335648,0.39593658596277237,0.4766550890017799
00076,/Users/nikko/Downloads/moi-main/project_root/data/temp_frames/video8/frame_00076.png,"[307, 230, 675, 1510]",LEFT_EYE,0.15674069154507417,-0.473647429402437,0.9777897596359253,0.5714858323335648,0.39593658596277237,0.4766550890017799
00076,/Users/nikko/Downloads/moi-main/project_root/data/temp_frames/video8/frame_00076.png,"[307, 230, 675, 1510]",RIGHT_EYE,0.32961232356536546,-0.4668018468256178,0.9831832647323608,0.5714858323335648,0.39593658596277237,0.4766550890017799
00077,/Users/nikko/Downloads/moi-main/project_root/data/temp_frames/video8/frame_00077.png,"[307, 229, 675, 1510]",LEFT_SHOULDER,-0.2840539493387506,-0.29423619903655995,0.9983805418014526,0.5733525976538658,0.39320511370897293,0.4756034883203894
00077,/Users/nikko/Downloads/moi-main/project_root/data/temp_frames/video8/frame_00077.png,"[307, 229, 675, 1510]",RIGHT_SHOULDER,0.7343052427011079,-0.283913304212628,0.9901136159896851,0.5733525976538658,0.39320511370897293,0.4756034883203894
00077,/Users/nikko/Downloads/moi-main/project_root/data/temp_frames/video8/frame_00077.png,"[307, 229, 675, 1510]",LEFT_HIP,-0.4755027017610203,0.28662416147426933,0.9988981485366821,0.5733525976538658,0.39320511370897293,0.4756034883203894
00077,/Users/nikko/Downloads/moi-main/project_root/data/temp_frames/video8/frame_00077.png,"[307, 229, 675, 1510]",RIGHT_HIP,0.025251408398662977,0.2915253417749186,0.9982752799987793,0.5733525976538658,0.39320511370897293,0.4756034883203894
00077,/Users/nikko/Downloads/moi-main/project_root/data/temp_frames/video8/frame_00077.png,"[307, 229, 675, 1510]",LEFT_EYE,0.1589729969916438,-0.47470692418062627,0.9810047745704651,0.5733525976538658,0.39320511370897293,0.4756034883203894
00077,/Users/nikko/Downloads/moi-main/project_root/data/temp_frames/video8/frame_00077.png,"[307, 229, 675, 1510]",RIGHT_EYE,0.330939908626699,-0.469440079084482,0.9858065247535706,0.5733525976538658,0.39320511370897293,0.4756034883203894
00078,/Users/nikko/Downloads/moi-main/project_root/data/temp_frames/video8/frame_00078.png,"[304, 241, 675, 1503]",LEFT_SHOULDER,-0.24914904492995169,-0.30530227223894185,0.998416543006897,0.5752587169408798,0.4019104465842247,0.4775019602085595
00078,/Users/nikko/Downloads/moi-main/project_root/data/temp_frames/video8/frame_00078.png,"[304, 241, 675, 1503]",RIGHT_SHOULDER,0.7110888876255663,-0.2992512709895492,0.9917846918106079,0.5752587169408798,0.4019104465842247,0.4775019602085595
00078,/Users/nikko/Downloads/moi-main/project_root/data/temp_frames/video8/frame_00078.png,"[304, 241, 675, 1503]",LEFT_HIP,-0.48089856686574844,0.3007083333165772,0.9992942810058594,0.5752587169408798,0.4019104465842247,0.4775019602085595
00078,/Users/nikko/Downloads/moi-main/project_root/data/temp_frames/video8/frame_00078.png,"[304, 241, 675, 1503]",RIGHT_HIP,0.018958724170133827,0.3038452099119138,0.9989550113677979,0.5752587169408798,0.4019104465842247,0.4775019602085595
00078,/Users/nikko/Downloads/moi-main/project_root/data/temp_frames/video8/frame_00078.png,"[304, 241, 675, 1503]",LEFT_EYE,0.11329570042052878,-0.49281443824184296,0.9718309044837952,0.5752587169408798,0.4019104465842247,0.4775019602085595
00078,/Users/nikko/Downloads/moi-main/project_root/data/temp_frames/video8/frame_00078.png,"[304, 241, 675, 1503]",RIGHT_EYE,0.27884052434087664,-0.4850961365275115,0.9794405698776245,0.5752587169408798,0.4019104465842247,0.4775019602085595
00079,/Users/nikko/Downloads/moi-main/project_root/data/temp_frames/video8/frame_00079.png,"[305, 250, 674, 1515]",LEFT_SHOULDER,-0.24081373693594146,-0.31443299384423773,0.9978589415550232,0.5648987889289856,0.4034777842462063,0.4981367086199454
00079,/Users/nikko/Downloads/moi-main/project_root/data/temp_frames/video8/frame_00079.png,"[305, 250, 674, 1515]",RIGHT_SHOULDER,0.6905807418139458,-0.28992351181287335,0.9872111082077026,0.5648987889289856,0.4034777842462063,0.4981367086199454
00079,/Users/nikko/Downloads/moi-main/project_root/data/temp_frames/video8/frame_00079.png,"[305, 250, 674, 1515]",LEFT_HIP,-0.4899297495447561,0.29848479611121875,0.99908447265625,0.5648987889289856,0.4034777842462063,0.4981367086199454
00079,/Users/nikko/Downloads/moi-main/project_root/data/temp_frames/video8/frame_00079.png,"[305, 250, 674, 1515]",RIGHT_HIP,0.04016274466675172,0.3058717095458923,0.998635470867157,0.5648987889289856,0.4034777842462063,0.4981367086199454
00079,/Users/nikko/Downloads/moi-main/project_root/data/temp_frames/video8/frame_00079.png,"[305, 250, 674, 1515]",LEFT_EYE,0.1230948027580251,-0.48389861172712045,0.9536219835281372,0.5648987889289856,0.4034777842462063,0.4981367086199454
00079,/Users/nikko/Downloads/moi-main/project_root/data/temp_frames/video8/frame_00079.png,"[305, 250, 674, 1515]",RIGHT_EYE,0.2809379526300526,-0.47768494738867,0.9628145098686218,0.5648987889289856,0.4034777842462063,0.4981367086199454
00080,/Users/nikko/Downloads/moi-main/project_root/data/temp_frames/video8/frame_00080.png,"[305, 250, 674, 1515]",LEFT_SHOULDER,-0.23869495696355725,-0.31521879221089194,0.9978315234184265,0.5652886182069778,0.4034891650080681,0.4965297288965477
00080,/Users/nikko/Downloads/moi-main/project_root/data/temp_frames/video8/frame_00080.png,"[305, 250, 674, 1515]",RIGHT_SHOULDER,0.6893552588041175,-0.2912026796681002,0.987136960029602,0.5652886182069778,0.4034891650080681,0.4965297288965477
00080,/Users/nikko/Downloads/moi-main/project_root/data/temp_frames/video8/frame_00080.png,"[305, 250, 674, 1515]",LEFT_HIP,-0.4895566663164008,0.29924603394734334,0.9990919828414917,0.5652886182069778,0.4034891650080681,0.4965297288965477
00080,/Users/nikko/Downloads/moi-main/project_root/data/temp_frames/video8/frame_00080.png,"[305, 250, 674, 1515]",RIGHT_HIP,0.03889636447584057,0.30717543793164886,0.9986555576324463,0.5652886182069778,0.4034891650080681,0.4965297288965477
00080,/Users/nikko/Downloads/moi-main/project_root/data/temp_frames/video8/frame_00080.png,"[305, 250, 674, 1515]",LEFT_EYE,0.12053435318268434,-0.48506076148107113,0.9519838094711304,0.5652886182069778,0.4034891650080681,0.4965297288965477
00080,/Users/nikko/Downloads/moi-main/project_root/data/temp_frames/video8/frame_00080.png,"[305, 250, 674, 1515]",RIGHT_EYE,0.2772033142328537,-0.47911322832304504,0.9616681337356567,0.5652886182069778,0.4034891650080681,0.4965297288965477
00081,/Users/nikko/Downloads/moi-main/project_root/data/temp_frames/video8/frame_00081.png,"[304, 254, 674, 1515]",LEFT_SHOULDER,-0.19713439302369504,-0.3249892655951582,0.9955209493637085,0.5569435581564903,0.4092126004397869,0.497419012398981
00081,/Users/nikko/Downloads/moi-main/project_root/data/temp_frames/video8/frame_00081.png,"[304, 254, 674, 1515]",RIGHT_SHOULDER,0.6988013951542177,-0.2989972594961521,0.9786495566368103,0.5569435581564903,0.4092126004397869,0.497419012398981
00081,/Users/nikko/Downloads/moi-main/project_root/data/temp_frames/video8/frame_00081.png,"[304, 254, 674, 1515]",LEFT_HIP,-0.49101102705606886,0.3144606974693287,0.9986610412597656,0.5569435581564903,0.4092126004397869,0.497419012398981
00081,/Users/nikko/Downloads/moi-main/project_root/data/temp_frames/video8/frame_00081.png,"[304, 254, 674, 1515]",RIGHT_HIP,-0.010655975074453771,0.3095258276219816,0.9980443716049194,0.5569435581564903,0.4092126004397869,0.497419012398981
00081,/Users/nikko/Downloads/moi-main/project_root/data/temp_frames/video8/frame_00081.png,"[304, 254, 674, 1515]",LEFT_ANKLE,-0.7385070082883416,0.8981864320751446,0.5734537839889526,0.5569435581564903,0.4092126004397869,0.497419012398981
00081,/Users/nikko/Downloads/moi-main/project_root/data/temp_frames/video8/frame_00081.png,"[304, 254, 674, 1515]",LEFT_EYE,0.16860958591545264,-0.4974776037303368,0.88420170545578,0.5569435581564903,0.4092126004397869,0.497419012398981
00081,/Users/nikko/Downloads/moi-main/project_root/data/temp_frames/video8/frame_00081.png,"[304, 254, 674, 1515]",RIGHT_EYE,0.31615659839110244,-0.49293376207494644,0.9158787131309509,0.5569435581564903,0.4092126004397869,0.497419012398981
00082,/Users/nikko/Downloads/moi-main/project_root/data/temp_frames/video8/frame_00082.png,"[304, 257, 675, 1520]",LEFT_SHOULDER,-0.20965901948329324,-0.33163594977359995,0.996760904788971,0.5426482558250427,0.40790926292538643,0.49449598933278327
00082,/Users/nikko/Downloads/moi-main/project_root/data/temp_frames/video8/frame_00082.png,"[304, 257, 675, 1520]",RIGHT_SHOULDER,0.676261945272112,-0.2943659599855204,0.9826890230178833,0.5426482558250427,0.40790926292538643,0.49449598933278327
00082,/Users/nikko/Downloads/moi-main/project_root/data/temp_frames/video8/frame_00082.png,"[304, 257, 675, 1520]",LEFT_HIP,-0.4895592774107592,0.3127278199543543,0.9988048076629639,0.5426482558250427,0.40790926292538643,0.49449598933278327
00082,/Users/nikko/Downloads/moi-main/project_root/data/temp_frames/video8/frame_00082.png,"[304, 257, 675, 1520]",RIGHT_HIP,0.022956351621940468,0.3132740898047661,0.998310923576355,0.5426482558250427,0.40790926292538643,0.49449598933278327
00082,/Users/nikko/Downloads/moi-main/project_root/data/temp_frames/video8/frame_00082.png,"[304, 257, 675, 1520]",LEFT_ANKLE,-0.7381583150972811,0.9228694168188954,0.579338788986206,0.5426482558250427,0.40790926292538643,0.49449598933278327
00082,/Users/nikko/Downloads/moi-main/project_root/data/temp_frames/video8/frame_00082.png,"[304, 257, 675, 1520]",LEFT_EYE,0.20125379238512073,-0.49643529998932745,0.9044095277786255,0.5426482558250427,0.40790926292538643,0.49449598933278327
00082,/Users/nikko/Downloads/moi-main/project_root/data/temp_frames/video8/frame_00082.png,"[304, 257, 675, 1520]",RIGHT_EYE,0.3488227103095567,-0.48969645508764237,0.9272549748420715,0.5426482558250427,0.40790926292538643,0.49449598933278327
00083,/Users/nikko/Downloads/moi-main/project_root/data/temp_frames/video8/frame_00083.png,"[306, 257, 675, 1515]",LEFT_SHOULDER,-0.2359815439236049,-0.32756725323009356,0.9983338713645935,0.5487927049398422,0.41831503063440323,0.5008127028751926
00083,/Users/nikko/Downloads/moi-main/project_root/data/temp_frames/video8/frame_00083.png,"[306, 257, 675, 1515]",RIGHT_SHOULDER,0.6679803621907879,-0.29773658739107534,0.9885408282279968,0.5487927049398422,0.41831503063440323,0.5008127028751926
00083,/Users/nikko/Downloads/moi-main/project_root/data/temp_frames/video8/frame_00083.png,"[306, 257, 675, 1515]",LEFT_HIP,-0.4787599337294615,0.3102881467020323,0.9990179538726807,0.5487927049398422,0.41831503063440323,0.5008127028751926
00083,/Users/nikko/Downloads/moi-main/project_root/data/temp_frames/video8/frame_00083.png,"[306, 257, 675, 1515]",RIGHT_HIP,0.04676111546227842,0.31501569391913653,0.9985145926475525,0.5487927049398422,0.41831503063440323,0.5008127028751926
00083,/Users/nikko/Downloads/moi-main/project_root/data/temp_frames/video8/frame_00083.png,"[306, 257, 675, 1515]",LEFT_EYE,0.17336266860866598,-0.49537869574338195,0.9545187950134277,0.5487927049398422,0.41831503063440323,0.5008127028751926
00083,/Users/nikko/Downloads/moi-main/project_root/data/temp_frames/video8/frame_00083.png,"[306, 257, 675, 1515]",RIGHT_EYE,0.3269195243950478,-0.4859839423403167,0.9625846743583679,0.5487927049398422,0.41831503063440323,0.5008127028751926
00084,/Users/nikko/Downloads/moi-main/project_root/data/temp_frames/video8/frame_00084.png,"[309, 220, 677, 1484]",LEFT_SHOULDER,-0.2971467491928998,-0.3093940958932247,0.9988877177238464,0.5635332316160202,0.4336012899875641,0.4782727314594716
00084,/Users/nikko/Downloads/moi-main/project_root/data/temp_frames/video8/frame_00084.png,"[309, 220, 677, 1484]",RIGHT_SHOULDER,0.6837961341289412,-0.2907811323664749,0.9912636280059814,0.5635332316160202,0.4336012899875641,0.4782727314594716
00084,/Users/nikko/Downloads/moi-main/project_root/data/temp_frames/video8/frame_00084.png,"[309, 220, 677, 1484]",LEFT_HIP,-0.45932785925740155,0.2993559419134379,0.9991348385810852,0.5635332316160202,0.4336012899875641,0.4782727314594716
00084,/Users/nikko/Downloads/moi-main/project_root/data/temp_frames/video8/frame_00084.png,"[309, 220, 677, 1484]",RIGHT_HIP,0.07267847432136007,0.3008192863462617,0.9985582232475281,0.5635332316160202,0.4336012899875641,0.4782727314594716
00084,/Users/nikko/Downloads/moi-main/project_root/data/temp_frames/video8/frame_00084.png,"[309, 220, 677, 1484]",LEFT_ELBOW,-0.6948754348663433,-0.506994291466073,0.5024117231369019,0.5635332316160202,0.4336012899875641,0.4782727314594716
00084,/Users/nikko/Downloads/moi-main/project_root/data/temp_frames/video8/frame_00084.png,"[309, 220, 677, 1484]",LEFT_WRIST,-0.654515474431772,-0.7694258983484465,0.5789684057235718,0.5635332316160202,0.4336012899875641,0.4782727314594716
00084,/Users/nikko/Downloads/moi-main/project_root/data/temp_frames/video8/frame_00084.png,"[309, 220, 677, 1484]",LEFT_EYE,0.1558508243696308,-0.485709278701709,0.983162522315979,0.5635332316160202,0.4336012899875641,0.4782727314594716
00084,/Users/nikko/Downloads/moi-main/project_root/data/temp_frames/video8/frame_00084.png,"[309, 220, 677, 1484]",RIGHT_EYE,0.3360852079721401,-0.47834208349251317,0.9861040711402893,0.5635332316160202,0.4336012899875641,0.4782727314594716
00085,/Users/nikko/Downloads/moi-main/project_root/data/temp_frames/video8/frame_00085.png,"[305, 226, 684, 1463]",LEFT_SHOULDER,-0.28060193909557063,-0.33040929969302,0.9993822574615479,0.5459609404206276,0.4466696158051491,0.4764387938087687
00085,/Users/nikko/Downloads/moi-main/project_root/data/temp_frames/video8/frame_00085.png,"[305, 226, 684, 1463]",RIGHT_SHOULDER,0.6489570805342044,-0.30044032519208336,0.9945374131202698,0.5459609404206276,0.4466696158051491,0.4764387938087687
00085,/Users/nikko/Downloads/moi-main/project_root/data/temp_frames/video8/frame_00085.png,"[305, 226, 684, 1463]",LEFT_HIP,-0.4485712032732288,0.31103164225336527,0.9993763566017151,0.5459609404206276,0.4466696158051491,0.4764387938087687
00085,/Users/nikko/Downloads/moi-main/project_root/data/temp_frames/video8/frame_00085.png,"[305, 226, 684, 1463]",RIGHT_HIP,0.08021606183459502,0.3198179826317381,0.9989773035049438,0.5459609404206276,0.4466696158051491,0.4764387938087687
00085,/Users/nikko/Downloads/moi-main/project_root/data/temp_frames/video8/frame_00085.png,"[305, 226, 684, 1463]",LEFT_ELBOW,-0.6615589209984327,-0.5438614992105665,0.5498606562614441,0.5459609404206276,0.4466696158051491,0.4764387938087687
00085,/Users/nikko/Downloads/moi-main/project_root/data/temp_frames/video8/frame_00085.png,"[305, 226, 684, 1463]",LEFT_WRIST,-0.625724233600945,-0.8133348051670156,0.6733831763267517,0.5459609404206276,0.4466696158051491,0.4764387938087687
00085,/Users/nikko/Downloads/moi-main/project_root/data/temp_frames/video8/frame_00085.png,"[305, 226, 684, 1463]",LEFT_EYE,0.17147780469507073,-0.5161632342300431,0.9904512166976929,0.5459609404206276,0.4466696158051491,0.4764387938087687
00085,/Users/nikko/Downloads/moi-main/project_root/data/temp_frames/video8/frame_00085.png,"[305, 226, 684, 1463]",RIGHT_EYE,0.34509059614859444,-0.5082225691047273,0.9923661351203918,0.5459609404206276,0.4466696158051491,0.4764387938087687
00086,/Users/nikko/Downloads/moi-main/project_root/data/temp_frames/video8/frame_00086.png,"[309, 232, 675, 1500]",LEFT_SHOULDER,-0.29424386213386905,-0.32247120622107545,0.9991796612739563,0.5494823530316353,0.4378563016653061,0.49092120975436204
00086,/Users/nikko/Downloads/moi-main/project_root/data/temp_frames/video8/frame_00086.png,"[309, 232, 675, 1500]",RIGHT_SHOULDER,0.6664311348827281,-0.29214784893652884,0.9919393658638,0.5494823530316353,0.4378563016653061,0.49092120975436204
00086,/Users/nikko/Downloads/moi-main/project_root/data/temp_frames/video8/frame_00086.png,"[309, 232, 675, 1500]",LEFT_HIP,-0.4491339058306688,0.30080981807820845,0.9994981288909912,0.5494823530316353,0.4378563016653061,0.49092120975436204
00086,/Users/nikko/Downloads/moi-main/project_root/data/temp_frames/video8/frame_00086.png,"[309, 232, 675, 1500]",RIGHT_HIP,0.07694663308180981,0.31380923707939584,0.9991464614868164,0.5494823530316353,0.4378563016653061,0.49092120975436204
00086,/Users/nikko/Downloads/moi-main/project_root/data/temp_frames/video8/frame_00086.png,"[309, 232, 675, 1500]",LEFT_ELBOW,-0.6622532228506327,-0.5254517668244179,0.5107050538063049,0.5494823530316353,0.4378563016653061,0.49092120975436204
00086,/Users/nikko/Downloads/moi-main/project_root/data/temp_frames/video8/frame_00086.png,"[309, 232, 675, 1500]",LEFT_WRIST,-0.6047918315590284,-0.7828887026297157,0.6643217206001282,0.5494823530316353,0.4378563016653061,0.49092120975436204
00086,/Users/nikko/Downloads/moi-main/project_root/data/temp_frames/video8/frame_00086.png,"[309, 232, 675, 1500]",LEFT_EYE,0.1757998647971165,-0.4901695331315406,0.981620728969574,0.5494823530316353,0.4378563016653061,0.49092120975436204
00086,/Users/nikko/Downloads/moi-main/project_root/data/temp_frames/video8/frame_00086.png,"[309, 232, 675, 1500]",RIGHT_EYE,0.3492184545053363,-0.4829690227635008,0.9846479892730713,0.5494823530316353,0.4378563016653061,0.49092120975436204
00087,/Users/nikko/Downloads/moi-main/project_root/data/temp_frames/video8/frame_00087.png,"[309, 231, 675, 1499]",LEFT_SHOULDER,-0.2980559281981685,-0.32129086927208794,0.9990487694740295,0.5473361760377884,0.4356599897146225,0.4884322506696859
00087,/Users/nikko/Downloads/moi-main/project_root/data/temp_frames/video8/frame_00087.png,"[309, 231, 675, 1499]",RIGHT_SHOULDER,0.6653992977068609,-0.2887178125865838,0.9915885329246521,0.5473361760377884,0.4356599897146225,0.4884322506696859
00087,/Users/nikko/Downloads/moi-main/project_root/data/temp_frames/video8/frame_00087.png,"[309, 231, 675, 1499]",LEFT_HIP,-0.45086670378841875,0.29912127256921633,0.9993606209754944,0.5473361760377884,0.4356599897146225,0.4884322506696859
00087,/Users/nikko/Downloads/moi-main/project_root/data/temp_frames/video8/frame_00087.png,"[309, 231, 675, 1499]",RIGHT_HIP,0.0835233342797264,0.3108874092894554,0.9989493489265442,0.5473361760377884,0.4356599897146225,0.4884322506696859
00087,/Users/nikko/Downloads/moi-main/project_root/data/temp_frames/video8/frame_00087.png,"[309, 231, 675, 1499]",LEFT_ELBOW,-0.6257843818466465,-0.521490127210986,0.5466936826705933,0.5473361760377884,0.4356599897146225,0.4884322506696859
00087,/Users/nikko/Downloads/moi-main/project_root/data/temp_frames/video8/frame_00087.png,"[309, 231, 675, 1499]",LEFT_WRIST,-0.6125158410915672,-0.7791874349077853,0.6857455968856812,0.5473361760377884,0.4356599897146225,0.4884322506696859
00087,/Users/nikko/Downloads/moi-main/project_root/data/temp_frames/video8/frame_00087.png,"[309, 231, 675, 1499]",LEFT_EYE,0.20320702529849805,-0.49129582098238245,0.979577362537384,0.5473361760377884,0.4356599897146225,0.4884322506696859
00087,/Users/nikko/Downloads/moi-main/project_root/data/temp_frames/video8/frame_00087.png,"[309, 231, 675, 1499]",RIGHT_EYE,0.3692019561189044,-0.48096286531938026,0.9831399321556091,0.5473361760377884,0.4356599897146225,0.4884322506696859
00088,/Users/nikko/Downloads/moi-main/project_root/data/temp_frames/video8/frame_00088.png,"[308, 242, 675, 1512]",LEFT_SHOULDER,-0.3179179222455033,-0.31983922065658343,0.9985440969467163,0.5550740584731102,0.42547912895679474,0.4843909033470564
00088,/Users/nikko/Downloads/moi-main/project_root/data/temp_frames/video8/frame_00088.png,"[308, 242, 675, 1512]",RIGHT_SHOULDER,0.6530858159998968,-0.2852611096750119,0.9890241622924805,0.5550740584731102,0.42547912895679474,0.4843909033470564
00088,/Users/nikko/Downloads/moi-main/project_root/data/temp_frames/video8/frame_00088.png,"[308, 242, 675, 1512]",LEFT_HIP,-0.44375874599374854,0.2995255787037984,0.9992979764938354,0.5550740584731102,0.42547912895679474,0.4843909033470564
00088,/Users/nikko/Downloads/moi-main/project_root/data/temp_frames/video8/frame_00088.png,"[308, 242, 675, 1512]",RIGHT_HIP,0.10859085223935502,0.3055747516277969,0.998935878276825,0.5550740584731102,0.42547912895679474,0.4843909033470564
00088,/Users/nikko/Downloads/moi-main/project_root/data/temp_frames/video8/frame_00088.png,"[308, 242, 675, 1512]",LEFT_ELBOW,-0.6205884617687644,-0.5216497072543574,0.5724012851715088,0.5550740584731102,0.42547912895679474,0.4843909033470564
00088,/Users/nikko/Downloads/moi-main/project_root/data/temp_frames/video8/frame_00088.png,"[308, 242, 675, 1512]",LEFT_WRIST,-0.609147452815804,-0.7778627125432169,0.6640048623085022,0.5550740584731102,0.42547912895679474,0.4843909033470564
00088,/Users/nikko/Downloads/moi-main/project_root/data/temp_frames/video8/frame_00088.png,"[308, 242, 675, 1512]",LEFT_EYE,0.16117583503091784,-0.4902036060049774,0.9413496851921082,0.5550740584731102,0.42547912895679474,0.4843909033470564
00088,/Users/nikko/Downloads/moi-main/project_root/data/temp_frames/video8/frame_00088.png,"[308, 242, 675, 1512]",RIGHT_EYE,0.33240852771735485,-0.4818817787476477,0.9537463188171387,0.5550740584731102,0.42547912895679474,0.4843909033470564
00089,/Users/nikko/Downloads/moi-main/project_root/data/temp_frames/video8/frame_00089.png,"[310, 247, 675, 1520]",LEFT_SHOULDER,-0.30705867862158415,-0.32324412109935186,0.998503565788269,0.5425839275121689,0.42808733880519867,0.48452261507169747
00089,/Users/nikko/Downloads/moi-main/project_root/data/temp_frames/video8/frame_00089.png,"[310, 247, 675, 1520]",RIGHT_SHOULDER,0.6497072041009168,-0.28629748612080186,0.9922717809677124,0.5425839275121689,0.42808733880519867,0.48452261507169747
00089,/Users/nikko/Downloads/moi-main/project_root/data/temp_frames/video8/frame_00089.png,"[310, 247, 675, 1520]",LEFT_HIP,-0.4485996322182109,0.30175349775220256,0.9991274476051331,0.5425839275121689,0.42808733880519867,0.48452261507169747
00089,/Users/nikko/Downloads/moi-main/project_root/data/temp_frames/video8/frame_00089.png,"[310, 247, 675, 1520]",RIGHT_HIP,0.10595110673887834,0.3077881094679511,0.9988009929656982,0.5425839275121689,0.42808733880519867,0.48452261507169747
00089,/Users/nikko/Downloads/moi-main/project_root/data/temp_frames/video8/frame_00089.png,"[310, 247, 675, 1520]",LEFT_ELBOW,-0.5799176054295123,-0.5227175316930555,0.5680212378501892,0.5425839275121689,0.42808733880519867,0.48452261507169747
00089,/Users/nikko/Downloads/moi-main/project_root/data/temp_frames/video8/frame_00089.png,"[310, 247, 675, 1520]",LEFT_WRIST,-0.6025078185599909,-0.7915088927812564,0.6007065176963806,0.5425839275121689,0.42808733880519867,0.48452261507169747
00089,/Users/nikko/Downloads/moi-main/project_root/data/temp_frames/video8/frame_00089.png,"[310, 247, 675, 1520]",LEFT_ANKLE,-0.789334654964172,0.9707216065986811,0.5481099486351013,0.5425839275121689,0.42808733880519867,0.48452261507169747
00089,/Users/nikko/Downloads/moi-main/project_root/data/temp_frames/video8/frame_00089.png,"[310, 247, 675, 1520]",LEFT_EYE,0.1634663506968366,-0.4849775584012884,0.9750164747238159,0.5425839275121689,0.42808733880519867,0.48452261507169747
00089,/Users/nikko/Downloads/moi-main/project_root/data/temp_frames/video8/frame_00089.png,"[310, 247, 675, 1520]",RIGHT_EYE,0.32920049383739747,-0.47741673304266075,0.9830243587493896,0.5425839275121689,0.42808733880519867,0.48452261507169747
00090,/Users/nikko/Downloads/moi-main/project_root/data/temp_frames/video8/frame_00090.png,"[310, 247, 675, 1520]",LEFT_SHOULDER,-0.30797688615187047,-0.32331966932104805,0.9987196922302246,0.5402858480811119,0.4285538122057915,0.4849224743048884
00090,/Users/nikko/Downloads/moi-main/project_root/data/temp_frames/video8/frame_00090.png,"[310, 247, 675, 1520]",RIGHT_SHOULDER,0.6517029635011133,-0.2853753705431748,0.9930381178855896,0.5402858480811119,0.4285538122057915,0.4849224743048884
00090,/Users/nikko/Downloads/moi-main/project_root/data/temp_frames/video8/frame_00090.png,"[310, 247, 675, 1520]",LEFT_HIP,-0.44806755215011573,0.3012953356858322,0.9992656111717224,0.5402858480811119,0.4285538122057915,0.4849224743048884
00090,/Users/nikko/Downloads/moi-main/project_root/data/temp_frames/video8/frame_00090.png,"[310, 247, 675, 1520]",RIGHT_HIP,0.10434147480087291,0.30739970417839063,0.9989504814147949,0.5402858480811119,0.4285538122057915,0.4849224743048884
00090,/Users/nikko/Downloads/moi-main/project_root/data/temp_frames/video8/frame_00090.png,"[310, 247, 675, 1520]",LEFT_ELBOW,-0.5741727329490821,-0.5242332941566323,0.5689005255699158,0.5402858480811119,0.4285538122057915,0.4849224743048884
00090,/Users/nikko/Downloads/moi-main/project_root/data/temp_frames/video8/frame_00090.png,"[310, 247, 675, 1520]",LEFT_WRIST,-0.5943929388706751,-0.7924734000911882,0.6422609090805054,0.5402858480811119,0.4285538122057915,0.4849224743048884
00090,/Users/nikko/Downloads/moi-main/project_root/data/temp_frames/video8/frame_00090.png,"[310, 247, 675, 1520]",LEFT_ANKLE,-0.7869627303857574,0.9642439138804266,0.5871487855911255,0.5402858480811119,0.4285538122057915,0.4849224743048884
00090,/Users/nikko/Downloads/moi-main/project_root/data/temp_frames/video8/frame_00090.png,"[310, 247, 675, 1520]",LEFT_EYE,0.17336116744814345,-0.4845352324234036,0.9779884815216064,0.5402858480811119,0.4285538122057915,0.4849224743048884
00090,/Users/nikko/Downloads/moi-main/project_root/data/temp_frames/video8/frame_00090.png,"[310, 247, 675, 1520]",RIGHT_EYE,0.3433533812109609,-0.4762876114629592,0.9845314621925354,0.5402858480811119,0.4285538122057915,0.4849224743048884
00091,/Users/nikko/Downloads/moi-main/project_root/data/temp_frames/video8/frame_00091.png,"[310, 256, 674, 1519]",LEFT_SHOULDER,-0.2976948547433665,-0.3335820226893012,0.9987255930900574,0.529900498688221,0.43156005442142487,0.49196418293227656
00091,/Users/nikko/Downloads/moi-main/project_root/data/temp_frames/video8/frame_00091.png,"[310, 256, 674, 1519]",RIGHT_SHOULDER,0.6497606905421935,-0.29019055916607944,0.9918445944786072,0.529900498688221,0.43156005442142487,0.49196418293227656
00091,/Users/nikko/Downloads/moi-main/project_root/data/temp_frames/video8/frame_00091.png,"[310, 256, 674, 1519]",LEFT_HIP,-0.44043008197381156,0.30529150184146797,0.9995307922363281,0.529900498688221,0.43156005442142487,0.49196418293227656
00091,/Users/nikko/Downloads/moi-main/project_root/data/temp_frames/video8/frame_00091.png,"[310, 256, 674, 1519]",RIGHT_HIP,0.08836424617498452,0.3184810800139127,0.9992920160293579,0.529900498688221,0.43156005442142487,0.49196418293227656
00091,/Users/nikko/Downloads/moi-main/project_root/data/temp_frames/video8/frame_00091.png,"[310, 256, 674, 1519]",LEFT_ELBOW,-0.5508223466795428,-0.5447323408895269,0.5122806429862976,0.529900498688221,0.43156005442142487,0.49196418293227656
00091,/Users/nikko/Downloads/moi-main/project_root/data/temp_frames/video8/frame_00091.png,"[310, 256, 674, 1519]",LEFT_WRIST,-0.5668393534400453,-0.8025941279826805,0.6078978180885315,0.529900498688221,0.43156005442142487,0.49196418293227656
00091,/Users/nikko/Downloads/moi-main/project_root/data/temp_frames/video8/frame_00091.png,"[310, 256, 674, 1519]",LEFT_ANKLE,-0.7273183700487801,0.9549744250731691,0.58162522315979,0.529900498688221,0.43156005442142487,0.49196418293227656
00091,/Users/nikko/Downloads/moi-main/project_root/data/temp_frames/video8/frame_00091.png,"[310, 256, 674, 1519]",LEFT_EYE,0.22490964982700962,-0.5001205893798921,0.9581581950187683,0.529900498688221,0.43156005442142487,0.49196418293227656
00091,/Users/nikko/Downloads/moi-main/project_root/data/temp_frames/video8/frame_00091.png,"[310, 256, 674, 1519]",RIGHT_EYE,0.391156683756748,-0.48842378009948423,0.9675558805465698,0.529900498688221,0.43156005442142487,0.49196418293227656
00092,/Users/nikko/Downloads/moi-main/project_root/data/temp_frames/video8/frame_00092.png,"[310, 255, 674, 1519]",LEFT_SHOULDER,-0.29982599684348904,-0.33387473535358264,0.9988290667533875,0.5279338359832764,0.43148359656333923,0.4904506140664815
00092,/Users/nikko/Downloads/moi-main/project_root/data/temp_frames/video8/frame_00092.png,"[310, 255, 674, 1519]",RIGHT_SHOULDER,0.654415280000607,-0.2881455306517321,0.9918211698532104,0.5279338359832764,0.43148359656333923,0.4904506140664815
00092,/Users/nikko/Downloads/moi-main/project_root/data/temp_frames/video8/frame_00092.png,"[310, 255, 674, 1519]",LEFT_HIP,-0.4389345199830991,0.3041973835004905,0.9994682669639587,0.5279338359832764,0.43148359656333923,0.4904506140664815
00092,/Users/nikko/Downloads/moi-main/project_root/data/temp_frames/video8/frame_00092.png,"[310, 255, 674, 1519]",RIGHT_HIP,0.08434523682598113,0.3178228825048242,0.9991693496704102,0.5279338359832764,0.43148359656333923,0.4904506140664815
00092,/Users/nikko/Downloads/moi-main/project_root/data/temp_frames/video8/frame_00092.png,"[310, 255, 674, 1519]",LEFT_ELBOW,-0.5389088662645087,-0.5393739629919124,0.5585474371910095,0.5279338359832764,0.43148359656333923,0.4904506140664815
00092,/Users/nikko/Downloads/moi-main/project_root/data/temp_frames/video8/frame_00092.png,"[310, 255, 674, 1519]",LEFT_WRIST,-0.5657293429361426,-0.7988070093791556,0.6522790789604187,0.5279338359832764,0.43148359656333923,0.4904506140664815
00092,/Users/nikko/Downloads/moi-main/project_root/data/temp_frames/video8/frame_00092.png,"[310, 255, 674, 1519]",LEFT_ANKLE,-0.7264128185189107,0.971573512909881,0.5933578014373779,0.5279338359832764,0.43148359656333923,0.4904506140664815
00092,/Users/nikko/Downloads/moi-main/project_root/data/temp_frames/video8/frame_00092.png,"[310, 255, 674, 1519]",LEFT_EYE,0.21987906565154622,-0.5042744425170125,0.9699928760528564,0.5279338359832764,0.43148359656333923,0.4904506140664815
00092,/Users/nikko/Downloads/moi-main/project_root/data/temp_frames/video8/frame_00092.png,"[310, 255, 674, 1519]",RIGHT_EYE,0.3886437943598042,-0.4934603967182115,0.9766170382499695,0.5279338359832764,0.43148359656333923,0.4904506140664815
00093,/Users/nikko/Downloads/moi-main/project_root/data/temp_frames/video8/frame_00093.png,"[311, 262, 673, 1532]",LEFT_SHOULDER,-0.28259338877377815,-0.3356611221414642,0.998744010925293,0.5265397727489471,0.4294432997703552,0.49505641899400854
00093,/Users/nikko/Downloads/moi-main/project_root/data/temp_frames/video8/frame_00093.png,"[311, 262, 673, 1532]",RIGHT_SHOULDER,0.6429519209612612,-0.28781741139611833,0.9911166429519653,0.5265397727489471,0.4294432997703552,0.49505641899400854
00093,/Users/nikko/Downloads/moi-main/project_root/data/temp_frames/video8/frame_00093.png,"[311, 262, 673, 1532]",LEFT_HIP,-0.45217757148811544,0.3024572926273252,0.9995282888412476,0.5265397727489471,0.4294432997703552,0.49505641899400854
00093,/Users/nikko/Downloads/moi-main/project_root/data/temp_frames/video8/frame_00093.png,"[311, 262, 673, 1532]",RIGHT_HIP,0.09181903930063245,0.32102124091025735,0.9992883801460266,0.5265397727489471,0.4294432997703552,0.49505641899400854
00093,/Users/nikko/Downloads/moi-main/project_root/data/temp_frames/video8/frame_00093.png,"[311, 262, 673, 1532]",LEFT_ELBOW,-0.5509197741900361,-0.5567485344100707,0.5071815252304077,0.5265397727489471,0.4294432997703552,0.49505641899400854
00093,/Users/nikko/Downloads/moi-main/project_root/data/temp_frames/video8/frame_00093.png,"[311, 262, 673, 1532]",LEFT_WRIST,-0.5519019347501259,-0.8157659460519356,0.6298263669013977,0.5265397727489471,0.4294432997703552,0.49505641899400854
00093,/Users/nikko/Downloads/moi-main/project_root/data/temp_frames/video8/frame_00093.png,"[311, 262, 673, 1532]",LEFT_ANKLE,-0.6984128090838067,0.9450189379581198,0.5497603416442871,0.5265397727489471,0.4294432997703552,0.49505641899400854
00093,/Users/nikko/Downloads/moi-main/project_root/data/temp_frames/video8/frame_00093.png,"[311, 262, 673, 1532]",LEFT_EYE,0.23156492534008202,-0.5018413946118884,0.9477360248565674,0.5265397727489471,0.4294432997703552,0.49505641899400854
00093,/Users/nikko/Downloads/moi-main/project_root/data/temp_frames/video8/frame_00093.png,"[311, 262, 673, 1532]",RIGHT_EYE,0.39702276950518234,-0.49100716732657196,0.9577679634094238,0.5265397727489471,0.4294432997703552,0.49505641899400854
00094,/Users/nikko/Downloads/moi-main/project_root/data/temp_frames/video8/frame_00094.png,"[311, 266, 672, 1544]",LEFT_SHOULDER,-0.2869188254925538,-0.33809090884351045,0.9989734888076782,0.5266311317682266,0.42661425471305847,0.5001615587316173
00094,/Users/nikko/Downloads/moi-main/project_root/data/temp_frames/video8/frame_00094.png,"[311, 266, 672, 1544]",RIGHT_SHOULDER,0.6460766262528874,-0.2845087453619792,0.9922758936882019,0.5266311317682266,0.42661425471305847,0.5001615587316173
00094,/Users/nikko/Downloads/moi-main/project_root/data/temp_frames/video8/frame_00094.png,"[311, 266, 672, 1544]",LEFT_HIP,-0.448223750228111,0.3020257779831941,0.9997418522834778,0.5266311317682266,0.42661425471305847,0.5001615587316173
00094,/Users/nikko/Downloads/moi-main/project_root/data/temp_frames/video8/frame_00094.png,"[311, 266, 672, 1544]",RIGHT_HIP,0.08906594946777745,0.3205738762222955,0.9996127486228943,0.5266311317682266,0.42661425471305847,0.5001615587316173
00094,/Users/nikko/Downloads/moi-main/project_root/data/temp_frames/video8/frame_00094.png,"[311, 266, 672, 1544]",LEFT_ELBOW,-0.5539972945636257,-0.5645786471769598,0.7087321877479553,0.5266311317682266,0.42661425471305847,0.5001615587316173
00094,/Users/nikko/Downloads/moi-main/project_root/data/temp_frames/video8/frame_00094.png,"[311, 266, 672, 1544]",LEFT_WRIST,-0.5435129469679706,-0.8489424324532066,0.7995467782020569,0.5266311317682266,0.42661425471305847,0.5001615587316173
00094,/Users/nikko/Downloads/moi-main/project_root/data/temp_frames/video8/frame_00094.png,"[311, 266, 672, 1544]",LEFT_ANKLE,-0.7148017020089468,0.9641458007425969,0.6044481992721558,0.5266311317682266,0.42661425471305847,0.5001615587316173
00094,/Users/nikko/Downloads/moi-main/project_root/data/temp_frames/video8/frame_00094.png,"[311, 266, 672, 1544]",LEFT_EYE,0.20529547875250045,-0.5042744173167737,0.9610080718994141,0.5266311317682266,0.42661425471305847,0.5001615587316173
00094,/Users/nikko/Downloads/moi-main/project_root/data/temp_frames/video8/frame_00094.png,"[311, 266, 672, 1544]",RIGHT_EYE,0.3738021322698556,-0.5000620280509112,0.9686855673789978,0.5266311317682266,0.42661425471305847,0.5001615587316173
00095,/Users/nikko/Downloads/moi-main/project_root/data/temp_frames/video8/frame_00095.png,"[311, 266, 672, 1544]",LEFT_SHOULDER,-0.28523913124823014,-0.3390369271554357,0.9989104270935059,0.5266376063227654,0.4265557900071144,0.499211290628412
00095,/Users/nikko/Downloads/moi-main/project_root/data/temp_frames/video8/frame_00095.png,"[311, 266, 672, 1544]",RIGHT_SHOULDER,0.6458885367580806,-0.28420028232240424,0.9914239048957825,0.5266376063227654,0.4265557900071144,0.499211290628412
00095,/Users/nikko/Downloads/moi-main/project_root/data/temp_frames/video8/frame_00095.png,"[311, 266, 672, 1544]",LEFT_HIP,-0.44883185315666335,0.3028678927660162,0.999697208404541,0.5266376063227654,0.4265557900071144,0.499211290628412
00095,/Users/nikko/Downloads/moi-main/project_root/data/temp_frames/video8/frame_00095.png,"[311, 266, 672, 1544]",RIGHT_HIP,0.08818244764681296,0.3203693167118237,0.9995360374450684,0.5266376063227654,0.4265557900071144,0.499211290628412
00095,/Users/nikko/Downloads/moi-main/project_root/data/temp_frames/video8/frame_00095.png,"[311, 266, 672, 1544]",LEFT_ELBOW,-0.5495330676445263,-0.5641325023532646,0.7170548439025879,0.5266376063227654,0.4265557900071144,0.499211290628412
00095,/Users/nikko/Downloads/moi-main/project_root/data/temp_frames/video8/frame_00095.png,"[311, 266, 672, 1544]",LEFT_WRIST,-0.5486460029553416,-0.8468519681671542,0.7980687022209167,0.5266376063227654,0.4265557900071144,0.499211290628412
00095,/Users/nikko/Downloads/moi-main/project_root/data/temp_frames/video8/frame_00095.png,"[311, 266, 672, 1544]",LEFT_ANKLE,-0.7258768594071188,0.9720135206781618,0.6255813241004944,0.5266376063227654,0.4265557900071144,0.499211290628412
00095,/Users/nikko/Downloads/moi-main/project_root/data/temp_frames/video8/frame_00095.png,"[311, 266, 672, 1544]",LEFT_EYE,0.20984505029012565,-0.5080224221016317,0.9618452191352844,0.5266376063227654,0.4265557900071144,0.499211290628412
00095,/Users/nikko/Downloads/moi-main/project_root/data/temp_frames/video8/frame_00095.png,"[311, 266, 672, 1544]",RIGHT_EYE,0.3766478371694283,-0.5033414977316015,0.9692820906639099,0.5266376063227654,0.4265557900071144,0.499211290628412
00096,/Users/nikko/Downloads/moi-main/project_root/data/temp_frames/video8/frame_00096.png,"[312, 268, 669, 1546]",LEFT_SHOULDER,-0.3045418451195254,-0.336626471574815,0.9987911581993103,0.5269177109003067,0.4271743670105934,0.5044585960765288
00096,/Users/nikko/Downloads/moi-main/project_root/data/temp_frames/video8/frame_00096.png,"[312, 268, 669, 1546]",RIGHT_SHOULDER,0.6331074856210398,-0.2795410352493299,0.9913033246994019,0.5269177109003067,0.4271743670105934,0.5044585960765288
00096,/Users/nikko/Downloads/moi-main/project_root/data/temp_frames/video8/frame_00096.png,"[312, 268, 669, 1546]",LEFT_HIP,-0.44400866574166964,0.2982510746402234,0.9996318817138672,0.5269177109003067,0.4271743670105934,0.5044585960765288
00096,/Users/nikko/Downloads/moi-main/project_root/data/temp_frames/video8/frame_00096.png,"[312, 268, 669, 1546]",RIGHT_HIP,0.11544302524015529,0.3179164321839215,0.9994575381278992,0.5269177109003067,0.4271743670105934,0.5044585960765288
00096,/Users/nikko/Downloads/moi-main/project_root/data/temp_frames/video8/frame_00096.png,"[312, 268, 669, 1546]",LEFT_ELBOW,-0.5183594815867019,-0.557250022484864,0.7554381489753723,0.5269177109003067,0.4271743670105934,0.5044585960765288
00096,/Users/nikko/Downloads/moi-main/project_root/data/temp_frames/video8/frame_00096.png,"[312, 268, 669, 1546]",LEFT_WRIST,-0.5433844395225081,-0.854173867838322,0.8213373422622681,0.5269177109003067,0.4271743670105934,0.5044585960765288
00096,/Users/nikko/Downloads/moi-main/project_root/data/temp_frames/video8/frame_00096.png,"[312, 268, 669, 1546]",LEFT_ANKLE,-0.6808484624143268,0.9591747982703285,0.6778654456138611,0.5269177109003067,0.4271743670105934,0.5044585960765288
00096,/Users/nikko/Downloads/moi-main/project_root/data/temp_frames/video8/frame_00096.png,"[312, 268, 669, 1546]",LEFT_EYE,0.2103356183312359,-0.49982648370191,0.9492177963256836,0.5269177109003067,0.4271743670105934,0.5044585960765288
00096,/Users/nikko/Downloads/moi-main/project_root/data/temp_frames/video8/frame_00096.png,"[312, 268, 669, 1546]",RIGHT_EYE,0.37621271307391263,-0.4920663145072873,0.9620772004127502,0.5269177109003067,0.4271743670105934,0.5044585960765288
00097,/Users/nikko/Downloads/moi-main/project_root/data/temp_frames/video8/frame_00097.png,"[312, 270, 667, 1544]",LEFT_SHOULDER,-0.31876658891099957,-0.336347414276972,0.9989033937454224,0.5354495570063591,0.4265868738293648,0.4958658345038881
00097,/Users/nikko/Downloads/moi-main/project_root/data/temp_frames/video8/frame_00097.png,"[312, 270, 667, 1544]",RIGHT_SHOULDER,0.632823422324962,-0.28417581308009066,0.9914963245391846,0.5354495570063591,0.4265868738293648,0.4958658345038881
00097,/Users/nikko/Downloads/moi-main/project_root/data/temp_frames/video8/frame_00097.png,"[312, 270, 667, 1544]",LEFT_HIP,-0.43059406132648215,0.3037817613381415,0.9997723698616028,0.5354495570063591,0.4265868738293648,0.4958658345038881
00097,/Users/nikko/Downloads/moi-main/project_root/data/temp_frames/video8/frame_00097.png,"[312, 270, 667, 1544]",RIGHT_HIP,0.11653722791251965,0.3167414660189211,0.9996563196182251,0.5354495570063591,0.4265868738293648,0.4958658345038881
00097,/Users/nikko/Downloads/moi-main/project_root/data/temp_frames/video8/frame_00097.png,"[312, 270, 667, 1544]",LEFT_ELBOW,-0.5335084687502677,-0.5523515175445822,0.7275844812393188,0.5354495570063591,0.4265868738293648,0.4958658345038881
00097,/Users/nikko/Downloads/moi-main/project_root/data/temp_frames/video8/frame_00097.png,"[312, 270, 667, 1544]",LEFT_WRIST,-0.5778527701314973,-0.8569215247811215,0.8153718709945679,0.5354495570063591,0.4265868738293648,0.4958658345038881
00097,/Users/nikko/Downloads/moi-main/project_root/data/temp_frames/video8/frame_00097.png,"[312, 270, 667, 1544]",LEFT_KNEE,-0.6877280529277768,0.6281165967801727,0.5151525735855103,0.5354495570063591,0.4265868738293648,0.4958658345038881
00097,/Users/nikko/Downloads/moi-main/project_root/data/temp_frames/video8/frame_00097.png,"[312, 270, 667, 1544]",LEFT_ANKLE,-0.7192809340650221,0.9701488246114495,0.7139661312103271,0.5354495570063591,0.4265868738293648,0.4958658345038881
00097,/Users/nikko/Downloads/moi-main/project_root/data/temp_frames/video8/frame_00097.png,"[312, 270, 667, 1544]",LEFT_EYE,0.1874063719674721,-0.5070900359320256,0.9568732976913452,0.5354495570063591,0.4265868738293648,0.4958658345038881
00097,/Users/nikko/Downloads/moi-main/project_root/data/temp_frames/video8/frame_00097.png,"[312, 270, 667, 1544]",RIGHT_EYE,0.3607090506680674,-0.49911783119597614,0.9677019119262695,0.5354495570063591,0.4265868738293648,0.4958658345038881
00098,/Users/nikko/Downloads/moi-main/project_root/data/temp_frames/video8/frame_00098.png,"[311, 269, 664, 1556]",LEFT_SHOULDER,-0.31707671275784666,-0.33401925191185433,0.9993653893470764,0.547947995364666,0.4205930382013321,0.4778734402729383
00098,/Users/nikko/Downloads/moi-main/project_root/data/temp_frames/video8/frame_00098.png,"[311, 269, 664, 1556]",RIGHT_SHOULDER,0.6217789900214503,-0.2908207576513792,0.9967570900917053,0.547947995364666,0.4205930382013321,0.4778734402729383
00098,/Users/nikko/Downloads/moi-main/project_root/data/temp_frames/video8/frame_00098.png,"[311, 269, 664, 1556]",LEFT_HIP,-0.4316000135234185,0.30666289137659813,0.9996153116226196,0.547947995364666,0.4205930382013321,0.4778734402729383
00098,/Users/nikko/Downloads/moi-main/project_root/data/temp_frames/video8/frame_00098.png,"[311, 269, 664, 1556]",RIGHT_HIP,0.12689773625981485,0.3181771181866354,0.9995232820510864,0.547947995364666,0.4205930382013321,0.4778734402729383
00098,/Users/nikko/Downloads/moi-main/project_root/data/temp_frames/video8/frame_00098.png,"[311, 269, 664, 1556]",LEFT_ELBOW,-0.5392437028427544,-0.5671903898313497,0.7628806233406067,0.547947995364666,0.4205930382013321,0.4778734402729383
00098,/Users/nikko/Downloads/moi-main/project_root/data/temp_frames/video8/frame_00098.png,"[311, 269, 664, 1556]",LEFT_WRIST,-0.5792485751135248,-0.8659305149136132,0.9054234623908997,0.547947995364666,0.4205930382013321,0.4778734402729383
00098,/Users/nikko/Downloads/moi-main/project_root/data/temp_frames/video8/frame_00098.png,"[311, 269, 664, 1556]",LEFT_ANKLE,-0.7537417344228292,0.9888341188855365,0.6486474275588989,0.547947995364666,0.4205930382013321,0.4778734402729383
00098,/Users/nikko/Downloads/moi-main/project_root/data/temp_frames/video8/frame_00098.png,"[311, 269, 664, 1556]",LEFT_EYE,0.15810504026677083,-0.5051952140401283,0.9823452830314636,0.547947995364666,0.4205930382013321,0.4778734402729383
00098,/Users/nikko/Downloads/moi-main/project_root/data/temp_frames/video8/frame_00098.png,"[311, 269, 664, 1556]",RIGHT_EYE,0.34620999286860055,-0.49880606794447596,0.9893826246261597,0.547947995364666,0.4205930382013321,0.4778734402729383
