frame_id,image_path,bbox,landmark,x_norm,y_norm,visibility,center_x,center_y,unit_length
00000,/Users/nikko/Downloads/moi-main/project_root/data/temp_frames/video7/frame_00000.png,"[239, 108, 726, 1214]",LEFT_SHOULDER,-0.6673305306745697,-0.2983465735093929,0.9988158941268921,0.49824026599526405,0.7098055332899094,0.4602020393813636
00000,/Users/nikko/Downloads/moi-main/project_root/data/temp_frames/video7/frame_00000.png,"[239, 108, 726, 1214]",RIGHT_SHOULDER,0.26012953043855286,-0.35285828955217563,0.9951645135879517,0.49824026599526405,0.7098055332899094,0.4602020393813636
00000,/Users/nikko/Downloads/moi-main/project_root/data/temp_frames/video7/frame_00000.png,"[239, 108, 726, 1214]",LEFT_HIP,-0.03240001428662486,0.3028486988313497,0.9836331009864807,0.49824026599526405,0.7098055332899094,0.4602020393813636
00000,/Users/nikko/Downloads/moi-main/project_root/data/temp_frames/video7/frame_00000.png,"[239, 108, 726, 1214]",RIGHT_HIP,0.43960101452264166,0.3483561642302189,0.9840841889381409,0.49824026599526405,0.7098055332899094,0.4602020393813636
00000,/Users/nikko/Downloads/moi-main/project_root/data/temp_frames/video7/frame_00000.png,"[239, 108, 726, 1214]",LEFT_ELBOW,-0.8670533219076687,-0.6673834956167842,0.5187842845916748,0.49824026599526405,0.7098055332899094,0.4602020393813636
00000,/Users/nikko/Downloads/moi-main/project_root/data/temp_frames/video7/frame_00000.png,"[239, 108, 726, 1214]",RIGHT_ELBOW,0.7662303005314629,-0.8153815483441862,0.9267145395278931,0.49824026599526405,0.7098055332899094,0.4602020393813636
00000,/Users/nikko/Downloads/moi-main/project_root/data/temp_frames/video7/frame_00000.png,"[239, 108, 726, 1214]",LEFT_WRIST,-0.9216896670579457,-1.1081087381907317,0.893829345703125,0.49824026599526405,0.7098055332899094,0.4602020393813636
00000,/Users/nikko/Downloads/moi-main/project_root/data/temp_frames/video7/frame_00000.png,"[239, 108, 726, 1214]",RIGHT_WRIST,0.8417559929874593,-1.3269543910777184,0.9779027104377747,0.49824026599526405,0.7098055332899094,0.4602020393813636
00000,/Users/nikko/Downloads/moi-main/project_root/data/temp_frames/video7/frame_00000.png,"[239, 108, 726, 1214]",LEFT_EYE,-0.3658971444669073,-0.6342065083745463,0.9941340088844299,0.49824026599526405,0.7098055332899094,0.4602020393813636
00000,/Users/nikko/Downloads/moi-main/project_root/data/temp_frames/video7/frame_00000.png,"[239, 108, 726, 1214]",RIGHT_EYE,-0.2891304064323091,-0.6281267838384214,0.99577796459198,0.49824026599526405,0.7098055332899094,0.4602020393813636
00001,/Users/nikko/Downloads/moi-main/project_root/data/temp_frames/video7/frame_00001.png,"[239, 108, 726, 1214]",LEFT_SHOULDER,-0.6617517110823576,-0.30938433709269986,0.9988222718238831,0.4982879310846329,0.7159989178180695,0.4581464384382463
00001,/Users/nikko/Downloads/moi-main/project_root/data/temp_frames/video7/frame_00001.png,"[239, 108, 726, 1214]",RIGHT_SHOULDER,0.2549439533599068,-0.3628484863386376,0.9953269958496094,0.4982879310846329,0.7159989178180695,0.4581464384382463
00001,/Users/nikko/Downloads/moi-main/project_root/data/temp_frames/video7/frame_00001.png,"[239, 108, 726, 1214]",LEFT_HIP,-0.016141808752820116,0.307005857147514,0.9855383634567261,0.4982879310846329,0.7159989178180695,0.4581464384382463
00001,/Users/nikko/Downloads/moi-main/project_root/data/temp_frames/video7/frame_00001.png,"[239, 108, 726, 1214]",RIGHT_HIP,0.42294956647527093,0.36522696628382345,0.9857578277587891,0.4982879310846329,0.7159989178180695,0.4581464384382463
00001,/Users/nikko/Downloads/moi-main/project_root/data/temp_frames/video7/frame_00001.png,"[239, 108, 726, 1214]",LEFT_ELBOW,-0.8701504205958943,-0.6812191244932481,0.6228176355361938,0.4982879310846329,0.7159989178180695,0.4581464384382463
00001,/Users/nikko/Downloads/moi-main/project_root/data/temp_frames/video7/frame_00001.png,"[239, 108, 726, 1214]",RIGHT_ELBOW,0.7674034728046147,-0.8273574754016992,0.9599570631980896,0.4982879310846329,0.7159989178180695,0.4581464384382463
00001,/Users/nikko/Downloads/moi-main/project_root/data/temp_frames/video7/frame_00001.png,"[239, 108, 726, 1214]",LEFT_WRIST,-0.92397475044178,-1.1258267856263742,0.9253785014152527,0.4982879310846329,0.7159989178180695,0.4581464384382463
00001,/Users/nikko/Downloads/moi-main/project_root/data/temp_frames/video7/frame_00001.png,"[239, 108, 726, 1214]",RIGHT_WRIST,0.8472758788973718,-1.3405971205263827,0.9862375259399414,0.4982879310846329,0.7159989178180695,0.4581464384382463
00001,/Users/nikko/Downloads/moi-main/project_root/data/temp_frames/video7/frame_00001.png,"[239, 108, 726, 1214]",LEFT_EYE,-0.3626788690523158,-0.6490787465904767,0.9948750138282776,0.4982879310846329,0.7159989178180695,0.4581464384382463
00001,/Users/nikko/Downloads/moi-main/project_root/data/temp_frames/video7/frame_00001.png,"[239, 108, 726, 1214]",RIGHT_EYE,-0.28688885669109726,-0.6426357616016675,0.996211051940918,0.4982879310846329,0.7159989178180695,0.4581464384382463
00002,/Users/nikko/Downloads/moi-main/project_root/data/temp_frames/video7/frame_00002.png,"[235, 117, 728, 1252]",LEFT_SHOULDER,-0.6718384716287467,-0.3010866992199626,0.9986677169799805,0.5061858482658863,0.6914459019899368,0.48972144774808624
00002,/Users/nikko/Downloads/moi-main/project_root/data/temp_frames/video7/frame_00002.png,"[235, 117, 728, 1252]",RIGHT_SHOULDER,0.17905326068487748,-0.35974230632237303,0.9960130453109741,0.5061858482658863,0.6914459019899368,0.48972144774808624
00002,/Users/nikko/Downloads/moi-main/project_root/data/temp_frames/video7/frame_00002.png,"[235, 117, 728, 1252]",LEFT_HIP,0.02724212030408714,0.3148004615610383,0.9875380992889404,0.5061858482658863,0.6914459019899368,0.48972144774808624
00002,/Users/nikko/Downloads/moi-main/project_root/data/temp_frames/video7/frame_00002.png,"[235, 117, 728, 1252]",RIGHT_HIP,0.46554309063978205,0.3460285439812974,0.9888159036636353,0.5061858482658863,0.6914459019899368,0.48972144774808624
00002,/Users/nikko/Downloads/moi-main/project_root/data/temp_frames/video7/frame_00002.png,"[235, 117, 728, 1252]",LEFT_ELBOW,-0.8550715501377757,-0.6355595138812231,0.6337096095085144,0.5061858482658863,0.6914459019899368,0.48972144774808624
00002,/Users/nikko/Downloads/moi-main/project_root/data/temp_frames/video7/frame_00002.png,"[235, 117, 728, 1252]",RIGHT_ELBOW,0.7329556445751357,-0.76844831675526,0.926106333732605,0.5061858482658863,0.6914459019899368,0.48972144774808624
00002,/Users/nikko/Downloads/moi-main/project_root/data/temp_frames/video7/frame_00002.png,"[235, 117, 728, 1252]",LEFT_WRIST,-0.8838652387666736,-1.0235131353710474,0.9230988025665283,0.5061858482658863,0.6914459019899368,0.48972144774808624
00002,/Users/nikko/Downloads/moi-main/project_root/data/temp_frames/video7/frame_00002.png,"[235, 117, 728, 1252]",RIGHT_WRIST,0.7595650257513765,-1.2397184347572883,0.9833794236183167,0.5061858482658863,0.6914459019899368,0.48972144774808624
00002,/Users/nikko/Downloads/moi-main/project_root/data/temp_frames/video7/frame_00002.png,"[235, 117, 728, 1252]",LEFT_EYE,-0.4331694156159162,-0.6184659498418987,0.9928979873657227,0.5061858482658863,0.6914459019899368,0.48972144774808624
00002,/Users/nikko/Downloads/moi-main/project_root/data/temp_frames/video7/frame_00002.png,"[235, 117, 728, 1252]",RIGHT_EYE,-0.33738972538139483,-0.6185310045434621,0.9955246448516846,0.5061858482658863,0.6914459019899368,0.48972144774808624
00003,/Users/nikko/Downloads/moi-main/project_root/data/temp_frames/video7/frame_00003.png,"[221, 122, 734, 1210]",LEFT_SHOULDER,-0.5545435539940518,-0.36409121757013707,0.9950365424156189,0.4894261546432972,0.7514892816543579,0.5387887277101135
00003,/Users/nikko/Downloads/moi-main/project_root/data/temp_frames/video7/frame_00003.png,"[221, 122, 734, 1210]",RIGHT_SHOULDER,0.18128617435470992,-0.4127563085370944,0.9846269488334656,0.4894261546432972,0.7514892816543579,0.5387887277101135
00003,/Users/nikko/Downloads/moi-main/project_root/data/temp_frames/video7/frame_00003.png,"[221, 122, 734, 1210]",LEFT_HIP,0.014681732919486271,0.38385121233791714,0.9287903904914856,0.4894261546432972,0.7514892816543579,0.5387887277101135
00003,/Users/nikko/Downloads/moi-main/project_root/data/temp_frames/video7/frame_00003.png,"[221, 122, 734, 1210]",RIGHT_HIP,0.3585756467198556,0.3929963137693143,0.9363532662391663,0.4894261546432972,0.7514892816543579,0.5387887277101135
00003,/Users/nikko/Downloads/moi-main/project_root/data/temp_frames/video7/frame_00003.png,"[221, 122, 734, 1210]",RIGHT_ELBOW,0.6949548815708146,-0.7975121741418353,0.858611524105072,0.4894261546432972,0.7514892816543579,0.5387887277101135
00003,/Users/nikko/Downloads/moi-main/project_root/data/temp_frames/video7/frame_00003.png,"[221, 122, 734, 1210]",LEFT_WRIST,-0.7370245219781331,-1.0486775239995443,0.6088870763778687,0.4894261546432972,0.7514892816543579,0.5387887277101135
00003,/Users/nikko/Downloads/moi-main/project_root/data/temp_frames/video7/frame_00003.png,"[221, 122, 734, 1210]",RIGHT_WRIST,0.7088851590409108,-1.2316624261681195,0.8832442760467529,0.4894261546432972,0.7514892816543579,0.5387887277101135
00003,/Users/nikko/Downloads/moi-main/project_root/data/temp_frames/video7/frame_00003.png,"[221, 122, 734, 1210]",LEFT_EYE,-0.3286622534716038,-0.6890497511488473,0.9885135293006897,0.4894261546432972,0.7514892816543579,0.5387887277101135
00003,/Users/nikko/Downloads/moi-main/project_root/data/temp_frames/video7/frame_00003.png,"[221, 122, 734, 1210]",RIGHT_EYE,-0.2561741102183988,-0.6880694842460866,0.9910017848014832,0.4894261546432972,0.7514892816543579,0.5387887277101135
00004,/Users/nikko/Downloads/moi-main/project_root/data/temp_frames/video7/frame_00004.png,"[221, 122, 734, 1209]",LEFT_SHOULDER,-0.5759179223817078,-0.3495349872443583,0.9986139535903931,0.4910467825829983,0.7339219599962234,0.5166261145627041
00004,/Users/nikko/Downloads/moi-main/project_root/data/temp_frames/video7/frame_00004.png,"[221, 122, 734, 1209]",RIGHT_SHOULDER,0.18361525982431226,-0.3971704896998011,0.9971171617507935,0.4910467825829983,0.7339219599962234,0.5166261145627041
00004,/Users/nikko/Downloads/moi-main/project_root/data/temp_frames/video7/frame_00004.png,"[221, 122, 734, 1209]",LEFT_HIP,-0.0025580403727525135,0.365138189132854,0.9655038118362427,0.4910467825829983,0.7339219599962234,0.5166261145627041
00004,/Users/nikko/Downloads/moi-main/project_root/data/temp_frames/video7/frame_00004.png,"[221, 122, 734, 1209]",RIGHT_HIP,0.3948607029301481,0.38156728781130544,0.9703994989395142,0.4910467825829983,0.7339219599962234,0.5166261145627041
00004,/Users/nikko/Downloads/moi-main/project_root/data/temp_frames/video7/frame_00004.png,"[221, 122, 734, 1209]",LEFT_ELBOW,-0.7906046213411732,-0.6862230019552316,0.6561402678489685,0.4910467825829983,0.7339219599962234,0.5166261145627041
00004,/Users/nikko/Downloads/moi-main/project_root/data/temp_frames/video7/frame_00004.png,"[221, 122, 734, 1209]",RIGHT_ELBOW,0.7307228208510657,-0.8044999367957284,0.9823006391525269,0.4910467825829983,0.7339219599962234,0.5166261145627041
00004,/Users/nikko/Downloads/moi-main/project_root/data/temp_frames/video7/frame_00004.png,"[221, 122, 734, 1209]",LEFT_WRIST,-0.7660266204944793,-1.0617347420484105,0.9254195690155029,0.4910467825829983,0.7339219599962234,0.5166261145627041
00004,/Users/nikko/Downloads/moi-main/project_root/data/temp_frames/video7/frame_00004.png,"[221, 122, 734, 1209]",RIGHT_WRIST,0.7241229150231105,-1.2524979216887677,0.9933353662490845,0.4910467825829983,0.7339219599962234,0.5166261145627041
00004,/Users/nikko/Downloads/moi-main/project_root/data/temp_frames/video7/frame_00004.png,"[221, 122, 734, 1209]",LEFT_EYE,-0.3240709442811301,-0.682088556971442,0.9989219903945923,0.4910467825829983,0.7339219599962234,0.5166261145627041
00004,/Users/nikko/Downloads/moi-main/project_root/data/temp_frames/video7/frame_00004.png,"[221, 122, 734, 1209]",RIGHT_EYE,-0.2529953637336674,-0.6778908876472324,0.999313473701477,0.4910467825829983,0.7339219599962234,0.5166261145627041
00005,/Users/nikko/Downloads/moi-main/project_root/data/temp_frames/video7/frame_00005.png,"[214, 116, 735, 1210]",LEFT_SHOULDER,-0.5570502264353145,-0.3673213217788559,0.998837411403656,0.48804062604904175,0.7432108372449875,0.5510347391589705
00005,/Users/nikko/Downloads/moi-main/project_root/data/temp_frames/video7/frame_00005.png,"[214, 116, 735, 1210]",RIGHT_SHOULDER,0.1606065428917954,-0.41456427321113565,0.9978203773498535,0.48804062604904175,0.7432108372449875,0.5510347391589705
00005,/Users/nikko/Downloads/moi-main/project_root/data/temp_frames/video7/frame_00005.png,"[214, 116, 735, 1210]",LEFT_HIP,0.037945753889146956,0.38068398128357,0.9312980771064758,0.48804062604904175,0.7432108372449875,0.5510347391589705
00005,/Users/nikko/Downloads/moi-main/project_root/data/temp_frames/video7/frame_00005.png,"[214, 116, 735, 1210]",RIGHT_HIP,0.35849792965437216,0.40120161370642154,0.9461140036582947,0.48804062604904175,0.7432108372449875,0.5510347391589705
00005,/Users/nikko/Downloads/moi-main/project_root/data/temp_frames/video7/frame_00005.png,"[214, 116, 735, 1210]",RIGHT_ELBOW,0.7331855587128028,-0.7665117841360194,0.6337649822235107,0.48804062604904175,0.7432108372449875,0.5510347391589705
00005,/Users/nikko/Downloads/moi-main/project_root/data/temp_frames/video7/frame_00005.png,"[214, 116, 735, 1210]",LEFT_WRIST,-0.709702903846879,-0.9980530367105115,0.5068289637565613,0.48804062604904175,0.7432108372449875,0.5510347391589705
00005,/Users/nikko/Downloads/moi-main/project_root/data/temp_frames/video7/frame_00005.png,"[214, 116, 735, 1210]",RIGHT_WRIST,0.6955195287692358,-1.18102497473567,0.9057336449623108,0.48804062604904175,0.7432108372449875,0.5510347391589705
00005,/Users/nikko/Downloads/moi-main/project_root/data/temp_frames/video7/frame_00005.png,"[214, 116, 735, 1210]",LEFT_EYE,-0.38307339815397773,-0.6880375892785918,0.9964287877082825,0.48804062604904175,0.7432108372449875,0.5510347391589705
00005,/Users/nikko/Downloads/moi-main/project_root/data/temp_frames/video7/frame_00005.png,"[214, 116, 735, 1210]",RIGHT_EYE,-0.2897353261666501,-0.6934311991387823,0.9980903267860413,0.48804062604904175,0.7432108372449875,0.5510347391589705
00006,/Users/nikko/Downloads/moi-main/project_root/data/temp_frames/video7/frame_00006.png,"[213, 112, 747, 1195]",LEFT_SHOULDER,-0.5472856986545098,-0.3709101133784776,0.9994304776191711,0.48074790462851524,0.7328738868236542,0.5764135065766328
00006,/Users/nikko/Downloads/moi-main/project_root/data/temp_frames/video7/frame_00006.png,"[213, 112, 747, 1195]",RIGHT_SHOULDER,0.12920116289971523,-0.41780403391420784,0.9991207718849182,0.48074790462851524,0.7328738868236542,0.5764135065766328
00006,/Users/nikko/Downloads/moi-main/project_root/data/temp_frames/video7/frame_00006.png,"[213, 112, 747, 1195]",LEFT_HIP,0.06300639943605761,0.39997734765718246,0.9719989895820618,0.48074790462851524,0.7328738868236542,0.5764135065766328
00006,/Users/nikko/Downloads/moi-main/project_root/data/temp_frames/video7/frame_00006.png,"[213, 112, 747, 1195]",RIGHT_HIP,0.355078136318737,0.388736799635503,0.9805922508239746,0.48074790462851524,0.7328738868236542,0.5764135065766328
00006,/Users/nikko/Downloads/moi-main/project_root/data/temp_frames/video7/frame_00006.png,"[213, 112, 747, 1195]",RIGHT_ELBOW,0.7182855846202536,-0.7123570507068641,0.9146599769592285,0.48074790462851524,0.7328738868236542,0.5764135065766328
00006,/Users/nikko/Downloads/moi-main/project_root/data/temp_frames/video7/frame_00006.png,"[213, 112, 747, 1195]",LEFT_WRIST,-0.6457854949799916,-0.9176933684913825,0.583865761756897,0.48074790462851524,0.7328738868236542,0.5764135065766328
00006,/Users/nikko/Downloads/moi-main/project_root/data/temp_frames/video7/frame_00006.png,"[213, 112, 747, 1195]",RIGHT_WRIST,0.659306392027729,-1.0967689697908116,0.9849145412445068,0.48074790462851524,0.7328738868236542,0.5764135065766328
00006,/Users/nikko/Downloads/moi-main/project_root/data/temp_frames/video7/frame_00006.png,"[213, 112, 747, 1195]",RIGHT_ANKLE,0.5417145812954259,1.6151088910370408,0.5970849990844727,0.48074790462851524,0.7328738868236542,0.5764135065766328
00006,/Users/nikko/Downloads/moi-main/project_root/data/temp_frames/video7/frame_00006.png,"[213, 112, 747, 1195]",LEFT_EYE,-0.35481030171946515,-0.6834479242809798,0.9975647926330566,0.48074790462851524,0.7328738868236542,0.5764135065766328
00006,/Users/nikko/Downloads/moi-main/project_root/data/temp_frames/video7/frame_00006.png,"[213, 112, 747, 1195]",RIGHT_EYE,-0.26743270518966344,-0.6792584798054424,0.9988779425621033,0.48074790462851524,0.7328738868236542,0.5764135065766328
00007,/Users/nikko/Downloads/moi-main/project_root/data/temp_frames/video7/frame_00007.png,"[158, 103, 764, 1210]",LEFT_SHOULDER,-0.47551942453716106,-0.4030330555073718,0.9983592629432678,0.5041532069444656,0.721099466085434,0.5632437986119717
00007,/Users/nikko/Downloads/moi-main/project_root/data/temp_frames/video7/frame_00007.png,"[158, 103, 764, 1210]",RIGHT_SHOULDER,0.030934833763103152,-0.42202526744863256,0.999022364616394,0.5041532069444656,0.721099466085434,0.5632437986119717
00007,/Users/nikko/Downloads/moi-main/project_root/data/temp_frames/video7/frame_00007.png,"[158, 103, 764, 1210]",LEFT_HIP,0.09180060304124142,0.41524735368797167,0.9392975568771362,0.5041532069444656,0.721099466085434,0.5632437986119717
00007,/Users/nikko/Downloads/moi-main/project_root/data/temp_frames/video7/frame_00007.png,"[158, 103, 764, 1210]",RIGHT_HIP,0.3527839877328165,0.4098109692680327,0.9659220576286316,0.5041532069444656,0.721099466085434,0.5632437986119717
00007,/Users/nikko/Downloads/moi-main/project_root/data/temp_frames/video7/frame_00007.png,"[158, 103, 764, 1210]",RIGHT_ELBOW,0.6491018605002539,-0.7079602301218102,0.9718608260154724,0.5041532069444656,0.721099466085434,0.5632437986119717
00007,/Users/nikko/Downloads/moi-main/project_root/data/temp_frames/video7/frame_00007.png,"[158, 103, 764, 1210]",RIGHT_WRIST,0.6012799428066691,-1.0962410529920836,0.9923235177993774,0.5041532069444656,0.721099466085434,0.5632437986119717
00007,/Users/nikko/Downloads/moi-main/project_root/data/temp_frames/video7/frame_00007.png,"[158, 103, 764, 1210]",LEFT_EYE,-0.3362727637720365,-0.7055605677939558,0.994486391544342,0.5041532069444656,0.721099466085434,0.5632437986119717
00007,/Users/nikko/Downloads/moi-main/project_root/data/temp_frames/video7/frame_00007.png,"[158, 103, 764, 1210]",RIGHT_EYE,-0.26532065582642506,-0.7031223855733806,0.997161865234375,0.5041532069444656,0.721099466085434,0.5632437986119717
00008,/Users/nikko/Downloads/moi-main/project_root/data/temp_frames/video7/frame_00008.png,"[158, 103, 764, 1209]",LEFT_SHOULDER,-0.49207594633300566,-0.3954082127170038,0.998908519744873,0.49565258249640465,0.7153068855404854,0.568814142291022
00008,/Users/nikko/Downloads/moi-main/project_root/data/temp_frames/video7/frame_00008.png,"[158, 103, 764, 1209]",RIGHT_SHOULDER,0.03145518802367486,-0.4123514701083948,0.9994970560073853,0.49565258249640465,0.7153068855404854,0.568814142291022
00008,/Users/nikko/Downloads/moi-main/project_root/data/temp_frames/video7/frame_00008.png,"[158, 103, 764, 1209]",LEFT_HIP,0.0830444080225269,0.4069000284017165,0.9285492897033691,0.49565258249640465,0.7153068855404854,0.568814142291022
00008,/Users/nikko/Downloads/moi-main/project_root/data/temp_frames/video7/frame_00008.png,"[158, 103, 764, 1209]",RIGHT_HIP,0.37757635028680386,0.40085965442368215,0.9654302597045898,0.49565258249640465,0.7153068855404854,0.568814142291022
00008,/Users/nikko/Downloads/moi-main/project_root/data/temp_frames/video7/frame_00008.png,"[158, 103, 764, 1209]",RIGHT_ELBOW,0.6577023086888887,-0.6847659025616991,0.9731798768043518,0.49565258249640465,0.7153068855404854,0.568814142291022
00008,/Users/nikko/Downloads/moi-main/project_root/data/temp_frames/video7/frame_00008.png,"[158, 103, 764, 1209]",RIGHT_WRIST,0.6122995365235525,-1.065846368426804,0.996397852897644,0.49565258249640465,0.7153068855404854,0.568814142291022
00008,/Users/nikko/Downloads/moi-main/project_root/data/temp_frames/video7/frame_00008.png,"[158, 103, 764, 1209]",LEFT_EYE,-0.33179219070664917,-0.6967715178388724,0.9977516531944275,0.49565258249640465,0.7153068855404854,0.568814142291022
00008,/Users/nikko/Downloads/moi-main/project_root/data/temp_frames/video7/frame_00008.png,"[158, 103, 764, 1209]",RIGHT_EYE,-0.26139779559680476,-0.6943861338746093,0.9989783763885498,0.49565258249640465,0.7153068855404854,0.568814142291022
00009,/Users/nikko/Downloads/moi-main/project_root/data/temp_frames/video7/frame_00009.png,"[168, 103, 779, 1190]",LEFT_SHOULDER,-0.5240438007394816,-0.371198041401729,0.9987302422523499,0.47309260442852974,0.6869441345334053,0.5791686597924952
00009,/Users/nikko/Downloads/moi-main/project_root/data/temp_frames/video7/frame_00009.png,"[168, 103, 779, 1190]",RIGHT_SHOULDER,0.08656408730595488,-0.41696112950352815,0.9983345866203308,0.47309260442852974,0.6869441345334053,0.5791686597924952
00009,/Users/nikko/Downloads/moi-main/project_root/data/temp_frames/video7/frame_00009.png,"[168, 103, 779, 1190]",LEFT_HIP,0.05593210506925685,0.4017805991224948,0.9792675971984863,0.47309260442852974,0.6869441345334053,0.5791686597924952
00009,/Users/nikko/Downloads/moi-main/project_root/data/temp_frames/video7/frame_00009.png,"[168, 103, 779, 1190]",RIGHT_HIP,0.3815476083642699,0.3863785717827624,0.9872311949729919,0.47309260442852974,0.6869441345334053,0.5791686597924952
00009,/Users/nikko/Downloads/moi-main/project_root/data/temp_frames/video7/frame_00009.png,"[168, 103, 779, 1190]",RIGHT_ELBOW,0.6940973382210149,-0.6317606417729136,0.9404169917106628,0.47309260442852974,0.6869441345334053,0.5791686597924952
00009,/Users/nikko/Downloads/moi-main/project_root/data/temp_frames/video7/frame_00009.png,"[168, 103, 779, 1190]",RIGHT_WRIST,0.5954373596324243,-0.9973742917663367,0.9827958941459656,0.47309260442852974,0.6869441345334053,0.5791686597924952
00009,/Users/nikko/Downloads/moi-main/project_root/data/temp_frames/video7/frame_00009.png,"[168, 103, 779, 1190]",RIGHT_ANKLE,0.5958347111285502,1.562228817096243,0.6880193948745728,0.47309260442852974,0.6869441345334053,0.5791686597924952
00009,/Users/nikko/Downloads/moi-main/project_root/data/temp_frames/video7/frame_00009.png,"[168, 103, 779, 1190]",LEFT_EYE,-0.3335551555600904,-0.711505670295921,0.996768593788147,0.47309260442852974,0.6869441345334053,0.5791686597924952
00009,/Users/nikko/Downloads/moi-main/project_root/data/temp_frames/video7/frame_00009.png,"[168, 103, 779, 1190]",RIGHT_EYE,-0.2715974983232557,-0.710905577943186,0.9986515641212463,0.47309260442852974,0.6869441345334053,0.5791686597924952
00010,/Users/nikko/Downloads/moi-main/project_root/data/temp_frames/video7/frame_00010.png,"[168, 103, 779, 1191]",LEFT_SHOULDER,-0.5271238718483114,-0.37359154193450167,0.9988930821418762,0.4708743020892143,0.6887419000267982,0.5838680952584406
00010,/Users/nikko/Downloads/moi-main/project_root/data/temp_frames/video7/frame_00010.png,"[168, 103, 779, 1191]",RIGHT_SHOULDER,0.08320188382492785,-0.41093100760430007,0.9983626008033752,0.4708743020892143,0.6887419000267982,0.5838680952584406
00010,/Users/nikko/Downloads/moi-main/project_root/data/temp_frames/video7/frame_00010.png,"[168, 103, 779, 1191]",LEFT_HIP,0.05565239585395788,0.40010534388782776,0.9767289161682129,0.4708743020892143,0.6887419000267982,0.5838680952584406
00010,/Users/nikko/Downloads/moi-main/project_root/data/temp_frames/video7/frame_00010.png,"[168, 103, 779, 1191]",RIGHT_HIP,0.38826959216942575,0.384417205650974,0.9841607213020325,0.4708743020892143,0.6887419000267982,0.5838680952584406
00010,/Users/nikko/Downloads/moi-main/project_root/data/temp_frames/video7/frame_00010.png,"[168, 103, 779, 1191]",RIGHT_ELBOW,0.6810279982655351,-0.631524090105268,0.9348118305206299,0.4708743020892143,0.6887419000267982,0.5838680952584406
00010,/Users/nikko/Downloads/moi-main/project_root/data/temp_frames/video7/frame_00010.png,"[168, 103, 779, 1191]",RIGHT_WRIST,0.6005292572435884,-0.9999151386568494,0.9837312698364258,0.4708743020892143,0.6887419000267982,0.5838680952584406
00010,/Users/nikko/Downloads/moi-main/project_root/data/temp_frames/video7/frame_00010.png,"[168, 103, 779, 1191]",RIGHT_KNEE,0.6432200097916682,0.8619086560706947,0.5006852149963379,0.4708743020892143,0.6887419000267982,0.5838680952584406
00010,/Users/nikko/Downloads/moi-main/project_root/data/temp_frames/video7/frame_00010.png,"[168, 103, 779, 1191]",RIGHT_ANKLE,0.5800746306649185,1.5345508030876052,0.6638690233230591,0.4708743020892143,0.6887419000267982,0.5838680952584406
00010,/Users/nikko/Downloads/moi-main/project_root/data/temp_frames/video7/frame_00010.png,"[168, 103, 779, 1191]",LEFT_EYE,-0.2880047167621503,-0.6929162476093849,0.997607946395874,0.4708743020892143,0.6887419000267982,0.5838680952584406
00010,/Users/nikko/Downloads/moi-main/project_root/data/temp_frames/video7/frame_00010.png,"[168, 103, 779, 1191]",RIGHT_EYE,-0.21799355679050875,-0.693948130930776,0.9989527463912964,0.4708743020892143,0.6887419000267982,0.5838680952584406
00011,/Users/nikko/Downloads/moi-main/project_root/data/temp_frames/video7/frame_00011.png,"[179, 100, 788, 1213]",LEFT_SHOULDER,-0.5412992840767153,-0.3603685460432778,0.99842369556427,0.4402909390628338,0.6439834609627724,0.564653719688123
00011,/Users/nikko/Downloads/moi-main/project_root/data/temp_frames/video7/frame_00011.png,"[179, 100, 788, 1213]",RIGHT_SHOULDER,0.1145372591614179,-0.4090391943007276,0.996178388595581,0.4402909390628338,0.6439834609627724,0.564653719688123
00011,/Users/nikko/Downloads/moi-main/project_root/data/temp_frames/video7/frame_00011.png,"[179, 100, 788, 1213]",LEFT_HIP,0.0329467808000944,0.40179234011508785,0.981232762336731,0.4402909390628338,0.6439834609627724,0.564653719688123
00011,/Users/nikko/Downloads/moi-main/project_root/data/temp_frames/video7/frame_00011.png,"[179, 100, 788, 1213]",RIGHT_HIP,0.3938152441152031,0.36761540022891753,0.9841131567955017,0.4402909390628338,0.6439834609627724,0.564653719688123
00011,/Users/nikko/Downloads/moi-main/project_root/data/temp_frames/video7/frame_00011.png,"[179, 100, 788, 1213]",RIGHT_ELBOW,0.769381145911578,-0.593536601326719,0.9098747968673706,0.4402909390628338,0.6439834609627724,0.564653719688123
00011,/Users/nikko/Downloads/moi-main/project_root/data/temp_frames/video7/frame_00011.png,"[179, 100, 788, 1213]",RIGHT_WRIST,0.6455003607632351,-0.9542223672906051,0.9355213046073914,0.4402909390628338,0.6439834609627724,0.564653719688123
00011,/Users/nikko/Downloads/moi-main/project_root/data/temp_frames/video7/frame_00011.png,"[179, 100, 788, 1213]",LEFT_EYE,-0.31916492959324844,-0.7036686652805864,0.992602527141571,0.4402909390628338,0.6439834609627724,0.564653719688123
00011,/Users/nikko/Downloads/moi-main/project_root/data/temp_frames/video7/frame_00011.png,"[179, 100, 788, 1213]",RIGHT_EYE,-0.24013865328723263,-0.7073258054842233,0.9963014125823975,0.4402909390628338,0.6439834609627724,0.564653719688123
00012,/Users/nikko/Downloads/moi-main/project_root/data/temp_frames/video7/frame_00012.png,"[161, 96, 793, 1208]",LEFT_SHOULDER,-0.5480032921653362,-0.33404470969240196,0.9990010857582092,0.44788461923599243,0.606529951095581,0.5515510948877786
00012,/Users/nikko/Downloads/moi-main/project_root/data/temp_frames/video7/frame_00012.png,"[161, 96, 793, 1208]",RIGHT_SHOULDER,0.12594359171561387,-0.43346631339818786,0.9990519881248474,0.44788461923599243,0.606529951095581,0.5515510948877786
00012,/Users/nikko/Downloads/moi-main/project_root/data/temp_frames/video7/frame_00012.png,"[161, 96, 793, 1208]",LEFT_HIP,0.04150238699732437,0.39610722717910496,0.9664235711097717,0.44788461923599243,0.606529951095581,0.5515510948877786
00012,/Users/nikko/Downloads/moi-main/project_root/data/temp_frames/video7/frame_00012.png,"[161, 96, 793, 1208]",RIGHT_HIP,0.38055731345239796,0.3714037959114848,0.9795696139335632,0.44788461923599243,0.606529951095581,0.5515510948877786
00012,/Users/nikko/Downloads/moi-main/project_root/data/temp_frames/video7/frame_00012.png,"[161, 96, 793, 1208]",RIGHT_ELBOW,0.804380672449353,-0.5245802424214668,0.8681932091712952,0.44788461923599243,0.606529951095581,0.5515510948877786
00012,/Users/nikko/Downloads/moi-main/project_root/data/temp_frames/video7/frame_00012.png,"[161, 96, 793, 1208]",RIGHT_WRIST,0.663437013495287,-0.9066569552770177,0.9492225646972656,0.44788461923599243,0.606529951095581,0.5515510948877786
00012,/Users/nikko/Downloads/moi-main/project_root/data/temp_frames/video7/frame_00012.png,"[161, 96, 793, 1208]",LEFT_EYE,-0.33499618834921013,-0.7001708222416807,0.9991263747215271,0.44788461923599243,0.606529951095581,0.5515510948877786
00012,/Users/nikko/Downloads/moi-main/project_root/data/temp_frames/video7/frame_00012.png,"[161, 96, 793, 1208]",RIGHT_EYE,-0.2503839130745316,-0.7073230141973709,0.9996938705444336,0.44788461923599243,0.606529951095581,0.5515510948877786
00013,/Users/nikko/Downloads/moi-main/project_root/data/temp_frames/video7/frame_00013.png,"[161, 96, 794, 1209]",LEFT_SHOULDER,-0.5490390997135071,-0.33564285318465664,0.9991999268531799,0.44769079238176346,0.6062515825033188,0.5512584979914741
00013,/Users/nikko/Downloads/moi-main/project_root/data/temp_frames/video7/frame_00013.png,"[161, 96, 794, 1209]",RIGHT_SHOULDER,0.11519493173900235,-0.430073211882652,0.9989257454872131,0.44769079238176346,0.6062515825033188,0.5512584979914741
00013,/Users/nikko/Downloads/moi-main/project_root/data/temp_frames/video7/frame_00013.png,"[161, 96, 794, 1209]",LEFT_HIP,0.04826478609553253,0.39677151544166,0.9717003107070923,0.44769079238176346,0.6062515825033188,0.5512584979914741
00013,/Users/nikko/Downloads/moi-main/project_root/data/temp_frames/video7/frame_00013.png,"[161, 96, 794, 1209]",RIGHT_HIP,0.3855793818789722,0.36894454962564865,0.981634795665741,0.44769079238176346,0.6062515825033188,0.5512584979914741
00013,/Users/nikko/Downloads/moi-main/project_root/data/temp_frames/video7/frame_00013.png,"[161, 96, 794, 1209]",RIGHT_ELBOW,0.799279625950466,-0.5286919419722076,0.9326666593551636,0.44769079238176346,0.6062515825033188,0.5512584979914741
00013,/Users/nikko/Downloads/moi-main/project_root/data/temp_frames/video7/frame_00013.png,"[161, 96, 794, 1209]",RIGHT_WRIST,0.6604513303180636,-0.898804481345626,0.9677045941352844,0.44769079238176346,0.6062515825033188,0.5512584979914741
00013,/Users/nikko/Downloads/moi-main/project_root/data/temp_frames/video7/frame_00013.png,"[161, 96, 794, 1209]",LEFT_EYE,-0.3407905472208851,-0.7022377185124765,0.9985092282295227,0.44769079238176346,0.6062515825033188,0.5512584979914741
00013,/Users/nikko/Downloads/moi-main/project_root/data/temp_frames/video7/frame_00013.png,"[161, 96, 794, 1209]",RIGHT_EYE,-0.2540340668698623,-0.7102490809947197,0.9994182586669922,0.44769079238176346,0.6062515825033188,0.5512584979914741
00014,/Users/nikko/Downloads/moi-main/project_root/data/temp_frames/video7/frame_00014.png,"[166, 103, 795, 1182]",LEFT_SHOULDER,-0.5418138192996439,-0.33848641406017604,0.9995823502540588,0.44847937673330307,0.5860583260655403,0.5585986981141204
00014,/Users/nikko/Downloads/moi-main/project_root/data/temp_frames/video7/frame_00014.png,"[166, 103, 795, 1182]",RIGHT_SHOULDER,0.10904982476567777,-0.4308065519900535,0.9991256594657898,0.44847937673330307,0.5860583260655403,0.5585986981141204
00014,/Users/nikko/Downloads/moi-main/project_root/data/temp_frames/video7/frame_00014.png,"[166, 103, 795, 1182]",LEFT_HIP,0.04550238630313872,0.39693967622586707,0.993648111820221,0.44847937673330307,0.5860583260655403,0.5585986981141204
00014,/Users/nikko/Downloads/moi-main/project_root/data/temp_frames/video7/frame_00014.png,"[166, 103, 795, 1182]",RIGHT_HIP,0.38726160823082734,0.3723532898243625,0.995014488697052,0.44847937673330307,0.5860583260655403,0.5585986981141204
00014,/Users/nikko/Downloads/moi-main/project_root/data/temp_frames/video7/frame_00014.png,"[166, 103, 795, 1182]",RIGHT_ELBOW,0.808209562610001,-0.4756812394198229,0.9492030143737793,0.44847937673330307,0.5860583260655403,0.5585986981141204
00014,/Users/nikko/Downloads/moi-main/project_root/data/temp_frames/video7/frame_00014.png,"[166, 103, 795, 1182]",RIGHT_WRIST,0.6351579676267517,-0.8572903299981549,0.9758893251419067,0.44847937673330307,0.5860583260655403,0.5585986981141204
00014,/Users/nikko/Downloads/moi-main/project_root/data/temp_frames/video7/frame_00014.png,"[166, 103, 795, 1182]",RIGHT_KNEE,0.7215325123778054,0.7471905524560218,0.6491588950157166,0.44847937673330307,0.5860583260655403,0.5585986981141204
00014,/Users/nikko/Downloads/moi-main/project_root/data/temp_frames/video7/frame_00014.png,"[166, 103, 795, 1182]",RIGHT_ANKLE,0.45142158027872614,1.339732526907546,0.5557276606559753,0.44847937673330307,0.5860583260655403,0.5585986981141204
00014,/Users/nikko/Downloads/moi-main/project_root/data/temp_frames/video7/frame_00014.png,"[166, 103, 795, 1182]",LEFT_EYE,-0.2866620766786818,-0.6922560906000259,0.9994460940361023,0.44847937673330307,0.5860583260655403,0.5585986981141204
00014,/Users/nikko/Downloads/moi-main/project_root/data/temp_frames/video7/frame_00014.png,"[166, 103, 795, 1182]",RIGHT_EYE,-0.2130706026112454,-0.6991986447441685,0.9997815489768982,0.44847937673330307,0.5860583260655403,0.5585986981141204
00015,/Users/nikko/Downloads/moi-main/project_root/data/temp_frames/video7/frame_00015.png,"[184, 115, 791, 1184]",LEFT_SHOULDER,-0.5500639594209615,-0.3265333987068178,0.9991421699523926,0.42934490740299225,0.5502121448516846,0.5720833615437565
00015,/Users/nikko/Downloads/moi-main/project_root/data/temp_frames/video7/frame_00015.png,"[184, 115, 791, 1184]",RIGHT_SHOULDER,0.11715510715136447,-0.4303583119074999,0.9989128112792969,0.42934490740299225,0.5502121448516846,0.5720833615437565
00015,/Users/nikko/Downloads/moi-main/project_root/data/temp_frames/video7/frame_00015.png,"[184, 115, 791, 1184]",LEFT_HIP,0.032760560503305725,0.3874949078724792,0.9869391918182373,0.42934490740299225,0.5502121448516846,0.5720833615437565
00015,/Users/nikko/Downloads/moi-main/project_root/data/temp_frames/video7/frame_00015.png,"[184, 115, 791, 1184]",RIGHT_HIP,0.4001482917662913,0.3693968027418385,0.9925562739372253,0.42934490740299225,0.5502121448516846,0.5720833615437565
00015,/Users/nikko/Downloads/moi-main/project_root/data/temp_frames/video7/frame_00015.png,"[184, 115, 791, 1184]",RIGHT_ELBOW,0.8449669068431246,-0.42949911946076647,0.9584455490112305,0.42934490740299225,0.5502121448516846,0.5720833615437565
00015,/Users/nikko/Downloads/moi-main/project_root/data/temp_frames/video7/frame_00015.png,"[184, 115, 791, 1184]",RIGHT_WRIST,0.6573151714401789,-0.801142609127263,0.9891064763069153,0.42934490740299225,0.5502121448516846,0.5720833615437565
00015,/Users/nikko/Downloads/moi-main/project_root/data/temp_frames/video7/frame_00015.png,"[184, 115, 791, 1184]",RIGHT_KNEE,0.6195967636833813,0.7661698221251474,0.6746329069137573,0.42934490740299225,0.5502121448516846,0.5720833615437565
00015,/Users/nikko/Downloads/moi-main/project_root/data/temp_frames/video7/frame_00015.png,"[184, 115, 791, 1184]",RIGHT_ANKLE,0.3479901581163659,1.3746849932506071,0.7156914472579956,0.42934490740299225,0.5502121448516846,0.5720833615437565
00015,/Users/nikko/Downloads/moi-main/project_root/data/temp_frames/video7/frame_00015.png,"[184, 115, 791, 1184]",LEFT_EYE,-0.24586784521499794,-0.6787868037924023,0.9969342947006226,0.42934490740299225,0.5502121448516846,0.5720833615437565
00015,/Users/nikko/Downloads/moi-main/project_root/data/temp_frames/video7/frame_00015.png,"[184, 115, 791, 1184]",RIGHT_EYE,-0.18986764757844288,-0.6867375507520426,0.9989988207817078,0.42934490740299225,0.5502121448516846,0.5720833615437565
00016,/Users/nikko/Downloads/moi-main/project_root/data/temp_frames/video7/frame_00016.png,"[181, 119, 792, 1184]",LEFT_SHOULDER,-0.5461075876876859,-0.3368560887875773,0.9996285438537598,0.42627331987023354,0.5205434784293175,0.5725803166194676
00016,/Users/nikko/Downloads/moi-main/project_root/data/temp_frames/video7/frame_00016.png,"[181, 119, 792, 1184]",RIGHT_SHOULDER,0.12977347823002863,-0.4295705742460278,0.9993574023246765,0.42627331987023354,0.5205434784293175,0.5725803166194676
00016,/Users/nikko/Downloads/moi-main/project_root/data/temp_frames/video7/frame_00016.png,"[181, 119, 792, 1184]",LEFT_HIP,0.02787642856992769,0.3859844285976255,0.9907786846160889,0.42627331987023354,0.5205434784293175,0.5725803166194676
00016,/Users/nikko/Downloads/moi-main/project_root/data/temp_frames/video7/frame_00016.png,"[181, 119, 792, 1184]",RIGHT_HIP,0.3884576808877296,0.3804422344359796,0.9945289492607117,0.42627331987023354,0.5205434784293175,0.5725803166194676
00016,/Users/nikko/Downloads/moi-main/project_root/data/temp_frames/video7/frame_00016.png,"[181, 119, 792, 1184]",RIGHT_ELBOW,0.861306048568015,-0.3861973877205817,0.8995380401611328,0.42627331987023354,0.5205434784293175,0.5725803166194676
00016,/Users/nikko/Downloads/moi-main/project_root/data/temp_frames/video7/frame_00016.png,"[181, 119, 792, 1184]",RIGHT_WRIST,0.6673971250102078,-0.7567052469291844,0.972714364528656,0.42627331987023354,0.5205434784293175,0.5725803166194676
00016,/Users/nikko/Downloads/moi-main/project_root/data/temp_frames/video7/frame_00016.png,"[181, 119, 792, 1184]",LEFT_EYE,-0.23603002208571108,-0.689001500124428,0.9997550845146179,0.42627331987023354,0.5205434784293175,0.5725803166194676
00016,/Users/nikko/Downloads/moi-main/project_root/data/temp_frames/video7/frame_00016.png,"[181, 119, 792, 1184]",RIGHT_EYE,-0.17391299749580583,-0.6971166402289048,0.9999237060546875,0.42627331987023354,0.5205434784293175,0.5725803166194676
00017,/Users/nikko/Downloads/moi-main/project_root/data/temp_frames/video7/frame_00017.png,"[193, 103, 786, 1189]",LEFT_SHOULDER,-0.5454927777473735,-0.32662992318866635,0.9988847374916077,0.4285905212163925,0.4889841005206108,0.5385174761969592
00017,/Users/nikko/Downloads/moi-main/project_root/data/temp_frames/video7/frame_00017.png,"[193, 103, 786, 1189]",RIGHT_SHOULDER,0.1259851600585611,-0.43717048247547374,0.9990755319595337,0.4285905212163925,0.4889841005206108,0.5385174761969592
00017,/Users/nikko/Downloads/moi-main/project_root/data/temp_frames/video7/frame_00017.png,"[193, 103, 786, 1189]",LEFT_HIP,0.02957725014561912,0.3865213221717647,0.9922635555267334,0.4285905212163925,0.4889841005206108,0.5385174761969592
00017,/Users/nikko/Downloads/moi-main/project_root/data/temp_frames/video7/frame_00017.png,"[193, 103, 786, 1189]",RIGHT_HIP,0.38993036754319327,0.3772790834923754,0.9953368306159973,0.4285905212163925,0.4889841005206108,0.5385174761969592
00017,/Users/nikko/Downloads/moi-main/project_root/data/temp_frames/video7/frame_00017.png,"[193, 103, 786, 1189]",RIGHT_ELBOW,0.89076181606056,-0.3473229659783154,0.9224157929420471,0.4285905212163925,0.4889841005206108,0.5385174761969592
00017,/Users/nikko/Downloads/moi-main/project_root/data/temp_frames/video7/frame_00017.png,"[193, 103, 786, 1189]",RIGHT_WRIST,0.71644884694524,-0.7325732894037615,0.9814550280570984,0.4285905212163925,0.4889841005206108,0.5385174761969592
00017,/Users/nikko/Downloads/moi-main/project_root/data/temp_frames/video7/frame_00017.png,"[193, 103, 786, 1189]",LEFT_EYE,-0.30491482119989255,-0.7007997734580982,0.998163640499115,0.4285905212163925,0.4889841005206108,0.5385174761969592
00017,/Users/nikko/Downloads/moi-main/project_root/data/temp_frames/video7/frame_00017.png,"[193, 103, 786, 1189]",RIGHT_EYE,-0.22067538294525893,-0.7087509106199761,0.9995513558387756,0.4285905212163925,0.4889841005206108,0.5385174761969592
00018,/Users/nikko/Downloads/moi-main/project_root/data/temp_frames/video7/frame_00018.png,"[193, 103, 786, 1189]",LEFT_SHOULDER,-0.5487028914181571,-0.3237739635653559,0.9989047050476074,0.4293743669986725,0.48945823311805725,0.5405508276876143
00018,/Users/nikko/Downloads/moi-main/project_root/data/temp_frames/video7/frame_00018.png,"[193, 103, 786, 1189]",RIGHT_SHOULDER,0.1332351704966631,-0.437648267321615,0.9991002082824707,0.4293743669986725,0.48945823311805725,0.5405508276876143
00018,/Users/nikko/Downloads/moi-main/project_root/data/temp_frames/video7/frame_00018.png,"[193, 103, 786, 1189]",LEFT_HIP,0.02644526846801064,0.3853780345494377,0.9927436113357544,0.4293743669986725,0.48945823311805725,0.5405508276876143
00018,/Users/nikko/Downloads/moi-main/project_root/data/temp_frames/video7/frame_00018.png,"[193, 103, 786, 1189]",RIGHT_HIP,0.3890224524534834,0.3760441963375332,0.9954826831817627,0.4293743669986725,0.48945823311805725,0.5405508276876143
00018,/Users/nikko/Downloads/moi-main/project_root/data/temp_frames/video7/frame_00018.png,"[193, 103, 786, 1189]",RIGHT_ELBOW,0.887732003940849,-0.34883908145710607,0.9178290963172913,0.4293743669986725,0.48945823311805725,0.5405508276876143
00018,/Users/nikko/Downloads/moi-main/project_root/data/temp_frames/video7/frame_00018.png,"[193, 103, 786, 1189]",RIGHT_WRIST,0.7102248911046083,-0.7333515653760018,0.9792068004608154,0.4293743669986725,0.48945823311805725,0.5405508276876143
00018,/Users/nikko/Downloads/moi-main/project_root/data/temp_frames/video7/frame_00018.png,"[193, 103, 786, 1189]",LEFT_EYE,-0.30837508223266313,-0.6978707984798037,0.9982749223709106,0.4293743669986725,0.48945823311805725,0.5405508276876143
00018,/Users/nikko/Downloads/moi-main/project_root/data/temp_frames/video7/frame_00018.png,"[193, 103, 786, 1189]",RIGHT_EYE,-0.22301580417620465,-0.7070078661325793,0.9995693564414978,0.4293743669986725,0.48945823311805725,0.5405508276876143
00019,/Users/nikko/Downloads/moi-main/project_root/data/temp_frames/video7/frame_00019.png,"[198, 96, 780, 1182]",LEFT_SHOULDER,-0.5530984238328411,-0.3133365701964662,0.9993473887443542,0.4315636921674013,0.47519610077142715,0.5579600292328794
00019,/Users/nikko/Downloads/moi-main/project_root/data/temp_frames/video7/frame_00019.png,"[198, 96, 780, 1182]",RIGHT_SHOULDER,0.14104032389754892,-0.4426503657371436,0.9993851184844971,0.4315636921674013,0.47519610077142715,0.5579600292328794
00019,/Users/nikko/Downloads/moi-main/project_root/data/temp_frames/video7/frame_00019.png,"[198, 96, 780, 1182]",LEFT_HIP,0.024045116517033508,0.3862696530070757,0.9879987239837646,0.4315636921674013,0.47519610077142715,0.5579600292328794
00019,/Users/nikko/Downloads/moi-main/project_root/data/temp_frames/video7/frame_00019.png,"[198, 96, 780, 1182]",RIGHT_HIP,0.38801298341825874,0.3697172829265341,0.9926130771636963,0.4315636921674013,0.47519610077142715,0.5579600292328794
00019,/Users/nikko/Downloads/moi-main/project_root/data/temp_frames/video7/frame_00019.png,"[198, 96, 780, 1182]",RIGHT_ELBOW,0.8476532652278228,-0.3057002729680436,0.938666045665741,0.4315636921674013,0.47519610077142715,0.5579600292328794
00019,/Users/nikko/Downloads/moi-main/project_root/data/temp_frames/video7/frame_00019.png,"[198, 96, 780, 1182]",RIGHT_WRIST,0.6706142544594385,-0.6689013026954165,0.9728298783302307,0.4315636921674013,0.47519610077142715,0.5579600292328794
00019,/Users/nikko/Downloads/moi-main/project_root/data/temp_frames/video7/frame_00019.png,"[198, 96, 780, 1182]",LEFT_EYE,-0.2552330109430153,-0.683816070071834,0.99960857629776,0.4315636921674013,0.47519610077142715,0.5579600292328794
00019,/Users/nikko/Downloads/moi-main/project_root/data/temp_frames/video7/frame_00019.png,"[198, 96, 780, 1182]",RIGHT_EYE,-0.19049099954761983,-0.6944082163456468,0.9998841285705566,0.4315636921674013,0.47519610077142715,0.5579600292328794
00020,/Users/nikko/Downloads/moi-main/project_root/data/temp_frames/video7/frame_00020.png,"[197, 97, 774, 1197]",LEFT_SHOULDER,-0.5533298512979148,-0.3262340526660359,0.9992349147796631,0.43571677431464195,0.44455353170633316,0.5324642478832133
00020,/Users/nikko/Downloads/moi-main/project_root/data/temp_frames/video7/frame_00020.png,"[197, 97, 774, 1197]",RIGHT_SHOULDER,0.1484254818252358,-0.4428533609752408,0.9990088939666748,0.43571677431464195,0.44455353170633316,0.5324642478832133
00020,/Users/nikko/Downloads/moi-main/project_root/data/temp_frames/video7/frame_00020.png,"[197, 97, 774, 1197]",LEFT_HIP,0.038798183842430556,0.3930039368894563,0.9949719905853271,0.43571677431464195,0.44455353170633316,0.5324642478832133
00020,/Users/nikko/Downloads/moi-main/project_root/data/temp_frames/video7/frame_00020.png,"[197, 97, 774, 1197]",RIGHT_HIP,0.36610618563024844,0.3760834767518204,0.996720016002655,0.43571677431464195,0.44455353170633316,0.5324642478832133
00020,/Users/nikko/Downloads/moi-main/project_root/data/temp_frames/video7/frame_00020.png,"[197, 97, 774, 1197]",RIGHT_ELBOW,0.8933436040857308,-0.26061377576952155,0.920956015586853,0.43571677431464195,0.44455353170633316,0.5324642478832133
00020,/Users/nikko/Downloads/moi-main/project_root/data/temp_frames/video7/frame_00020.png,"[197, 97, 774, 1197]",RIGHT_WRIST,0.7239457923346074,-0.6494690767679825,0.9711248874664307,0.43571677431464195,0.44455353170633316,0.5324642478832133
00020,/Users/nikko/Downloads/moi-main/project_root/data/temp_frames/video7/frame_00020.png,"[197, 97, 774, 1197]",RIGHT_KNEE,0.6500635330944828,0.9212998705846692,0.5299088954925537,0.43571677431464195,0.44455353170633316,0.5324642478832133
00020,/Users/nikko/Downloads/moi-main/project_root/data/temp_frames/video7/frame_00020.png,"[197, 97, 774, 1197]",LEFT_EYE,-0.29789943917091677,-0.707495743768816,0.9987154006958008,0.43571677431464195,0.44455353170633316,0.5324642478832133
00020,/Users/nikko/Downloads/moi-main/project_root/data/temp_frames/video7/frame_00020.png,"[197, 97, 774, 1197]",RIGHT_EYE,-0.21463567443653178,-0.7216070274834987,0.9996161460876465,0.43571677431464195,0.44455353170633316,0.5324642478832133
00021,/Users/nikko/Downloads/moi-main/project_root/data/temp_frames/video7/frame_00021.png,"[194, 62, 759, 1196]",LEFT_SHOULDER,-0.583982639165188,-0.3249780081867443,0.9995664954185486,0.45333245769143105,0.43208441138267517,0.5110099761223479
00021,/Users/nikko/Downloads/moi-main/project_root/data/temp_frames/video7/frame_00021.png,"[194, 62, 759, 1196]",RIGHT_SHOULDER,0.18638923457960554,-0.4285584773918553,0.9989796280860901,0.45333245769143105,0.43208441138267517,0.5110099761223479
00021,/Users/nikko/Downloads/moi-main/project_root/data/temp_frames/video7/frame_00021.png,"[194, 62, 759, 1196]",LEFT_HIP,0.0353688850508455,0.3834622619347121,0.9971605539321899,0.45333245769143105,0.43208441138267517,0.5110099761223479
00021,/Users/nikko/Downloads/moi-main/project_root/data/temp_frames/video7/frame_00021.png,"[194, 62, 759, 1196]",RIGHT_HIP,0.36222451953473694,0.37007422364388753,0.9984627962112427,0.45333245769143105,0.43208441138267517,0.5110099761223479
00021,/Users/nikko/Downloads/moi-main/project_root/data/temp_frames/video7/frame_00021.png,"[194, 62, 759, 1196]",RIGHT_ELBOW,0.9150436579149983,-0.21618410063465787,0.979472279548645,0.45333245769143105,0.43208441138267517,0.5110099761223479
00021,/Users/nikko/Downloads/moi-main/project_root/data/temp_frames/video7/frame_00021.png,"[194, 62, 759, 1196]",RIGHT_WRIST,0.7763616372276965,-0.601891305525191,0.9864535927772522,0.45333245769143105,0.43208441138267517,0.5110099761223479
00021,/Users/nikko/Downloads/moi-main/project_root/data/temp_frames/video7/frame_00021.png,"[194, 62, 759, 1196]",RIGHT_KNEE,0.6733198155293552,0.8976462138787791,0.963196337223053,0.45333245769143105,0.43208441138267517,0.5110099761223479
00021,/Users/nikko/Downloads/moi-main/project_root/data/temp_frames/video7/frame_00021.png,"[194, 62, 759, 1196]",LEFT_ANKLE,-0.2355005930546076,1.4562512056427142,0.734472930431366,0.45333245769143105,0.43208441138267517,0.5110099761223479
00021,/Users/nikko/Downloads/moi-main/project_root/data/temp_frames/video7/frame_00021.png,"[194, 62, 759, 1196]",RIGHT_ANKLE,0.3458815016127942,1.3839590648164342,0.9400113821029663,0.45333245769143105,0.43208441138267517,0.5110099761223479
00021,/Users/nikko/Downloads/moi-main/project_root/data/temp_frames/video7/frame_00021.png,"[194, 62, 759, 1196]",LEFT_EYE,-0.267211861203804,-0.7368212520817239,0.9984733462333679,0.45333245769143105,0.43208441138267517,0.5110099761223479
00021,/Users/nikko/Downloads/moi-main/project_root/data/temp_frames/video7/frame_00021.png,"[194, 62, 759, 1196]",RIGHT_EYE,-0.20908330376850282,-0.7384599906007563,0.9994322657585144,0.45333245769143105,0.43208441138267517,0.5110099761223479
00022,/Users/nikko/Downloads/moi-main/project_root/data/temp_frames/video7/frame_00022.png,"[189, 38, 748, 1195]",LEFT_SHOULDER,-0.5985850605998695,-0.3101488376660443,0.9997015595436096,0.4687049351632595,0.4233994260430336,0.5011281211824553
00022,/Users/nikko/Downloads/moi-main/project_root/data/temp_frames/video7/frame_00022.png,"[189, 38, 748, 1195]",RIGHT_SHOULDER,0.20443068237404238,-0.4249567487460646,0.9989578723907471,0.4687049351632595,0.4233994260430336,0.5011281211824553
00022,/Users/nikko/Downloads/moi-main/project_root/data/temp_frames/video7/frame_00022.png,"[189, 38, 748, 1195]",LEFT_HIP,0.02186355077237088,0.37429097530113514,0.9987363219261169,0.4687049351632595,0.4233994260430336,0.5011281211824553
00022,/Users/nikko/Downloads/moi-main/project_root/data/temp_frames/video7/frame_00022.png,"[189, 38, 748, 1195]",RIGHT_HIP,0.3722908274534562,0.3608146111109738,0.9992270469665527,0.4687049351632595,0.4233994260430336,0.5011281211824553
00022,/Users/nikko/Downloads/moi-main/project_root/data/temp_frames/video7/frame_00022.png,"[189, 38, 748, 1195]",RIGHT_ELBOW,0.8783559387190976,-0.17545102956917774,0.8476340770721436,0.4687049351632595,0.4233994260430336,0.5011281211824553
00022,/Users/nikko/Downloads/moi-main/project_root/data/temp_frames/video7/frame_00022.png,"[189, 38, 748, 1195]",RIGHT_WRIST,0.8319051047453012,-0.5780190066974793,0.9056659936904907,0.4687049351632595,0.4233994260430336,0.5011281211824553
00022,/Users/nikko/Downloads/moi-main/project_root/data/temp_frames/video7/frame_00022.png,"[189, 38, 748, 1195]",RIGHT_KNEE,0.6748957028266159,0.9245493027485157,0.8475285768508911,0.4687049351632595,0.4233994260430336,0.5011281211824553
00022,/Users/nikko/Downloads/moi-main/project_root/data/temp_frames/video7/frame_00022.png,"[189, 38, 748, 1195]",RIGHT_ANKLE,0.33638648574148533,1.3920972968931917,0.5954501628875732,0.4687049351632595,0.4233994260430336,0.5011281211824553
00022,/Users/nikko/Downloads/moi-main/project_root/data/temp_frames/video7/frame_00022.png,"[189, 38, 748, 1195]",LEFT_EYE,-0.23794709163754063,-0.7248126018749316,0.9993523955345154,0.4687049351632595,0.4233994260430336,0.5011281211824553
00022,/Users/nikko/Downloads/moi-main/project_root/data/temp_frames/video7/frame_00022.png,"[189, 38, 748, 1195]",RIGHT_EYE,-0.1703675908610977,-0.72309370472382,0.9997448325157166,0.4687049351632595,0.4233994260430336,0.5011281211824553
00023,/Users/nikko/Downloads/moi-main/project_root/data/temp_frames/video7/frame_00023.png,"[187, 31, 749, 1191]",LEFT_SHOULDER,-0.5838383828491734,-0.30635100029277107,0.9996415376663208,0.4743064269423485,0.416077584028244,0.49916066352588156
00023,/Users/nikko/Downloads/moi-main/project_root/data/temp_frames/video7/frame_00023.png,"[187, 31, 749, 1191]",RIGHT_SHOULDER,0.22082725222026103,-0.4329515942526115,0.9990699887275696,0.4743064269423485,0.416077584028244,0.49916066352588156
00023,/Users/nikko/Downloads/moi-main/project_root/data/temp_frames/video7/frame_00023.png,"[187, 31, 749, 1191]",LEFT_HIP,-0.0015708799011190464,0.37607028722657365,0.9981991648674011,0.4743064269423485,0.416077584028244,0.49916066352588156
00023,/Users/nikko/Downloads/moi-main/project_root/data/temp_frames/video7/frame_00023.png,"[187, 31, 749, 1191]",RIGHT_HIP,0.3645820105300314,0.3632323073188089,0.9988521337509155,0.4743064269423485,0.416077584028244,0.49916066352588156
00023,/Users/nikko/Downloads/moi-main/project_root/data/temp_frames/video7/frame_00023.png,"[187, 31, 749, 1191]",RIGHT_ELBOW,0.8162424242353441,-0.14931286374708688,0.8933058977127075,0.4743064269423485,0.416077584028244,0.49916066352588156
00023,/Users/nikko/Downloads/moi-main/project_root/data/temp_frames/video7/frame_00023.png,"[187, 31, 749, 1191]",RIGHT_WRIST,0.8119293444464046,-0.5462123291697781,0.9137581586837769,0.4743064269423485,0.416077584028244,0.49916066352588156
00023,/Users/nikko/Downloads/moi-main/project_root/data/temp_frames/video7/frame_00023.png,"[187, 31, 749, 1191]",RIGHT_KNEE,0.6679687237458222,0.9161970781398839,0.8539432287216187,0.4743064269423485,0.416077584028244,0.49916066352588156
00023,/Users/nikko/Downloads/moi-main/project_root/data/temp_frames/video7/frame_00023.png,"[187, 31, 749, 1191]",RIGHT_ANKLE,0.3744416727164305,1.3910771933202366,0.6295279860496521,0.4743064269423485,0.416077584028244,0.49916066352588156
00023,/Users/nikko/Downloads/moi-main/project_root/data/temp_frames/video7/frame_00023.png,"[187, 31, 749, 1191]",LEFT_EYE,-0.21823746393863128,-0.714513498327858,0.9993230104446411,0.4743064269423485,0.416077584028244,0.49916066352588156
00023,/Users/nikko/Downloads/moi-main/project_root/data/temp_frames/video7/frame_00023.png,"[187, 31, 749, 1191]",RIGHT_EYE,-0.15088302718976923,-0.7169885338498762,0.9996826648712158,0.4743064269423485,0.416077584028244,0.49916066352588156
00024,/Users/nikko/Downloads/moi-main/project_root/data/temp_frames/video7/frame_00024.png,"[179, 21, 743, 1194]",LEFT_SHOULDER,-0.5863495641849646,-0.3075861204188173,0.9997079968452454,0.4882359430193901,0.4117122031748295,0.499981624055961
00024,/Users/nikko/Downloads/moi-main/project_root/data/temp_frames/video7/frame_00024.png,"[179, 21, 743, 1194]",RIGHT_SHOULDER,0.22058726923865887,-0.4307823325967007,0.9988677501678467,0.4882359430193901,0.4117122031748295,0.499981624055961
00024,/Users/nikko/Downloads/moi-main/project_root/data/temp_frames/video7/frame_00024.png,"[179, 21, 743, 1194]",LEFT_HIP,0.0003802469049751043,0.3755336062255711,0.998254120349884,0.4882359430193901,0.4117122031748295,0.499981624055961
00024,/Users/nikko/Downloads/moi-main/project_root/data/temp_frames/video7/frame_00024.png,"[179, 21, 743, 1194]",RIGHT_HIP,0.3653820480413307,0.3628348467899468,0.9986571073532104,0.4882359430193901,0.4117122031748295,0.499981624055961
00024,/Users/nikko/Downloads/moi-main/project_root/data/temp_frames/video7/frame_00024.png,"[179, 21, 743, 1194]",RIGHT_ELBOW,0.7677835023987819,-0.13245885362522,0.7994673848152161,0.4882359430193901,0.4117122031748295,0.499981624055961
00024,/Users/nikko/Downloads/moi-main/project_root/data/temp_frames/video7/frame_00024.png,"[179, 21, 743, 1194]",RIGHT_WRIST,0.8181597425154836,-0.49786210679825815,0.7158120274543762,0.4882359430193901,0.4117122031748295,0.499981624055961
00024,/Users/nikko/Downloads/moi-main/project_root/data/temp_frames/video7/frame_00024.png,"[179, 21, 743, 1194]",RIGHT_KNEE,0.6486636526794923,0.9390364813567784,0.6165753602981567,0.4882359430193901,0.4117122031748295,0.499981624055961
00024,/Users/nikko/Downloads/moi-main/project_root/data/temp_frames/video7/frame_00024.png,"[179, 21, 743, 1194]",LEFT_EYE,-0.22962530467920636,-0.6999049667989223,0.9988117218017578,0.4882359430193901,0.4117122031748295,0.499981624055961
00024,/Users/nikko/Downloads/moi-main/project_root/data/temp_frames/video7/frame_00024.png,"[179, 21, 743, 1194]",RIGHT_EYE,-0.1402815727488534,-0.7050515103809903,0.9993522763252258,0.4882359430193901,0.4117122031748295,0.499981624055961
00025,/Users/nikko/Downloads/moi-main/project_root/data/temp_frames/video7/frame_00025.png,"[178, 21, 742, 1194]",LEFT_SHOULDER,-0.5857363594217738,-0.30720048766489455,0.9997124075889587,0.49114711955189705,0.411541685461998,0.5002281312877064
00025,/Users/nikko/Downloads/moi-main/project_root/data/temp_frames/video7/frame_00025.png,"[178, 21, 742, 1194]",RIGHT_SHOULDER,0.21644964771396003,-0.4315846442612722,0.9988344311714172,0.49114711955189705,0.411541685461998,0.5002281312877064
00025,/Users/nikko/Downloads/moi-main/project_root/data/temp_frames/video7/frame_00025.png,"[178, 21, 742, 1194]",LEFT_HIP,0.0024102881365023463,0.3757633031092678,0.9976307153701782,0.49114711955189705,0.411541685461998,0.5002281312877064
00025,/Users/nikko/Downloads/moi-main/project_root/data/temp_frames/video7/frame_00025.png,"[178, 21, 742, 1194]",RIGHT_HIP,0.36687642357131145,0.3630218288168989,0.9982526898384094,0.49114711955189705,0.411541685461998,0.5002281312877064
00025,/Users/nikko/Downloads/moi-main/project_root/data/temp_frames/video7/frame_00025.png,"[178, 21, 742, 1194]",RIGHT_ELBOW,0.7768151163094764,-0.12850098899612625,0.819462776184082,0.49114711955189705,0.411541685461998,0.5002281312877064
00025,/Users/nikko/Downloads/moi-main/project_root/data/temp_frames/video7/frame_00025.png,"[178, 21, 742, 1194]",RIGHT_WRIST,0.8088910259729472,-0.5045874998357092,0.6970681548118591,0.49114711955189705,0.411541685461998,0.5002281312877064
00025,/Users/nikko/Downloads/moi-main/project_root/data/temp_frames/video7/frame_00025.png,"[178, 21, 742, 1194]",RIGHT_KNEE,0.6376018911589344,0.9406470072534725,0.5562268495559692,0.49114711955189705,0.411541685461998,0.5002281312877064
00025,/Users/nikko/Downloads/moi-main/project_root/data/temp_frames/video7/frame_00025.png,"[178, 21, 742, 1194]",LEFT_EYE,-0.21957664526884468,-0.7053345319089097,0.9992133378982544,0.49114711955189705,0.411541685461998,0.5002281312877064
00025,/Users/nikko/Downloads/moi-main/project_root/data/temp_frames/video7/frame_00025.png,"[178, 21, 742, 1194]",RIGHT_EYE,-0.14012771684776545,-0.7097764561762032,0.9995617270469666,0.49114711955189705,0.411541685461998,0.5002281312877064
00026,/Users/nikko/Downloads/moi-main/project_root/data/temp_frames/video7/frame_00026.png,"[172, 21, 756, 1195]",LEFT_SHOULDER,-0.5782899663067645,-0.30358549642561566,0.9997854828834534,0.48732126876711845,0.4100024811923504,0.49181358308160594
00026,/Users/nikko/Downloads/moi-main/project_root/data/temp_frames/video7/frame_00026.png,"[172, 21, 756, 1195]",RIGHT_SHOULDER,0.2127338412445631,-0.4397654107973268,0.9985926747322083,0.48732126876711845,0.4100024811923504,0.49181358308160594
00026,/Users/nikko/Downloads/moi-main/project_root/data/temp_frames/video7/frame_00026.png,"[172, 21, 756, 1195]",LEFT_HIP,0.0022003677651406665,0.37929477227466124,0.9971338510513306,0.48732126876711845,0.4100024811923504,0.49181358308160594
00026,/Users/nikko/Downloads/moi-main/project_root/data/temp_frames/video7/frame_00026.png,"[172, 21, 756, 1195]",RIGHT_HIP,0.3633557572970608,0.3640561349482812,0.9974105954170227,0.48732126876711845,0.4100024811923504,0.49181358308160594
00026,/Users/nikko/Downloads/moi-main/project_root/data/temp_frames/video7/frame_00026.png,"[172, 21, 756, 1195]",RIGHT_ELBOW,0.7305585848664004,-0.136903977791613,0.7431844472885132,0.48732126876711845,0.4100024811923504,0.49181358308160594
00026,/Users/nikko/Downloads/moi-main/project_root/data/temp_frames/video7/frame_00026.png,"[172, 21, 756, 1195]",RIGHT_WRIST,0.7887064122434531,-0.49985230502420014,0.5818867683410645,0.48732126876711845,0.4100024811923504,0.49181358308160594
00026,/Users/nikko/Downloads/moi-main/project_root/data/temp_frames/video7/frame_00026.png,"[172, 21, 756, 1195]",RIGHT_KNEE,0.6386654981739888,0.9338589835958425,0.5005509853363037,0.48732126876711845,0.4100024811923504,0.49181358308160594
00026,/Users/nikko/Downloads/moi-main/project_root/data/temp_frames/video7/frame_00026.png,"[172, 21, 756, 1195]",LEFT_EYE,-0.21429346617038916,-0.6997832952206742,0.9991729855537415,0.48732126876711845,0.4100024811923504,0.49181358308160594
00026,/Users/nikko/Downloads/moi-main/project_root/data/temp_frames/video7/frame_00026.png,"[172, 21, 756, 1195]",RIGHT_EYE,-0.12981233593988062,-0.7076958190069509,0.9994338154792786,0.48732126876711845,0.4100024811923504,0.49181358308160594
00027,/Users/nikko/Downloads/moi-main/project_root/data/temp_frames/video7/frame_00027.png,"[162, 21, 752, 1194]",LEFT_SHOULDER,-0.5723249369480381,-0.30516908685952693,0.999834418296814,0.49532538279891014,0.4100554473698139,0.48565407380470665
00027,/Users/nikko/Downloads/moi-main/project_root/data/temp_frames/video7/frame_00027.png,"[162, 21, 752, 1194]",RIGHT_SHOULDER,0.21858466230850904,-0.44384021921376365,0.998802900314331,0.49532538279891014,0.4100554473698139,0.48565407380470665
00027,/Users/nikko/Downloads/moi-main/project_root/data/temp_frames/video7/frame_00027.png,"[162, 21, 752, 1194]",LEFT_HIP,-0.0021240304882726227,0.37977483028698433,0.9976193308830261,0.49532538279891014,0.4100554473698139,0.48565407380470665
00027,/Users/nikko/Downloads/moi-main/project_root/data/temp_frames/video7/frame_00027.png,"[162, 21, 752, 1194]",RIGHT_HIP,0.3558643051278017,0.36923447578630625,0.9978575110435486,0.49532538279891014,0.4100554473698139,0.48565407380470665
00027,/Users/nikko/Downloads/moi-main/project_root/data/temp_frames/video7/frame_00027.png,"[162, 21, 752, 1194]",RIGHT_ELBOW,0.7566480239683259,-0.13359266806473014,0.7971088886260986,0.49532538279891014,0.4100554473698139,0.48565407380470665
00027,/Users/nikko/Downloads/moi-main/project_root/data/temp_frames/video7/frame_00027.png,"[162, 21, 752, 1194]",RIGHT_WRIST,0.8013187930355322,-0.519376982082988,0.7595365047454834,0.49532538279891014,0.4100554473698139,0.48565407380470665
00027,/Users/nikko/Downloads/moi-main/project_root/data/temp_frames/video7/frame_00027.png,"[162, 21, 752, 1194]",LEFT_EYE,-0.21663813870722975,-0.7151333505172731,0.9991843104362488,0.49532538279891014,0.4100554473698139,0.48565407380470665
00027,/Users/nikko/Downloads/moi-main/project_root/data/temp_frames/video7/frame_00027.png,"[162, 21, 752, 1194]",RIGHT_EYE,-0.13007798414413144,-0.7229230117821825,0.9994271993637085,0.49532538279891014,0.4100554473698139,0.48565407380470665
00028,/Users/nikko/Downloads/moi-main/project_root/data/temp_frames/video7/frame_00028.png,"[165, 29, 745, 1190]",LEFT_SHOULDER,-0.5643457937710521,-0.3095872142426539,0.9997891783714294,0.49173135682940483,0.4143338203430176,0.486012876329626
00028,/Users/nikko/Downloads/moi-main/project_root/data/temp_frames/video7/frame_00028.png,"[165, 29, 745, 1190]",RIGHT_SHOULDER,0.21969381088506099,-0.4487586555084603,0.9986096620559692,0.49173135682940483,0.4143338203430176,0.486012876329626
00028,/Users/nikko/Downloads/moi-main/project_root/data/temp_frames/video7/frame_00028.png,"[165, 29, 745, 1190]",LEFT_HIP,-0.0005934782101192414,0.38554059037282934,0.9981870055198669,0.49173135682940483,0.4143338203430176,0.486012876329626
00028,/Users/nikko/Downloads/moi-main/project_root/data/temp_frames/video7/frame_00028.png,"[165, 29, 745, 1190]",RIGHT_HIP,0.3452454610961103,0.37280527937828484,0.9983053207397461,0.49173135682940483,0.4143338203430176,0.486012876329626
00028,/Users/nikko/Downloads/moi-main/project_root/data/temp_frames/video7/frame_00028.png,"[165, 29, 745, 1190]",RIGHT_ELBOW,0.8090963854523037,-0.15806426402728843,0.7977682948112488,0.49173135682940483,0.4143338203430176,0.486012876329626
00028,/Users/nikko/Downloads/moi-main/project_root/data/temp_frames/video7/frame_00028.png,"[165, 29, 745, 1190]",RIGHT_WRIST,0.8257706496600911,-0.5636587412007079,0.7519453167915344,0.49173135682940483,0.4143338203430176,0.486012876329626
00028,/Users/nikko/Downloads/moi-main/project_root/data/temp_frames/video7/frame_00028.png,"[165, 29, 745, 1190]",RIGHT_KNEE,0.6506285130115156,0.9313269660307205,0.5806149244308472,0.49173135682940483,0.4143338203430176,0.486012876329626
00028,/Users/nikko/Downloads/moi-main/project_root/data/temp_frames/video7/frame_00028.png,"[165, 29, 745, 1190]",LEFT_EYE,-0.2101788897048696,-0.722658886800305,0.9989712238311768,0.49173135682940483,0.4143338203430176,0.486012876329626
00028,/Users/nikko/Downloads/moi-main/project_root/data/temp_frames/video7/frame_00028.png,"[165, 29, 745, 1190]",RIGHT_EYE,-0.12938914177567676,-0.7288756183826993,0.9992833733558655,0.49173135682940483,0.4143338203430176,0.486012876329626
00029,/Users/nikko/Downloads/moi-main/project_root/data/temp_frames/video7/frame_00029.png,"[174, 34, 748, 1198]",LEFT_SHOULDER,-0.5723331802021363,-0.31444957172250315,0.9997710585594177,0.4782889895141125,0.42192089930176735,0.49567078991434904
00029,/Users/nikko/Downloads/moi-main/project_root/data/temp_frames/video7/frame_00029.png,"[174, 34, 748, 1198]",RIGHT_SHOULDER,0.21169617758970152,-0.4382298425501792,0.999306321144104,0.4782889895141125,0.42192089930176735,0.49567078991434904
00029,/Users/nikko/Downloads/moi-main/project_root/data/temp_frames/video7/frame_00029.png,"[174, 34, 748, 1198]",LEFT_HIP,0.004311137129269358,0.3817829648495283,0.9974707365036011,0.4782889895141125,0.42192089930176735,0.49567078991434904
00029,/Users/nikko/Downloads/moi-main/project_root/data/temp_frames/video7/frame_00029.png,"[174, 34, 748, 1198]",RIGHT_HIP,0.35632586548316536,0.3708964494231541,0.9982197880744934,0.4782889895141125,0.42192089930176735,0.49567078991434904
00029,/Users/nikko/Downloads/moi-main/project_root/data/temp_frames/video7/frame_00029.png,"[174, 34, 748, 1198]",RIGHT_ELBOW,0.8560719020680023,-0.17597454331466522,0.8334862589836121,0.4782889895141125,0.42192089930176735,0.49567078991434904
00029,/Users/nikko/Downloads/moi-main/project_root/data/temp_frames/video7/frame_00029.png,"[174, 34, 748, 1198]",RIGHT_WRIST,0.8135176662277986,-0.5793097366095671,0.8822823166847229,0.4782889895141125,0.42192089930176735,0.49567078991434904
00029,/Users/nikko/Downloads/moi-main/project_root/data/temp_frames/video7/frame_00029.png,"[174, 34, 748, 1198]",RIGHT_KNEE,0.6115868262731993,0.9713209883671299,0.540488064289093,0.4782889895141125,0.42192089930176735,0.49567078991434904
00029,/Users/nikko/Downloads/moi-main/project_root/data/temp_frames/video7/frame_00029.png,"[174, 34, 748, 1198]",LEFT_EYE,-0.21974542830258204,-0.7226004054721741,0.9992121458053589,0.4782889895141125,0.42192089930176735,0.49567078991434904
00029,/Users/nikko/Downloads/moi-main/project_root/data/temp_frames/video7/frame_00029.png,"[174, 34, 748, 1198]",RIGHT_EYE,-0.13765031311567444,-0.7243765048938984,0.9996188879013062,0.4782889895141125,0.42192089930176735,0.49567078991434904
00030,/Users/nikko/Downloads/moi-main/project_root/data/temp_frames/video7/frame_00030.png,"[180, 57, 771, 1185]",LEFT_SHOULDER,-0.546219314319585,-0.31796708850481,0.99952232837677,0.45476362109184265,0.4447392113506794,0.4972898730878039
00030,/Users/nikko/Downloads/moi-main/project_root/data/temp_frames/video7/frame_00030.png,"[180, 57, 771, 1185]",RIGHT_SHOULDER,0.18565103443069983,-0.45604661289304554,0.9989005327224731,0.45476362109184265,0.4447392113506794,0.4972898730878039
00030,/Users/nikko/Downloads/moi-main/project_root/data/temp_frames/video7/frame_00030.png,"[180, 57, 771, 1185]",LEFT_HIP,0.014069403774957486,0.39295029672594034,0.9969537258148193,0.45476362109184265,0.4447392113506794,0.4972898730878039
00030,/Users/nikko/Downloads/moi-main/project_root/data/temp_frames/video7/frame_00030.png,"[180, 57, 771, 1185]",RIGHT_HIP,0.34649887611392777,0.3810634046719152,0.997916042804718,0.45476362109184265,0.4447392113506794,0.4972898730878039
00030,/Users/nikko/Downloads/moi-main/project_root/data/temp_frames/video7/frame_00030.png,"[180, 57, 771, 1185]",RIGHT_ELBOW,0.9148014838330109,-0.2461402909652617,0.9171102046966553,0.45476362109184265,0.4447392113506794,0.4972898730878039
00030,/Users/nikko/Downloads/moi-main/project_root/data/temp_frames/video7/frame_00030.png,"[180, 57, 771, 1185]",RIGHT_WRIST,0.7664603248627646,-0.6416630979798188,0.9283199310302734,0.45476362109184265,0.4447392113506794,0.4972898730878039
00030,/Users/nikko/Downloads/moi-main/project_root/data/temp_frames/video7/frame_00030.png,"[180, 57, 771, 1185]",RIGHT_KNEE,0.6033282112053739,0.983004907691484,0.8513804078102112,0.45476362109184265,0.4447392113506794,0.4972898730878039
00030,/Users/nikko/Downloads/moi-main/project_root/data/temp_frames/video7/frame_00030.png,"[180, 57, 771, 1185]",LEFT_EYE,-0.24097774850696907,-0.7457028737732255,0.9996145963668823,0.45476362109184265,0.4447392113506794,0.4972898730878039
00030,/Users/nikko/Downloads/moi-main/project_root/data/temp_frames/video7/frame_00030.png,"[180, 57, 771, 1185]",RIGHT_EYE,-0.1543860056736226,-0.7519330823513024,0.9998375177383423,0.45476362109184265,0.4447392113506794,0.4972898730878039
00031,/Users/nikko/Downloads/moi-main/project_root/data/temp_frames/video7/frame_00031.png,"[187, 93, 784, 1185]",LEFT_SHOULDER,-0.5124860700973551,-0.32709043886140293,0.9995960593223572,0.43366436660289764,0.47177282720804214,0.5495732805223666
00031,/Users/nikko/Downloads/moi-main/project_root/data/temp_frames/video7/frame_00031.png,"[187, 93, 784, 1185]",RIGHT_SHOULDER,0.16464352175467029,-0.4670056424768708,0.9994816184043884,0.43366436660289764,0.47177282720804214,0.5495732805223666
00031,/Users/nikko/Downloads/moi-main/project_root/data/temp_frames/video7/frame_00031.png,"[187, 93, 784, 1185]",LEFT_HIP,0.005426905600787155,0.4000885567807779,0.9899380207061768,0.43366436660289764,0.47177282720804214,0.5495732805223666
00031,/Users/nikko/Downloads/moi-main/project_root/data/temp_frames/video7/frame_00031.png,"[187, 93, 784, 1185]",RIGHT_HIP,0.3424156427418977,0.3940075245574958,0.99355149269104,0.43366436660289764,0.47177282720804214,0.5495732805223666
00031,/Users/nikko/Downloads/moi-main/project_root/data/temp_frames/video7/frame_00031.png,"[187, 93, 784, 1185]",RIGHT_ELBOW,0.8699892484540697,-0.2981373981758458,0.9215341210365295,0.43366436660289764,0.47177282720804214,0.5495732805223666
00031,/Users/nikko/Downloads/moi-main/project_root/data/temp_frames/video7/frame_00031.png,"[187, 93, 784, 1185]",RIGHT_WRIST,0.6913088065609944,-0.6709874581015395,0.9855115413665771,0.43366436660289764,0.47177282720804214,0.5495732805223666
00031,/Users/nikko/Downloads/moi-main/project_root/data/temp_frames/video7/frame_00031.png,"[187, 93, 784, 1185]",LEFT_EYE,-0.19218050370503892,-0.690969148770321,0.9993676543235779,0.43366436660289764,0.47177282720804214,0.5495732805223666
00031,/Users/nikko/Downloads/moi-main/project_root/data/temp_frames/video7/frame_00031.png,"[187, 93, 784, 1185]",RIGHT_EYE,-0.127206384211697,-0.705365831772584,0.9997850060462952,0.43366436660289764,0.47177282720804214,0.5495732805223666
00032,/Users/nikko/Downloads/moi-main/project_root/data/temp_frames/video7/frame_00032.png,"[194, 109, 793, 1196]",LEFT_SHOULDER,-0.5180907668907084,-0.33706286808246166,0.9993454813957214,0.4120224267244339,0.4835324250161648,0.5339503911867902
00032,/Users/nikko/Downloads/moi-main/project_root/data/temp_frames/video7/frame_00032.png,"[194, 109, 793, 1196]",RIGHT_SHOULDER,0.1572959506857405,-0.457500358202715,0.9992890357971191,0.4120224267244339,0.4835324250161648,0.5339503911867902
00032,/Users/nikko/Downloads/moi-main/project_root/data/temp_frames/video7/frame_00032.png,"[194, 109, 793, 1196]",LEFT_HIP,0.0167801268607764,0.4010412407537806,0.9980257749557495,0.4120224267244339,0.4835324250161648,0.5339503911867902
00032,/Users/nikko/Downloads/moi-main/project_root/data/temp_frames/video7/frame_00032.png,"[194, 109, 793, 1196]",RIGHT_HIP,0.34401468934419155,0.39352198553139606,0.998561680316925,0.4120224267244339,0.4835324250161648,0.5339503911867902
00032,/Users/nikko/Downloads/moi-main/project_root/data/temp_frames/video7/frame_00032.png,"[194, 109, 793, 1196]",RIGHT_ELBOW,0.9144260893152991,-0.34794323340325006,0.9781064987182617,0.4120224267244339,0.4835324250161648,0.5339503911867902
00032,/Users/nikko/Downloads/moi-main/project_root/data/temp_frames/video7/frame_00032.png,"[194, 109, 793, 1196]",RIGHT_WRIST,0.7262298218615352,-0.7211241022796697,0.9653456211090088,0.4120224267244339,0.4835324250161648,0.5339503911867902
00032,/Users/nikko/Downloads/moi-main/project_root/data/temp_frames/video7/frame_00032.png,"[194, 109, 793, 1196]",RIGHT_KNEE,0.5426142732137296,0.8917223470739145,0.7536846399307251,0.4120224267244339,0.4835324250161648,0.5339503911867902
00032,/Users/nikko/Downloads/moi-main/project_root/data/temp_frames/video7/frame_00032.png,"[194, 109, 793, 1196]",LEFT_EYE,-0.22330552079347635,-0.71188843101341,0.9996004700660706,0.4120224267244339,0.4835324250161648,0.5339503911867902
00032,/Users/nikko/Downloads/moi-main/project_root/data/temp_frames/video7/frame_00032.png,"[194, 109, 793, 1196]",RIGHT_EYE,-0.1386183167348366,-0.7213060584549764,0.9998902082443237,0.4120224267244339,0.4835324250161648,0.5339503911867902
00033,/Users/nikko/Downloads/moi-main/project_root/data/temp_frames/video7/frame_00033.png,"[198, 111, 792, 1186]",LEFT_SHOULDER,-0.5152515897002282,-0.3291011918838792,0.9997712969779968,0.40211772732436657,0.5344604328274727,0.5519562323618109
00033,/Users/nikko/Downloads/moi-main/project_root/data/temp_frames/video7/frame_00033.png,"[198, 111, 792, 1186]",RIGHT_SHOULDER,0.15668409935873395,-0.4629970680263033,0.9993396401405334,0.40211772732436657,0.5344604328274727,0.5519562323618109
00033,/Users/nikko/Downloads/moi-main/project_root/data/temp_frames/video7/frame_00033.png,"[198, 111, 792, 1186]",LEFT_HIP,0.012057024576583298,0.4035923611119482,0.9977214932441711,0.40211772732436657,0.5344604328274727,0.5519562323618109
00033,/Users/nikko/Downloads/moi-main/project_root/data/temp_frames/video7/frame_00033.png,"[198, 111, 792, 1186]",RIGHT_HIP,0.34651046576491096,0.38850589879823433,0.9976358413696289,0.40211772732436657,0.5344604328274727,0.5519562323618109
00033,/Users/nikko/Downloads/moi-main/project_root/data/temp_frames/video7/frame_00033.png,"[198, 111, 792, 1186]",RIGHT_ELBOW,0.9080741532148373,-0.4240846752692534,0.9637418985366821,0.40211772732436657,0.5344604328274727,0.5519562323618109
00033,/Users/nikko/Downloads/moi-main/project_root/data/temp_frames/video7/frame_00033.png,"[198, 111, 792, 1186]",RIGHT_WRIST,0.7148030778766595,-0.7909503745604871,0.9266192317008972,0.40211772732436657,0.5344604328274727,0.5519562323618109
00033,/Users/nikko/Downloads/moi-main/project_root/data/temp_frames/video7/frame_00033.png,"[198, 111, 792, 1186]",RIGHT_KNEE,0.5923431839986745,0.839185033137287,0.567325234413147,0.40211772732436657,0.5344604328274727,0.5519562323618109
00033,/Users/nikko/Downloads/moi-main/project_root/data/temp_frames/video7/frame_00033.png,"[198, 111, 792, 1186]",LEFT_EYE,-0.2090779761607065,-0.702287846754821,0.9998757839202881,0.40211772732436657,0.5344604328274727,0.5519562323618109
00033,/Users/nikko/Downloads/moi-main/project_root/data/temp_frames/video7/frame_00033.png,"[198, 111, 792, 1186]",RIGHT_EYE,-0.12805339847869832,-0.7152390355210982,0.9999579191207886,0.40211772732436657,0.5344604328274727,0.5519562323618109
00034,/Users/nikko/Downloads/moi-main/project_root/data/temp_frames/video7/frame_00034.png,"[198, 111, 792, 1185]",LEFT_SHOULDER,-0.516586959382756,-0.33228886266945457,0.9997178912162781,0.4007574450224638,0.5344056934118271,0.5473834669848348
00034,/Users/nikko/Downloads/moi-main/project_root/data/temp_frames/video7/frame_00034.png,"[198, 111, 792, 1185]",RIGHT_SHOULDER,0.15058584861857313,-0.463497087068648,0.9992626309394836,0.4007574450224638,0.5344056934118271,0.5473834669848348
00034,/Users/nikko/Downloads/moi-main/project_root/data/temp_frames/video7/frame_00034.png,"[198, 111, 792, 1185]",LEFT_HIP,0.02397567236005869,0.40442703468290236,0.9976321458816528,0.4007574450224638,0.5344056934118271,0.5473834669848348
00034,/Users/nikko/Downloads/moi-main/project_root/data/temp_frames/video7/frame_00034.png,"[198, 111, 792, 1185]",RIGHT_HIP,0.3420254384041242,0.3913589150552002,0.9974755644798279,0.4007574450224638,0.5344056934118271,0.5473834669848348
00034,/Users/nikko/Downloads/moi-main/project_root/data/temp_frames/video7/frame_00034.png,"[198, 111, 792, 1185]",RIGHT_ELBOW,0.9186134776091367,-0.4271240343257583,0.9522454142570496,0.4007574450224638,0.5344056934118271,0.5473834669848348
00034,/Users/nikko/Downloads/moi-main/project_root/data/temp_frames/video7/frame_00034.png,"[198, 111, 792, 1185]",RIGHT_WRIST,0.7185542557733801,-0.8119608947015019,0.9160816073417664,0.4007574450224638,0.5344056934118271,0.5473834669848348
00034,/Users/nikko/Downloads/moi-main/project_root/data/temp_frames/video7/frame_00034.png,"[198, 111, 792, 1185]",LEFT_EYE,-0.21864455482452078,-0.7052670730683209,0.9998202919960022,0.4007574450224638,0.5344056934118271,0.5473834669848348
00034,/Users/nikko/Downloads/moi-main/project_root/data/temp_frames/video7/frame_00034.png,"[198, 111, 792, 1185]",RIGHT_EYE,-0.12919623125042748,-0.7190181514526887,0.9999454021453857,0.4007574450224638,0.5344056934118271,0.5473834669848348
00035,/Users/nikko/Downloads/moi-main/project_root/data/temp_frames/video7/frame_00035.png,"[204, 114, 790, 1204]",LEFT_SHOULDER,-0.48320898229385995,-0.35705709510995737,0.9987413287162781,0.38770975545048714,0.5773294344544411,0.5607701758602375
00035,/Users/nikko/Downloads/moi-main/project_root/data/temp_frames/video7/frame_00035.png,"[204, 114, 790, 1204]",RIGHT_SHOULDER,0.14445309663243816,-0.4623654923693313,0.9993064403533936,0.38770975545048714,0.5773294344544411,0.5607701758602375
00035,/Users/nikko/Downloads/moi-main/project_root/data/temp_frames/video7/frame_00035.png,"[204, 114, 790, 1204]",LEFT_HIP,0.011791961402781865,0.4176343075115282,0.9685642123222351,0.38770975545048714,0.5773294344544411,0.5607701758602375
00035,/Users/nikko/Downloads/moi-main/project_root/data/temp_frames/video7/frame_00035.png,"[204, 114, 790, 1204]",RIGHT_HIP,0.3269639242586399,0.40178827996776045,0.9837897419929504,0.38770975545048714,0.5773294344544411,0.5607701758602375
00035,/Users/nikko/Downloads/moi-main/project_root/data/temp_frames/video7/frame_00035.png,"[204, 114, 790, 1204]",RIGHT_ELBOW,0.9018809791669671,-0.5223783278189527,0.9642295241355896,0.38770975545048714,0.5773294344544411,0.5607701758602375
00035,/Users/nikko/Downloads/moi-main/project_root/data/temp_frames/video7/frame_00035.png,"[204, 114, 790, 1204]",RIGHT_WRIST,0.7453286214820075,-0.882037219543993,0.981869637966156,0.38770975545048714,0.5773294344544411,0.5607701758602375
00035,/Users/nikko/Downloads/moi-main/project_root/data/temp_frames/video7/frame_00035.png,"[204, 114, 790, 1204]",LEFT_EYE,-0.1409238340936352,-0.7172868740912565,0.9992788434028625,0.38770975545048714,0.5773294344544411,0.5607701758602375
00035,/Users/nikko/Downloads/moi-main/project_root/data/temp_frames/video7/frame_00035.png,"[204, 114, 790, 1204]",RIGHT_EYE,-0.08122338696018298,-0.7217732709405609,0.9997939467430115,0.38770975545048714,0.5773294344544411,0.5607701758602375
00036,/Users/nikko/Downloads/moi-main/project_root/data/temp_frames/video7/frame_00036.png,"[179, 101, 791, 1196]",LEFT_SHOULDER,-0.47132241732680435,-0.3658488915137351,0.9980049729347229,0.42053689807653427,0.6339195594191551,0.5773664339433258
00036,/Users/nikko/Downloads/moi-main/project_root/data/temp_frames/video7/frame_00036.png,"[179, 101, 791, 1196]",RIGHT_SHOULDER,0.11927301232511182,-0.4620292197924202,0.998088538646698,0.42053689807653427,0.6339195594191551,0.5773664339433258
00036,/Users/nikko/Downloads/moi-main/project_root/data/temp_frames/video7/frame_00036.png,"[179, 101, 791, 1196]",LEFT_HIP,0.026466003412047925,0.4279237335372896,0.9599748849868774,0.42053689807653427,0.6339195594191551,0.5773664339433258
00036,/Users/nikko/Downloads/moi-main/project_root/data/temp_frames/video7/frame_00036.png,"[179, 101, 791, 1196]",RIGHT_HIP,0.3255834015896446,0.3999543777688658,0.9736383557319641,0.42053689807653427,0.6339195594191551,0.5773664339433258
00036,/Users/nikko/Downloads/moi-main/project_root/data/temp_frames/video7/frame_00036.png,"[179, 101, 791, 1196]",RIGHT_ELBOW,0.7990838403077182,-0.5782564140991538,0.917620062828064,0.42053689807653427,0.6339195594191551,0.5773664339433258
00036,/Users/nikko/Downloads/moi-main/project_root/data/temp_frames/video7/frame_00036.png,"[179, 101, 791, 1196]",RIGHT_WRIST,0.6871091695035048,-0.9164371519779614,0.9422827363014221,0.42053689807653427,0.6339195594191551,0.5773664339433258
00036,/Users/nikko/Downloads/moi-main/project_root/data/temp_frames/video7/frame_00036.png,"[179, 101, 791, 1196]",LEFT_EYE,-0.19783516438067436,-0.690515601618132,0.995069146156311,0.42053689807653427,0.6339195594191551,0.5773664339433258
00036,/Users/nikko/Downloads/moi-main/project_root/data/temp_frames/video7/frame_00036.png,"[179, 101, 791, 1196]",RIGHT_EYE,-0.11828817258284886,-0.6965992627215736,0.9977676868438721,0.42053689807653427,0.6339195594191551,0.5773664339433258
00037,/Users/nikko/Downloads/moi-main/project_root/data/temp_frames/video7/frame_00037.png,"[215, 111, 772, 1176]",LEFT_SHOULDER,-0.499936950075735,-0.3646360724228713,0.9980220794677734,0.4017068035900593,0.6774173825979233,0.5834804498436973
00037,/Users/nikko/Downloads/moi-main/project_root/data/temp_frames/video7/frame_00037.png,"[215, 111, 772, 1176]",RIGHT_SHOULDER,0.18080182737354672,-0.4476158730016206,0.9978153705596924,0.4017068035900593,0.6774173825979233,0.5834804498436973
00037,/Users/nikko/Downloads/moi-main/project_root/data/temp_frames/video7/frame_00037.png,"[215, 111, 772, 1176]",LEFT_HIP,-0.0011195846082630188,0.4114674837628652,0.9519206285476685,0.4017068035900593,0.6774173825979233,0.5834804498436973
00037,/Users/nikko/Downloads/moi-main/project_root/data/temp_frames/video7/frame_00037.png,"[215, 111, 772, 1176]",RIGHT_HIP,0.32025470731045136,0.40078446166162673,0.9663737416267395,0.4017068035900593,0.6774173825979233,0.5834804498436973
00037,/Users/nikko/Downloads/moi-main/project_root/data/temp_frames/video7/frame_00037.png,"[215, 111, 772, 1176]",RIGHT_ELBOW,0.8403715383533996,-0.638782954462937,0.8553600311279297,0.4017068035900593,0.6774173825979233,0.5834804498436973
00037,/Users/nikko/Downloads/moi-main/project_root/data/temp_frames/video7/frame_00037.png,"[215, 111, 772, 1176]",RIGHT_WRIST,0.7329093949986648,-0.9779041535463577,0.9269502758979797,0.4017068035900593,0.6774173825979233,0.5834804498436973
00037,/Users/nikko/Downloads/moi-main/project_root/data/temp_frames/video7/frame_00037.png,"[215, 111, 772, 1176]",LEFT_EYE,-0.24304537363518586,-0.6834524885751342,0.9912753105163574,0.4017068035900593,0.6774173825979233,0.5834804498436973
00037,/Users/nikko/Downloads/moi-main/project_root/data/temp_frames/video7/frame_00037.png,"[215, 111, 772, 1176]",RIGHT_EYE,-0.14170187505551682,-0.6878629203840225,0.9958438277244568,0.4017068035900593,0.6774173825979233,0.5834804498436973
00038,/Users/nikko/Downloads/moi-main/project_root/data/temp_frames/video7/frame_00038.png,"[220, 111, 764, 1199]",LEFT_SHOULDER,-0.4801137691453146,-0.39674400764751344,0.9960327744483948,0.39565956592559814,0.7078065946698189,0.5781937867959248
00038,/Users/nikko/Downloads/moi-main/project_root/data/temp_frames/video7/frame_00038.png,"[220, 111, 764, 1199]",RIGHT_SHOULDER,0.13998830087720907,-0.4405063173730556,0.9939467310905457,0.39565956592559814,0.7078065946698189,0.5781937867959248
00038,/Users/nikko/Downloads/moi-main/project_root/data/temp_frames/video7/frame_00038.png,"[220, 111, 764, 1199]",LEFT_HIP,0.03276713449198356,0.4210091677461661,0.9375964403152466,0.39565956592559814,0.7078065946698189,0.5781937867959248
00038,/Users/nikko/Downloads/moi-main/project_root/data/temp_frames/video7/frame_00038.png,"[220, 111, 764, 1199]",RIGHT_HIP,0.307358333776122,0.4162411572744029,0.9505793452262878,0.39565956592559814,0.7078065946698189,0.5781937867959248
00038,/Users/nikko/Downloads/moi-main/project_root/data/temp_frames/video7/frame_00038.png,"[220, 111, 764, 1199]",RIGHT_ELBOW,0.8500654871276977,-0.7032843923816868,0.7138087153434753,0.39565956592559814,0.7078065946698189,0.5781937867959248
00038,/Users/nikko/Downloads/moi-main/project_root/data/temp_frames/video7/frame_00038.png,"[220, 111, 764, 1199]",RIGHT_WRIST,0.7415763425187697,-1.082418566404121,0.7942649126052856,0.39565956592559814,0.7078065946698189,0.5781937867959248
00038,/Users/nikko/Downloads/moi-main/project_root/data/temp_frames/video7/frame_00038.png,"[220, 111, 764, 1199]",LEFT_EYE,-0.223571363630467,-0.6744087655283746,0.9547286629676819,0.39565956592559814,0.7078065946698189,0.5781937867959248
00038,/Users/nikko/Downloads/moi-main/project_root/data/temp_frames/video7/frame_00038.png,"[220, 111, 764, 1199]",RIGHT_EYE,-0.12397414826248866,-0.6778097820785599,0.9718260169029236,0.39565956592559814,0.7078065946698189,0.5781937867959248
00039,/Users/nikko/Downloads/moi-main/project_root/data/temp_frames/video7/frame_00039.png,"[217, 109, 759, 1198]",LEFT_SHOULDER,-0.48411478700384486,-0.3935854714933986,0.9986672401428223,0.402601171284914,0.7310253903269768,0.5542659505350426
00039,/Users/nikko/Downloads/moi-main/project_root/data/temp_frames/video7/frame_00039.png,"[217, 109, 759, 1198]",RIGHT_SHOULDER,0.17960964401600926,-0.44918535317036334,0.9980310797691345,0.402601171284914,0.7310253903269768,0.5542659505350426
00039,/Users/nikko/Downloads/moi-main/project_root/data/temp_frames/video7/frame_00039.png,"[217, 109, 759, 1198]",LEFT_HIP,0.027755789773552277,0.42664955811948707,0.9570528864860535,0.402601171284914,0.7310253903269768,0.5542659505350426
00039,/Users/nikko/Downloads/moi-main/project_root/data/temp_frames/video7/frame_00039.png,"[217, 109, 759, 1198]",RIGHT_HIP,0.27674935321428334,0.4161212665442749,0.9598798751831055,0.402601171284914,0.7310253903269768,0.5542659505350426
00039,/Users/nikko/Downloads/moi-main/project_root/data/temp_frames/video7/frame_00039.png,"[217, 109, 759, 1198]",RIGHT_WRIST,0.7905900528043704,-1.140328906131008,0.896778404712677,0.402601171284914,0.7310253903269768,0.5542659505350426
00039,/Users/nikko/Downloads/moi-main/project_root/data/temp_frames/video7/frame_00039.png,"[217, 109, 759, 1198]",LEFT_EYE,-0.20484930700949094,-0.6950005776260665,0.9792680740356445,0.402601171284914,0.7310253903269768,0.5542659505350426
00039,/Users/nikko/Downloads/moi-main/project_root/data/temp_frames/video7/frame_00039.png,"[217, 109, 759, 1198]",RIGHT_EYE,-0.09781024215500232,-0.7002895646887497,0.991222620010376,0.402601171284914,0.7310253903269768,0.5542659505350426
00040,/Users/nikko/Downloads/moi-main/project_root/data/temp_frames/video7/frame_00040.png,"[197, 161, 740, 1189]",LEFT_SHOULDER,-0.47704526444696493,-0.3825682009066381,0.9992994070053101,0.4627254158258438,0.7386323884129524,0.5512933050782997
00040,/Users/nikko/Downloads/moi-main/project_root/data/temp_frames/video7/frame_00040.png,"[197, 161, 740, 1189]",RIGHT_SHOULDER,0.21028356172215826,-0.46041407729781125,0.9980904459953308,0.4627254158258438,0.7386323884129524,0.5512933050782997
00040,/Users/nikko/Downloads/moi-main/project_root/data/temp_frames/video7/frame_00040.png,"[197, 161, 740, 1189]",LEFT_HIP,0.0025458238952595154,0.42295754145037906,0.9510690569877625,0.4627254158258438,0.7386323884129524,0.5512933050782997
00040,/Users/nikko/Downloads/moi-main/project_root/data/temp_frames/video7/frame_00040.png,"[197, 161, 740, 1189]",RIGHT_HIP,0.2642158788295471,0.42002473675407026,0.9514175057411194,0.4627254158258438,0.7386323884129524,0.5512933050782997
00040,/Users/nikko/Downloads/moi-main/project_root/data/temp_frames/video7/frame_00040.png,"[197, 161, 740, 1189]",LEFT_WRIST,-0.5977723544718795,-1.07456285272898,0.541176438331604,0.4627254158258438,0.7386323884129524,0.5512933050782997
00040,/Users/nikko/Downloads/moi-main/project_root/data/temp_frames/video7/frame_00040.png,"[197, 161, 740, 1189]",RIGHT_WRIST,0.732348205358987,-1.23568667585537,0.84175044298172,0.4627254158258438,0.7386323884129524,0.5512933050782997
00040,/Users/nikko/Downloads/moi-main/project_root/data/temp_frames/video7/frame_00040.png,"[197, 161, 740, 1189]",LEFT_EYE,-0.1856287464847541,-0.7249977460107053,0.9863995313644409,0.4627254158258438,0.7386323884129524,0.5512933050782997
00040,/Users/nikko/Downloads/moi-main/project_root/data/temp_frames/video7/frame_00040.png,"[197, 161, 740, 1189]",RIGHT_EYE,-0.098787573406705,-0.7252887992527042,0.9942849278450012,0.4627254158258438,0.7386323884129524,0.5512933050782997
00041,/Users/nikko/Downloads/moi-main/project_root/data/temp_frames/video7/frame_00041.png,"[198, 162, 740, 1189]",LEFT_SHOULDER,-0.48750299780665673,-0.3830629561722669,0.9992927312850952,0.46030739694833755,0.7321820929646492,0.5439144243222899
00041,/Users/nikko/Downloads/moi-main/project_root/data/temp_frames/video7/frame_00041.png,"[198, 162, 740, 1189]",RIGHT_SHOULDER,0.2181917470179198,-0.45566324698786664,0.9979460835456848,0.46030739694833755,0.7321820929646492,0.5439144243222899
00041,/Users/nikko/Downloads/moi-main/project_root/data/temp_frames/video7/frame_00041.png,"[198, 162, 740, 1189]",LEFT_HIP,0.005176927196009694,0.41912897408157046,0.9282218217849731,0.46030739694833755,0.7321820929646492,0.5439144243222899
00041,/Users/nikko/Downloads/moi-main/project_root/data/temp_frames/video7/frame_00041.png,"[198, 162, 740, 1189]",RIGHT_HIP,0.2641343235927272,0.419597229078563,0.9327583909034729,0.46030739694833755,0.7321820929646492,0.5439144243222899
00041,/Users/nikko/Downloads/moi-main/project_root/data/temp_frames/video7/frame_00041.png,"[198, 162, 740, 1189]",LEFT_WRIST,-0.6009288122870317,-1.0750901452731345,0.547990620136261,0.46030739694833755,0.7321820929646492,0.5439144243222899
00041,/Users/nikko/Downloads/moi-main/project_root/data/temp_frames/video7/frame_00041.png,"[198, 162, 740, 1189]",RIGHT_WRIST,0.7510980418833355,-1.2348750126016776,0.8616516590118408,0.46030739694833755,0.7321820929646492,0.5439144243222899
00041,/Users/nikko/Downloads/moi-main/project_root/data/temp_frames/video7/frame_00041.png,"[198, 162, 740, 1189]",LEFT_EYE,-0.19842419191582542,-0.7229188824484183,0.9879840612411499,0.46030739694833755,0.7321820929646492,0.5439144243222899
00041,/Users/nikko/Downloads/moi-main/project_root/data/temp_frames/video7/frame_00041.png,"[198, 162, 740, 1189]",RIGHT_EYE,-0.11087289053804814,-0.7212090887225637,0.9944539666175842,0.46030739694833755,0.7321820929646492,0.5439144243222899
00042,/Users/nikko/Downloads/moi-main/project_root/data/temp_frames/video7/frame_00042.png,"[215, 188, 735, 1185]",LEFT_SHOULDER,-0.4954482523201187,-0.38332350285556493,0.999796450138092,0.4544719122350216,0.7544596046209335,0.5471532227029187
00042,/Users/nikko/Downloads/moi-main/project_root/data/temp_frames/video7/frame_00042.png,"[215, 188, 735, 1185]",RIGHT_SHOULDER,0.2462730417097959,-0.4578673788406332,0.999327540397644,0.4544719122350216,0.7544596046209335,0.5471532227029187
00042,/Users/nikko/Downloads/moi-main/project_root/data/temp_frames/video7/frame_00042.png,"[215, 188, 735, 1185]",LEFT_HIP,0.008623048162758681,0.42065295901876054,0.9732006192207336,0.4544719122350216,0.7544596046209335,0.5471532227029187
00042,/Users/nikko/Downloads/moi-main/project_root/data/temp_frames/video7/frame_00042.png,"[215, 188, 735, 1185]",RIGHT_HIP,0.2405521624475641,0.42053792267743756,0.974364161491394,0.4544719122350216,0.7544596046209335,0.5471532227029187
00042,/Users/nikko/Downloads/moi-main/project_root/data/temp_frames/video7/frame_00042.png,"[215, 188, 735, 1185]",RIGHT_ELBOW,0.752379455989558,-0.8470652244488075,0.6634029150009155,0.4544719122350216,0.7544596046209335,0.5471532227029187
00042,/Users/nikko/Downloads/moi-main/project_root/data/temp_frames/video7/frame_00042.png,"[215, 188, 735, 1185]",LEFT_WRIST,-0.6391964416314879,-1.112579667007348,0.9023630619049072,0.4544719122350216,0.7544596046209335,0.5471532227029187
00042,/Users/nikko/Downloads/moi-main/project_root/data/temp_frames/video7/frame_00042.png,"[215, 188, 735, 1185]",RIGHT_WRIST,0.767108574051998,-1.286964867708883,0.979634702205658,0.4544719122350216,0.7544596046209335,0.5471532227029187
00042,/Users/nikko/Downloads/moi-main/project_root/data/temp_frames/video7/frame_00042.png,"[215, 188, 735, 1185]",LEFT_EYE,-0.22461678322318113,-0.7288535097231704,0.9960665106773376,0.4544719122350216,0.7544596046209335,0.5471532227029187
00042,/Users/nikko/Downloads/moi-main/project_root/data/temp_frames/video7/frame_00042.png,"[215, 188, 735, 1185]",RIGHT_EYE,-0.133037833424608,-0.732724820310069,0.998013973236084,0.4544719122350216,0.7544596046209335,0.5471532227029187
00043,/Users/nikko/Downloads/moi-main/project_root/data/temp_frames/video7/frame_00043.png,"[223, 175, 718, 1187]",LEFT_SHOULDER,-0.6074507713478622,-0.34537170959621616,0.9897245168685913,0.44989120215177536,0.6835795342922211,0.43603152424601466
00043,/Users/nikko/Downloads/moi-main/project_root/data/temp_frames/video7/frame_00043.png,"[223, 175, 718, 1187]",RIGHT_SHOULDER,0.3439215657686282,-0.32703544767097614,0.9556093215942383,0.44989120215177536,0.6835795342922211,0.43603152424601466
00043,/Users/nikko/Downloads/moi-main/project_root/data/temp_frames/video7/frame_00043.png,"[223, 175, 718, 1187]",LEFT_HIP,-0.11693201356721322,0.30312300023052113,0.9507230520248413,0.44989120215177536,0.6835795342922211,0.43603152424601466
00043,/Users/nikko/Downloads/moi-main/project_root/data/temp_frames/video7/frame_00043.png,"[223, 175, 718, 1187]",RIGHT_HIP,0.3804612191464472,0.36928415703667117,0.9592403769493103,0.44989120215177536,0.6835795342922211,0.43603152424601466
00043,/Users/nikko/Downloads/moi-main/project_root/data/temp_frames/video7/frame_00043.png,"[223, 175, 718, 1187]",RIGHT_ELBOW,0.957964684429375,-0.8890447395030421,0.7936695218086243,0.44989120215177536,0.6835795342922211,0.43603152424601466
00043,/Users/nikko/Downloads/moi-main/project_root/data/temp_frames/video7/frame_00043.png,"[223, 175, 718, 1187]",RIGHT_WRIST,1.0208204831810561,-1.4366268029952838,0.955187201499939,0.44989120215177536,0.6835795342922211,0.43603152424601466
00043,/Users/nikko/Downloads/moi-main/project_root/data/temp_frames/video7/frame_00043.png,"[223, 175, 718, 1187]",LEFT_EYE,-0.2279969653259876,-0.6878146641751868,0.8116209506988525,0.44989120215177536,0.6835795342922211,0.43603152424601466
00043,/Users/nikko/Downloads/moi-main/project_root/data/temp_frames/video7/frame_00043.png,"[223, 175, 718, 1187]",RIGHT_EYE,-0.1280377705737981,-0.677722728012728,0.8779754638671875,0.44989120215177536,0.6835795342922211,0.43603152424601466
00045,/Users/nikko/Downloads/moi-main/project_root/data/temp_frames/video7/frame_00045.png,"[239, 120, 713, 1332]",LEFT_SHOULDER,-0.7415934474241109,-0.23456553890347456,0.9907374978065491,0.4680698439478874,0.571826808154583,0.37639431016641917
00045,/Users/nikko/Downloads/moi-main/project_root/data/temp_frames/video7/frame_00045.png,"[239, 120, 713, 1332]",RIGHT_SHOULDER,0.4357049995367178,-0.2045772508682695,0.9074360132217407,0.4680698439478874,0.571826808154583,0.37639431016641917
00045,/Users/nikko/Downloads/moi-main/project_root/data/temp_frames/video7/frame_00045.png,"[239, 120, 713, 1332]",LEFT_HIP,-0.15197274381060377,0.1834341867108202,0.9954760670661926,0.4680698439478874,0.571826808154583,0.37639431016641917
00045,/Users/nikko/Downloads/moi-main/project_root/data/temp_frames/video7/frame_00045.png,"[239, 120, 713, 1332]",RIGHT_HIP,0.4578611916979968,0.25570860306092386,0.9935797452926636,0.4680698439478874,0.571826808154583,0.37639431016641917
00045,/Users/nikko/Downloads/moi-main/project_root/data/temp_frames/video7/frame_00045.png,"[239, 120, 713, 1332]",LEFT_EYE,-0.2752650892072959,-0.5113990148703234,0.9630990624427795,0.4680698439478874,0.571826808154583,0.37639431016641917
00045,/Users/nikko/Downloads/moi-main/project_root/data/temp_frames/video7/frame_00045.png,"[239, 120, 713, 1332]",RIGHT_EYE,-0.15571258008154962,-0.485606789401095,0.9733529686927795,0.4680698439478874,0.571826808154583,0.37639431016641917
00046,/Users/nikko/Downloads/moi-main/project_root/data/temp_frames/video7/frame_00046.png,"[239, 120, 713, 1332]",LEFT_SHOULDER,-0.7396520028034209,-0.22941225644932675,0.9910562038421631,0.46679824963212013,0.5692334473133087,0.37288910611711723
00046,/Users/nikko/Downloads/moi-main/project_root/data/temp_frames/video7/frame_00046.png,"[239, 120, 713, 1332]",RIGHT_SHOULDER,0.43670428370123077,-0.19778091043472062,0.8998959064483643,0.46679824963212013,0.5692334473133087,0.37288910611711723
00046,/Users/nikko/Downloads/moi-main/project_root/data/temp_frames/video7/frame_00046.png,"[239, 120, 713, 1332]",LEFT_HIP,-0.15898386059151706,0.19114764196880762,0.9966379404067993,0.46679824963212013,0.5692334473133087,0.37288910611711723
00046,/Users/nikko/Downloads/moi-main/project_root/data/temp_frames/video7/frame_00046.png,"[239, 120, 713, 1332]",RIGHT_HIP,0.4619315796937072,0.23604552491523975,0.9951470494270325,0.46679824963212013,0.5692334473133087,0.37288910611711723
00046,/Users/nikko/Downloads/moi-main/project_root/data/temp_frames/video7/frame_00046.png,"[239, 120, 713, 1332]",LEFT_EYE,-0.2740842876977721,-0.5057256595457231,0.9814174771308899,0.46679824963212013,0.5692334473133087,0.37288910611711723
00046,/Users/nikko/Downloads/moi-main/project_root/data/temp_frames/video7/frame_00046.png,"[239, 120, 713, 1332]",RIGHT_EYE,-0.15377561473810622,-0.47889926919368736,0.9869041442871094,0.46679824963212013,0.5692334473133087,0.37288910611711723
00047,/Users/nikko/Downloads/moi-main/project_root/data/temp_frames/video7/frame_00047.png,"[240, 205, 699, 1272]",LEFT_SHOULDER,-0.7202853550983814,-0.3882652576451229,0.9916940331459045,0.47673365473747253,0.5583319962024689,0.33780090430463183
00047,/Users/nikko/Downloads/moi-main/project_root/data/temp_frames/video7/frame_00047.png,"[240, 205, 699, 1272]",RIGHT_SHOULDER,0.4401520383610495,-0.21080498968640143,0.902549684047699,0.47673365473747253,0.5583319962024689,0.33780090430463183
00047,/Users/nikko/Downloads/moi-main/project_root/data/temp_frames/video7/frame_00047.png,"[240, 205, 699, 1272]",LEFT_HIP,-0.07863001456549641,0.24158934764065193,0.9863272905349731,0.47673365473747253,0.5583319962024689,0.33780090430463183
00047,/Users/nikko/Downloads/moi-main/project_root/data/temp_frames/video7/frame_00047.png,"[240, 205, 699, 1272]",RIGHT_HIP,0.3587633313028283,0.35748089969087243,0.986920952796936,0.47673365473747253,0.5583319962024689,0.33780090430463183
00047,/Users/nikko/Downloads/moi-main/project_root/data/temp_frames/video7/frame_00047.png,"[240, 205, 699, 1272]",RIGHT_WRIST,1.312204828694886,-1.5692258412990643,0.526109516620636,0.47673365473747253,0.5583319962024689,0.33780090430463183
00047,/Users/nikko/Downloads/moi-main/project_root/data/temp_frames/video7/frame_00047.png,"[240, 205, 699, 1272]",LEFT_EYE,-0.10175560200283104,-0.5593549212926362,0.7220868468284607,0.47673365473747253,0.5583319962024689,0.33780090430463183
00047,/Users/nikko/Downloads/moi-main/project_root/data/temp_frames/video7/frame_00047.png,"[240, 205, 699, 1272]",RIGHT_EYE,-0.04532384695273281,-0.5233058533760953,0.8087885975837708,0.47673365473747253,0.5583319962024689,0.33780090430463183
00048,/Users/nikko/Downloads/moi-main/project_root/data/temp_frames/video7/frame_00048.png,"[238, 151, 725, 1228]",LEFT_SHOULDER,-0.6546579572917292,-0.33703537751916834,0.9860461354255676,0.4894937574863434,0.6181198433041573,0.37393914460267974
00048,/Users/nikko/Downloads/moi-main/project_root/data/temp_frames/video7/frame_00048.png,"[238, 151, 725, 1228]",RIGHT_SHOULDER,0.4682172017842886,-0.1885917534468425,0.8344919681549072,0.4894937574863434,0.6181198433041573,0.37393914460267974
00048,/Users/nikko/Downloads/moi-main/project_root/data/temp_frames/video7/frame_00048.png,"[238, 151, 725, 1228]",LEFT_HIP,-0.19605548138576306,0.2237472810570859,0.9887048602104187,0.4894937574863434,0.6181198433041573,0.37393914460267974
00048,/Users/nikko/Downloads/moi-main/project_root/data/temp_frames/video7/frame_00048.png,"[238, 151, 725, 1228]",RIGHT_HIP,0.3824962368932036,0.3018798499089249,0.9864705204963684,0.4894937574863434,0.6181198433041573,0.37393914460267974
00048,/Users/nikko/Downloads/moi-main/project_root/data/temp_frames/video7/frame_00048.png,"[238, 151, 725, 1228]",RIGHT_ELBOW,0.8895270794223941,-0.8490160437382516,0.5181218981742859,0.4894937574863434,0.6181198433041573,0.37393914460267974
00048,/Users/nikko/Downloads/moi-main/project_root/data/temp_frames/video7/frame_00048.png,"[238, 151, 725, 1228]",LEFT_EYE,-0.24286469689745638,-0.5590104269125734,0.8479846715927124,0.4894937574863434,0.6181198433041573,0.37393914460267974
00048,/Users/nikko/Downloads/moi-main/project_root/data/temp_frames/video7/frame_00048.png,"[238, 151, 725, 1228]",RIGHT_EYE,-0.12306592495655715,-0.5266337805477185,0.8677384257316589,0.4894937574863434,0.6181198433041573,0.37393914460267974
00049,/Users/nikko/Downloads/moi-main/project_root/data/temp_frames/video7/frame_00049.png,"[238, 150, 725, 1227]",LEFT_SHOULDER,-0.6496671455098623,-0.351955780417588,0.9871116280555725,0.4870303273200989,0.6285187155008316,0.37573142454492287
00049,/Users/nikko/Downloads/moi-main/project_root/data/temp_frames/video7/frame_00049.png,"[238, 150, 725, 1227]",RIGHT_SHOULDER,0.43538558752630796,-0.2147686904164236,0.8585926294326782,0.4870303273200989,0.6285187155008316,0.37573142454492287
00049,/Users/nikko/Downloads/moi-main/project_root/data/temp_frames/video7/frame_00049.png,"[238, 150, 725, 1227]",LEFT_HIP,-0.17367082259900068,0.2405568460741258,0.9787032008171082,0.4870303273200989,0.6285187155008316,0.37573142454492287
00049,/Users/nikko/Downloads/moi-main/project_root/data/temp_frames/video7/frame_00049.png,"[238, 150, 725, 1227]",RIGHT_HIP,0.38795238058255493,0.3261676247598858,0.9756813645362854,0.4870303273200989,0.6285187155008316,0.37573142454492287
00049,/Users/nikko/Downloads/moi-main/project_root/data/temp_frames/video7/frame_00049.png,"[238, 150, 725, 1227]",RIGHT_ELBOW,0.9126057895284622,-0.8754045052650796,0.6530776619911194,0.4870303273200989,0.6285187155008316,0.37573142454492287
00049,/Users/nikko/Downloads/moi-main/project_root/data/temp_frames/video7/frame_00049.png,"[238, 150, 725, 1227]",RIGHT_WRIST,1.0264884131775398,-1.465340422087969,0.6994737982749939,0.4870303273200989,0.6285187155008316,0.37573142454492287
00049,/Users/nikko/Downloads/moi-main/project_root/data/temp_frames/video7/frame_00049.png,"[238, 150, 725, 1227]",LEFT_EYE,-0.23998754003538614,-0.5865090751968081,0.8599256277084351,0.4870303273200989,0.6285187155008316,0.37573142454492287
00049,/Users/nikko/Downloads/moi-main/project_root/data/temp_frames/video7/frame_00049.png,"[238, 150, 725, 1227]",RIGHT_EYE,-0.12426536979620734,-0.5528324913300113,0.8846494555473328,0.4870303273200989,0.6285187155008316,0.37573142454492287
00050,/Users/nikko/Downloads/moi-main/project_root/data/temp_frames/video7/frame_00050.png,"[235, 114, 737, 1233]",LEFT_SHOULDER,-0.6376063340697438,-0.27329954250883015,0.9016014337539673,0.481980137526989,0.6481085270643234,0.35266135073625593
00050,/Users/nikko/Downloads/moi-main/project_root/data/temp_frames/video7/frame_00050.png,"[235, 114, 737, 1233]",RIGHT_SHOULDER,0.43870887570120876,-0.22676479630998642,0.6422657370567322,0.481980137526989,0.6481085270643234,0.35266135073625593
00050,/Users/nikko/Downloads/moi-main/project_root/data/temp_frames/video7/frame_00050.png,"[235, 114, 737, 1233]",LEFT_HIP,-0.22550270667824648,0.2381270043989287,0.960259735584259,0.481980137526989,0.6481085270643234,0.35266135073625593
00050,/Users/nikko/Downloads/moi-main/project_root/data/temp_frames/video7/frame_00050.png,"[235, 114, 737, 1233]",RIGHT_HIP,0.4244001650467815,0.26193733441988787,0.9662838578224182,0.481980137526989,0.6481085270643234,0.35266135073625593
00050,/Users/nikko/Downloads/moi-main/project_root/data/temp_frames/video7/frame_00050.png,"[235, 114, 737, 1233]",LEFT_EYE,-0.19659982101437984,-0.5933818167552202,0.6333566904067993,0.481980137526989,0.6481085270643234,0.35266135073625593
00050,/Users/nikko/Downloads/moi-main/project_root/data/temp_frames/video7/frame_00050.png,"[235, 114, 737, 1233]",RIGHT_EYE,-0.09242603562884458,-0.5651546483745616,0.7262349128723145,0.481980137526989,0.6481085270643234,0.35266135073625593
00051,/Users/nikko/Downloads/moi-main/project_root/data/temp_frames/video7/frame_00051.png,"[240, 129, 732, 1255]",LEFT_SHOULDER,-0.6883314287223181,-0.283411221790805,0.988937497138977,0.5067336149513721,0.6522113382816315,0.3779143431343863
00051,/Users/nikko/Downloads/moi-main/project_root/data/temp_frames/video7/frame_00051.png,"[240, 129, 732, 1255]",RIGHT_SHOULDER,0.42579833088669417,-0.2763332219948724,0.9447879791259766,0.5067336149513721,0.6522113382816315,0.3779143431343863
00051,/Users/nikko/Downloads/moi-main/project_root/data/temp_frames/video7/frame_00051.png,"[240, 129, 732, 1255]",LEFT_HIP,-0.13063344118042206,0.25285502493128675,0.9169061779975891,0.5067336149513721,0.6522113382816315,0.3779143431343863
00051,/Users/nikko/Downloads/moi-main/project_root/data/temp_frames/video7/frame_00051.png,"[240, 129, 732, 1255]",RIGHT_HIP,0.39316653901604603,0.3068894188543907,0.9173732995986938,0.5067336149513721,0.6522113382816315,0.3779143431343863
00051,/Users/nikko/Downloads/moi-main/project_root/data/temp_frames/video7/frame_00051.png,"[240, 129, 732, 1255]",RIGHT_WRIST,0.9819753063169958,-1.4911756501744677,0.7649582028388977,0.5067336149513721,0.6522113382816315,0.3779143431343863
00051,/Users/nikko/Downloads/moi-main/project_root/data/temp_frames/video7/frame_00051.png,"[240, 129, 732, 1255]",LEFT_EYE,-0.24632333759314204,-0.5685799173816876,0.7539032101631165,0.5067336149513721,0.6522113382816315,0.3779143431343863
00051,/Users/nikko/Downloads/moi-main/project_root/data/temp_frames/video7/frame_00051.png,"[240, 129, 732, 1255]",RIGHT_EYE,-0.12488778096325227,-0.5526704658493788,0.8170196413993835,0.5067336149513721,0.6522113382816315,0.3779143431343863
00052,/Users/nikko/Downloads/moi-main/project_root/data/temp_frames/video7/frame_00052.png,"[241, 124, 730, 1309]",LEFT_SHOULDER,-0.6556067830317005,-0.24247871995584946,0.9549471139907837,0.5141137167811394,0.6245488822460175,0.3979182894074498
00052,/Users/nikko/Downloads/moi-main/project_root/data/temp_frames/video7/frame_00052.png,"[241, 124, 730, 1309]",RIGHT_SHOULDER,0.4501167822440249,-0.2748908321635954,0.840407133102417,0.5141137167811394,0.6245488822460175,0.3979182894074498
00052,/Users/nikko/Downloads/moi-main/project_root/data/temp_frames/video7/frame_00052.png,"[241, 124, 730, 1309]",LEFT_HIP,-0.19100618734549626,0.2611423997298636,0.9588663578033447,0.5141137167811394,0.6245488822460175,0.3979182894074498
00052,/Users/nikko/Downloads/moi-main/project_root/data/temp_frames/video7/frame_00052.png,"[241, 124, 730, 1309]",RIGHT_HIP,0.3964961881331719,0.25622715238958127,0.9549685716629028,0.5141137167811394,0.6245488822460175,0.3979182894074498
00052,/Users/nikko/Downloads/moi-main/project_root/data/temp_frames/video7/frame_00052.png,"[241, 124, 730, 1309]",LEFT_EYE,-0.23099571040163594,-0.5145154312313562,0.6746770739555359,0.5141137167811394,0.6245488822460175,0.3979182894074498
00052,/Users/nikko/Downloads/moi-main/project_root/data/temp_frames/video7/frame_00052.png,"[241, 124, 730, 1309]",RIGHT_EYE,-0.09533426966606023,-0.49970415557512876,0.7667511105537415,0.5141137167811394,0.6245488822460175,0.3979182894074498
00054,/Users/nikko/Downloads/moi-main/project_root/data/temp_frames/video7/frame_00054.png,"[243, 175, 725, 1401]",LEFT_SHOULDER,-0.6652329406898199,-0.24435192264989805,0.9859160780906677,0.5301936790347099,0.5661655813455582,0.39533393471984846
00054,/Users/nikko/Downloads/moi-main/project_root/data/temp_frames/video7/frame_00054.png,"[243, 175, 725, 1401]",RIGHT_SHOULDER,0.46269228093900205,-0.26225952292602683,0.9147645831108093,0.5301936790347099,0.5661655813455582,0.39533393471984846
00054,/Users/nikko/Downloads/moi-main/project_root/data/temp_frames/video7/frame_00054.png,"[243, 175, 725, 1401]",LEFT_HIP,-0.19308368233934728,0.21772172860261546,0.8858588933944702,0.5301936790347099,0.5661655813455582,0.39533393471984846
00054,/Users/nikko/Downloads/moi-main/project_root/data/temp_frames/video7/frame_00054.png,"[243, 175, 725, 1401]",RIGHT_HIP,0.3956243420901651,0.2888897169733094,0.8798231482505798,0.5301936790347099,0.5661655813455582,0.39533393471984846
00054,/Users/nikko/Downloads/moi-main/project_root/data/temp_frames/video7/frame_00054.png,"[243, 175, 725, 1401]",RIGHT_WRIST,0.8716716930479355,-1.312655829534806,0.6644799113273621,0.5301936790347099,0.5661655813455582,0.39533393471984846
00054,/Users/nikko/Downloads/moi-main/project_root/data/temp_frames/video7/frame_00054.png,"[243, 175, 725, 1401]",LEFT_EYE,-0.23049810423742886,-0.5415552310651556,0.8183881044387817,0.5301936790347099,0.5661655813455582,0.39533393471984846
00054,/Users/nikko/Downloads/moi-main/project_root/data/temp_frames/video7/frame_00054.png,"[243, 175, 725, 1401]",RIGHT_EYE,-0.1014466558265677,-0.5263366957756812,0.8597187995910645,0.5301936790347099,0.5661655813455582,0.39533393471984846
00055,/Users/nikko/Downloads/moi-main/project_root/data/temp_frames/video7/frame_00055.png,"[243, 124, 726, 1364]",LEFT_SHOULDER,-0.6323773306482319,-0.2935567158577187,0.9966533780097961,0.5170904099941254,0.6277906000614166,0.40346406187443395
00055,/Users/nikko/Downloads/moi-main/project_root/data/temp_frames/video7/frame_00055.png,"[243, 124, 726, 1364]",RIGHT_SHOULDER,0.46566963663185995,-0.3124042457727032,0.9837717413902283,0.5170904099941254,0.6277906000614166,0.40346406187443395
00055,/Users/nikko/Downloads/moi-main/project_root/data/temp_frames/video7/frame_00055.png,"[243, 124, 726, 1364]",LEFT_HIP,-0.15846652554395516,0.2728855793204016,0.9555014371871948,0.5170904099941254,0.6277906000614166,0.40346406187443395
00055,/Users/nikko/Downloads/moi-main/project_root/data/temp_frames/video7/frame_00055.png,"[243, 124, 726, 1364]",RIGHT_HIP,0.32517421956032705,0.3330753823100203,0.9517930150032043,0.5170904099941254,0.6277906000614166,0.40346406187443395
00055,/Users/nikko/Downloads/moi-main/project_root/data/temp_frames/video7/frame_00055.png,"[243, 124, 726, 1364]",LEFT_ELBOW,-0.8366321306682388,-0.7296197798743966,0.5207119584083557,0.5170904099941254,0.6277906000614166,0.40346406187443395
00055,/Users/nikko/Downloads/moi-main/project_root/data/temp_frames/video7/frame_00055.png,"[243, 124, 726, 1364]",RIGHT_ELBOW,0.8177566054960498,-0.839195506422241,0.8570700883865356,0.5170904099941254,0.6277906000614166,0.40346406187443395
00055,/Users/nikko/Downloads/moi-main/project_root/data/temp_frames/video7/frame_00055.png,"[243, 124, 726, 1364]",LEFT_WRIST,-1.1010302534256327,-1.1594077697748886,0.8190129399299622,0.5170904099941254,0.6277906000614166,0.40346406187443395
00055,/Users/nikko/Downloads/moi-main/project_root/data/temp_frames/video7/frame_00055.png,"[243, 124, 726, 1364]",RIGHT_WRIST,0.9191540975006022,-1.365015427672732,0.9428697228431702,0.5170904099941254,0.6277906000614166,0.40346406187443395
00055,/Users/nikko/Downloads/moi-main/project_root/data/temp_frames/video7/frame_00055.png,"[243, 124, 726, 1364]",LEFT_EYE,-0.13512793589801547,-0.5813523918865494,0.9543886780738831,0.5170904099941254,0.6277906000614166,0.40346406187443395
00055,/Users/nikko/Downloads/moi-main/project_root/data/temp_frames/video7/frame_00055.png,"[243, 124, 726, 1364]",RIGHT_EYE,-0.020901968143554526,-0.5613289134367491,0.9641416668891907,0.5170904099941254,0.6277906000614166,0.40346406187443395
00056,/Users/nikko/Downloads/moi-main/project_root/data/temp_frames/video7/frame_00056.png,"[243, 124, 726, 1358]",LEFT_SHOULDER,-0.6069467299530077,-0.30215716267095283,0.9962100982666016,0.5071004629135132,0.6309549659490585,0.4147909037369678
00056,/Users/nikko/Downloads/moi-main/project_root/data/temp_frames/video7/frame_00056.png,"[243, 124, 726, 1358]",RIGHT_SHOULDER,0.4576121939100892,-0.2939317424873133,0.9800347089767456,0.5071004629135132,0.6309549659490585,0.4147909037369678
00056,/Users/nikko/Downloads/moi-main/project_root/data/temp_frames/video7/frame_00056.png,"[243, 124, 726, 1358]",LEFT_HIP,-0.19211445195303134,0.28801820841021425,0.9643294215202332,0.5071004629135132,0.6309549659490585,0.4147909037369678
00056,/Users/nikko/Downloads/moi-main/project_root/data/temp_frames/video7/frame_00056.png,"[243, 124, 726, 1358]",RIGHT_HIP,0.3414489879959498,0.3080706967480518,0.9601800441741943,0.5071004629135132,0.6309549659490585,0.4147909037369678
00056,/Users/nikko/Downloads/moi-main/project_root/data/temp_frames/video7/frame_00056.png,"[243, 124, 726, 1358]",RIGHT_ELBOW,0.7987390108738817,-0.8167683384157773,0.7665330171585083,0.5071004629135132,0.6309549659490585,0.4147909037369678
00056,/Users/nikko/Downloads/moi-main/project_root/data/temp_frames/video7/frame_00056.png,"[243, 124, 726, 1358]",LEFT_WRIST,-1.0431015894839981,-1.1345963484287862,0.7664937376976013,0.5071004629135132,0.6309549659490585,0.4147909037369678
00056,/Users/nikko/Downloads/moi-main/project_root/data/temp_frames/video7/frame_00056.png,"[243, 124, 726, 1358]",RIGHT_WRIST,0.9075503370613327,-1.3285314546982465,0.915799081325531,0.5071004629135132,0.6309549659490585,0.4147909037369678
00056,/Users/nikko/Downloads/moi-main/project_root/data/temp_frames/video7/frame_00056.png,"[243, 124, 726, 1358]",LEFT_EYE,-0.1337629122056371,-0.5625258182157409,0.9513050317764282,0.5071004629135132,0.6309549659490585,0.4147909037369678
00056,/Users/nikko/Downloads/moi-main/project_root/data/temp_frames/video7/frame_00056.png,"[243, 124, 726, 1358]",RIGHT_EYE,-0.014334455460225664,-0.5456065221995622,0.9620758891105652,0.5071004629135132,0.6309549659490585,0.4147909037369678
00057,/Users/nikko/Downloads/moi-main/project_root/data/temp_frames/video7/frame_00057.png,"[243, 133, 724, 1333]",LEFT_SHOULDER,-0.6238292662535694,-0.2844883793821374,0.984408438205719,0.5131587535142899,0.6356356292963028,0.4041561646576614
00057,/Users/nikko/Downloads/moi-main/project_root/data/temp_frames/video7/frame_00057.png,"[243, 133, 724, 1333]",RIGHT_SHOULDER,0.4817080189455346,-0.3211745782024904,0.9173100590705872,0.5131587535142899,0.6356356292963028,0.4041561646576614
00057,/Users/nikko/Downloads/moi-main/project_root/data/temp_frames/video7/frame_00057.png,"[243, 133, 724, 1333]",LEFT_HIP,-0.16895343623137898,0.2611941068626891,0.9180791974067688,0.5131587535142899,0.6356356292963028,0.4041561646576614
00057,/Users/nikko/Downloads/moi-main/project_root/data/temp_frames/video7/frame_00057.png,"[243, 133, 724, 1333]",RIGHT_HIP,0.3110746835394137,0.3444688507219386,0.915063738822937,0.5131587535142899,0.6356356292963028,0.4041561646576614
00057,/Users/nikko/Downloads/moi-main/project_root/data/temp_frames/video7/frame_00057.png,"[243, 133, 724, 1333]",RIGHT_ELBOW,0.8397222849893918,-0.845779921111064,0.517398476600647,0.5131587535142899,0.6356356292963028,0.4041561646576614
00057,/Users/nikko/Downloads/moi-main/project_root/data/temp_frames/video7/frame_00057.png,"[243, 133, 724, 1333]",RIGHT_WRIST,0.9246564652785688,-1.372293663844808,0.5877118110656738,0.5131587535142899,0.6356356292963028,0.4041561646576614
00057,/Users/nikko/Downloads/moi-main/project_root/data/temp_frames/video7/frame_00057.png,"[243, 133, 724, 1333]",LEFT_EYE,-0.13575681749338725,-0.5955612563008377,0.8159003853797913,0.5131587535142899,0.6356356292963028,0.4041561646576614
00057,/Users/nikko/Downloads/moi-main/project_root/data/temp_frames/video7/frame_00057.png,"[243, 133, 724, 1333]",RIGHT_EYE,-0.013260337947314045,-0.5756671177035347,0.8480321764945984,0.5131587535142899,0.6356356292963028,0.4041561646576614
00058,/Users/nikko/Downloads/moi-main/project_root/data/temp_frames/video7/frame_00058.png,"[242, 119, 725, 1332]",LEFT_SHOULDER,-0.5114339346440908,-0.34391176094146836,0.9982640147209167,0.5093411132693291,0.6839814931154251,0.45118484154539573
00058,/Users/nikko/Downloads/moi-main/project_root/data/temp_frames/video7/frame_00058.png,"[242, 119, 725, 1332]",RIGHT_SHOULDER,0.3967664064918909,-0.37437588346698475,0.9941444993019104,0.5093411132693291,0.6839814931154251,0.45118484154539573
00058,/Users/nikko/Downloads/moi-main/project_root/data/temp_frames/video7/frame_00058.png,"[242, 119, 725, 1332]",LEFT_HIP,-0.1785397266226964,0.3533035729406933,0.9824156761169434,0.5093411132693291,0.6839814931154251,0.45118484154539573
00058,/Users/nikko/Downloads/moi-main/project_root/data/temp_frames/video7/frame_00058.png,"[242, 119, 725, 1332]",RIGHT_HIP,0.2932072547748963,0.3649840714677598,0.9825770258903503,0.5093411132693291,0.6839814931154251,0.45118484154539573
00058,/Users/nikko/Downloads/moi-main/project_root/data/temp_frames/video7/frame_00058.png,"[242, 119, 725, 1332]",LEFT_ELBOW,-0.7352881385910147,-0.7412010962067521,0.610901951789856,0.5093411132693291,0.6839814931154251,0.45118484154539573
00058,/Users/nikko/Downloads/moi-main/project_root/data/temp_frames/video7/frame_00058.png,"[242, 119, 725, 1332]",RIGHT_ELBOW,0.7525906127047045,-0.8456554705423457,0.9472641944885254,0.5093411132693291,0.6839814931154251,0.45118484154539573
00058,/Users/nikko/Downloads/moi-main/project_root/data/temp_frames/video7/frame_00058.png,"[242, 119, 725, 1332]",LEFT_WRIST,-0.9572844401990479,-1.1269603697127595,0.9148129820823669,0.5093411132693291,0.6839814931154251,0.45118484154539573
00058,/Users/nikko/Downloads/moi-main/project_root/data/temp_frames/video7/frame_00058.png,"[242, 119, 725, 1332]",RIGHT_WRIST,0.8279802071824582,-1.322401526833059,0.987747073173523,0.5093411132693291,0.6839814931154251,0.45118484154539573
00058,/Users/nikko/Downloads/moi-main/project_root/data/temp_frames/video7/frame_00058.png,"[242, 119, 725, 1332]",LEFT_EYE,-0.08896977416067142,-0.6287292182761666,0.985479474067688,0.5093411132693291,0.6839814931154251,0.45118484154539573
00058,/Users/nikko/Downloads/moi-main/project_root/data/temp_frames/video7/frame_00058.png,"[242, 119, 725, 1332]",RIGHT_EYE,0.021795282220102425,-0.6073624414004534,0.9895115494728088,0.5093411132693291,0.6839814931154251,0.45118484154539573
00062,/Users/nikko/Downloads/moi-main/project_root/data/temp_frames/video7/frame_00062.png,"[242, 126, 719, 1356]",LEFT_SHOULDER,-0.6178681255491786,-0.3016269904297888,0.9956260919570923,0.5040770247578621,0.6375771015882492,0.4088352188764931
00062,/Users/nikko/Downloads/moi-main/project_root/data/temp_frames/video7/frame_00062.png,"[242, 126, 719, 1356]",RIGHT_SHOULDER,0.41183653339898446,-0.32615536711539783,0.9763298034667969,0.5040770247578621,0.6375771015882492,0.4088352188764931
00062,/Users/nikko/Downloads/moi-main/project_root/data/temp_frames/video7/frame_00062.png,"[242, 126, 719, 1356]",LEFT_HIP,-0.14949565061538422,0.2995438505055582,0.9604062438011169,0.5040770247578621,0.6375771015882492,0.4088352188764931
00062,/Users/nikko/Downloads/moi-main/project_root/data/temp_frames/video7/frame_00062.png,"[242, 126, 719, 1356]",RIGHT_HIP,0.3555272427655783,0.3282385070396284,0.9575309753417969,0.5040770247578621,0.6375771015882492,0.4088352188764931
00062,/Users/nikko/Downloads/moi-main/project_root/data/temp_frames/video7/frame_00062.png,"[242, 126, 719, 1356]",RIGHT_ELBOW,0.7917560019388277,-0.8542813078983329,0.8320546746253967,0.5040770247578621,0.6375771015882492,0.4088352188764931
00062,/Users/nikko/Downloads/moi-main/project_root/data/temp_frames/video7/frame_00062.png,"[242, 126, 719, 1356]",LEFT_WRIST,-1.0295022094134123,-1.1629579304575424,0.7502084970474243,0.5040770247578621,0.6375771015882492,0.4088352188764931
00062,/Users/nikko/Downloads/moi-main/project_root/data/temp_frames/video7/frame_00062.png,"[242, 126, 719, 1356]",RIGHT_WRIST,0.9519228333192724,-1.3505024485207393,0.9188804030418396,0.5040770247578621,0.6375771015882492,0.4088352188764931
00062,/Users/nikko/Downloads/moi-main/project_root/data/temp_frames/video7/frame_00062.png,"[242, 126, 719, 1356]",LEFT_EYE,-0.13212030858509147,-0.5982288805255048,0.9351522326469421,0.5040770247578621,0.6375771015882492,0.4088352188764931
00062,/Users/nikko/Downloads/moi-main/project_root/data/temp_frames/video7/frame_00062.png,"[242, 126, 719, 1356]",RIGHT_EYE,-0.023687324522653125,-0.581850897225776,0.9476976990699768,0.5040770247578621,0.6375771015882492,0.4088352188764931
00063,/Users/nikko/Downloads/moi-main/project_root/data/temp_frames/video7/frame_00063.png,"[242, 126, 719, 1340]",LEFT_SHOULDER,-0.5805729260235689,-0.32056369290021186,0.9984291195869446,0.5028352066874504,0.6583765000104904,0.42813862830692184
00063,/Users/nikko/Downloads/moi-main/project_root/data/temp_frames/video7/frame_00063.png,"[242, 126, 719, 1340]",RIGHT_SHOULDER,0.396342382399925,-0.35467699912136347,0.9923298954963684,0.5028352066874504,0.6583765000104904,0.42813862830692184
00063,/Users/nikko/Downloads/moi-main/project_root/data/temp_frames/video7/frame_00063.png,"[242, 126, 719, 1340]",LEFT_HIP,-0.14581854803697175,0.32261639412076304,0.9803782105445862,0.5028352066874504,0.6583765000104904,0.42813862830692184
00063,/Users/nikko/Downloads/moi-main/project_root/data/temp_frames/video7/frame_00063.png,"[242, 126, 719, 1340]",RIGHT_HIP,0.3300490916606157,0.35262429790081223,0.978959858417511,0.5028352066874504,0.6583765000104904,0.42813862830692184
00063,/Users/nikko/Downloads/moi-main/project_root/data/temp_frames/video7/frame_00063.png,"[242, 126, 719, 1340]",LEFT_ELBOW,-0.7867573629259886,-0.7459257220215041,0.6677238345146179,0.5028352066874504,0.6583765000104904,0.42813862830692184
00063,/Users/nikko/Downloads/moi-main/project_root/data/temp_frames/video7/frame_00063.png,"[242, 126, 719, 1340]",RIGHT_ELBOW,0.7658150979438072,-0.8431811869817909,0.9569587111473083,0.5028352066874504,0.6583765000104904,0.42813862830692184
00063,/Users/nikko/Downloads/moi-main/project_root/data/temp_frames/video7/frame_00063.png,"[242, 126, 719, 1340]",LEFT_WRIST,-0.9895220639137305,-1.1467060118832262,0.9305532574653625,0.5028352066874504,0.6583765000104904,0.42813862830692184
00063,/Users/nikko/Downloads/moi-main/project_root/data/temp_frames/video7/frame_00063.png,"[242, 126, 719, 1340]",RIGHT_WRIST,0.9071747861954921,-1.3233749594121273,0.9870685338973999,0.5028352066874504,0.6583765000104904,0.42813862830692184
00063,/Users/nikko/Downloads/moi-main/project_root/data/temp_frames/video7/frame_00063.png,"[242, 126, 719, 1340]",LEFT_EYE,-0.11388163831491316,-0.629724344775119,0.9872857928276062,0.5028352066874504,0.6583765000104904,0.42813862830692184
00063,/Users/nikko/Downloads/moi-main/project_root/data/temp_frames/video7/frame_00063.png,"[242, 126, 719, 1340]",RIGHT_EYE,-0.005702077385037447,-0.6082083272136573,0.9900879263877869,0.5028352066874504,0.6583765000104904,0.42813862830692184
00064,/Users/nikko/Downloads/moi-main/project_root/data/temp_frames/video7/frame_00064.png,"[236, 213, 713, 1574]",LEFT_SHOULDER,-0.4955799707240913,-0.3740189934501339,0.9986488223075867,0.5131981670856476,0.5838690400123596,0.47236816074714527
00064,/Users/nikko/Downloads/moi-main/project_root/data/temp_frames/video7/frame_00064.png,"[236, 213, 713, 1574]",RIGHT_SHOULDER,0.3432663369188808,-0.40941245689861094,0.9915002584457397,0.5131981670856476,0.5838690400123596,0.47236816074714527
00064,/Users/nikko/Downloads/moi-main/project_root/data/temp_frames/video7/frame_00064.png,"[236, 213, 713, 1574]",LEFT_HIP,-0.11377954842364087,0.3762820784606811,0.9933932423591614,0.5131981670856476,0.5838690400123596,0.47236816074714527
00064,/Users/nikko/Downloads/moi-main/project_root/data/temp_frames/video7/frame_00064.png,"[236, 213, 713, 1574]",RIGHT_HIP,0.26609318222885137,0.4071493718880637,0.9920280575752258,0.5131981670856476,0.5838690400123596,0.47236816074714527
00064,/Users/nikko/Downloads/moi-main/project_root/data/temp_frames/video7/frame_00064.png,"[236, 213, 713, 1574]",RIGHT_ELBOW,0.7080091423865575,-0.8000493523507126,0.5052055716514587,0.5131981670856476,0.5838690400123596,0.47236816074714527
00064,/Users/nikko/Downloads/moi-main/project_root/data/temp_frames/video7/frame_00064.png,"[236, 213, 713, 1574]",RIGHT_WRIST,0.8165328698789568,-1.1559850773271587,0.6441041231155396,0.5131981670856476,0.5838690400123596,0.47236816074714527
00064,/Users/nikko/Downloads/moi-main/project_root/data/temp_frames/video7/frame_00064.png,"[236, 213, 713, 1574]",LEFT_EYE,-0.07582766957893575,-0.6391194971298927,0.9791404008865356,0.5131981670856476,0.5838690400123596,0.47236816074714527
00064,/Users/nikko/Downloads/moi-main/project_root/data/temp_frames/video7/frame_00064.png,"[236, 213, 713, 1574]",RIGHT_EYE,-0.0030346285453669197,-0.6269482385625741,0.9851539731025696,0.5131981670856476,0.5838690400123596,0.47236816074714527
00065,/Users/nikko/Downloads/moi-main/project_root/data/temp_frames/video7/frame_00065.png,"[239, 150, 716, 1232]",LEFT_SHOULDER,-0.6751230104869261,-0.29816894442847336,0.9946337938308716,0.4993036799132824,0.6722092181444168,0.40243527644097565
00065,/Users/nikko/Downloads/moi-main/project_root/data/temp_frames/video7/frame_00065.png,"[239, 150, 716, 1232]",RIGHT_SHOULDER,0.3829495729444956,-0.30026188529282766,0.9683968424797058,0.4993036799132824,0.6722092181444168,0.40243527644097565
00065,/Users/nikko/Downloads/moi-main/project_root/data/temp_frames/video7/frame_00065.png,"[239, 150, 716, 1232]",LEFT_HIP,-0.11170272995768646,0.25927595364611156,0.9456727504730225,0.4993036799132824,0.6722092181444168,0.40243527644097565
00065,/Users/nikko/Downloads/moi-main/project_root/data/temp_frames/video7/frame_00065.png,"[239, 150, 716, 1232]",RIGHT_HIP,0.403876167500117,0.33915487607518946,0.9446593523025513,0.4993036799132824,0.6722092181444168,0.40243527644097565
00065,/Users/nikko/Downloads/moi-main/project_root/data/temp_frames/video7/frame_00065.png,"[239, 150, 716, 1232]",RIGHT_ELBOW,0.8312663630606498,-0.9077491904958833,0.5380216836929321,0.4993036799132824,0.6722092181444168,0.40243527644097565
00065,/Users/nikko/Downloads/moi-main/project_root/data/temp_frames/video7/frame_00065.png,"[239, 150, 716, 1232]",LEFT_WRIST,-1.0327242884306198,-1.2564924787249898,0.5284093618392944,0.4993036799132824,0.6722092181444168,0.40243527644097565
00065,/Users/nikko/Downloads/moi-main/project_root/data/temp_frames/video7/frame_00065.png,"[239, 150, 716, 1232]",RIGHT_WRIST,0.9912764390625319,-1.468648140815886,0.7822902798652649,0.4993036799132824,0.6722092181444168,0.40243527644097565
00065,/Users/nikko/Downloads/moi-main/project_root/data/temp_frames/video7/frame_00065.png,"[239, 150, 716, 1232]",LEFT_EYE,-0.20267308371069542,-0.610765088164899,0.8723699450492859,0.4993036799132824,0.6722092181444168,0.40243527644097565
00065,/Users/nikko/Downloads/moi-main/project_root/data/temp_frames/video7/frame_00065.png,"[239, 150, 716, 1232]",RIGHT_EYE,-0.09678747153266788,-0.5982029256271092,0.9051323533058167,0.4993036799132824,0.6722092181444168,0.40243527644097565
00068,/Users/nikko/Downloads/moi-main/project_root/data/temp_frames/video7/frame_00068.png,"[236, 193, 701, 1199]",LEFT_SHOULDER,-0.5830763519213484,-0.3957662989518498,0.9982017278671265,0.4508703052997589,0.6994469165802002,0.42377089360813347
00068,/Users/nikko/Downloads/moi-main/project_root/data/temp_frames/video7/frame_00068.png,"[236, 193, 701, 1199]",RIGHT_SHOULDER,0.25546092925175606,-0.3517056234909362,0.9879454374313354,0.4508703052997589,0.6994469165802002,0.42377089360813347
00068,/Users/nikko/Downloads/moi-main/project_root/data/temp_frames/video7/frame_00068.png,"[236, 193, 701, 1199]",LEFT_HIP,-0.04473222317873129,0.33170898739456167,0.9870922565460205,0.4508703052997589,0.6994469165802002,0.42377089360813347
00068,/Users/nikko/Downloads/moi-main/project_root/data/temp_frames/video7/frame_00068.png,"[236, 193, 701, 1199]",RIGHT_HIP,0.3723476458483237,0.4157629350482243,0.9889739751815796,0.4508703052997589,0.6994469165802002,0.42377089360813347
00068,/Users/nikko/Downloads/moi-main/project_root/data/temp_frames/video7/frame_00068.png,"[236, 193, 701, 1199]",RIGHT_ELBOW,0.915200124993959,-0.9746049168298159,0.6760737895965576,0.4508703052997589,0.6994469165802002,0.42377089360813347
00068,/Users/nikko/Downloads/moi-main/project_root/data/temp_frames/video7/frame_00068.png,"[236, 193, 701, 1199]",LEFT_WRIST,-0.864138728083901,-1.3318148545712658,0.517551600933075,0.4508703052997589,0.6994469165802002,0.42377089360813347
00068,/Users/nikko/Downloads/moi-main/project_root/data/temp_frames/video7/frame_00068.png,"[236, 193, 701, 1199]",RIGHT_WRIST,1.1054617107071052,-1.5505535903936956,0.8288702368736267,0.4508703052997589,0.6994469165802002,0.42377089360813347
00068,/Users/nikko/Downloads/moi-main/project_root/data/temp_frames/video7/frame_00068.png,"[236, 193, 701, 1199]",LEFT_EYE,-0.20247110947330577,-0.730209369561994,0.9451152682304382,0.4508703052997589,0.6994469165802002,0.42377089360813347
00068,/Users/nikko/Downloads/moi-main/project_root/data/temp_frames/video7/frame_00068.png,"[236, 193, 701, 1199]",RIGHT_EYE,-0.09289715299212578,-0.710053865909378,0.958454966545105,0.4508703052997589,0.6994469165802002,0.42377089360813347
00069,/Users/nikko/Downloads/moi-main/project_root/data/temp_frames/video7/frame_00069.png,"[232, 187, 700, 1184]",LEFT_SHOULDER,-0.5893931063242038,-0.3784395783080893,0.9993844032287598,0.44638245180249214,0.6948055922985077,0.43079453065274065
00069,/Users/nikko/Downloads/moi-main/project_root/data/temp_frames/video7/frame_00069.png,"[232, 187, 700, 1184]",RIGHT_SHOULDER,0.28752400278814827,-0.3494843313218529,0.9954036474227905,0.44638245180249214,0.6948055922985077,0.43079453065274065
00069,/Users/nikko/Downloads/moi-main/project_root/data/temp_frames/video7/frame_00069.png,"[232, 187, 700, 1184]",LEFT_HIP,-0.07019785590113774,0.31536397467013727,0.9963985681533813,0.44638245180249214,0.6948055922985077,0.43079453065274065
00069,/Users/nikko/Downloads/moi-main/project_root/data/temp_frames/video7/frame_00069.png,"[232, 187, 700, 1184]",RIGHT_HIP,0.3720669594371933,0.412559934959805,0.9972077012062073,0.44638245180249214,0.6948055922985077,0.43079453065274065
00069,/Users/nikko/Downloads/moi-main/project_root/data/temp_frames/video7/frame_00069.png,"[232, 187, 700, 1184]",RIGHT_ELBOW,0.9261131408419193,-0.9295338533960008,0.8211542367935181,0.44638245180249214,0.6948055922985077,0.43079453065274065
00069,/Users/nikko/Downloads/moi-main/project_root/data/temp_frames/video7/frame_00069.png,"[232, 187, 700, 1184]",LEFT_WRIST,-0.8272077625275994,-1.2873504885477671,0.643751323223114,0.44638245180249214,0.6948055922985077,0.43079453065274065
00069,/Users/nikko/Downloads/moi-main/project_root/data/temp_frames/video7/frame_00069.png,"[232, 187, 700, 1184]",RIGHT_WRIST,1.0916456977758926,-1.477785976077846,0.8933709859848022,0.44638245180249214,0.6948055922985077,0.43079453065274065
00069,/Users/nikko/Downloads/moi-main/project_root/data/temp_frames/video7/frame_00069.png,"[232, 187, 700, 1184]",LEFT_EYE,-0.20922496445424238,-0.73196401576779,0.9880351424217224,0.44638245180249214,0.6948055922985077,0.43079453065274065
00069,/Users/nikko/Downloads/moi-main/project_root/data/temp_frames/video7/frame_00069.png,"[232, 187, 700, 1184]",RIGHT_EYE,-0.10254277960898826,-0.7131364293664231,0.9929423332214355,0.44638245180249214,0.6948055922985077,0.43079453065274065
00070,/Users/nikko/Downloads/moi-main/project_root/data/temp_frames/video7/frame_00070.png,"[232, 187, 700, 1184]",LEFT_SHOULDER,-0.5863429161866216,-0.37690808413955623,0.9993401169776917,0.4474015198647976,0.697280690073967,0.4360394647135385
00070,/Users/nikko/Downloads/moi-main/project_root/data/temp_frames/video7/frame_00070.png,"[232, 187, 700, 1184]",RIGHT_SHOULDER,0.2865671460909207,-0.3557890351793587,0.9951053857803345,0.4474015198647976,0.697280690073967,0.4360394647135385
00070,/Users/nikko/Downloads/moi-main/project_root/data/temp_frames/video7/frame_00070.png,"[232, 187, 700, 1184]",LEFT_HIP,-0.06558923961074584,0.325360542340893,0.9958565831184387,0.4474015198647976,0.697280690073967,0.4360394647135385
00070,/Users/nikko/Downloads/moi-main/project_root/data/temp_frames/video7/frame_00070.png,"[232, 187, 700, 1184]",RIGHT_HIP,0.3653650097064467,0.40733657697802195,0.9967161417007446,0.4474015198647976,0.697280690073967,0.4360394647135385
00070,/Users/nikko/Downloads/moi-main/project_root/data/temp_frames/video7/frame_00070.png,"[232, 187, 700, 1184]",RIGHT_ELBOW,0.9180382881120313,-0.9263176201231281,0.7456806302070618,0.4474015198647976,0.697280690073967,0.4360394647135385
00070,/Users/nikko/Downloads/moi-main/project_root/data/temp_frames/video7/frame_00070.png,"[232, 187, 700, 1184]",LEFT_WRIST,-0.8307208928126332,-1.2755163930373146,0.6031237840652466,0.4474015198647976,0.697280690073967,0.4360394647135385
00070,/Users/nikko/Downloads/moi-main/project_root/data/temp_frames/video7/frame_00070.png,"[232, 187, 700, 1184]",RIGHT_WRIST,1.0754255546631717,-1.4641082840034194,0.8371790647506714,0.4474015198647976,0.697280690073967,0.4360394647135385
00070,/Users/nikko/Downloads/moi-main/project_root/data/temp_frames/video7/frame_00070.png,"[232, 187, 700, 1184]",LEFT_EYE,-0.21835257489039156,-0.7265176954625783,0.9865092635154724,0.4474015198647976,0.697280690073967,0.4360394647135385
00070,/Users/nikko/Downloads/moi-main/project_root/data/temp_frames/video7/frame_00070.png,"[232, 187, 700, 1184]",RIGHT_EYE,-0.10977114793661152,-0.7088645616100256,0.991641640663147,0.4474015198647976,0.697280690073967,0.4360394647135385
00071,/Users/nikko/Downloads/moi-main/project_root/data/temp_frames/video7/frame_00071.png,"[219, 186, 702, 1194]",LEFT_SHOULDER,-0.5641856699191514,-0.37050239845704974,0.9993498921394348,0.44548168033361435,0.6967593729496002,0.4423664808955555
00071,/Users/nikko/Downloads/moi-main/project_root/data/temp_frames/video7/frame_00071.png,"[219, 186, 702, 1194]",RIGHT_SHOULDER,0.2791230803438944,-0.38883154180967433,0.9974014759063721,0.44548168033361435,0.6967593729496002,0.4423664808955555
00071,/Users/nikko/Downloads/moi-main/project_root/data/temp_frames/video7/frame_00071.png,"[219, 186, 702, 1194]",LEFT_HIP,-0.051025640689557755,0.3488118858835895,0.9895839095115662,0.44548168033361435,0.6967593729496002,0.4423664808955555
00071,/Users/nikko/Downloads/moi-main/project_root/data/temp_frames/video7/frame_00071.png,"[219, 186, 702, 1194]",RIGHT_HIP,0.3360882302648148,0.4105220543831345,0.9932624697685242,0.44548168033361435,0.6967593729496002,0.4423664808955555
00071,/Users/nikko/Downloads/moi-main/project_root/data/temp_frames/video7/frame_00071.png,"[219, 186, 702, 1194]",RIGHT_WRIST,1.0672329928324074,-1.4520643610970396,0.8239980936050415,0.44548168033361435,0.6967593729496002,0.4423664808955555
00071,/Users/nikko/Downloads/moi-main/project_root/data/temp_frames/video7/frame_00071.png,"[219, 186, 702, 1194]",LEFT_EYE,-0.16532587035044724,-0.7362748692623492,0.9947912693023682,0.44548168033361435,0.6967593729496002,0.4423664808955555
00071,/Users/nikko/Downloads/moi-main/project_root/data/temp_frames/video7/frame_00071.png,"[219, 186, 702, 1194]",RIGHT_EYE,-0.08830177958393358,-0.7235506578393481,0.9973080158233643,0.44548168033361435,0.6967593729496002,0.4423664808955555
00072,/Users/nikko/Downloads/moi-main/project_root/data/temp_frames/video7/frame_00072.png,"[178, 191, 710, 1185]",LEFT_SHOULDER,-0.5206957297407323,-0.40575203755298306,0.9996140599250793,0.4963960349559784,0.7458611130714417,0.5429518846368884
00072,/Users/nikko/Downloads/moi-main/project_root/data/temp_frames/video7/frame_00072.png,"[178, 191, 710, 1185]",RIGHT_SHOULDER,0.19080352657954824,-0.4259845029927903,0.9988290667533875,0.4963960349559784,0.7458611130714417,0.5429518846368884
00072,/Users/nikko/Downloads/moi-main/project_root/data/temp_frames/video7/frame_00072.png,"[178, 191, 710, 1185]",LEFT_HIP,0.05143101672754851,0.4177771052777557,0.9697110056877136,0.4963960349559784,0.7458611130714417,0.5429518846368884
00072,/Users/nikko/Downloads/moi-main/project_root/data/temp_frames/video7/frame_00072.png,"[178, 191, 710, 1185]",RIGHT_HIP,0.2784611864336355,0.41395943526801765,0.9749505519866943,0.4963960349559784,0.7458611130714417,0.5429518846368884
00072,/Users/nikko/Downloads/moi-main/project_root/data/temp_frames/video7/frame_00072.png,"[178, 191, 710, 1185]",RIGHT_ELBOW,0.6667238031906267,-0.8554716106362219,0.8212798237800598,0.4963960349559784,0.7458611130714417,0.5429518846368884
00072,/Users/nikko/Downloads/moi-main/project_root/data/temp_frames/video7/frame_00072.png,"[178, 191, 710, 1185]",LEFT_WRIST,-0.6072522800763247,-1.129404061869454,0.6807596683502197,0.4963960349559784,0.7458611130714417,0.5429518846368884
00072,/Users/nikko/Downloads/moi-main/project_root/data/temp_frames/video7/frame_00072.png,"[178, 191, 710, 1185]",RIGHT_WRIST,0.7575361784538996,-1.3137904371136924,0.9720351696014404,0.4963960349559784,0.7458611130714417,0.5429518846368884
00072,/Users/nikko/Downloads/moi-main/project_root/data/temp_frames/video7/frame_00072.png,"[178, 191, 710, 1185]",LEFT_EYE,-0.22188208956154293,-0.7535102579263196,0.9971364736557007,0.4963960349559784,0.7458611130714417,0.5429518846368884
00072,/Users/nikko/Downloads/moi-main/project_root/data/temp_frames/video7/frame_00072.png,"[178, 191, 710, 1185]",RIGHT_EYE,-0.16896170289432005,-0.7485207533605962,0.9985111355781555,0.4963960349559784,0.7458611130714417,0.5429518846368884
00073,/Users/nikko/Downloads/moi-main/project_root/data/temp_frames/video7/frame_00073.png,"[177, 182, 721, 1190]",LEFT_SHOULDER,-0.45790200883307797,-0.4098004816954873,0.999342143535614,0.47699714824557304,0.7469351440668106,0.5561286085406988
00073,/Users/nikko/Downloads/moi-main/project_root/data/temp_frames/video7/frame_00073.png,"[177, 182, 721, 1190]",RIGHT_SHOULDER,0.12445999414035998,-0.45251919772706334,0.9985352754592896,0.47699714824557304,0.7469351440668106,0.5561286085406988
00073,/Users/nikko/Downloads/moi-main/project_root/data/temp_frames/video7/frame_00073.png,"[177, 182, 721, 1190]",LEFT_HIP,0.06328933246846205,0.4388785174401114,0.9782553315162659,0.47699714824557304,0.7469351440668106,0.5561286085406988
00073,/Users/nikko/Downloads/moi-main/project_root/data/temp_frames/video7/frame_00073.png,"[177, 182, 721, 1190]",RIGHT_HIP,0.270152682224256,0.42344116198243925,0.980805516242981,0.47699714824557304,0.7469351440668106,0.5561286085406988
00073,/Users/nikko/Downloads/moi-main/project_root/data/temp_frames/video7/frame_00073.png,"[177, 182, 721, 1190]",RIGHT_ELBOW,0.6511611053591364,-0.8426180137560176,0.8852500915527344,0.47699714824557304,0.7469351440668106,0.5561286085406988
00073,/Users/nikko/Downloads/moi-main/project_root/data/temp_frames/video7/frame_00073.png,"[177, 182, 721, 1190]",LEFT_WRIST,-0.5448384297074983,-1.0514447269671539,0.683300793170929,0.47699714824557304,0.7469351440668106,0.5561286085406988
00073,/Users/nikko/Downloads/moi-main/project_root/data/temp_frames/video7/frame_00073.png,"[177, 182, 721, 1190]",RIGHT_WRIST,0.7121430269125842,-1.3016555446617528,0.9708030223846436,0.47699714824557304,0.7469351440668106,0.5561286085406988
00073,/Users/nikko/Downloads/moi-main/project_root/data/temp_frames/video7/frame_00073.png,"[177, 182, 721, 1190]",RIGHT_ANKLE,0.45615590819012247,1.6989189090605656,0.6188315153121948,0.47699714824557304,0.7469351440668106,0.5561286085406988
00073,/Users/nikko/Downloads/moi-main/project_root/data/temp_frames/video7/frame_00073.png,"[177, 182, 721, 1190]",LEFT_EYE,-0.25079941141719875,-0.7532263636746382,0.9905473589897156,0.47699714824557304,0.7469351440668106,0.5561286085406988
00073,/Users/nikko/Downloads/moi-main/project_root/data/temp_frames/video7/frame_00073.png,"[177, 182, 721, 1190]",RIGHT_EYE,-0.17938480211251126,-0.7475991536751806,0.9943366646766663,0.47699714824557304,0.7469351440668106,0.5561286085406988
00074,/Users/nikko/Downloads/moi-main/project_root/data/temp_frames/video7/frame_00074.png,"[202, 119, 733, 1235]",LEFT_SHOULDER,-0.5390141122198289,-0.3693926778244536,0.9991052746772766,0.4401363283395767,0.7231985107064247,0.5731025365916601
00074,/Users/nikko/Downloads/moi-main/project_root/data/temp_frames/video7/frame_00074.png,"[202, 119, 733, 1235]",RIGHT_SHOULDER,0.14849808535750728,-0.4333072220345054,0.99790358543396,0.4401363283395767,0.7231985107064247,0.5731025365916601
00074,/Users/nikko/Downloads/moi-main/project_root/data/temp_frames/video7/frame_00074.png,"[202, 119, 733, 1235]",LEFT_HIP,0.06252981618839556,0.40397712924420226,0.9736372232437134,0.4401363283395767,0.7231985107064247,0.5731025365916601
00074,/Users/nikko/Downloads/moi-main/project_root/data/temp_frames/video7/frame_00074.png,"[202, 119, 733, 1235]",RIGHT_HIP,0.3279862106739261,0.39872277061475675,0.9755988717079163,0.4401363283395767,0.7231985107064247,0.5731025365916601
00074,/Users/nikko/Downloads/moi-main/project_root/data/temp_frames/video7/frame_00074.png,"[202, 119, 733, 1235]",RIGHT_ELBOW,0.7364665465829188,-0.7287681977270689,0.822248637676239,0.4401363283395767,0.7231985107064247,0.5731025365916601
00074,/Users/nikko/Downloads/moi-main/project_root/data/temp_frames/video7/frame_00074.png,"[202, 119, 733, 1235]",LEFT_WRIST,-0.5535121420641588,-0.9271149578132166,0.6598203778266907,0.4401363283395767,0.7231985107064247,0.5731025365916601
00074,/Users/nikko/Downloads/moi-main/project_root/data/temp_frames/video7/frame_00074.png,"[202, 119, 733, 1235]",RIGHT_WRIST,0.7497237631886231,-1.1082882121351663,0.9510170817375183,0.4401363283395767,0.7231985107064247,0.5731025365916601
00074,/Users/nikko/Downloads/moi-main/project_root/data/temp_frames/video7/frame_00074.png,"[202, 119, 733, 1235]",LEFT_EYE,-0.2793085368636877,-0.6809055470042527,0.9947806000709534,0.4401363283395767,0.7231985107064247,0.5731025365916601
00074,/Users/nikko/Downloads/moi-main/project_root/data/temp_frames/video7/frame_00074.png,"[202, 119, 733, 1235]",RIGHT_EYE,-0.1915156310524867,-0.6817984686806466,0.9970600008964539,0.4401363283395767,0.7231985107064247,0.5731025365916601
00075,/Users/nikko/Downloads/moi-main/project_root/data/temp_frames/video7/frame_00075.png,"[202, 119, 733, 1241]",LEFT_SHOULDER,-0.5314420907315685,-0.3685577025121931,0.998518168926239,0.4407070018351078,0.7153264433145523,0.5663337328033378
00075,/Users/nikko/Downloads/moi-main/project_root/data/temp_frames/video7/frame_00075.png,"[202, 119, 733, 1241]",RIGHT_SHOULDER,0.16276555176194088,-0.43897466437765315,0.9973068237304688,0.4407070018351078,0.7153264433145523,0.5663337328033378
00075,/Users/nikko/Downloads/moi-main/project_root/data/temp_frames/video7/frame_00075.png,"[202, 119, 733, 1241]",LEFT_HIP,0.04790451785311786,0.401751449642493,0.9432546496391296,0.4407070018351078,0.7153264433145523,0.5663337328033378
00075,/Users/nikko/Downloads/moi-main/project_root/data/temp_frames/video7/frame_00075.png,"[202, 119, 733, 1241]",RIGHT_HIP,0.3207720211165097,0.4057809172473532,0.9506366848945618,0.4407070018351078,0.7153264433145523,0.5663337328033378
00075,/Users/nikko/Downloads/moi-main/project_root/data/temp_frames/video7/frame_00075.png,"[202, 119, 733, 1241]",RIGHT_ELBOW,0.7214442994312763,-0.719893472479315,0.7671399712562561,0.4407070018351078,0.7153264433145523,0.5663337328033378
00075,/Users/nikko/Downloads/moi-main/project_root/data/temp_frames/video7/frame_00075.png,"[202, 119, 733, 1241]",RIGHT_WRIST,0.7667716527490944,-1.1065764645814369,0.9311203956604004,0.4407070018351078,0.7153264433145523,0.5663337328033378
00075,/Users/nikko/Downloads/moi-main/project_root/data/temp_frames/video7/frame_00075.png,"[202, 119, 733, 1241]",LEFT_EYE,-0.26738011505688614,-0.678290687647847,0.9946407079696655,0.4407070018351078,0.7153264433145523,0.5663337328033378
00075,/Users/nikko/Downloads/moi-main/project_root/data/temp_frames/video7/frame_00075.png,"[202, 119, 733, 1241]",RIGHT_EYE,-0.18536751450279113,-0.6771651815472781,0.9970958232879639,0.4407070018351078,0.7153264433145523,0.5663337328033378
00076,/Users/nikko/Downloads/moi-main/project_root/data/temp_frames/video7/frame_00076.png,"[157, 154, 738, 1188]",LEFT_SHOULDER,-0.5168279741300689,-0.37721684058534294,0.995945155620575,0.4749109223484993,0.7077842205762863,0.5988475741538513
00076,/Users/nikko/Downloads/moi-main/project_root/data/temp_frames/video7/frame_00076.png,"[157, 154, 738, 1188]",RIGHT_SHOULDER,0.14645800659454164,-0.42690712060429736,0.9914323091506958,0.4749109223484993,0.7077842205762863,0.5988475741538513
00076,/Users/nikko/Downloads/moi-main/project_root/data/temp_frames/video7/frame_00076.png,"[157, 154, 738, 1188]",LEFT_HIP,0.026493530879661213,0.40620466202093136,0.9502443671226501,0.4749109223484993,0.7077842205762863,0.5988475741538513
00076,/Users/nikko/Downloads/moi-main/project_root/data/temp_frames/video7/frame_00076.png,"[157, 154, 738, 1188]",RIGHT_HIP,0.34387643665586604,0.39791929916870894,0.9565046429634094,0.4749109223484993,0.7077842205762863,0.5988475741538513
00076,/Users/nikko/Downloads/moi-main/project_root/data/temp_frames/video7/frame_00076.png,"[157, 154, 738, 1188]",RIGHT_ELBOW,0.6620759547540805,-0.683981198336994,0.6845667362213135,0.4749109223484993,0.7077842205762863,0.5988475741538513
00076,/Users/nikko/Downloads/moi-main/project_root/data/temp_frames/video7/frame_00076.png,"[157, 154, 738, 1188]",RIGHT_WRIST,0.6448942005841817,-1.0868275552472677,0.7848151922225952,0.4749109223484993,0.7077842205762863,0.5988475741538513
00076,/Users/nikko/Downloads/moi-main/project_root/data/temp_frames/video7/frame_00076.png,"[157, 154, 738, 1188]",LEFT_EYE,-0.2615900672933971,-0.7006044770679513,0.9743660688400269,0.4749109223484993,0.7077842205762863,0.5988475741538513
00076,/Users/nikko/Downloads/moi-main/project_root/data/temp_frames/video7/frame_00076.png,"[157, 154, 738, 1188]",RIGHT_EYE,-0.17781969700849726,-0.6977187883915094,0.9849451184272766,0.4749109223484993,0.7077842205762863,0.5988475741538513
00077,/Users/nikko/Downloads/moi-main/project_root/data/temp_frames/video7/frame_00077.png,"[159, 102, 736, 1192]",LEFT_SHOULDER,-0.5049195844014773,-0.39360141328717396,0.9969884753227234,0.46645932644605637,0.700786218047142,0.5657408077097195
00077,/Users/nikko/Downloads/moi-main/project_root/data/temp_frames/video7/frame_00077.png,"[159, 102, 736, 1192]",RIGHT_SHOULDER,0.12034213962144855,-0.4123836872423795,0.9970303773880005,0.46645932644605637,0.700786218047142,0.5657408077097195
00077,/Users/nikko/Downloads/moi-main/project_root/data/temp_frames/video7/frame_00077.png,"[159, 102, 736, 1192]",LEFT_HIP,0.024073411301234512,0.41157691749703396,0.9671536087989807,0.46645932644605637,0.700786218047142,0.5657408077097195
00077,/Users/nikko/Downloads/moi-main/project_root/data/temp_frames/video7/frame_00077.png,"[159, 102, 736, 1192]",RIGHT_HIP,0.3605040334787943,0.39440818303251945,0.9803085327148438,0.46645932644605637,0.700786218047142,0.5657408077097195
00077,/Users/nikko/Downloads/moi-main/project_root/data/temp_frames/video7/frame_00077.png,"[159, 102, 736, 1192]",RIGHT_ELBOW,0.7338021629353311,-0.6643239979545444,0.9121834635734558,0.46645932644605637,0.700786218047142,0.5657408077097195
00077,/Users/nikko/Downloads/moi-main/project_root/data/temp_frames/video7/frame_00077.png,"[159, 102, 736, 1192]",RIGHT_WRIST,0.7207856455695842,-1.050992656816081,0.9614185690879822,0.46645932644605637,0.700786218047142,0.5657408077097195
00077,/Users/nikko/Downloads/moi-main/project_root/data/temp_frames/video7/frame_00077.png,"[159, 102, 736, 1192]",RIGHT_ANKLE,0.5291245468451581,1.5248252931593453,0.545432984828949,0.46645932644605637,0.700786218047142,0.5657408077097195
00077,/Users/nikko/Downloads/moi-main/project_root/data/temp_frames/video7/frame_00077.png,"[159, 102, 736, 1192]",LEFT_EYE,-0.30685042131710605,-0.6993754172824416,0.9785312414169312,0.46645932644605637,0.700786218047142,0.5657408077097195
00077,/Users/nikko/Downloads/moi-main/project_root/data/temp_frames/video7/frame_00077.png,"[159, 102, 736, 1192]",RIGHT_EYE,-0.24141367758351026,-0.6894817810165038,0.9880822896957397,0.46645932644605637,0.700786218047142,0.5657408077097195
00078,/Users/nikko/Downloads/moi-main/project_root/data/temp_frames/video7/frame_00078.png,"[159, 102, 736, 1192]",LEFT_SHOULDER,-0.5063885364466572,-0.39563614759763444,0.9969524145126343,0.46574293449521065,0.7001976296305656,0.5642033458698555
00078,/Users/nikko/Downloads/moi-main/project_root/data/temp_frames/video7/frame_00078.png,"[159, 102, 736, 1192]",RIGHT_SHOULDER,0.12062845650316659,-0.4107640907101746,0.997134804725647,0.46574293449521065,0.7001976296305656,0.5642033458698555
00078,/Users/nikko/Downloads/moi-main/project_root/data/temp_frames/video7/frame_00078.png,"[159, 102, 736, 1192]",LEFT_HIP,0.026729776588044242,0.41230841972712595,0.9689194560050964,0.46574293449521065,0.7001976296305656,0.5642033458698555
00078,/Users/nikko/Downloads/moi-main/project_root/data/temp_frames/video7/frame_00078.png,"[159, 102, 736, 1192]",RIGHT_HIP,0.35903030335544633,0.3940918185806831,0.9817214012145996,0.46574293449521065,0.7001976296305656,0.5642033458698555
00078,/Users/nikko/Downloads/moi-main/project_root/data/temp_frames/video7/frame_00078.png,"[159, 102, 736, 1192]",RIGHT_ELBOW,0.7390238239399739,-0.6650287925014048,0.9243977069854736,0.46574293449521065,0.7001976296305656,0.5642033458698555
00078,/Users/nikko/Downloads/moi-main/project_root/data/temp_frames/video7/frame_00078.png,"[159, 102, 736, 1192]",RIGHT_WRIST,0.7245688853254063,-1.0497637039889929,0.9689863920211792,0.46574293449521065,0.7001976296305656,0.5642033458698555
00078,/Users/nikko/Downloads/moi-main/project_root/data/temp_frames/video7/frame_00078.png,"[159, 102, 736, 1192]",RIGHT_ANKLE,0.5413426316285543,1.5317321565466366,0.5886763334274292,0.46574293449521065,0.7001976296305656,0.5642033458698555
00078,/Users/nikko/Downloads/moi-main/project_root/data/temp_frames/video7/frame_00078.png,"[159, 102, 736, 1192]",LEFT_EYE,-0.3108662037486425,-0.7015460345208642,0.9792317152023315,0.46574293449521065,0.7001976296305656,0.5642033458698555
00078,/Users/nikko/Downloads/moi-main/project_root/data/temp_frames/video7/frame_00078.png,"[159, 102, 736, 1192]",RIGHT_EYE,-0.24703953684162827,-0.6884910889377908,0.9885504841804504,0.46574293449521065,0.7001976296305656,0.5642033458698555
00079,/Users/nikko/Downloads/moi-main/project_root/data/temp_frames/video7/frame_00079.png,"[172, 106, 759, 1196]",LEFT_SHOULDER,-0.5017058867547677,-0.3700003845593707,0.9978398084640503,0.42120279371738434,0.6659780889749527,0.5598142562960349
00079,/Users/nikko/Downloads/moi-main/project_root/data/temp_frames/video7/frame_00079.png,"[172, 106, 759, 1196]",RIGHT_SHOULDER,0.05887530966576734,-0.4291376956443257,0.997391939163208,0.42120279371738434,0.6659780889749527,0.5598142562960349
00079,/Users/nikko/Downloads/moi-main/project_root/data/temp_frames/video7/frame_00079.png,"[172, 106, 759, 1196]",LEFT_HIP,0.06696527891608385,0.4113549249321917,0.9680365920066833,0.42120279371738434,0.6659780889749527,0.5598142562960349
00079,/Users/nikko/Downloads/moi-main/project_root/data/temp_frames/video7/frame_00079.png,"[172, 106, 759, 1196]",RIGHT_HIP,0.3758652981729165,0.3877831552715047,0.9783454537391663,0.42120279371738434,0.6659780889749527,0.5598142562960349
00079,/Users/nikko/Downloads/moi-main/project_root/data/temp_frames/video7/frame_00079.png,"[172, 106, 759, 1196]",RIGHT_ELBOW,0.7893340419308675,-0.6278221850490994,0.8651852607727051,0.42120279371738434,0.6659780889749527,0.5598142562960349
00079,/Users/nikko/Downloads/moi-main/project_root/data/temp_frames/video7/frame_00079.png,"[172, 106, 759, 1196]",RIGHT_WRIST,0.7691034757794877,-1.017165024680789,0.915556788444519,0.42120279371738434,0.6659780889749527,0.5598142562960349
00079,/Users/nikko/Downloads/moi-main/project_root/data/temp_frames/video7/frame_00079.png,"[172, 106, 759, 1196]",LEFT_EYE,-0.2803631057654709,-0.7068653221336421,0.9867115020751953,0.42120279371738434,0.6659780889749527,0.5598142562960349
00079,/Users/nikko/Downloads/moi-main/project_root/data/temp_frames/video7/frame_00079.png,"[172, 106, 759, 1196]",RIGHT_EYE,-0.21714013768224796,-0.7091372255300156,0.9927306771278381,0.42120279371738434,0.6659780889749527,0.5598142562960349
00080,/Users/nikko/Downloads/moi-main/project_root/data/temp_frames/video7/frame_00080.png,"[169, 111, 772, 1194]",LEFT_SHOULDER,-0.5439880712738091,-0.363695784808738,0.9989359974861145,0.4224544111639261,0.6342316493391991,0.5929130339249139
00080,/Users/nikko/Downloads/moi-main/project_root/data/temp_frames/video7/frame_00080.png,"[169, 111, 772, 1194]",RIGHT_SHOULDER,0.1276230733692038,-0.4137766095069904,0.9988569021224976,0.4224544111639261,0.6342316493391991,0.5929130339249139
00080,/Users/nikko/Downloads/moi-main/project_root/data/temp_frames/video7/frame_00080.png,"[169, 111, 772, 1194]",LEFT_HIP,0.03752543041494018,0.39354542927215336,0.9783305525779724,0.4224544111639261,0.6342316493391991,0.5929130339249139
00080,/Users/nikko/Downloads/moi-main/project_root/data/temp_frames/video7/frame_00080.png,"[169, 111, 772, 1194]",RIGHT_HIP,0.3788395674896651,0.3839269650435751,0.9874719977378845,0.4224544111639261,0.6342316493391991,0.5929130339249139
00080,/Users/nikko/Downloads/moi-main/project_root/data/temp_frames/video7/frame_00080.png,"[169, 111, 772, 1194]",RIGHT_ELBOW,0.7529450384776608,-0.5409654406917404,0.9049914479255676,0.4224544111639261,0.6342316493391991,0.5929130339249139
00080,/Users/nikko/Downloads/moi-main/project_root/data/temp_frames/video7/frame_00080.png,"[169, 111, 772, 1194]",RIGHT_WRIST,0.6921988962471344,-0.9038768143541707,0.9524688124656677,0.4224544111639261,0.6342316493391991,0.5929130339249139
00080,/Users/nikko/Downloads/moi-main/project_root/data/temp_frames/video7/frame_00080.png,"[169, 111, 772, 1194]",RIGHT_ANKLE,0.4630149772875436,1.4694986109116162,0.5200580954551697,0.4224544111639261,0.6342316493391991,0.5929130339249139
00080,/Users/nikko/Downloads/moi-main/project_root/data/temp_frames/video7/frame_00080.png,"[169, 111, 772, 1194]",LEFT_EYE,-0.3064195620562453,-0.6879759996211989,0.9991979002952576,0.4224544111639261,0.6342316493391991,0.5929130339249139
00080,/Users/nikko/Downloads/moi-main/project_root/data/temp_frames/video7/frame_00080.png,"[169, 111, 772, 1194]",RIGHT_EYE,-0.21950477637010815,-0.69256276221409,0.9996960163116455,0.4224544111639261,0.6342316493391991,0.5929130339249139
00081,/Users/nikko/Downloads/moi-main/project_root/data/temp_frames/video7/frame_00081.png,"[170, 111, 772, 1194]",LEFT_SHOULDER,-0.5434692003423683,-0.36135891674326054,0.999083399772644,0.4251241832971573,0.6355879530310631,0.5946169789957516
00081,/Users/nikko/Downloads/moi-main/project_root/data/temp_frames/video7/frame_00081.png,"[170, 111, 772, 1194]",RIGHT_SHOULDER,0.136593059388284,-0.41514766564323297,0.9990467429161072,0.4251241832971573,0.6355879530310631,0.5946169789957516
00081,/Users/nikko/Downloads/moi-main/project_root/data/temp_frames/video7/frame_00081.png,"[170, 111, 772, 1194]",LEFT_HIP,0.029012253655086164,0.392871667216371,0.9818888306617737,0.4251241832971573,0.6355879530310631,0.5946169789957516
00081,/Users/nikko/Downloads/moi-main/project_root/data/temp_frames/video7/frame_00081.png,"[170, 111, 772, 1194]",RIGHT_HIP,0.3778638872989982,0.3836349151701225,0.9891000390052795,0.4251241832971573,0.6355879530310631,0.5946169789957516
00081,/Users/nikko/Downloads/moi-main/project_root/data/temp_frames/video7/frame_00081.png,"[170, 111, 772, 1194]",RIGHT_ELBOW,0.7501426049614971,-0.5420702077074253,0.904554009437561,0.4251241832971573,0.6355879530310631,0.5946169789957516
00081,/Users/nikko/Downloads/moi-main/project_root/data/temp_frames/video7/frame_00081.png,"[170, 111, 772, 1194]",RIGHT_WRIST,0.6886322878057289,-0.9040677059291073,0.9551052451133728,0.4251241832971573,0.6355879530310631,0.5946169789957516
00081,/Users/nikko/Downloads/moi-main/project_root/data/temp_frames/video7/frame_00081.png,"[170, 111, 772, 1194]",LEFT_EYE,-0.3126632949384615,-0.6852950217052608,0.9991620779037476,0.4251241832971573,0.6355879530310631,0.5946169789957516
00081,/Users/nikko/Downloads/moi-main/project_root/data/temp_frames/video7/frame_00081.png,"[170, 111, 772, 1194]",RIGHT_EYE,-0.22016132703732388,-0.6920531794612357,0.9997016787528992,0.4251241832971573,0.6355879530310631,0.5946169789957516
00082,/Users/nikko/Downloads/moi-main/project_root/data/temp_frames/video7/frame_00082.png,"[161, 114, 771, 1194]",LEFT_SHOULDER,-0.514111298185692,-0.35964313156644295,0.9992978572845459,0.4288177639245987,0.6110451519489288,0.5808781199374913
00082,/Users/nikko/Downloads/moi-main/project_root/data/temp_frames/video7/frame_00082.png,"[161, 114, 771, 1194]",RIGHT_SHOULDER,0.12041671746809644,-0.4362550698865253,0.9994803071022034,0.4288177639245987,0.6110451519489288,0.5808781199374913
00082,/Users/nikko/Downloads/moi-main/project_root/data/temp_frames/video7/frame_00082.png,"[161, 114, 771, 1194]",LEFT_HIP,0.027698143766760743,0.3961731560764066,0.9858204126358032,0.4288177639245987,0.6110451519489288,0.5808781199374913
00082,/Users/nikko/Downloads/moi-main/project_root/data/temp_frames/video7/frame_00082.png,"[161, 114, 771, 1194]",RIGHT_HIP,0.3659964369508348,0.3997250453765616,0.9940153956413269,0.4288177639245987,0.6110451519489288,0.5808781199374913
00082,/Users/nikko/Downloads/moi-main/project_root/data/temp_frames/video7/frame_00082.png,"[161, 114, 771, 1194]",RIGHT_ELBOW,0.7777203831293111,-0.5299527603783298,0.9419263005256653,0.4288177639245987,0.6110451519489288,0.5808781199374913
00082,/Users/nikko/Downloads/moi-main/project_root/data/temp_frames/video7/frame_00082.png,"[161, 114, 771, 1194]",RIGHT_WRIST,0.7070133132670281,-0.8967495909305956,0.9828296303749084,0.4288177639245987,0.6110451519489288,0.5808781199374913
00082,/Users/nikko/Downloads/moi-main/project_root/data/temp_frames/video7/frame_00082.png,"[161, 114, 771, 1194]",RIGHT_KNEE,0.47771097432791365,0.9177418569704733,0.7926862835884094,0.4288177639245987,0.6110451519489288,0.5808781199374913
00082,/Users/nikko/Downloads/moi-main/project_root/data/temp_frames/video7/frame_00082.png,"[161, 114, 771, 1194]",RIGHT_ANKLE,0.38434343561491163,1.5823620657116708,0.8655444979667664,0.4288177639245987,0.6110451519489288,0.5808781199374913
00082,/Users/nikko/Downloads/moi-main/project_root/data/temp_frames/video7/frame_00082.png,"[161, 114, 771, 1194]",LEFT_EYE,-0.2628177211344289,-0.6795209820660274,0.9989407658576965,0.4288177639245987,0.6110451519489288,0.5808781199374913
00082,/Users/nikko/Downloads/moi-main/project_root/data/temp_frames/video7/frame_00082.png,"[161, 114, 771, 1194]",RIGHT_EYE,-0.18025304619654378,-0.6899990811543036,0.9996540546417236,0.4288177639245987,0.6110451519489288,0.5808781199374913
00083,/Users/nikko/Downloads/moi-main/project_root/data/temp_frames/video7/frame_00083.png,"[161, 114, 771, 1194]",LEFT_SHOULDER,-0.5164612543617536,-0.35876891090913027,0.9992917776107788,0.43007395043969154,0.6115962564945221,0.5812272946788154
00083,/Users/nikko/Downloads/moi-main/project_root/data/temp_frames/video7/frame_00083.png,"[161, 114, 771, 1194]",RIGHT_SHOULDER,0.11993942735274933,-0.4362848440695518,0.999461829662323,0.43007395043969154,0.6115962564945221,0.5812272946788154
00083,/Users/nikko/Downloads/moi-main/project_root/data/temp_frames/video7/frame_00083.png,"[161, 114, 771, 1194]",LEFT_HIP,0.030506457912116997,0.3951616215180404,0.9895910620689392,0.43007395043969154,0.6115962564945221,0.5812272946788154
00083,/Users/nikko/Downloads/moi-main/project_root/data/temp_frames/video7/frame_00083.png,"[161, 114, 771, 1194]",RIGHT_HIP,0.36601536909688726,0.39989213346064173,0.9955150485038757,0.43007395043969154,0.6115962564945221,0.5812272946788154
00083,/Users/nikko/Downloads/moi-main/project_root/data/temp_frames/video7/frame_00083.png,"[161, 114, 771, 1194]",RIGHT_ELBOW,0.7767992476239235,-0.5283657988150007,0.9475184082984924,0.43007395043969154,0.6115962564945221,0.5812272946788154
00083,/Users/nikko/Downloads/moi-main/project_root/data/temp_frames/video7/frame_00083.png,"[161, 114, 771, 1194]",RIGHT_WRIST,0.7095830917831718,-0.8958089472005317,0.9837460517883301,0.43007395043969154,0.6115962564945221,0.5812272946788154
00083,/Users/nikko/Downloads/moi-main/project_root/data/temp_frames/video7/frame_00083.png,"[161, 114, 771, 1194]",RIGHT_KNEE,0.4754252630903734,0.9176942434798018,0.8911837935447693,0.43007395043969154,0.6115962564945221,0.5812272946788154
00083,/Users/nikko/Downloads/moi-main/project_root/data/temp_frames/video7/frame_00083.png,"[161, 114, 771, 1194]",RIGHT_ANKLE,0.378962772797664,1.5806337186430637,0.9271672964096069,0.43007395043969154,0.6115962564945221,0.5812272946788154
00083,/Users/nikko/Downloads/moi-main/project_root/data/temp_frames/video7/frame_00083.png,"[161, 114, 771, 1194]",LEFT_EYE,-0.2670116092094411,-0.6803398658669131,0.9990317821502686,0.43007395043969154,0.6115962564945221,0.5812272946788154
00083,/Users/nikko/Downloads/moi-main/project_root/data/temp_frames/video7/frame_00083.png,"[161, 114, 771, 1194]",RIGHT_EYE,-0.18630802330944532,-0.6911887708248289,0.9996997117996216,0.43007395043969154,0.6115962564945221,0.5812272946788154
00084,/Users/nikko/Downloads/moi-main/project_root/data/temp_frames/video7/frame_00084.png,"[156, 115, 778, 1188]",LEFT_SHOULDER,-0.5388419179376313,-0.3416899176908887,0.9997065663337708,0.4296690598130226,0.5695925280451775,0.5549390839759412
00084,/Users/nikko/Downloads/moi-main/project_root/data/temp_frames/video7/frame_00084.png,"[156, 115, 778, 1188]",RIGHT_SHOULDER,0.1388723036914262,-0.43904202226203315,0.9992578625679016,0.4296690598130226,0.5695925280451775,0.5549390839759412
00084,/Users/nikko/Downloads/moi-main/project_root/data/temp_frames/video7/frame_00084.png,"[156, 115, 778, 1188]",LEFT_HIP,0.034155371149756336,0.3910816264504887,0.9952972531318665,0.4296690598130226,0.5695925280451775,0.5549390839759412
00084,/Users/nikko/Downloads/moi-main/project_root/data/temp_frames/video7/frame_00084.png,"[156, 115, 778, 1188]",RIGHT_HIP,0.3658142430964487,0.3896503135024331,0.9960218071937561,0.4296690598130226,0.5695925280451775,0.5549390839759412
00084,/Users/nikko/Downloads/moi-main/project_root/data/temp_frames/video7/frame_00084.png,"[156, 115, 778, 1188]",RIGHT_ELBOW,0.8381041233065004,-0.47303516774062637,0.846873939037323,0.4296690598130226,0.5695925280451775,0.5549390839759412
00084,/Users/nikko/Downloads/moi-main/project_root/data/temp_frames/video7/frame_00084.png,"[156, 115, 778, 1188]",RIGHT_WRIST,0.712394976786424,-0.8610920768832725,0.9569913148880005,0.4296690598130226,0.5695925280451775,0.5549390839759412
00084,/Users/nikko/Downloads/moi-main/project_root/data/temp_frames/video7/frame_00084.png,"[156, 115, 778, 1188]",LEFT_EYE,-0.2895932036078379,-0.7006346292858079,0.9998099207878113,0.4296690598130226,0.5695925280451775,0.5549390839759412
00084,/Users/nikko/Downloads/moi-main/project_root/data/temp_frames/video7/frame_00084.png,"[156, 115, 778, 1188]",RIGHT_EYE,-0.1984814237121815,-0.7123851489960332,0.9999322891235352,0.4296690598130226,0.5695925280451775,0.5549390839759412
00085,/Users/nikko/Downloads/moi-main/project_root/data/temp_frames/video7/frame_00085.png,"[156, 115, 778, 1188]",LEFT_SHOULDER,-0.5392338388495513,-0.34207784283494586,0.9997053742408752,0.4295903854072094,0.5694707334041595,0.5542927146382802
00085,/Users/nikko/Downloads/moi-main/project_root/data/temp_frames/video7/frame_00085.png,"[156, 115, 778, 1188]",RIGHT_SHOULDER,0.13854636182910593,-0.4385892789510359,0.9992581009864807,0.4295903854072094,0.5694707334041595,0.5542927146382802
00085,/Users/nikko/Downloads/moi-main/project_root/data/temp_frames/video7/frame_00085.png,"[156, 115, 778, 1188]",LEFT_HIP,0.03470344729228054,0.390856707939983,0.9954090714454651,0.4295903854072094,0.5694707334041595,0.5542927146382802
00085,/Users/nikko/Downloads/moi-main/project_root/data/temp_frames/video7/frame_00085.png,"[156, 115, 778, 1188]",RIGHT_HIP,0.3659840297281649,0.38981041384599874,0.9961511492729187,0.4295903854072094,0.5694707334041595,0.5542927146382802
00085,/Users/nikko/Downloads/moi-main/project_root/data/temp_frames/video7/frame_00085.png,"[156, 115, 778, 1188]",RIGHT_ELBOW,0.8391284346433715,-0.4729918158793008,0.8517845869064331,0.4295903854072094,0.5694707334041595,0.5542927146382802
00085,/Users/nikko/Downloads/moi-main/project_root/data/temp_frames/video7/frame_00085.png,"[156, 115, 778, 1188]",RIGHT_WRIST,0.7132638790472406,-0.8618538039162369,0.9573678970336914,0.4295903854072094,0.5694707334041595,0.5542927146382802
00085,/Users/nikko/Downloads/moi-main/project_root/data/temp_frames/video7/frame_00085.png,"[156, 115, 778, 1188]",LEFT_EYE,-0.2893803415484302,-0.7015429321027339,0.9998171925544739,0.4295903854072094,0.5694707334041595,0.5542927146382802
00085,/Users/nikko/Downloads/moi-main/project_root/data/temp_frames/video7/frame_00085.png,"[156, 115, 778, 1188]",RIGHT_EYE,-0.1980614490305224,-0.713231424305592,0.9999351501464844,0.4295903854072094,0.5694707334041595,0.5542927146382802
00086,/Users/nikko/Downloads/moi-main/project_root/data/temp_frames/video7/frame_00086.png,"[158, 121, 779, 1181]",LEFT_SHOULDER,-0.5205241349013534,-0.33779589449176245,0.9993473887443542,0.4347953498363495,0.5374524146318436,0.5357564999640716
00086,/Users/nikko/Downloads/moi-main/project_root/data/temp_frames/video7/frame_00086.png,"[158, 121, 779, 1181]",RIGHT_SHOULDER,0.12203028225853477,-0.4525463768247399,0.9990276098251343,0.4347953498363495,0.5374524146318436,0.5357564999640716
00086,/Users/nikko/Downloads/moi-main/project_root/data/temp_frames/video7/frame_00086.png,"[158, 121, 779, 1181]",LEFT_HIP,0.0371522952943837,0.39892893623876374,0.9954174757003784,0.4347953498363495,0.5374524146318436,0.5357564999640716
00086,/Users/nikko/Downloads/moi-main/project_root/data/temp_frames/video7/frame_00086.png,"[158, 121, 779, 1181]",RIGHT_HIP,0.36134155734843487,0.3914133350777386,0.9968259334564209,0.4347953498363495,0.5374524146318436,0.5357564999640716
00086,/Users/nikko/Downloads/moi-main/project_root/data/temp_frames/video7/frame_00086.png,"[158, 121, 779, 1181]",RIGHT_ELBOW,0.8563127706808633,-0.4357483618485427,0.8491535782814026,0.4347953498363495,0.5374524146318436,0.5357564999640716
00086,/Users/nikko/Downloads/moi-main/project_root/data/temp_frames/video7/frame_00086.png,"[158, 121, 779, 1181]",RIGHT_WRIST,0.746547100877431,-0.8352928205267404,0.9382445216178894,0.4347953498363495,0.5374524146318436,0.5357564999640716
00086,/Users/nikko/Downloads/moi-main/project_root/data/temp_frames/video7/frame_00086.png,"[158, 121, 779, 1181]",LEFT_EYE,-0.25185479940974326,-0.7229708155673202,0.9992637038230896,0.4347953498363495,0.5374524146318436,0.5357564999640716
00086,/Users/nikko/Downloads/moi-main/project_root/data/temp_frames/video7/frame_00086.png,"[158, 121, 779, 1181]",RIGHT_EYE,-0.1837958542835508,-0.7330782833868468,0.9997828602790833,0.4347953498363495,0.5374524146318436,0.5357564999640716
00087,/Users/nikko/Downloads/moi-main/project_root/data/temp_frames/video7/frame_00087.png,"[184, 121, 780, 1186]",LEFT_SHOULDER,-0.5325553925736548,-0.3339379851565679,0.9996746778488159,0.41236131452023983,0.5133957043290138,0.5535091675860223
00087,/Users/nikko/Downloads/moi-main/project_root/data/temp_frames/video7/frame_00087.png,"[184, 121, 780, 1186]",RIGHT_SHOULDER,0.13338309543172372,-0.44464760628672906,0.999616265296936,0.41236131452023983,0.5133957043290138,0.5535091675860223
00087,/Users/nikko/Downloads/moi-main/project_root/data/temp_frames/video7/frame_00087.png,"[184, 121, 780, 1186]",LEFT_HIP,0.02600223358360376,0.38962640390797626,0.9949043989181519,0.41236131452023983,0.5133957043290138,0.5535091675860223
00087,/Users/nikko/Downloads/moi-main/project_root/data/temp_frames/video7/frame_00087.png,"[184, 121, 780, 1186]",RIGHT_HIP,0.3731700635583273,0.38895918753532077,0.9972905516624451,0.41236131452023983,0.5133957043290138,0.5535091675860223
00087,/Users/nikko/Downloads/moi-main/project_root/data/temp_frames/video7/frame_00087.png,"[184, 121, 780, 1186]",RIGHT_ELBOW,0.8763831226878598,-0.3846092243046053,0.9339311718940735,0.41236131452023983,0.5133957043290138,0.5535091675860223
00087,/Users/nikko/Downloads/moi-main/project_root/data/temp_frames/video7/frame_00087.png,"[184, 121, 780, 1186]",RIGHT_WRIST,0.7556061907353931,-0.7673054646430897,0.9820169806480408,0.41236131452023983,0.5133957043290138,0.5535091675860223
00087,/Users/nikko/Downloads/moi-main/project_root/data/temp_frames/video7/frame_00087.png,"[184, 121, 780, 1186]",RIGHT_KNEE,0.5714652403842887,0.8598453118916426,0.6502126455307007,0.41236131452023983,0.5133957043290138,0.5535091675860223
00087,/Users/nikko/Downloads/moi-main/project_root/data/temp_frames/video7/frame_00087.png,"[184, 121, 780, 1186]",RIGHT_ANKLE,0.31767620471351926,1.4310952730988014,0.5923553109169006,0.41236131452023983,0.5133957043290138,0.5535091675860223
00087,/Users/nikko/Downloads/moi-main/project_root/data/temp_frames/video7/frame_00087.png,"[184, 121, 780, 1186]",LEFT_EYE,-0.23885601431863634,-0.7044150584150436,0.9998770952224731,0.41236131452023983,0.5133957043290138,0.5535091675860223
00087,/Users/nikko/Downloads/moi-main/project_root/data/temp_frames/video7/frame_00087.png,"[184, 121, 780, 1186]",RIGHT_EYE,-0.16834499510577006,-0.7130910384205562,0.9999648332595825,0.41236131452023983,0.5133957043290138,0.5535091675860223
00088,/Users/nikko/Downloads/moi-main/project_root/data/temp_frames/video7/frame_00088.png,"[183, 121, 780, 1186]",LEFT_SHOULDER,-0.5339704139884982,-0.3359903382821487,0.9996674060821533,0.4133510459214449,0.5133330523967743,0.55569633425651
00088,/Users/nikko/Downloads/moi-main/project_root/data/temp_frames/video7/frame_00088.png,"[183, 121, 780, 1186]",RIGHT_SHOULDER,0.13461747076983285,-0.44224701776172426,0.9995539784431458,0.4133510459214449,0.5133330523967743,0.55569633425651
00088,/Users/nikko/Downloads/moi-main/project_root/data/temp_frames/video7/frame_00088.png,"[183, 121, 780, 1186]",LEFT_HIP,0.02604014202097003,0.3894802018305904,0.9950804710388184,0.4133510459214449,0.5133330523967743,0.55569633425651
00088,/Users/nikko/Downloads/moi-main/project_root/data/temp_frames/video7/frame_00088.png,"[183, 121, 780, 1186]",RIGHT_HIP,0.37331280119769533,0.3887571542132825,0.9973406195640564,0.4133510459214449,0.5133330523967743,0.55569633425651
00088,/Users/nikko/Downloads/moi-main/project_root/data/temp_frames/video7/frame_00088.png,"[183, 121, 780, 1186]",RIGHT_ELBOW,0.8712557768364447,-0.3844711047043066,0.9337913393974304,0.4133510459214449,0.5133330523967743,0.55569633425651
00088,/Users/nikko/Downloads/moi-main/project_root/data/temp_frames/video7/frame_00088.png,"[183, 121, 780, 1186]",RIGHT_WRIST,0.744594803002844,-0.7745240544231213,0.9807286858558655,0.4133510459214449,0.5133330523967743,0.55569633425651
00088,/Users/nikko/Downloads/moi-main/project_root/data/temp_frames/video7/frame_00088.png,"[183, 121, 780, 1186]",RIGHT_KNEE,0.5668467233237112,0.8571056975583923,0.6805212497711182,0.4133510459214449,0.5133330523967743,0.55569633425651
00088,/Users/nikko/Downloads/moi-main/project_root/data/temp_frames/video7/frame_00088.png,"[183, 121, 780, 1186]",RIGHT_ANKLE,0.2670201892226742,1.4361332988523856,0.5916731953620911,0.4133510459214449,0.5133330523967743,0.55569633425651
00088,/Users/nikko/Downloads/moi-main/project_root/data/temp_frames/video7/frame_00088.png,"[183, 121, 780, 1186]",LEFT_EYE,-0.2249930665781234,-0.6972113754390314,0.99988853931427,0.4133510459214449,0.5133330523967743,0.55569633425651
00088,/Users/nikko/Downloads/moi-main/project_root/data/temp_frames/video7/frame_00088.png,"[183, 121, 780, 1186]",RIGHT_EYE,-0.1629064875708201,-0.7053363294110476,0.9999676942825317,0.4133510459214449,0.5133330523967743,0.55569633425651
00089,/Users/nikko/Downloads/moi-main/project_root/data/temp_frames/video7/frame_00089.png,"[194, 104, 777, 1195]",LEFT_SHOULDER,-0.5360485958728782,-0.3304960174084837,0.9993447661399841,0.4196181707084179,0.48629870265722275,0.5244922745957175
00089,/Users/nikko/Downloads/moi-main/project_root/data/temp_frames/video7/frame_00089.png,"[194, 104, 777, 1195]",RIGHT_SHOULDER,0.11969951665631932,-0.44495606514485236,0.9994557499885559,0.4196181707084179,0.48629870265722275,0.5244922745957175
00089,/Users/nikko/Downloads/moi-main/project_root/data/temp_frames/video7/frame_00089.png,"[194, 104, 777, 1195]",LEFT_HIP,0.03872277186511507,0.390944909966854,0.9962222576141357,0.4196181707084179,0.48629870265722275,0.5244922745957175
00089,/Users/nikko/Downloads/moi-main/project_root/data/temp_frames/video7/frame_00089.png,"[194, 104, 777, 1195]",RIGHT_HIP,0.3776263073514438,0.38450717258648215,0.9978271126747131,0.4196181707084179,0.48629870265722275,0.5244922745957175
00089,/Users/nikko/Downloads/moi-main/project_root/data/temp_frames/video7/frame_00089.png,"[194, 104, 777, 1195]",RIGHT_ELBOW,0.9121692032285118,-0.3438572572918668,0.9353057742118835,0.4196181707084179,0.48629870265722275,0.5244922745957175
00089,/Users/nikko/Downloads/moi-main/project_root/data/temp_frames/video7/frame_00089.png,"[194, 104, 777, 1195]",RIGHT_WRIST,0.7628316287998501,-0.7393084498949731,0.9773095846176147,0.4196181707084179,0.48629870265722275,0.5244922745957175
00089,/Users/nikko/Downloads/moi-main/project_root/data/temp_frames/video7/frame_00089.png,"[194, 104, 777, 1195]",RIGHT_KNEE,0.5842196172774856,0.909685126023184,0.6329309344291687,0.4196181707084179,0.48629870265722275,0.5244922745957175
00089,/Users/nikko/Downloads/moi-main/project_root/data/temp_frames/video7/frame_00089.png,"[194, 104, 777, 1195]",LEFT_EYE,-0.26971393196690874,-0.7042278439479936,0.9995773434638977,0.4196181707084179,0.48629870265722275,0.5244922745957175
00089,/Users/nikko/Downloads/moi-main/project_root/data/temp_frames/video7/frame_00089.png,"[194, 104, 777, 1195]",RIGHT_EYE,-0.19222408184360595,-0.7153927566905812,0.9998992681503296,0.4196181707084179,0.48629870265722275,0.5244922745957175
00090,/Users/nikko/Downloads/moi-main/project_root/data/temp_frames/video7/frame_00090.png,"[203, 100, 775, 1187]",LEFT_SHOULDER,-0.5432835398041151,-0.3240363238623564,0.9995883107185364,0.4221564643085003,0.4746685028076172,0.5356762423525636
00090,/Users/nikko/Downloads/moi-main/project_root/data/temp_frames/video7/frame_00090.png,"[203, 100, 775, 1187]",RIGHT_SHOULDER,0.13798751342314647,-0.4504561831553002,0.9994660019874573,0.4221564643085003,0.4746685028076172,0.5356762423525636
00090,/Users/nikko/Downloads/moi-main/project_root/data/temp_frames/video7/frame_00090.png,"[203, 100, 775, 1187]",LEFT_HIP,0.038022463567651744,0.3896694338722049,0.9888581037521362,0.4221564643085003,0.4746685028076172,0.5356762423525636
00090,/Users/nikko/Downloads/moi-main/project_root/data/temp_frames/video7/frame_00090.png,"[203, 100, 775, 1187]",RIGHT_HIP,0.3672735628133169,0.3848230731454518,0.9927855730056763,0.4221564643085003,0.4746685028076172,0.5356762423525636
00090,/Users/nikko/Downloads/moi-main/project_root/data/temp_frames/video7/frame_00090.png,"[203, 100, 775, 1187]",RIGHT_ELBOW,0.9024263950493513,-0.31416640508460836,0.9405361413955688,0.4221564643085003,0.4746685028076172,0.5356762423525636
00090,/Users/nikko/Downloads/moi-main/project_root/data/temp_frames/video7/frame_00090.png,"[203, 100, 775, 1187]",RIGHT_WRIST,0.750250000609872,-0.7055851548647586,0.9871035218238831,0.4221564643085003,0.4746685028076172,0.5356762423525636
00090,/Users/nikko/Downloads/moi-main/project_root/data/temp_frames/video7/frame_00090.png,"[203, 100, 775, 1187]",LEFT_EYE,-0.24815772437241765,-0.7068006394931334,0.999710738658905,0.4221564643085003,0.4746685028076172,0.5356762423525636
00090,/Users/nikko/Downloads/moi-main/project_root/data/temp_frames/video7/frame_00090.png,"[203, 100, 775, 1187]",RIGHT_EYE,-0.1871522184554388,-0.7173277461492511,0.9999183416366577,0.4221564643085003,0.4746685028076172,0.5356762423525636
00091,/Users/nikko/Downloads/moi-main/project_root/data/temp_frames/video7/frame_00091.png,"[206, 99, 774, 1186]",LEFT_SHOULDER,-0.5447788715625579,-0.3298650875544381,0.999528169631958,0.429304052144289,0.4569694362580776,0.5351636909283723
00091,/Users/nikko/Downloads/moi-main/project_root/data/temp_frames/video7/frame_00091.png,"[206, 99, 774, 1186]",RIGHT_SHOULDER,0.1370175864215463,-0.4486546958663848,0.9991865754127502,0.429304052144289,0.4569694362580776,0.5351636909283723
00091,/Users/nikko/Downloads/moi-main/project_root/data/temp_frames/video7/frame_00091.png,"[206, 99, 774, 1186]",LEFT_HIP,0.04619313493030103,0.38978603417241314,0.986615002155304,0.429304052144289,0.4569694362580776,0.5351636909283723
00091,/Users/nikko/Downloads/moi-main/project_root/data/temp_frames/video7/frame_00091.png,"[206, 99, 774, 1186]",RIGHT_HIP,0.36156815021071054,0.3887337492484098,0.9898679256439209,0.429304052144289,0.4569694362580776,0.5351636909283723
00091,/Users/nikko/Downloads/moi-main/project_root/data/temp_frames/video7/frame_00091.png,"[206, 99, 774, 1186]",RIGHT_ELBOW,0.8908436324189902,-0.27218142977500376,0.9127903580665588,0.429304052144289,0.4569694362580776,0.5351636909283723
00091,/Users/nikko/Downloads/moi-main/project_root/data/temp_frames/video7/frame_00091.png,"[206, 99, 774, 1186]",RIGHT_WRIST,0.7245478649666576,-0.6711280466539076,0.9837695360183716,0.429304052144289,0.4569694362580776,0.5351636909283723
00091,/Users/nikko/Downloads/moi-main/project_root/data/temp_frames/video7/frame_00091.png,"[206, 99, 774, 1186]",LEFT_EYE,-0.26557768197127607,-0.7099899156929071,0.9995716214179993,0.429304052144289,0.4569694362580776,0.5351636909283723
00091,/Users/nikko/Downloads/moi-main/project_root/data/temp_frames/video7/frame_00091.png,"[206, 99, 774, 1186]",RIGHT_EYE,-0.20481530001616838,-0.7212845621298598,0.9998681545257568,0.429304052144289,0.4569694362580776,0.5351636909283723
00092,/Users/nikko/Downloads/moi-main/project_root/data/temp_frames/video7/frame_00092.png,"[210, 78, 762, 1193]",LEFT_SHOULDER,-0.5679920908408208,-0.3279878367487953,0.9996980428695679,0.44297296553850174,0.437591053545475,0.5116205624513082
00092,/Users/nikko/Downloads/moi-main/project_root/data/temp_frames/video7/frame_00092.png,"[210, 78, 762, 1193]",RIGHT_SHOULDER,0.14680279509070557,-0.43234157733585366,0.9989578723907471,0.44297296553850174,0.437591053545475,0.5116205624513082
00092,/Users/nikko/Downloads/moi-main/project_root/data/temp_frames/video7/frame_00092.png,"[210, 78, 762, 1193]",LEFT_HIP,0.044917375172397474,0.3822720473178089,0.997442364692688,0.44297296553850174,0.437591053545475,0.5116205624513082
00092,/Users/nikko/Downloads/moi-main/project_root/data/temp_frames/video7/frame_00092.png,"[210, 78, 762, 1193]",RIGHT_HIP,0.3762719205777178,0.37805736676684,0.9984555244445801,0.44297296553850174,0.437591053545475,0.5116205624513082
00092,/Users/nikko/Downloads/moi-main/project_root/data/temp_frames/video7/frame_00092.png,"[210, 78, 762, 1193]",RIGHT_ELBOW,0.916576095857301,-0.23823682197206866,0.882817804813385,0.44297296553850174,0.437591053545475,0.5116205624513082
00092,/Users/nikko/Downloads/moi-main/project_root/data/temp_frames/video7/frame_00092.png,"[210, 78, 762, 1193]",RIGHT_WRIST,0.7827833760722671,-0.6375076264889785,0.9686144590377808,0.44297296553850174,0.437591053545475,0.5116205624513082
00092,/Users/nikko/Downloads/moi-main/project_root/data/temp_frames/video7/frame_00092.png,"[210, 78, 762, 1193]",RIGHT_KNEE,0.6062041401629167,0.9301134139876535,0.6996307373046875,0.44297296553850174,0.437591053545475,0.5116205624513082
00092,/Users/nikko/Downloads/moi-main/project_root/data/temp_frames/video7/frame_00092.png,"[210, 78, 762, 1193]",RIGHT_ANKLE,0.2511692926095253,1.4337142073157052,0.6000418663024902,0.44297296553850174,0.437591053545475,0.5116205624513082
00092,/Users/nikko/Downloads/moi-main/project_root/data/temp_frames/video7/frame_00092.png,"[210, 78, 762, 1193]",LEFT_EYE,-0.23890472598839685,-0.7403072494953957,0.9984800219535828,0.44297296553850174,0.437591053545475,0.5116205624513082
00092,/Users/nikko/Downloads/moi-main/project_root/data/temp_frames/video7/frame_00092.png,"[210, 78, 762, 1193]",RIGHT_EYE,-0.18339675285815604,-0.7385329947469796,0.9994269609451294,0.44297296553850174,0.437591053545475,0.5116205624513082
00093,/Users/nikko/Downloads/moi-main/project_root/data/temp_frames/video7/frame_00093.png,"[210, 78, 762, 1193]",LEFT_SHOULDER,-0.5686371203520967,-0.32776333432487786,0.9997028708457947,0.44280388578772545,0.4375426359474659,0.5114652092380501
00093,/Users/nikko/Downloads/moi-main/project_root/data/temp_frames/video7/frame_00093.png,"[210, 78, 762, 1193]",RIGHT_SHOULDER,0.14802076029434583,-0.43248384461673317,0.9989761114120483,0.44280388578772545,0.4375426359474659,0.5114652092380501
00093,/Users/nikko/Downloads/moi-main/project_root/data/temp_frames/video7/frame_00093.png,"[210, 78, 762, 1193]",LEFT_HIP,0.045055851470902714,0.3821729516987059,0.997422456741333,0.44280388578772545,0.4375426359474659,0.5114652092380501
00093,/Users/nikko/Downloads/moi-main/project_root/data/temp_frames/video7/frame_00093.png,"[210, 78, 762, 1193]",RIGHT_HIP,0.37556050858684814,0.3780742272429051,0.9984315037727356,0.44280388578772545,0.4375426359474659,0.5114652092380501
00093,/Users/nikko/Downloads/moi-main/project_root/data/temp_frames/video7/frame_00093.png,"[210, 78, 762, 1193]",RIGHT_ELBOW,0.9186705749735073,-0.23791717561022266,0.8631607890129089,0.44280388578772545,0.4375426359474659,0.5114652092380501
00093,/Users/nikko/Downloads/moi-main/project_root/data/temp_frames/video7/frame_00093.png,"[210, 78, 762, 1193]",RIGHT_WRIST,0.7837127508263318,-0.6375852586699183,0.9652321934700012,0.44280388578772545,0.4375426359474659,0.5114652092380501
00093,/Users/nikko/Downloads/moi-main/project_root/data/temp_frames/video7/frame_00093.png,"[210, 78, 762, 1193]",RIGHT_KNEE,0.6050394333299639,0.9325740418507605,0.6684583425521851,0.44280388578772545,0.4375426359474659,0.5114652092380501
00093,/Users/nikko/Downloads/moi-main/project_root/data/temp_frames/video7/frame_00093.png,"[210, 78, 762, 1193]",RIGHT_ANKLE,0.25147629008275785,1.4357583996342578,0.5587906241416931,0.44280388578772545,0.4375426359474659,0.5114652092380501
00093,/Users/nikko/Downloads/moi-main/project_root/data/temp_frames/video7/frame_00093.png,"[210, 78, 762, 1193]",LEFT_EYE,-0.24078347709989326,-0.7393831946458657,0.9985222220420837,0.44280388578772545,0.4375426359474659,0.5114652092380501
00093,/Users/nikko/Downloads/moi-main/project_root/data/temp_frames/video7/frame_00093.png,"[210, 78, 762, 1193]",RIGHT_EYE,-0.1840002768681971,-0.7380122164152373,0.999453604221344,0.44280388578772545,0.4375426359474659,0.5114652092380501
00094,/Users/nikko/Downloads/moi-main/project_root/data/temp_frames/video7/frame_00094.png,"[209, 65, 751, 1195]",LEFT_SHOULDER,-0.5810907157534477,-0.3082929071696272,0.9997525811195374,0.45873648300766945,0.4215630814433098,0.4878296864738956
00094,/Users/nikko/Downloads/moi-main/project_root/data/temp_frames/video7/frame_00094.png,"[209, 65, 751, 1195]",RIGHT_SHOULDER,0.17791904888246457,-0.4358329145419343,0.9984062314033508,0.45873648300766945,0.4215630814433098,0.4878296864738956
00094,/Users/nikko/Downloads/moi-main/project_root/data/temp_frames/video7/frame_00094.png,"[209, 65, 751, 1195]",LEFT_HIP,0.025242452854989314,0.37690363023902024,0.9973656535148621,0.45873648300766945,0.4215630814433098,0.4878296864738956
00094,/Users/nikko/Downloads/moi-main/project_root/data/temp_frames/video7/frame_00094.png,"[209, 65, 751, 1195]",RIGHT_HIP,0.3779292140159938,0.3672221914725413,0.9977700710296631,0.45873648300766945,0.4215630814433098,0.4878296864738956
00094,/Users/nikko/Downloads/moi-main/project_root/data/temp_frames/video7/frame_00094.png,"[209, 65, 751, 1195]",RIGHT_ELBOW,0.9154818858487387,-0.20408117549586582,0.7440341114997864,0.45873648300766945,0.4215630814433098,0.4878296864738956
00094,/Users/nikko/Downloads/moi-main/project_root/data/temp_frames/video7/frame_00094.png,"[209, 65, 751, 1195]",RIGHT_WRIST,0.8238552792532218,-0.6262607926633291,0.8199630379676819,0.45873648300766945,0.4215630814433098,0.4878296864738956
00094,/Users/nikko/Downloads/moi-main/project_root/data/temp_frames/video7/frame_00094.png,"[209, 65, 751, 1195]",LEFT_EYE,-0.21717735516868822,-0.7330536619889667,0.9993717074394226,0.45873648300766945,0.4215630814433098,0.4878296864738956
00094,/Users/nikko/Downloads/moi-main/project_root/data/temp_frames/video7/frame_00094.png,"[209, 65, 751, 1195]",RIGHT_EYE,-0.1571378216928965,-0.7286103743604335,0.999685525894165,0.45873648300766945,0.4215630814433098,0.4878296864738956
00095,/Users/nikko/Downloads/moi-main/project_root/data/temp_frames/video7/frame_00095.png,"[213, 51, 752, 1188]",LEFT_SHOULDER,-0.5891567302323029,-0.3027144665862208,0.9998236298561096,0.46084604039788246,0.4184856377542019,0.49725617930193405
00095,/Users/nikko/Downloads/moi-main/project_root/data/temp_frames/video7/frame_00095.png,"[213, 51, 752, 1188]",RIGHT_SHOULDER,0.1915665806218978,-0.4309842557416768,0.9991758465766907,0.46084604039788246,0.4184856377542019,0.49725617930193405
00095,/Users/nikko/Downloads/moi-main/project_root/data/temp_frames/video7/frame_00095.png,"[213, 51, 752, 1188]",LEFT_HIP,0.014416885337632144,0.3721269887009254,0.9988884329795837,0.46084604039788246,0.4184856377542019,0.49725617930193405
00095,/Users/nikko/Downloads/moi-main/project_root/data/temp_frames/video7/frame_00095.png,"[213, 51, 752, 1188]",RIGHT_HIP,0.3831732642727729,0.3615717336269722,0.9991438388824463,0.46084604039788246,0.4184856377542019,0.49725617930193405
00095,/Users/nikko/Downloads/moi-main/project_root/data/temp_frames/video7/frame_00095.png,"[213, 51, 752, 1188]",RIGHT_ELBOW,0.8396617353978308,-0.163537942120029,0.9171620607376099,0.46084604039788246,0.4184856377542019,0.49725617930193405
00095,/Users/nikko/Downloads/moi-main/project_root/data/temp_frames/video7/frame_00095.png,"[213, 51, 752, 1188]",RIGHT_WRIST,0.803452168884909,-0.5712418613760984,0.9301814436912537,0.46084604039788246,0.4184856377542019,0.49725617930193405
00095,/Users/nikko/Downloads/moi-main/project_root/data/temp_frames/video7/frame_00095.png,"[213, 51, 752, 1188]",LEFT_KNEE,-0.26382193027028944,0.9902073075076908,0.6829422116279602,0.46084604039788246,0.4184856377542019,0.49725617930193405
00095,/Users/nikko/Downloads/moi-main/project_root/data/temp_frames/video7/frame_00095.png,"[213, 51, 752, 1188]",RIGHT_KNEE,0.569342537572917,0.9804298698969423,0.8355986475944519,0.46084604039788246,0.4184856377542019,0.49725617930193405
00095,/Users/nikko/Downloads/moi-main/project_root/data/temp_frames/video7/frame_00095.png,"[213, 51, 752, 1188]",LEFT_EYE,-0.20609969956584084,-0.7154356471044536,0.9995006322860718,0.46084604039788246,0.4184856377542019,0.49725617930193405
00095,/Users/nikko/Downloads/moi-main/project_root/data/temp_frames/video7/frame_00095.png,"[213, 51, 752, 1188]",RIGHT_EYE,-0.14172514575086595,-0.7145735481026735,0.9997351765632629,0.46084604039788246,0.4184856377542019,0.49725617930193405
00096,/Users/nikko/Downloads/moi-main/project_root/data/temp_frames/video7/frame_00096.png,"[213, 51, 753, 1189]",LEFT_SHOULDER,-0.5917187639806418,-0.30379210005637386,0.9997789263725281,0.45926300063729286,0.4177328459918499,0.49864803941150876
00096,/Users/nikko/Downloads/moi-main/project_root/data/temp_frames/video7/frame_00096.png,"[213, 51, 753, 1189]",RIGHT_SHOULDER,0.19393650668746787,-0.4291542257673706,0.9989903569221497,0.45926300063729286,0.4177328459918499,0.49864803941150876
00096,/Users/nikko/Downloads/moi-main/project_root/data/temp_frames/video7/frame_00096.png,"[213, 51, 753, 1189]",LEFT_HIP,0.015401933937311475,0.37174496434912213,0.9990543723106384,0.45926300063729286,0.4177328459918499,0.49864803941150876
00096,/Users/nikko/Downloads/moi-main/project_root/data/temp_frames/video7/frame_00096.png,"[213, 51, 753, 1189]",RIGHT_HIP,0.3823803233558625,0.36120136147462234,0.9992664456367493,0.45926300063729286,0.4177328459918499,0.49864803941150876
00096,/Users/nikko/Downloads/moi-main/project_root/data/temp_frames/video7/frame_00096.png,"[213, 51, 753, 1189]",RIGHT_ELBOW,0.8362337355408347,-0.16257987572666396,0.9196614027023315,0.45926300063729286,0.4177328459918499,0.49864803941150876
00096,/Users/nikko/Downloads/moi-main/project_root/data/temp_frames/video7/frame_00096.png,"[213, 51, 753, 1189]",RIGHT_WRIST,0.8082425718879798,-0.5699320690066236,0.9154794812202454,0.45926300063729286,0.4177328459918499,0.49864803941150876
00096,/Users/nikko/Downloads/moi-main/project_root/data/temp_frames/video7/frame_00096.png,"[213, 51, 753, 1189]",LEFT_KNEE,-0.26335394288743225,0.9859995110438589,0.7382389903068542,0.45926300063729286,0.4177328459918499,0.49864803941150876
00096,/Users/nikko/Downloads/moi-main/project_root/data/temp_frames/video7/frame_00096.png,"[213, 51, 753, 1189]",RIGHT_KNEE,0.5701822505207474,0.9794907275717731,0.8689575791358948,0.45926300063729286,0.4177328459918499,0.49864803941150876
00096,/Users/nikko/Downloads/moi-main/project_root/data/temp_frames/video7/frame_00096.png,"[213, 51, 753, 1189]",LEFT_EYE,-0.20697399073378497,-0.7122270933928938,0.9992607235908508,0.45926300063729286,0.4177328459918499,0.49864803941150876
00096,/Users/nikko/Downloads/moi-main/project_root/data/temp_frames/video7/frame_00096.png,"[213, 51, 753, 1189]",RIGHT_EYE,-0.13886353778662525,-0.7120579997357426,0.9995935559272766,0.45926300063729286,0.4177328459918499,0.49864803941150876
00097,/Users/nikko/Downloads/moi-main/project_root/data/temp_frames/video7/frame_00097.png,"[214, 41, 742, 1204]",LEFT_SHOULDER,-0.6092141947803947,-0.2969186588599521,0.9997742772102356,0.4718821346759796,0.4053221233189106,0.49370799499692136
00097,/Users/nikko/Downloads/moi-main/project_root/data/temp_frames/video7/frame_00097.png,"[214, 41, 742, 1204]",RIGHT_SHOULDER,0.20601449845488554,-0.42218885426446545,0.9986554384231567,0.4718821346759796,0.4053221233189106,0.49370799499692136
00097,/Users/nikko/Downloads/moi-main/project_root/data/temp_frames/video7/frame_00097.png,"[214, 41, 742, 1204]",LEFT_HIP,0.015142014779537163,0.3627397826982295,0.9973520040512085,0.4718821346759796,0.4053221233189106,0.49370799499692136
00097,/Users/nikko/Downloads/moi-main/project_root/data/temp_frames/video7/frame_00097.png,"[214, 41, 742, 1204]",RIGHT_HIP,0.3880576815459721,0.3563677304261881,0.9979668259620667,0.4718821346759796,0.4053221233189106,0.49370799499692136
00097,/Users/nikko/Downloads/moi-main/project_root/data/temp_frames/video7/frame_00097.png,"[214, 41, 742, 1204]",RIGHT_ELBOW,0.8343577680050442,-0.1258999230078524,0.6054254770278931,0.4718821346759796,0.4053221233189106,0.49370799499692136
00097,/Users/nikko/Downloads/moi-main/project_root/data/temp_frames/video7/frame_00097.png,"[214, 41, 742, 1204]",RIGHT_WRIST,0.8444214575331386,-0.5334707469872949,0.6089876890182495,0.4718821346759796,0.4053221233189106,0.49370799499692136
00097,/Users/nikko/Downloads/moi-main/project_root/data/temp_frames/video7/frame_00097.png,"[214, 41, 742, 1204]",LEFT_EYE,-0.21512183686374964,-0.6950747318433582,0.9986121654510498,0.4718821346759796,0.4053221233189106,0.49370799499692136
00097,/Users/nikko/Downloads/moi-main/project_root/data/temp_frames/video7/frame_00097.png,"[214, 41, 742, 1204]",RIGHT_EYE,-0.13153947750799513,-0.6977173437356693,0.9990289211273193,0.4718821346759796,0.4053221233189106,0.49370799499692136
00098,/Users/nikko/Downloads/moi-main/project_root/data/temp_frames/video7/frame_00098.png,"[214, 35, 739, 1197]",LEFT_SHOULDER,-0.6186975358770088,-0.295273383027245,0.9999313354492188,0.48006995394825935,0.4045279137790203,0.505548298680181
00098,/Users/nikko/Downloads/moi-main/project_root/data/temp_frames/video7/frame_00098.png,"[214, 35, 739, 1197]",RIGHT_SHOULDER,0.21403517980978198,-0.413725117764821,0.9989827275276184,0.48006995394825935,0.4045279137790203,0.505548298680181
00098,/Users/nikko/Downloads/moi-main/project_root/data/temp_frames/video7/frame_00098.png,"[214, 35, 739, 1197]",LEFT_HIP,0.011086841676566565,0.360444407803635,0.9974029660224915,0.48006995394825935,0.4045279137790203,0.505548298680181
00098,/Users/nikko/Downloads/moi-main/project_root/data/temp_frames/video7/frame_00098.png,"[214, 35, 739, 1197]",RIGHT_HIP,0.3935755143906603,0.348554092988431,0.9972098469734192,0.48006995394825935,0.4045279137790203,0.505548298680181
00098,/Users/nikko/Downloads/moi-main/project_root/data/temp_frames/video7/frame_00098.png,"[214, 35, 739, 1197]",RIGHT_ELBOW,0.7710777415952168,-0.10752737536249389,0.5292043685913086,0.48006995394825935,0.4045279137790203,0.505548298680181
00098,/Users/nikko/Downloads/moi-main/project_root/data/temp_frames/video7/frame_00098.png,"[214, 35, 739, 1197]",RIGHT_WRIST,0.8337322139584935,-0.4963937252650481,0.5341116189956665,0.48006995394825935,0.4045279137790203,0.505548298680181
00098,/Users/nikko/Downloads/moi-main/project_root/data/temp_frames/video7/frame_00098.png,"[214, 35, 739, 1197]",LEFT_EYE,-0.23259622946106712,-0.6772880200744683,0.9988147020339966,0.48006995394825935,0.4045279137790203,0.505548298680181
00098,/Users/nikko/Downloads/moi-main/project_root/data/temp_frames/video7/frame_00098.png,"[214, 35, 739, 1197]",RIGHT_EYE,-0.1419106199357975,-0.6813387664853755,0.9991100430488586,0.48006995394825935,0.4045279137790203,0.505548298680181
00099,/Users/nikko/Downloads/moi-main/project_root/data/temp_frames/video7/frame_00099.png,"[212, 35, 732, 1192]",LEFT_SHOULDER,-0.6133954700241993,-0.29394986112336624,0.9999092817306519,0.4894830770790577,0.40513693168759346,0.5037185561690897
00099,/Users/nikko/Downloads/moi-main/project_root/data/temp_frames/video7/frame_00099.png,"[212, 35, 732, 1192]",RIGHT_SHOULDER,0.22288673499742598,-0.4177453133176985,0.9986349940299988,0.4894830770790577,0.40513693168759346,0.5037185561690897
00099,/Users/nikko/Downloads/moi-main/project_root/data/temp_frames/video7/frame_00099.png,"[212, 35, 732, 1192]",LEFT_HIP,0.0031788786333729214,0.3621134766068502,0.9976147413253784,0.4894830770790577,0.40513693168759346,0.5037185561690897
00099,/Users/nikko/Downloads/moi-main/project_root/data/temp_frames/video7/frame_00099.png,"[212, 35, 732, 1192]",RIGHT_HIP,0.38732985639340034,0.3495816978342145,0.9973320960998535,0.4894830770790577,0.40513693168759346,0.5037185561690897
00099,/Users/nikko/Downloads/moi-main/project_root/data/temp_frames/video7/frame_00099.png,"[212, 35, 732, 1192]",RIGHT_ELBOW,0.7827713389725108,-0.10581597910987454,0.5100184679031372,0.4894830770790577,0.40513693168759346,0.5037185561690897
00099,/Users/nikko/Downloads/moi-main/project_root/data/temp_frames/video7/frame_00099.png,"[212, 35, 732, 1192]",LEFT_EYE,-0.23607283021290382,-0.6788000021163594,0.998894989490509,0.4894830770790577,0.40513693168759346,0.5037185561690897
00099,/Users/nikko/Downloads/moi-main/project_root/data/temp_frames/video7/frame_00099.png,"[212, 35, 732, 1192]",RIGHT_EYE,-0.1442617478304684,-0.6841611977379957,0.9991249442100525,0.4894830770790577,0.40513693168759346,0.5037185561690897
00100,/Users/nikko/Downloads/moi-main/project_root/data/temp_frames/video7/frame_00100.png,"[207, 35, 732, 1191]",LEFT_SHOULDER,-0.6123369121264352,-0.2894003111294815,0.999894380569458,0.4962475821375847,0.4027686230838299,0.4990477318357322
00100,/Users/nikko/Downloads/moi-main/project_root/data/temp_frames/video7/frame_00100.png,"[207, 35, 732, 1191]",RIGHT_SHOULDER,0.21259338901829894,-0.4198551434109578,0.998647153377533,0.4962475821375847,0.4027686230838299,0.4990477318357322
00100,/Users/nikko/Downloads/moi-main/project_root/data/temp_frames/video7/frame_00100.png,"[207, 35, 732, 1191]",LEFT_HIP,0.0038362042626245885,0.3581158181627275,0.9984453320503235,0.4962475821375847,0.4027686230838299,0.4990477318357322
00100,/Users/nikko/Downloads/moi-main/project_root/data/temp_frames/video7/frame_00100.png,"[207, 35, 732, 1191]",RIGHT_HIP,0.39590731884551156,0.35113963637771184,0.9983280301094055,0.4962475821375847,0.4027686230838299,0.4990477318357322
00100,/Users/nikko/Downloads/moi-main/project_root/data/temp_frames/video7/frame_00100.png,"[207, 35, 732, 1191]",RIGHT_ELBOW,0.7649254664018615,-0.10007041135893233,0.5015895366668701,0.4962475821375847,0.4027686230838299,0.4990477318357322
00100,/Users/nikko/Downloads/moi-main/project_root/data/temp_frames/video7/frame_00100.png,"[207, 35, 732, 1191]",LEFT_EYE,-0.25035651600550013,-0.6882191772267887,0.9990615248680115,0.4962475821375847,0.4027686230838299,0.4990477318357322
00100,/Users/nikko/Downloads/moi-main/project_root/data/temp_frames/video7/frame_00100.png,"[207, 35, 732, 1191]",RIGHT_EYE,-0.16689273375517164,-0.6949383311016988,0.9993197917938232,0.4962475821375847,0.4027686230838299,0.4990477318357322
00101,/Users/nikko/Downloads/moi-main/project_root/data/temp_frames/video7/frame_00101.png,"[205, 40, 735, 1196]",LEFT_SHOULDER,-0.6089488034954712,-0.2921985347893932,0.9998476505279541,0.4949384294450283,0.4059263542294502,0.4962384136977873
00101,/Users/nikko/Downloads/moi-main/project_root/data/temp_frames/video7/frame_00101.png,"[205, 40, 735, 1196]",RIGHT_SHOULDER,0.19742180640685517,-0.419343645625488,0.9986849427223206,0.4949384294450283,0.4059263542294502,0.4962384136977873
00101,/Users/nikko/Downloads/moi-main/project_root/data/temp_frames/video7/frame_00101.png,"[205, 40, 735, 1196]",LEFT_HIP,0.00954604186289736,0.3596307987715963,0.9982732534408569,0.4949384294450283,0.4059263542294502,0.4962384136977873
00101,/Users/nikko/Downloads/moi-main/project_root/data/temp_frames/video7/frame_00101.png,"[205, 40, 735, 1196]",RIGHT_HIP,0.40198095522571864,0.3519113816432849,0.998310923576355,0.4949384294450283,0.4059263542294502,0.4962384136977873
00101,/Users/nikko/Downloads/moi-main/project_root/data/temp_frames/video7/frame_00101.png,"[205, 40, 735, 1196]",RIGHT_ELBOW,0.7994623528565652,-0.11675812088654217,0.600904107093811,0.4949384294450283,0.4059263542294502,0.4962384136977873
00101,/Users/nikko/Downloads/moi-main/project_root/data/temp_frames/video7/frame_00101.png,"[205, 40, 735, 1196]",RIGHT_WRIST,0.8101178101959372,-0.5371850198931657,0.5649886727333069,0.4949384294450283,0.4059263542294502,0.4962384136977873
00101,/Users/nikko/Downloads/moi-main/project_root/data/temp_frames/video7/frame_00101.png,"[205, 40, 735, 1196]",LEFT_EYE,-0.2735824510576224,-0.7006856540478003,0.9992402791976929,0.4949384294450283,0.4059263542294502,0.4962384136977873
00101,/Users/nikko/Downloads/moi-main/project_root/data/temp_frames/video7/frame_00101.png,"[205, 40, 735, 1196]",RIGHT_EYE,-0.18929669287787754,-0.7061628332179205,0.9995013475418091,0.4949384294450283,0.4059263542294502,0.4962384136977873
00102,/Users/nikko/Downloads/moi-main/project_root/data/temp_frames/video7/frame_00102.png,"[197, 50, 744, 1197]",LEFT_SHOULDER,-0.5886207493478435,-0.2947093825411839,0.999854564666748,0.49430514872074127,0.4147925339639187,0.49058024864471267
00102,/Users/nikko/Downloads/moi-main/project_root/data/temp_frames/video7/frame_00102.png,"[197, 50, 744, 1197]",RIGHT_SHOULDER,0.20523117918471567,-0.4340950069792381,0.9991036057472229,0.49430514872074127,0.4147925339639187,0.49058024864471267
00102,/Users/nikko/Downloads/moi-main/project_root/data/temp_frames/video7/frame_00102.png,"[197, 50, 744, 1197]",LEFT_HIP,0.00014023936231036464,0.36757111228048733,0.9990173578262329,0.49430514872074127,0.4147925339639187,0.49058024864471267
00102,/Users/nikko/Downloads/moi-main/project_root/data/temp_frames/video7/frame_00102.png,"[197, 50, 744, 1197]",RIGHT_HIP,0.3832493308008174,0.3612332772399347,0.9992027878761292,0.49430514872074127,0.4147925339639187,0.49058024864471267
00102,/Users/nikko/Downloads/moi-main/project_root/data/temp_frames/video7/frame_00102.png,"[197, 50, 744, 1197]",RIGHT_ELBOW,0.8318848010667403,-0.15514943847993304,0.7859969139099121,0.49430514872074127,0.4147925339639187,0.49058024864471267
00102,/Users/nikko/Downloads/moi-main/project_root/data/temp_frames/video7/frame_00102.png,"[197, 50, 744, 1197]",RIGHT_WRIST,0.7944486368437108,-0.5837824381926487,0.7627915740013123,0.49430514872074127,0.4147925339639187,0.49058024864471267
00102,/Users/nikko/Downloads/moi-main/project_root/data/temp_frames/video7/frame_00102.png,"[197, 50, 744, 1197]",RIGHT_KNEE,0.6124269961849502,0.9735977321974651,0.6745912432670593,0.49430514872074127,0.4147925339639187,0.49058024864471267
00102,/Users/nikko/Downloads/moi-main/project_root/data/temp_frames/video7/frame_00102.png,"[197, 50, 744, 1197]",LEFT_EYE,-0.2833922831808706,-0.7275530941662837,0.9990791082382202,0.49430514872074127,0.4147925339639187,0.49058024864471267
00102,/Users/nikko/Downloads/moi-main/project_root/data/temp_frames/video7/frame_00102.png,"[197, 50, 744, 1197]",RIGHT_EYE,-0.2111909724008553,-0.7307988593336566,0.999466598033905,0.49430514872074127,0.4147925339639187,0.49058024864471267
00103,/Users/nikko/Downloads/moi-main/project_root/data/temp_frames/video7/frame_00103.png,"[195, 74, 762, 1180]",LEFT_SHOULDER,-0.5896311687308381,-0.28512538976212376,0.9997668862342834,0.4747209884226322,0.4278806298971176,0.49813877488042035
00103,/Users/nikko/Downloads/moi-main/project_root/data/temp_frames/video7/frame_00103.png,"[195, 74, 762, 1180]",RIGHT_SHOULDER,0.16847733741591794,-0.4480941314875828,0.9983116388320923,0.4747209884226322,0.4278806298971176,0.49813877488042035
00103,/Users/nikko/Downloads/moi-main/project_root/data/temp_frames/video7/frame_00103.png,"[195, 74, 762, 1180]",LEFT_HIP,0.03603005628270849,0.37131631835162415,0.9965413212776184,0.4747209884226322,0.4278806298971176,0.49813877488042035
00103,/Users/nikko/Downloads/moi-main/project_root/data/temp_frames/video7/frame_00103.png,"[195, 74, 762, 1180]",RIGHT_HIP,0.3851237750322116,0.3619032028980825,0.9969064593315125,0.4747209884226322,0.4278806298971176,0.49813877488042035
00103,/Users/nikko/Downloads/moi-main/project_root/data/temp_frames/video7/frame_00103.png,"[195, 74, 762, 1180]",RIGHT_ELBOW,0.870759837306489,-0.2109842277285881,0.7859124541282654,0.4747209884226322,0.4278806298971176,0.49813877488042035
00103,/Users/nikko/Downloads/moi-main/project_root/data/temp_frames/video7/frame_00103.png,"[195, 74, 762, 1180]",RIGHT_WRIST,0.7484519158176114,-0.6327183693729931,0.8991097807884216,0.4747209884226322,0.4278806298971176,0.49813877488042035
00103,/Users/nikko/Downloads/moi-main/project_root/data/temp_frames/video7/frame_00103.png,"[195, 74, 762, 1180]",LEFT_EYE,-0.2961243263231457,-0.7308147759092533,0.998975396156311,0.4747209884226322,0.4278806298971176,0.49813877488042035
00103,/Users/nikko/Downloads/moi-main/project_root/data/temp_frames/video7/frame_00103.png,"[195, 74, 762, 1180]",RIGHT_EYE,-0.20424555182684814,-0.7371542986945995,0.9994156360626221,0.4747209884226322,0.4278806298971176,0.49813877488042035
00104,/Users/nikko/Downloads/moi-main/project_root/data/temp_frames/video7/frame_00104.png,"[197, 97, 781, 1181]",LEFT_SHOULDER,-0.5686570213586563,-0.30491125835197225,0.9997113347053528,0.4603235796093941,0.44944461807608604,0.5213743701076283
00104,/Users/nikko/Downloads/moi-main/project_root/data/temp_frames/video7/frame_00104.png,"[197, 97, 781, 1181]",RIGHT_SHOULDER,0.13422346303196406,-0.4529853513705403,0.9991679191589355,0.4603235796093941,0.44944461807608604,0.5213743701076283
00104,/Users/nikko/Downloads/moi-main/project_root/data/temp_frames/video7/frame_00104.png,"[197, 97, 781, 1181]",LEFT_HIP,0.06234431876633317,0.3836466027193358,0.994650661945343,0.4603235796093941,0.44944461807608604,0.5213743701076283
00104,/Users/nikko/Downloads/moi-main/project_root/data/temp_frames/video7/frame_00104.png,"[197, 97, 781, 1181]",RIGHT_HIP,0.37208923956035905,0.3742500070031768,0.9959380626678467,0.4603235796093941,0.44944461807608604,0.5213743701076283
00104,/Users/nikko/Downloads/moi-main/project_root/data/temp_frames/video7/frame_00104.png,"[197, 97, 781, 1181]",RIGHT_ELBOW,0.8462822449719672,-0.2841899665102462,0.8594971299171448,0.4603235796093941,0.44944461807608604,0.5213743701076283
00104,/Users/nikko/Downloads/moi-main/project_root/data/temp_frames/video7/frame_00104.png,"[197, 97, 781, 1181]",RIGHT_WRIST,0.6949299925620576,-0.6817099707616663,0.9504730701446533,0.4603235796093941,0.44944461807608604,0.5213743701076283
00104,/Users/nikko/Downloads/moi-main/project_root/data/temp_frames/video7/frame_00104.png,"[197, 97, 781, 1181]",LEFT_EYE,-0.29014057075731403,-0.7118099097402459,0.9990971088409424,0.4603235796093941,0.44944461807608604,0.5213743701076283
00104,/Users/nikko/Downloads/moi-main/project_root/data/temp_frames/video7/frame_00104.png,"[197, 97, 781, 1181]",RIGHT_EYE,-0.2161466379930656,-0.7215092019586735,0.9995854496955872,0.4603235796093941,0.44944461807608604,0.5213743701076283
00105,/Users/nikko/Downloads/moi-main/project_root/data/temp_frames/video7/frame_00105.png,"[198, 105, 793, 1193]",LEFT_SHOULDER,-0.5539809452884602,-0.31267031841478576,0.9997772574424744,0.45061201602220535,0.48266346380114555,0.538853250719102
00105,/Users/nikko/Downloads/moi-main/project_root/data/temp_frames/video7/frame_00105.png,"[198, 105, 793, 1193]",RIGHT_SHOULDER,0.13149266957225828,-0.4500748984972916,0.9994356036186218,0.45061201602220535,0.48266346380114555,0.538853250719102
00105,/Users/nikko/Downloads/moi-main/project_root/data/temp_frames/video7/frame_00105.png,"[198, 105, 793, 1193]",LEFT_HIP,0.04439248570596361,0.3861600874720435,0.9956127405166626,0.45061201602220535,0.48266346380114555,0.538853250719102
00105,/Users/nikko/Downloads/moi-main/project_root/data/temp_frames/video7/frame_00105.png,"[198, 105, 793, 1193]",RIGHT_HIP,0.3780957900102383,0.37658512944003386,0.9967898726463318,0.45061201602220535,0.48266346380114555,0.538853250719102
00105,/Users/nikko/Downloads/moi-main/project_root/data/temp_frames/video7/frame_00105.png,"[198, 105, 793, 1193]",RIGHT_ELBOW,0.8363468304211744,-0.35139689886295894,0.8995019793510437,0.45061201602220535,0.48266346380114555,0.538853250719102
00105,/Users/nikko/Downloads/moi-main/project_root/data/temp_frames/video7/frame_00105.png,"[198, 105, 793, 1193]",RIGHT_WRIST,0.6595034548188867,-0.7189222336420866,0.9686370491981506,0.45061201602220535,0.48266346380114555,0.538853250719102
00105,/Users/nikko/Downloads/moi-main/project_root/data/temp_frames/video7/frame_00105.png,"[198, 105, 793, 1193]",LEFT_EYE,-0.2861221524955322,-0.6929410536932062,0.9995636343955994,0.45061201602220535,0.48266346380114555,0.538853250719102
00105,/Users/nikko/Downloads/moi-main/project_root/data/temp_frames/video7/frame_00105.png,"[198, 105, 793, 1193]",RIGHT_EYE,-0.22343887484658242,-0.7033308349903097,0.9998223185539246,0.45061201602220535,0.48266346380114555,0.538853250719102
00106,/Users/nikko/Downloads/moi-main/project_root/data/temp_frames/video7/frame_00106.png,"[201, 114, 802, 1186]",LEFT_SHOULDER,-0.538468038471611,-0.3233141189484311,0.9997938275337219,0.4341587461531162,0.5329533591866493,0.5567978552666342
00106,/Users/nikko/Downloads/moi-main/project_root/data/temp_frames/video7/frame_00106.png,"[201, 114, 802, 1186]",RIGHT_SHOULDER,0.13923700124035734,-0.456185191415243,0.9993835687637329,0.4341587461531162,0.5329533591866493,0.5567978552666342
00106,/Users/nikko/Downloads/moi-main/project_root/data/temp_frames/video7/frame_00106.png,"[201, 114, 802, 1186]",LEFT_HIP,0.0406443516061908,0.396198285986189,0.9961910247802734,0.4341587461531162,0.5329533591866493,0.5567978552666342
00106,/Users/nikko/Downloads/moi-main/project_root/data/temp_frames/video7/frame_00106.png,"[201, 114, 802, 1186]",RIGHT_HIP,0.35858668562506285,0.3833010243774851,0.9962562322616577,0.4341587461531162,0.5329533591866493,0.5567978552666342
00106,/Users/nikko/Downloads/moi-main/project_root/data/temp_frames/video7/frame_00106.png,"[201, 114, 802, 1186]",RIGHT_ELBOW,0.8476651261616006,-0.44116065239378865,0.9505878686904907,0.4341587461531162,0.5329533591866493,0.5567978552666342
00106,/Users/nikko/Downloads/moi-main/project_root/data/temp_frames/video7/frame_00106.png,"[201, 114, 802, 1186]",RIGHT_WRIST,0.630120394698412,-0.8075000462385097,0.9339386224746704,0.4341587461531162,0.5329533591866493,0.5567978552666342
00106,/Users/nikko/Downloads/moi-main/project_root/data/temp_frames/video7/frame_00106.png,"[201, 114, 802, 1186]",RIGHT_KNEE,0.5514170181207757,0.8280028437853693,0.6146858334541321,0.4341587461531162,0.5329533591866493,0.5567978552666342
00106,/Users/nikko/Downloads/moi-main/project_root/data/temp_frames/video7/frame_00106.png,"[201, 114, 802, 1186]",LEFT_EYE,-0.2741932942502772,-0.6929364107518965,0.9999364614486694,0.4341587461531162,0.5329533591866493,0.5567978552666342
00106,/Users/nikko/Downloads/moi-main/project_root/data/temp_frames/video7/frame_00106.png,"[201, 114, 802, 1186]",RIGHT_EYE,-0.20379740056202225,-0.7074898539564143,0.9999758005142212,0.4341587461531162,0.5329533591866493,0.5567978552666342
00107,/Users/nikko/Downloads/moi-main/project_root/data/temp_frames/video7/frame_00107.png,"[187, 115, 801, 1201]",LEFT_SHOULDER,-0.5102571858363211,-0.3405182069124511,0.998472273349762,0.44884205609560013,0.5818393230438232,0.5506236482792134
00107,/Users/nikko/Downloads/moi-main/project_root/data/temp_frames/video7/frame_00107.png,"[187, 115, 801, 1201]",RIGHT_SHOULDER,0.13751550576927582,-0.4588300773585645,0.9987842440605164,0.44884205609560013,0.5818393230438232,0.5506236482792134
00107,/Users/nikko/Downloads/moi-main/project_root/data/temp_frames/video7/frame_00107.png,"[187, 115, 801, 1201]",LEFT_HIP,0.027218686846238193,0.40838307190773665,0.9654942750930786,0.44884205609560013,0.5818393230438232,0.5506236482792134
00107,/Users/nikko/Downloads/moi-main/project_root/data/temp_frames/video7/frame_00107.png,"[187, 115, 801, 1201]",RIGHT_HIP,0.34552299322080704,0.3909652123632789,0.9798675775527954,0.44884205609560013,0.5818393230438232,0.5506236482792134
00107,/Users/nikko/Downloads/moi-main/project_root/data/temp_frames/video7/frame_00107.png,"[187, 115, 801, 1201]",RIGHT_ELBOW,0.834626080120424,-0.539971994140784,0.9077232480049133,0.44884205609560013,0.5818393230438232,0.5506236482792134
00107,/Users/nikko/Downloads/moi-main/project_root/data/temp_frames/video7/frame_00107.png,"[187, 115, 801, 1201]",RIGHT_WRIST,0.619239127127081,-0.9007875064888399,0.9293398261070251,0.44884205609560013,0.5818393230438232,0.5506236482792134
00107,/Users/nikko/Downloads/moi-main/project_root/data/temp_frames/video7/frame_00107.png,"[187, 115, 801, 1201]",LEFT_EYE,-0.2897704442103767,-0.7134625838627318,0.9987377524375916,0.44884205609560013,0.5818393230438232,0.5506236482792134
00107,/Users/nikko/Downloads/moi-main/project_root/data/temp_frames/video7/frame_00107.png,"[187, 115, 801, 1201]",RIGHT_EYE,-0.21393588416415182,-0.726387013434905,0.9995439648628235,0.44884205609560013,0.5818393230438232,0.5506236482792134
00108,/Users/nikko/Downloads/moi-main/project_root/data/temp_frames/video7/frame_00108.png,"[188, 115, 801, 1201]",LEFT_SHOULDER,-0.5159758129121094,-0.34145207697933727,0.9991683959960938,0.4457584284245968,0.5790642499923706,0.5488001660570457
00108,/Users/nikko/Downloads/moi-main/project_root/data/temp_frames/video7/frame_00108.png,"[188, 115, 801, 1201]",RIGHT_SHOULDER,0.1385279256736086,-0.45393408814852565,0.9991205334663391,0.4457584284245968,0.5790642499923706,0.5488001660570457
00108,/Users/nikko/Downloads/moi-main/project_root/data/temp_frames/video7/frame_00108.png,"[188, 115, 801, 1201]",LEFT_HIP,0.027340588252698923,0.4050515604627929,0.9820824861526489,0.4457584284245968,0.5790642499923706,0.5488001660570457
00108,/Users/nikko/Downloads/moi-main/project_root/data/temp_frames/video7/frame_00108.png,"[188, 115, 801, 1201]",RIGHT_HIP,0.3501072989858018,0.39033460466507,0.989513635635376,0.4457584284245968,0.5790642499923706,0.5488001660570457
00108,/Users/nikko/Downloads/moi-main/project_root/data/temp_frames/video7/frame_00108.png,"[188, 115, 801, 1201]",RIGHT_ELBOW,0.8341727858160067,-0.5298873582042588,0.9141843914985657,0.4457584284245968,0.5790642499923706,0.5488001660570457
00108,/Users/nikko/Downloads/moi-main/project_root/data/temp_frames/video7/frame_00108.png,"[188, 115, 801, 1201]",RIGHT_WRIST,0.6216532928808866,-0.8893128286163895,0.9325580596923828,0.4457584284245968,0.5790642499923706,0.5488001660570457
00108,/Users/nikko/Downloads/moi-main/project_root/data/temp_frames/video7/frame_00108.png,"[188, 115, 801, 1201]",LEFT_EYE,-0.2839930688221009,-0.7170924251305558,0.9993732571601868,0.4457584284245968,0.5790642499923706,0.5488001660570457
00108,/Users/nikko/Downloads/moi-main/project_root/data/temp_frames/video7/frame_00108.png,"[188, 115, 801, 1201]",RIGHT_EYE,-0.21460651695507013,-0.7282107570192959,0.9997679591178894,0.4457584284245968,0.5790642499923706,0.5488001660570457
00109,/Users/nikko/Downloads/moi-main/project_root/data/temp_frames/video7/frame_00109.png,"[222, 103, 806, 1236]",LEFT_SHOULDER,-0.5434472986762535,-0.3491034806843688,0.9997859597206116,0.41179087199270725,0.614882655441761,0.5449927559177533
00109,/Users/nikko/Downloads/moi-main/project_root/data/temp_frames/video7/frame_00109.png,"[222, 103, 806, 1236]",RIGHT_SHOULDER,0.14168787591626433,-0.43444014742994413,0.9996464252471924,0.41179087199270725,0.614882655441761,0.5449927559177533
00109,/Users/nikko/Downloads/moi-main/project_root/data/temp_frames/video7/frame_00109.png,"[222, 103, 806, 1236]",LEFT_HIP,0.04361259764818775,0.394667161832567,0.9874030351638794,0.41179087199270725,0.614882655441761,0.5449927559177533
00109,/Users/nikko/Downloads/moi-main/project_root/data/temp_frames/video7/frame_00109.png,"[222, 103, 806, 1236]",RIGHT_HIP,0.35814682511180146,0.388876466281746,0.990957498550415,0.41179087199270725,0.614882655441761,0.5449927559177533
00109,/Users/nikko/Downloads/moi-main/project_root/data/temp_frames/video7/frame_00109.png,"[222, 103, 806, 1236]",RIGHT_ELBOW,0.8649007672481986,-0.5804651015543345,0.9711881875991821,0.41179087199270725,0.614882655441761,0.5449927559177533
00109,/Users/nikko/Downloads/moi-main/project_root/data/temp_frames/video7/frame_00109.png,"[222, 103, 806, 1236]",LEFT_WRIST,-0.5562260891848727,-0.7663095225802193,0.7117208242416382,0.41179087199270725,0.614882655441761,0.5449927559177533
00109,/Users/nikko/Downloads/moi-main/project_root/data/temp_frames/video7/frame_00109.png,"[222, 103, 806, 1236]",RIGHT_WRIST,0.6538911767796,-0.9553971492589456,0.9919928312301636,0.41179087199270725,0.614882655441761,0.5449927559177533
00109,/Users/nikko/Downloads/moi-main/project_root/data/temp_frames/video7/frame_00109.png,"[222, 103, 806, 1236]",RIGHT_KNEE,0.5689278369319174,0.7959166368379881,0.6478641033172607,0.41179087199270725,0.614882655441761,0.5449927559177533
00109,/Users/nikko/Downloads/moi-main/project_root/data/temp_frames/video7/frame_00109.png,"[222, 103, 806, 1236]",RIGHT_ANKLE,0.5283658448681208,1.375543311362849,0.6674386262893677,0.41179087199270725,0.614882655441761,0.5449927559177533
00109,/Users/nikko/Downloads/moi-main/project_root/data/temp_frames/video7/frame_00109.png,"[222, 103, 806, 1236]",LEFT_EYE,-0.3253127121382594,-0.6973619996147441,0.9998894929885864,0.41179087199270725,0.614882655441761,0.5449927559177533
00109,/Users/nikko/Downloads/moi-main/project_root/data/temp_frames/video7/frame_00109.png,"[222, 103, 806, 1236]",RIGHT_EYE,-0.2443838674621281,-0.7053972226575025,0.9999597072601318,0.41179087199270725,0.614882655441761,0.5449927559177533
00110,/Users/nikko/Downloads/moi-main/project_root/data/temp_frames/video7/frame_00110.png,"[228, 100, 787, 1224]",LEFT_SHOULDER,-0.5199253154111425,-0.37236578632355116,0.9997093081474304,0.42353706434369087,0.6802808418869972,0.5682363031336723
00110,/Users/nikko/Downloads/moi-main/project_root/data/temp_frames/video7/frame_00110.png,"[228, 100, 787, 1224]",RIGHT_SHOULDER,0.12991258878833262,-0.4129544072224251,0.9995747208595276,0.42353706434369087,0.6802808418869972,0.5682363031336723
00110,/Users/nikko/Downloads/moi-main/project_root/data/temp_frames/video7/frame_00110.png,"[228, 100, 787, 1224]",LEFT_HIP,0.006831248981209602,0.39690028407673944,0.9617173075675964,0.42353706434369087,0.6802808418869972,0.5682363031336723
00110,/Users/nikko/Downloads/moi-main/project_root/data/temp_frames/video7/frame_00110.png,"[228, 100, 787, 1224]",RIGHT_HIP,0.3831814776416003,0.38841990946923677,0.965745210647583,0.42353706434369087,0.6802808418869972,0.5682363031336723
00110,/Users/nikko/Downloads/moi-main/project_root/data/temp_frames/video7/frame_00110.png,"[228, 100, 787, 1224]",RIGHT_ELBOW,0.7971783094784518,-0.6495780159149759,0.8973158001899719,0.42353706434369087,0.6802808418869972,0.5682363031336723
00110,/Users/nikko/Downloads/moi-main/project_root/data/temp_frames/video7/frame_00110.png,"[228, 100, 787, 1224]",LEFT_WRIST,-0.5720301170915252,-0.8735415866012849,0.7051708698272705,0.42353706434369087,0.6802808418869972,0.5682363031336723
00110,/Users/nikko/Downloads/moi-main/project_root/data/temp_frames/video7/frame_00110.png,"[228, 100, 787, 1224]",RIGHT_WRIST,0.6827763808642056,-1.0089461887430204,0.9834890365600586,0.42353706434369087,0.6802808418869972,0.5682363031336723
00110,/Users/nikko/Downloads/moi-main/project_root/data/temp_frames/video7/frame_00110.png,"[228, 100, 787, 1224]",LEFT_EYE,-0.2867614555747387,-0.6753089097333185,0.9993056058883667,0.42353706434369087,0.6802808418869972,0.5682363031336723
00110,/Users/nikko/Downloads/moi-main/project_root/data/temp_frames/video7/frame_00110.png,"[228, 100, 787, 1224]",RIGHT_EYE,-0.20380054177910248,-0.6728852787328651,0.999675989151001,0.42353706434369087,0.6802808418869972,0.5682363031336723
00111,/Users/nikko/Downloads/moi-main/project_root/data/temp_frames/video7/frame_00111.png,"[228, 100, 787, 1225]",LEFT_SHOULDER,-0.5210206379573602,-0.37527568887963186,0.9996095299720764,0.41934749484062195,0.6795115396380424,0.5599608250842549
00111,/Users/nikko/Downloads/moi-main/project_root/data/temp_frames/video7/frame_00111.png,"[228, 100, 787, 1225]",RIGHT_SHOULDER,0.13632009027655864,-0.41736722928622766,0.9992413520812988,0.41934749484062195,0.6795115396380424,0.5599608250842549
00111,/Users/nikko/Downloads/moi-main/project_root/data/temp_frames/video7/frame_00111.png,"[228, 100, 787, 1225]",LEFT_HIP,0.018158122296170316,0.40143089250344277,0.9526808261871338,0.41934749484062195,0.6795115396380424,0.5599608250842549
00111,/Users/nikko/Downloads/moi-main/project_root/data/temp_frames/video7/frame_00111.png,"[228, 100, 787, 1225]",RIGHT_HIP,0.3665424253846313,0.39121202566241675,0.9550519585609436,0.41934749484062195,0.6795115396380424,0.5599608250842549
00111,/Users/nikko/Downloads/moi-main/project_root/data/temp_frames/video7/frame_00111.png,"[228, 100, 787, 1225]",RIGHT_ELBOW,0.8143319313465988,-0.6600084754979848,0.8036674857139587,0.41934749484062195,0.6795115396380424,0.5599608250842549
00111,/Users/nikko/Downloads/moi-main/project_root/data/temp_frames/video7/frame_00111.png,"[228, 100, 787, 1225]",LEFT_WRIST,-0.571194228863654,-0.874230181458822,0.6528826951980591,0.41934749484062195,0.6795115396380424,0.5599608250842549
00111,/Users/nikko/Downloads/moi-main/project_root/data/temp_frames/video7/frame_00111.png,"[228, 100, 787, 1225]",RIGHT_WRIST,0.7000864221599364,-1.0294130154604018,0.9664947390556335,0.41934749484062195,0.6795115396380424,0.5599608250842549
00111,/Users/nikko/Downloads/moi-main/project_root/data/temp_frames/video7/frame_00111.png,"[228, 100, 787, 1225]",LEFT_EYE,-0.27695788118094317,-0.6818725097387369,0.9987050294876099,0.41934749484062195,0.6795115396380424,0.5599608250842549
00111,/Users/nikko/Downloads/moi-main/project_root/data/temp_frames/video7/frame_00111.png,"[228, 100, 787, 1225]",RIGHT_EYE,-0.1935907492414196,-0.6783635197713629,0.999384880065918,0.41934749484062195,0.6795115396380424,0.5599608250842549
00112,/Users/nikko/Downloads/moi-main/project_root/data/temp_frames/video7/frame_00112.png,"[225, 78, 783, 1193]",LEFT_SHOULDER,-0.5201478673782449,-0.36715870577188864,0.9998764991760254,0.4359191991388798,0.7237438187003136,0.5330729213617431
00112,/Users/nikko/Downloads/moi-main/project_root/data/temp_frames/video7/frame_00112.png,"[225, 78, 783, 1193]",RIGHT_SHOULDER,0.14139892992154338,-0.4367612018515714,0.9998387098312378,0.4359191991388798,0.7237438187003136,0.5330729213617431
00112,/Users/nikko/Downloads/moi-main/project_root/data/temp_frames/video7/frame_00112.png,"[225, 78, 783, 1193]",LEFT_HIP,0.03761566578095894,0.4024958749792856,0.9933876991271973,0.4359191991388798,0.7237438187003136,0.5330729213617431
00112,/Users/nikko/Downloads/moi-main/project_root/data/temp_frames/video7/frame_00112.png,"[225, 78, 783, 1193]",RIGHT_HIP,0.34113327167574264,0.4014240326441744,0.9945606589317322,0.4359191991388798,0.7237438187003136,0.5330729213617431
00112,/Users/nikko/Downloads/moi-main/project_root/data/temp_frames/video7/frame_00112.png,"[225, 78, 783, 1193]",LEFT_ELBOW,-0.6447155895203954,-0.677998797245947,0.5992971658706665,0.4359191991388798,0.7237438187003136,0.5330729213617431
00112,/Users/nikko/Downloads/moi-main/project_root/data/temp_frames/video7/frame_00112.png,"[225, 78, 783, 1193]",RIGHT_ELBOW,0.7995654712654243,-0.712263872538298,0.90517258644104,0.4359191991388798,0.7237438187003136,0.5330729213617431
00112,/Users/nikko/Downloads/moi-main/project_root/data/temp_frames/video7/frame_00112.png,"[225, 78, 783, 1193]",LEFT_WRIST,-0.6574447095929161,-0.9718132445927496,0.938710629940033,0.4359191991388798,0.7237438187003136,0.5330729213617431
00112,/Users/nikko/Downloads/moi-main/project_root/data/temp_frames/video7/frame_00112.png,"[225, 78, 783, 1193]",RIGHT_WRIST,0.6964331282758778,-1.1061898307854428,0.997642457485199,0.4359191991388798,0.7237438187003136,0.5330729213617431
00112,/Users/nikko/Downloads/moi-main/project_root/data/temp_frames/video7/frame_00112.png,"[225, 78, 783, 1193]",LEFT_EYE,-0.30557385954936744,-0.6798580288700058,0.9990516304969788,0.4359191991388798,0.7237438187003136,0.5330729213617431
00112,/Users/nikko/Downloads/moi-main/project_root/data/temp_frames/video7/frame_00112.png,"[225, 78, 783, 1193]",RIGHT_EYE,-0.21402733161911366,-0.6804564536746704,0.9997264742851257,0.4359191991388798,0.7237438187003136,0.5330729213617431
00113,/Users/nikko/Downloads/moi-main/project_root/data/temp_frames/video7/frame_00113.png,"[225, 109, 751, 1260]",LEFT_SHOULDER,-0.5733188486513973,-0.33194548056736023,0.9958232641220093,0.47166650742292404,0.6821262687444687,0.4896585540941345
00113,/Users/nikko/Downloads/moi-main/project_root/data/temp_frames/video7/frame_00113.png,"[225, 109, 751, 1260]",RIGHT_SHOULDER,0.23115913756375023,-0.41646354859179224,0.9932265877723694,0.47166650742292404,0.6821262687444687,0.4896585540941345
00113,/Users/nikko/Downloads/moi-main/project_root/data/temp_frames/video7/frame_00113.png,"[225, 109, 751, 1260]",LEFT_HIP,-0.021166415489339792,0.3656844798188603,0.8948682546615601,0.47166650742292404,0.6821262687444687,0.4896585540941345
00113,/Users/nikko/Downloads/moi-main/project_root/data/temp_frames/video7/frame_00113.png,"[225, 109, 751, 1260]",RIGHT_HIP,0.36332612657698676,0.38272454934029215,0.9236069917678833,0.47166650742292404,0.6821262687444687,0.4896585540941345
00113,/Users/nikko/Downloads/moi-main/project_root/data/temp_frames/video7/frame_00113.png,"[225, 109, 751, 1260]",RIGHT_ELBOW,0.864276611524472,-0.7599780502567552,0.6168267130851746,0.47166650742292404,0.6821262687444687,0.4896585540941345
00113,/Users/nikko/Downloads/moi-main/project_root/data/temp_frames/video7/frame_00113.png,"[225, 109, 751, 1260]",RIGHT_WRIST,0.7673951018624243,-1.1940441077655173,0.9325660467147827,0.47166650742292404,0.6821262687444687,0.4896585540941345
00113,/Users/nikko/Downloads/moi-main/project_root/data/temp_frames/video7/frame_00113.png,"[225, 109, 751, 1260]",LEFT_EYE,-0.3246200893587997,-0.6615397137038446,0.9909564852714539,0.47166650742292404,0.6821262687444687,0.4896585540941345
00113,/Users/nikko/Downloads/moi-main/project_root/data/temp_frames/video7/frame_00113.png,"[225, 109, 751, 1260]",RIGHT_EYE,-0.2187959089483058,-0.6647594525268457,0.9954419136047363,0.47166650742292404,0.6821262687444687,0.4896585540941345
00114,/Users/nikko/Downloads/moi-main/project_root/data/temp_frames/video7/frame_00114.png,"[226, 109, 751, 1259]",LEFT_SHOULDER,-0.5721352252234942,-0.33528916098714906,0.9979028701782227,0.47003311663866043,0.6938141584396362,0.49114606186252474
00114,/Users/nikko/Downloads/moi-main/project_root/data/temp_frames/video7/frame_00114.png,"[226, 109, 751, 1259]",RIGHT_SHOULDER,0.23870251229343162,-0.4222140972015104,0.9964334964752197,0.47003311663866043,0.6938141584396362,0.49114606186252474
00114,/Users/nikko/Downloads/moi-main/project_root/data/temp_frames/video7/frame_00114.png,"[226, 109, 751, 1259]",LEFT_HIP,-0.014581941512578165,0.3645764350506974,0.9208200573921204,0.47003311663866043,0.6938141584396362,0.49114606186252474
00114,/Users/nikko/Downloads/moi-main/project_root/data/temp_frames/video7/frame_00114.png,"[226, 109, 751, 1259]",RIGHT_HIP,0.34801465444264074,0.39292682313796196,0.9465175271034241,0.47003311663866043,0.6938141584396362,0.49114606186252474
00114,/Users/nikko/Downloads/moi-main/project_root/data/temp_frames/video7/frame_00114.png,"[226, 109, 751, 1259]",RIGHT_WRIST,0.7716394203732084,-1.2216034551970665,0.7943360209465027,0.47003311663866043,0.6938141584396362,0.49114606186252474
00114,/Users/nikko/Downloads/moi-main/project_root/data/temp_frames/video7/frame_00114.png,"[226, 109, 751, 1259]",LEFT_EYE,-0.3267170335487994,-0.6862670965744344,0.9948399662971497,0.47003311663866043,0.6938141584396362,0.49114606186252474
00114,/Users/nikko/Downloads/moi-main/project_root/data/temp_frames/video7/frame_00114.png,"[226, 109, 751, 1259]",RIGHT_EYE,-0.21643790856810977,-0.6875000360920582,0.9977624416351318,0.47003311663866043,0.6938141584396362,0.49114606186252474
00115,/Users/nikko/Downloads/moi-main/project_root/data/temp_frames/video7/frame_00115.png,"[224, 154, 735, 1193]",LEFT_SHOULDER,-0.5607901869282729,-0.34072731894890607,0.997050404548645,0.48942068964242935,0.7252642065286636,0.493048898696125
00115,/Users/nikko/Downloads/moi-main/project_root/data/temp_frames/video7/frame_00115.png,"[224, 154, 735, 1193]",RIGHT_SHOULDER,0.24537891089925284,-0.4338494332364075,0.993065595626831,0.48942068964242935,0.7252642065286636,0.493048898696125
00115,/Users/nikko/Downloads/moi-main/project_root/data/temp_frames/video7/frame_00115.png,"[224, 154, 735, 1193]",LEFT_HIP,-0.002798858673185971,0.38991567684990264,0.9739094972610474,0.48942068964242935,0.7252642065286636,0.493048898696125
00115,/Users/nikko/Downloads/moi-main/project_root/data/temp_frames/video7/frame_00115.png,"[224, 154, 735, 1193]",RIGHT_HIP,0.318210134702206,0.38466107533541094,0.9824618697166443,0.48942068964242935,0.7252642065286636,0.493048898696125
00115,/Users/nikko/Downloads/moi-main/project_root/data/temp_frames/video7/frame_00115.png,"[224, 154, 735, 1193]",RIGHT_WRIST,0.7626221740923157,-1.3287547437324463,0.7174745202064514,0.48942068964242935,0.7252642065286636,0.493048898696125
00115,/Users/nikko/Downloads/moi-main/project_root/data/temp_frames/video7/frame_00115.png,"[224, 154, 735, 1193]",LEFT_EYE,-0.26155624965638224,-0.6990760068185315,0.9869066476821899,0.48942068964242935,0.7252642065286636,0.493048898696125
00115,/Users/nikko/Downloads/moi-main/project_root/data/temp_frames/video7/frame_00115.png,"[224, 154, 735, 1193]",RIGHT_EYE,-0.16284231140639124,-0.6957185309094998,0.9932085871696472,0.48942068964242935,0.7252642065286636,0.493048898696125
00116,/Users/nikko/Downloads/moi-main/project_root/data/temp_frames/video7/frame_00116.png,"[236, 99, 731, 1216]",LEFT_SHOULDER,-0.6545213560175971,-0.29379737088184205,0.995074450969696,0.4752085469663143,0.6993604451417923,0.42949593472063435
00116,/Users/nikko/Downloads/moi-main/project_root/data/temp_frames/video7/frame_00116.png,"[236, 99, 731, 1216]",RIGHT_SHOULDER,0.3314691553079037,-0.36286433428969495,0.9813200235366821,0.4752085469663143,0.6993604451417923,0.42949593472063435
00116,/Users/nikko/Downloads/moi-main/project_root/data/temp_frames/video7/frame_00116.png,"[236, 99, 731, 1216]",LEFT_HIP,-0.05884643082098134,0.32098352178880507,0.9550340175628662,0.4752085469663143,0.6993604451417923,0.42949593472063435
00116,/Users/nikko/Downloads/moi-main/project_root/data/temp_frames/video7/frame_00116.png,"[236, 99, 731, 1216]",RIGHT_HIP,0.38189863153067466,0.3356781833827319,0.958543062210083,0.4752085469663143,0.6993604451417923,0.42949593472063435
00116,/Users/nikko/Downloads/moi-main/project_root/data/temp_frames/video7/frame_00116.png,"[236, 99, 731, 1216]",RIGHT_ELBOW,0.8907281080949642,-0.8422758299812702,0.7875370383262634,0.4752085469663143,0.6993604451417923,0.42949593472063435
00116,/Users/nikko/Downloads/moi-main/project_root/data/temp_frames/video7/frame_00116.png,"[236, 99, 731, 1216]",LEFT_WRIST,-0.9241645486423639,-1.1603188512583653,0.6946097016334534,0.4752085469663143,0.6993604451417923,0.42949593472063435
00116,/Users/nikko/Downloads/moi-main/project_root/data/temp_frames/video7/frame_00116.png,"[236, 99, 731, 1216]",RIGHT_WRIST,0.9224607000909082,-1.3863457067214915,0.9386581778526306,0.4752085469663143,0.6993604451417923,0.42949593472063435
00116,/Users/nikko/Downloads/moi-main/project_root/data/temp_frames/video7/frame_00116.png,"[236, 99, 731, 1216]",LEFT_EYE,-0.2895167853311968,-0.6600361996056693,0.9699376821517944,0.4752085469663143,0.6993604451417923,0.42949593472063435
00116,/Users/nikko/Downloads/moi-main/project_root/data/temp_frames/video7/frame_00116.png,"[236, 99, 731, 1216]",RIGHT_EYE,-0.17616988241505918,-0.6533828982614307,0.9797842502593994,0.4752085469663143,0.6993604451417923,0.42949593472063435
00117,/Users/nikko/Downloads/moi-main/project_root/data/temp_frames/video7/frame_00117.png,"[236, 99, 731, 1218]",LEFT_SHOULDER,-0.6473750844863966,-0.31162817472507104,0.9983596205711365,0.4757421873509884,0.702287420630455,0.41580173477362115
00117,/Users/nikko/Downloads/moi-main/project_root/data/temp_frames/video7/frame_00117.png,"[236, 99, 731, 1218]",RIGHT_SHOULDER,0.3175861505287974,-0.3662585137276567,0.9914412498474121,0.4757421873509884,0.702287420630455,0.41580173477362115
00117,/Users/nikko/Downloads/moi-main/project_root/data/temp_frames/video7/frame_00117.png,"[236, 99, 731, 1218]",LEFT_HIP,-0.048505541130656284,0.312034209963039,0.9772344827651978,0.4757421873509884,0.702287420630455,0.41580173477362115
00117,/Users/nikko/Downloads/moi-main/project_root/data/temp_frames/video7/frame_00117.png,"[236, 99, 731, 1218]",RIGHT_HIP,0.3782944750882555,0.36585247848968877,0.9793521761894226,0.4757421873509884,0.702287420630455,0.41580173477362115
00117,/Users/nikko/Downloads/moi-main/project_root/data/temp_frames/video7/frame_00117.png,"[236, 99, 731, 1218]",RIGHT_ELBOW,0.9088815419419704,-0.8681146991612185,0.8359382152557373,0.4757421873509884,0.702287420630455,0.41580173477362115
00117,/Users/nikko/Downloads/moi-main/project_root/data/temp_frames/video7/frame_00117.png,"[236, 99, 731, 1218]",LEFT_WRIST,-0.9635584692772443,-1.1984863635678007,0.7916938662528992,0.4757421873509884,0.702287420630455,0.41580173477362115
00117,/Users/nikko/Downloads/moi-main/project_root/data/temp_frames/video7/frame_00117.png,"[236, 99, 731, 1218]",RIGHT_WRIST,0.9575015559816186,-1.4278076476760482,0.9505941867828369,0.4757421873509884,0.702287420630455,0.41580173477362115
00117,/Users/nikko/Downloads/moi-main/project_root/data/temp_frames/video7/frame_00117.png,"[236, 99, 731, 1218]",LEFT_EYE,-0.2668149560644463,-0.6788986945502544,0.9859296679496765,0.4757421873509884,0.702287420630455,0.41580173477362115
00117,/Users/nikko/Downloads/moi-main/project_root/data/temp_frames/video7/frame_00117.png,"[236, 99, 731, 1218]",RIGHT_EYE,-0.16446540635332993,-0.6717804990359895,0.9900577664375305,0.4757421873509884,0.702287420630455,0.41580173477362115
00118,/Users/nikko/Downloads/moi-main/project_root/data/temp_frames/video7/frame_00118.png,"[238, 133, 723, 1516]",LEFT_SHOULDER,-0.6148439961053264,-0.3454718541467272,0.99912029504776,0.4967153035104275,0.6113424375653267,0.43978373581083563
00118,/Users/nikko/Downloads/moi-main/project_root/data/temp_frames/video7/frame_00118.png,"[238, 133, 723, 1516]",RIGHT_SHOULDER,0.3033153827954852,-0.40376614632336366,0.9944707155227661,0.4967153035104275,0.6113424375653267,0.43978373581083563
00118,/Users/nikko/Downloads/moi-main/project_root/data/temp_frames/video7/frame_00118.png,"[238, 133, 723, 1516]",LEFT_HIP,0.010584357901372262,0.38519901265074485,0.9928352236747742,0.4967153035104275,0.6113424375653267,0.43978373581083563
00118,/Users/nikko/Downloads/moi-main/project_root/data/temp_frames/video7/frame_00118.png,"[238, 133, 723, 1516]",RIGHT_HIP,0.3009442554084688,0.364038987819346,0.9926884770393372,0.4967153035104275,0.6113424375653267,0.43978373581083563
00118,/Users/nikko/Downloads/moi-main/project_root/data/temp_frames/video7/frame_00118.png,"[238, 133, 723, 1516]",RIGHT_WRIST,0.8736428768218736,-1.2272258552757436,0.51655513048172,0.4967153035104275,0.6113424375653267,0.43978373581083563
00118,/Users/nikko/Downloads/moi-main/project_root/data/temp_frames/video7/frame_00118.png,"[238, 133, 723, 1516]",LEFT_EYE,-0.251804639405378,-0.6279469229602282,0.9895721673965454,0.4967153035104275,0.6113424375653267,0.43978373581083563
00118,/Users/nikko/Downloads/moi-main/project_root/data/temp_frames/video7/frame_00118.png,"[238, 133, 723, 1516]",RIGHT_EYE,-0.13552283109328905,-0.6216468666322449,0.9931418299674988,0.4967153035104275,0.6113424375653267,0.43978373581083563
00121,/Users/nikko/Downloads/moi-main/project_root/data/temp_frames/video7/frame_00121.png,"[241, 155, 731, 1382]",LEFT_SHOULDER,-0.7183253440880962,-0.2466269243790776,0.9924210906028748,0.5011313781142235,0.5700885206460953,0.37231042422286537
00121,/Users/nikko/Downloads/moi-main/project_root/data/temp_frames/video7/frame_00121.png,"[241, 155, 731, 1382]",RIGHT_SHOULDER,0.4150396514938454,-0.24110384335227483,0.9617578983306885,0.5011313781142235,0.5700885206460953,0.37231042422286537
00121,/Users/nikko/Downloads/moi-main/project_root/data/temp_frames/video7/frame_00121.png,"[241, 155, 731, 1382]",LEFT_HIP,-0.1460609707688271,0.21021243581090232,0.9403020143508911,0.5011313781142235,0.5700885206460953,0.37231042422286537
00121,/Users/nikko/Downloads/moi-main/project_root/data/temp_frames/video7/frame_00121.png,"[241, 155, 731, 1382]",RIGHT_HIP,0.4493466633630778,0.2775183319204501,0.9427785873413086,0.5011313781142235,0.5700885206460953,0.37231042422286537
00121,/Users/nikko/Downloads/moi-main/project_root/data/temp_frames/video7/frame_00121.png,"[241, 155, 731, 1382]",RIGHT_WRIST,1.006203995599506,-1.362141164870138,0.6304863095283508,0.5011313781142235,0.5700885206460953,0.37231042422286537
00121,/Users/nikko/Downloads/moi-main/project_root/data/temp_frames/video7/frame_00121.png,"[241, 155, 731, 1382]",LEFT_EYE,-0.2138686013036626,-0.5100714375715653,0.8346378803253174,0.5011313781142235,0.5700885206460953,0.37231042422286537
00121,/Users/nikko/Downloads/moi-main/project_root/data/temp_frames/video7/frame_00121.png,"[241, 155, 731, 1382]",RIGHT_EYE,-0.09492944602304049,-0.4979627320014842,0.8949609994888306,0.5011313781142235,0.5700885206460953,0.37231042422286537
00122,/Users/nikko/Downloads/moi-main/project_root/data/temp_frames/video7/frame_00122.png,"[244, 193, 729, 1336]",LEFT_SHOULDER,-0.6399171875633727,-0.2126232477814889,0.9604043960571289,0.5173610895872116,0.5800203159451485,0.38114169555162536
00122,/Users/nikko/Downloads/moi-main/project_root/data/temp_frames/video7/frame_00122.png,"[244, 193, 729, 1336]",RIGHT_SHOULDER,0.4534066483617177,-0.2797033527519243,0.9355348348617554,0.5173610895872116,0.5800203159451485,0.38114169555162536
00122,/Users/nikko/Downloads/moi-main/project_root/data/temp_frames/video7/frame_00122.png,"[244, 193, 729, 1336]",LEFT_HIP,-0.2221196365116837,0.24330623406158314,0.9894723296165466,0.5173610895872116,0.5800203159451485,0.38114169555162536
00122,/Users/nikko/Downloads/moi-main/project_root/data/temp_frames/video7/frame_00122.png,"[244, 193, 729, 1336]",RIGHT_HIP,0.40863017571333865,0.24902036647183004,0.9935374855995178,0.5173610895872116,0.5800203159451485,0.38114169555162536
00122,/Users/nikko/Downloads/moi-main/project_root/data/temp_frames/video7/frame_00122.png,"[244, 193, 729, 1336]",LEFT_EYE,-0.27866185168222635,-0.5167007437847538,0.8366802334785461,0.5173610895872116,0.5800203159451485,0.38114169555162536
00122,/Users/nikko/Downloads/moi-main/project_root/data/temp_frames/video7/frame_00122.png,"[244, 193, 729, 1336]",RIGHT_EYE,-0.15198119851404465,-0.5168764417448215,0.898160994052887,0.5173610895872116,0.5800203159451485,0.38114169555162536
00123,/Users/nikko/Downloads/moi-main/project_root/data/temp_frames/video7/frame_00123.png,"[242, 185, 729, 1372]",LEFT_SHOULDER,-0.6561120842082222,-0.2535056753411089,0.9913830161094666,0.533874399960041,0.5895113050937653,0.3973040284798468
00123,/Users/nikko/Downloads/moi-main/project_root/data/temp_frames/video7/frame_00123.png,"[242, 185, 729, 1372]",RIGHT_SHOULDER,0.4402000483627794,-0.2879975568792543,0.9467505812644958,0.533874399960041,0.5895113050937653,0.3973040284798468
00123,/Users/nikko/Downloads/moi-main/project_root/data/temp_frames/video7/frame_00123.png,"[242, 185, 729, 1372]",LEFT_HIP,-0.17227812394460948,0.28124278235235045,0.9448966383934021,0.533874399960041,0.5895113050937653,0.3973040284798468
00123,/Users/nikko/Downloads/moi-main/project_root/data/temp_frames/video7/frame_00123.png,"[242, 185, 729, 1372]",RIGHT_HIP,0.3881901597900523,0.2602604498680128,0.9406700730323792,0.533874399960041,0.5895113050937653,0.3973040284798468
00123,/Users/nikko/Downloads/moi-main/project_root/data/temp_frames/video7/frame_00123.png,"[242, 185, 729, 1372]",LEFT_WRIST,-1.1298846371631281,-1.1709961977376393,0.5660185217857361,0.533874399960041,0.5895113050937653,0.3973040284798468
00123,/Users/nikko/Downloads/moi-main/project_root/data/temp_frames/video7/frame_00123.png,"[242, 185, 729, 1372]",RIGHT_WRIST,0.8473693055475318,-1.3696147168479496,0.6801788806915283,0.533874399960041,0.5895113050937653,0.3973040284798468
00123,/Users/nikko/Downloads/moi-main/project_root/data/temp_frames/video7/frame_00123.png,"[242, 185, 729, 1372]",LEFT_EYE,-0.19275773017820524,-0.5623848244249715,0.7692204117774963,0.533874399960041,0.5895113050937653,0.3973040284798468
00123,/Users/nikko/Downloads/moi-main/project_root/data/temp_frames/video7/frame_00123.png,"[242, 185, 729, 1372]",RIGHT_EYE,-0.06254900583784233,-0.5446293313698215,0.8197076916694641,0.533874399960041,0.5895113050937653,0.3973040284798468
00124,/Users/nikko/Downloads/moi-main/project_root/data/temp_frames/video7/frame_00124.png,"[242, 184, 728, 1376]",LEFT_SHOULDER,-0.6797175648276709,-0.24903398799382423,0.9930254220962524,0.5284973904490471,0.5799030140042305,0.3820127014707484
00124,/Users/nikko/Downloads/moi-main/project_root/data/temp_frames/video7/frame_00124.png,"[242, 184, 728, 1376]",RIGHT_SHOULDER,0.4398615872914667,-0.2583832585900986,0.9543731808662415,0.5284973904490471,0.5799030140042305,0.3820127014707484
00124,/Users/nikko/Downloads/moi-main/project_root/data/temp_frames/video7/frame_00124.png,"[242, 184, 728, 1376]",LEFT_HIP,-0.17489088870006256,0.23193032512701495,0.9632071852684021,0.5284973904490471,0.5799030140042305,0.3820127014707484
00124,/Users/nikko/Downloads/moi-main/project_root/data/temp_frames/video7/frame_00124.png,"[242, 184, 728, 1376]",RIGHT_HIP,0.4147468662362668,0.27548692145690784,0.9620116353034973,0.5284973904490471,0.5799030140042305,0.3820127014707484
00124,/Users/nikko/Downloads/moi-main/project_root/data/temp_frames/video7/frame_00124.png,"[242, 184, 728, 1376]",LEFT_WRIST,-1.1609339800498932,-1.1893816523742693,0.5616548657417297,0.5284973904490471,0.5799030140042305,0.3820127014707484
00124,/Users/nikko/Downloads/moi-main/project_root/data/temp_frames/video7/frame_00124.png,"[242, 184, 728, 1376]",RIGHT_WRIST,0.8782621096965866,-1.3897795260560417,0.6907860636711121,0.5284973904490471,0.5799030140042305,0.3820127014707484
00124,/Users/nikko/Downloads/moi-main/project_root/data/temp_frames/video7/frame_00124.png,"[242, 184, 728, 1376]",LEFT_EYE,-0.16208528776194078,-0.5568343878726835,0.7702019214630127,0.5284973904490471,0.5799030140042305,0.3820127014707484
00124,/Users/nikko/Downloads/moi-main/project_root/data/temp_frames/video7/frame_00124.png,"[242, 184, 728, 1376]",RIGHT_EYE,-0.04915407822644779,-0.5419142186356322,0.8232192993164062,0.5284973904490471,0.5799030140042305,0.3820127014707484
00130,/Users/nikko/Downloads/moi-main/project_root/data/temp_frames/video7/frame_00130.png,"[243, 180, 720, 1345]",LEFT_SHOULDER,-0.62021321266697,-0.2667480822882928,0.9871218800544739,0.5270879864692688,0.6080696657299995,0.41485904700270426
00130,/Users/nikko/Downloads/moi-main/project_root/data/temp_frames/video7/frame_00130.png,"[243, 180, 720, 1345]",RIGHT_SHOULDER,0.4673680959768474,-0.277724163617209,0.9193814992904663,0.5270879864692688,0.6080696657299995,0.41485904700270426
00130,/Users/nikko/Downloads/moi-main/project_root/data/temp_frames/video7/frame_00130.png,"[243, 180, 720, 1345]",LEFT_HIP,-0.21424970820299336,0.26766073830365505,0.9070031046867371,0.5270879864692688,0.6080696657299995,0.41485904700270426
00130,/Users/nikko/Downloads/moi-main/project_root/data/temp_frames/video7/frame_00130.png,"[243, 180, 720, 1345]",RIGHT_HIP,0.367094824893116,0.2768115076018467,0.8887234926223755,0.5270879864692688,0.6080696657299995,0.41485904700270426
00130,/Users/nikko/Downloads/moi-main/project_root/data/temp_frames/video7/frame_00130.png,"[243, 180, 720, 1345]",RIGHT_WRIST,0.8572960952458802,-1.3448964539967554,0.5084130167961121,0.5270879864692688,0.6080696657299995,0.41485904700270426
00130,/Users/nikko/Downloads/moi-main/project_root/data/temp_frames/video7/frame_00130.png,"[243, 180, 720, 1345]",LEFT_EYE,-0.1606084218393351,-0.5606066529989187,0.767286479473114,0.5270879864692688,0.6080696657299995,0.41485904700270426
00130,/Users/nikko/Downloads/moi-main/project_root/data/temp_frames/video7/frame_00130.png,"[243, 180, 720, 1345]",RIGHT_EYE,0.0014291297390386808,-0.5466925728730182,0.8295944929122925,0.5270879864692688,0.6080696657299995,0.41485904700270426
00131,/Users/nikko/Downloads/moi-main/project_root/data/temp_frames/video7/frame_00131.png,"[242, 186, 718, 1350]",LEFT_SHOULDER,-0.6382174749338204,-0.25980355350648904,0.984714686870575,0.5198064595460892,0.593440406024456,0.41650180453652597
00131,/Users/nikko/Downloads/moi-main/project_root/data/temp_frames/video7/frame_00131.png,"[242, 186, 718, 1350]",RIGHT_SHOULDER,0.44489969878316077,-0.26447924214748064,0.9101496338844299,0.5198064595460892,0.593440406024456,0.41650180453652597
00131,/Users/nikko/Downloads/moi-main/project_root/data/temp_frames/video7/frame_00131.png,"[242, 186, 718, 1350]",LEFT_HIP,-0.20737736331454554,0.2565327180743567,0.9143813848495483,0.5198064595460892,0.593440406024456,0.41650180453652597
00131,/Users/nikko/Downloads/moi-main/project_root/data/temp_frames/video7/frame_00131.png,"[242, 186, 718, 1350]",RIGHT_HIP,0.40069513946520513,0.267750077579613,0.9040207266807556,0.5198064595460892,0.593440406024456,0.41650180453652597
00131,/Users/nikko/Downloads/moi-main/project_root/data/temp_frames/video7/frame_00131.png,"[242, 186, 718, 1350]",RIGHT_WRIST,0.865143967945701,-1.301543387136683,0.5406259298324585,0.5198064595460892,0.593440406024456,0.41650180453652597
00131,/Users/nikko/Downloads/moi-main/project_root/data/temp_frames/video7/frame_00131.png,"[242, 186, 718, 1350]",LEFT_EYE,-0.11257304461776865,-0.534063514136781,0.7339165806770325,0.5198064595460892,0.593440406024456,0.41650180453652597
00131,/Users/nikko/Downloads/moi-main/project_root/data/temp_frames/video7/frame_00131.png,"[242, 186, 718, 1350]",RIGHT_EYE,0.030718619653263658,-0.5163667356475516,0.7902993559837341,0.5198064595460892,0.593440406024456,0.41650180453652597
00132,/Users/nikko/Downloads/moi-main/project_root/data/temp_frames/video7/frame_00132.png,"[242, 175, 720, 1305]",LEFT_SHOULDER,-0.6793975749630512,-0.2296219134965318,0.994469165802002,0.5057496502995491,0.5952744483947754,0.3663303335944631
00132,/Users/nikko/Downloads/moi-main/project_root/data/temp_frames/video7/frame_00132.png,"[242, 175, 720, 1305]",RIGHT_SHOULDER,0.4811547945051973,-0.2299613210683304,0.9905565977096558,0.5057496502995491,0.5952744483947754,0.3663303335944631
00132,/Users/nikko/Downloads/moi-main/project_root/data/temp_frames/video7/frame_00132.png,"[242, 175, 720, 1305]",LEFT_HIP,-0.20383411750249733,0.2298877773375284,0.9994974136352539,0.5057496502995491,0.5952744483947754,0.3663303335944631
00132,/Users/nikko/Downloads/moi-main/project_root/data/temp_frames/video7/frame_00132.png,"[242, 175, 720, 1305]",RIGHT_HIP,0.4020768979603512,0.2296954572273338,0.9996786117553711,0.5057496502995491,0.5952744483947754,0.3663303335944631
00132,/Users/nikko/Downloads/moi-main/project_root/data/temp_frames/video7/frame_00132.png,"[242, 175, 720, 1305]",RIGHT_ELBOW,0.8791362056180912,-0.860182851306518,0.6947057247161865,0.5057496502995491,0.5952744483947754,0.3663303335944631
00132,/Users/nikko/Downloads/moi-main/project_root/data/temp_frames/video7/frame_00132.png,"[242, 175, 720, 1305]",RIGHT_WRIST,1.0150072720305645,-1.495366722408307,0.7361559867858887,0.5057496502995491,0.5952744483947754,0.3663303335944631
00132,/Users/nikko/Downloads/moi-main/project_root/data/temp_frames/video7/frame_00132.png,"[242, 175, 720, 1305]",LEFT_KNEE,-0.6031909753594945,-0.5813280471980672,0.6745012402534485,0.5057496502995491,0.5952744483947754,0.3663303335944631
00132,/Users/nikko/Downloads/moi-main/project_root/data/temp_frames/video7/frame_00132.png,"[242, 175, 720, 1305]",RIGHT_KNEE,0.6000878610941782,-0.6963720822524699,0.9386679530143738,0.5057496502995491,0.5952744483947754,0.3663303335944631
00132,/Users/nikko/Downloads/moi-main/project_root/data/temp_frames/video7/frame_00132.png,"[242, 175, 720, 1305]",LEFT_ANKLE,-1.133732113864028,-1.2465380073653043,0.9639463424682617,0.5057496502995491,0.5952744483947754,0.3663303335944631
00132,/Users/nikko/Downloads/moi-main/project_root/data/temp_frames/video7/frame_00132.png,"[242, 175, 720, 1305]",RIGHT_ANKLE,1.0249812337521627,-1.4893198555764295,0.992186427116394,0.5057496502995491,0.5952744483947754,0.3663303335944631
00132,/Users/nikko/Downloads/moi-main/project_root/data/temp_frames/video7/frame_00132.png,"[242, 175, 720, 1305]",LEFT_EYE,-0.18118037051231614,-0.5518517361633641,0.9973439574241638,0.5057496502995491,0.5952744483947754,0.3663303335944631
00132,/Users/nikko/Downloads/moi-main/project_root/data/temp_frames/video7/frame_00132.png,"[242, 175, 720, 1305]",RIGHT_EYE,0.018007943143818924,-0.5328042353003852,0.9982287287712097,0.5057496502995491,0.5952744483947754,0.3663303335944631
00134,/Users/nikko/Downloads/moi-main/project_root/data/temp_frames/video7/frame_00134.png,"[240, 153, 709, 1243]",LEFT_SHOULDER,-0.5755918707528485,-0.30693602812339327,0.9751342535018921,0.48685312643647194,0.6761943697929382,0.42123944123552803
00134,/Users/nikko/Downloads/moi-main/project_root/data/temp_frames/video7/frame_00134.png,"[240, 153, 709, 1243]",RIGHT_SHOULDER,0.4800793653372106,-0.2976562897347127,0.7819659113883972,0.48685312643647194,0.6761943697929382,0.42123944123552803
00134,/Users/nikko/Downloads/moi-main/project_root/data/temp_frames/video7/frame_00134.png,"[240, 153, 709, 1243]",LEFT_HIP,-0.2192944956519335,0.2984326906456134,0.955511212348938,0.48685312643647194,0.6761943697929382,0.42123944123552803
00134,/Users/nikko/Downloads/moi-main/project_root/data/temp_frames/video7/frame_00134.png,"[240, 153, 709, 1243]",RIGHT_HIP,0.3148070010675714,0.3061596272124925,0.94602370262146,0.48685312643647194,0.6761943697929382,0.42123944123552803
00134,/Users/nikko/Downloads/moi-main/project_root/data/temp_frames/video7/frame_00134.png,"[240, 153, 709, 1243]",LEFT_EYE,-0.09007609834035275,-0.5952487637575945,0.6532893776893616,0.48685312643647194,0.6761943697929382,0.42123944123552803
00134,/Users/nikko/Downloads/moi-main/project_root/data/temp_frames/video7/frame_00134.png,"[240, 153, 709, 1243]",RIGHT_EYE,0.06524653331550745,-0.5765903797018082,0.7057786583900452,0.48685312643647194,0.6761943697929382,0.42123944123552803
00135,/Users/nikko/Downloads/moi-main/project_root/data/temp_frames/video7/frame_00135.png,"[240, 152, 709, 1242]",LEFT_SHOULDER,-0.6271530007562764,-0.29364659217885275,0.9781599640846252,0.49889175966382027,0.6666810512542725,0.4152314983928657
00135,/Users/nikko/Downloads/moi-main/project_root/data/temp_frames/video7/frame_00135.png,"[240, 152, 709, 1242]",RIGHT_SHOULDER,0.4682811528822966,-0.2854122437343604,0.7959465384483337,0.49889175966382027,0.6666810512542725,0.4152314983928657
00135,/Users/nikko/Downloads/moi-main/project_root/data/temp_frames/video7/frame_00135.png,"[240, 152, 709, 1242]",LEFT_HIP,-0.18515295252998926,0.2650017853174879,0.952559232711792,0.49889175966382027,0.6666810512542725,0.4152314983928657
00135,/Users/nikko/Downloads/moi-main/project_root/data/temp_frames/video7/frame_00135.png,"[240, 152, 709, 1242]",RIGHT_HIP,0.34402480040396916,0.31405705059572525,0.9398071765899658,0.49889175966382027,0.6666810512542725,0.4152314983928657
00135,/Users/nikko/Downloads/moi-main/project_root/data/temp_frames/video7/frame_00135.png,"[240, 152, 709, 1242]",LEFT_EYE,-0.10951433841303819,-0.5908570621557258,0.6910035610198975,0.49889175966382027,0.6666810512542725,0.4152314983928657
00135,/Users/nikko/Downloads/moi-main/project_root/data/temp_frames/video7/frame_00135.png,"[240, 152, 709, 1242]",RIGHT_EYE,0.04701665791702911,-0.5632297063398697,0.7488038539886475,0.49889175966382027,0.6666810512542725,0.4152314983928657
00136,/Users/nikko/Downloads/moi-main/project_root/data/temp_frames/video7/frame_00136.png,"[238, 136, 707, 1245]",LEFT_SHOULDER,-0.5916782963572953,-0.30260177970867863,0.8747044205665588,0.47819817066192627,0.6717086583375931,0.40907381461109116
00136,/Users/nikko/Downloads/moi-main/project_root/data/temp_frames/video7/frame_00136.png,"[238, 136, 707, 1245]",RIGHT_SHOULDER,0.48644291848927057,-0.27817382184639394,0.604935348033905,0.47819817066192627,0.6717086583375931,0.40907381461109116
00136,/Users/nikko/Downloads/moi-main/project_root/data/temp_frames/video7/frame_00136.png,"[238, 136, 707, 1245]",LEFT_HIP,-0.22108764756934315,0.28361282063592397,0.9835188984870911,0.47819817066192627,0.6717086583375931,0.40907381461109116
00136,/Users/nikko/Downloads/moi-main/project_root/data/temp_frames/video7/frame_00136.png,"[238, 136, 707, 1245]",RIGHT_HIP,0.32632302543736785,0.29716278091914855,0.9846048951148987,0.47819817066192627,0.6717086583375931,0.40907381461109116
00137,/Users/nikko/Downloads/moi-main/project_root/data/temp_frames/video7/frame_00137.png,"[238, 123, 708, 1238]",LEFT_SHOULDER,-0.5878816327551358,-0.31304217701174847,0.8741627335548401,0.4712689556181431,0.6832713335752487,0.4089542030824305
00137,/Users/nikko/Downloads/moi-main/project_root/data/temp_frames/video7/frame_00137.png,"[238, 123, 708, 1238]",RIGHT_SHOULDER,0.4746344999520281,-0.2958060522003056,0.5644984841346741,0.4712689556181431,0.6832713335752487,0.4089542030824305
00137,/Users/nikko/Downloads/moi-main/project_root/data/temp_frames/video7/frame_00137.png,"[238, 123, 708, 1238]",LEFT_HIP,-0.2030776293376941,0.302141977582227,0.9681054949760437,0.4712689556181431,0.6832713335752487,0.4089542030824305
00137,/Users/nikko/Downloads/moi-main/project_root/data/temp_frames/video7/frame_00137.png,"[238, 123, 708, 1238]",RIGHT_HIP,0.3163247621408018,0.3067062516298271,0.9683167934417725,0.4712689556181431,0.6832713335752487,0.4089542030824305
00138,/Users/nikko/Downloads/moi-main/project_root/data/temp_frames/video7/frame_00138.png,"[237, 112, 701, 1220]",LEFT_SHOULDER,-0.6291816952618325,-0.28455905023398753,0.9432404637336731,0.4668491967022419,0.6667755395174026,0.3621118362708219
00138,/Users/nikko/Downloads/moi-main/project_root/data/temp_frames/video7/frame_00138.png,"[237, 112, 701, 1220]",RIGHT_SHOULDER,0.5099950052794125,-0.23532633407668951,0.777890145778656,0.4668491967022419,0.6667755395174026,0.3621118362708219
00138,/Users/nikko/Downloads/moi-main/project_root/data/temp_frames/video7/frame_00138.png,"[237, 112, 701, 1220]",LEFT_HIP,-0.22402462952746385,0.26071492648449923,0.9873979091644287,0.4668491967022419,0.6667755395174026,0.3621118362708219
00138,/Users/nikko/Downloads/moi-main/project_root/data/temp_frames/video7/frame_00138.png,"[237, 112, 701, 1220]",RIGHT_HIP,0.34321131950988387,0.2591704578261778,0.9866025447845459,0.4668491967022419,0.6667755395174026,0.3621118362708219
00138,/Users/nikko/Downloads/moi-main/project_root/data/temp_frames/video7/frame_00138.png,"[237, 112, 701, 1220]",RIGHT_ANKLE,1.1068382357876039,-1.1817355524899953,0.6099880337715149,0.4668491967022419,0.6667755395174026,0.3621118362708219
00138,/Users/nikko/Downloads/moi-main/project_root/data/temp_frames/video7/frame_00138.png,"[237, 112, 701, 1220]",LEFT_EYE,-0.0983835938289241,-0.5972695107712084,0.8495209217071533,0.4668491967022419,0.6667755395174026,0.3621118362708219
00138,/Users/nikko/Downloads/moi-main/project_root/data/temp_frames/video7/frame_00138.png,"[237, 112, 701, 1220]",RIGHT_EYE,0.09904996794217485,-0.5731054813585582,0.8927926421165466,0.4668491967022419,0.6667755395174026,0.3621118362708219
00139,/Users/nikko/Downloads/moi-main/project_root/data/temp_frames/video7/frame_00139.png,"[238, 98, 701, 1207]",LEFT_SHOULDER,-0.6154280384194163,-0.27616320831566804,0.9337173104286194,0.4623798280954361,0.6903257519006729,0.3901262243848851
00139,/Users/nikko/Downloads/moi-main/project_root/data/temp_frames/video7/frame_00139.png,"[238, 98, 701, 1207]",RIGHT_SHOULDER,0.488346292743073,-0.2538333655417354,0.7188315391540527,0.4623798280954361,0.6903257519006729,0.3901262243848851
00139,/Users/nikko/Downloads/moi-main/project_root/data/temp_frames/video7/frame_00139.png,"[238, 98, 701, 1207]",LEFT_HIP,-0.2305438929084553,0.2652625250821393,0.9917665123939514,0.4623798280954361,0.6903257519006729,0.3901262243848851
00139,/Users/nikko/Downloads/moi-main/project_root/data/temp_frames/video7/frame_00139.png,"[238, 98, 701, 1207]",RIGHT_HIP,0.3576256385847987,0.26473404877526413,0.9916576743125916,0.4623798280954361,0.6903257519006729,0.3901262243848851
00139,/Users/nikko/Downloads/moi-main/project_root/data/temp_frames/video7/frame_00139.png,"[238, 98, 701, 1207]",RIGHT_ANKLE,1.0620009833626463,-1.112065443005297,0.7243008613586426,0.4623798280954361,0.6903257519006729,0.3901262243848851
00139,/Users/nikko/Downloads/moi-main/project_root/data/temp_frames/video7/frame_00139.png,"[238, 98, 701, 1207]",LEFT_EYE,-0.10235699159008205,-0.5653855031335269,0.5813606381416321,0.4623798280954361,0.6903257519006729,0.3901262243848851
00139,/Users/nikko/Downloads/moi-main/project_root/data/temp_frames/video7/frame_00139.png,"[238, 98, 701, 1207]",RIGHT_EYE,0.08283102195398494,-0.5400452246409854,0.6382251381874084,0.4623798280954361,0.6903257519006729,0.3901262243848851
00140,/Users/nikko/Downloads/moi-main/project_root/data/temp_frames/video7/frame_00140.png,"[239, 94, 701, 1213]",LEFT_SHOULDER,-0.6164489540761713,-0.2831601071029046,0.897488534450531,0.4615127556025982,0.6931696683168411,0.4034858343756065
00140,/Users/nikko/Downloads/moi-main/project_root/data/temp_frames/video7/frame_00140.png,"[239, 94, 701, 1213]",RIGHT_SHOULDER,0.4838729893893794,-0.2644887951874462,0.6946062445640564,0.4615127556025982,0.6931696683168411,0.4034858343756065
00140,/Users/nikko/Downloads/moi-main/project_root/data/temp_frames/video7/frame_00140.png,"[239, 94, 701, 1213]",LEFT_HIP,-0.2180439843529779,0.2684170047465192,0.981984555721283,0.4615127556025982,0.6931696683168411,0.4034858343756065
00140,/Users/nikko/Downloads/moi-main/project_root/data/temp_frames/video7/frame_00140.png,"[239, 94, 701, 1213]",RIGHT_HIP,0.3506199490397698,0.27923189754383165,0.9841389060020447,0.4615127556025982,0.6931696683168411,0.4034858343756065
00140,/Users/nikko/Downloads/moi-main/project_root/data/temp_frames/video7/frame_00140.png,"[239, 94, 701, 1213]",RIGHT_EYE,0.06798304432130556,-0.5481085832446199,0.5202144980430603,0.4615127556025982,0.6931696683168411,0.4034858343756065
00141,/Users/nikko/Downloads/moi-main/project_root/data/temp_frames/video7/frame_00141.png,"[239, 79, 702, 1214]",LEFT_SHOULDER,-0.6260071767158316,-0.27840534777935033,0.9306814670562744,0.4504746235907078,0.6864859759807587,0.38882880502677775
00141,/Users/nikko/Downloads/moi-main/project_root/data/temp_frames/video7/frame_00141.png,"[239, 79, 702, 1214]",RIGHT_SHOULDER,0.48597501648334807,-0.24584489027431927,0.7673773169517517,0.4504746235907078,0.6864859759807587,0.38882880502677775
00141,/Users/nikko/Downloads/moi-main/project_root/data/temp_frames/video7/frame_00141.png,"[239, 79, 702, 1214]",LEFT_HIP,-0.223451662000333,0.2617295470325421,0.9898543953895569,0.4504746235907078,0.6864859759807587,0.38882880502677775
00141,/Users/nikko/Downloads/moi-main/project_root/data/temp_frames/video7/frame_00141.png,"[239, 79, 702, 1214]",RIGHT_HIP,0.3634838222328166,0.2625206910211275,0.9902300238609314,0.4504746235907078,0.6864859759807587,0.38882880502677775
00141,/Users/nikko/Downloads/moi-main/project_root/data/temp_frames/video7/frame_00141.png,"[239, 79, 702, 1214]",RIGHT_ANKLE,1.094649714965915,-1.0215819590208097,0.5549411177635193,0.4504746235907078,0.6864859759807587,0.38882880502677775
00141,/Users/nikko/Downloads/moi-main/project_root/data/temp_frames/video7/frame_00141.png,"[239, 79, 702, 1214]",LEFT_EYE,-0.12059060341620147,-0.5549499512639042,0.5870593190193176,0.4504746235907078,0.6864859759807587,0.38882880502677775
00141,/Users/nikko/Downloads/moi-main/project_root/data/temp_frames/video7/frame_00141.png,"[239, 79, 702, 1214]",RIGHT_EYE,0.05809434806115995,-0.5335301991482231,0.6541118621826172,0.4504746235907078,0.6864859759807587,0.38882880502677775
00142,/Users/nikko/Downloads/moi-main/project_root/data/temp_frames/video7/frame_00142.png,"[239, 79, 702, 1214]",LEFT_SHOULDER,-0.6303186422509202,-0.2794571395304443,0.922285258769989,0.451652143150568,0.6861488968133926,0.39156131830975643
00142,/Users/nikko/Downloads/moi-main/project_root/data/temp_frames/video7/frame_00142.png,"[239, 79, 702, 1214]",RIGHT_SHOULDER,0.48088596939055606,-0.24367453185638174,0.7675991654396057,0.451652143150568,0.6861488968133926,0.39156131830975643
00142,/Users/nikko/Downloads/moi-main/project_root/data/temp_frames/video7/frame_00142.png,"[239, 79, 702, 1214]",LEFT_HIP,-0.21968278600460217,0.2594727692250514,0.9877719879150391,0.451652143150568,0.6861488968133926,0.39156131830975643
00142,/Users/nikko/Downloads/moi-main/project_root/data/temp_frames/video7/frame_00142.png,"[239, 79, 702, 1214]",RIGHT_HIP,0.3691154588649663,0.2636589021617746,0.9887513518333435,0.451652143150568,0.6861488968133926,0.39156131830975643
00142,/Users/nikko/Downloads/moi-main/project_root/data/temp_frames/video7/frame_00142.png,"[239, 79, 702, 1214]",LEFT_EYE,-0.1340211866053552,-0.550664819105504,0.6009634137153625,0.451652143150568,0.6861488968133926,0.39156131830975643
00142,/Users/nikko/Downloads/moi-main/project_root/data/temp_frames/video7/frame_00142.png,"[239, 79, 702, 1214]",RIGHT_EYE,0.05037028199500133,-0.5300109719762671,0.6757127642631531,0.451652143150568,0.6861488968133926,0.39156131830975643
00143,/Users/nikko/Downloads/moi-main/project_root/data/temp_frames/video7/frame_00143.png,"[240, 100, 703, 1220]",LEFT_SHOULDER,-0.6903863937246305,-0.18897533601355465,0.9928001165390015,0.42118600383400917,0.6108874082565308,0.2747230676400044
00143,/Users/nikko/Downloads/moi-main/project_root/data/temp_frames/video7/frame_00143.png,"[240, 100, 703, 1220]",RIGHT_SHOULDER,0.5516957588560792,-0.13201548061719992,0.987014889717102,0.42118600383400917,0.6108874082565308,0.2747230676400044
00143,/Users/nikko/Downloads/moi-main/project_root/data/temp_frames/video7/frame_00143.png,"[240, 100, 703, 1220]",LEFT_HIP,-0.2566802802120616,0.14765393146762198,0.9936769604682922,0.42118600383400917,0.6108874082565308,0.2747230676400044
00143,/Users/nikko/Downloads/moi-main/project_root/data/temp_frames/video7/frame_00143.png,"[240, 100, 703, 1220]",RIGHT_HIP,0.39537091508061284,0.1733368851631326,0.9965425133705139,0.42118600383400917,0.6108874082565308,0.2747230676400044
00143,/Users/nikko/Downloads/moi-main/project_root/data/temp_frames/video7/frame_00143.png,"[240, 100, 703, 1220]",RIGHT_WRIST,-1.2215199649110158,-1.510661247606709,0.5431357026100159,0.42118600383400917,0.6108874082565308,0.2747230676400044
00143,/Users/nikko/Downloads/moi-main/project_root/data/temp_frames/video7/frame_00143.png,"[240, 100, 703, 1220]",RIGHT_ANKLE,1.2670090321214154,-1.4574695995158125,0.6345612406730652,0.42118600383400917,0.6108874082565308,0.2747230676400044
00143,/Users/nikko/Downloads/moi-main/project_root/data/temp_frames/video7/frame_00143.png,"[240, 100, 703, 1220]",LEFT_EYE,0.08178590154546596,-0.5614197129459364,0.996508777141571,0.42118600383400917,0.6108874082565308,0.2747230676400044
00143,/Users/nikko/Downloads/moi-main/project_root/data/temp_frames/video7/frame_00143.png,"[240, 100, 703, 1220]",RIGHT_EYE,0.22255615053474104,-0.5033418490140551,0.9980813264846802,0.42118600383400917,0.6108874082565308,0.2747230676400044
00148,/Users/nikko/Downloads/moi-main/project_root/data/temp_frames/video7/frame_00148.png,"[238, 124, 706, 1242]",LEFT_SHOULDER,-0.5801462002895263,-0.3637105631241563,0.9938614368438721,0.4330694116652012,0.7145278304815292,0.4377159237934886
00148,/Users/nikko/Downloads/moi-main/project_root/data/temp_frames/video7/frame_00148.png,"[238, 124, 706, 1242]",RIGHT_SHOULDER,0.3304772718285777,-0.3605184195285673,0.9755721092224121,0.4330694116652012,0.7145278304815292,0.4377159237934886
00148,/Users/nikko/Downloads/moi-main/project_root/data/temp_frames/video7/frame_00148.png,"[238, 124, 706, 1242]",LEFT_HIP,-0.08829902791031978,0.3384222686560461,0.9421453475952148,0.4330694116652012,0.7145278304815292,0.4377159237934886
00148,/Users/nikko/Downloads/moi-main/project_root/data/temp_frames/video7/frame_00148.png,"[238, 124, 706, 1242]",RIGHT_HIP,0.3379679563712684,0.3858067139966775,0.9526615738868713,0.4330694116652012,0.7145278304815292,0.4377159237934886
00148,/Users/nikko/Downloads/moi-main/project_root/data/temp_frames/video7/frame_00148.png,"[238, 124, 706, 1242]",RIGHT_ELBOW,0.8700380512712396,-0.8897515754472781,0.8780683279037476,0.4330694116652012,0.7145278304815292,0.4377159237934886
00148,/Users/nikko/Downloads/moi-main/project_root/data/temp_frames/video7/frame_00148.png,"[238, 124, 706, 1242]",LEFT_WRIST,-0.8205882344192974,-1.2230415221121227,0.6463891267776489,0.4330694116652012,0.7145278304815292,0.4377159237934886
00148,/Users/nikko/Downloads/moi-main/project_root/data/temp_frames/video7/frame_00148.png,"[238, 124, 706, 1242]",RIGHT_WRIST,1.106526978728549,-1.4116640575424815,0.944263219833374,0.4330694116652012,0.7145278304815292,0.4377159237934886
00148,/Users/nikko/Downloads/moi-main/project_root/data/temp_frames/video7/frame_00148.png,"[238, 124, 706, 1242]",LEFT_EYE,-0.1710670137561993,-0.6916029588203949,0.9393488764762878,0.4330694116652012,0.7145278304815292,0.4377159237934886
00148,/Users/nikko/Downloads/moi-main/project_root/data/temp_frames/video7/frame_00148.png,"[238, 124, 706, 1242]",RIGHT_EYE,-0.0653506446901749,-0.6721757787896766,0.9579786658287048,0.4330694116652012,0.7145278304815292,0.4377159237934886
