frame_id,image_path,bbox,landmark,x_norm,y_norm,visibility,center_x,center_y,unit_length
00000,/Users/nikko/Downloads/moi-main/project_root/data/temp_frames/video3/frame_00000.png,"[50, 61, 528, 282]",LEFT_SHOULDER,0.41138783650741295,-0.3391736025060886,0.9999681711196899,0.6659999191761017,0.34789983555674553,0.3481294530740514
00000,/Users/nikko/Downloads/moi-main/project_root/data/temp_frames/video3/frame_00000.png,"[50, 61, 528, 282]",RIGHT_SHOULDER,0.4092341352907849,-0.23219706811237725,0.9999325275421143,0.6659999191761017,0.34789983555674553,0.3481294530740514
00000,/Users/nikko/Downloads/moi-main/project_root/data/temp_frames/video3/frame_00000.png,"[50, 61, 528, 282]",LEFT_HIP,-0.39427995994594617,0.31419234201029467,0.9993498921394348,0.6659999191761017,0.34789983555674553,0.3481294530740514
00000,/Users/nikko/Downloads/moi-main/project_root/data/temp_frames/video3/frame_00000.png,"[50, 61, 528, 282]",RIGHT_HIP,-0.4263420118522517,0.25717832860817114,0.9996970891952515,0.6659999191761017,0.34789983555674553,0.3481294530740514
00000,/Users/nikko/Downloads/moi-main/project_root/data/temp_frames/video3/frame_00000.png,"[50, 61, 528, 282]",RIGHT_ELBOW,0.2826838571484551,0.827827567531835,0.9937831163406372,0.6659999191761017,0.34789983555674553,0.3481294530740514
00000,/Users/nikko/Downloads/moi-main/project_root/data/temp_frames/video3/frame_00000.png,"[50, 61, 528, 282]",RIGHT_WRIST,0.22521655461595372,1.7719078634004104,0.9871461391448975,0.6659999191761017,0.34789983555674553,0.3481294530740514
00000,/Users/nikko/Downloads/moi-main/project_root/data/temp_frames/video3/frame_00000.png,"[50, 61, 528, 282]",RIGHT_KNEE,-1.0129279378014617,0.8557828798418259,0.9824156165122986,0.6659999191761017,0.34789983555674553,0.3481294530740514
00000,/Users/nikko/Downloads/moi-main/project_root/data/temp_frames/video3/frame_00000.png,"[50, 61, 528, 282]",LEFT_ANKLE,-1.4863873215899457,1.1251337016382592,0.5436617136001587,0.6659999191761017,0.34789983555674553,0.3481294530740514
00000,/Users/nikko/Downloads/moi-main/project_root/data/temp_frames/video3/frame_00000.png,"[50, 61, 528, 282]",RIGHT_ANKLE,-1.6398935357801265,1.1570151227485121,0.9969269633293152,0.6659999191761017,0.34789983555674553,0.3481294530740514
00000,/Users/nikko/Downloads/moi-main/project_root/data/temp_frames/video3/frame_00000.png,"[50, 61, 528, 282]",LEFT_EYE,0.7943718655671484,-0.3089196135040598,0.9997355341911316,0.6659999191761017,0.34789983555674553,0.3481294530740514
00000,/Users/nikko/Downloads/moi-main/project_root/data/temp_frames/video3/frame_00000.png,"[50, 61, 528, 282]",RIGHT_EYE,0.7887646062584143,-0.3277665109143453,0.9998202919960022,0.6659999191761017,0.34789983555674553,0.3481294530740514
00001,/Users/nikko/Downloads/moi-main/project_root/data/temp_frames/video3/frame_00001.png,"[49, 60, 528, 282]",LEFT_SHOULDER,0.4103282627491054,-0.3439554108842638,0.9999722242355347,0.6666954606771469,0.355936698615551,0.3491543182783462
00001,/Users/nikko/Downloads/moi-main/project_root/data/temp_frames/video3/frame_00001.png,"[49, 60, 528, 282]",RIGHT_SHOULDER,0.406417263112791,-0.23275968218031984,0.9999325275421143,0.6666954606771469,0.355936698615551,0.3491543182783462
00001,/Users/nikko/Downloads/moi-main/project_root/data/temp_frames/video3/frame_00001.png,"[49, 60, 528, 282]",LEFT_HIP,-0.3927068279625888,0.309407550358343,0.9994907379150391,0.6666954606771469,0.355936698615551,0.3491543182783462
00001,/Users/nikko/Downloads/moi-main/project_root/data/temp_frames/video3/frame_00001.png,"[49, 60, 528, 282]",RIGHT_HIP,-0.42403869789930765,0.26730754270624063,0.9997428059577942,0.6666954606771469,0.355936698615551,0.3491543182783462
00001,/Users/nikko/Downloads/moi-main/project_root/data/temp_frames/video3/frame_00001.png,"[49, 60, 528, 282]",RIGHT_ELBOW,0.2799695747402722,0.8157898190705848,0.9938492178916931,0.6666954606771469,0.355936698615551,0.3491543182783462
00001,/Users/nikko/Downloads/moi-main/project_root/data/temp_frames/video3/frame_00001.png,"[49, 60, 528, 282]",RIGHT_WRIST,0.22334389934245386,1.7380171902306163,0.986956000328064,0.6666954606771469,0.355936698615551,0.3491543182783462
00001,/Users/nikko/Downloads/moi-main/project_root/data/temp_frames/video3/frame_00001.png,"[49, 60, 528, 282]",RIGHT_KNEE,-1.0220767197427385,0.8537475130528849,0.9782976508140564,0.6666954606771469,0.355936698615551,0.3491543182783462
00001,/Users/nikko/Downloads/moi-main/project_root/data/temp_frames/video3/frame_00001.png,"[49, 60, 528, 282]",LEFT_ANKLE,-1.5166941945358992,1.1011398350499424,0.557944118976593,0.6666954606771469,0.355936698615551,0.3491543182783462
00001,/Users/nikko/Downloads/moi-main/project_root/data/temp_frames/video3/frame_00001.png,"[49, 60, 528, 282]",RIGHT_ANKLE,-1.6239631327931245,1.1175602293326925,0.9960720539093018,0.6666954606771469,0.355936698615551,0.3491543182783462
00001,/Users/nikko/Downloads/moi-main/project_root/data/temp_frames/video3/frame_00001.png,"[49, 60, 528, 282]",LEFT_EYE,0.7895373193675566,-0.3275534961174731,0.9998130202293396,0.6666954606771469,0.355936698615551,0.3491543182783462
00001,/Users/nikko/Downloads/moi-main/project_root/data/temp_frames/video3/frame_00001.png,"[49, 60, 528, 282]",RIGHT_EYE,0.7828377479696011,-0.34876362729659555,0.9998693466186523,0.6666954606771469,0.355936698615551,0.3491543182783462
00002,/Users/nikko/Downloads/moi-main/project_root/data/temp_frames/video3/frame_00002.png,"[51, 60, 528, 282]",LEFT_SHOULDER,0.4149777222304674,-0.3306176872115214,0.9999769926071167,0.6640110611915588,0.3551073335111141,0.3510216916181085
00002,/Users/nikko/Downloads/moi-main/project_root/data/temp_frames/video3/frame_00002.png,"[51, 60, 528, 282]",RIGHT_SHOULDER,0.4009411014934408,-0.24707305829520765,0.9999250173568726,0.6640110611915588,0.3551073335111141,0.3510216916181085
00002,/Users/nikko/Downloads/moi-main/project_root/data/temp_frames/video3/frame_00002.png,"[51, 60, 528, 282]",LEFT_HIP,-0.38879082571634394,0.34080527021586937,0.9995818734169006,0.6640110611915588,0.3551073335111141,0.3510216916181085
00002,/Users/nikko/Downloads/moi-main/project_root/data/temp_frames/video3/frame_00002.png,"[51, 60, 528, 282]",RIGHT_HIP,-0.4271279980075643,0.23688547529085965,0.9997667670249939,0.6640110611915588,0.3551073335111141,0.3510216916181085
00002,/Users/nikko/Downloads/moi-main/project_root/data/temp_frames/video3/frame_00002.png,"[51, 60, 528, 282]",RIGHT_ELBOW,0.28719360045214243,0.7696714597962413,0.9900147914886475,0.6640110611915588,0.3551073335111141,0.3510216916181085
00002,/Users/nikko/Downloads/moi-main/project_root/data/temp_frames/video3/frame_00002.png,"[51, 60, 528, 282]",RIGHT_WRIST,0.2291704513327207,1.7274808151955094,0.9785172343254089,0.6640110611915588,0.3551073335111141,0.3510216916181085
00002,/Users/nikko/Downloads/moi-main/project_root/data/temp_frames/video3/frame_00002.png,"[51, 60, 528, 282]",RIGHT_KNEE,-1.015678068409134,0.8148887225624307,0.9755080342292786,0.6640110611915588,0.3551073335111141,0.3510216916181085
00002,/Users/nikko/Downloads/moi-main/project_root/data/temp_frames/video3/frame_00002.png,"[51, 60, 528, 282]",RIGHT_ANKLE,-1.6173189975673026,1.0983677058263994,0.9953336119651794,0.6640110611915588,0.3551073335111141,0.3510216916181085
00002,/Users/nikko/Downloads/moi-main/project_root/data/temp_frames/video3/frame_00002.png,"[51, 60, 528, 282]",LEFT_EYE,0.7950691848189765,-0.3181356157685947,0.9997066855430603,0.6640110611915588,0.3551073335111141,0.3510216916181085
00002,/Users/nikko/Downloads/moi-main/project_root/data/temp_frames/video3/frame_00002.png,"[51, 60, 528, 282]",RIGHT_EYE,0.7877734158435206,-0.33609405618162963,0.9997738003730774,0.6640110611915588,0.3551073335111141,0.3510216916181085
00003,/Users/nikko/Downloads/moi-main/project_root/data/temp_frames/video3/frame_00003.png,"[51, 60, 529, 282]",LEFT_SHOULDER,0.4099229815200986,-0.3402749642629697,0.9999743700027466,0.6636909544467926,0.35109034925699234,0.34506370032968026
00003,/Users/nikko/Downloads/moi-main/project_root/data/temp_frames/video3/frame_00003.png,"[51, 60, 529, 282]",RIGHT_SHOULDER,0.4093356818648677,-0.23281916463806554,0.9999566078186035,0.6636909544467926,0.35109034925699234,0.34506370032968026
00003,/Users/nikko/Downloads/moi-main/project_root/data/temp_frames/video3/frame_00003.png,"[51, 60, 529, 282]",LEFT_HIP,-0.3953327307322353,0.3063420425138741,0.999504566192627,0.6636909544467926,0.35109034925699234,0.34506370032968026
00003,/Users/nikko/Downloads/moi-main/project_root/data/temp_frames/video3/frame_00003.png,"[51, 60, 529, 282]",RIGHT_HIP,-0.423925932652731,0.26675208638716114,0.9997740387916565,0.6636909544467926,0.35109034925699234,0.34506370032968026
00003,/Users/nikko/Downloads/moi-main/project_root/data/temp_frames/video3/frame_00003.png,"[51, 60, 529, 282]",RIGHT_ELBOW,0.29014701700999135,0.7810424486540165,0.9959232807159424,0.6636909544467926,0.35109034925699234,0.34506370032968026
00003,/Users/nikko/Downloads/moi-main/project_root/data/temp_frames/video3/frame_00003.png,"[51, 60, 529, 282]",RIGHT_WRIST,0.23387420960326952,1.7517510106316574,0.9940369129180908,0.6636909544467926,0.35109034925699234,0.34506370032968026
00003,/Users/nikko/Downloads/moi-main/project_root/data/temp_frames/video3/frame_00003.png,"[51, 60, 529, 282]",RIGHT_KNEE,-1.0265079885887274,0.8687003769010863,0.9672892689704895,0.6636909544467926,0.35109034925699234,0.34506370032968026
00003,/Users/nikko/Downloads/moi-main/project_root/data/temp_frames/video3/frame_00003.png,"[51, 60, 529, 282]",RIGHT_ANKLE,-1.640807946568627,1.1607874692280558,0.9936180114746094,0.6636909544467926,0.35109034925699234,0.34506370032968026
00003,/Users/nikko/Downloads/moi-main/project_root/data/temp_frames/video3/frame_00003.png,"[51, 60, 529, 282]",LEFT_EYE,0.8080767370521585,-0.3092172197966149,0.999723494052887,0.6636909544467926,0.35109034925699234,0.34506370032968026
00003,/Users/nikko/Downloads/moi-main/project_root/data/temp_frames/video3/frame_00003.png,"[51, 60, 529, 282]",RIGHT_EYE,0.8043313198685197,-0.3215723203745446,0.9998242259025574,0.6636909544467926,0.35109034925699234,0.34506370032968026
00004,/Users/nikko/Downloads/moi-main/project_root/data/temp_frames/video3/frame_00004.png,"[51, 61, 530, 282]",LEFT_SHOULDER,0.41562041403723343,-0.3293957629538356,0.9999703168869019,0.6641934514045715,0.35380255430936813,0.34534032296441286
00004,/Users/nikko/Downloads/moi-main/project_root/data/temp_frames/video3/frame_00004.png,"[51, 61, 530, 282]",RIGHT_SHOULDER,0.40118838496109965,-0.24718910133288544,0.9999253749847412,0.6641934514045715,0.35380255430936813,0.34534032296441286
00004,/Users/nikko/Downloads/moi-main/project_root/data/temp_frames/video3/frame_00004.png,"[51, 61, 530, 282]",LEFT_HIP,-0.38896525010643235,0.3342248064917989,0.9994468092918396,0.6641934514045715,0.35380255430936813,0.34534032296441286
00004,/Users/nikko/Downloads/moi-main/project_root/data/temp_frames/video3/frame_00004.png,"[51, 61, 530, 282]",RIGHT_HIP,-0.4278435488919008,0.24236005779492212,0.9997119307518005,0.6641934514045715,0.35380255430936813,0.34534032296441286
00004,/Users/nikko/Downloads/moi-main/project_root/data/temp_frames/video3/frame_00004.png,"[51, 61, 530, 282]",RIGHT_ELBOW,0.2789283853407614,0.7984338169312927,0.9919688105583191,0.6641934514045715,0.35380255430936813,0.34534032296441286
00004,/Users/nikko/Downloads/moi-main/project_root/data/temp_frames/video3/frame_00004.png,"[51, 61, 530, 282]",RIGHT_WRIST,0.2243220278878956,1.7522434203537274,0.9820054769515991,0.6641934514045715,0.35380255430936813,0.34534032296441286
00004,/Users/nikko/Downloads/moi-main/project_root/data/temp_frames/video3/frame_00004.png,"[51, 61, 530, 282]",RIGHT_KNEE,-1.0257327733564656,0.8413327588554594,0.977181077003479,0.6641934514045715,0.35380255430936813,0.34534032296441286
00004,/Users/nikko/Downloads/moi-main/project_root/data/temp_frames/video3/frame_00004.png,"[51, 61, 530, 282]",RIGHT_ANKLE,-1.6455527981908427,1.1509517945930408,0.9957234859466553,0.6641934514045715,0.35380255430936813,0.34534032296441286
00004,/Users/nikko/Downloads/moi-main/project_root/data/temp_frames/video3/frame_00004.png,"[51, 61, 530, 282]",LEFT_EYE,0.7996143576691465,-0.31761175758213167,0.9996119141578674,0.6641934514045715,0.35380255430936813,0.34534032296441286
00004,/Users/nikko/Downloads/moi-main/project_root/data/temp_frames/video3/frame_00004.png,"[51, 61, 530, 282]",RIGHT_EYE,0.7940674407688895,-0.3362813408621949,0.9997231364250183,0.6641934514045715,0.35380255430936813,0.34534032296441286
00005,/Users/nikko/Downloads/moi-main/project_root/data/temp_frames/video3/frame_00005.png,"[51, 61, 530, 282]",LEFT_SHOULDER,0.4077216958243505,-0.34172252782752316,0.9999675750732422,0.6624109596014023,0.35064783692359924,0.34700794091611464
00005,/Users/nikko/Downloads/moi-main/project_root/data/temp_frames/video3/frame_00005.png,"[51, 61, 530, 282]",RIGHT_SHOULDER,0.40971488449936366,-0.23403545969897194,0.9999414682388306,0.6624109596014023,0.35064783692359924,0.34700794091611464
00005,/Users/nikko/Downloads/moi-main/project_root/data/temp_frames/video3/frame_00005.png,"[51, 61, 530, 282]",LEFT_HIP,-0.39430674934691257,0.31109056392112916,0.9991637468338013,0.6624109596014023,0.35064783692359924,0.34700794091611464
00005,/Users/nikko/Downloads/moi-main/project_root/data/temp_frames/video3/frame_00005.png,"[51, 61, 530, 282]",RIGHT_HIP,-0.42312983097680157,0.2646674236053659,0.9996269941329956,0.6624109596014023,0.35064783692359924,0.34700794091611464
00005,/Users/nikko/Downloads/moi-main/project_root/data/temp_frames/video3/frame_00005.png,"[51, 61, 530, 282]",RIGHT_ELBOW,0.28670900025584906,0.8011374018886338,0.9959037899971008,0.6624109596014023,0.35064783692359924,0.34700794091611464
00005,/Users/nikko/Downloads/moi-main/project_root/data/temp_frames/video3/frame_00005.png,"[51, 61, 530, 282]",RIGHT_WRIST,0.22549832033079414,1.7615613080950618,0.9924789667129517,0.6624109596014023,0.35064783692359924,0.34700794091611464
00005,/Users/nikko/Downloads/moi-main/project_root/data/temp_frames/video3/frame_00005.png,"[51, 61, 530, 282]",RIGHT_KNEE,-1.0135537468077012,0.8563927349891988,0.9829776287078857,0.6624109596014023,0.35064783692359924,0.34700794091611464
00005,/Users/nikko/Downloads/moi-main/project_root/data/temp_frames/video3/frame_00005.png,"[51, 61, 530, 282]",LEFT_ANKLE,-1.5264897905030779,1.1412107052191611,0.5604004263877869,0.6624109596014023,0.35064783692359924,0.34700794091611464
00005,/Users/nikko/Downloads/moi-main/project_root/data/temp_frames/video3/frame_00005.png,"[51, 61, 530, 282]",RIGHT_ANKLE,-1.623758329681755,1.168301341056549,0.9970683455467224,0.6624109596014023,0.35064783692359924,0.34700794091611464
00005,/Users/nikko/Downloads/moi-main/project_root/data/temp_frames/video3/frame_00005.png,"[51, 61, 530, 282]",LEFT_EYE,0.804247722659917,-0.31234674171133425,0.9997151494026184,0.6624109596014023,0.35064783692359924,0.34700794091611464
00005,/Users/nikko/Downloads/moi-main/project_root/data/temp_frames/video3/frame_00005.png,"[51, 61, 530, 282]",RIGHT_EYE,0.800509892708438,-0.3262612306710289,0.9998148083686829,0.6624109596014023,0.35064783692359924,0.34700794091611464
00006,/Users/nikko/Downloads/moi-main/project_root/data/temp_frames/video3/frame_00006.png,"[51, 61, 530, 282]",LEFT_SHOULDER,0.4064847275624028,-0.34206029510301383,0.9999634027481079,0.6636617034673691,0.3504560515284538,0.34587085205062285
00006,/Users/nikko/Downloads/moi-main/project_root/data/temp_frames/video3/frame_00006.png,"[51, 61, 530, 282]",RIGHT_SHOULDER,0.4057252600676204,-0.241281870957609,0.9999290704727173,0.6636617034673691,0.3504560515284538,0.34587085205062285
00006,/Users/nikko/Downloads/moi-main/project_root/data/temp_frames/video3/frame_00006.png,"[51, 61, 530, 282]",LEFT_HIP,-0.38999883723176565,0.32384164874942156,0.9989872574806213,0.6636617034673691,0.3504560515284538,0.34587085205062285
00006,/Users/nikko/Downloads/moi-main/project_root/data/temp_frames/video3/frame_00006.png,"[51, 61, 530, 282]",RIGHT_HIP,-0.42221115039825746,0.2595005173112013,0.9995473027229309,0.6636617034673691,0.3504560515284538,0.34587085205062285
00006,/Users/nikko/Downloads/moi-main/project_root/data/temp_frames/video3/frame_00006.png,"[51, 61, 530, 282]",RIGHT_ELBOW,0.28367140614325975,0.7982177640983282,0.9954728484153748,0.6636617034673691,0.3504560515284538,0.34587085205062285
00006,/Users/nikko/Downloads/moi-main/project_root/data/temp_frames/video3/frame_00006.png,"[51, 61, 530, 282]",RIGHT_WRIST,0.22765176021770253,1.7681006656244243,0.9913707971572876,0.6636617034673691,0.3504560515284538,0.34587085205062285
00006,/Users/nikko/Downloads/moi-main/project_root/data/temp_frames/video3/frame_00006.png,"[51, 61, 530, 282]",RIGHT_KNEE,-1.0177393920412892,0.8602412875030606,0.9858848452568054,0.6636617034673691,0.3504560515284538,0.34587085205062285
00006,/Users/nikko/Downloads/moi-main/project_root/data/temp_frames/video3/frame_00006.png,"[51, 61, 530, 282]",LEFT_ANKLE,-1.5283397114753476,1.1365830223608746,0.6230008602142334,0.6636617034673691,0.3504560515284538,0.34587085205062285
00006,/Users/nikko/Downloads/moi-main/project_root/data/temp_frames/video3/frame_00006.png,"[51, 61, 530, 282]",RIGHT_ANKLE,-1.64163050046296,1.2000565479215177,0.997799813747406,0.6636617034673691,0.3504560515284538,0.34587085205062285
00006,/Users/nikko/Downloads/moi-main/project_root/data/temp_frames/video3/frame_00006.png,"[51, 61, 530, 282]",LEFT_EYE,0.8038552851081431,-0.3058816728541157,0.9996944665908813,0.6636617034673691,0.3504560515284538,0.34587085205062285
00006,/Users/nikko/Downloads/moi-main/project_root/data/temp_frames/video3/frame_00006.png,"[51, 61, 530, 282]",RIGHT_EYE,0.7992807299347827,-0.3232567967388888,0.999804675579071,0.6636617034673691,0.3504560515284538,0.34587085205062285
00007,/Users/nikko/Downloads/moi-main/project_root/data/temp_frames/video3/frame_00007.png,"[51, 61, 530, 282]",LEFT_SHOULDER,0.4062262052941907,-0.3390543081495327,0.9999768733978271,0.6623295992612839,0.3498697318136692,0.342883349505396
00007,/Users/nikko/Downloads/moi-main/project_root/data/temp_frames/video3/frame_00007.png,"[51, 61, 530, 282]",RIGHT_SHOULDER,0.4115265653917808,-0.23623986435005181,0.9999544620513916,0.6623295992612839,0.3498697318136692,0.342883349505396
00007,/Users/nikko/Downloads/moi-main/project_root/data/temp_frames/video3/frame_00007.png,"[51, 61, 530, 282]",LEFT_HIP,-0.3954614731035995,0.30971869415051667,0.9994650483131409,0.6623295992612839,0.3498697318136692,0.342883349505396
00007,/Users/nikko/Downloads/moi-main/project_root/data/temp_frames/video3/frame_00007.png,"[51, 61, 530, 282]",RIGHT_HIP,-0.42229129758237194,0.26557547834906786,0.9997575879096985,0.6623295992612839,0.3498697318136692,0.342883349505396
00007,/Users/nikko/Downloads/moi-main/project_root/data/temp_frames/video3/frame_00007.png,"[51, 61, 530, 282]",RIGHT_ELBOW,0.28849862097185947,0.8051688590754273,0.995603084564209,0.6623295992612839,0.3498697318136692,0.342883349505396
00007,/Users/nikko/Downloads/moi-main/project_root/data/temp_frames/video3/frame_00007.png,"[51, 61, 530, 282]",RIGHT_WRIST,0.22852012089275753,1.771080436034603,0.9931375980377197,0.6623295992612839,0.3498697318136692,0.342883349505396
00007,/Users/nikko/Downloads/moi-main/project_root/data/temp_frames/video3/frame_00007.png,"[51, 61, 530, 282]",RIGHT_KNEE,-1.0213164717364633,0.8824015601386392,0.9822589159011841,0.6623295992612839,0.3498697318136692,0.342883349505396
00007,/Users/nikko/Downloads/moi-main/project_root/data/temp_frames/video3/frame_00007.png,"[51, 61, 530, 282]",LEFT_ANKLE,-1.5596805882068094,1.1642822927498258,0.5583571195602417,0.6623295992612839,0.3498697318136692,0.342883349505396
00007,/Users/nikko/Downloads/moi-main/project_root/data/temp_frames/video3/frame_00007.png,"[51, 61, 530, 282]",RIGHT_ANKLE,-1.648117863910415,1.2010427089210658,0.9967407584190369,0.6623295992612839,0.3498697318136692,0.342883349505396
00007,/Users/nikko/Downloads/moi-main/project_root/data/temp_frames/video3/frame_00007.png,"[51, 61, 530, 282]",LEFT_EYE,0.8119929249425202,-0.3122291337193849,0.9996713399887085,0.6623295992612839,0.3498697318136692,0.342883349505396
00007,/Users/nikko/Downloads/moi-main/project_root/data/temp_frames/video3/frame_00007.png,"[51, 61, 530, 282]",RIGHT_EYE,0.8085496291236535,-0.3264318163458444,0.9997838139533997,0.6623295992612839,0.3498697318136692,0.342883349505396
00008,/Users/nikko/Downloads/moi-main/project_root/data/temp_frames/video3/frame_00008.png,"[51, 61, 530, 282]",LEFT_SHOULDER,0.40454455227610353,-0.3409275592087686,0.9999821186065674,0.6613742411136627,0.3498162180185318,0.3520084380308903
00008,/Users/nikko/Downloads/moi-main/project_root/data/temp_frames/video3/frame_00008.png,"[51, 61, 530, 282]",RIGHT_SHOULDER,0.4088561337779725,-0.24061450006731988,0.9999576807022095,0.6613742411136627,0.3498162180185318,0.3520084380308903
00008,/Users/nikko/Downloads/moi-main/project_root/data/temp_frames/video3/frame_00008.png,"[51, 61, 530, 282]",LEFT_HIP,-0.3930076047817651,0.31582182106603773,0.9994766116142273,0.6613742411136627,0.3498162180185318,0.3520084380308903
00008,/Users/nikko/Downloads/moi-main/project_root/data/temp_frames/video3/frame_00008.png,"[51, 61, 530, 282]",RIGHT_HIP,-0.42039308127231095,0.2657202382100507,0.9997414946556091,0.6613742411136627,0.3498162180185318,0.3520084380308903
00008,/Users/nikko/Downloads/moi-main/project_root/data/temp_frames/video3/frame_00008.png,"[51, 61, 530, 282]",RIGHT_ELBOW,0.2846203418019973,0.7897806681325593,0.995141863822937,0.6613742411136627,0.3498162180185318,0.3520084380308903
00008,/Users/nikko/Downloads/moi-main/project_root/data/temp_frames/video3/frame_00008.png,"[51, 61, 530, 282]",LEFT_WRIST,0.22670210195858628,1.5509264358258268,0.5395494699478149,0.6613742411136627,0.3498162180185318,0.3520084380308903
00008,/Users/nikko/Downloads/moi-main/project_root/data/temp_frames/video3/frame_00008.png,"[51, 61, 530, 282]",RIGHT_WRIST,0.2274654295087738,1.7236535078622515,0.9910337328910828,0.6613742411136627,0.3498162180185318,0.3520084380308903
00008,/Users/nikko/Downloads/moi-main/project_root/data/temp_frames/video3/frame_00008.png,"[51, 61, 530, 282]",RIGHT_KNEE,-1.00991164252415,0.8644167634235226,0.9842633605003357,0.6613742411136627,0.3498162180185318,0.3520084380308903
00008,/Users/nikko/Downloads/moi-main/project_root/data/temp_frames/video3/frame_00008.png,"[51, 61, 530, 282]",LEFT_ANKLE,-1.5108666402449777,1.1326656088072287,0.5592433214187622,0.6613742411136627,0.3498162180185318,0.3520084380308903
00008,/Users/nikko/Downloads/moi-main/project_root/data/temp_frames/video3/frame_00008.png,"[51, 61, 530, 282]",RIGHT_ANKLE,-1.6201006668109479,1.1819403663687245,0.9970366954803467,0.6613742411136627,0.3498162180185318,0.3520084380308903
00008,/Users/nikko/Downloads/moi-main/project_root/data/temp_frames/video3/frame_00008.png,"[51, 61, 530, 282]",LEFT_EYE,0.7897279650047874,-0.3034876382260537,0.9998594522476196,0.6613742411136627,0.3498162180185318,0.3520084380308903
00008,/Users/nikko/Downloads/moi-main/project_root/data/temp_frames/video3/frame_00008.png,"[51, 61, 530, 282]",RIGHT_EYE,0.7871889018692367,-0.31971410579635573,0.999900221824646,0.6613742411136627,0.3498162180185318,0.3520084380308903
00009,/Users/nikko/Downloads/moi-main/project_root/data/temp_frames/video3/frame_00009.png,"[51, 61, 530, 282]",LEFT_SHOULDER,0.40379179711616897,-0.33810299686416995,0.9999812841415405,0.6613595187664032,0.35141439363360405,0.35006328586975693
00009,/Users/nikko/Downloads/moi-main/project_root/data/temp_frames/video3/frame_00009.png,"[51, 61, 530, 282]",RIGHT_SHOULDER,0.4090849245789043,-0.2443182945140714,0.9999589920043945,0.6613595187664032,0.35141439363360405,0.35006328586975693
00009,/Users/nikko/Downloads/moi-main/project_root/data/temp_frames/video3/frame_00009.png,"[51, 61, 530, 282]",LEFT_HIP,-0.390247132255194,0.32334583088365715,0.9994638562202454,0.6613595187664032,0.35141439363360405,0.35006328586975693
00009,/Users/nikko/Downloads/moi-main/project_root/data/temp_frames/video3/frame_00009.png,"[51, 61, 530, 282]",RIGHT_HIP,-0.42262958943987927,0.2590754604945842,0.9997507929801941,0.6613595187664032,0.35141439363360405,0.35006328586975693
00009,/Users/nikko/Downloads/moi-main/project_root/data/temp_frames/video3/frame_00009.png,"[51, 61, 530, 282]",RIGHT_ELBOW,0.2865199164681807,0.7888022990249859,0.9961397051811218,0.6613595187664032,0.35141439363360405,0.35006328586975693
00009,/Users/nikko/Downloads/moi-main/project_root/data/temp_frames/video3/frame_00009.png,"[51, 61, 530, 282]",LEFT_WRIST,0.22837145399427858,1.556908190005162,0.5476197600364685,0.6613595187664032,0.35141439363360405,0.35006328586975693
00009,/Users/nikko/Downloads/moi-main/project_root/data/temp_frames/video3/frame_00009.png,"[51, 61, 530, 282]",RIGHT_WRIST,0.2282975575964651,1.7291584798217734,0.9933752417564392,0.6613595187664032,0.35141439363360405,0.35006328586975693
00009,/Users/nikko/Downloads/moi-main/project_root/data/temp_frames/video3/frame_00009.png,"[51, 61, 530, 282]",RIGHT_KNEE,-1.016866195445358,0.834182860155943,0.9868046045303345,0.6613595187664032,0.35141439363360405,0.35006328586975693
00009,/Users/nikko/Downloads/moi-main/project_root/data/temp_frames/video3/frame_00009.png,"[51, 61, 530, 282]",LEFT_ANKLE,-1.510779076668186,1.1244159003460525,0.606960654258728,0.6613595187664032,0.35141439363360405,0.35006328586975693
00009,/Users/nikko/Downloads/moi-main/project_root/data/temp_frames/video3/frame_00009.png,"[51, 61, 530, 282]",RIGHT_ANKLE,-1.6293763036837554,1.1571358290986324,0.9977774024009705,0.6613595187664032,0.35141439363360405,0.35006328586975693
00009,/Users/nikko/Downloads/moi-main/project_root/data/temp_frames/video3/frame_00009.png,"[51, 61, 530, 282]",LEFT_EYE,0.7974081113338835,-0.30761404973935574,0.9998538494110107,0.6613595187664032,0.35141439363360405,0.35006328586975693
00009,/Users/nikko/Downloads/moi-main/project_root/data/temp_frames/video3/frame_00009.png,"[51, 61, 530, 282]",RIGHT_EYE,0.7953989466007063,-0.3226609057747761,0.999900221824646,0.6613595187664032,0.35141439363360405,0.35006328586975693
00010,/Users/nikko/Downloads/moi-main/project_root/data/temp_frames/video3/frame_00010.png,"[54, 61, 530, 282]",LEFT_SHOULDER,0.40514725614744124,-0.33807308653916773,0.9999480247497559,0.662419393658638,0.3518279790878296,0.3556166433911687
00010,/Users/nikko/Downloads/moi-main/project_root/data/temp_frames/video3/frame_00010.png,"[54, 61, 530, 282]",RIGHT_SHOULDER,0.4022891829340569,-0.2517785337996875,0.9998966455459595,0.662419393658638,0.3518279790878296,0.3556166433911687
00010,/Users/nikko/Downloads/moi-main/project_root/data/temp_frames/video3/frame_00010.png,"[54, 61, 530, 282]",LEFT_HIP,-0.3858593683841275,0.33762967622448276,0.9990493655204773,0.662419393658638,0.3518279790878296,0.3556166433911687
00010,/Users/nikko/Downloads/moi-main/project_root/data/temp_frames/video3/frame_00010.png,"[54, 61, 530, 282]",RIGHT_HIP,-0.42157707069737066,0.2522219441143725,0.9995372295379639,0.662419393658638,0.3518279790878296,0.3556166433911687
00010,/Users/nikko/Downloads/moi-main/project_root/data/temp_frames/video3/frame_00010.png,"[54, 61, 530, 282]",RIGHT_ELBOW,0.2756525044123046,0.7548323545762156,0.9930241107940674,0.662419393658638,0.3518279790878296,0.3556166433911687
00010,/Users/nikko/Downloads/moi-main/project_root/data/temp_frames/video3/frame_00010.png,"[54, 61, 530, 282]",RIGHT_WRIST,0.22022261147745054,1.7074091161845446,0.9829636812210083,0.662419393658638,0.3518279790878296,0.3556166433911687
00010,/Users/nikko/Downloads/moi-main/project_root/data/temp_frames/video3/frame_00010.png,"[54, 61, 530, 282]",RIGHT_KNEE,-1.0035869238909407,0.8412138127204073,0.9713894128799438,0.662419393658638,0.3518279790878296,0.3556166433911687
00010,/Users/nikko/Downloads/moi-main/project_root/data/temp_frames/video3/frame_00010.png,"[54, 61, 530, 282]",LEFT_ANKLE,-1.505201777211733,1.112905416847678,0.5095065236091614,0.662419393658638,0.3518279790878296,0.3556166433911687
00010,/Users/nikko/Downloads/moi-main/project_root/data/temp_frames/video3/frame_00010.png,"[54, 61, 530, 282]",RIGHT_ANKLE,-1.6139219888914837,1.1256259545239973,0.9951938986778259,0.662419393658638,0.3518279790878296,0.3556166433911687
00010,/Users/nikko/Downloads/moi-main/project_root/data/temp_frames/video3/frame_00010.png,"[54, 61, 530, 282]",LEFT_EYE,0.7851474654981075,-0.30986985237593423,0.999538779258728,0.662419393658638,0.3518279790878296,0.3556166433911687
00010,/Users/nikko/Downloads/moi-main/project_root/data/temp_frames/video3/frame_00010.png,"[54, 61, 530, 282]",RIGHT_EYE,0.7825580699390191,-0.3276876811645652,0.9996993541717529,0.662419393658638,0.3518279790878296,0.3556166433911687
00011,/Users/nikko/Downloads/moi-main/project_root/data/temp_frames/video3/frame_00011.png,"[54, 61, 530, 282]",LEFT_SHOULDER,0.40918500953548764,-0.33769135405688594,0.9999713897705078,0.6622708439826965,0.35191233828663826,0.3518023562106256
00011,/Users/nikko/Downloads/moi-main/project_root/data/temp_frames/video3/frame_00011.png,"[54, 61, 530, 282]",RIGHT_SHOULDER,0.4025733094810336,-0.24618803616573315,0.9999321699142456,0.6622708439826965,0.35191233828663826,0.3518023562106256
00011,/Users/nikko/Downloads/moi-main/project_root/data/temp_frames/video3/frame_00011.png,"[54, 61, 530, 282]",LEFT_HIP,-0.38660774133754844,0.33567070998562365,0.9995582699775696,0.6622708439826965,0.35191233828663826,0.3518023562106256
00011,/Users/nikko/Downloads/moi-main/project_root/data/temp_frames/video3/frame_00011.png,"[54, 61, 530, 282]",RIGHT_HIP,-0.4251505776789728,0.2482086802369954,0.9997742772102356,0.6622708439826965,0.35191233828663826,0.3518023562106256
00011,/Users/nikko/Downloads/moi-main/project_root/data/temp_frames/video3/frame_00011.png,"[54, 61, 530, 282]",RIGHT_ELBOW,0.28036444430631624,0.7724228525241384,0.9943346977233887,0.6622708439826965,0.35191233828663826,0.3518023562106256
00011,/Users/nikko/Downloads/moi-main/project_root/data/temp_frames/video3/frame_00011.png,"[54, 61, 530, 282]",RIGHT_WRIST,0.22196160210483026,1.720975456523387,0.9869073629379272,0.6622708439826965,0.35191233828663826,0.3518023562106256
00011,/Users/nikko/Downloads/moi-main/project_root/data/temp_frames/video3/frame_00011.png,"[54, 61, 530, 282]",RIGHT_KNEE,-1.0069361315788043,0.83879483996346,0.9767240285873413,0.6622708439826965,0.35191233828663826,0.3518023562106256
00011,/Users/nikko/Downloads/moi-main/project_root/data/temp_frames/video3/frame_00011.png,"[54, 61, 530, 282]",LEFT_ANKLE,-1.480183294611235,1.103156611721004,0.5851689577102661,0.6622708439826965,0.35191233828663826,0.3518023562106256
00011,/Users/nikko/Downloads/moi-main/project_root/data/temp_frames/video3/frame_00011.png,"[54, 61, 530, 282]",RIGHT_ANKLE,-1.6145505660428772,1.1119351073883221,0.9964386224746704,0.6622708439826965,0.35191233828663826,0.3518023562106256
00011,/Users/nikko/Downloads/moi-main/project_root/data/temp_frames/video3/frame_00011.png,"[54, 61, 530, 282]",LEFT_EYE,0.7947295995343292,-0.31590035192669247,0.9997149109840393,0.6622708439826965,0.35191233828663826,0.3518023562106256
00011,/Users/nikko/Downloads/moi-main/project_root/data/temp_frames/video3/frame_00011.png,"[54, 61, 530, 282]",RIGHT_EYE,0.7916983898768303,-0.33102984260903273,0.9997989535331726,0.6622708439826965,0.35191233828663826,0.3518023562106256
00012,/Users/nikko/Downloads/moi-main/project_root/data/temp_frames/video3/frame_00012.png,"[56, 61, 530, 282]",LEFT_SHOULDER,0.41712828892332754,-0.3286885777949006,0.9999703168869019,0.6595890671014786,0.3530057743191719,0.35098221092130244
00012,/Users/nikko/Downloads/moi-main/project_root/data/temp_frames/video3/frame_00012.png,"[56, 61, 530, 282]",RIGHT_SHOULDER,0.40691432009964923,-0.23783384340775854,0.9999256134033203,0.6595890671014786,0.3530057743191719,0.35098221092130244
00012,/Users/nikko/Downloads/moi-main/project_root/data/temp_frames/video3/frame_00012.png,"[56, 61, 530, 282]",LEFT_HIP,-0.3956748786557734,0.3169419192692371,0.9995566010475159,0.6595890671014786,0.3530057743191719,0.35098221092130244
00012,/Users/nikko/Downloads/moi-main/project_root/data/temp_frames/video3/frame_00012.png,"[56, 61, 530, 282]",RIGHT_HIP,-0.4283677303672034,0.2495805019334221,0.9997674822807312,0.6595890671014786,0.3530057743191719,0.35098221092130244
00012,/Users/nikko/Downloads/moi-main/project_root/data/temp_frames/video3/frame_00012.png,"[56, 61, 530, 282]",RIGHT_ELBOW,0.28270960618724017,0.8076432622588791,0.9927345514297485,0.6595890671014786,0.3530057743191719,0.35098221092130244
00012,/Users/nikko/Downloads/moi-main/project_root/data/temp_frames/video3/frame_00012.png,"[56, 61, 530, 282]",RIGHT_WRIST,0.2292685317640016,1.7501279164590702,0.9824286103248596,0.6595890671014786,0.3530057743191719,0.35098221092130244
00012,/Users/nikko/Downloads/moi-main/project_root/data/temp_frames/video3/frame_00012.png,"[56, 61, 530, 282]",RIGHT_KNEE,-1.0177136465822374,0.8257960890852062,0.9811336398124695,0.6595890671014786,0.3530057743191719,0.35098221092130244
00012,/Users/nikko/Downloads/moi-main/project_root/data/temp_frames/video3/frame_00012.png,"[56, 61, 530, 282]",LEFT_ANKLE,-1.4941319484480604,1.119786700751065,0.5833955407142639,0.6595890671014786,0.3530057743191719,0.35098221092130244
00012,/Users/nikko/Downloads/moi-main/project_root/data/temp_frames/video3/frame_00012.png,"[56, 61, 530, 282]",RIGHT_ANKLE,-1.6392129736246974,1.1244687045829513,0.9969124794006348,0.6595890671014786,0.3530057743191719,0.35098221092130244
00012,/Users/nikko/Downloads/moi-main/project_root/data/temp_frames/video3/frame_00012.png,"[56, 61, 530, 282]",LEFT_EYE,0.7976420596865926,-0.2998833855945863,0.9997685551643372,0.6595890671014786,0.3530057743191719,0.35098221092130244
00012,/Users/nikko/Downloads/moi-main/project_root/data/temp_frames/video3/frame_00012.png,"[56, 61, 530, 282]",RIGHT_EYE,0.7908265769232593,-0.3211108046906032,0.9998313188552856,0.6595890671014786,0.3530057743191719,0.35098221092130244
00013,/Users/nikko/Downloads/moi-main/project_root/data/temp_frames/video3/frame_00013.png,"[53, 61, 530, 282]",LEFT_SHOULDER,0.40600571423305026,-0.34413548827669727,0.9999799728393555,0.660614550113678,0.35570573061704636,0.3570659948199748
00013,/Users/nikko/Downloads/moi-main/project_root/data/temp_frames/video3/frame_00013.png,"[53, 61, 530, 282]",RIGHT_SHOULDER,0.4018503523562021,-0.24517375820535217,0.9999568462371826,0.660614550113678,0.35570573061704636,0.3570659948199748
00013,/Users/nikko/Downloads/moi-main/project_root/data/temp_frames/video3/frame_00013.png,"[53, 61, 530, 282]",LEFT_HIP,-0.38847216704722987,0.3200602049501411,0.999645471572876,0.660614550113678,0.35570573061704636,0.3570659948199748
00013,/Users/nikko/Downloads/moi-main/project_root/data/temp_frames/video3/frame_00013.png,"[53, 61, 530, 282]",RIGHT_HIP,-0.4193838995420225,0.2692490415319083,0.9998284578323364,0.660614550113678,0.35570573061704636,0.3570659948199748
00013,/Users/nikko/Downloads/moi-main/project_root/data/temp_frames/video3/frame_00013.png,"[53, 61, 530, 282]",RIGHT_ELBOW,0.27904824969630737,0.7805767284969204,0.9962326884269714,0.660614550113678,0.35570573061704636,0.3570659948199748
00013,/Users/nikko/Downloads/moi-main/project_root/data/temp_frames/video3/frame_00013.png,"[53, 61, 530, 282]",RIGHT_WRIST,0.22671469442828324,1.6840578662222596,0.9923319816589355,0.660614550113678,0.35570573061704636,0.3570659948199748
00013,/Users/nikko/Downloads/moi-main/project_root/data/temp_frames/video3/frame_00013.png,"[53, 61, 530, 282]",RIGHT_KNEE,-1.0075878678403625,0.8235562541931345,0.9838532209396362,0.660614550113678,0.35570573061704636,0.3570659948199748
00013,/Users/nikko/Downloads/moi-main/project_root/data/temp_frames/video3/frame_00013.png,"[53, 61, 530, 282]",LEFT_ANKLE,-1.472960562648133,1.099878053661082,0.6173141598701477,0.660614550113678,0.35570573061704636,0.3570659948199748
00013,/Users/nikko/Downloads/moi-main/project_root/data/temp_frames/video3/frame_00013.png,"[53, 61, 530, 282]",RIGHT_ANKLE,-1.5908478185278256,1.1099981200967837,0.9973424077033997,0.660614550113678,0.35570573061704636,0.3570659948199748
00013,/Users/nikko/Downloads/moi-main/project_root/data/temp_frames/video3/frame_00013.png,"[53, 61, 530, 282]",LEFT_EYE,0.7829285693382283,-0.30773241993884565,0.9998809099197388,0.660614550113678,0.35570573061704636,0.3570659948199748
00013,/Users/nikko/Downloads/moi-main/project_root/data/temp_frames/video3/frame_00013.png,"[53, 61, 530, 282]",RIGHT_EYE,0.777591517559552,-0.32518317037494054,0.9999176263809204,0.660614550113678,0.35570573061704636,0.3570659948199748
00014,/Users/nikko/Downloads/moi-main/project_root/data/temp_frames/video3/frame_00014.png,"[50, 61, 531, 282]",LEFT_SHOULDER,0.41010705506088013,-0.3311085593640791,0.9999696016311646,0.6644863188266754,0.3569844923913479,0.35322484124725506
00014,/Users/nikko/Downloads/moi-main/project_root/data/temp_frames/video3/frame_00014.png,"[50, 61, 531, 282]",RIGHT_SHOULDER,0.3945944003595476,-0.2620759381755661,0.9999258518218994,0.6644863188266754,0.3569844923913479,0.35322484124725506
00014,/Users/nikko/Downloads/moi-main/project_root/data/temp_frames/video3/frame_00014.png,"[50, 61, 531, 282]",LEFT_HIP,-0.3845816255089769,0.3424073970746995,0.9993894100189209,0.6644863188266754,0.3569844923913479,0.35322484124725506
00014,/Users/nikko/Downloads/moi-main/project_root/data/temp_frames/video3/frame_00014.png,"[50, 61, 531, 282]",RIGHT_HIP,-0.42011982991145086,0.2507771004649457,0.9997010827064514,0.6644863188266754,0.3569844923913479,0.35322484124725506
00014,/Users/nikko/Downloads/moi-main/project_root/data/temp_frames/video3/frame_00014.png,"[50, 61, 531, 282]",RIGHT_ELBOW,0.27184109145283886,0.7741432405217789,0.993604838848114,0.6644863188266754,0.3569844923913479,0.35322484124725506
00014,/Users/nikko/Downloads/moi-main/project_root/data/temp_frames/video3/frame_00014.png,"[50, 61, 531, 282]",RIGHT_WRIST,0.21522876086370096,1.7102699382521154,0.988347589969635,0.6644863188266754,0.3569844923913479,0.35322484124725506
00014,/Users/nikko/Downloads/moi-main/project_root/data/temp_frames/video3/frame_00014.png,"[50, 61, 531, 282]",RIGHT_KNEE,-0.9903631099229252,0.8448671426839434,0.9795896410942078,0.6644863188266754,0.3569844923913479,0.35322484124725506
00014,/Users/nikko/Downloads/moi-main/project_root/data/temp_frames/video3/frame_00014.png,"[50, 61, 531, 282]",LEFT_ANKLE,-1.5027516801411003,1.1204485337972019,0.5576648712158203,0.6644863188266754,0.3569844923913479,0.35322484124725506
00014,/Users/nikko/Downloads/moi-main/project_root/data/temp_frames/video3/frame_00014.png,"[50, 61, 531, 282]",RIGHT_ANKLE,-1.5948191297051197,1.1044370712279574,0.9964379072189331,0.6644863188266754,0.3569844923913479,0.35322484124725506
00014,/Users/nikko/Downloads/moi-main/project_root/data/temp_frames/video3/frame_00014.png,"[50, 61, 531, 282]",LEFT_EYE,0.7761076656296287,-0.3120703320022991,0.999355137348175,0.6644863188266754,0.3569844923913479,0.35322484124725506
00014,/Users/nikko/Downloads/moi-main/project_root/data/temp_frames/video3/frame_00014.png,"[50, 61, 531, 282]",RIGHT_EYE,0.7692691380061523,-0.3236164010652451,0.9995617270469666,0.6644863188266754,0.3569844923913479,0.35322484124725506
00015,/Users/nikko/Downloads/moi-main/project_root/data/temp_frames/video3/frame_00015.png,"[55, 61, 531, 282]",LEFT_SHOULDER,0.4081207490587368,-0.34432451812921655,0.9999696016311646,0.6609288901090622,0.3581020124256611,0.35605432697667444
00015,/Users/nikko/Downloads/moi-main/project_root/data/temp_frames/video3/frame_00015.png,"[55, 61, 531, 282]",RIGHT_SHOULDER,0.3957119845550399,-0.25047085919361123,0.9999198913574219,0.6609288901090622,0.3581020124256611,0.35605432697667444
00015,/Users/nikko/Downloads/moi-main/project_root/data/temp_frames/video3/frame_00015.png,"[55, 61, 531, 282]",LEFT_HIP,-0.383956343757396,0.3369523518627681,0.9993969202041626,0.6609288901090622,0.3581020124256611,0.35605432697667444
00015,/Users/nikko/Downloads/moi-main/project_root/data/temp_frames/video3/frame_00015.png,"[55, 61, 531, 282]",RIGHT_HIP,-0.4198763898563807,0.25784302546005966,0.9996929168701172,0.6609288901090622,0.3581020124256611,0.35605432697667444
00015,/Users/nikko/Downloads/moi-main/project_root/data/temp_frames/video3/frame_00015.png,"[55, 61, 531, 282]",RIGHT_ELBOW,0.27808978710878685,0.7580693252138642,0.9930825233459473,0.6609288901090622,0.3581020124256611,0.35605432697667444
00015,/Users/nikko/Downloads/moi-main/project_root/data/temp_frames/video3/frame_00015.png,"[55, 61, 531, 282]",RIGHT_WRIST,0.22206176710234102,1.686347695674271,0.9811621904373169,0.6609288901090622,0.3581020124256611,0.35605432697667444
00015,/Users/nikko/Downloads/moi-main/project_root/data/temp_frames/video3/frame_00015.png,"[55, 61, 531, 282]",RIGHT_KNEE,-1.001719381607988,0.8215191674701771,0.9782862663269043,0.6609288901090622,0.3581020124256611,0.35605432697667444
00015,/Users/nikko/Downloads/moi-main/project_root/data/temp_frames/video3/frame_00015.png,"[55, 61, 531, 282]",LEFT_ANKLE,-1.4962811745301723,1.0870029472182487,0.5440090298652649,0.6609288901090622,0.3581020124256611,0.35605432697667444
00015,/Users/nikko/Downloads/moi-main/project_root/data/temp_frames/video3/frame_00015.png,"[55, 61, 531, 282]",RIGHT_ANKLE,-1.611324797231911,1.099190906860153,0.9962862730026245,0.6609288901090622,0.3581020124256611,0.35605432697667444
00015,/Users/nikko/Downloads/moi-main/project_root/data/temp_frames/video3/frame_00015.png,"[55, 61, 531, 282]",LEFT_EYE,0.7800117141901858,-0.3191240542307307,0.9997319579124451,0.6609288901090622,0.3581020124256611,0.35605432697667444
00015,/Users/nikko/Downloads/moi-main/project_root/data/temp_frames/video3/frame_00015.png,"[55, 61, 531, 282]",RIGHT_EYE,0.775414821464769,-0.33387290665086666,0.9998124241828918,0.6609288901090622,0.3581020124256611,0.35605432697667444
00016,/Users/nikko/Downloads/moi-main/project_root/data/temp_frames/video3/frame_00016.png,"[54, 61, 531, 282]",LEFT_SHOULDER,0.39906583570849957,-0.3451772330543427,0.9999456405639648,0.6610833704471588,0.35358088463544846,0.3583711587031507
00016,/Users/nikko/Downloads/moi-main/project_root/data/temp_frames/video3/frame_00016.png,"[54, 61, 531, 282]",RIGHT_SHOULDER,0.4030192855660106,-0.2520285822435074,0.9998917579650879,0.6610833704471588,0.35358088463544846,0.3583711587031507
00016,/Users/nikko/Downloads/moi-main/project_root/data/temp_frames/video3/frame_00016.png,"[54, 61, 531, 282]",LEFT_HIP,-0.38404705059561584,0.33130036625694936,0.9992245435714722,0.6610833704471588,0.35358088463544846,0.3583711587031507
00016,/Users/nikko/Downloads/moi-main/project_root/data/temp_frames/video3/frame_00016.png,"[54, 61, 531, 282]",RIGHT_HIP,-0.4180380706788943,0.26590544904090074,0.9996287822723389,0.6610833704471588,0.35358088463544846,0.3583711587031507
00016,/Users/nikko/Downloads/moi-main/project_root/data/temp_frames/video3/frame_00016.png,"[54, 61, 531, 282]",RIGHT_ELBOW,0.27911015036004844,0.7513620643828919,0.9932877421379089,0.6610833704471588,0.35358088463544846,0.3583711587031507
00016,/Users/nikko/Downloads/moi-main/project_root/data/temp_frames/video3/frame_00016.png,"[54, 61, 531, 282]",RIGHT_WRIST,0.2149272141752023,1.6962916325746775,0.984184741973877,0.6610833704471588,0.35358088463544846,0.3583711587031507
00016,/Users/nikko/Downloads/moi-main/project_root/data/temp_frames/video3/frame_00016.png,"[54, 61, 531, 282]",RIGHT_KNEE,-0.9992073411650565,0.8183870935910931,0.969468355178833,0.6610833704471588,0.35358088463544846,0.3583711587031507
00016,/Users/nikko/Downloads/moi-main/project_root/data/temp_frames/video3/frame_00016.png,"[54, 61, 531, 282]",RIGHT_ANKLE,-1.5850533499003097,1.1246889789313497,0.9942408800125122,0.6610833704471588,0.35358088463544846,0.3583711587031507
00016,/Users/nikko/Downloads/moi-main/project_root/data/temp_frames/video3/frame_00016.png,"[54, 61, 531, 282]",LEFT_EYE,0.7764054103857884,-0.31335179538039204,0.9994418025016785,0.6610833704471588,0.35358088463544846,0.3583711587031507
00016,/Users/nikko/Downloads/moi-main/project_root/data/temp_frames/video3/frame_00016.png,"[54, 61, 531, 282]",RIGHT_EYE,0.774318248321762,-0.3277346937802876,0.9996329545974731,0.6610833704471588,0.35358088463544846,0.3583711587031507
00017,/Users/nikko/Downloads/moi-main/project_root/data/temp_frames/video3/frame_00017.png,"[55, 61, 531, 282]",LEFT_SHOULDER,0.4067775096175717,-0.34261342615121726,0.9999606609344482,0.6608438491821289,0.3548995852470398,0.3593617361977216
00017,/Users/nikko/Downloads/moi-main/project_root/data/temp_frames/video3/frame_00017.png,"[55, 61, 531, 282]",RIGHT_SHOULDER,0.4007494020270493,-0.24721079482004366,0.9999227523803711,0.6608438491821289,0.3548995852470398,0.3593617361977216
00017,/Users/nikko/Downloads/moi-main/project_root/data/temp_frames/video3/frame_00017.png,"[55, 61, 531, 282]",LEFT_HIP,-0.38789306602780393,0.32539042746939206,0.9995081424713135,0.6608438491821289,0.3548995852470398,0.3593617361977216
00017,/Users/nikko/Downloads/moi-main/project_root/data/temp_frames/video3/frame_00017.png,"[55, 61, 531, 282]",RIGHT_HIP,-0.41963384561681705,0.2644337935018689,0.999760091304779,0.6608438491821289,0.3548995852470398,0.3593617361977216
00017,/Users/nikko/Downloads/moi-main/project_root/data/temp_frames/video3/frame_00017.png,"[55, 61, 531, 282]",RIGHT_ELBOW,0.2742115551838215,0.7559839711177673,0.994448184967041,0.6608438491821289,0.3548995852470398,0.3593617361977216
00017,/Users/nikko/Downloads/moi-main/project_root/data/temp_frames/video3/frame_00017.png,"[55, 61, 531, 282]",RIGHT_WRIST,0.21798797421550448,1.6722478658884237,0.9876015782356262,0.6608438491821289,0.3548995852470398,0.3593617361977216
00017,/Users/nikko/Downloads/moi-main/project_root/data/temp_frames/video3/frame_00017.png,"[55, 61, 531, 282]",RIGHT_KNEE,-1.0076289346678633,0.819215907196417,0.9738557934761047,0.6608438491821289,0.3548995852470398,0.3593617361977216
00017,/Users/nikko/Downloads/moi-main/project_root/data/temp_frames/video3/frame_00017.png,"[55, 61, 531, 282]",LEFT_ANKLE,-1.4748481580456398,1.0834490070436378,0.5101311802864075,0.6608438491821289,0.3548995852470398,0.3593617361977216
00017,/Users/nikko/Downloads/moi-main/project_root/data/temp_frames/video3/frame_00017.png,"[55, 61, 531, 282]",RIGHT_ANKLE,-1.6004133663123687,1.1001283083701434,0.9951451420783997,0.6608438491821289,0.3548995852470398,0.3593617361977216
00017,/Users/nikko/Downloads/moi-main/project_root/data/temp_frames/video3/frame_00017.png,"[55, 61, 531, 282]",LEFT_EYE,0.7783047544901798,-0.3088184391962395,0.9996262788772583,0.6608438491821289,0.3548995852470398,0.3593617361977216
00017,/Users/nikko/Downloads/moi-main/project_root/data/temp_frames/video3/frame_00017.png,"[55, 61, 531, 282]",RIGHT_EYE,0.773337503606376,-0.3226359485249774,0.9997462630271912,0.6608438491821289,0.3548995852470398,0.3593617361977216
00018,/Users/nikko/Downloads/moi-main/project_root/data/temp_frames/video3/frame_00018.png,"[56, 61, 531, 282]",LEFT_SHOULDER,0.41010840155009165,-0.33688961943952056,0.9999743700027466,0.6596488207578659,0.36027271300554276,0.3606500195854194
00018,/Users/nikko/Downloads/moi-main/project_root/data/temp_frames/video3/frame_00018.png,"[56, 61, 531, 282]",RIGHT_SHOULDER,0.3964787462526033,-0.25396793631182807,0.9999343156814575,0.6596488207578659,0.36027271300554276,0.3606500195854194
00018,/Users/nikko/Downloads/moi-main/project_root/data/temp_frames/video3/frame_00018.png,"[56, 61, 531, 282]",LEFT_HIP,-0.3857298304652687,0.3406598010115067,0.9996331930160522,0.6596488207578659,0.36027271300554276,0.3606500195854194
00018,/Users/nikko/Downloads/moi-main/project_root/data/temp_frames/video3/frame_00018.png,"[56, 61, 531, 282]",RIGHT_HIP,-0.42085731733742626,0.2501977547398419,0.9997965693473816,0.6596488207578659,0.36027271300554276,0.3606500195854194
00018,/Users/nikko/Downloads/moi-main/project_root/data/temp_frames/video3/frame_00018.png,"[56, 61, 531, 282]",RIGHT_ELBOW,0.27241746521000537,0.752344589563275,0.9924754500389099,0.6596488207578659,0.36027271300554276,0.3606500195854194
00018,/Users/nikko/Downloads/moi-main/project_root/data/temp_frames/video3/frame_00018.png,"[56, 61, 531, 282]",RIGHT_WRIST,0.21737791283987898,1.6659840038767564,0.9829703569412231,0.6596488207578659,0.36027271300554276,0.3606500195854194
00018,/Users/nikko/Downloads/moi-main/project_root/data/temp_frames/video3/frame_00018.png,"[56, 61, 531, 282]",RIGHT_KNEE,-1.0023653400854884,0.8225734506405636,0.9604216814041138,0.6596488207578659,0.36027271300554276,0.3606500195854194
00018,/Users/nikko/Downloads/moi-main/project_root/data/temp_frames/video3/frame_00018.png,"[56, 61, 531, 282]",RIGHT_ANKLE,-1.5960445926236033,1.086903384906864,0.9926485419273376,0.6596488207578659,0.36027271300554276,0.3606500195854194
00018,/Users/nikko/Downloads/moi-main/project_root/data/temp_frames/video3/frame_00018.png,"[56, 61, 531, 282]",LEFT_EYE,0.7757478814569183,-0.3145007757375965,0.9997478127479553,0.6596488207578659,0.36027271300554276,0.3606500195854194
00018,/Users/nikko/Downloads/moi-main/project_root/data/temp_frames/video3/frame_00018.png,"[56, 61, 531, 282]",RIGHT_EYE,0.7700896962144053,-0.32842068655068724,0.9998169541358948,0.6596488207578659,0.36027271300554276,0.3606500195854194
00019,/Users/nikko/Downloads/moi-main/project_root/data/temp_frames/video3/frame_00019.png,"[56, 62, 530, 282]",LEFT_SHOULDER,0.40698157798944795,-0.3418116393347483,0.9999527931213379,0.6611854135990143,0.35205864533782005,0.3603050778346344
00019,/Users/nikko/Downloads/moi-main/project_root/data/temp_frames/video3/frame_00019.png,"[56, 62, 530, 282]",RIGHT_SHOULDER,0.40120019089901565,-0.24701913288221602,0.9999047517776489,0.6611854135990143,0.35205864533782005,0.3603050778346344
00019,/Users/nikko/Downloads/moi-main/project_root/data/temp_frames/video3/frame_00019.png,"[56, 62, 530, 282]",LEFT_HIP,-0.3895556951540366,0.31553664693899613,0.9993613362312317,0.6611854135990143,0.35205864533782005,0.3603050778346344
00019,/Users/nikko/Downloads/moi-main/project_root/data/temp_frames/video3/frame_00019.png,"[56, 62, 530, 282]",RIGHT_HIP,-0.418626073734427,0.27329412527796815,0.9996789693832397,0.6611854135990143,0.35205864533782005,0.3603050778346344
00019,/Users/nikko/Downloads/moi-main/project_root/data/temp_frames/video3/frame_00019.png,"[56, 62, 530, 282]",RIGHT_ELBOW,0.2741145564310615,0.7552716984550799,0.9929404258728027,0.6611854135990143,0.35205864533782005,0.3603050778346344
00019,/Users/nikko/Downloads/moi-main/project_root/data/temp_frames/video3/frame_00019.png,"[56, 62, 530, 282]",RIGHT_WRIST,0.2171953215970448,1.6804742805922865,0.9849163293838501,0.6611854135990143,0.35205864533782005,0.3603050778346344
00019,/Users/nikko/Downloads/moi-main/project_root/data/temp_frames/video3/frame_00019.png,"[56, 62, 530, 282]",RIGHT_KNEE,-1.0104317218062,0.8410325245756198,0.9581064581871033,0.6611854135990143,0.35205864533782005,0.3603050778346344
00019,/Users/nikko/Downloads/moi-main/project_root/data/temp_frames/video3/frame_00019.png,"[56, 62, 530, 282]",RIGHT_ANKLE,-1.5920227947196635,1.1015191830492512,0.9914953708648682,0.6611854135990143,0.35205864533782005,0.3603050778346344
00019,/Users/nikko/Downloads/moi-main/project_root/data/temp_frames/video3/frame_00019.png,"[56, 62, 530, 282]",LEFT_EYE,0.7751717988331648,-0.29268333146987013,0.9994038343429565,0.6611854135990143,0.35205864533782005,0.3603050778346344
00019,/Users/nikko/Downloads/moi-main/project_root/data/temp_frames/video3/frame_00019.png,"[56, 62, 530, 282]",RIGHT_EYE,0.7699273918988371,-0.3077507448534811,0.9995997548103333,0.6611854135990143,0.35205864533782005,0.3603050778346344
00020,/Users/nikko/Downloads/moi-main/project_root/data/temp_frames/video3/frame_00020.png,"[52, 62, 530, 282]",LEFT_SHOULDER,0.40943506920039724,-0.3343593913985524,0.9999761581420898,0.6636959165334702,0.3555564396083355,0.35656658265138985
00020,/Users/nikko/Downloads/moi-main/project_root/data/temp_frames/video3/frame_00020.png,"[52, 62, 530, 282]",RIGHT_SHOULDER,0.3944171691863163,-0.26012731078103324,0.9999401569366455,0.6636959165334702,0.3555564396083355,0.35656658265138985
00020,/Users/nikko/Downloads/moi-main/project_root/data/temp_frames/video3/frame_00020.png,"[52, 62, 530, 282]",LEFT_HIP,-0.3833308530923286,0.3401463771882894,0.9994691014289856,0.6636959165334702,0.3555564396083355,0.35656658265138985
00020,/Users/nikko/Downloads/moi-main/project_root/data/temp_frames/video3/frame_00020.png,"[52, 62, 530, 282]",RIGHT_HIP,-0.42052138529438493,0.2543403249912963,0.9997157454490662,0.6636959165334702,0.3555564396083355,0.35656658265138985
00020,/Users/nikko/Downloads/moi-main/project_root/data/temp_frames/video3/frame_00020.png,"[52, 62, 530, 282]",RIGHT_ELBOW,0.265696013383302,0.7588930375274818,0.9928743839263916,0.6636959165334702,0.3555564396083355,0.35656658265138985
00020,/Users/nikko/Downloads/moi-main/project_root/data/temp_frames/video3/frame_00020.png,"[52, 62, 530, 282]",RIGHT_WRIST,0.2149567744354613,1.6760852035009848,0.9842206239700317,0.6636959165334702,0.3555564396083355,0.35656658265138985
00020,/Users/nikko/Downloads/moi-main/project_root/data/temp_frames/video3/frame_00020.png,"[52, 62, 530, 282]",RIGHT_KNEE,-0.9981126783186869,0.8362358912509341,0.9755305647850037,0.6636959165334702,0.3555564396083355,0.35656658265138985
00020,/Users/nikko/Downloads/moi-main/project_root/data/temp_frames/video3/frame_00020.png,"[52, 62, 530, 282]",LEFT_ANKLE,-1.4943395583579187,1.1231630345141717,0.5028483867645264,0.6636959165334702,0.3555564396083355,0.35656658265138985
00020,/Users/nikko/Downloads/moi-main/project_root/data/temp_frames/video3/frame_00020.png,"[52, 62, 530, 282]",RIGHT_ANKLE,-1.5919577472395177,1.127700332600572,0.9951372742652893,0.6636959165334702,0.3555564396083355,0.35656658265138985
00020,/Users/nikko/Downloads/moi-main/project_root/data/temp_frames/video3/frame_00020.png,"[52, 62, 530, 282]",LEFT_EYE,0.7754059470045768,-0.29468971048062537,0.9997982382774353,0.6636959165334702,0.3555564396083355,0.35656658265138985
00020,/Users/nikko/Downloads/moi-main/project_root/data/temp_frames/video3/frame_00020.png,"[52, 62, 530, 282]",RIGHT_EYE,0.7706230868620692,-0.31443668602757974,0.9998563528060913,0.6636959165334702,0.3555564396083355,0.35656658265138985
00021,/Users/nikko/Downloads/moi-main/project_root/data/temp_frames/video3/frame_00021.png,"[51, 63, 531, 282]",LEFT_SHOULDER,0.4040803484726398,-0.34790421077448735,0.9999743700027466,0.6633428782224655,0.35473988205194473,0.35624353975239076
00021,/Users/nikko/Downloads/moi-main/project_root/data/temp_frames/video3/frame_00021.png,"[51, 63, 531, 282]",RIGHT_SHOULDER,0.39289605559416374,-0.25609892833016207,0.9999357461929321,0.6633428782224655,0.35473988205194473,0.35624353975239076
00021,/Users/nikko/Downloads/moi-main/project_root/data/temp_frames/video3/frame_00021.png,"[51, 63, 531, 282]",LEFT_HIP,-0.38117510204178484,0.33426997617105686,0.999561607837677,0.6633428782224655,0.35473988205194473,0.35624353975239076
00021,/Users/nikko/Downloads/moi-main/project_root/data/temp_frames/video3/frame_00021.png,"[51, 63, 531, 282]",RIGHT_HIP,-0.41580130202501875,0.26973316293359256,0.9997629523277283,0.6633428782224655,0.35473988205194473,0.35624353975239076
00021,/Users/nikko/Downloads/moi-main/project_root/data/temp_frames/video3/frame_00021.png,"[51, 63, 531, 282]",RIGHT_ELBOW,0.26019237768322684,0.7541230035411732,0.9924600720405579,0.6633428782224655,0.35473988205194473,0.35624353975239076
00021,/Users/nikko/Downloads/moi-main/project_root/data/temp_frames/video3/frame_00021.png,"[51, 63, 531, 282]",RIGHT_WRIST,0.2157182242766883,1.6959105351450934,0.9851322770118713,0.6633428782224655,0.35473988205194473,0.35624353975239076
00021,/Users/nikko/Downloads/moi-main/project_root/data/temp_frames/video3/frame_00021.png,"[51, 63, 531, 282]",RIGHT_KNEE,-0.996791402449659,0.8388252076006081,0.9616987705230713,0.6633428782224655,0.35473988205194473,0.35624353975239076
00021,/Users/nikko/Downloads/moi-main/project_root/data/temp_frames/video3/frame_00021.png,"[51, 63, 531, 282]",RIGHT_ANKLE,-1.5912863616815973,1.112944118000222,0.9924178123474121,0.6633428782224655,0.35473988205194473,0.35624353975239076
00021,/Users/nikko/Downloads/moi-main/project_root/data/temp_frames/video3/frame_00021.png,"[51, 63, 531, 282]",LEFT_EYE,0.7814005704640571,-0.30284646502794155,0.9997566342353821,0.6633428782224655,0.35473988205194473,0.35624353975239076
00021,/Users/nikko/Downloads/moi-main/project_root/data/temp_frames/video3/frame_00021.png,"[51, 63, 531, 282]",RIGHT_EYE,0.7783646521700687,-0.3183780858222457,0.9998266100883484,0.6633428782224655,0.35473988205194473,0.35624353975239076
00022,/Users/nikko/Downloads/moi-main/project_root/data/temp_frames/video3/frame_00022.png,"[51, 64, 532, 282]",LEFT_SHOULDER,0.40356762256879164,-0.3314115680752511,0.9999628067016602,0.6627470999956131,0.35255664214491844,0.36234936276408397
00022,/Users/nikko/Downloads/moi-main/project_root/data/temp_frames/video3/frame_00022.png,"[51, 64, 532, 282]",RIGHT_SHOULDER,0.3943496538701741,-0.27111622750219283,0.9999171495437622,0.6627470999956131,0.35255664214491844,0.36234936276408397
00022,/Users/nikko/Downloads/moi-main/project_root/data/temp_frames/video3/frame_00022.png,"[51, 64, 532, 282]",LEFT_HIP,-0.38344701001493264,0.3374920215481438,0.9992747902870178,0.6627470999956131,0.35255664214491844,0.36234936276408397
00022,/Users/nikko/Downloads/moi-main/project_root/data/temp_frames/video3/frame_00022.png,"[51, 64, 532, 282]",RIGHT_HIP,-0.4144702664240331,0.2650357740293001,0.9996227025985718,0.6627470999956131,0.35255664214491844,0.36234936276408397
00022,/Users/nikko/Downloads/moi-main/project_root/data/temp_frames/video3/frame_00022.png,"[51, 64, 532, 282]",RIGHT_ELBOW,0.2401354621980472,0.7409585208388477,0.9937352538108826,0.6627470999956131,0.35255664214491844,0.36234936276408397
00022,/Users/nikko/Downloads/moi-main/project_root/data/temp_frames/video3/frame_00022.png,"[51, 64, 532, 282]",RIGHT_WRIST,0.20751693364434495,1.6988684502338796,0.9856430888175964,0.6627470999956131,0.35255664214491844,0.36234936276408397
00022,/Users/nikko/Downloads/moi-main/project_root/data/temp_frames/video3/frame_00022.png,"[51, 64, 532, 282]",RIGHT_KNEE,-0.9836277709080915,0.8254370471739797,0.974644124507904,0.6627470999956131,0.35255664214491844,0.36234936276408397
00022,/Users/nikko/Downloads/moi-main/project_root/data/temp_frames/video3/frame_00022.png,"[51, 64, 532, 282]",LEFT_ANKLE,-1.4716104658802993,1.1011638320085584,0.5594968795776367,0.6627470999956131,0.35255664214491844,0.36234936276408397
00022,/Users/nikko/Downloads/moi-main/project_root/data/temp_frames/video3/frame_00022.png,"[51, 64, 532, 282]",RIGHT_ANKLE,-1.5729920833062658,1.1140478999324532,0.9954919219017029,0.6627470999956131,0.35255664214491844,0.36234936276408397
00022,/Users/nikko/Downloads/moi-main/project_root/data/temp_frames/video3/frame_00022.png,"[51, 64, 532, 282]",LEFT_EYE,0.764788361140918,-0.2785381579546942,0.9996381998062134,0.6627470999956131,0.35255664214491844,0.36234936276408397
00022,/Users/nikko/Downloads/moi-main/project_root/data/temp_frames/video3/frame_00022.png,"[51, 64, 532, 282]",RIGHT_EYE,0.7600877530975957,-0.2949154408984656,0.9997460246086121,0.6627470999956131,0.35255664214491844,0.36234936276408397
00023,/Users/nikko/Downloads/moi-main/project_root/data/temp_frames/video3/frame_00023.png,"[52, 66, 534, 283]",LEFT_SHOULDER,0.3944688972303853,-0.3581981976371268,0.9999697208404541,0.6599734276533127,0.3498448133468628,0.3617551723086409
00023,/Users/nikko/Downloads/moi-main/project_root/data/temp_frames/video3/frame_00023.png,"[52, 66, 534, 283]",RIGHT_SHOULDER,0.3943001777180685,-0.2562351801343235,0.9999345541000366,0.6599734276533127,0.3498448133468628,0.3617551723086409
00023,/Users/nikko/Downloads/moi-main/project_root/data/temp_frames/video3/frame_00023.png,"[52, 66, 534, 283]",LEFT_HIP,-0.3797813199582155,0.3242721473018237,0.9994669556617737,0.6599734276533127,0.3498448133468628,0.3617551723086409
00023,/Users/nikko/Downloads/moi-main/project_root/data/temp_frames/video3/frame_00023.png,"[52, 66, 534, 283]",RIGHT_HIP,-0.40898775499023826,0.29016123046962655,0.9997362494468689,0.6599734276533127,0.3498448133468628,0.3617551723086409
00023,/Users/nikko/Downloads/moi-main/project_root/data/temp_frames/video3/frame_00023.png,"[52, 66, 534, 283]",RIGHT_ELBOW,0.2299584754034564,0.7184090015661968,0.9937492609024048,0.6599734276533127,0.3498448133468628,0.3617551723086409
00023,/Users/nikko/Downloads/moi-main/project_root/data/temp_frames/video3/frame_00023.png,"[52, 66, 534, 283]",RIGHT_WRIST,0.2047251871683162,1.665827225322632,0.9894881248474121,0.6599734276533127,0.3498448133468628,0.3617551723086409
00023,/Users/nikko/Downloads/moi-main/project_root/data/temp_frames/video3/frame_00023.png,"[52, 66, 534, 283]",RIGHT_KNEE,-0.9798923224096935,0.841294474334901,0.9732866883277893,0.6599734276533127,0.3498448133468628,0.3617551723086409
00023,/Users/nikko/Downloads/moi-main/project_root/data/temp_frames/video3/frame_00023.png,"[52, 66, 534, 283]",LEFT_ANKLE,-1.448654237122924,1.0809513147326097,0.5294762849807739,0.6599734276533127,0.3498448133468628,0.3617551723086409
00023,/Users/nikko/Downloads/moi-main/project_root/data/temp_frames/video3/frame_00023.png,"[52, 66, 534, 283]",RIGHT_ANKLE,-1.5611152042912049,1.0917948387019403,0.9948577880859375,0.6599734276533127,0.3498448133468628,0.3617551723086409
00023,/Users/nikko/Downloads/moi-main/project_root/data/temp_frames/video3/frame_00023.png,"[52, 66, 534, 283]",LEFT_EYE,0.7695724110418151,-0.2803336072161823,0.999757707118988,0.6599734276533127,0.3498448133468628,0.3617551723086409
00023,/Users/nikko/Downloads/moi-main/project_root/data/temp_frames/video3/frame_00023.png,"[52, 66, 534, 283]",RIGHT_EYE,0.7671427841583933,-0.29160070119165377,0.9998358488082886,0.6599734276533127,0.3498448133468628,0.3617551723086409
00024,/Users/nikko/Downloads/moi-main/project_root/data/temp_frames/video3/frame_00024.png,"[52, 67, 535, 283]",LEFT_SHOULDER,0.38760285567393254,-0.36439126961352625,0.9999678134918213,0.6612211465835571,0.3495125249028206,0.36010551305806016
00024,/Users/nikko/Downloads/moi-main/project_root/data/temp_frames/video3/frame_00024.png,"[52, 67, 535, 283]",RIGHT_SHOULDER,0.39760721219966366,-0.2539701831141068,0.9999535083770752,0.6612211465835571,0.3495125249028206,0.36010551305806016
00024,/Users/nikko/Downloads/moi-main/project_root/data/temp_frames/video3/frame_00024.png,"[52, 67, 535, 283]",LEFT_HIP,-0.3777876884455263,0.31497309684490515,0.9995108842849731,0.6612211465835571,0.3495125249028206,0.36010551305806016
00024,/Users/nikko/Downloads/moi-main/project_root/data/temp_frames/video3/frame_00024.png,"[52, 67, 535, 283]",RIGHT_HIP,-0.4074223794280699,0.30338835588272783,0.9997753500938416,0.6612211465835571,0.3495125249028206,0.36010551305806016
00024,/Users/nikko/Downloads/moi-main/project_root/data/temp_frames/video3/frame_00024.png,"[52, 67, 535, 283]",RIGHT_ELBOW,0.21238410380084974,0.6904420991385718,0.9954754710197449,0.6612211465835571,0.3495125249028206,0.36010551305806016
00024,/Users/nikko/Downloads/moi-main/project_root/data/temp_frames/video3/frame_00024.png,"[52, 67, 535, 283]",RIGHT_WRIST,0.19269500976350326,1.6645302868401404,0.9930395483970642,0.6612211465835571,0.3495125249028206,0.36010551305806016
00024,/Users/nikko/Downloads/moi-main/project_root/data/temp_frames/video3/frame_00024.png,"[52, 67, 535, 283]",RIGHT_KNEE,-0.9865876746407064,0.8559393680722123,0.9587002396583557,0.6612211465835571,0.3495125249028206,0.36010551305806016
00024,/Users/nikko/Downloads/moi-main/project_root/data/temp_frames/video3/frame_00024.png,"[52, 67, 535, 283]",RIGHT_ANKLE,-1.567388120701646,1.1053246280152242,0.9926983714103699,0.6612211465835571,0.3495125249028206,0.36010551305806016
00024,/Users/nikko/Downloads/moi-main/project_root/data/temp_frames/video3/frame_00024.png,"[52, 67, 535, 283]",LEFT_EYE,0.7722695530405631,-0.2549252331977154,0.9997994303703308,0.6612211465835571,0.3495125249028206,0.36010551305806016
00024,/Users/nikko/Downloads/moi-main/project_root/data/temp_frames/video3/frame_00024.png,"[52, 67, 535, 283]",RIGHT_EYE,0.770347535437294,-0.26866744388516056,0.9998787641525269,0.6612211465835571,0.3495125249028206,0.36010551305806016
00025,/Users/nikko/Downloads/moi-main/project_root/data/temp_frames/video3/frame_00025.png,"[55, 70, 538, 282]",LEFT_SHOULDER,0.39185170046314427,-0.3575082630812331,0.9999650716781616,0.6552469879388809,0.35547418892383575,0.3615005257480368
00025,/Users/nikko/Downloads/moi-main/project_root/data/temp_frames/video3/frame_00025.png,"[55, 70, 538, 282]",RIGHT_SHOULDER,0.3991162017767311,-0.2528746460313185,0.9999390840530396,0.6552469879388809,0.35547418892383575,0.3615005257480368
00025,/Users/nikko/Downloads/moi-main/project_root/data/temp_frames/video3/frame_00025.png,"[55, 70, 538, 282]",LEFT_HIP,-0.38414358624903305,0.2979811991613928,0.9997393488883972,0.6552469879388809,0.35547418892383575,0.3615005257480368
00025,/Users/nikko/Downloads/moi-main/project_root/data/temp_frames/video3/frame_00025.png,"[55, 70, 538, 282]",RIGHT_HIP,-0.40682431599084234,0.31240170995115885,0.9998670816421509,0.6552469879388809,0.35547418892383575,0.3615005257480368
00025,/Users/nikko/Downloads/moi-main/project_root/data/temp_frames/video3/frame_00025.png,"[55, 70, 538, 282]",RIGHT_ELBOW,0.19373109581027756,0.6740325391929707,0.9928550124168396,0.6552469879388809,0.35547418892383575,0.3615005257480368
00025,/Users/nikko/Downloads/moi-main/project_root/data/temp_frames/video3/frame_00025.png,"[55, 70, 538, 282]",RIGHT_WRIST,0.1948930137102945,1.7124107180014236,0.9893808364868164,0.6552469879388809,0.35547418892383575,0.3615005257480368
00025,/Users/nikko/Downloads/moi-main/project_root/data/temp_frames/video3/frame_00025.png,"[55, 70, 538, 282]",RIGHT_KNEE,-1.0039548152590898,0.8448460121802911,0.9567088484764099,0.6552469879388809,0.35547418892383575,0.3615005257480368
00025,/Users/nikko/Downloads/moi-main/project_root/data/temp_frames/video3/frame_00025.png,"[55, 70, 538, 282]",LEFT_ANKLE,-1.469343659875204,1.0468881515761694,0.5047066807746887,0.6552469879388809,0.35547418892383575,0.3615005257480368
00025,/Users/nikko/Downloads/moi-main/project_root/data/temp_frames/video3/frame_00025.png,"[55, 70, 538, 282]",RIGHT_ANKLE,-1.5669568204152444,1.0949013955902225,0.9924783706665039,0.6552469879388809,0.35547418892383575,0.3615005257480368
00025,/Users/nikko/Downloads/moi-main/project_root/data/temp_frames/video3/frame_00025.png,"[55, 70, 538, 282]",LEFT_EYE,0.7758626809975344,-0.248294163525086,0.999541163444519,0.6552469879388809,0.35547418892383575,0.3615005257480368
00025,/Users/nikko/Downloads/moi-main/project_root/data/temp_frames/video3/frame_00025.png,"[55, 70, 538, 282]",RIGHT_EYE,0.7720770083731001,-0.2669187330143954,0.9996929168701172,0.6552469879388809,0.35547418892383575,0.3615005257480368
00026,/Users/nikko/Downloads/moi-main/project_root/data/temp_frames/video3/frame_00026.png,"[60, 73, 541, 281]",LEFT_SHOULDER,0.39310820507337774,-0.3636550702036668,0.9999784231185913,0.6511967480182648,0.36429426446557045,0.3578603491405996
00026,/Users/nikko/Downloads/moi-main/project_root/data/temp_frames/video3/frame_00026.png,"[60, 73, 541, 281]",RIGHT_SHOULDER,0.40049140553117824,-0.2414719552056722,0.9999579191207886,0.6511967480182648,0.36429426446557045,0.3578603491405996
00026,/Users/nikko/Downloads/moi-main/project_root/data/temp_frames/video3/frame_00026.png,"[60, 73, 541, 281]",LEFT_HIP,-0.3897120794341756,0.28143362345459344,0.9998136162757874,0.6511967480182648,0.36429426446557045,0.3578603491405996
00026,/Users/nikko/Downloads/moi-main/project_root/data/temp_frames/video3/frame_00026.png,"[60, 73, 541, 281]",RIGHT_HIP,-0.40388753117038034,0.3236934019547455,0.9999035596847534,0.6511967480182648,0.36429426446557045,0.3578603491405996
00026,/Users/nikko/Downloads/moi-main/project_root/data/temp_frames/video3/frame_00026.png,"[60, 73, 541, 281]",RIGHT_ELBOW,0.1669397287323727,0.6930097398968732,0.9932732582092285,0.6511967480182648,0.36429426446557045,0.3578603491405996
00026,/Users/nikko/Downloads/moi-main/project_root/data/temp_frames/video3/frame_00026.png,"[60, 73, 541, 281]",RIGHT_WRIST,0.18681447557020658,1.6717769799579716,0.9926901459693909,0.6511967480182648,0.36429426446557045,0.3578603491405996
00026,/Users/nikko/Downloads/moi-main/project_root/data/temp_frames/video3/frame_00026.png,"[60, 73, 541, 281]",RIGHT_KNEE,-1.0153788568863618,0.8775311227874468,0.9576780200004578,0.6511967480182648,0.36429426446557045,0.3578603491405996
00026,/Users/nikko/Downloads/moi-main/project_root/data/temp_frames/video3/frame_00026.png,"[60, 73, 541, 281]",LEFT_ANKLE,-1.4975851009936196,1.024333192258176,0.54047030210495,0.6511967480182648,0.36429426446557045,0.3578603491405996
00026,/Users/nikko/Downloads/moi-main/project_root/data/temp_frames/video3/frame_00026.png,"[60, 73, 541, 281]",RIGHT_ANKLE,-1.599327399634382,1.0750105821176619,0.9937762022018433,0.6511967480182648,0.36429426446557045,0.3578603491405996
00026,/Users/nikko/Downloads/moi-main/project_root/data/temp_frames/video3/frame_00026.png,"[60, 73, 541, 281]",LEFT_EYE,0.7847492805394523,-0.22272472541122126,0.9997050166130066,0.6511967480182648,0.36429426446557045,0.3578603491405996
00026,/Users/nikko/Downloads/moi-main/project_root/data/temp_frames/video3/frame_00026.png,"[60, 73, 541, 281]",RIGHT_EYE,0.7840685563860722,-0.23466562974303484,0.9997995495796204,0.6511967480182648,0.36429426446557045,0.3578603491405996
00027,/Users/nikko/Downloads/moi-main/project_root/data/temp_frames/video3/frame_00027.png,"[62, 82, 546, 281]",LEFT_SHOULDER,0.3870205403014307,-0.3827714205606612,0.9999701976776123,0.6466697305440903,0.35011502355337143,0.36413182381657216
00027,/Users/nikko/Downloads/moi-main/project_root/data/temp_frames/video3/frame_00027.png,"[62, 82, 546, 281]",RIGHT_SHOULDER,0.40291808817272573,-0.22456847559131204,0.9999514818191528,0.6466697305440903,0.35011502355337143,0.36413182381657216
00027,/Users/nikko/Downloads/moi-main/project_root/data/temp_frames/video3/frame_00027.png,"[62, 82, 546, 281]",LEFT_HIP,-0.3862028281886727,0.2758234581666473,0.9996234178543091,0.6466697305440903,0.35011502355337143,0.36413182381657216
00027,/Users/nikko/Downloads/moi-main/project_root/data/temp_frames/video3/frame_00027.png,"[62, 82, 546, 281]",RIGHT_HIP,-0.4037358002854837,0.331516437985326,0.99981290102005,0.6466697305440903,0.35011502355337143,0.36413182381657216
00027,/Users/nikko/Downloads/moi-main/project_root/data/temp_frames/video3/frame_00027.png,"[62, 82, 546, 281]",RIGHT_ELBOW,0.1417656710918903,0.6800067452879336,0.9928973913192749,0.6466697305440903,0.35011502355337143,0.36413182381657216
00027,/Users/nikko/Downloads/moi-main/project_root/data/temp_frames/video3/frame_00027.png,"[62, 82, 546, 281]",RIGHT_WRIST,0.16747003517526488,1.652593090239962,0.9928275942802429,0.6466697305440903,0.35011502355337143,0.36413182381657216
00027,/Users/nikko/Downloads/moi-main/project_root/data/temp_frames/video3/frame_00027.png,"[62, 82, 546, 281]",RIGHT_KNEE,-1.0096526187314636,0.8864460293536073,0.9557278752326965,0.6466697305440903,0.35011502355337143,0.36413182381657216
00027,/Users/nikko/Downloads/moi-main/project_root/data/temp_frames/video3/frame_00027.png,"[62, 82, 546, 281]",LEFT_ANKLE,-1.5114499517031377,1.0423623104536397,0.53341144323349,0.6466697305440903,0.35011502355337143,0.36413182381657216
00027,/Users/nikko/Downloads/moi-main/project_root/data/temp_frames/video3/frame_00027.png,"[62, 82, 546, 281]",RIGHT_ANKLE,-1.5803751602250582,1.1253053766018692,0.9924539923667908,0.6466697305440903,0.35011502355337143,0.36413182381657216
00027,/Users/nikko/Downloads/moi-main/project_root/data/temp_frames/video3/frame_00027.png,"[62, 82, 546, 281]",LEFT_EYE,0.7739285848267643,-0.1931503573275892,0.9996387958526611,0.6466697305440903,0.35011502355337143,0.36413182381657216
00027,/Users/nikko/Downloads/moi-main/project_root/data/temp_frames/video3/frame_00027.png,"[62, 82, 546, 281]",RIGHT_EYE,0.774081634736769,-0.20415906548000007,0.999754011631012,0.6466697305440903,0.35011502355337143,0.36413182381657216
00028,/Users/nikko/Downloads/moi-main/project_root/data/temp_frames/video3/frame_00028.png,"[58, 88, 549, 280]",LEFT_SHOULDER,0.38345263300811483,-0.38403630108543757,0.9999402761459351,0.6527312994003296,0.35397762432694435,0.3629691981014097
00028,/Users/nikko/Downloads/moi-main/project_root/data/temp_frames/video3/frame_00028.png,"[58, 88, 549, 280]",RIGHT_SHOULDER,0.39762020082074256,-0.23733275799949557,0.9999369382858276,0.6527312994003296,0.35397762432694435,0.3629691981014097
00028,/Users/nikko/Downloads/moi-main/project_root/data/temp_frames/video3/frame_00028.png,"[58, 88, 549, 280]",LEFT_HIP,-0.37704894162102437,0.30003442684193954,0.9996874332427979,0.6527312994003296,0.35397762432694435,0.3629691981014097
00028,/Users/nikko/Downloads/moi-main/project_root/data/temp_frames/video3/frame_00028.png,"[58, 88, 549, 280]",RIGHT_HIP,-0.404023892207833,0.32133463224299363,0.9998524188995361,0.6527312994003296,0.35397762432694435,0.3629691981014097
00028,/Users/nikko/Downloads/moi-main/project_root/data/temp_frames/video3/frame_00028.png,"[58, 88, 549, 280]",RIGHT_ELBOW,0.11807943177296391,0.6842752052191267,0.9917367100715637,0.6527312994003296,0.35397762432694435,0.3629691981014097
00028,/Users/nikko/Downloads/moi-main/project_root/data/temp_frames/video3/frame_00028.png,"[58, 88, 549, 280]",RIGHT_WRIST,0.14517885661537352,1.6527258030948269,0.9884159564971924,0.6527312994003296,0.35397762432694435,0.3629691981014097
00028,/Users/nikko/Downloads/moi-main/project_root/data/temp_frames/video3/frame_00028.png,"[58, 88, 549, 280]",RIGHT_KNEE,-1.0010614570236596,0.857597395440571,0.9346808195114136,0.6527312994003296,0.35397762432694435,0.3629691981014097
00028,/Users/nikko/Downloads/moi-main/project_root/data/temp_frames/video3/frame_00028.png,"[58, 88, 549, 280]",RIGHT_ANKLE,-1.584643732501356,1.0604204768816128,0.98714280128479,0.6527312994003296,0.35397762432694435,0.3629691981014097
00028,/Users/nikko/Downloads/moi-main/project_root/data/temp_frames/video3/frame_00028.png,"[58, 88, 549, 280]",LEFT_EYE,0.7600838140668057,-0.17889858145012247,0.99930739402771,0.6527312994003296,0.35397762432694435,0.3629691981014097
00028,/Users/nikko/Downloads/moi-main/project_root/data/temp_frames/video3/frame_00028.png,"[58, 88, 549, 280]",RIGHT_EYE,0.7594120143574871,-0.19530964171660262,0.9995668530464172,0.6527312994003296,0.35397762432694435,0.3629691981014097
00029,/Users/nikko/Downloads/moi-main/project_root/data/temp_frames/video3/frame_00029.png,"[70, 94, 545, 279]",LEFT_SHOULDER,0.3880280950015856,-0.3994968784886008,0.9999580383300781,0.653453603386879,0.3552313819527626,0.37643195374937427
00029,/Users/nikko/Downloads/moi-main/project_root/data/temp_frames/video3/frame_00029.png,"[70, 94, 545, 279]",RIGHT_SHOULDER,0.39570827109022444,-0.2140982289147599,0.9999517202377319,0.653453603386879,0.3552313819527626,0.37643195374937427
00029,/Users/nikko/Downloads/moi-main/project_root/data/temp_frames/video3/frame_00029.png,"[70, 94, 545, 279]",LEFT_HIP,-0.38028513667191205,0.27167433376143074,0.9996695518493652,0.653453603386879,0.3552313819527626,0.37643195374937427
00029,/Users/nikko/Downloads/moi-main/project_root/data/temp_frames/video3/frame_00029.png,"[70, 94, 545, 279]",RIGHT_HIP,-0.4034512294198979,0.34192077364193,0.9998494386672974,0.653453603386879,0.3552313819527626,0.37643195374937427
00029,/Users/nikko/Downloads/moi-main/project_root/data/temp_frames/video3/frame_00029.png,"[70, 94, 545, 279]",RIGHT_ELBOW,0.09111733898571664,0.6601224680818176,0.9930790066719055,0.653453603386879,0.3552313819527626,0.37643195374937427
00029,/Users/nikko/Downloads/moi-main/project_root/data/temp_frames/video3/frame_00029.png,"[70, 94, 545, 279]",RIGHT_WRIST,0.13525523369667355,1.613586466357303,0.9951350092887878,0.653453603386879,0.3552313819527626,0.37643195374937427
00029,/Users/nikko/Downloads/moi-main/project_root/data/temp_frames/video3/frame_00029.png,"[70, 94, 545, 279]",RIGHT_KNEE,-0.9975192785242486,0.8219907612368019,0.9311234951019287,0.653453603386879,0.3552313819527626,0.37643195374937427
00029,/Users/nikko/Downloads/moi-main/project_root/data/temp_frames/video3/frame_00029.png,"[70, 94, 545, 279]",RIGHT_ANKLE,-1.5582517785616947,1.010566128870562,0.9878613948822021,0.653453603386879,0.3552313819527626,0.37643195374937427
00029,/Users/nikko/Downloads/moi-main/project_root/data/temp_frames/video3/frame_00029.png,"[70, 94, 545, 279]",LEFT_EYE,0.7581758790099883,-0.1309628245444206,0.9994496703147888,0.653453603386879,0.3552313819527626,0.37643195374937427
00029,/Users/nikko/Downloads/moi-main/project_root/data/temp_frames/video3/frame_00029.png,"[70, 94, 545, 279]",RIGHT_EYE,0.7584149740515074,-0.14227399927186493,0.9996620416641235,0.653453603386879,0.3552313819527626,0.37643195374937427
00030,/Users/nikko/Downloads/moi-main/project_root/data/temp_frames/video3/frame_00030.png,"[62, 100, 555, 281]",LEFT_SHOULDER,0.38431902895409864,-0.40207504672625916,0.9999675750732422,0.6509678512811661,0.35103513672947884,0.3645571395635792
00030,/Users/nikko/Downloads/moi-main/project_root/data/temp_frames/video3/frame_00030.png,"[62, 100, 555, 281]",RIGHT_SHOULDER,0.39749425052755416,-0.20854330749010042,0.999964714050293,0.6509678512811661,0.35103513672947884,0.3645571395635792
00030,/Users/nikko/Downloads/moi-main/project_root/data/temp_frames/video3/frame_00030.png,"[62, 100, 555, 281]",LEFT_HIP,-0.38701667694872816,0.24483707153978962,0.9996610879898071,0.6509678512811661,0.35103513672947884,0.3645571395635792
00030,/Users/nikko/Downloads/moi-main/project_root/data/temp_frames/video3/frame_00030.png,"[62, 100, 555, 281]",RIGHT_HIP,-0.39479660253292465,0.36578128267656995,0.999861478805542,0.6509678512811661,0.35103513672947884,0.3645571395635792
00030,/Users/nikko/Downloads/moi-main/project_root/data/temp_frames/video3/frame_00030.png,"[62, 100, 555, 281]",RIGHT_ELBOW,0.05992618316746481,0.654909977495134,0.9946824908256531,0.6509678512811661,0.35103513672947884,0.3645571395635792
00030,/Users/nikko/Downloads/moi-main/project_root/data/temp_frames/video3/frame_00030.png,"[62, 100, 555, 281]",RIGHT_WRIST,0.11455259450342462,1.6326715489431873,0.9982395172119141,0.6509678512811661,0.35103513672947884,0.3645571395635792
00030,/Users/nikko/Downloads/moi-main/project_root/data/temp_frames/video3/frame_00030.png,"[62, 100, 555, 281]",RIGHT_KNEE,-0.9905316021888962,0.8362927360772767,0.9437763690948486,0.6509678512811661,0.35103513672947884,0.3645571395635792
00030,/Users/nikko/Downloads/moi-main/project_root/data/temp_frames/video3/frame_00030.png,"[62, 100, 555, 281]",LEFT_ANKLE,-1.470453350057126,0.9166600671367724,0.5095839500427246,0.6509678512811661,0.35103513672947884,0.3645571395635792
00030,/Users/nikko/Downloads/moi-main/project_root/data/temp_frames/video3/frame_00030.png,"[62, 100, 555, 281]",RIGHT_ANKLE,-1.5472685681002682,1.036933524559927,0.9913709163665771,0.6509678512811661,0.35103513672947884,0.3645571395635792
00030,/Users/nikko/Downloads/moi-main/project_root/data/temp_frames/video3/frame_00030.png,"[62, 100, 555, 281]",LEFT_EYE,0.7510668857168682,-0.08747966050010775,0.9992675185203552,0.6509678512811661,0.35103513672947884,0.3645571395635792
00030,/Users/nikko/Downloads/moi-main/project_root/data/temp_frames/video3/frame_00030.png,"[62, 100, 555, 281]",RIGHT_EYE,0.7477754919303967,-0.09086858130429472,0.9995797276496887,0.6509678512811661,0.35103513672947884,0.3645571395635792
00031,/Users/nikko/Downloads/moi-main/project_root/data/temp_frames/video3/frame_00031.png,"[61, 106, 557, 282]",LEFT_SHOULDER,0.40386584250305424,-0.3682420544903492,0.9999724626541138,0.6526419371366501,0.35960615798830986,0.3600373743594502
00031,/Users/nikko/Downloads/moi-main/project_root/data/temp_frames/video3/frame_00031.png,"[61, 106, 557, 282]",RIGHT_SHOULDER,0.3963923614960266,-0.22728644648013005,0.999956488609314,0.6526419371366501,0.35960615798830986,0.3600373743594502
00031,/Users/nikko/Downloads/moi-main/project_root/data/temp_frames/video3/frame_00031.png,"[61, 106, 557, 282]",LEFT_HIP,-0.39205996752102695,0.2721067420830197,0.9995313882827759,0.6526419371366501,0.35960615798830986,0.3600373743594502
00031,/Users/nikko/Downloads/moi-main/project_root/data/temp_frames/video3/frame_00031.png,"[61, 106, 557, 282]",RIGHT_HIP,-0.4081982364780539,0.3234217588874595,0.999804675579071,0.6526419371366501,0.35960615798830986,0.3600373743594502
00031,/Users/nikko/Downloads/moi-main/project_root/data/temp_frames/video3/frame_00031.png,"[61, 106, 557, 282]",RIGHT_ELBOW,0.03275998901191576,0.6381782642119712,0.9959171414375305,0.6526419371366501,0.35960615798830986,0.3600373743594502
00031,/Users/nikko/Downloads/moi-main/project_root/data/temp_frames/video3/frame_00031.png,"[61, 106, 557, 282]",RIGHT_WRIST,0.13176792637214643,1.651729000300895,0.9972203969955444,0.6526419371366501,0.35960615798830986,0.3600373743594502
00031,/Users/nikko/Downloads/moi-main/project_root/data/temp_frames/video3/frame_00031.png,"[61, 106, 557, 282]",RIGHT_KNEE,-1.0169427574593077,0.8248212632985629,0.9691289663314819,0.6526419371366501,0.35960615798830986,0.3600373743594502
00031,/Users/nikko/Downloads/moi-main/project_root/data/temp_frames/video3/frame_00031.png,"[61, 106, 557, 282]",LEFT_ANKLE,-1.4860918396692884,0.87251161780966,0.5265857577323914,0.6526419371366501,0.35960615798830986,0.3600373743594502
00031,/Users/nikko/Downloads/moi-main/project_root/data/temp_frames/video3/frame_00031.png,"[61, 106, 557, 282]",RIGHT_ANKLE,-1.5900850431338929,0.9224726735477999,0.99442458152771,0.6526419371366501,0.35960615798830986,0.3600373743594502
00031,/Users/nikko/Downloads/moi-main/project_root/data/temp_frames/video3/frame_00031.png,"[61, 106, 557, 282]",LEFT_EYE,0.7668868341449757,-0.05948409251560133,0.9996681213378906,0.6526419371366501,0.35960615798830986,0.3600373743594502
00031,/Users/nikko/Downloads/moi-main/project_root/data/temp_frames/video3/frame_00031.png,"[61, 106, 557, 282]",RIGHT_EYE,0.7641403385663348,-0.0699216034707898,0.9997918009757996,0.6526419371366501,0.35960615798830986,0.3600373743594502
00032,/Users/nikko/Downloads/moi-main/project_root/data/temp_frames/video3/frame_00032.png,"[67, 115, 553, 281]",LEFT_SHOULDER,0.4115215256574109,-0.3694383908129113,0.9999796152114868,0.6615062206983566,0.3568510562181473,0.3579531924791051
00032,/Users/nikko/Downloads/moi-main/project_root/data/temp_frames/video3/frame_00032.png,"[67, 115, 553, 281]",RIGHT_SHOULDER,0.3982928926991714,-0.21546653792981446,0.9999672174453735,0.6615062206983566,0.3568510562181473,0.3579531924791051
00032,/Users/nikko/Downloads/moi-main/project_root/data/temp_frames/video3/frame_00032.png,"[67, 115, 553, 281]",LEFT_HIP,-0.3939584189790736,0.3004857816927347,0.9996460676193237,0.6615062206983566,0.3568510562181473,0.3579531924791051
00032,/Users/nikko/Downloads/moi-main/project_root/data/temp_frames/video3/frame_00032.png,"[67, 115, 553, 281]",RIGHT_HIP,-0.4158559993775087,0.284419147049991,0.9998651742935181,0.6615062206983566,0.3568510562181473,0.3579531924791051
00032,/Users/nikko/Downloads/moi-main/project_root/data/temp_frames/video3/frame_00032.png,"[67, 115, 553, 281]",RIGHT_ELBOW,-0.005236361631835225,0.5996941004568987,0.9972368478775024,0.6615062206983566,0.3568510562181473,0.3579531924791051
00032,/Users/nikko/Downloads/moi-main/project_root/data/temp_frames/video3/frame_00032.png,"[67, 115, 553, 281]",RIGHT_WRIST,0.10849701171001178,1.6763420380053402,0.9984252452850342,0.6615062206983566,0.3568510562181473,0.3579531924791051
00032,/Users/nikko/Downloads/moi-main/project_root/data/temp_frames/video3/frame_00032.png,"[67, 115, 553, 281]",RIGHT_KNEE,-1.031974200966793,0.7637593549949999,0.9835873246192932,0.6615062206983566,0.3568510562181473,0.3579531924791051
00032,/Users/nikko/Downloads/moi-main/project_root/data/temp_frames/video3/frame_00032.png,"[67, 115, 553, 281]",LEFT_ANKLE,-1.4801350219069307,0.8802931808454274,0.6079157590866089,0.6615062206983566,0.3568510562181473,0.3579531924791051
00032,/Users/nikko/Downloads/moi-main/project_root/data/temp_frames/video3/frame_00032.png,"[67, 115, 553, 281]",RIGHT_ANKLE,-1.6040922823715567,0.8885536665182578,0.9969270825386047,0.6615062206983566,0.3568510562181473,0.3579531924791051
00032,/Users/nikko/Downloads/moi-main/project_root/data/temp_frames/video3/frame_00032.png,"[67, 115, 553, 281]",LEFT_EYE,0.771679566871821,0.01491580651811968,0.999683141708374,0.6615062206983566,0.3568510562181473,0.3579531924791051
00032,/Users/nikko/Downloads/moi-main/project_root/data/temp_frames/video3/frame_00032.png,"[67, 115, 553, 281]",RIGHT_EYE,0.7662338540141318,0.004905162913820795,0.9998075366020203,0.6615062206983566,0.3568510562181473,0.3579531924791051
00033,/Users/nikko/Downloads/moi-main/project_root/data/temp_frames/video3/frame_00033.png,"[64, 126, 559, 281]",LEFT_SHOULDER,0.41539628471943846,-0.36109962015088276,0.9999730587005615,0.6591017991304398,0.34455788135528564,0.35419820934313445
00033,/Users/nikko/Downloads/moi-main/project_root/data/temp_frames/video3/frame_00033.png,"[64, 126, 559, 281]",RIGHT_SHOULDER,0.39553245682958277,-0.21916698296591902,0.9999675750732422,0.6591017991304398,0.34455788135528564,0.35419820934313445
00033,/Users/nikko/Downloads/moi-main/project_root/data/temp_frames/video3/frame_00033.png,"[64, 126, 559, 281]",LEFT_HIP,-0.4004586154684653,0.25793687039223234,0.9995336532592773,0.6591017991304398,0.34455788135528564,0.35419820934313445
00033,/Users/nikko/Downloads/moi-main/project_root/data/temp_frames/video3/frame_00033.png,"[64, 126, 559, 281]",RIGHT_HIP,-0.410470126080556,0.32232973272456944,0.999841570854187,0.6591017991304398,0.34455788135528564,0.35419820934313445
00033,/Users/nikko/Downloads/moi-main/project_root/data/temp_frames/video3/frame_00033.png,"[64, 126, 559, 281]",RIGHT_ELBOW,-0.016146890711999394,0.5483030721353127,0.997005045413971,0.6591017991304398,0.34455788135528564,0.35419820934313445
00033,/Users/nikko/Downloads/moi-main/project_root/data/temp_frames/video3/frame_00033.png,"[64, 126, 559, 281]",RIGHT_WRIST,0.1074598338922021,1.7102949335718074,0.9984822869300842,0.6591017991304398,0.34455788135528564,0.35419820934313445
00033,/Users/nikko/Downloads/moi-main/project_root/data/temp_frames/video3/frame_00033.png,"[64, 126, 559, 281]",RIGHT_KNEE,-1.010882847592849,0.8194744450378098,0.9838743209838867,0.6591017991304398,0.34455788135528564,0.35419820934313445
00033,/Users/nikko/Downloads/moi-main/project_root/data/temp_frames/video3/frame_00033.png,"[64, 126, 559, 281]",LEFT_ANKLE,-1.451877790688914,0.8346932268310568,0.5421178936958313,0.6591017991304398,0.34455788135528564,0.35419820934313445
00033,/Users/nikko/Downloads/moi-main/project_root/data/temp_frames/video3/frame_00033.png,"[64, 126, 559, 281]",RIGHT_ANKLE,-1.5821749264870406,0.8931986282810278,0.9956870675086975,0.6591017991304398,0.34455788135528564,0.35419820934313445
00033,/Users/nikko/Downloads/moi-main/project_root/data/temp_frames/video3/frame_00033.png,"[64, 126, 559, 281]",LEFT_EYE,0.7634233723223065,0.06879802460433557,0.9996788501739502,0.6591017991304398,0.34455788135528564,0.35419820934313445
00033,/Users/nikko/Downloads/moi-main/project_root/data/temp_frames/video3/frame_00033.png,"[64, 126, 559, 281]",RIGHT_EYE,0.7605955871320224,0.061667980655731806,0.999821126461029,0.6591017991304398,0.34455788135528564,0.35419820934313445
00034,/Users/nikko/Downloads/moi-main/project_root/data/temp_frames/video3/frame_00034.png,"[63, 126, 559, 281]",LEFT_SHOULDER,0.419492769084101,-0.37713923580794934,0.9999723434448242,0.6602442264556885,0.3446328565478325,0.34721646781190374
00034,/Users/nikko/Downloads/moi-main/project_root/data/temp_frames/video3/frame_00034.png,"[63, 126, 559, 281]",RIGHT_SHOULDER,0.38995845470006396,-0.2031888756398184,0.9999715089797974,0.6602442264556885,0.3446328565478325,0.34721646781190374
00034,/Users/nikko/Downloads/moi-main/project_root/data/temp_frames/video3/frame_00034.png,"[63, 126, 559, 281]",LEFT_HIP,-0.39609253234096903,0.2507268615393904,0.9996392726898193,0.6602442264556885,0.3446328565478325,0.34721646781190374
00034,/Users/nikko/Downloads/moi-main/project_root/data/temp_frames/video3/frame_00034.png,"[63, 126, 559, 281]",RIGHT_HIP,-0.4133586914431959,0.32960124990837736,0.9998733997344971,0.6602442264556885,0.3446328565478325,0.34721646781190374
00034,/Users/nikko/Downloads/moi-main/project_root/data/temp_frames/video3/frame_00034.png,"[63, 126, 559, 281]",RIGHT_ELBOW,-0.02033826201722525,0.5609075449027551,0.9969589710235596,0.6602442264556885,0.3446328565478325,0.34721646781190374
00034,/Users/nikko/Downloads/moi-main/project_root/data/temp_frames/video3/frame_00034.png,"[63, 126, 559, 281]",RIGHT_WRIST,0.09708332737785057,1.719042621203458,0.9987331032752991,0.6602442264556885,0.3446328565478325,0.34721646781190374
00034,/Users/nikko/Downloads/moi-main/project_root/data/temp_frames/video3/frame_00034.png,"[63, 126, 559, 281]",RIGHT_KNEE,-1.0166847016140337,0.8089747053622175,0.9744788408279419,0.6602442264556885,0.3446328565478325,0.34721646781190374
00034,/Users/nikko/Downloads/moi-main/project_root/data/temp_frames/video3/frame_00034.png,"[63, 126, 559, 281]",RIGHT_ANKLE,-1.5799128893004504,0.8918550500133011,0.9905960559844971,0.6602442264556885,0.3446328565478325,0.34721646781190374
00034,/Users/nikko/Downloads/moi-main/project_root/data/temp_frames/video3/frame_00034.png,"[63, 126, 559, 281]",LEFT_EYE,0.7719463679134108,0.07516448849557261,0.999687910079956,0.6602442264556885,0.3446328565478325,0.34721646781190374
00034,/Users/nikko/Downloads/moi-main/project_root/data/temp_frames/video3/frame_00034.png,"[63, 126, 559, 281]",RIGHT_EYE,0.767826769916421,0.06675594574669531,0.9998337030410767,0.6602442264556885,0.3446328565478325,0.34721646781190374
00035,/Users/nikko/Downloads/moi-main/project_root/data/temp_frames/video3/frame_00035.png,"[68, 137, 557, 281]",LEFT_SHOULDER,0.4166108266781345,-0.3812163140850191,0.9999674558639526,0.6653531342744827,0.3368207812309265,0.3478785977023019
00035,/Users/nikko/Downloads/moi-main/project_root/data/temp_frames/video3/frame_00035.png,"[68, 137, 557, 281]",RIGHT_SHOULDER,0.3967744004368992,-0.19380942665305456,0.9999610185623169,0.6653531342744827,0.3368207812309265,0.3478785977023019
00035,/Users/nikko/Downloads/moi-main/project_root/data/temp_frames/video3/frame_00035.png,"[68, 137, 557, 281]",LEFT_HIP,-0.39534501745006706,0.25879036802998007,0.9997184872627258,0.6653531342744827,0.3368207812309265,0.3478785977023019
00035,/Users/nikko/Downloads/moi-main/project_root/data/temp_frames/video3/frame_00035.png,"[68, 137, 557, 281]",RIGHT_HIP,-0.41804020966496663,0.3162353727080936,0.999897837638855,0.6653531342744827,0.3368207812309265,0.3478785977023019
00035,/Users/nikko/Downloads/moi-main/project_root/data/temp_frames/video3/frame_00035.png,"[68, 137, 557, 281]",RIGHT_ELBOW,-0.033402799973345505,0.5255325088401674,0.9968647360801697,0.6653531342744827,0.3368207812309265,0.3478785977023019
00035,/Users/nikko/Downloads/moi-main/project_root/data/temp_frames/video3/frame_00035.png,"[68, 137, 557, 281]",RIGHT_WRIST,0.08160457556160261,1.7390523643563802,0.9983024597167969,0.6653531342744827,0.3368207812309265,0.3478785977023019
00035,/Users/nikko/Downloads/moi-main/project_root/data/temp_frames/video3/frame_00035.png,"[68, 137, 557, 281]",RIGHT_KNEE,-1.0231937628119798,0.8200719295586183,0.9849435091018677,0.6653531342744827,0.3368207812309265,0.3478785977023019
00035,/Users/nikko/Downloads/moi-main/project_root/data/temp_frames/video3/frame_00035.png,"[68, 137, 557, 281]",LEFT_ANKLE,-1.479152414759397,0.8157153312719919,0.5611450672149658,0.6653531342744827,0.3368207812309265,0.3478785977023019
00035,/Users/nikko/Downloads/moi-main/project_root/data/temp_frames/video3/frame_00035.png,"[68, 137, 557, 281]",RIGHT_ANKLE,-1.5849149334983603,0.8497187976410325,0.9946131110191345,0.6653531342744827,0.3368207812309265,0.3478785977023019
00035,/Users/nikko/Downloads/moi-main/project_root/data/temp_frames/video3/frame_00035.png,"[68, 137, 557, 281]",LEFT_EYE,0.7745797278270601,0.14703412131434748,0.9996139407157898,0.6653531342744827,0.3368207812309265,0.3478785977023019
00035,/Users/nikko/Downloads/moi-main/project_root/data/temp_frames/video3/frame_00035.png,"[68, 137, 557, 281]",RIGHT_EYE,0.7705844803009047,0.1358530652444405,0.9997829794883728,0.6653531342744827,0.3368207812309265,0.3478785977023019
00036,/Users/nikko/Downloads/moi-main/project_root/data/temp_frames/video3/frame_00036.png,"[69, 146, 559, 282]",LEFT_SHOULDER,0.43063577280046167,-0.3761675701523952,0.9999687671661377,0.6604002863168716,0.33397798612713814,0.3520715208895412
00036,/Users/nikko/Downloads/moi-main/project_root/data/temp_frames/video3/frame_00036.png,"[69, 146, 559, 282]",RIGHT_SHOULDER,0.40873653141679167,-0.15176980005529225,0.999968409538269,0.6604002863168716,0.33397798612713814,0.3520715208895412
00036,/Users/nikko/Downloads/moi-main/project_root/data/temp_frames/video3/frame_00036.png,"[69, 146, 559, 282]",LEFT_HIP,-0.40901257014057346,0.21060530395775826,0.9996114373207092,0.6604002863168716,0.33397798612713814,0.3520715208895412
00036,/Users/nikko/Downloads/moi-main/project_root/data/temp_frames/video3/frame_00036.png,"[69, 146, 559, 282]",RIGHT_HIP,-0.4303597340766798,0.3173320662499292,0.9998619556427002,0.6604002863168716,0.33397798612713814,0.3520715208895412
00036,/Users/nikko/Downloads/moi-main/project_root/data/temp_frames/video3/frame_00036.png,"[69, 146, 559, 282]",RIGHT_ELBOW,-0.030958365038528207,0.4226762647654892,0.9973978996276855,0.6604002863168716,0.33397798612713814,0.3520715208895412
00036,/Users/nikko/Downloads/moi-main/project_root/data/temp_frames/video3/frame_00036.png,"[69, 146, 559, 282]",RIGHT_WRIST,0.08324243562111165,1.7165776053063304,0.9979146122932434,0.6604002863168716,0.33397798612713814,0.3520715208895412
00036,/Users/nikko/Downloads/moi-main/project_root/data/temp_frames/video3/frame_00036.png,"[69, 146, 559, 282]",RIGHT_KNEE,-1.0488741410488602,0.8224711646306453,0.9918211698532104,0.6604002863168716,0.33397798612713814,0.3520715208895412
00036,/Users/nikko/Downloads/moi-main/project_root/data/temp_frames/video3/frame_00036.png,"[69, 146, 559, 282]",LEFT_ANKLE,-1.5178350676193082,0.7638121316663591,0.6186459064483643,0.6604002863168716,0.33397798612713814,0.3520715208895412
00036,/Users/nikko/Downloads/moi-main/project_root/data/temp_frames/video3/frame_00036.png,"[69, 146, 559, 282]",RIGHT_ANKLE,-1.63503701698261,0.8340945872977343,0.9968865513801575,0.6604002863168716,0.33397798612713814,0.3520715208895412
00036,/Users/nikko/Downloads/moi-main/project_root/data/temp_frames/video3/frame_00036.png,"[69, 146, 559, 282]",LEFT_EYE,0.780560607702418,0.19604102347354932,0.9998594522476196,0.6604002863168716,0.33397798612713814,0.3520715208895412
00036,/Users/nikko/Downloads/moi-main/project_root/data/temp_frames/video3/frame_00036.png,"[69, 146, 559, 282]",RIGHT_EYE,0.7764350096283062,0.1741851221164283,0.9999151229858398,0.6604002863168716,0.33397798612713814,0.3520715208895412
00037,/Users/nikko/Downloads/moi-main/project_root/data/temp_frames/video3/frame_00037.png,"[74, 150, 560, 280]",LEFT_SHOULDER,0.43229748487996084,-0.4019702354562449,0.9999526739120483,0.6601262837648392,0.368555448949337,0.36249096872946485
00037,/Users/nikko/Downloads/moi-main/project_root/data/temp_frames/video3/frame_00037.png,"[74, 150, 560, 280]",RIGHT_SHOULDER,0.40213102812982243,-0.11070097699085668,0.9999493360519409,0.6601262837648392,0.368555448949337,0.36249096872946485
00037,/Users/nikko/Downloads/moi-main/project_root/data/temp_frames/video3/frame_00037.png,"[74, 150, 560, 280]",LEFT_HIP,-0.40813677733711795,0.15250316689183233,0.9995436072349548,0.6601262837648392,0.368555448949337,0.36249096872946485
00037,/Users/nikko/Downloads/moi-main/project_root/data/temp_frames/video3/frame_00037.png,"[74, 150, 560, 280]",RIGHT_HIP,-0.4262917356726653,0.3601680455552692,0.9998248219490051,0.6601262837648392,0.368555448949337,0.36249096872946485
00037,/Users/nikko/Downloads/moi-main/project_root/data/temp_frames/video3/frame_00037.png,"[74, 150, 560, 280]",RIGHT_ELBOW,-0.0504440921368235,0.3051815141437441,0.9968132376670837,0.6601262837648392,0.368555448949337,0.36249096872946485
00037,/Users/nikko/Downloads/moi-main/project_root/data/temp_frames/video3/frame_00037.png,"[74, 150, 560, 280]",RIGHT_WRIST,0.0837376097789588,1.63235466376459,0.9946574568748474,0.6601262837648392,0.368555448949337,0.36249096872946485
00037,/Users/nikko/Downloads/moi-main/project_root/data/temp_frames/video3/frame_00037.png,"[74, 150, 560, 280]",RIGHT_KNEE,-1.0579390441098624,0.7194011997954833,0.9892120361328125,0.6601262837648392,0.368555448949337,0.36249096872946485
00037,/Users/nikko/Downloads/moi-main/project_root/data/temp_frames/video3/frame_00037.png,"[74, 150, 560, 280]",LEFT_ANKLE,-1.525354343618885,0.5678857064743302,0.6559877395629883,0.6601262837648392,0.368555448949337,0.36249096872946485
00037,/Users/nikko/Downloads/moi-main/project_root/data/temp_frames/video3/frame_00037.png,"[74, 150, 560, 280]",RIGHT_ANKLE,-1.628568112431022,0.6820152486047499,0.9953045845031738,0.6601262837648392,0.368555448949337,0.36249096872946485
00037,/Users/nikko/Downloads/moi-main/project_root/data/temp_frames/video3/frame_00037.png,"[74, 150, 560, 280]",LEFT_EYE,0.7728564908402878,0.19964429839225434,0.9998483657836914,0.6601262837648392,0.368555448949337,0.36249096872946485
00037,/Users/nikko/Downloads/moi-main/project_root/data/temp_frames/video3/frame_00037.png,"[74, 150, 560, 280]",RIGHT_EYE,0.7690724470749388,0.1733274110425622,0.9998949766159058,0.6601262837648392,0.368555448949337,0.36249096872946485
00038,/Users/nikko/Downloads/moi-main/project_root/data/temp_frames/video3/frame_00038.png,"[74, 158, 561, 280]",LEFT_SHOULDER,0.4208955616559848,-0.3981697948284577,0.9999418258666992,0.6579091846942902,0.3748351186513901,0.3644763332985873
00038,/Users/nikko/Downloads/moi-main/project_root/data/temp_frames/video3/frame_00038.png,"[74, 158, 561, 280]",RIGHT_SHOULDER,0.4147497520363822,-0.10575789358279453,0.9999600648880005,0.6579091846942902,0.3748351186513901,0.3644763332985873
00038,/Users/nikko/Downloads/moi-main/project_root/data/temp_frames/video3/frame_00038.png,"[74, 158, 561, 280]",LEFT_HIP,-0.4130787511930544,0.14076951504004095,0.9995263814926147,0.6579091846942902,0.3748351186513901,0.3644763332985873
00038,/Users/nikko/Downloads/moi-main/project_root/data/temp_frames/video3/frame_00038.png,"[74, 158, 561, 280]",RIGHT_HIP,-0.42256656249931257,0.3631581733712113,0.9998296499252319,0.6579091846942902,0.3748351186513901,0.3644763332985873
00038,/Users/nikko/Downloads/moi-main/project_root/data/temp_frames/video3/frame_00038.png,"[74, 158, 561, 280]",RIGHT_ELBOW,-0.0347133335791656,0.2278102939945716,0.9969642758369446,0.6579091846942902,0.3748351186513901,0.3644763332985873
00038,/Users/nikko/Downloads/moi-main/project_root/data/temp_frames/video3/frame_00038.png,"[74, 158, 561, 280]",RIGHT_WRIST,0.09116088027052192,1.6116370174928267,0.9967516660690308,0.6579091846942902,0.3748351186513901,0.3644763332985873
00038,/Users/nikko/Downloads/moi-main/project_root/data/temp_frames/video3/frame_00038.png,"[74, 158, 561, 280]",RIGHT_KNEE,-1.0389872116769394,0.7524073372295699,0.9827983975410461,0.6579091846942902,0.3748351186513901,0.3644763332985873
00038,/Users/nikko/Downloads/moi-main/project_root/data/temp_frames/video3/frame_00038.png,"[74, 158, 561, 280]",LEFT_ANKLE,-1.5349886029287836,0.5039168542161191,0.5307179689407349,0.6579091846942902,0.3748351186513901,0.3644763332985873
00038,/Users/nikko/Downloads/moi-main/project_root/data/temp_frames/video3/frame_00038.png,"[74, 158, 561, 280]",RIGHT_ANKLE,-1.6063114177704358,0.6471068102164148,0.9910125136375427,0.6579091846942902,0.3748351186513901,0.3644763332985873
00038,/Users/nikko/Downloads/moi-main/project_root/data/temp_frames/video3/frame_00038.png,"[74, 158, 561, 280]",LEFT_EYE,0.7706430047563699,0.23759500313123305,0.999786913394928,0.6579091846942902,0.3748351186513901,0.3644763332985873
00038,/Users/nikko/Downloads/moi-main/project_root/data/temp_frames/video3/frame_00038.png,"[74, 158, 561, 280]",RIGHT_EYE,0.7690348013610592,0.20890278371825088,0.9998741149902344,0.6579091846942902,0.3748351186513901,0.3644763332985873
00039,/Users/nikko/Downloads/moi-main/project_root/data/temp_frames/video3/frame_00039.png,"[77, 166, 563, 282]",LEFT_SHOULDER,0.4368950458293664,-0.3734055700060215,0.9998353719711304,0.6579260677099228,0.37857502326369286,0.3563376672190264
00039,/Users/nikko/Downloads/moi-main/project_root/data/temp_frames/video3/frame_00039.png,"[77, 166, 563, 282]",RIGHT_SHOULDER,0.412508567592959,-0.13191991239296752,0.9998482465744019,0.6579260677099228,0.37857502326369286,0.3563376672190264
00039,/Users/nikko/Downloads/moi-main/project_root/data/temp_frames/video3/frame_00039.png,"[77, 166, 563, 282]",LEFT_HIP,-0.4166810371306401,0.18544595390283136,0.9992610812187195,0.6579260677099228,0.37857502326369286,0.3563376672190264
00039,/Users/nikko/Downloads/moi-main/project_root/data/temp_frames/video3/frame_00039.png,"[77, 166, 563, 282]",RIGHT_HIP,-0.4327225762916853,0.31987952849615764,0.9997003078460693,0.6579260677099228,0.37857502326369286,0.3563376672190264
00039,/Users/nikko/Downloads/moi-main/project_root/data/temp_frames/video3/frame_00039.png,"[77, 166, 563, 282]",RIGHT_ELBOW,-0.042467834707666775,0.06776674009194295,0.9930877089500427,0.6579260677099228,0.37857502326369286,0.3563376672190264
00039,/Users/nikko/Downloads/moi-main/project_root/data/temp_frames/video3/frame_00039.png,"[77, 166, 563, 282]",RIGHT_WRIST,0.07620312365167568,1.5921285430073013,0.9830116033554077,0.6579260677099228,0.37857502326369286,0.3563376672190264
00039,/Users/nikko/Downloads/moi-main/project_root/data/temp_frames/video3/frame_00039.png,"[77, 166, 563, 282]",RIGHT_KNEE,-1.058239648812865,0.686362007728728,0.9810038208961487,0.6579260677099228,0.37857502326369286,0.3563376672190264
00039,/Users/nikko/Downloads/moi-main/project_root/data/temp_frames/video3/frame_00039.png,"[77, 166, 563, 282]",LEFT_ANKLE,-1.5612570126272731,0.4606067250338011,0.5273348093032837,0.6579260677099228,0.37857502326369286,0.3563376672190264
00039,/Users/nikko/Downloads/moi-main/project_root/data/temp_frames/video3/frame_00039.png,"[77, 166, 563, 282]",RIGHT_ANKLE,-1.6496153005358198,0.5771520146932357,0.990456759929657,0.6579260677099228,0.37857502326369286,0.3563376672190264
00039,/Users/nikko/Downloads/moi-main/project_root/data/temp_frames/video3/frame_00039.png,"[77, 166, 563, 282]",LEFT_EYE,0.7927229201533729,0.28294059855632053,0.999267041683197,0.6579260677099228,0.37857502326369286,0.3563376672190264
00039,/Users/nikko/Downloads/moi-main/project_root/data/temp_frames/video3/frame_00039.png,"[77, 166, 563, 282]",RIGHT_EYE,0.7888263626805719,0.24939675026599784,0.9995482563972473,0.6579260677099228,0.37857502326369286,0.3563376672190264
00040,/Users/nikko/Downloads/moi-main/project_root/data/temp_frames/video3/frame_00040.png,"[91, 172, 575, 279]",LEFT_SHOULDER,0.43446075477139745,-0.4437919534675605,0.9998658895492554,0.6370590701699257,0.3961993642151356,0.35103576037335826
00040,/Users/nikko/Downloads/moi-main/project_root/data/temp_frames/video3/frame_00040.png,"[91, 172, 575, 279]",RIGHT_SHOULDER,0.4073468000824648,-0.029164809921695695,0.9999154806137085,0.6370590701699257,0.3961993642151356,0.35103576037335826
00040,/Users/nikko/Downloads/moi-main/project_root/data/temp_frames/video3/frame_00040.png,"[91, 172, 575, 279]",LEFT_HIP,-0.413812184001926,0.1380357599043424,0.9996334314346313,0.6370590701699257,0.3961993642151356,0.35103576037335826
00040,/Users/nikko/Downloads/moi-main/project_root/data/temp_frames/video3/frame_00040.png,"[91, 172, 575, 279]",RIGHT_HIP,-0.42799537085193623,0.33492100348491377,0.9998608827590942,0.6370590701699257,0.3961993642151356,0.35103576037335826
00040,/Users/nikko/Downloads/moi-main/project_root/data/temp_frames/video3/frame_00040.png,"[91, 172, 575, 279]",RIGHT_ELBOW,-0.041404813746834176,-0.03628632998047309,0.9954776167869568,0.6370590701699257,0.3961993642151356,0.35103576037335826
00040,/Users/nikko/Downloads/moi-main/project_root/data/temp_frames/video3/frame_00040.png,"[91, 172, 575, 279]",RIGHT_WRIST,0.058969370620103205,1.5689654859278752,0.9844312071800232,0.6370590701699257,0.3961993642151356,0.35103576037335826
00040,/Users/nikko/Downloads/moi-main/project_root/data/temp_frames/video3/frame_00040.png,"[91, 172, 575, 279]",RIGHT_KNEE,-1.0689461843534547,0.6431549737525348,0.9786197543144226,0.6370590701699257,0.3961993642151356,0.35103576037335826
00040,/Users/nikko/Downloads/moi-main/project_root/data/temp_frames/video3/frame_00040.png,"[91, 172, 575, 279]",LEFT_ANKLE,-1.579898608513373,0.4922608960549308,0.5141609907150269,0.6370590701699257,0.3961993642151356,0.35103576037335826
00040,/Users/nikko/Downloads/moi-main/project_root/data/temp_frames/video3/frame_00040.png,"[91, 172, 575, 279]",RIGHT_ANKLE,-1.6651284092475733,0.4819136669176363,0.9868801832199097,0.6370590701699257,0.3961993642151356,0.35103576037335826
00040,/Users/nikko/Downloads/moi-main/project_root/data/temp_frames/video3/frame_00040.png,"[91, 172, 575, 279]",LEFT_EYE,0.7875019848001298,0.37443604581956264,0.9995974898338318,0.6370590701699257,0.3961993642151356,0.35103576037335826
00040,/Users/nikko/Downloads/moi-main/project_root/data/temp_frames/video3/frame_00040.png,"[91, 172, 575, 279]",RIGHT_EYE,0.7847069645531778,0.3513622291390119,0.9997557997703552,0.6370590701699257,0.3961993642151356,0.35103576037335826
00041,/Users/nikko/Downloads/moi-main/project_root/data/temp_frames/video3/frame_00041.png,"[92, 179, 576, 284]",LEFT_SHOULDER,0.4520953376779145,-0.3994608281909922,0.9998308420181274,0.6392634958028793,0.37519488483667374,0.3368688932470778
00041,/Users/nikko/Downloads/moi-main/project_root/data/temp_frames/video3/frame_00041.png,"[92, 179, 576, 284]",RIGHT_SHOULDER,0.4042741619158686,-0.06868678470840314,0.9999386072158813,0.6392634958028793,0.37519488483667374,0.3368688932470778
00041,/Users/nikko/Downloads/moi-main/project_root/data/temp_frames/video3/frame_00041.png,"[92, 179, 576, 284]",LEFT_HIP,-0.4226024690400811,0.13789422929769218,0.999441921710968,0.6392634958028793,0.37519488483667374,0.3368688932470778
00041,/Users/nikko/Downloads/moi-main/project_root/data/temp_frames/video3/frame_00041.png,"[92, 179, 576, 284]",RIGHT_HIP,-0.43376703055370197,0.3302533836017032,0.9998120665550232,0.6392634958028793,0.37519488483667374,0.3368688932470778
00041,/Users/nikko/Downloads/moi-main/project_root/data/temp_frames/video3/frame_00041.png,"[92, 179, 576, 284]",RIGHT_ELBOW,-0.04988085768156412,-0.13711831536280247,0.9957396984100342,0.6392634958028793,0.37519488483667374,0.3368688932470778
00041,/Users/nikko/Downloads/moi-main/project_root/data/temp_frames/video3/frame_00041.png,"[92, 179, 576, 284]",RIGHT_WRIST,0.03950517075404573,1.572487302632594,0.9901485443115234,0.6392634958028793,0.37519488483667374,0.3368688932470778
00041,/Users/nikko/Downloads/moi-main/project_root/data/temp_frames/video3/frame_00041.png,"[92, 179, 576, 284]",RIGHT_KNEE,-1.0775215146672261,0.7348104238947236,0.9817812442779541,0.6392634958028793,0.37519488483667374,0.3368688932470778
00041,/Users/nikko/Downloads/moi-main/project_root/data/temp_frames/video3/frame_00041.png,"[92, 179, 576, 284]",LEFT_ANKLE,-1.5920198665791316,0.3661468676292333,0.5448025465011597,0.6392634958028793,0.37519488483667374,0.3368688932470778
00041,/Users/nikko/Downloads/moi-main/project_root/data/temp_frames/video3/frame_00041.png,"[92, 179, 576, 284]",RIGHT_ANKLE,-1.6512792814966182,0.4033088145720418,0.9862886667251587,0.6392634958028793,0.37519488483667374,0.3368688932470778
00041,/Users/nikko/Downloads/moi-main/project_root/data/temp_frames/video3/frame_00041.png,"[92, 179, 576, 284]",LEFT_EYE,0.8092907081638308,0.4562671855192169,0.9994958639144897,0.6392634958028793,0.37519488483667374,0.3368688932470778
00041,/Users/nikko/Downloads/moi-main/project_root/data/temp_frames/video3/frame_00041.png,"[92, 179, 576, 284]",RIGHT_EYE,0.8049904260194697,0.4492364082278931,0.9997549653053284,0.6392634958028793,0.37519488483667374,0.3368688932470778
00042,/Users/nikko/Downloads/moi-main/project_root/data/temp_frames/video3/frame_00042.png,"[92, 182, 584, 285]",LEFT_SHOULDER,0.4432392630038656,-0.39430500352074027,0.9998737573623657,0.6256533190608025,0.40811626613140106,0.3464726946570824
00042,/Users/nikko/Downloads/moi-main/project_root/data/temp_frames/video3/frame_00042.png,"[92, 182, 584, 285]",RIGHT_SHOULDER,0.41975197795258984,-0.03786771629279736,0.999954342842102,0.6256533190608025,0.40811626613140106,0.3464726946570824
00042,/Users/nikko/Downloads/moi-main/project_root/data/temp_frames/video3/frame_00042.png,"[92, 182, 584, 285]",LEFT_HIP,-0.4273057202435134,0.09687227740604372,0.9996707439422607,0.6256533190608025,0.40811626613140106,0.3464726946570824
00042,/Users/nikko/Downloads/moi-main/project_root/data/temp_frames/video3/frame_00042.png,"[92, 182, 584, 285]",RIGHT_HIP,-0.43568552071294214,0.3353004424074939,0.999893307685852,0.6256533190608025,0.40811626613140106,0.3464726946570824
00042,/Users/nikko/Downloads/moi-main/project_root/data/temp_frames/video3/frame_00042.png,"[92, 182, 584, 285]",RIGHT_ELBOW,-0.03352554558476607,-0.34046348880793115,0.9979523420333862,0.6256533190608025,0.40811626613140106,0.3464726946570824
00042,/Users/nikko/Downloads/moi-main/project_root/data/temp_frames/video3/frame_00042.png,"[92, 182, 584, 285]",RIGHT_WRIST,0.05023650426820163,1.4599728678417123,0.9964267611503601,0.6256533190608025,0.40811626613140106,0.3464726946570824
00042,/Users/nikko/Downloads/moi-main/project_root/data/temp_frames/video3/frame_00042.png,"[92, 182, 584, 285]",RIGHT_KNEE,-1.0743954074572568,0.624915829075227,0.9859912991523743,0.6256533190608025,0.40811626613140106,0.3464726946570824
00042,/Users/nikko/Downloads/moi-main/project_root/data/temp_frames/video3/frame_00042.png,"[92, 182, 584, 285]",LEFT_ANKLE,-1.5840167478338232,0.08163069330836499,0.6459159851074219,0.6256533190608025,0.40811626613140106,0.3464726946570824
00042,/Users/nikko/Downloads/moi-main/project_root/data/temp_frames/video3/frame_00042.png,"[92, 182, 584, 285]",RIGHT_ANKLE,-1.6535872583867488,0.2967599491018181,0.9915800094604492,0.6256533190608025,0.40811626613140106,0.3464726946570824
00042,/Users/nikko/Downloads/moi-main/project_root/data/temp_frames/video3/frame_00042.png,"[92, 182, 584, 285]",LEFT_EYE,0.7946064875238756,0.4577757064306596,0.9997432827949524,0.6256533190608025,0.40811626613140106,0.3464726946570824
00042,/Users/nikko/Downloads/moi-main/project_root/data/temp_frames/video3/frame_00042.png,"[92, 182, 584, 285]",RIGHT_EYE,0.7901104120315583,0.43246883115622564,0.9998691082000732,0.6256533190608025,0.40811626613140106,0.3464726946570824
00043,/Users/nikko/Downloads/moi-main/project_root/data/temp_frames/video3/frame_00043.png,"[90, 185, 570, 284]",LEFT_SHOULDER,0.4525042488715304,-0.3725416876187759,0.9998633861541748,0.6436560973525047,0.4164951741695404,0.34849719877975927
00043,/Users/nikko/Downloads/moi-main/project_root/data/temp_frames/video3/frame_00043.png,"[90, 185, 570, 284]",RIGHT_SHOULDER,0.4254905568035095,-0.020597974408536765,0.9999091625213623,0.6436560973525047,0.4164951741695404,0.34849719877975927
00043,/Users/nikko/Downloads/moi-main/project_root/data/temp_frames/video3/frame_00043.png,"[90, 185, 570, 284]",LEFT_HIP,-0.43602984587018206,0.0688815454163791,0.9996484518051147,0.6436560973525047,0.4164951741695404,0.34849719877975927
00043,/Users/nikko/Downloads/moi-main/project_root/data/temp_frames/video3/frame_00043.png,"[90, 185, 570, 284]",RIGHT_HIP,-0.44196495980485784,0.3242581166109335,0.9998658895492554,0.6436560973525047,0.4164951741695404,0.34849719877975927
00043,/Users/nikko/Downloads/moi-main/project_root/data/temp_frames/video3/frame_00043.png,"[90, 185, 570, 284]",RIGHT_ELBOW,-0.014283743665496795,-0.45724587068265504,0.9967429041862488,0.6436560973525047,0.4164951741695404,0.34849719877975927
00043,/Users/nikko/Downloads/moi-main/project_root/data/temp_frames/video3/frame_00043.png,"[90, 185, 570, 284]",RIGHT_WRIST,0.05501914241852127,1.4502656096646713,0.983313262462616,0.6436560973525047,0.4164951741695404,0.34849719877975927
00043,/Users/nikko/Downloads/moi-main/project_root/data/temp_frames/video3/frame_00043.png,"[90, 185, 570, 284]",RIGHT_KNEE,-1.1025156129159397,0.583997919700003,0.9938355088233948,0.6436560973525047,0.4164951741695404,0.34849719877975927
00043,/Users/nikko/Downloads/moi-main/project_root/data/temp_frames/video3/frame_00043.png,"[90, 185, 570, 284]",LEFT_ANKLE,-1.642132451026043,0.1442001021448184,0.7728914022445679,0.6436560973525047,0.4164951741695404,0.34849719877975927
00043,/Users/nikko/Downloads/moi-main/project_root/data/temp_frames/video3/frame_00043.png,"[90, 185, 570, 284]",RIGHT_ANKLE,-1.722579624597841,0.28359237119133546,0.9956704378128052,0.6436560973525047,0.4164951741695404,0.34849719877975927
00043,/Users/nikko/Downloads/moi-main/project_root/data/temp_frames/video3/frame_00043.png,"[90, 185, 570, 284]",LEFT_EYE,0.8179390730472097,0.5137129600971772,0.9997370839118958,0.6436560973525047,0.4164951741695404,0.34849719877975927
00043,/Users/nikko/Downloads/moi-main/project_root/data/temp_frames/video3/frame_00043.png,"[90, 185, 570, 284]",RIGHT_EYE,0.813324593155633,0.4918952613244158,0.9998250603675842,0.6436560973525047,0.4164951741695404,0.34849719877975927
00044,/Users/nikko/Downloads/moi-main/project_root/data/temp_frames/video3/frame_00044.png,"[97, 188, 571, 282]",LEFT_SHOULDER,0.43281266041957395,-0.4093150418434112,0.9998201727867126,0.6371629014611244,0.4327795282006264,0.36022673864922006
00044,/Users/nikko/Downloads/moi-main/project_root/data/temp_frames/video3/frame_00044.png,"[97, 188, 571, 282]",RIGHT_SHOULDER,0.4253141518356193,0.0355368176114712,0.9998724460601807,0.6371629014611244,0.4327795282006264,0.36022673864922006
00044,/Users/nikko/Downloads/moi-main/project_root/data/temp_frames/video3/frame_00044.png,"[97, 188, 571, 282]",LEFT_HIP,-0.42544904656007915,0.027067695775531107,0.9995877146720886,0.6371629014611244,0.4327795282006264,0.36022673864922006
00044,/Users/nikko/Downloads/moi-main/project_root/data/temp_frames/video3/frame_00044.png,"[97, 188, 571, 282]",RIGHT_HIP,-0.4326777656951141,0.34671052845640893,0.9998225569725037,0.6371629014611244,0.4327795282006264,0.36022673864922006
00044,/Users/nikko/Downloads/moi-main/project_root/data/temp_frames/video3/frame_00044.png,"[97, 188, 571, 282]",RIGHT_ELBOW,-0.009796910340408884,-0.5100745756148366,0.9934988021850586,0.6371629014611244,0.4327795282006264,0.36022673864922006
00044,/Users/nikko/Downloads/moi-main/project_root/data/temp_frames/video3/frame_00044.png,"[97, 188, 571, 282]",RIGHT_WRIST,0.057694961770972546,1.4075476267089972,0.9598329663276672,0.6371629014611244,0.4327795282006264,0.36022673864922006
00044,/Users/nikko/Downloads/moi-main/project_root/data/temp_frames/video3/frame_00044.png,"[97, 188, 571, 282]",RIGHT_KNEE,-1.0641711407086976,0.565942874187386,0.9771774411201477,0.6371629014611244,0.4327795282006264,0.36022673864922006
00044,/Users/nikko/Downloads/moi-main/project_root/data/temp_frames/video3/frame_00044.png,"[97, 188, 571, 282]",LEFT_ANKLE,-1.5536867633937947,-0.015151664186428992,0.5123697519302368,0.6371629014611244,0.4327795282006264,0.36022673864922006
00044,/Users/nikko/Downloads/moi-main/project_root/data/temp_frames/video3/frame_00044.png,"[97, 188, 571, 282]",RIGHT_ANKLE,-1.6364634984075699,0.18762923367685155,0.9796383380889893,0.6371629014611244,0.4327795282006264,0.36022673864922006
00044,/Users/nikko/Downloads/moi-main/project_root/data/temp_frames/video3/frame_00044.png,"[97, 188, 571, 282]",LEFT_EYE,0.7905213696237247,0.5556529838166951,0.9996874332427979,0.6371629014611244,0.4327795282006264,0.36022673864922006
00044,/Users/nikko/Downloads/moi-main/project_root/data/temp_frames/video3/frame_00044.png,"[97, 188, 571, 282]",RIGHT_EYE,0.7879819898797388,0.5481193968131325,0.999782383441925,0.6371629014611244,0.4327795282006264,0.36022673864922006
00045,/Users/nikko/Downloads/moi-main/project_root/data/temp_frames/video3/frame_00045.png,"[96, 188, 582, 283]",LEFT_SHOULDER,0.4547850392760857,-0.37328982825730966,0.9997890591621399,0.6268409118056297,0.4471440315246582,0.33985393239435685
00045,/Users/nikko/Downloads/moi-main/project_root/data/temp_frames/video3/frame_00045.png,"[96, 188, 582, 283]",RIGHT_SHOULDER,0.4292531146754808,0.06236474856514048,0.9998694658279419,0.6268409118056297,0.4471440315246582,0.33985393239435685
00045,/Users/nikko/Downloads/moi-main/project_root/data/temp_frames/video3/frame_00045.png,"[96, 188, 582, 283]",LEFT_HIP,-0.4391519574907681,0.001380352886899541,0.9995974898338318,0.6268409118056297,0.4471440315246582,0.33985393239435685
00045,/Users/nikko/Downloads/moi-main/project_root/data/temp_frames/video3/frame_00045.png,"[96, 188, 582, 283]",RIGHT_HIP,-0.4448861964607984,0.3095447268052696,0.9998313188552856,0.6268409118056297,0.4471440315246582,0.33985393239435685
00045,/Users/nikko/Downloads/moi-main/project_root/data/temp_frames/video3/frame_00045.png,"[96, 188, 582, 283]",RIGHT_ELBOW,-0.01825779986841352,-0.6222752003882646,0.9951485991477966,0.6268409118056297,0.4471440315246582,0.33985393239435685
00045,/Users/nikko/Downloads/moi-main/project_root/data/temp_frames/video3/frame_00045.png,"[96, 188, 582, 283]",RIGHT_WRIST,0.03780148688791484,1.4373648547919646,0.960273802280426,0.6268409118056297,0.4471440315246582,0.33985393239435685
00045,/Users/nikko/Downloads/moi-main/project_root/data/temp_frames/video3/frame_00045.png,"[96, 188, 582, 283]",RIGHT_KNEE,-1.1010369982480108,0.5152075731898526,0.9883274435997009,0.6268409118056297,0.4471440315246582,0.33985393239435685
00045,/Users/nikko/Downloads/moi-main/project_root/data/temp_frames/video3/frame_00045.png,"[96, 188, 582, 283]",LEFT_ANKLE,-1.6291243573864218,0.006487947950584425,0.6601125001907349,0.6268409118056297,0.4471440315246582,0.33985393239435685
00045,/Users/nikko/Downloads/moi-main/project_root/data/temp_frames/video3/frame_00045.png,"[96, 188, 582, 283]",RIGHT_ANKLE,-1.711371326248484,0.2001789668257779,0.9891003966331482,0.6268409118056297,0.4471440315246582,0.33985393239435685
00045,/Users/nikko/Downloads/moi-main/project_root/data/temp_frames/video3/frame_00045.png,"[96, 188, 582, 283]",LEFT_EYE,0.8249191989616422,0.6066398824681005,0.9996160268783569,0.6268409118056297,0.4471440315246582,0.33985393239435685
00045,/Users/nikko/Downloads/moi-main/project_root/data/temp_frames/video3/frame_00045.png,"[96, 188, 582, 283]",RIGHT_EYE,0.8185771697712255,0.5858776773404795,0.999744713306427,0.6268409118056297,0.4471440315246582,0.33985393239435685
00046,/Users/nikko/Downloads/moi-main/project_root/data/temp_frames/video3/frame_00046.png,"[96, 189, 577, 282]",LEFT_SHOULDER,0.45038489619449346,-0.3512374847268993,0.9997467398643494,0.6317828968167305,0.46184275299310684,0.3489549296723764
00046,/Users/nikko/Downloads/moi-main/project_root/data/temp_frames/video3/frame_00046.png,"[96, 189, 577, 282]",RIGHT_SHOULDER,0.4368510153905532,0.05886887564228617,0.9998871088027954,0.6317828968167305,0.46184275299310684,0.3489549296723764
00046,/Users/nikko/Downloads/moi-main/project_root/data/temp_frames/video3/frame_00046.png,"[96, 189, 577, 282]",LEFT_HIP,-0.43995773229910595,-0.024839664876529114,0.9994396567344666,0.6317828968167305,0.46184275299310684,0.3489549296723764
00046,/Users/nikko/Downloads/moi-main/project_root/data/temp_frames/video3/frame_00046.png,"[96, 189, 577, 282]",RIGHT_HIP,-0.44727817928594077,0.3172082739611422,0.999790370464325,0.6317828968167305,0.46184275299310684,0.3489549296723764
00046,/Users/nikko/Downloads/moi-main/project_root/data/temp_frames/video3/frame_00046.png,"[96, 189, 577, 282]",RIGHT_ELBOW,-0.009778836960909216,-0.6617243602373719,0.9961007833480835,0.6317828968167305,0.46184275299310684,0.3489549296723764
00046,/Users/nikko/Downloads/moi-main/project_root/data/temp_frames/video3/frame_00046.png,"[96, 189, 577, 282]",RIGHT_WRIST,0.04824856946304251,1.3879475890709194,0.9727991819381714,0.6317828968167305,0.46184275299310684,0.3489549296723764
00046,/Users/nikko/Downloads/moi-main/project_root/data/temp_frames/video3/frame_00046.png,"[96, 189, 577, 282]",RIGHT_KNEE,-1.0960721055874496,0.5717025907395296,0.9902712106704712,0.6317828968167305,0.46184275299310684,0.3489549296723764
00046,/Users/nikko/Downloads/moi-main/project_root/data/temp_frames/video3/frame_00046.png,"[96, 189, 577, 282]",LEFT_ANKLE,-1.6089363741456921,-0.1893870692040782,0.6504891514778137,0.6317828968167305,0.46184275299310684,0.3489549296723764
00046,/Users/nikko/Downloads/moi-main/project_root/data/temp_frames/video3/frame_00046.png,"[96, 189, 577, 282]",RIGHT_ANKLE,-1.6845116089678907,0.09619013108841455,0.9909980297088623,0.6317828968167305,0.46184275299310684,0.3489549296723764
00046,/Users/nikko/Downloads/moi-main/project_root/data/temp_frames/video3/frame_00046.png,"[96, 189, 577, 282]",LEFT_EYE,0.8313309992243111,0.5918751343817203,0.9996956586837769,0.6317828968167305,0.46184275299310684,0.3489549296723764
00046,/Users/nikko/Downloads/moi-main/project_root/data/temp_frames/video3/frame_00046.png,"[96, 189, 577, 282]",RIGHT_EYE,0.826297257809109,0.5697071999281149,0.9998230338096619,0.6317828968167305,0.46184275299310684,0.3489549296723764
00047,/Users/nikko/Downloads/moi-main/project_root/data/temp_frames/video3/frame_00047.png,"[101, 189, 579, 281]",LEFT_SHOULDER,0.4449489310340497,-0.3524491901932686,0.9997864365577698,0.6248501762747765,0.479970283806324,0.35114000084996716
00047,/Users/nikko/Downloads/moi-main/project_root/data/temp_frames/video3/frame_00047.png,"[101, 189, 579, 281]",RIGHT_SHOULDER,0.4421513456032661,0.0778659085681014,0.9998860359191895,0.6248501762747765,0.479970283806324,0.35114000084996716
00047,/Users/nikko/Downloads/moi-main/project_root/data/temp_frames/video3/frame_00047.png,"[101, 189, 579, 281]",LEFT_HIP,-0.44108045991147216,-0.03441943738232945,0.9995381832122803,0.6248501762747765,0.479970283806324,0.35114000084996716
00047,/Users/nikko/Downloads/moi-main/project_root/data/temp_frames/video3/frame_00047.png,"[101, 189, 579, 281]",RIGHT_HIP,-0.4460198167258436,0.30900271900749665,0.9998218417167664,0.6248501762747765,0.479970283806324,0.35114000084996716
00047,/Users/nikko/Downloads/moi-main/project_root/data/temp_frames/video3/frame_00047.png,"[101, 189, 579, 281]",RIGHT_ELBOW,9.95136495841813e-06,-0.6889465121042904,0.9950487017631531,0.6248501762747765,0.479970283806324,0.35114000084996716
00047,/Users/nikko/Downloads/moi-main/project_root/data/temp_frames/video3/frame_00047.png,"[101, 189, 579, 281]",RIGHT_WRIST,0.04608141863701127,1.3421823707000688,0.9666791558265686,0.6248501762747765,0.479970283806324,0.35114000084996716
00047,/Users/nikko/Downloads/moi-main/project_root/data/temp_frames/video3/frame_00047.png,"[101, 189, 579, 281]",RIGHT_KNEE,-1.0975366141570142,0.553463070375697,0.9929959177970886,0.6248501762747765,0.479970283806324,0.35114000084996716
00047,/Users/nikko/Downloads/moi-main/project_root/data/temp_frames/video3/frame_00047.png,"[101, 189, 579, 281]",LEFT_ANKLE,-1.641827666343851,-0.18375848918193957,0.7409605979919434,0.6248501762747765,0.479970283806324,0.35114000084996716
00047,/Users/nikko/Downloads/moi-main/project_root/data/temp_frames/video3/frame_00047.png,"[101, 189, 579, 281]",RIGHT_ANKLE,-1.6825735407752251,0.1112160940648241,0.9934340715408325,0.6248501762747765,0.479970283806324,0.35114000084996716
00047,/Users/nikko/Downloads/moi-main/project_root/data/temp_frames/video3/frame_00047.png,"[101, 189, 579, 281]",LEFT_EYE,0.8309109871401097,0.6090751170505284,0.9996460676193237,0.6248501762747765,0.479970283806324,0.35114000084996716
00047,/Users/nikko/Downloads/moi-main/project_root/data/temp_frames/video3/frame_00047.png,"[101, 189, 579, 281]",RIGHT_EYE,0.8275315120875357,0.5983726256112403,0.9997739195823669,0.6248501762747765,0.479970283806324,0.35114000084996716
00048,/Users/nikko/Downloads/moi-main/project_root/data/temp_frames/video3/frame_00048.png,"[100, 189, 580, 279]",LEFT_SHOULDER,0.4692947885182689,-0.3282648071174614,0.9998164772987366,0.6272401884198189,0.5205613523721695,0.3469413527191485
00048,/Users/nikko/Downloads/moi-main/project_root/data/temp_frames/video3/frame_00048.png,"[100, 189, 580, 279]",RIGHT_SHOULDER,0.4303315006275548,0.061646731952464166,0.999933123588562,0.6272401884198189,0.5205613523721695,0.3469413527191485
00048,/Users/nikko/Downloads/moi-main/project_root/data/temp_frames/video3/frame_00048.png,"[100, 189, 580, 279]",LEFT_HIP,-0.4470720270869188,-0.03617982161919284,0.9995098114013672,0.6272401884198189,0.5205613523721695,0.3469413527191485
00048,/Users/nikko/Downloads/moi-main/project_root/data/temp_frames/video3/frame_00048.png,"[100, 189, 580, 279]",RIGHT_HIP,-0.4525542620589049,0.30279789678419006,0.9998347759246826,0.6272401884198189,0.5205613523721695,0.3469413527191485
00048,/Users/nikko/Downloads/moi-main/project_root/data/temp_frames/video3/frame_00048.png,"[100, 189, 580, 279]",RIGHT_ELBOW,-0.006429821260742565,-0.8762516063880398,0.996036946773529,0.6272401884198189,0.5205613523721695,0.3469413527191485
00048,/Users/nikko/Downloads/moi-main/project_root/data/temp_frames/video3/frame_00048.png,"[100, 189, 580, 279]",RIGHT_WRIST,0.035283818384614175,1.2055099349120286,0.9755350351333618,0.6272401884198189,0.5205613523721695,0.3469413527191485
00048,/Users/nikko/Downloads/moi-main/project_root/data/temp_frames/video3/frame_00048.png,"[100, 189, 580, 279]",RIGHT_KNEE,-1.1189645437489397,0.5144875355150716,0.9909145832061768,0.6272401884198189,0.5205613523721695,0.3469413527191485
00048,/Users/nikko/Downloads/moi-main/project_root/data/temp_frames/video3/frame_00048.png,"[100, 189, 580, 279]",LEFT_ANKLE,-1.6688290993368569,-0.17477227822214658,0.7419901490211487,0.6272401884198189,0.5205613523721695,0.3469413527191485
00048,/Users/nikko/Downloads/moi-main/project_root/data/temp_frames/video3/frame_00048.png,"[100, 189, 580, 279]",RIGHT_ANKLE,-1.72731729801656,0.04476734786266174,0.9937042593955994,0.6272401884198189,0.5205613523721695,0.3469413527191485
00048,/Users/nikko/Downloads/moi-main/project_root/data/temp_frames/video3/frame_00048.png,"[100, 189, 580, 279]",LEFT_EYE,0.8178979649613399,0.6226918608457985,0.9997780919075012,0.6272401884198189,0.5205613523721695,0.3469413527191485
00048,/Users/nikko/Downloads/moi-main/project_root/data/temp_frames/video3/frame_00048.png,"[100, 189, 580, 279]",RIGHT_EYE,0.8155173275533767,0.5965721950942147,0.9998711347579956,0.6272401884198189,0.5205613523721695,0.3469413527191485
00049,/Users/nikko/Downloads/moi-main/project_root/data/temp_frames/video3/frame_00049.png,"[101, 189, 581, 280]",LEFT_SHOULDER,0.43823243578838306,-0.35746301208291714,0.9998118281364441,0.6225806176662445,0.5068482756614685,0.35530436883352073
00049,/Users/nikko/Downloads/moi-main/project_root/data/temp_frames/video3/frame_00049.png,"[101, 189, 581, 280]",RIGHT_SHOULDER,0.43264966465614957,0.06826468068530853,0.9999246597290039,0.6225806176662445,0.5068482756614685,0.35530436883352073
00049,/Users/nikko/Downloads/moi-main/project_root/data/temp_frames/video3/frame_00049.png,"[101, 189, 581, 280]",LEFT_HIP,-0.43158734613110766,-0.05949512173452658,0.9995586276054382,0.6225806176662445,0.5068482756614685,0.35530436883352073
00049,/Users/nikko/Downloads/moi-main/project_root/data/temp_frames/video3/frame_00049.png,"[101, 189, 581, 280]",RIGHT_HIP,-0.43929475431342496,0.3486934531321352,0.9998387098312378,0.6225806176662445,0.5068482756614685,0.35530436883352073
00049,/Users/nikko/Downloads/moi-main/project_root/data/temp_frames/video3/frame_00049.png,"[101, 189, 581, 280]",RIGHT_ELBOW,0.006939670206817195,-0.7893640210742218,0.9959956407546997,0.6225806176662445,0.5068482756614685,0.35530436883352073
00049,/Users/nikko/Downloads/moi-main/project_root/data/temp_frames/video3/frame_00049.png,"[101, 189, 581, 280]",RIGHT_WRIST,0.038284651141207215,1.21374785784174,0.9712414145469666,0.6225806176662445,0.5068482756614685,0.35530436883352073
00049,/Users/nikko/Downloads/moi-main/project_root/data/temp_frames/video3/frame_00049.png,"[101, 189, 581, 280]",RIGHT_KNEE,-1.0769757946430765,0.5280237243367214,0.9924841523170471,0.6225806176662445,0.5068482756614685,0.35530436883352073
00049,/Users/nikko/Downloads/moi-main/project_root/data/temp_frames/video3/frame_00049.png,"[101, 189, 581, 280]",LEFT_ANKLE,-1.5936550957801183,-0.18232816511722116,0.7543426156044006,0.6225806176662445,0.5068482756614685,0.35530436883352073
00049,/Users/nikko/Downloads/moi-main/project_root/data/temp_frames/video3/frame_00049.png,"[101, 189, 581, 280]",RIGHT_ANKLE,-1.6409652604697518,0.06962166363818081,0.9939987659454346,0.6225806176662445,0.5068482756614685,0.35530436883352073
00049,/Users/nikko/Downloads/moi-main/project_root/data/temp_frames/video3/frame_00049.png,"[101, 189, 581, 280]",LEFT_EYE,0.8007008847431418,0.6321264103632414,0.9997968077659607,0.6225806176662445,0.5068482756614685,0.35530436883352073
00049,/Users/nikko/Downloads/moi-main/project_root/data/temp_frames/video3/frame_00049.png,"[101, 189, 581, 280]",RIGHT_EYE,0.799478274808597,0.6188048605687565,0.9998797178268433,0.6225806176662445,0.5068482756614685,0.35530436883352073
00050,/Users/nikko/Downloads/moi-main/project_root/data/temp_frames/video3/frame_00050.png,"[101, 187, 586, 280]",LEFT_SHOULDER,0.48021021481822296,-0.2430647129274106,0.9997369647026062,0.6191464364528656,0.520515576004982,0.32014578625888124
00050,/Users/nikko/Downloads/moi-main/project_root/data/temp_frames/video3/frame_00050.png,"[101, 187, 586, 280]",RIGHT_SHOULDER,0.4523229168740547,0.14836897257276324,0.9999351501464844,0.6191464364528656,0.520515576004982,0.32014578625888124
00050,/Users/nikko/Downloads/moi-main/project_root/data/temp_frames/video3/frame_00050.png,"[101, 187, 586, 280]",LEFT_HIP,-0.457469202907714,-0.10888928902206926,0.9995067119598389,0.6191464364528656,0.520515576004982,0.32014578625888124
00050,/Users/nikko/Downloads/moi-main/project_root/data/temp_frames/video3/frame_00050.png,"[101, 187, 586, 280]",RIGHT_HIP,-0.4750639287845636,0.2035850293767166,0.9998533725738525,0.6191464364528656,0.520515576004982,0.32014578625888124
00050,/Users/nikko/Downloads/moi-main/project_root/data/temp_frames/video3/frame_00050.png,"[101, 187, 586, 280]",RIGHT_ELBOW,-0.010902589837312465,-0.9251508740690613,0.9961269497871399,0.6191464364528656,0.520515576004982,0.32014578625888124
00050,/Users/nikko/Downloads/moi-main/project_root/data/temp_frames/video3/frame_00050.png,"[101, 187, 586, 280]",RIGHT_WRIST,0.0260557551966284,1.3915248655990964,0.9888569712638855,0.6191464364528656,0.520515576004982,0.32014578625888124
00050,/Users/nikko/Downloads/moi-main/project_root/data/temp_frames/video3/frame_00050.png,"[101, 187, 586, 280]",RIGHT_KNEE,-1.1239248339525958,0.6094381460590217,0.9915387034416199,0.6191464364528656,0.520515576004982,0.32014578625888124
00050,/Users/nikko/Downloads/moi-main/project_root/data/temp_frames/video3/frame_00050.png,"[101, 187, 586, 280]",LEFT_ANKLE,-1.6219790227140745,-0.06465020084349872,0.7182112336158752,0.6191464364528656,0.520515576004982,0.32014578625888124
00050,/Users/nikko/Downloads/moi-main/project_root/data/temp_frames/video3/frame_00050.png,"[101, 187, 586, 280]",RIGHT_ANKLE,-1.6659675130234517,0.11154076714548367,0.994509756565094,0.6191464364528656,0.520515576004982,0.32014578625888124
00050,/Users/nikko/Downloads/moi-main/project_root/data/temp_frames/video3/frame_00050.png,"[101, 187, 586, 280]",LEFT_EYE,0.8805030749154934,0.7194543342287577,0.9994916915893555,0.6191464364528656,0.520515576004982,0.32014578625888124
00050,/Users/nikko/Downloads/moi-main/project_root/data/temp_frames/video3/frame_00050.png,"[101, 187, 586, 280]",RIGHT_EYE,0.8791743104337457,0.7047083438619571,0.9997410178184509,0.6191464364528656,0.520515576004982,0.32014578625888124
00051,/Users/nikko/Downloads/moi-main/project_root/data/temp_frames/video3/frame_00051.png,"[100, 189, 582, 279]",LEFT_SHOULDER,0.44045638245754754,-0.3434583738245827,0.9998440742492676,0.6252631321549416,0.5253894180059433,0.35551221255113036
00051,/Users/nikko/Downloads/moi-main/project_root/data/temp_frames/video3/frame_00051.png,"[100, 189, 582, 279]",RIGHT_SHOULDER,0.4333580568265046,0.12407839839021355,0.9999094009399414,0.6252631321549416,0.5253894180059433,0.35551221255113036
00051,/Users/nikko/Downloads/moi-main/project_root/data/temp_frames/video3/frame_00051.png,"[100, 189, 582, 279]",LEFT_HIP,-0.43303518846748945,-0.1028181268068684,0.99940025806427,0.6252631321549416,0.5253894180059433,0.35551221255113036
00051,/Users/nikko/Downloads/moi-main/project_root/data/temp_frames/video3/frame_00051.png,"[100, 189, 582, 279]",RIGHT_HIP,-0.4407792508165626,0.32219810224123757,0.999772846698761,0.6252631321549416,0.5253894180059433,0.35551221255113036
00051,/Users/nikko/Downloads/moi-main/project_root/data/temp_frames/video3/frame_00051.png,"[100, 189, 582, 279]",RIGHT_ELBOW,0.005914719483302137,-0.8505839288218463,0.9943746328353882,0.6252631321549416,0.5253894180059433,0.35551221255113036
00051,/Users/nikko/Downloads/moi-main/project_root/data/temp_frames/video3/frame_00051.png,"[100, 189, 582, 279]",RIGHT_WRIST,0.023907159216426242,1.2638074780297737,0.9548792243003845,0.6252631321549416,0.5253894180059433,0.35551221255113036
00051,/Users/nikko/Downloads/moi-main/project_root/data/temp_frames/video3/frame_00051.png,"[100, 189, 582, 279]",RIGHT_KNEE,-1.0780448554064808,0.4392554236549148,0.99324631690979,0.6252631321549416,0.5253894180059433,0.35551221255113036
00051,/Users/nikko/Downloads/moi-main/project_root/data/temp_frames/video3/frame_00051.png,"[100, 189, 582, 279]",LEFT_ANKLE,-1.6011475739930772,-0.20363218963222457,0.7741087675094604,0.6252631321549416,0.5253894180059433,0.35551221255113036
00051,/Users/nikko/Downloads/moi-main/project_root/data/temp_frames/video3/frame_00051.png,"[100, 189, 582, 279]",RIGHT_ANKLE,-1.6510006198026004,-0.032292997351434705,0.9949047565460205,0.6252631321549416,0.5253894180059433,0.35551221255113036
00051,/Users/nikko/Downloads/moi-main/project_root/data/temp_frames/video3/frame_00051.png,"[100, 189, 582, 279]",LEFT_EYE,0.7905457757552271,0.6233052260708892,0.9997829794883728,0.6252631321549416,0.5253894180059433,0.35551221255113036
00051,/Users/nikko/Downloads/moi-main/project_root/data/temp_frames/video3/frame_00051.png,"[100, 189, 582, 279]",RIGHT_EYE,0.7897400089976383,0.6299408142381484,0.9998562335968018,0.6252631321549416,0.5253894180059433,0.35551221255113036
00052,/Users/nikko/Downloads/moi-main/project_root/data/temp_frames/video3/frame_00052.png,"[98, 188, 586, 280]",LEFT_SHOULDER,0.4527345450735005,-0.3020419048043439,0.9998252987861633,0.6235535219311714,0.5243197157979012,0.33869046841957473
00052,/Users/nikko/Downloads/moi-main/project_root/data/temp_frames/video3/frame_00052.png,"[98, 188, 586, 280]",RIGHT_SHOULDER,0.44472332866069014,0.12121410660556634,0.9999384880065918,0.6235535219311714,0.5243197157979012,0.33869046841957473
00052,/Users/nikko/Downloads/moi-main/project_root/data/temp_frames/video3/frame_00052.png,"[98, 188, 586, 280]",LEFT_HIP,-0.4449071896146747,-0.10833358866553951,0.9993420243263245,0.6235535219311714,0.5243197157979012,0.33869046841957473
00052,/Users/nikko/Downloads/moi-main/project_root/data/temp_frames/video3/frame_00052.png,"[98, 188, 586, 280]",RIGHT_HIP,-0.452550684119516,0.2891613868643171,0.9997889399528503,0.6235535219311714,0.5243197157979012,0.33869046841957473
00052,/Users/nikko/Downloads/moi-main/project_root/data/temp_frames/video3/frame_00052.png,"[98, 188, 586, 280]",RIGHT_ELBOW,-0.004417788476183615,-0.8354113132315556,0.9963526725769043,0.6235535219311714,0.5243197157979012,0.33869046841957473
00052,/Users/nikko/Downloads/moi-main/project_root/data/temp_frames/video3/frame_00052.png,"[98, 188, 586, 280]",RIGHT_WRIST,0.028220324627445396,1.305970273667844,0.9826855659484863,0.6235535219311714,0.5243197157979012,0.33869046841957473
00052,/Users/nikko/Downloads/moi-main/project_root/data/temp_frames/video3/frame_00052.png,"[98, 188, 586, 280]",RIGHT_KNEE,-1.1185207533488473,0.49252471289828886,0.9931406378746033,0.6235535219311714,0.5243197157979012,0.33869046841957473
00052,/Users/nikko/Downloads/moi-main/project_root/data/temp_frames/video3/frame_00052.png,"[98, 188, 586, 280]",LEFT_ANKLE,-1.6231459060238171,-0.26471764718508917,0.7594440579414368,0.6235535219311714,0.5243197157979012,0.33869046841957473
00052,/Users/nikko/Downloads/moi-main/project_root/data/temp_frames/video3/frame_00052.png,"[98, 188, 586, 280]",RIGHT_ANKLE,-1.6725373641398449,0.01885208326495836,0.9951170682907104,0.6235535219311714,0.5243197157979012,0.33869046841957473
00052,/Users/nikko/Downloads/moi-main/project_root/data/temp_frames/video3/frame_00052.png,"[98, 188, 586, 280]",LEFT_EYE,0.8200089216656868,0.6413266958868575,0.9997401833534241,0.6235535219311714,0.5243197157979012,0.33869046841957473
00052,/Users/nikko/Downloads/moi-main/project_root/data/temp_frames/video3/frame_00052.png,"[98, 188, 586, 280]",RIGHT_EYE,0.8187993726475145,0.6574258584334041,0.9998487234115601,0.6235535219311714,0.5243197157979012,0.33869046841957473
00053,/Users/nikko/Downloads/moi-main/project_root/data/temp_frames/video3/frame_00053.png,"[97, 188, 587, 280]",LEFT_SHOULDER,0.43815244504160766,-0.3319640234293469,0.9997941851615906,0.6231874078512192,0.5267354398965836,0.3427284338968545
00053,/Users/nikko/Downloads/moi-main/project_root/data/temp_frames/video3/frame_00053.png,"[97, 188, 587, 280]",RIGHT_SHOULDER,0.4388773109554134,0.12295029369838902,0.9998905658721924,0.6231874078512192,0.5267354398965836,0.3427284338968545
00053,/Users/nikko/Downloads/moi-main/project_root/data/temp_frames/video3/frame_00053.png,"[97, 188, 587, 280]",LEFT_HIP,-0.4359752386176794,-0.1108103548516509,0.9992730021476746,0.6231874078512192,0.5267354398965836,0.3427284338968545
00053,/Users/nikko/Downloads/moi-main/project_root/data/temp_frames/video3/frame_00053.png,"[97, 188, 587, 280]",RIGHT_HIP,-0.44105451737934165,0.31982408458260875,0.9997259974479675,0.6231874078512192,0.5267354398965836,0.3427284338968545
00053,/Users/nikko/Downloads/moi-main/project_root/data/temp_frames/video3/frame_00053.png,"[97, 188, 587, 280]",RIGHT_ELBOW,-0.0022592494889085778,-0.8360397885652658,0.9943603873252869,0.6231874078512192,0.5267354398965836,0.3427284338968545
00053,/Users/nikko/Downloads/moi-main/project_root/data/temp_frames/video3/frame_00053.png,"[97, 188, 587, 280]",RIGHT_WRIST,0.01974029186535944,1.248704448954583,0.958011269569397,0.6231874078512192,0.5267354398965836,0.3427284338968545
00053,/Users/nikko/Downloads/moi-main/project_root/data/temp_frames/video3/frame_00053.png,"[97, 188, 587, 280]",RIGHT_KNEE,-1.1003171964348322,0.461338849982432,0.9923424124717712,0.6231874078512192,0.5267354398965836,0.3427284338968545
00053,/Users/nikko/Downloads/moi-main/project_root/data/temp_frames/video3/frame_00053.png,"[97, 188, 587, 280]",LEFT_ANKLE,-1.6199942742856452,-0.23991683493040733,0.7371988892555237,0.6231874078512192,0.5267354398965836,0.3427284338968545
00053,/Users/nikko/Downloads/moi-main/project_root/data/temp_frames/video3/frame_00053.png,"[97, 188, 587, 280]",RIGHT_ANKLE,-1.6536878328198767,-0.002757420892482553,0.993811845779419,0.6231874078512192,0.5267354398965836,0.3427284338968545
00053,/Users/nikko/Downloads/moi-main/project_root/data/temp_frames/video3/frame_00053.png,"[97, 188, 587, 280]",LEFT_EYE,0.7999742745881274,0.6349099756419073,0.9996022582054138,0.6231874078512192,0.5267354398965836,0.3427284338968545
00053,/Users/nikko/Downloads/moi-main/project_root/data/temp_frames/video3/frame_00053.png,"[97, 188, 587, 280]",RIGHT_EYE,0.7987607154838722,0.6447365348376274,0.9997444748878479,0.6231874078512192,0.5267354398965836,0.3427284338968545
00054,/Users/nikko/Downloads/moi-main/project_root/data/temp_frames/video3/frame_00054.png,"[97, 188, 588, 280]",LEFT_SHOULDER,0.47557502730993756,-0.2748181178939288,0.999561607837677,0.6238698735833168,0.5247465595602989,0.31805502546477754
00054,/Users/nikko/Downloads/moi-main/project_root/data/temp_frames/video3/frame_00054.png,"[97, 188, 588, 280]",RIGHT_SHOULDER,0.45024162635641485,0.1193268991671816,0.9998626708984375,0.6238698735833168,0.5247465595602989,0.31805502546477754
00054,/Users/nikko/Downloads/moi-main/project_root/data/temp_frames/video3/frame_00054.png,"[97, 188, 588, 280]",LEFT_HIP,-0.45679854904460393,-0.07663894447717813,0.999005138874054,0.6238698735833168,0.5247465595602989,0.31805502546477754
00054,/Users/nikko/Downloads/moi-main/project_root/data/temp_frames/video3/frame_00054.png,"[97, 188, 588, 280]",RIGHT_HIP,-0.4690181046217484,0.23213016320392532,0.9996798038482666,0.6238698735833168,0.5247465595602989,0.31805502546477754
00054,/Users/nikko/Downloads/moi-main/project_root/data/temp_frames/video3/frame_00054.png,"[97, 188, 588, 280]",RIGHT_ELBOW,-0.014358228455409345,-0.9077395420700287,0.9954994320869446,0.6238698735833168,0.5247465595602989,0.31805502546477754
00054,/Users/nikko/Downloads/moi-main/project_root/data/temp_frames/video3/frame_00054.png,"[97, 188, 588, 280]",RIGHT_WRIST,0.012974018893466787,1.364084972726468,0.9834241271018982,0.6238698735833168,0.5247465595602989,0.31805502546477754
00054,/Users/nikko/Downloads/moi-main/project_root/data/temp_frames/video3/frame_00054.png,"[97, 188, 588, 280]",RIGHT_KNEE,-1.12671071906451,0.6319194944557776,0.9915781021118164,0.6238698735833168,0.5247465595602989,0.31805502546477754
00054,/Users/nikko/Downloads/moi-main/project_root/data/temp_frames/video3/frame_00054.png,"[97, 188, 588, 280]",LEFT_ANKLE,-1.6199081232268817,-0.2726725345093046,0.7273577451705933,0.6238698735833168,0.5247465595602989,0.31805502546477754
00054,/Users/nikko/Downloads/moi-main/project_root/data/temp_frames/video3/frame_00054.png,"[97, 188, 588, 280]",RIGHT_ANKLE,-1.6357970405536062,0.17929959976671392,0.9939263463020325,0.6238698735833168,0.5247465595602989,0.31805502546477754
00054,/Users/nikko/Downloads/moi-main/project_root/data/temp_frames/video3/frame_00054.png,"[97, 188, 588, 280]",LEFT_EYE,0.8553179869075087,0.7008245984481588,0.9989396929740906,0.6238698735833168,0.5247465595602989,0.31805502546477754
00054,/Users/nikko/Downloads/moi-main/project_root/data/temp_frames/video3/frame_00054.png,"[97, 188, 588, 280]",RIGHT_EYE,0.8540736272539229,0.6952514039093048,0.9994004964828491,0.6238698735833168,0.5247465595602989,0.31805502546477754
00055,/Users/nikko/Downloads/moi-main/project_root/data/temp_frames/video3/frame_00055.png,"[96, 188, 587, 280]",LEFT_SHOULDER,0.43643811129809174,-0.35232812004370134,0.9997116923332214,0.6238144859671593,0.521017536520958,0.3432326314576358
00055,/Users/nikko/Downloads/moi-main/project_root/data/temp_frames/video3/frame_00055.png,"[96, 188, 587, 280]",RIGHT_SHOULDER,0.4405852068578471,0.12882118543753612,0.9998624324798584,0.6238144859671593,0.521017536520958,0.3432326314576358
00055,/Users/nikko/Downloads/moi-main/project_root/data/temp_frames/video3/frame_00055.png,"[96, 188, 587, 280]",LEFT_HIP,-0.4352882000706385,-0.08424073303947269,0.9989424347877502,0.6238144859671593,0.521017536520958,0.3432326314576358
00055,/Users/nikko/Downloads/moi-main/project_root/data/temp_frames/video3/frame_00055.png,"[96, 188, 587, 280]",RIGHT_HIP,-0.44173511808530025,0.30774766764563793,0.9996137022972107,0.6238144859671593,0.521017536520958,0.3432326314576358
00055,/Users/nikko/Downloads/moi-main/project_root/data/temp_frames/video3/frame_00055.png,"[96, 188, 587, 280]",RIGHT_ELBOW,-0.0007589448832530363,-0.8287433269181643,0.99334716796875,0.6238144859671593,0.521017536520958,0.3432326314576358
00055,/Users/nikko/Downloads/moi-main/project_root/data/temp_frames/video3/frame_00055.png,"[96, 188, 587, 280]",RIGHT_WRIST,0.018910454458116618,1.2616143777285884,0.9532426595687866,0.6238144859671593,0.521017536520958,0.3432326314576358
00055,/Users/nikko/Downloads/moi-main/project_root/data/temp_frames/video3/frame_00055.png,"[96, 188, 587, 280]",RIGHT_KNEE,-1.0974153508969275,0.43805704755464564,0.9912870526313782,0.6238144859671593,0.521017536520958,0.3432326314576358
00055,/Users/nikko/Downloads/moi-main/project_root/data/temp_frames/video3/frame_00055.png,"[96, 188, 587, 280]",LEFT_ANKLE,-1.626763332867987,-0.22880038143110357,0.7343660593032837,0.6238144859671593,0.521017536520958,0.3432326314576358
00055,/Users/nikko/Downloads/moi-main/project_root/data/temp_frames/video3/frame_00055.png,"[96, 188, 587, 280]",RIGHT_ANKLE,-1.6860334051898267,-0.02258053678075028,0.9936827421188354,0.6238144859671593,0.521017536520958,0.3432326314576358
00055,/Users/nikko/Downloads/moi-main/project_root/data/temp_frames/video3/frame_00055.png,"[96, 188, 587, 280]",LEFT_EYE,0.7972934263333067,0.6430619031306792,0.9995519518852234,0.6238144859671593,0.521017536520958,0.3432326314576358
00055,/Users/nikko/Downloads/moi-main/project_root/data/temp_frames/video3/frame_00055.png,"[96, 188, 587, 280]",RIGHT_EYE,0.795467426173731,0.6456580707374939,0.9997145533561707,0.6238144859671593,0.521017536520958,0.3432326314576358
00056,/Users/nikko/Downloads/moi-main/project_root/data/temp_frames/video3/frame_00056.png,"[96, 188, 591, 280]",LEFT_SHOULDER,0.4495031025482013,-0.3035629402201153,0.9996861219406128,0.618988111615181,0.5313163176178932,0.3327438152378154
00056,/Users/nikko/Downloads/moi-main/project_root/data/temp_frames/video3/frame_00056.png,"[96, 188, 591, 280]",RIGHT_SHOULDER,0.44781676579235663,0.1338492406410436,0.9998995065689087,0.618988111615181,0.5313163176178932,0.3327438152378154
00056,/Users/nikko/Downloads/moi-main/project_root/data/temp_frames/video3/frame_00056.png,"[96, 188, 591, 280]",LEFT_HIP,-0.4432189276066073,-0.11086027362571801,0.9989930987358093,0.618988111615181,0.5313163176178932,0.3327438152378154
00056,/Users/nikko/Downloads/moi-main/project_root/data/temp_frames/video3/frame_00056.png,"[96, 188, 591, 280]",RIGHT_HIP,-0.45410094073395063,0.2805739732047898,0.9996688365936279,0.618988111615181,0.5313163176178932,0.3327438152378154
00056,/Users/nikko/Downloads/moi-main/project_root/data/temp_frames/video3/frame_00056.png,"[96, 188, 591, 280]",RIGHT_ELBOW,-0.001354810544788874,-0.8781952663179818,0.9946479201316833,0.618988111615181,0.5313163176178932,0.3327438152378154
00056,/Users/nikko/Downloads/moi-main/project_root/data/temp_frames/video3/frame_00056.png,"[96, 188, 591, 280]",RIGHT_WRIST,0.01723681036190437,1.3320122848341702,0.9728112816810608,0.618988111615181,0.5313163176178932,0.3327438152378154
00056,/Users/nikko/Downloads/moi-main/project_root/data/temp_frames/video3/frame_00056.png,"[96, 188, 591, 280]",RIGHT_KNEE,-1.100115432384193,0.47829525608558215,0.9906873106956482,0.618988111615181,0.5313163176178932,0.3327438152378154
00056,/Users/nikko/Downloads/moi-main/project_root/data/temp_frames/video3/frame_00056.png,"[96, 188, 591, 280]",LEFT_ANKLE,-1.5792586485949058,-0.24561692340515398,0.6932850480079651,0.618988111615181,0.5313163176178932,0.3327438152378154
00056,/Users/nikko/Downloads/moi-main/project_root/data/temp_frames/video3/frame_00056.png,"[96, 188, 591, 280]",RIGHT_ANKLE,-1.6357076250600922,0.007215632381396217,0.993119478225708,0.618988111615181,0.5313163176178932,0.3327438152378154
00056,/Users/nikko/Downloads/moi-main/project_root/data/temp_frames/video3/frame_00056.png,"[96, 188, 591, 280]",LEFT_EYE,0.8161376840935443,0.6561667037646894,0.999352753162384,0.618988111615181,0.5313163176178932,0.3327438152378154
00056,/Users/nikko/Downloads/moi-main/project_root/data/temp_frames/video3/frame_00056.png,"[96, 188, 591, 280]",RIGHT_EYE,0.8126722208602138,0.640959399867575,0.9996131062507629,0.618988111615181,0.5313163176178932,0.3327438152378154
00057,/Users/nikko/Downloads/moi-main/project_root/data/temp_frames/video3/frame_00057.png,"[96, 188, 584, 279]",LEFT_SHOULDER,0.44101324276530174,-0.33198770626996843,0.9997137188911438,0.6286401376128197,0.5264729261398315,0.3412863023054069
00057,/Users/nikko/Downloads/moi-main/project_root/data/temp_frames/video3/frame_00057.png,"[96, 188, 584, 279]",RIGHT_SHOULDER,0.44133389474303536,0.1067620889392741,0.9998494386672974,0.6286401376128197,0.5264729261398315,0.3412863023054069
00057,/Users/nikko/Downloads/moi-main/project_root/data/temp_frames/video3/frame_00057.png,"[96, 188, 584, 279]",LEFT_HIP,-0.43901951574198345,-0.09252861660413135,0.9991832375526428,0.6286401376128197,0.5264729261398315,0.3412863023054069
00057,/Users/nikko/Downloads/moi-main/project_root/data/temp_frames/video3/frame_00057.png,"[96, 188, 584, 279]",RIGHT_HIP,-0.44332762176635365,0.3177542339348257,0.9996979236602783,0.6286401376128197,0.5264729261398315,0.3412863023054069
00057,/Users/nikko/Downloads/moi-main/project_root/data/temp_frames/video3/frame_00057.png,"[96, 188, 584, 279]",RIGHT_ELBOW,-0.000468468871880814,-0.8058453127765833,0.9945034980773926,0.6286401376128197,0.5264729261398315,0.3412863023054069
00057,/Users/nikko/Downloads/moi-main/project_root/data/temp_frames/video3/frame_00057.png,"[96, 188, 584, 279]",RIGHT_WRIST,0.021491126838516842,1.3526050500737419,0.9650354385375977,0.6286401376128197,0.5264729261398315,0.3412863023054069
00057,/Users/nikko/Downloads/moi-main/project_root/data/temp_frames/video3/frame_00057.png,"[96, 188, 584, 279]",RIGHT_KNEE,-1.1009914646857488,0.4862961438193409,0.9925544857978821,0.6286401376128197,0.5264729261398315,0.3412863023054069
00057,/Users/nikko/Downloads/moi-main/project_root/data/temp_frames/video3/frame_00057.png,"[96, 188, 584, 279]",LEFT_ANKLE,-1.596842177304846,-0.2145327645732168,0.7688876986503601,0.6286401376128197,0.5264729261398315,0.3412863023054069
00057,/Users/nikko/Downloads/moi-main/project_root/data/temp_frames/video3/frame_00057.png,"[96, 188, 584, 279]",RIGHT_ANKLE,-1.634383062102381,0.00484191472259609,0.9943816065788269,0.6286401376128197,0.5264729261398315,0.3412863023054069
00057,/Users/nikko/Downloads/moi-main/project_root/data/temp_frames/video3/frame_00057.png,"[96, 188, 584, 279]",LEFT_EYE,0.8061548091742092,0.6509434245625383,0.9992855191230774,0.6286401376128197,0.5264729261398315,0.3412863023054069
00057,/Users/nikko/Downloads/moi-main/project_root/data/temp_frames/video3/frame_00057.png,"[96, 188, 584, 279]",RIGHT_EYE,0.8055482599810344,0.6595699407870337,0.9995311498641968,0.6286401376128197,0.5264729261398315,0.3412863023054069
00058,/Users/nikko/Downloads/moi-main/project_root/data/temp_frames/video3/frame_00058.png,"[95, 188, 584, 279]",LEFT_SHOULDER,0.4431091272492966,-0.3297043329274685,0.9997382760047913,0.6263499334454536,0.5303813964128494,0.3477164447507892
00058,/Users/nikko/Downloads/moi-main/project_root/data/temp_frames/video3/frame_00058.png,"[95, 188, 584, 279]",RIGHT_SHOULDER,0.4402048024419,0.10596692956855308,0.9998700618743896,0.6263499334454536,0.5303813964128494,0.3477164447507892
00058,/Users/nikko/Downloads/moi-main/project_root/data/temp_frames/video3/frame_00058.png,"[95, 188, 584, 279]",LEFT_HIP,-0.43809204027862525,-0.0939927393368422,0.9989462494850159,0.6263499334454536,0.5303813964128494,0.3477164447507892
00058,/Users/nikko/Downloads/moi-main/project_root/data/temp_frames/video3/frame_00058.png,"[95, 188, 584, 279]",RIGHT_HIP,-0.4452218894125713,0.3177301426957576,0.9996240139007568,0.6263499334454536,0.5303813964128494,0.3477164447507892
00058,/Users/nikko/Downloads/moi-main/project_root/data/temp_frames/video3/frame_00058.png,"[95, 188, 584, 279]",RIGHT_ELBOW,0.0055518449401734055,-0.8167479296037343,0.9940031170845032,0.6263499334454536,0.5303813964128494,0.3477164447507892
00058,/Users/nikko/Downloads/moi-main/project_root/data/temp_frames/video3/frame_00058.png,"[95, 188, 584, 279]",RIGHT_WRIST,0.030443535290575228,1.300175819311788,0.9600900411605835,0.6263499334454536,0.5303813964128494,0.3477164447507892
00058,/Users/nikko/Downloads/moi-main/project_root/data/temp_frames/video3/frame_00058.png,"[95, 188, 584, 279]",RIGHT_KNEE,-1.1079985212554988,0.43604928069123555,0.9915943741798401,0.6263499334454536,0.5303813964128494,0.3477164447507892
00058,/Users/nikko/Downloads/moi-main/project_root/data/temp_frames/video3/frame_00058.png,"[95, 188, 584, 279]",LEFT_ANKLE,-1.593193081420156,-0.2213848282696212,0.7173755764961243,0.6263499334454536,0.5303813964128494,0.3477164447507892
00058,/Users/nikko/Downloads/moi-main/project_root/data/temp_frames/video3/frame_00058.png,"[95, 188, 584, 279]",RIGHT_ANKLE,-1.6250114591587879,0.009195985767644455,0.993415117263794,0.6263499334454536,0.5303813964128494,0.3477164447507892
00058,/Users/nikko/Downloads/moi-main/project_root/data/temp_frames/video3/frame_00058.png,"[95, 188, 584, 279]",LEFT_EYE,0.7954861952919342,0.6294255790961015,0.999535322189331,0.6263499334454536,0.5303813964128494,0.3477164447507892
00058,/Users/nikko/Downloads/moi-main/project_root/data/temp_frames/video3/frame_00058.png,"[95, 188, 584, 279]",RIGHT_EYE,0.7931328059700463,0.6256050283490524,0.9996927976608276,0.6263499334454536,0.5303813964128494,0.3477164447507892
00059,/Users/nikko/Downloads/moi-main/project_root/data/temp_frames/video3/frame_00059.png,"[96, 189, 573, 280]",LEFT_SHOULDER,0.44281310154244646,-0.3444395628981543,0.9997343420982361,0.6422824040055275,0.5021648705005646,0.35520253288768605
00059,/Users/nikko/Downloads/moi-main/project_root/data/temp_frames/video3/frame_00059.png,"[96, 189, 573, 280]",RIGHT_SHOULDER,0.4348413727608979,0.07305183450861295,0.9998897314071655,0.6422824040055275,0.5021648705005646,0.35520253288768605
00059,/Users/nikko/Downloads/moi-main/project_root/data/temp_frames/video3/frame_00059.png,"[96, 189, 573, 280]",LEFT_HIP,-0.4353352638638384,-0.06793404369810359,0.9992101192474365,0.6422824040055275,0.5021648705005646,0.35520253288768605
00059,/Users/nikko/Downloads/moi-main/project_root/data/temp_frames/video3/frame_00059.png,"[96, 189, 573, 280]",RIGHT_HIP,-0.4423192104395059,0.3393217720876449,0.9997228980064392,0.6422824040055275,0.5021648705005646,0.35520253288768605
00059,/Users/nikko/Downloads/moi-main/project_root/data/temp_frames/video3/frame_00059.png,"[96, 189, 573, 280]",RIGHT_ELBOW,-0.0068243853075086154,-0.7483960032091668,0.9959651231765747,0.6422824040055275,0.5021648705005646,0.35520253288768605
00059,/Users/nikko/Downloads/moi-main/project_root/data/temp_frames/video3/frame_00059.png,"[96, 189, 573, 280]",RIGHT_WRIST,0.023554637029753703,1.3397477244477167,0.9720696210861206,0.6422824040055275,0.5021648705005646,0.35520253288768605
00059,/Users/nikko/Downloads/moi-main/project_root/data/temp_frames/video3/frame_00059.png,"[96, 189, 573, 280]",RIGHT_KNEE,-1.0891516872006646,0.46380917877629085,0.9927963614463806,0.6422824040055275,0.5021648705005646,0.35520253288768605
00059,/Users/nikko/Downloads/moi-main/project_root/data/temp_frames/video3/frame_00059.png,"[96, 189, 573, 280]",LEFT_ANKLE,-1.6222015836858328,-0.14995033943199096,0.7666376829147339,0.6422824040055275,0.5021648705005646,0.35520253288768605
00059,/Users/nikko/Downloads/moi-main/project_root/data/temp_frames/video3/frame_00059.png,"[96, 189, 573, 280]",RIGHT_ANKLE,-1.6595908874445853,0.00793724492130755,0.9941132664680481,0.6422824040055275,0.5021648705005646,0.35520253288768605
00059,/Users/nikko/Downloads/moi-main/project_root/data/temp_frames/video3/frame_00059.png,"[96, 189, 573, 280]",LEFT_EYE,0.8025282594063298,0.5967324619711888,0.9996733665466309,0.6422824040055275,0.5021648705005646,0.35520253288768605
00059,/Users/nikko/Downloads/moi-main/project_root/data/temp_frames/video3/frame_00059.png,"[96, 189, 573, 280]",RIGHT_EYE,0.799933663556957,0.5902911118047147,0.9998074173927307,0.6422824040055275,0.5021648705005646,0.35520253288768605
00060,/Users/nikko/Downloads/moi-main/project_root/data/temp_frames/video3/frame_00060.png,"[89, 187, 575, 281]",LEFT_SHOULDER,0.45661583745800466,-0.30330464328357304,0.9997828602790833,0.6451394855976105,0.48283763974905014,0.3421759037518358
00060,/Users/nikko/Downloads/moi-main/project_root/data/temp_frames/video3/frame_00060.png,"[89, 187, 575, 281]",RIGHT_SHOULDER,0.4431576868259645,0.043997949212211736,0.9999277591705322,0.6451394855976105,0.48283763974905014,0.3421759037518358
00060,/Users/nikko/Downloads/moi-main/project_root/data/temp_frames/video3/frame_00060.png,"[89, 187, 575, 281]",LEFT_HIP,-0.4477889559283985,-0.06227005384799773,0.99866783618927,0.6451394855976105,0.48283763974905014,0.3421759037518358
00060,/Users/nikko/Downloads/moi-main/project_root/data/temp_frames/video3/frame_00060.png,"[89, 187, 575, 281]",RIGHT_HIP,-0.45198456835557066,0.32157674791935903,0.9995812773704529,0.6451394855976105,0.48283763974905014,0.3421759037518358
00060,/Users/nikko/Downloads/moi-main/project_root/data/temp_frames/video3/frame_00060.png,"[89, 187, 575, 281]",RIGHT_ELBOW,-0.024154035879048248,-0.7101404346451639,0.9966099858283997,0.6451394855976105,0.48283763974905014,0.3421759037518358
00060,/Users/nikko/Downloads/moi-main/project_root/data/temp_frames/video3/frame_00060.png,"[89, 187, 575, 281]",RIGHT_WRIST,0.020956723494229494,1.3419139458054776,0.988516092300415,0.6451394855976105,0.48283763974905014,0.3421759037518358
00060,/Users/nikko/Downloads/moi-main/project_root/data/temp_frames/video3/frame_00060.png,"[89, 187, 575, 281]",RIGHT_KNEE,-1.1048300316749222,0.5272636597516446,0.9902723431587219,0.6451394855976105,0.48283763974905014,0.3421759037518358
00060,/Users/nikko/Downloads/moi-main/project_root/data/temp_frames/video3/frame_00060.png,"[89, 187, 575, 281]",LEFT_ANKLE,-1.6136952533226745,-0.13133888198330268,0.6413958072662354,0.6451394855976105,0.48283763974905014,0.3421759037518358
00060,/Users/nikko/Downloads/moi-main/project_root/data/temp_frames/video3/frame_00060.png,"[89, 187, 575, 281]",RIGHT_ANKLE,-1.658636893073963,0.07195975681972337,0.9922631978988647,0.6451394855976105,0.48283763974905014,0.3421759037518358
00060,/Users/nikko/Downloads/moi-main/project_root/data/temp_frames/video3/frame_00060.png,"[89, 187, 575, 281]",LEFT_EYE,0.8057170597020568,0.5835607447434618,0.9997460246086121,0.6451394855976105,0.48283763974905014,0.3421759037518358
00060,/Users/nikko/Downloads/moi-main/project_root/data/temp_frames/video3/frame_00060.png,"[89, 187, 575, 281]",RIGHT_EYE,0.801613072789154,0.5718288466711358,0.9998620748519897,0.6451394855976105,0.48283763974905014,0.3421759037518358
00061,/Users/nikko/Downloads/moi-main/project_root/data/temp_frames/video3/frame_00061.png,"[88, 187, 569, 284]",LEFT_SHOULDER,0.4445824589720514,-0.3567382078525852,0.9998255372047424,0.6483593359589577,0.41578540951013565,0.34989995712473343
00061,/Users/nikko/Downloads/moi-main/project_root/data/temp_frames/video3/frame_00061.png,"[88, 187, 569, 284]",RIGHT_SHOULDER,0.43394629073394225,-0.03219990570879098,0.999890923500061,0.6483593359589577,0.41578540951013565,0.34989995712473343
00061,/Users/nikko/Downloads/moi-main/project_root/data/temp_frames/video3/frame_00061.png,"[88, 187, 569, 284]",LEFT_HIP,-0.4384068020615445,0.05322178851333368,0.9994850158691406,0.6483593359589577,0.41578540951013565,0.34989995712473343
00061,/Users/nikko/Downloads/moi-main/project_root/data/temp_frames/video3/frame_00061.png,"[88, 187, 569, 284]",RIGHT_HIP,-0.4401219476444492,0.3357163250480425,0.9997972846031189,0.6483593359589577,0.41578540951013565,0.34989995712473343
00061,/Users/nikko/Downloads/moi-main/project_root/data/temp_frames/video3/frame_00061.png,"[88, 187, 569, 284]",RIGHT_ELBOW,-0.018359668019536785,-0.47641754383771895,0.994094967842102,0.6483593359589577,0.41578540951013565,0.34989995712473343
00061,/Users/nikko/Downloads/moi-main/project_root/data/temp_frames/video3/frame_00061.png,"[88, 187, 569, 284]",RIGHT_WRIST,0.047875937722976186,1.4924623940612773,0.9638134241104126,0.6483593359589577,0.41578540951013565,0.34989995712473343
00061,/Users/nikko/Downloads/moi-main/project_root/data/temp_frames/video3/frame_00061.png,"[88, 187, 569, 284]",RIGHT_KNEE,-1.0867146272841632,0.6072133859223509,0.9816325902938843,0.6483593359589577,0.41578540951013565,0.34989995712473343
00061,/Users/nikko/Downloads/moi-main/project_root/data/temp_frames/video3/frame_00061.png,"[88, 187, 569, 284]",LEFT_ANKLE,-1.6309479432069705,0.08085422584701124,0.5527774095535278,0.6483593359589577,0.41578540951013565,0.34989995712473343
00061,/Users/nikko/Downloads/moi-main/project_root/data/temp_frames/video3/frame_00061.png,"[88, 187, 569, 284]",RIGHT_ANKLE,-1.6932361248241168,0.30241165077544063,0.9870054721832275,0.6483593359589577,0.41578540951013565,0.34989995712473343
00061,/Users/nikko/Downloads/moi-main/project_root/data/temp_frames/video3/frame_00061.png,"[88, 187, 569, 284]",LEFT_EYE,0.7947390926940012,0.6090195823384543,0.9996567964553833,0.6483593359589577,0.41578540951013565,0.34989995712473343
00061,/Users/nikko/Downloads/moi-main/project_root/data/temp_frames/video3/frame_00061.png,"[88, 187, 569, 284]",RIGHT_EYE,0.7921014292679004,0.5955675670044109,0.9997721314430237,0.6483593359589577,0.41578540951013565,0.34989995712473343
00062,/Users/nikko/Downloads/moi-main/project_root/data/temp_frames/video3/frame_00062.png,"[91, 184, 580, 283]",LEFT_SHOULDER,0.4288368912365826,-0.40240473473998517,0.9998358488082886,0.6316871121525764,0.38481904938817024,0.35084001842272977
00062,/Users/nikko/Downloads/moi-main/project_root/data/temp_frames/video3/frame_00062.png,"[91, 184, 580, 283]",RIGHT_SHOULDER,0.4288122570071942,0.024087211459279417,0.9999239444732666,0.6316871121525764,0.38481904938817024,0.35084001842272977
00062,/Users/nikko/Downloads/moi-main/project_root/data/temp_frames/video3/frame_00062.png,"[91, 184, 580, 283]",LEFT_HIP,-0.42923583833424567,0.026288832001647524,0.9991833567619324,0.6316871121525764,0.38481904938817024,0.35084001842272977
00062,/Users/nikko/Downloads/moi-main/project_root/data/temp_frames/video3/frame_00062.png,"[91, 184, 580, 283]",RIGHT_HIP,-0.42841330990953114,0.3520286912790582,0.999716579914093,0.6316871121525764,0.38481904938817024,0.35084001842272977
00062,/Users/nikko/Downloads/moi-main/project_root/data/temp_frames/video3/frame_00062.png,"[91, 184, 580, 283]",RIGHT_ELBOW,-0.01715699749480965,-0.29504133032401486,0.9964922070503235,0.6316871121525764,0.38481904938817024,0.35084001842272977
00062,/Users/nikko/Downloads/moi-main/project_root/data/temp_frames/video3/frame_00062.png,"[91, 184, 580, 283]",RIGHT_WRIST,0.03975096054326566,1.531162050727793,0.9900055527687073,0.6316871121525764,0.38481904938817024,0.35084001842272977
00062,/Users/nikko/Downloads/moi-main/project_root/data/temp_frames/video3/frame_00062.png,"[91, 184, 580, 283]",RIGHT_KNEE,-1.038219897227444,0.6638487668765463,0.9889417290687561,0.6316871121525764,0.38481904938817024,0.35084001842272977
00062,/Users/nikko/Downloads/moi-main/project_root/data/temp_frames/video3/frame_00062.png,"[91, 184, 580, 283]",LEFT_ANKLE,-1.5675273443695,0.18084534631393068,0.6421146988868713,0.6316871121525764,0.38481904938817024,0.35084001842272977
00062,/Users/nikko/Downloads/moi-main/project_root/data/temp_frames/video3/frame_00062.png,"[91, 184, 580, 283]",RIGHT_ANKLE,-1.6163835620591902,0.3859338854792591,0.9917661547660828,0.6316871121525764,0.38481904938817024,0.35084001842272977
00062,/Users/nikko/Downloads/moi-main/project_root/data/temp_frames/video3/frame_00062.png,"[91, 184, 580, 283]",LEFT_EYE,0.7825947886184761,0.5313067590755727,0.9996906518936157,0.6316871121525764,0.38481904938817024,0.35084001842272977
00062,/Users/nikko/Downloads/moi-main/project_root/data/temp_frames/video3/frame_00062.png,"[91, 184, 580, 283]",RIGHT_EYE,0.7790625799066637,0.506657749149609,0.9998173117637634,0.6316871121525764,0.38481904938817024,0.35084001842272977
00063,/Users/nikko/Downloads/moi-main/project_root/data/temp_frames/video3/frame_00063.png,"[77, 176, 565, 282]",LEFT_SHOULDER,0.43823600960136894,-0.3763433984395575,0.9998699426651001,0.6617929041385651,0.3649916797876358,0.3453772021667503
00063,/Users/nikko/Downloads/moi-main/project_root/data/temp_frames/video3/frame_00063.png,"[77, 176, 565, 282]",RIGHT_SHOULDER,0.4248806849988894,-0.012780077652330109,0.9999561309814453,0.6617929041385651,0.3649916797876358,0.3453772021667503
00063,/Users/nikko/Downloads/moi-main/project_root/data/temp_frames/video3/frame_00063.png,"[77, 176, 565, 282]",LEFT_HIP,-0.42996915910828903,0.023656572413522172,0.9993681311607361,0.6617929041385651,0.3649916797876358,0.3453772021667503
00063,/Users/nikko/Downloads/moi-main/project_root/data/temp_frames/video3/frame_00063.png,"[77, 176, 565, 282]",RIGHT_HIP,-0.4331475354919693,0.36546690367836543,0.9997928738594055,0.6617929041385651,0.3649916797876358,0.3453772021667503
00063,/Users/nikko/Downloads/moi-main/project_root/data/temp_frames/video3/frame_00063.png,"[77, 176, 565, 282]",RIGHT_ELBOW,-0.03230451915730861,-0.04610971250269735,0.9974718689918518,0.6617929041385651,0.3649916797876358,0.3453772021667503
00063,/Users/nikko/Downloads/moi-main/project_root/data/temp_frames/video3/frame_00063.png,"[77, 176, 565, 282]",RIGHT_WRIST,0.05228840750636882,1.6068584510208392,0.9949352145195007,0.6617929041385651,0.3649916797876358,0.3453772021667503
00063,/Users/nikko/Downloads/moi-main/project_root/data/temp_frames/video3/frame_00063.png,"[77, 176, 565, 282]",RIGHT_KNEE,-1.0567652771898222,0.7347768263015041,0.9928686022758484,0.6617929041385651,0.3649916797876358,0.3453772021667503
00063,/Users/nikko/Downloads/moi-main/project_root/data/temp_frames/video3/frame_00063.png,"[77, 176, 565, 282]",LEFT_ANKLE,-1.5757566954465796,0.332883497827457,0.7128526568412781,0.6617929041385651,0.3649916797876358,0.3453772021667503
00063,/Users/nikko/Downloads/moi-main/project_root/data/temp_frames/video3/frame_00063.png,"[77, 176, 565, 282]",RIGHT_ANKLE,-1.645584051543924,0.5319789135729923,0.994654655456543,0.6617929041385651,0.3649916797876358,0.3453772021667503
00063,/Users/nikko/Downloads/moi-main/project_root/data/temp_frames/video3/frame_00063.png,"[77, 176, 565, 282]",LEFT_EYE,0.790187910513113,0.4787569432145022,0.9997922778129578,0.6617929041385651,0.3649916797876358,0.3453772021667503
00063,/Users/nikko/Downloads/moi-main/project_root/data/temp_frames/video3/frame_00063.png,"[77, 176, 565, 282]",RIGHT_EYE,0.7880451771048611,0.46190983985484163,0.9998980760574341,0.6617929041385651,0.3649916797876358,0.3453772021667503
00064,/Users/nikko/Downloads/moi-main/project_root/data/temp_frames/video3/frame_00064.png,"[68, 165, 563, 278]",LEFT_SHOULDER,0.46674635743346615,-0.345052023464273,0.9998656511306763,0.6669041067361832,0.3653867319226265,0.3283027426825432
00064,/Users/nikko/Downloads/moi-main/project_root/data/temp_frames/video3/frame_00064.png,"[68, 165, 563, 278]",RIGHT_SHOULDER,0.4411165742962797,0.021981797840851025,0.9999160766601562,0.6669041067361832,0.3653867319226265,0.3283027426825432
00064,/Users/nikko/Downloads/moi-main/project_root/data/temp_frames/video3/frame_00064.png,"[68, 165, 563, 278]",LEFT_HIP,-0.44393492633199655,0.05529412522175684,0.9994446635246277,0.6669041067361832,0.3653867319226265,0.3283027426825432
00064,/Users/nikko/Downloads/moi-main/project_root/data/temp_frames/video3/frame_00064.png,"[68, 165, 563, 278]",RIGHT_HIP,-0.4639280053977493,0.26777610040166516,0.9998024106025696,0.6669041067361832,0.3653867319226265,0.3283027426825432
00064,/Users/nikko/Downloads/moi-main/project_root/data/temp_frames/video3/frame_00064.png,"[68, 165, 563, 278]",RIGHT_ELBOW,-0.047791932087869714,0.15624799078329416,0.997208297252655,0.6669041067361832,0.3653867319226265,0.3283027426825432
00064,/Users/nikko/Downloads/moi-main/project_root/data/temp_frames/video3/frame_00064.png,"[68, 165, 563, 278]",RIGHT_WRIST,0.06781850784899333,1.8391061710263148,0.9962412118911743,0.6669041067361832,0.3653867319226265,0.3283027426825432
00064,/Users/nikko/Downloads/moi-main/project_root/data/temp_frames/video3/frame_00064.png,"[68, 165, 563, 278]",RIGHT_KNEE,-1.0950856299029723,0.7655038600252903,0.9949014186859131,0.6669041067361832,0.3653867319226265,0.3283027426825432
00064,/Users/nikko/Downloads/moi-main/project_root/data/temp_frames/video3/frame_00064.png,"[68, 165, 563, 278]",LEFT_ANKLE,-1.6381622414992467,0.5141210559546736,0.8256951570510864,0.6669041067361832,0.3653867319226265,0.3283027426825432
00064,/Users/nikko/Downloads/moi-main/project_root/data/temp_frames/video3/frame_00064.png,"[68, 165, 563, 278]",RIGHT_ANKLE,-1.703439993232426,0.6890393467501418,0.9975230097770691,0.6669041067361832,0.3653867319226265,0.3283027426825432
00064,/Users/nikko/Downloads/moi-main/project_root/data/temp_frames/video3/frame_00064.png,"[68, 165, 563, 278]",LEFT_EYE,0.8371842236700602,0.3995347615928084,0.9996805191040039,0.6669041067361832,0.3653867319226265,0.3283027426825432
00064,/Users/nikko/Downloads/moi-main/project_root/data/temp_frames/video3/frame_00064.png,"[68, 165, 563, 278]",RIGHT_EYE,0.8333902917287855,0.3822481065806796,0.999821126461029,0.6669041067361832,0.3653867319226265,0.3283027426825432
00065,/Users/nikko/Downloads/moi-main/project_root/data/temp_frames/video3/frame_00065.png,"[72, 152, 560, 278]",LEFT_SHOULDER,0.4581567952335138,-0.31742972256101537,0.9999275207519531,0.6622350662946701,0.36696063727140427,0.3425486933311825
00065,/Users/nikko/Downloads/moi-main/project_root/data/temp_frames/video3/frame_00065.png,"[72, 152, 560, 278]",RIGHT_SHOULDER,0.447970286914046,-0.06622863864776296,0.9999415874481201,0.6622350662946701,0.36696063727140427,0.3425486933311825
00065,/Users/nikko/Downloads/moi-main/project_root/data/temp_frames/video3/frame_00065.png,"[72, 152, 560, 278]",LEFT_HIP,-0.44363264261351215,0.11861249928554479,0.9995238780975342,0.6622350662946701,0.36696063727140427,0.3425486933311825
00065,/Users/nikko/Downloads/moi-main/project_root/data/temp_frames/video3/frame_00065.png,"[72, 152, 560, 278]",RIGHT_HIP,-0.4624944395340477,0.26504586192323354,0.999815046787262,0.6622350662946701,0.36696063727140427,0.3425486933311825
00065,/Users/nikko/Downloads/moi-main/project_root/data/temp_frames/video3/frame_00065.png,"[72, 152, 560, 278]",RIGHT_ELBOW,-0.0489975800459817,0.2873102087555082,0.9957281947135925,0.6622350662946701,0.36696063727140427,0.3425486933311825
00065,/Users/nikko/Downloads/moi-main/project_root/data/temp_frames/video3/frame_00065.png,"[72, 152, 560, 278]",RIGHT_WRIST,0.08907761522688387,1.787147928326598,0.9940884113311768,0.6622350662946701,0.36696063727140427,0.3425486933311825
00065,/Users/nikko/Downloads/moi-main/project_root/data/temp_frames/video3/frame_00065.png,"[72, 152, 560, 278]",RIGHT_KNEE,-1.1087776008054546,0.7642982198081748,0.9867241978645325,0.6622350662946701,0.36696063727140427,0.3425486933311825
00065,/Users/nikko/Downloads/moi-main/project_root/data/temp_frames/video3/frame_00065.png,"[72, 152, 560, 278]",LEFT_ANKLE,-1.6051499410543453,0.6021729675867328,0.6506075263023376,0.6622350662946701,0.36696063727140427,0.3425486933311825
00065,/Users/nikko/Downloads/moi-main/project_root/data/temp_frames/video3/frame_00065.png,"[72, 152, 560, 278]",RIGHT_ANKLE,-1.714180202403505,0.7685489493995158,0.9945884943008423,0.6622350662946701,0.36696063727140427,0.3425486933311825
00065,/Users/nikko/Downloads/moi-main/project_root/data/temp_frames/video3/frame_00065.png,"[72, 152, 560, 278]",LEFT_EYE,0.8173421406761565,0.2614607824220181,0.9997757077217102,0.6622350662946701,0.36696063727140427,0.3425486933311825
00065,/Users/nikko/Downloads/moi-main/project_root/data/temp_frames/video3/frame_00065.png,"[72, 152, 560, 278]",RIGHT_EYE,0.8158173486908554,0.2553596134414629,0.9998611211776733,0.6622350662946701,0.36696063727140427,0.3425486933311825
00066,/Users/nikko/Downloads/moi-main/project_root/data/temp_frames/video3/frame_00066.png,"[66, 146, 558, 280]",LEFT_SHOULDER,0.4636097408304822,-0.28961723082158114,0.9999496936798096,0.665258377790451,0.333561010658741,0.3380086399943003
00066,/Users/nikko/Downloads/moi-main/project_root/data/temp_frames/video3/frame_00066.png,"[66, 146, 558, 280]",RIGHT_SHOULDER,0.4334161750904206,-0.15121516842771685,0.9999687671661377,0.665258377790451,0.333561010658741,0.3380086399943003
00066,/Users/nikko/Downloads/moi-main/project_root/data/temp_frames/video3/frame_00066.png,"[66, 146, 558, 280]",LEFT_HIP,-0.43906383533441207,0.24215352846021226,0.9996511936187744,0.665258377790451,0.333561010658741,0.3380086399943003
00066,/Users/nikko/Downloads/moi-main/project_root/data/temp_frames/video3/frame_00066.png,"[66, 146, 558, 280]",RIGHT_HIP,-0.4579620805864907,0.19867887078908572,0.9998911619186401,0.665258377790451,0.333561010658741,0.3380086399943003
00066,/Users/nikko/Downloads/moi-main/project_root/data/temp_frames/video3/frame_00066.png,"[66, 146, 558, 280]",RIGHT_ELBOW,-0.03516046311610009,0.4430924023605643,0.9983606934547424,0.665258377790451,0.333561010658741,0.3380086399943003
00066,/Users/nikko/Downloads/moi-main/project_root/data/temp_frames/video3/frame_00066.png,"[66, 146, 558, 280]",RIGHT_WRIST,0.09059330557274489,1.8467938711129943,0.9993230104446411,0.665258377790451,0.333561010658741,0.3380086399943003
00066,/Users/nikko/Downloads/moi-main/project_root/data/temp_frames/video3/frame_00066.png,"[66, 146, 558, 280]",RIGHT_KNEE,-1.0849895606526465,0.7398755639086434,0.9958290457725525,0.665258377790451,0.333561010658741,0.3380086399943003
00066,/Users/nikko/Downloads/moi-main/project_root/data/temp_frames/video3/frame_00066.png,"[66, 146, 558, 280]",LEFT_ANKLE,-1.5928711068150716,0.8289044638906502,0.7870327830314636,0.665258377790451,0.333561010658741,0.3380086399943003
00066,/Users/nikko/Downloads/moi-main/project_root/data/temp_frames/video3/frame_00066.png,"[66, 146, 558, 280]",RIGHT_ANKLE,-1.715022281228159,0.838577979924142,0.998532772064209,0.665258377790451,0.333561010658741,0.3380086399943003
00066,/Users/nikko/Downloads/moi-main/project_root/data/temp_frames/video3/frame_00066.png,"[66, 146, 558, 280]",LEFT_EYE,0.8353900285155345,0.1250238729225412,0.9997643828392029,0.665258377790451,0.333561010658741,0.3380086399943003
00066,/Users/nikko/Downloads/moi-main/project_root/data/temp_frames/video3/frame_00066.png,"[66, 146, 558, 280]",RIGHT_EYE,0.8312243346340029,0.11575629293930918,0.9998852014541626,0.665258377790451,0.333561010658741,0.3380086399943003
00067,/Users/nikko/Downloads/moi-main/project_root/data/temp_frames/video3/frame_00067.png,"[71, 128, 557, 280]",LEFT_SHOULDER,0.4415094927574518,-0.3251628453755901,0.9999712705612183,0.6699527651071548,0.3428538553416729,0.327719372604529
00067,/Users/nikko/Downloads/moi-main/project_root/data/temp_frames/video3/frame_00067.png,"[71, 128, 557, 280]",RIGHT_SHOULDER,0.44372039062452423,-0.13427461284672063,0.9999653100967407,0.6699527651071548,0.3428538553416729,0.327719372604529
00067,/Users/nikko/Downloads/moi-main/project_root/data/temp_frames/video3/frame_00067.png,"[71, 128, 557, 280]",LEFT_HIP,-0.42971394523194634,0.23723925571155918,0.9998192191123962,0.6699527651071548,0.3428538553416729,0.327719372604529
00067,/Users/nikko/Downloads/moi-main/project_root/data/temp_frames/video3/frame_00067.png,"[71, 128, 557, 280]",RIGHT_HIP,-0.4555159381500297,0.2221982025107515,0.999936580657959,0.6699527651071548,0.3428538553416729,0.327719372604529
00067,/Users/nikko/Downloads/moi-main/project_root/data/temp_frames/video3/frame_00067.png,"[71, 128, 557, 280]",RIGHT_ELBOW,-0.03476312245371374,0.6014836789877548,0.9966236352920532,0.6699527651071548,0.3428538553416729,0.327719372604529
00067,/Users/nikko/Downloads/moi-main/project_root/data/temp_frames/video3/frame_00067.png,"[71, 128, 557, 280]",RIGHT_WRIST,0.07433075550145928,1.8902707179565297,0.9990652203559875,0.6699527651071548,0.3428538553416729,0.327719372604529
00067,/Users/nikko/Downloads/moi-main/project_root/data/temp_frames/video3/frame_00067.png,"[71, 128, 557, 280]",RIGHT_KNEE,-1.108506787527187,0.8065464568066718,0.993462085723877,0.6699527651071548,0.3428538553416729,0.327719372604529
00067,/Users/nikko/Downloads/moi-main/project_root/data/temp_frames/video3/frame_00067.png,"[71, 128, 557, 280]",LEFT_ANKLE,-1.587157309240374,0.9407170018577923,0.7795747518539429,0.6699527651071548,0.3428538553416729,0.327719372604529
00067,/Users/nikko/Downloads/moi-main/project_root/data/temp_frames/video3/frame_00067.png,"[71, 128, 557, 280]",RIGHT_ANKLE,-1.6629799797501716,0.9304549509895935,0.9981390237808228,0.6699527651071548,0.3428538553416729,0.327719372604529
00067,/Users/nikko/Downloads/moi-main/project_root/data/temp_frames/video3/frame_00067.png,"[71, 128, 557, 280]",LEFT_EYE,0.8314685170115261,0.1264904781436442,0.9996610879898071,0.6699527651071548,0.3428538553416729,0.327719372604529
00067,/Users/nikko/Downloads/moi-main/project_root/data/temp_frames/video3/frame_00067.png,"[71, 128, 557, 280]",RIGHT_EYE,0.8262188167782935,0.10686657704833537,0.9998132586479187,0.6699527651071548,0.3428538553416729,0.327719372604529
00068,/Users/nikko/Downloads/moi-main/project_root/data/temp_frames/video3/frame_00068.png,"[67, 115, 554, 281]",LEFT_SHOULDER,0.44496488283977154,-0.30371022394104064,0.9999830722808838,0.6663409471511841,0.3537262976169586,0.33326568892031805
00068,/Users/nikko/Downloads/moi-main/project_root/data/temp_frames/video3/frame_00068.png,"[67, 115, 554, 281]",RIGHT_SHOULDER,0.444165780016678,-0.1518969629241022,0.9999845027923584,0.6663409471511841,0.3537262976169586,0.33326568892031805
00068,/Users/nikko/Downloads/moi-main/project_root/data/temp_frames/video3/frame_00068.png,"[67, 115, 554, 281]",LEFT_HIP,-0.4285827384156667,0.24678157008012747,0.9995842576026917,0.6663409471511841,0.3537262976169586,0.33326568892031805
00068,/Users/nikko/Downloads/moi-main/project_root/data/temp_frames/video3/frame_00068.png,"[67, 115, 554, 281]",RIGHT_HIP,-0.46054792444078285,0.20882561678501538,0.9998663663864136,0.6663409471511841,0.3537262976169586,0.33326568892031805
00068,/Users/nikko/Downloads/moi-main/project_root/data/temp_frames/video3/frame_00068.png,"[67, 115, 554, 281]",RIGHT_ELBOW,0.02037765853957265,0.6236613900504046,0.9982591271400452,0.6663409471511841,0.3537262976169586,0.33326568892031805
00068,/Users/nikko/Downloads/moi-main/project_root/data/temp_frames/video3/frame_00068.png,"[67, 115, 554, 281]",LEFT_WRIST,0.08099679745042404,1.5385897676357396,0.5007884502410889,0.6663409471511841,0.3537262976169586,0.33326568892031805
00068,/Users/nikko/Downloads/moi-main/project_root/data/temp_frames/video3/frame_00068.png,"[67, 115, 554, 281]",RIGHT_WRIST,0.09015088872043245,1.78372654158503,0.9993684887886047,0.6663409471511841,0.3537262976169586,0.33326568892031805
00068,/Users/nikko/Downloads/moi-main/project_root/data/temp_frames/video3/frame_00068.png,"[67, 115, 554, 281]",RIGHT_KNEE,-1.0953374651635894,0.780476018870608,0.9966499209403992,0.6663409471511841,0.3537262976169586,0.33326568892031805
00068,/Users/nikko/Downloads/moi-main/project_root/data/temp_frames/video3/frame_00068.png,"[67, 115, 554, 281]",LEFT_ANKLE,-1.6032805661470482,0.9349180205531303,0.8150833249092102,0.6663409471511841,0.3537262976169586,0.33326568892031805
00068,/Users/nikko/Downloads/moi-main/project_root/data/temp_frames/video3/frame_00068.png,"[67, 115, 554, 281]",RIGHT_ANKLE,-1.7376552815061181,0.9855083117240202,0.9992572665214539,0.6663409471511841,0.3537262976169586,0.33326568892031805
00068,/Users/nikko/Downloads/moi-main/project_root/data/temp_frames/video3/frame_00068.png,"[67, 115, 554, 281]",LEFT_EYE,0.8247989508923805,0.004036023692332308,0.9999079704284668,0.6663409471511841,0.3537262976169586,0.33326568892031805
00068,/Users/nikko/Downloads/moi-main/project_root/data/temp_frames/video3/frame_00068.png,"[67, 115, 554, 281]",RIGHT_EYE,0.820771422585925,-0.010173448150093835,0.9999520778656006,0.6663409471511841,0.3537262976169586,0.33326568892031805
00069,/Users/nikko/Downloads/moi-main/project_root/data/temp_frames/video3/frame_00069.png,"[67, 103, 552, 281]",LEFT_SHOULDER,0.4291632352395339,-0.2973026242662774,0.9999772310256958,0.6636602282524109,0.35479162633419037,0.349944792384038
00069,/Users/nikko/Downloads/moi-main/project_root/data/temp_frames/video3/frame_00069.png,"[67, 103, 552, 281]",RIGHT_SHOULDER,0.4349936594656138,-0.20411343336196514,0.9999750852584839,0.6636602282524109,0.35479162633419037,0.349944792384038
00069,/Users/nikko/Downloads/moi-main/project_root/data/temp_frames/video3/frame_00069.png,"[67, 103, 552, 281]",LEFT_HIP,-0.424356469381563,0.2452837465811788,0.9995403289794922,0.6636602282524109,0.35479162633419037,0.349944792384038
00069,/Users/nikko/Downloads/moi-main/project_root/data/temp_frames/video3/frame_00069.png,"[67, 103, 552, 281]",RIGHT_HIP,-0.43980042532358465,0.25613231104706374,0.9998321533203125,0.6636602282524109,0.35479162633419037,0.349944792384038
00069,/Users/nikko/Downloads/moi-main/project_root/data/temp_frames/video3/frame_00069.png,"[67, 103, 552, 281]",RIGHT_ELBOW,0.05157551949338683,0.6408999427415083,0.9981667995452881,0.6636602282524109,0.35479162633419037,0.349944792384038
00069,/Users/nikko/Downloads/moi-main/project_root/data/temp_frames/video3/frame_00069.png,"[67, 103, 552, 281]",RIGHT_WRIST,0.11519495027917925,1.7059871787124792,0.9984114170074463,0.6636602282524109,0.35479162633419037,0.349944792384038
00069,/Users/nikko/Downloads/moi-main/project_root/data/temp_frames/video3/frame_00069.png,"[67, 103, 552, 281]",RIGHT_KNEE,-1.0477529185649794,0.8105804296886406,0.9955861568450928,0.6636602282524109,0.35479162633419037,0.349944792384038
00069,/Users/nikko/Downloads/moi-main/project_root/data/temp_frames/video3/frame_00069.png,"[67, 103, 552, 281]",LEFT_ANKLE,-1.5547343095220199,0.95477948793318,0.7942748069763184,0.6636602282524109,0.35479162633419037,0.349944792384038
00069,/Users/nikko/Downloads/moi-main/project_root/data/temp_frames/video3/frame_00069.png,"[67, 103, 552, 281]",RIGHT_ANKLE,-1.6634014789572105,1.001494248273639,0.9990769624710083,0.6636602282524109,0.35479162633419037,0.349944792384038
00069,/Users/nikko/Downloads/moi-main/project_root/data/temp_frames/video3/frame_00069.png,"[67, 103, 552, 281]",LEFT_EYE,0.7939058268873544,-0.05745274074719352,0.9998793601989746,0.6636602282524109,0.35479162633419037,0.349944792384038
00069,/Users/nikko/Downloads/moi-main/project_root/data/temp_frames/video3/frame_00069.png,"[67, 103, 552, 281]",RIGHT_EYE,0.7926718160925208,-0.06325122887609863,0.9999266862869263,0.6636602282524109,0.35479162633419037,0.349944792384038
00070,/Users/nikko/Downloads/moi-main/project_root/data/temp_frames/video3/frame_00070.png,"[68, 96, 549, 281]",LEFT_SHOULDER,0.42174933437305884,-0.30401173935156756,0.9999784231185913,0.6604349613189697,0.3497892655432224,0.3564569720710059
00070,/Users/nikko/Downloads/moi-main/project_root/data/temp_frames/video3/frame_00070.png,"[68, 96, 549, 281]",RIGHT_SHOULDER,0.422843918110425,-0.2308849425281863,0.9999661445617676,0.6604349613189697,0.3497892655432224,0.3564569720710059
00070,/Users/nikko/Downloads/moi-main/project_root/data/temp_frames/video3/frame_00070.png,"[68, 96, 549, 281]",LEFT_HIP,-0.41629430759883085,0.27285968302095076,0.9994719624519348,0.6604349613189697,0.3497892655432224,0.3564569720710059
00070,/Users/nikko/Downloads/moi-main/project_root/data/temp_frames/video3/frame_00070.png,"[68, 96, 549, 281]",RIGHT_HIP,-0.428298944884653,0.2620369988588031,0.9997788071632385,0.6604349613189697,0.3497892655432224,0.3564569720710059
00070,/Users/nikko/Downloads/moi-main/project_root/data/temp_frames/video3/frame_00070.png,"[68, 96, 549, 281]",RIGHT_ELBOW,0.0889373532659795,0.64429261158728,0.9968816041946411,0.6604349613189697,0.3497892655432224,0.3564569720710059
00070,/Users/nikko/Downloads/moi-main/project_root/data/temp_frames/video3/frame_00070.png,"[68, 96, 549, 281]",RIGHT_WRIST,0.12432120225720752,1.710754609909328,0.9963616728782654,0.6604349613189697,0.3497892655432224,0.3564569720710059
00070,/Users/nikko/Downloads/moi-main/project_root/data/temp_frames/video3/frame_00070.png,"[68, 96, 549, 281]",RIGHT_KNEE,-1.021747266087235,0.8232404984471364,0.9937260746955872,0.6604349613189697,0.3497892655432224,0.3564569720710059
00070,/Users/nikko/Downloads/moi-main/project_root/data/temp_frames/video3/frame_00070.png,"[68, 96, 549, 281]",LEFT_ANKLE,-1.5336851753059826,0.991945348948936,0.6879690885543823,0.6604349613189697,0.3497892655432224,0.3564569720710059
00070,/Users/nikko/Downloads/moi-main/project_root/data/temp_frames/video3/frame_00070.png,"[68, 96, 549, 281]",RIGHT_ANKLE,-1.6401814551237772,1.0618391858541731,0.9986503720283508,0.6604349613189697,0.3497892655432224,0.3564569720710059
00070,/Users/nikko/Downloads/moi-main/project_root/data/temp_frames/video3/frame_00070.png,"[68, 96, 549, 281]",LEFT_EYE,0.7821432872917099,-0.14566099719797812,0.9997839331626892,0.6604349613189697,0.3497892655432224,0.3564569720710059
00070,/Users/nikko/Downloads/moi-main/project_root/data/temp_frames/video3/frame_00070.png,"[68, 96, 549, 281]",RIGHT_EYE,0.7790742390308454,-0.1549249111799047,0.9998481273651123,0.6604349613189697,0.3497892655432224,0.3564569720710059
00071,/Users/nikko/Downloads/moi-main/project_root/data/temp_frames/video3/frame_00071.png,"[59, 85, 553, 282]",LEFT_SHOULDER,0.4100600266399379,-0.3445414616742061,0.9999744892120361,0.6536931991577148,0.35315778106451035,0.3502160026535277
00071,/Users/nikko/Downloads/moi-main/project_root/data/temp_frames/video3/frame_00071.png,"[59, 85, 553, 282]",RIGHT_SHOULDER,0.406351840861657,-0.2276494487501795,0.9999738931655884,0.6536931991577148,0.35315778106451035,0.3502160026535277
00071,/Users/nikko/Downloads/moi-main/project_root/data/temp_frames/video3/frame_00071.png,"[59, 85, 553, 282]",LEFT_HIP,-0.4060577457163995,0.24677044117099609,0.9995208978652954,0.6536931991577148,0.35315778106451035,0.3502160026535277
00071,/Users/nikko/Downloads/moi-main/project_root/data/temp_frames/video3/frame_00071.png,"[59, 85, 553, 282]",RIGHT_HIP,-0.41035412178519537,0.32542046925338947,0.9998325109481812,0.6536931991577148,0.35315778106451035,0.3502160026535277
00071,/Users/nikko/Downloads/moi-main/project_root/data/temp_frames/video3/frame_00071.png,"[59, 85, 553, 282]",RIGHT_ELBOW,0.12945019899502455,0.6815509688256911,0.9981756210327148,0.6536931991577148,0.35315778106451035,0.3502160026535277
00071,/Users/nikko/Downloads/moi-main/project_root/data/temp_frames/video3/frame_00071.png,"[59, 85, 553, 282]",RIGHT_WRIST,0.15032908217485616,1.748804891182121,0.9981300234794617,0.6536931991577148,0.35315778106451035,0.3502160026535277
00071,/Users/nikko/Downloads/moi-main/project_root/data/temp_frames/video3/frame_00071.png,"[59, 85, 553, 282]",RIGHT_KNEE,-1.0105180672505123,0.8927357910493163,0.9954686164855957,0.6536931991577148,0.35315778106451035,0.3502160026535277
00071,/Users/nikko/Downloads/moi-main/project_root/data/temp_frames/video3/frame_00071.png,"[59, 85, 553, 282]",LEFT_ANKLE,-1.533199110918445,1.0376705759852054,0.8236250281333923,0.6536931991577148,0.35315778106451035,0.3502160026535277
00071,/Users/nikko/Downloads/moi-main/project_root/data/temp_frames/video3/frame_00071.png,"[59, 85, 553, 282]",RIGHT_ANKLE,-1.6221883576285647,1.109315421093758,0.9992840886116028,0.6536931991577148,0.35315778106451035,0.3502160026535277
00071,/Users/nikko/Downloads/moi-main/project_root/data/temp_frames/video3/frame_00071.png,"[59, 85, 553, 282]",LEFT_EYE,0.7760941121512045,-0.19392977244570406,0.9998427629470825,0.6536931991577148,0.35315778106451035,0.3502160026535277
00071,/Users/nikko/Downloads/moi-main/project_root/data/temp_frames/video3/frame_00071.png,"[59, 85, 553, 282]",RIGHT_EYE,0.7752914774839393,-0.20608000361902723,0.9999122619628906,0.6536931991577148,0.35315778106451035,0.3502160026535277
00072,/Users/nikko/Downloads/moi-main/project_root/data/temp_frames/video3/frame_00072.png,"[69, 75, 543, 282]",LEFT_SHOULDER,0.40782005954026795,-0.3184737770404179,0.9999580383300781,0.6539139449596405,0.36424990370869637,0.36043960544269404
00072,/Users/nikko/Downloads/moi-main/project_root/data/temp_frames/video3/frame_00072.png,"[69, 75, 543, 282]",RIGHT_SHOULDER,0.4053792496414661,-0.2635010247059851,0.9999532699584961,0.6539139449596405,0.36424990370869637,0.36043960544269404
00072,/Users/nikko/Downloads/moi-main/project_root/data/temp_frames/video3/frame_00072.png,"[69, 75, 543, 282]",LEFT_HIP,-0.39614270242618305,0.30581978590457914,0.9996137022972107,0.6539139449596405,0.36424990370869637,0.36043960544269404
00072,/Users/nikko/Downloads/moi-main/project_root/data/temp_frames/video3/frame_00072.png,"[69, 75, 543, 282]",RIGHT_HIP,-0.41705660675555106,0.27615501584182384,0.9998384714126587,0.6539139449596405,0.36424990370869637,0.36043960544269404
00072,/Users/nikko/Downloads/moi-main/project_root/data/temp_frames/video3/frame_00072.png,"[69, 75, 543, 282]",RIGHT_ELBOW,0.16422789310593924,0.642695787484489,0.9960806965827942,0.6539139449596405,0.36424990370869637,0.36043960544269404
00072,/Users/nikko/Downloads/moi-main/project_root/data/temp_frames/video3/frame_00072.png,"[69, 75, 543, 282]",RIGHT_WRIST,0.1612238448253407,1.6578969207707237,0.9950433969497681,0.6539139449596405,0.36424990370869637,0.36043960544269404
00072,/Users/nikko/Downloads/moi-main/project_root/data/temp_frames/video3/frame_00072.png,"[69, 75, 543, 282]",RIGHT_KNEE,-1.023814992854232,0.8189674072391199,0.9797253012657166,0.6539139449596405,0.36424990370869637,0.36043960544269404
00072,/Users/nikko/Downloads/moi-main/project_root/data/temp_frames/video3/frame_00072.png,"[69, 75, 543, 282]",LEFT_ANKLE,-1.5038954692299893,1.0050639483025254,0.5570235252380371,0.6539139449596405,0.36424990370869637,0.36043960544269404
00072,/Users/nikko/Downloads/moi-main/project_root/data/temp_frames/video3/frame_00072.png,"[69, 75, 543, 282]",RIGHT_ANKLE,-1.6161283856755446,1.034768406331115,0.9962285757064819,0.6539139449596405,0.36424990370869637,0.36043960544269404
00072,/Users/nikko/Downloads/moi-main/project_root/data/temp_frames/video3/frame_00072.png,"[69, 75, 543, 282]",LEFT_EYE,0.7861262459712126,-0.22765733446242134,0.9994264841079712,0.6539139449596405,0.36424990370869637,0.36043960544269404
00072,/Users/nikko/Downloads/moi-main/project_root/data/temp_frames/video3/frame_00072.png,"[69, 75, 543, 282]",RIGHT_EYE,0.7834618605315449,-0.24156126914306575,0.999648928642273,0.6539139449596405,0.36424990370869637,0.36043960544269404
00073,/Users/nikko/Downloads/moi-main/project_root/data/temp_frames/video3/frame_00073.png,"[57, 70, 546, 282]",LEFT_SHOULDER,0.4169131439332789,-0.3215267497134735,0.9999513626098633,0.6530663520097733,0.363152377307415,0.3463176235988831
00073,/Users/nikko/Downloads/moi-main/project_root/data/temp_frames/video3/frame_00073.png,"[57, 70, 546, 282]",RIGHT_SHOULDER,0.3898409663549038,-0.26930735622215235,0.9999194145202637,0.6530663520097733,0.363152377307415,0.3463176235988831
00073,/Users/nikko/Downloads/moi-main/project_root/data/temp_frames/video3/frame_00073.png,"[57, 70, 546, 282]",LEFT_HIP,-0.3909680271502958,0.31234981402201695,0.9993090629577637,0.6530663520097733,0.363152377307415,0.3463176235988831
00073,/Users/nikko/Downloads/moi-main/project_root/data/temp_frames/video3/frame_00073.png,"[57, 70, 546, 282]",RIGHT_HIP,-0.41578608313788684,0.27848429191360896,0.9996805191040039,0.6530663520097733,0.363152377307415,0.3463176235988831
00073,/Users/nikko/Downloads/moi-main/project_root/data/temp_frames/video3/frame_00073.png,"[57, 70, 546, 282]",RIGHT_ELBOW,0.20130883191697438,0.7174891440762736,0.9938932657241821,0.6530663520097733,0.363152377307415,0.3463176235988831
00073,/Users/nikko/Downloads/moi-main/project_root/data/temp_frames/video3/frame_00073.png,"[57, 70, 546, 282]",RIGHT_WRIST,0.17338419467309157,1.747510323388143,0.9881646633148193,0.6530663520097733,0.363152377307415,0.3463176235988831
00073,/Users/nikko/Downloads/moi-main/project_root/data/temp_frames/video3/frame_00073.png,"[57, 70, 546, 282]",RIGHT_KNEE,-1.0313841595674866,0.833383557010095,0.9770116209983826,0.6530663520097733,0.363152377307415,0.3463176235988831
00073,/Users/nikko/Downloads/moi-main/project_root/data/temp_frames/video3/frame_00073.png,"[57, 70, 546, 282]",LEFT_ANKLE,-1.510789756748696,1.0538747536907291,0.5142874121665955,0.6530663520097733,0.363152377307415,0.3463176235988831
00073,/Users/nikko/Downloads/moi-main/project_root/data/temp_frames/video3/frame_00073.png,"[57, 70, 546, 282]",RIGHT_ANKLE,-1.625091874678903,1.0849853147925186,0.9955267310142517,0.6530663520097733,0.363152377307415,0.3463176235988831
00073,/Users/nikko/Downloads/moi-main/project_root/data/temp_frames/video3/frame_00073.png,"[57, 70, 546, 282]",LEFT_EYE,0.7996783766614041,-0.2887685818323775,0.9992761015892029,0.6530663520097733,0.363152377307415,0.3463176235988831
00073,/Users/nikko/Downloads/moi-main/project_root/data/temp_frames/video3/frame_00073.png,"[57, 70, 546, 282]",RIGHT_EYE,0.7974927547570467,-0.2977990090864702,0.9995121955871582,0.6530663520097733,0.363152377307415,0.3463176235988831
00074,/Users/nikko/Downloads/moi-main/project_root/data/temp_frames/video3/frame_00074.png,"[57, 65, 539, 282]",LEFT_SHOULDER,0.40611153756926066,-0.3462067329269538,0.999974250793457,0.6597976684570312,0.36070840805768967,0.3473240542306407
00074,/Users/nikko/Downloads/moi-main/project_root/data/temp_frames/video3/frame_00074.png,"[57, 65, 539, 282]",RIGHT_SHOULDER,0.3959386062833265,-0.25102832858459057,0.9999513626098633,0.6597976684570312,0.36070840805768967,0.3473240542306407
00074,/Users/nikko/Downloads/moi-main/project_root/data/temp_frames/video3/frame_00074.png,"[57, 65, 539, 282]",LEFT_HIP,-0.38820804342569604,0.32653851947897977,0.9996523857116699,0.6597976684570312,0.36070840805768967,0.3473240542306407
00074,/Users/nikko/Downloads/moi-main/project_root/data/temp_frames/video3/frame_00074.png,"[57, 65, 539, 282]",RIGHT_HIP,-0.4138421004268911,0.27069654203256455,0.9998433589935303,0.6597976684570312,0.36070840805768967,0.3473240542306407
00074,/Users/nikko/Downloads/moi-main/project_root/data/temp_frames/video3/frame_00074.png,"[57, 65, 539, 282]",RIGHT_ELBOW,0.24137282605830992,0.7414791880265698,0.9940471649169922,0.6597976684570312,0.36070840805768967,0.3473240542306407
00074,/Users/nikko/Downloads/moi-main/project_root/data/temp_frames/video3/frame_00074.png,"[57, 65, 539, 282]",RIGHT_WRIST,0.18929916979886113,1.7319110690179764,0.9918660521507263,0.6597976684570312,0.36070840805768967,0.3473240542306407
00074,/Users/nikko/Downloads/moi-main/project_root/data/temp_frames/video3/frame_00074.png,"[57, 65, 539, 282]",RIGHT_KNEE,-1.0035041809251901,0.8591082644386333,0.9721881151199341,0.6597976684570312,0.36070840805768967,0.3473240542306407
00074,/Users/nikko/Downloads/moi-main/project_root/data/temp_frames/video3/frame_00074.png,"[57, 65, 539, 282]",RIGHT_ANKLE,-1.6060987198049248,1.1107844461789926,0.9945840239524841,0.6597976684570312,0.36070840805768967,0.3473240542306407
00074,/Users/nikko/Downloads/moi-main/project_root/data/temp_frames/video3/frame_00074.png,"[57, 65, 539, 282]",LEFT_EYE,0.801213711606975,-0.2964057217698115,0.999527096748352,0.6597976684570312,0.36070840805768967,0.3473240542306407
00074,/Users/nikko/Downloads/moi-main/project_root/data/temp_frames/video3/frame_00074.png,"[57, 65, 539, 282]",RIGHT_EYE,0.7979186078835447,-0.3078284105093096,0.9996781349182129,0.6597976684570312,0.36070840805768967,0.3473240542306407
00075,/Users/nikko/Downloads/moi-main/project_root/data/temp_frames/video3/frame_00075.png,"[54, 60, 536, 282]",LEFT_SHOULDER,0.40415317207063245,-0.32937077850244934,0.9999693632125854,0.661810040473938,0.3663797453045845,0.34687698996805855
00075,/Users/nikko/Downloads/moi-main/project_root/data/temp_frames/video3/frame_00075.png,"[54, 60, 536, 282]",RIGHT_SHOULDER,0.39951713865663135,-0.2654747081152579,0.9999395608901978,0.661810040473938,0.3663797453045845,0.34687698996805855
00075,/Users/nikko/Downloads/moi-main/project_root/data/temp_frames/video3/frame_00075.png,"[54, 60, 536, 282]",LEFT_HIP,-0.3857849946124019,0.3363259025748534,0.999523401260376,0.661810040473938,0.3663797453045845,0.34687698996805855
00075,/Users/nikko/Downloads/moi-main/project_root/data/temp_frames/video3/frame_00075.png,"[54, 60, 536, 282]",RIGHT_HIP,-0.4178853161148619,0.25851958404285386,0.9997832179069519,0.661810040473938,0.3663797453045845,0.34687698996805855
00075,/Users/nikko/Downloads/moi-main/project_root/data/temp_frames/video3/frame_00075.png,"[54, 60, 536, 282]",RIGHT_ELBOW,0.2695698781239682,0.7519436347405728,0.9935936331748962,0.661810040473938,0.3663797453045845,0.34687698996805855
00075,/Users/nikko/Downloads/moi-main/project_root/data/temp_frames/video3/frame_00075.png,"[54, 60, 536, 282]",RIGHT_WRIST,0.2055316165710953,1.7611873172694583,0.9908967614173889,0.661810040473938,0.3663797453045845,0.34687698996805855
00075,/Users/nikko/Downloads/moi-main/project_root/data/temp_frames/video3/frame_00075.png,"[54, 60, 536, 282]",RIGHT_KNEE,-1.0094010808464253,0.8595463483104316,0.9638568162918091,0.661810040473938,0.3663797453045845,0.34687698996805855
00075,/Users/nikko/Downloads/moi-main/project_root/data/temp_frames/video3/frame_00075.png,"[54, 60, 536, 282]",RIGHT_ANKLE,-1.6165509790349462,1.134596299734597,0.9935577511787415,0.661810040473938,0.3663797453045845,0.34687698996805855
00075,/Users/nikko/Downloads/moi-main/project_root/data/temp_frames/video3/frame_00075.png,"[54, 60, 536, 282]",LEFT_EYE,0.804111404047269,-0.33106169350654413,0.9992327690124512,0.661810040473938,0.3663797453045845,0.34687698996805855
00075,/Users/nikko/Downloads/moi-main/project_root/data/temp_frames/video3/frame_00075.png,"[54, 60, 536, 282]",RIGHT_EYE,0.8010878442269294,-0.34135332683795533,0.9994778037071228,0.661810040473938,0.3663797453045845,0.34687698996805855
00076,/Users/nikko/Downloads/moi-main/project_root/data/temp_frames/video3/frame_00076.png,"[53, 56, 535, 283]",LEFT_SHOULDER,0.4127666600801113,-0.3134030036043274,0.9999706745147705,0.6623724550008774,0.37079189717769623,0.34612132096590154
00076,/Users/nikko/Downloads/moi-main/project_root/data/temp_frames/video3/frame_00076.png,"[53, 56, 535, 283]",RIGHT_SHOULDER,0.3989514954750623,-0.2700184547251988,0.9999489784240723,0.6623724550008774,0.37079189717769623,0.34612132096590154
00076,/Users/nikko/Downloads/moi-main/project_root/data/temp_frames/video3/frame_00076.png,"[53, 56, 535, 283]",LEFT_HIP,-0.39062173855034493,0.33082789314042865,0.9996485710144043,0.6623724550008774,0.37079189717769623,0.34612132096590154
00076,/Users/nikko/Downloads/moi-main/project_root/data/temp_frames/video3/frame_00076.png,"[53, 56, 535, 283]",RIGHT_HIP,-0.4210964170048287,0.25259356518909754,0.9998470544815063,0.6623724550008774,0.37079189717769623,0.34612132096590154
00076,/Users/nikko/Downloads/moi-main/project_root/data/temp_frames/video3/frame_00076.png,"[53, 56, 535, 283]",RIGHT_ELBOW,0.2692733134053189,0.7281241743604977,0.9954132437705994,0.6623724550008774,0.37079189717769623,0.34612132096590154
00076,/Users/nikko/Downloads/moi-main/project_root/data/temp_frames/video3/frame_00076.png,"[53, 56, 535, 283]",RIGHT_WRIST,0.20273238296815613,1.7320761332024894,0.9945695996284485,0.6623724550008774,0.37079189717769623,0.34612132096590154
00076,/Users/nikko/Downloads/moi-main/project_root/data/temp_frames/video3/frame_00076.png,"[53, 56, 535, 283]",RIGHT_KNEE,-1.0173737587463392,0.8392423619692523,0.9649210572242737,0.6623724550008774,0.37079189717769623,0.34612132096590154
00076,/Users/nikko/Downloads/moi-main/project_root/data/temp_frames/video3/frame_00076.png,"[53, 56, 535, 283]",RIGHT_ANKLE,-1.615142653157014,1.1074429525719685,0.99378502368927,0.6623724550008774,0.37079189717769623,0.34612132096590154
00076,/Users/nikko/Downloads/moi-main/project_root/data/temp_frames/video3/frame_00076.png,"[53, 56, 535, 283]",LEFT_EYE,0.8022606555709315,-0.3433782806657786,0.9990314245223999,0.6623724550008774,0.37079189717769623,0.34612132096590154
00076,/Users/nikko/Downloads/moi-main/project_root/data/temp_frames/video3/frame_00076.png,"[53, 56, 535, 283]",RIGHT_EYE,0.7988600764991337,-0.3514686262847499,0.9993466734886169,0.6623724550008774,0.37079189717769623,0.34612132096590154
00077,/Users/nikko/Downloads/moi-main/project_root/data/temp_frames/video3/frame_00077.png,"[54, 56, 534, 283]",LEFT_SHOULDER,0.4159355815004064,-0.3210435685151067,0.9999582767486572,0.6628474295139313,0.37127574533224106,0.34758407852397327
00077,/Users/nikko/Downloads/moi-main/project_root/data/temp_frames/video3/frame_00077.png,"[54, 56, 534, 283]",RIGHT_SHOULDER,0.39390400289839717,-0.26548121237194555,0.9999195337295532,0.6628474295139313,0.37127574533224106,0.34758407852397327
00077,/Users/nikko/Downloads/moi-main/project_root/data/temp_frames/video3/frame_00077.png,"[54, 56, 534, 283]",LEFT_HIP,-0.39012246712676873,0.3173923166996951,0.999372661113739,0.6628474295139313,0.37127574533224106,0.34758407852397327
00077,/Users/nikko/Downloads/moi-main/project_root/data/temp_frames/video3/frame_00077.png,"[54, 56, 534, 283]",RIGHT_HIP,-0.4197171172720348,0.26913246418735715,0.9997064471244812,0.6628474295139313,0.37127574533224106,0.34758407852397327
00077,/Users/nikko/Downloads/moi-main/project_root/data/temp_frames/video3/frame_00077.png,"[54, 56, 534, 283]",RIGHT_ELBOW,0.2672316431301928,0.7320187995205889,0.9927083849906921,0.6628474295139313,0.37127574533224106,0.34758407852397327
00077,/Users/nikko/Downloads/moi-main/project_root/data/temp_frames/video3/frame_00077.png,"[54, 56, 534, 283]",RIGHT_WRIST,0.20137955529790244,1.7287168727211217,0.9867792129516602,0.6628474295139313,0.37127574533224106,0.34758407852397327
00077,/Users/nikko/Downloads/moi-main/project_root/data/temp_frames/video3/frame_00077.png,"[54, 56, 534, 283]",RIGHT_KNEE,-1.0208054494859975,0.8428312418703913,0.9431961178779602,0.6628474295139313,0.37127574533224106,0.34758407852397327
00077,/Users/nikko/Downloads/moi-main/project_root/data/temp_frames/video3/frame_00077.png,"[54, 56, 534, 283]",RIGHT_ANKLE,-1.629725330793664,1.1081559120027429,0.98969566822052,0.6628474295139313,0.37127574533224106,0.34758407852397327
00077,/Users/nikko/Downloads/moi-main/project_root/data/temp_frames/video3/frame_00077.png,"[54, 56, 534, 283]",LEFT_EYE,0.8007684085410361,-0.3340949428141666,0.9991639852523804,0.6628474295139313,0.37127574533224106,0.34758407852397327
00077,/Users/nikko/Downloads/moi-main/project_root/data/temp_frames/video3/frame_00077.png,"[54, 56, 534, 283]",RIGHT_EYE,0.7938799498095689,-0.34914983485256174,0.9994478821754456,0.6628474295139313,0.37127574533224106,0.34758407852397327
00078,/Users/nikko/Downloads/moi-main/project_root/data/temp_frames/video3/frame_00078.png,"[56, 58, 534, 283]",LEFT_SHOULDER,0.40760417753427003,-0.3282744169621268,0.9999631643295288,0.6600889414548874,0.3666270971298218,0.34854603078647495
00078,/Users/nikko/Downloads/moi-main/project_root/data/temp_frames/video3/frame_00078.png,"[56, 58, 534, 283]",RIGHT_SHOULDER,0.40025521992658225,-0.2610982511202615,0.9999439716339111,0.6600889414548874,0.3666270971298218,0.34854603078647495
00078,/Users/nikko/Downloads/moi-main/project_root/data/temp_frames/video3/frame_00078.png,"[56, 58, 534, 283]",LEFT_HIP,-0.3914137778510513,0.3186248700051529,0.9997130036354065,0.6600889414548874,0.3666270971298218,0.34854603078647495
00078,/Users/nikko/Downloads/moi-main/project_root/data/temp_frames/video3/frame_00078.png,"[56, 58, 534, 283]",RIGHT_HIP,-0.41644561960980103,0.2707477980772355,0.9998759031295776,0.6600889414548874,0.3666270971298218,0.34854603078647495
00078,/Users/nikko/Downloads/moi-main/project_root/data/temp_frames/video3/frame_00078.png,"[56, 58, 534, 283]",RIGHT_ELBOW,0.2748465084300455,0.7190618301629812,0.9945694804191589,0.6600889414548874,0.3666270971298218,0.34854603078647495
00078,/Users/nikko/Downloads/moi-main/project_root/data/temp_frames/video3/frame_00078.png,"[56, 58, 534, 283]",RIGHT_WRIST,0.21260285198356682,1.7339933366067852,0.9924060702323914,0.6600889414548874,0.3666270971298218,0.34854603078647495
00078,/Users/nikko/Downloads/moi-main/project_root/data/temp_frames/video3/frame_00078.png,"[56, 58, 534, 283]",RIGHT_KNEE,-1.0206861862431176,0.8636184632710227,0.9706751704216003,0.6600889414548874,0.3666270971298218,0.34854603078647495
00078,/Users/nikko/Downloads/moi-main/project_root/data/temp_frames/video3/frame_00078.png,"[56, 58, 534, 283]",RIGHT_ANKLE,-1.6376252476578406,1.126562846281585,0.9949663281440735,0.6600889414548874,0.3666270971298218,0.34854603078647495
00078,/Users/nikko/Downloads/moi-main/project_root/data/temp_frames/video3/frame_00078.png,"[56, 58, 534, 283]",LEFT_EYE,0.8049949473941103,-0.32763501284579727,0.9990397095680237,0.6600889414548874,0.3666270971298218,0.34854603078647495
00078,/Users/nikko/Downloads/moi-main/project_root/data/temp_frames/video3/frame_00078.png,"[56, 58, 534, 283]",RIGHT_EYE,0.8013965677696637,-0.34175594237288826,0.9993940591812134,0.6600889414548874,0.3666270971298218,0.34854603078647495
00079,/Users/nikko/Downloads/moi-main/project_root/data/temp_frames/video3/frame_00079.png,"[56, 60, 535, 283]",LEFT_SHOULDER,0.4185763837392518,-0.3268917626721597,0.9999760389328003,0.6575812697410583,0.36274606361985207,0.34722291035835817
00079,/Users/nikko/Downloads/moi-main/project_root/data/temp_frames/video3/frame_00079.png,"[56, 60, 535, 283]",RIGHT_SHOULDER,0.39613719633739447,-0.25272265059153465,0.9999558925628662,0.6575812697410583,0.36274606361985207,0.34722291035835817
00079,/Users/nikko/Downloads/moi-main/project_root/data/temp_frames/video3/frame_00079.png,"[56, 60, 535, 283]",LEFT_HIP,-0.4001351818832968,0.2929245281439639,0.9995539784431458,0.6575812697410583,0.36274606361985207,0.34722291035835817
00079,/Users/nikko/Downloads/moi-main/project_root/data/temp_frames/video3/frame_00079.png,"[56, 60, 535, 283]",RIGHT_HIP,-0.4145783981933495,0.2866898851197304,0.9998059868812561,0.6575812697410583,0.36274606361985207,0.34722291035835817
00079,/Users/nikko/Downloads/moi-main/project_root/data/temp_frames/video3/frame_00079.png,"[56, 60, 535, 283]",RIGHT_ELBOW,0.27800899722010897,0.7451707651228722,0.994964599609375,0.6575812697410583,0.36274606361985207,0.34722291035835817
00079,/Users/nikko/Downloads/moi-main/project_root/data/temp_frames/video3/frame_00079.png,"[56, 60, 535, 283]",RIGHT_WRIST,0.21627677016726446,1.7385824544898159,0.9943138360977173,0.6575812697410583,0.36274606361985207,0.34722291035835817
00079,/Users/nikko/Downloads/moi-main/project_root/data/temp_frames/video3/frame_00079.png,"[56, 60, 535, 283]",RIGHT_KNEE,-1.0106423375917393,0.8443803730410014,0.9685238599777222,0.6575812697410583,0.36274606361985207,0.34722291035835817
00079,/Users/nikko/Downloads/moi-main/project_root/data/temp_frames/video3/frame_00079.png,"[56, 60, 535, 283]",RIGHT_ANKLE,-1.6205840847603872,1.1473815006015105,0.9934422969818115,0.6575812697410583,0.36274606361985207,0.34722291035835817
00079,/Users/nikko/Downloads/moi-main/project_root/data/temp_frames/video3/frame_00079.png,"[56, 60, 535, 283]",LEFT_EYE,0.8117663317366894,-0.32900975945883765,0.9992358684539795,0.6575812697410583,0.36274606361985207,0.34722291035835817
00079,/Users/nikko/Downloads/moi-main/project_root/data/temp_frames/video3/frame_00079.png,"[56, 60, 535, 283]",RIGHT_EYE,0.806167263701022,-0.3355867804208686,0.9994970560073853,0.6575812697410583,0.36274606361985207,0.34722291035835817
00080,/Users/nikko/Downloads/moi-main/project_root/data/temp_frames/video3/frame_00080.png,"[54, 58, 535, 283]",LEFT_SHOULDER,0.4095615887573645,-0.3431344040611897,0.9999790191650391,0.6587623059749603,0.366111159324646,0.34406115076932675
00080,/Users/nikko/Downloads/moi-main/project_root/data/temp_frames/video3/frame_00080.png,"[54, 58, 535, 283]",RIGHT_SHOULDER,0.40222060644445423,-0.23979961873129307,0.9999599456787109,0.6587623059749603,0.366111159324646,0.34406115076932675
00080,/Users/nikko/Downloads/moi-main/project_root/data/temp_frames/video3/frame_00080.png,"[54, 58, 535, 283]",LEFT_HIP,-0.39772905131933745,0.2920662001295695,0.9995998740196228,0.6587623059749603,0.366111159324646,0.34406115076932675
00080,/Users/nikko/Downloads/moi-main/project_root/data/temp_frames/video3/frame_00080.png,"[54, 58, 535, 283]",RIGHT_HIP,-0.41405314388248127,0.2908678226629133,0.9998175501823425,0.6587623059749603,0.366111159324646,0.34406115076932675
00080,/Users/nikko/Downloads/moi-main/project_root/data/temp_frames/video3/frame_00080.png,"[54, 58, 535, 283]",RIGHT_ELBOW,0.2852956922651882,0.7513538273797513,0.9937382936477661,0.6587623059749603,0.366111159324646,0.34406115076932675
00080,/Users/nikko/Downloads/moi-main/project_root/data/temp_frames/video3/frame_00080.png,"[54, 58, 535, 283]",RIGHT_WRIST,0.21965873508099787,1.731909666847284,0.9913204312324524,0.6587623059749603,0.366111159324646,0.34406115076932675
00080,/Users/nikko/Downloads/moi-main/project_root/data/temp_frames/video3/frame_00080.png,"[54, 58, 535, 283]",RIGHT_KNEE,-1.0318813026023308,0.8712639877470072,0.9615565538406372,0.6587623059749603,0.366111159324646,0.34406115076932675
00080,/Users/nikko/Downloads/moi-main/project_root/data/temp_frames/video3/frame_00080.png,"[54, 58, 535, 283]",RIGHT_ANKLE,-1.651399273162315,1.1663910526788341,0.9919962286949158,0.6587623059749603,0.366111159324646,0.34406115076932675
00080,/Users/nikko/Downloads/moi-main/project_root/data/temp_frames/video3/frame_00080.png,"[54, 58, 535, 283]",LEFT_EYE,0.8172550599272065,-0.34174663358182344,0.9996705055236816,0.6587623059749603,0.366111159324646,0.34406115076932675
00080,/Users/nikko/Downloads/moi-main/project_root/data/temp_frames/video3/frame_00080.png,"[54, 58, 535, 283]",RIGHT_EYE,0.8119974440637371,-0.3590497403348395,0.999783456325531,0.6587623059749603,0.366111159324646,0.34406115076932675
00081,/Users/nikko/Downloads/moi-main/project_root/data/temp_frames/video3/frame_00081.png,"[54, 58, 535, 283]",LEFT_SHOULDER,0.4093884488957497,-0.34321067547467976,0.9999799728393555,0.658743754029274,0.36609742417931557,0.34406532648830496
00081,/Users/nikko/Downloads/moi-main/project_root/data/temp_frames/video3/frame_00081.png,"[54, 58, 535, 283]",RIGHT_SHOULDER,0.40246314984321063,-0.23959845017071627,0.9999628067016602,0.658743754029274,0.36609742417931557,0.34406532648830496
00081,/Users/nikko/Downloads/moi-main/project_root/data/temp_frames/video3/frame_00081.png,"[54, 58, 535, 283]",LEFT_HIP,-0.3978321072946314,0.2917666702457661,0.9996080994606018,0.658743754029274,0.36609742417931557,0.34406532648830496
00081,/Users/nikko/Downloads/moi-main/project_root/data/temp_frames/video3/frame_00081.png,"[54, 58, 535, 283]",RIGHT_HIP,-0.41401949144432887,0.2910424553996299,0.9998233914375305,0.658743754029274,0.36609742417931557,0.34406532648830496
00081,/Users/nikko/Downloads/moi-main/project_root/data/temp_frames/video3/frame_00081.png,"[54, 58, 535, 283]",RIGHT_ELBOW,0.2853484017073657,0.7499306555486822,0.994256317615509,0.658743754029274,0.36609742417931557,0.34406532648830496
00081,/Users/nikko/Downloads/moi-main/project_root/data/temp_frames/video3/frame_00081.png,"[54, 58, 535, 283]",RIGHT_WRIST,0.21961349636205682,1.731809727660151,0.9925093650817871,0.658743754029274,0.36609742417931557,0.34406532648830496
00081,/Users/nikko/Downloads/moi-main/project_root/data/temp_frames/video3/frame_00081.png,"[54, 58, 535, 283]",RIGHT_KNEE,-1.0317087521231654,0.8728832977402484,0.9628145098686218,0.658743754029274,0.36609742417931557,0.34406532648830496
00081,/Users/nikko/Downloads/moi-main/project_root/data/temp_frames/video3/frame_00081.png,"[54, 58, 535, 283]",RIGHT_ANKLE,-1.651374358824078,1.1667381705978441,0.9923232793807983,0.658743754029274,0.36609742417931557,0.34406532648830496
00081,/Users/nikko/Downloads/moi-main/project_root/data/temp_frames/video3/frame_00081.png,"[54, 58, 535, 283]",LEFT_EYE,0.8172036079508351,-0.34119736513187787,0.999686598777771,0.658743754029274,0.36609742417931557,0.34406532648830496
00081,/Users/nikko/Downloads/moi-main/project_root/data/temp_frames/video3/frame_00081.png,"[54, 58, 535, 283]",RIGHT_EYE,0.8119786243425794,-0.35869090856543023,0.999795138835907,0.658743754029274,0.36609742417931557,0.34406532648830496
00082,/Users/nikko/Downloads/moi-main/project_root/data/temp_frames/video3/frame_00082.png,"[54, 58, 535, 283]",LEFT_SHOULDER,0.4094009652731742,-0.3435951351595292,0.9999797344207764,0.6587526202201843,0.36618276312947273,0.34412603743693393
00082,/Users/nikko/Downloads/moi-main/project_root/data/temp_frames/video3/frame_00082.png,"[54, 58, 535, 283]",RIGHT_SHOULDER,0.40208128581221614,-0.23975367802677477,0.9999620914459229,0.6587526202201843,0.36618276312947273,0.34412603743693393
00082,/Users/nikko/Downloads/moi-main/project_root/data/temp_frames/video3/frame_00082.png,"[54, 58, 535, 283]",LEFT_HIP,-0.39744924161381573,0.2923612111123797,0.9996053576469421,0.6587526202201843,0.36618276312947273,0.34412603743693393
00082,/Users/nikko/Downloads/moi-main/project_root/data/temp_frames/video3/frame_00082.png,"[54, 58, 535, 283]",RIGHT_HIP,-0.4140330094715746,0.29098760207392427,0.999822199344635,0.6587526202201843,0.36618276312947273,0.34412603743693393
00082,/Users/nikko/Downloads/moi-main/project_root/data/temp_frames/video3/frame_00082.png,"[54, 58, 535, 283]",RIGHT_ELBOW,0.2849764603765166,0.7495134719433151,0.9941582679748535,0.6587526202201843,0.36618276312947273,0.34412603743693393
00082,/Users/nikko/Downloads/moi-main/project_root/data/temp_frames/video3/frame_00082.png,"[54, 58, 535, 283]",RIGHT_WRIST,0.21936313774609192,1.7311500379415048,0.9923256635665894,0.6587526202201843,0.36618276312947273,0.34412603743693393
00082,/Users/nikko/Downloads/moi-main/project_root/data/temp_frames/video3/frame_00082.png,"[54, 58, 535, 283]",RIGHT_KNEE,-1.0316030778471463,0.8725703434035381,0.962584912776947,0.6587526202201843,0.36618276312947273,0.34412603743693393
00082,/Users/nikko/Downloads/moi-main/project_root/data/temp_frames/video3/frame_00082.png,"[54, 58, 535, 283]",RIGHT_ANKLE,-1.6512622470002478,1.1656381153280588,0.9922701120376587,0.6587526202201843,0.36618276312947273,0.34412603743693393
00082,/Users/nikko/Downloads/moi-main/project_root/data/temp_frames/video3/frame_00082.png,"[54, 58, 535, 283]",LEFT_EYE,0.8169074048969409,-0.34130678269577364,0.9996808767318726,0.6587526202201843,0.36618276312947273,0.34412603743693393
00082,/Users/nikko/Downloads/moi-main/project_root/data/temp_frames/video3/frame_00082.png,"[54, 58, 535, 283]",RIGHT_EYE,0.811618044476242,-0.35884543443588607,0.9997914433479309,0.6587526202201843,0.36618276312947273,0.34412603743693393
00083,/Users/nikko/Downloads/moi-main/project_root/data/temp_frames/video3/frame_00083.png,"[54, 58, 535, 283]",LEFT_SHOULDER,0.4084727176257861,-0.3438388547380138,0.9999799728393555,0.6587782055139542,0.36564826592803,0.34449302320436714
00083,/Users/nikko/Downloads/moi-main/project_root/data/temp_frames/video3/frame_00083.png,"[54, 58, 535, 283]",RIGHT_SHOULDER,0.40417971211754494,-0.23759168324058264,0.999963641166687,0.6587782055139542,0.36564826592803,0.34449302320436714
00083,/Users/nikko/Downloads/moi-main/project_root/data/temp_frames/video3/frame_00083.png,"[54, 58, 535, 283]",LEFT_HIP,-0.39877962956011465,0.28877470488607976,0.9996187686920166,0.6587782055139542,0.36564826592803,0.34449302320436714
00083,/Users/nikko/Downloads/moi-main/project_root/data/temp_frames/video3/frame_00083.png,"[54, 58, 535, 283]",RIGHT_HIP,-0.41387280018321637,0.29265583309251664,0.9998294115066528,0.6587782055139542,0.36564826592803,0.34449302320436714
00083,/Users/nikko/Downloads/moi-main/project_root/data/temp_frames/video3/frame_00083.png,"[54, 58, 535, 283]",RIGHT_ELBOW,0.2848397994841516,0.7510453373087308,0.9942797422409058,0.6587782055139542,0.36564826592803,0.34449302320436714
00083,/Users/nikko/Downloads/moi-main/project_root/data/temp_frames/video3/frame_00083.png,"[54, 58, 535, 283]",RIGHT_WRIST,0.21921436210601639,1.7312479135361136,0.9924708604812622,0.6587782055139542,0.36564826592803,0.34449302320436714
00083,/Users/nikko/Downloads/moi-main/project_root/data/temp_frames/video3/frame_00083.png,"[54, 58, 535, 283]",RIGHT_KNEE,-1.030633582242706,0.8710538044030238,0.9641016721725464,0.6587782055139542,0.36564826592803,0.34449302320436714
00083,/Users/nikko/Downloads/moi-main/project_root/data/temp_frames/video3/frame_00083.png,"[54, 58, 535, 283]",RIGHT_ANKLE,-1.6498308075681827,1.1615991988771455,0.9927256107330322,0.6587782055139542,0.36564826592803,0.34449302320436714
00083,/Users/nikko/Downloads/moi-main/project_root/data/temp_frames/video3/frame_00083.png,"[54, 58, 535, 283]",LEFT_EYE,0.8164153411186577,-0.3393152117824695,0.9996880292892456,0.6587782055139542,0.36564826592803,0.34449302320436714
00083,/Users/nikko/Downloads/moi-main/project_root/data/temp_frames/video3/frame_00083.png,"[54, 58, 535, 283]",RIGHT_EYE,0.8110016763859736,-0.3553492724569099,0.9997977614402771,0.6587782055139542,0.36564826592803,0.34449302320436714
00084,/Users/nikko/Downloads/moi-main/project_root/data/temp_frames/video3/frame_00084.png,"[54, 58, 535, 283]",LEFT_SHOULDER,0.4077325559650878,-0.343922165064058,0.9999803304672241,0.6588886976242065,0.3658873327076435,0.3439673562187152
00084,/Users/nikko/Downloads/moi-main/project_root/data/temp_frames/video3/frame_00084.png,"[54, 58, 535, 283]",RIGHT_SHOULDER,0.4043585089299858,-0.23846907242767137,0.9999655485153198,0.6588886976242065,0.3658873327076435,0.3439673562187152
00084,/Users/nikko/Downloads/moi-main/project_root/data/temp_frames/video3/frame_00084.png,"[54, 58, 535, 283]",LEFT_HIP,-0.3976760901628635,0.29189001810806553,0.9996229410171509,0.6588886976242065,0.3658873327076435,0.3439673562187152
00084,/Users/nikko/Downloads/moi-main/project_root/data/temp_frames/video3/frame_00084.png,"[54, 58, 535, 283]",RIGHT_HIP,-0.4144149747322101,0.29050121938366386,0.9998338222503662,0.6588886976242065,0.3658873327076435,0.3439673562187152
00084,/Users/nikko/Downloads/moi-main/project_root/data/temp_frames/video3/frame_00084.png,"[54, 58, 535, 283]",RIGHT_ELBOW,0.2847455870134099,0.7503485146301565,0.9948514103889465,0.6588886976242065,0.3658873327076435,0.3439673562187152
00084,/Users/nikko/Downloads/moi-main/project_root/data/temp_frames/video3/frame_00084.png,"[54, 58, 535, 283]",RIGHT_WRIST,0.21933939671716696,1.7345839063333954,0.9936834573745728,0.6588886976242065,0.3658873327076435,0.3439673562187152
00084,/Users/nikko/Downloads/moi-main/project_root/data/temp_frames/video3/frame_00084.png,"[54, 58, 535, 283]",RIGHT_KNEE,-1.0312134211977029,0.8694961642808371,0.9651690125465393,0.6588886976242065,0.3658873327076435,0.3439673562187152
00084,/Users/nikko/Downloads/moi-main/project_root/data/temp_frames/video3/frame_00084.png,"[54, 58, 535, 283]",RIGHT_ANKLE,-1.6508137467791342,1.1635633121878448,0.9930451512336731,0.6588886976242065,0.3658873327076435,0.3439673562187152
00084,/Users/nikko/Downloads/moi-main/project_root/data/temp_frames/video3/frame_00084.png,"[54, 58, 535, 283]",LEFT_EYE,0.8173515007147332,-0.3405471649572754,0.9996902942657471,0.6588886976242065,0.3658873327076435,0.3439673562187152
00084,/Users/nikko/Downloads/moi-main/project_root/data/temp_frames/video3/frame_00084.png,"[54, 58, 535, 283]",RIGHT_EYE,0.8120671514601784,-0.35683342712121463,0.9998001456260681,0.6588886976242065,0.3658873327076435,0.3439673562187152
00085,/Users/nikko/Downloads/moi-main/project_root/data/temp_frames/video3/frame_00085.png,"[54, 58, 535, 283]",LEFT_SHOULDER,0.4077766060574812,-0.34467729322164253,0.9999802112579346,0.6587462574243546,0.36585990339517593,0.3441540947899864
00085,/Users/nikko/Downloads/moi-main/project_root/data/temp_frames/video3/frame_00085.png,"[54, 58, 535, 283]",RIGHT_SHOULDER,0.4043519126900877,-0.23755188364134622,0.9999648332595825,0.6587462574243546,0.36585990339517593,0.3441540947899864
00085,/Users/nikko/Downloads/moi-main/project_root/data/temp_frames/video3/frame_00085.png,"[54, 58, 535, 283]",LEFT_HIP,-0.39801716519577857,0.2907591989913259,0.999618649482727,0.6587462574243546,0.36585990339517593,0.3441540947899864
00085,/Users/nikko/Downloads/moi-main/project_root/data/temp_frames/video3/frame_00085.png,"[54, 58, 535, 283]",RIGHT_HIP,-0.41411135355179024,0.29146997787166284,0.9998310804367065,0.6587462574243546,0.36585990339517593,0.3441540947899864
00085,/Users/nikko/Downloads/moi-main/project_root/data/temp_frames/video3/frame_00085.png,"[54, 58, 535, 283]",RIGHT_ELBOW,0.28504722732701965,0.7506733150518469,0.9946300983428955,0.6587462574243546,0.36585990339517593,0.3441540947899864
00085,/Users/nikko/Downloads/moi-main/project_root/data/temp_frames/video3/frame_00085.png,"[54, 58, 535, 283]",RIGHT_WRIST,0.21948497647706997,1.7323742944926683,0.9932518601417542,0.6587462574243546,0.36585990339517593,0.3441540947899864
00085,/Users/nikko/Downloads/moi-main/project_root/data/temp_frames/video3/frame_00085.png,"[54, 58, 535, 283]",RIGHT_KNEE,-1.0308858301501418,0.8698655989789161,0.9646052122116089,0.6587462574243546,0.36585990339517593,0.3441540947899864
00085,/Users/nikko/Downloads/moi-main/project_root/data/temp_frames/video3/frame_00085.png,"[54, 58, 535, 283]",RIGHT_ANKLE,-1.6517674837965222,1.1622842562278708,0.9928790926933289,0.6587462574243546,0.36585990339517593,0.3441540947899864
00085,/Users/nikko/Downloads/moi-main/project_root/data/temp_frames/video3/frame_00085.png,"[54, 58, 535, 283]",LEFT_EYE,0.8171857607067694,-0.33983493890761207,0.9996904134750366,0.6587462574243546,0.36585990339517593,0.3441540947899864
00085,/Users/nikko/Downloads/moi-main/project_root/data/temp_frames/video3/frame_00085.png,"[54, 58, 535, 283]",RIGHT_EYE,0.8118440080249388,-0.3558231772197528,0.9998001456260681,0.6587462574243546,0.36585990339517593,0.3441540947899864
00086,/Users/nikko/Downloads/moi-main/project_root/data/temp_frames/video3/frame_00086.png,"[54, 58, 535, 283]",LEFT_SHOULDER,0.40779394167800365,-0.3439809940656374,0.9999808073043823,0.6588783860206604,0.3653469756245613,0.34406700392421774
00086,/Users/nikko/Downloads/moi-main/project_root/data/temp_frames/video3/frame_00086.png,"[54, 58, 535, 283]",RIGHT_SHOULDER,0.40498925774171396,-0.23716740410655804,0.9999672174453735,0.6588783860206604,0.3653469756245613,0.34406700392421774
00086,/Users/nikko/Downloads/moi-main/project_root/data/temp_frames/video3/frame_00086.png,"[54, 58, 535, 283]",LEFT_HIP,-0.3988544663744609,0.2876935946596858,0.9996241331100464,0.6588783860206604,0.3653469756245613,0.34406700392421774
00086,/Users/nikko/Downloads/moi-main/project_root/data/temp_frames/video3/frame_00086.png,"[54, 58, 535, 283]",RIGHT_HIP,-0.4139287330452567,0.2934548035125097,0.9998364448547363,0.6588783860206604,0.3653469756245613,0.34406700392421774
00086,/Users/nikko/Downloads/moi-main/project_root/data/temp_frames/video3/frame_00086.png,"[54, 58, 535, 283]",RIGHT_ELBOW,0.2847305084458023,0.7501924720878645,0.9950252175331116,0.6588783860206604,0.3653469756245613,0.34406700392421774
00086,/Users/nikko/Downloads/moi-main/project_root/data/temp_frames/video3/frame_00086.png,"[54, 58, 535, 283]",RIGHT_WRIST,0.2193037631932879,1.7339766794257716,0.9940974712371826,0.6588783860206604,0.3653469756245613,0.34406700392421774
00086,/Users/nikko/Downloads/moi-main/project_root/data/temp_frames/video3/frame_00086.png,"[54, 58, 535, 283]",RIGHT_KNEE,-1.0314267618420851,0.8734118173362896,0.9661325216293335,0.6588783860206604,0.3653469756245613,0.34406700392421774
00086,/Users/nikko/Downloads/moi-main/project_root/data/temp_frames/video3/frame_00086.png,"[54, 58, 535, 283]",RIGHT_ANKLE,-1.651372306131371,1.1647322070011443,0.9932709336280823,0.6588783860206604,0.3653469756245613,0.34406700392421774
00086,/Users/nikko/Downloads/moi-main/project_root/data/temp_frames/video3/frame_00086.png,"[54, 58, 535, 283]",LEFT_EYE,0.8164249576475546,-0.33791346140982753,0.9996987581253052,0.6588783860206604,0.3653469756245613,0.34406700392421774
00086,/Users/nikko/Downloads/moi-main/project_root/data/temp_frames/video3/frame_00086.png,"[54, 58, 535, 283]",RIGHT_EYE,0.8112261580843642,-0.35443307577990985,0.999808132648468,0.6588783860206604,0.3653469756245613,0.34406700392421774
00087,/Users/nikko/Downloads/moi-main/project_root/data/temp_frames/video3/frame_00087.png,"[54, 58, 535, 283]",LEFT_SHOULDER,0.40780560241656244,-0.3439918795684316,0.9999806880950928,0.6589353084564209,0.3654127009212971,0.3442324109056484
00087,/Users/nikko/Downloads/moi-main/project_root/data/temp_frames/video3/frame_00087.png,"[54, 58, 535, 283]",RIGHT_SHOULDER,0.40528329239305594,-0.23668266963636794,0.9999668598175049,0.6589353084564209,0.3654127009212971,0.3442324109056484
00087,/Users/nikko/Downloads/moi-main/project_root/data/temp_frames/video3/frame_00087.png,"[54, 58, 535, 283]",LEFT_HIP,-0.399232830448154,0.28719178933521927,0.9996215105056763,0.6589353084564209,0.3654127009212971,0.3442324109056484
00087,/Users/nikko/Downloads/moi-main/project_root/data/temp_frames/video3/frame_00087.png,"[54, 58, 535, 283]",RIGHT_HIP,-0.4138560643614644,0.2934827598695803,0.9998350143432617,0.6589353084564209,0.3654127009212971,0.3442324109056484
00087,/Users/nikko/Downloads/moi-main/project_root/data/temp_frames/video3/frame_00087.png,"[54, 58, 535, 283]",RIGHT_ELBOW,0.28434037083825886,0.7507146089433069,0.9949712753295898,0.6589353084564209,0.3654127009212971,0.3442324109056484
00087,/Users/nikko/Downloads/moi-main/project_root/data/temp_frames/video3/frame_00087.png,"[54, 58, 535, 283]",RIGHT_WRIST,0.21889588850322197,1.7327982753278588,0.9939013719558716,0.6589353084564209,0.3654127009212971,0.3442324109056484
00087,/Users/nikko/Downloads/moi-main/project_root/data/temp_frames/video3/frame_00087.png,"[54, 58, 535, 283]",RIGHT_KNEE,-1.0312929531694395,0.8729078634890932,0.9667016863822937,0.6589353084564209,0.3654127009212971,0.3442324109056484
00087,/Users/nikko/Downloads/moi-main/project_root/data/temp_frames/video3/frame_00087.png,"[54, 58, 535, 283]",RIGHT_ANKLE,-1.6519337661567208,1.163591670018377,0.9933387637138367,0.6589353084564209,0.3654127009212971,0.3442324109056484
00087,/Users/nikko/Downloads/moi-main/project_root/data/temp_frames/video3/frame_00087.png,"[54, 58, 535, 283]",LEFT_EYE,0.8159249568591147,-0.3378313360283183,0.9997007846832275,0.6589353084564209,0.3654127009212971,0.3442324109056484
00087,/Users/nikko/Downloads/moi-main/project_root/data/temp_frames/video3/frame_00087.png,"[54, 58, 535, 283]",RIGHT_EYE,0.8106677057481307,-0.35435638858261054,0.9998087286949158,0.6589353084564209,0.3654127009212971,0.3442324109056484
00088,/Users/nikko/Downloads/moi-main/project_root/data/temp_frames/video3/frame_00088.png,"[54, 58, 535, 283]",LEFT_SHOULDER,0.40754146264849594,-0.34362012264694275,0.9999810457229614,0.6589865237474442,0.36542005836963654,0.34431917272579776
00088,/Users/nikko/Downloads/moi-main/project_root/data/temp_frames/video3/frame_00088.png,"[54, 58, 535, 283]",RIGHT_SHOULDER,0.4051181139409432,-0.23777150900679456,0.9999672174453735,0.6589865237474442,0.36542005836963654,0.34431917272579776
00088,/Users/nikko/Downloads/moi-main/project_root/data/temp_frames/video3/frame_00088.png,"[54, 58, 535, 283]",LEFT_HIP,-0.398674402203277,0.288622882407641,0.9996240139007568,0.6589865237474442,0.36542005836963654,0.34431917272579776
00088,/Users/nikko/Downloads/moi-main/project_root/data/temp_frames/video3/frame_00088.png,"[54, 58, 535, 283]",RIGHT_HIP,-0.41398517438616217,0.29276874924609625,0.999835729598999,0.6589865237474442,0.36542005836963654,0.34431917272579776
00088,/Users/nikko/Downloads/moi-main/project_root/data/temp_frames/video3/frame_00088.png,"[54, 58, 535, 283]",RIGHT_ELBOW,0.2841760660922174,0.7489275742297807,0.9950036406517029,0.6589865237474442,0.36542005836963654,0.34431917272579776
00088,/Users/nikko/Downloads/moi-main/project_root/data/temp_frames/video3/frame_00088.png,"[54, 58, 535, 283]",RIGHT_WRIST,0.2188309935779656,1.7330221505030383,0.9940906167030334,0.6589865237474442,0.36542005836963654,0.34431917272579776
00088,/Users/nikko/Downloads/moi-main/project_root/data/temp_frames/video3/frame_00088.png,"[54, 58, 535, 283]",RIGHT_KNEE,-1.0311459972977437,0.8711686297720186,0.9663869738578796,0.6589865237474442,0.36542005836963654,0.34431917272579776
00088,/Users/nikko/Downloads/moi-main/project_root/data/temp_frames/video3/frame_00088.png,"[54, 58, 535, 283]",RIGHT_ANKLE,-1.6513341018980536,1.164942231751179,0.993279755115509,0.6589865237474442,0.36542005836963654,0.34431917272579776
00088,/Users/nikko/Downloads/moi-main/project_root/data/temp_frames/video3/frame_00088.png,"[54, 58, 535, 283]",LEFT_EYE,0.8159760363634567,-0.3381555137230431,0.9997007846832275,0.6589865237474442,0.36542005836963654,0.34431917272579776
00088,/Users/nikko/Downloads/moi-main/project_root/data/temp_frames/video3/frame_00088.png,"[54, 58, 535, 283]",RIGHT_EYE,0.8106593488246991,-0.35462299824708604,0.9998078942298889,0.6589865237474442,0.36542005836963654,0.34431917272579776
00089,/Users/nikko/Downloads/moi-main/project_root/data/temp_frames/video3/frame_00089.png,"[54, 58, 535, 283]",LEFT_SHOULDER,0.40790039792272065,-0.3436976236333991,0.9999806880950928,0.6589283347129822,0.36561521515250206,0.34421802209859254
00089,/Users/nikko/Downloads/moi-main/project_root/data/temp_frames/video3/frame_00089.png,"[54, 58, 535, 283]",RIGHT_SHOULDER,0.4048164259767496,-0.23766686727834718,0.9999661445617676,0.6589283347129822,0.36561521515250206,0.34421802209859254
00089,/Users/nikko/Downloads/moi-main/project_root/data/temp_frames/video3/frame_00089.png,"[54, 58, 535, 283]",LEFT_HIP,-0.39859272470319024,0.28935121112933226,0.9996224641799927,0.6589283347129822,0.36561521515250206,0.34421802209859254
00089,/Users/nikko/Downloads/moi-main/project_root/data/temp_frames/video3/frame_00089.png,"[54, 58, 535, 283]",RIGHT_HIP,-0.41412409919628,0.29201327978241404,0.9998341798782349,0.6589283347129822,0.36561521515250206,0.34421802209859254
00089,/Users/nikko/Downloads/moi-main/project_root/data/temp_frames/video3/frame_00089.png,"[54, 58, 535, 283]",RIGHT_ELBOW,0.2844885332553847,0.7491197401419013,0.9948245286941528,0.6589283347129822,0.36561521515250206,0.34421802209859254
00089,/Users/nikko/Downloads/moi-main/project_root/data/temp_frames/video3/frame_00089.png,"[54, 58, 535, 283]",RIGHT_WRIST,0.21909447523517897,1.7328532845994664,0.9937537312507629,0.6589283347129822,0.36561521515250206,0.34421802209859254
00089,/Users/nikko/Downloads/moi-main/project_root/data/temp_frames/video3/frame_00089.png,"[54, 58, 535, 283]",RIGHT_KNEE,-1.0313990061979081,0.8698351639814629,0.9655734896659851,0.6589283347129822,0.36561521515250206,0.34421802209859254
00089,/Users/nikko/Downloads/moi-main/project_root/data/temp_frames/video3/frame_00089.png,"[54, 58, 535, 283]",RIGHT_ANKLE,-1.6517206341929596,1.1633837522709352,0.9931284189224243,0.6589283347129822,0.36561521515250206,0.34421802209859254
00089,/Users/nikko/Downloads/moi-main/project_root/data/temp_frames/video3/frame_00089.png,"[54, 58, 535, 283]",LEFT_EYE,0.8165583689652405,-0.339299846738126,0.9996911287307739,0.6589283347129822,0.36561521515250206,0.34421802209859254
00089,/Users/nikko/Downloads/moi-main/project_root/data/temp_frames/video3/frame_00089.png,"[54, 58, 535, 283]",RIGHT_EYE,0.8111066130558102,-0.35531931476982925,0.9998010993003845,0.6589283347129822,0.36561521515250206,0.34421802209859254
00090,/Users/nikko/Downloads/moi-main/project_root/data/temp_frames/video3/frame_00090.png,"[54, 58, 535, 283]",LEFT_SHOULDER,0.40776656646678405,-0.34370159049422533,0.9999809265136719,0.6588831096887589,0.3653957098722458,0.34426079673937493
00090,/Users/nikko/Downloads/moi-main/project_root/data/temp_frames/video3/frame_00090.png,"[54, 58, 535, 283]",RIGHT_SHOULDER,0.4053848793815973,-0.23695167784525717,0.9999669790267944,0.6588831096887589,0.3653957098722458,0.34426079673937493
00090,/Users/nikko/Downloads/moi-main/project_root/data/temp_frames/video3/frame_00090.png,"[54, 58, 535, 283]",LEFT_HIP,-0.39907062108316615,0.28797381785523307,0.9996258020401001,0.6588831096887589,0.3653957098722458,0.34426079673937493
00090,/Users/nikko/Downloads/moi-main/project_root/data/temp_frames/video3/frame_00090.png,"[54, 58, 535, 283]",RIGHT_HIP,-0.4140808247652152,0.2926794504842494,0.9998366832733154,0.6588831096887589,0.3653957098722458,0.34426079673937493
00090,/Users/nikko/Downloads/moi-main/project_root/data/temp_frames/video3/frame_00090.png,"[54, 58, 535, 283]",RIGHT_ELBOW,0.28453780658385525,0.7507600656003928,0.9949427247047424,0.6588831096887589,0.3653957098722458,0.34426079673937493
00090,/Users/nikko/Downloads/moi-main/project_root/data/temp_frames/video3/frame_00090.png,"[54, 58, 535, 283]",RIGHT_WRIST,0.21913923474231928,1.7334710626022036,0.9938974976539612,0.6588831096887589,0.3653957098722458,0.34426079673937493
00090,/Users/nikko/Downloads/moi-main/project_root/data/temp_frames/video3/frame_00090.png,"[54, 58, 535, 283]",RIGHT_KNEE,-1.031281718574931,0.8720429268826808,0.9668483138084412,0.6588831096887589,0.3653957098722458,0.34426079673937493
00090,/Users/nikko/Downloads/moi-main/project_root/data/temp_frames/video3/frame_00090.png,"[54, 58, 535, 283]",RIGHT_ANKLE,-1.6520544721024637,1.1635849036298043,0.9933775067329407,0.6588831096887589,0.3653957098722458,0.34426079673937493
00090,/Users/nikko/Downloads/moi-main/project_root/data/temp_frames/video3/frame_00090.png,"[54, 58, 535, 283]",LEFT_EYE,0.8161834827528276,-0.3380918309417687,0.9997019171714783,0.6588831096887589,0.3653957098722458,0.34426079673937493
00090,/Users/nikko/Downloads/moi-main/project_root/data/temp_frames/video3/frame_00090.png,"[54, 58, 535, 283]",RIGHT_EYE,0.8108677981868633,-0.35477112875895667,0.9998088479042053,0.6588831096887589,0.3653957098722458,0.34426079673937493
