frame_id,image_path,bbox,landmark,x_norm,y_norm,visibility,center_x,center_y,unit_length
00000,/Users/nikko/Downloads/moi-main/project_root/data/temp_frames/video15/frame_00000.png,"[823, 136, 1536, 1065]",LEFT_SHOULDER,0.8950000197938726,-0.13839323248115018,0.9999713897705078,0.4493287652730942,0.40051450580358505,0.37946601979456923
00000,/Users/nikko/Downloads/moi-main/project_root/data/temp_frames/video15/frame_00000.png,"[823, 136, 1536, 1065]",RIGHT_SHOULDER,-0.09122616648224684,-0.23665765716027792,0.999686598777771,0.4493287652730942,0.40051450580358505,0.37946601979456923
00000,/Users/nikko/Downloads/moi-main/project_root/data/temp_frames/video15/frame_00000.png,"[823, 136, 1536, 1065]",LEFT_HIP,-0.1969934380931832,0.22137028845973766,0.9998199343681335,0.4493287652730942,0.40051450580358505,0.37946601979456923
00000,/Users/nikko/Downloads/moi-main/project_root/data/temp_frames/video15/frame_00000.png,"[823, 136, 1536, 1065]",RIGHT_HIP,-0.6067804152184426,0.15368060118169044,0.999841570854187,0.4493287652730942,0.40051450580358505,0.37946601979456923
00000,/Users/nikko/Downloads/moi-main/project_root/data/temp_frames/video15/frame_00000.png,"[823, 136, 1536, 1065]",LEFT_ELBOW,0.8946477004523317,0.4814272786694747,0.9400923848152161,0.4493287652730942,0.40051450580358505,0.37946601979456923
00000,/Users/nikko/Downloads/moi-main/project_root/data/temp_frames/video15/frame_00000.png,"[823, 136, 1536, 1065]",RIGHT_ELBOW,-0.3714674579435925,0.4996979345630834,0.9967453479766846,0.4493287652730942,0.40051450580358505,0.37946601979456923
00000,/Users/nikko/Downloads/moi-main/project_root/data/temp_frames/video15/frame_00000.png,"[823, 136, 1536, 1065]",LEFT_WRIST,0.9359471297134498,1.092717514973436,0.96176677942276,0.4493287652730942,0.40051450580358505,0.37946601979456923
00000,/Users/nikko/Downloads/moi-main/project_root/data/temp_frames/video15/frame_00000.png,"[823, 136, 1536, 1065]",RIGHT_WRIST,-0.5208777185908551,1.283934714374692,0.9992384910583496,0.4493287652730942,0.40051450580358505,0.37946601979456923
00000,/Users/nikko/Downloads/moi-main/project_root/data/temp_frames/video15/frame_00000.png,"[823, 136, 1536, 1065]",RIGHT_KNEE,-0.8219484970797254,0.3913293430166766,0.6059470772743225,0.4493287652730942,0.40051450580358505,0.37946601979456923
00000,/Users/nikko/Downloads/moi-main/project_root/data/temp_frames/video15/frame_00000.png,"[823, 136, 1536, 1065]",RIGHT_ANKLE,-0.9802483613893861,0.5206819049042084,0.7907243371009827,0.4493287652730942,0.40051450580358505,0.37946601979456923
00000,/Users/nikko/Downloads/moi-main/project_root/data/temp_frames/video15/frame_00000.png,"[823, 136, 1536, 1065]",LEFT_EYE,1.027946615945247,-0.3628618852438968,0.9949237704277039,0.4493287652730942,0.40051450580358505,0.37946601979456923
00000,/Users/nikko/Downloads/moi-main/project_root/data/temp_frames/video15/frame_00000.png,"[823, 136, 1536, 1065]",RIGHT_EYE,0.8713921107097953,-0.3749904353808059,0.9981964230537415,0.4493287652730942,0.40051450580358505,0.37946601979456923
00001,/Users/nikko/Downloads/moi-main/project_root/data/temp_frames/video15/frame_00001.png,"[823, 138, 1537, 1066]",LEFT_SHOULDER,0.8757386347354164,-0.13661412088685065,0.9999630451202393,0.4487559013068676,0.3993585929274559,0.38591561696712456
00001,/Users/nikko/Downloads/moi-main/project_root/data/temp_frames/video15/frame_00001.png,"[823, 138, 1537, 1066]",RIGHT_SHOULDER,-0.06731595516365048,-0.24249171863651078,0.9995562434196472,0.4487559013068676,0.3993585929274559,0.38591561696712456
00001,/Users/nikko/Downloads/moi-main/project_root/data/temp_frames/video15/frame_00001.png,"[823, 138, 1537, 1066]",LEFT_HIP,-0.19981122429533898,0.22700243588499772,0.9997777342796326,0.4487559013068676,0.3993585929274559,0.38591561696712456
00001,/Users/nikko/Downloads/moi-main/project_root/data/temp_frames/video15/frame_00001.png,"[823, 138, 1537, 1066]",RIGHT_HIP,-0.6086114552764269,0.15210340363836372,0.9997993111610413,0.4487559013068676,0.3993585929274559,0.38591561696712456
00001,/Users/nikko/Downloads/moi-main/project_root/data/temp_frames/video15/frame_00001.png,"[823, 138, 1537, 1066]",LEFT_ELBOW,0.8828564603265685,0.4671104706431783,0.9378622174263,0.4487559013068676,0.3993585929274559,0.38591561696712456
00001,/Users/nikko/Downloads/moi-main/project_root/data/temp_frames/video15/frame_00001.png,"[823, 138, 1537, 1066]",RIGHT_ELBOW,-0.3659676999779591,0.4675332001352686,0.995917022228241,0.4487559013068676,0.3993585929274559,0.38591561696712456
00001,/Users/nikko/Downloads/moi-main/project_root/data/temp_frames/video15/frame_00001.png,"[823, 138, 1537, 1066]",LEFT_WRIST,0.9150703936931258,1.0754958980821623,0.9580909013748169,0.4487559013068676,0.3993585929274559,0.38591561696712456
00001,/Users/nikko/Downloads/moi-main/project_root/data/temp_frames/video15/frame_00001.png,"[823, 138, 1537, 1066]",RIGHT_WRIST,-0.5026612274413976,1.2426714344841145,0.9988897442817688,0.4487559013068676,0.3993585929274559,0.38591561696712456
00001,/Users/nikko/Downloads/moi-main/project_root/data/temp_frames/video15/frame_00001.png,"[823, 138, 1537, 1066]",RIGHT_KNEE,-0.8111981546881184,0.3998924657023137,0.6113189458847046,0.4487559013068676,0.3993585929274559,0.38591561696712456
00001,/Users/nikko/Downloads/moi-main/project_root/data/temp_frames/video15/frame_00001.png,"[823, 138, 1537, 1066]",RIGHT_ANKLE,-0.9749882255797037,0.5301042696619855,0.8173767328262329,0.4487559013068676,0.3993585929274559,0.38591561696712456
00001,/Users/nikko/Downloads/moi-main/project_root/data/temp_frames/video15/frame_00001.png,"[823, 138, 1537, 1066]",LEFT_EYE,1.0097591742723435,-0.36137137587928064,0.9911965131759644,0.4487559013068676,0.3993585929274559,0.38591561696712456
00001,/Users/nikko/Downloads/moi-main/project_root/data/temp_frames/video15/frame_00001.png,"[823, 138, 1537, 1066]",RIGHT_EYE,0.8686507724330715,-0.37302956642438967,0.996545135974884,0.4487559013068676,0.3993585929274559,0.38591561696712456
00002,/Users/nikko/Downloads/moi-main/project_root/data/temp_frames/video15/frame_00002.png,"[823, 138, 1537, 1066]",LEFT_SHOULDER,0.8746594867795874,-0.13449158145716475,0.9999637603759766,0.4477151483297348,0.398566871881485,0.38696826846476284
00002,/Users/nikko/Downloads/moi-main/project_root/data/temp_frames/video15/frame_00002.png,"[823, 138, 1537, 1066]",RIGHT_SHOULDER,-0.06530728719537138,-0.2441958404269934,0.9995793700218201,0.4477151483297348,0.398566871881485,0.38696826846476284
00002,/Users/nikko/Downloads/moi-main/project_root/data/temp_frames/video15/frame_00002.png,"[823, 138, 1537, 1066]",LEFT_HIP,-0.20187680766167643,0.22687187784098672,0.999789297580719,0.4477151483297348,0.398566871881485,0.38696826846476284
00002,/Users/nikko/Downloads/moi-main/project_root/data/temp_frames/video15/frame_00002.png,"[823, 138, 1537, 1066]",RIGHT_HIP,-0.6074753919225396,0.15181554404317146,0.9998103976249695,0.4477151483297348,0.398566871881485,0.38696826846476284
00002,/Users/nikko/Downloads/moi-main/project_root/data/temp_frames/video15/frame_00002.png,"[823, 138, 1537, 1066]",LEFT_ELBOW,0.8835514730705818,0.4670224336456866,0.9354572296142578,0.4477151483297348,0.398566871881485,0.38696826846476284
00002,/Users/nikko/Downloads/moi-main/project_root/data/temp_frames/video15/frame_00002.png,"[823, 138, 1537, 1066]",RIGHT_ELBOW,-0.3603406629225209,0.4690677953522485,0.9958608746528625,0.4477151483297348,0.398566871881485,0.38696826846476284
00002,/Users/nikko/Downloads/moi-main/project_root/data/temp_frames/video15/frame_00002.png,"[823, 138, 1537, 1066]",LEFT_WRIST,0.9139752850231694,1.0751494871421425,0.9568963646888733,0.4477151483297348,0.398566871881485,0.38696826846476284
00002,/Users/nikko/Downloads/moi-main/project_root/data/temp_frames/video15/frame_00002.png,"[823, 138, 1537, 1066]",RIGHT_WRIST,-0.4997491836369242,1.2415657469174903,0.9988937973976135,0.4477151483297348,0.398566871881485,0.38696826846476284
00002,/Users/nikko/Downloads/moi-main/project_root/data/temp_frames/video15/frame_00002.png,"[823, 138, 1537, 1066]",RIGHT_KNEE,-0.8058324646375599,0.4004721644764069,0.5799283385276794,0.4477151483297348,0.398566871881485,0.38696826846476284
00002,/Users/nikko/Downloads/moi-main/project_root/data/temp_frames/video15/frame_00002.png,"[823, 138, 1537, 1066]",RIGHT_ANKLE,-0.9704044486094946,0.5245157506087879,0.7923619747161865,0.4477151483297348,0.398566871881485,0.38696826846476284
00002,/Users/nikko/Downloads/moi-main/project_root/data/temp_frames/video15/frame_00002.png,"[823, 138, 1537, 1066]",LEFT_EYE,1.0128702717736635,-0.36550116180009995,0.990669846534729,0.4477151483297348,0.398566871881485,0.38696826846476284
00002,/Users/nikko/Downloads/moi-main/project_root/data/temp_frames/video15/frame_00002.png,"[823, 138, 1537, 1066]",RIGHT_EYE,0.8715072669343588,-0.3725039726011492,0.9963542222976685,0.4477151483297348,0.398566871881485,0.38696826846476284
00003,/Users/nikko/Downloads/moi-main/project_root/data/temp_frames/video15/frame_00003.png,"[820, 139, 1537, 1066]",LEFT_SHOULDER,0.8863579504581237,-0.13828520147929213,0.9999688863754272,0.4489629492163658,0.3988543227314949,0.3811653506655402
00003,/Users/nikko/Downloads/moi-main/project_root/data/temp_frames/video15/frame_00003.png,"[820, 139, 1537, 1066]",RIGHT_SHOULDER,-0.07834811968034344,-0.23566117932888178,0.9995793700218201,0.4489629492163658,0.3988543227314949,0.3811653506655402
00003,/Users/nikko/Downloads/moi-main/project_root/data/temp_frames/video15/frame_00003.png,"[820, 139, 1537, 1066]",LEFT_HIP,-0.1972750430973154,0.224791217089256,0.9997860789299011,0.4489629492163658,0.3988543227314949,0.3811653506655402
00003,/Users/nikko/Downloads/moi-main/project_root/data/temp_frames/video15/frame_00003.png,"[820, 139, 1537, 1066]",RIGHT_HIP,-0.6107347876804649,0.1491551637189179,0.9998005032539368,0.4489629492163658,0.3988543227314949,0.3811653506655402
00003,/Users/nikko/Downloads/moi-main/project_root/data/temp_frames/video15/frame_00003.png,"[820, 139, 1537, 1066]",LEFT_ELBOW,0.8936207767401017,0.4674151199659484,0.940679132938385,0.4489629492163658,0.3988543227314949,0.3811653506655402
00003,/Users/nikko/Downloads/moi-main/project_root/data/temp_frames/video15/frame_00003.png,"[820, 139, 1537, 1066]",RIGHT_ELBOW,-0.3633523223067603,0.4785591680870628,0.9962161183357239,0.4489629492163658,0.3988543227314949,0.3811653506655402
00003,/Users/nikko/Downloads/moi-main/project_root/data/temp_frames/video15/frame_00003.png,"[820, 139, 1537, 1066]",LEFT_WRIST,0.9296318538420039,1.0853497344421525,0.9639778137207031,0.4489629492163658,0.3988543227314949,0.3811653506655402
00003,/Users/nikko/Downloads/moi-main/project_root/data/temp_frames/video15/frame_00003.png,"[820, 139, 1537, 1066]",RIGHT_WRIST,-0.5001481909114084,1.258594842259632,0.9989368319511414,0.4489629492163658,0.3988543227314949,0.3811653506655402
00003,/Users/nikko/Downloads/moi-main/project_root/data/temp_frames/video15/frame_00003.png,"[820, 139, 1537, 1066]",RIGHT_KNEE,-0.8099612511034576,0.40339763396212597,0.5946915149688721,0.4489629492163658,0.3988543227314949,0.3811653506655402
00003,/Users/nikko/Downloads/moi-main/project_root/data/temp_frames/video15/frame_00003.png,"[820, 139, 1537, 1066]",RIGHT_ANKLE,-0.9832811060619164,0.5271767101771061,0.7944079041481018,0.4489629492163658,0.3988543227314949,0.3811653506655402
00003,/Users/nikko/Downloads/moi-main/project_root/data/temp_frames/video15/frame_00003.png,"[820, 139, 1537, 1066]",LEFT_EYE,1.0270420777666447,-0.36788621335021165,0.9920064806938171,0.4489629492163658,0.3988543227314949,0.3811653506655402
00003,/Users/nikko/Downloads/moi-main/project_root/data/temp_frames/video15/frame_00003.png,"[820, 139, 1537, 1066]",RIGHT_EYE,0.8828635998047255,-0.382068310540252,0.9967812299728394,0.4489629492163658,0.3988543227314949,0.3811653506655402
00004,/Users/nikko/Downloads/moi-main/project_root/data/temp_frames/video15/frame_00004.png,"[819, 138, 1537, 1066]",LEFT_SHOULDER,0.8936807540625072,-0.1339662359122683,0.9999654293060303,0.4495391175150871,0.3958612009882927,0.3773606257162162
00004,/Users/nikko/Downloads/moi-main/project_root/data/temp_frames/video15/frame_00004.png,"[819, 138, 1537, 1066]",RIGHT_SHOULDER,-0.07372048620068108,-0.22926440567643733,0.9995937943458557,0.4495391175150871,0.3958612009882927,0.3773606257162162
00004,/Users/nikko/Downloads/moi-main/project_root/data/temp_frames/video15/frame_00004.png,"[819, 138, 1537, 1066]",LEFT_HIP,-0.2008051935863773,0.21369549009625774,0.9997839331626892,0.4495391175150871,0.3958612009882927,0.3773606257162162
00004,/Users/nikko/Downloads/moi-main/project_root/data/temp_frames/video15/frame_00004.png,"[819, 138, 1537, 1066]",RIGHT_HIP,-0.6191550742754489,0.14953515149244787,0.9998026490211487,0.4495391175150871,0.3958612009882927,0.3773606257162162
00004,/Users/nikko/Downloads/moi-main/project_root/data/temp_frames/video15/frame_00004.png,"[819, 138, 1537, 1066]",LEFT_ELBOW,0.9002535862925014,0.48407245750629524,0.9305272102355957,0.4495391175150871,0.3958612009882927,0.3773606257162162
00004,/Users/nikko/Downloads/moi-main/project_root/data/temp_frames/video15/frame_00004.png,"[819, 138, 1537, 1066]",RIGHT_ELBOW,-0.3640056499500469,0.4969808789410403,0.9950043559074402,0.4495391175150871,0.3958612009882927,0.3773606257162162
00004,/Users/nikko/Downloads/moi-main/project_root/data/temp_frames/video15/frame_00004.png,"[819, 138, 1537, 1066]",LEFT_WRIST,0.9347438572593035,1.1114437892524325,0.9563218951225281,0.4495391175150871,0.3958612009882927,0.3773606257162162
00004,/Users/nikko/Downloads/moi-main/project_root/data/temp_frames/video15/frame_00004.png,"[819, 138, 1537, 1066]",RIGHT_WRIST,-0.5075188840038924,1.280238094976284,0.9987248778343201,0.4495391175150871,0.3958612009882927,0.3773606257162162
00004,/Users/nikko/Downloads/moi-main/project_root/data/temp_frames/video15/frame_00004.png,"[819, 138, 1537, 1066]",RIGHT_KNEE,-0.8112148731510811,0.4015305229885744,0.548141598701477,0.4495391175150871,0.3958612009882927,0.3773606257162162
00004,/Users/nikko/Downloads/moi-main/project_root/data/temp_frames/video15/frame_00004.png,"[819, 138, 1537, 1066]",RIGHT_ANKLE,-0.9963742683060557,0.5416032593221466,0.7568470239639282,0.4495391175150871,0.3958612009882927,0.3773606257162162
00004,/Users/nikko/Downloads/moi-main/project_root/data/temp_frames/video15/frame_00004.png,"[819, 138, 1537, 1066]",LEFT_EYE,1.0163619339510268,-0.34120765349864157,0.9904381632804871,0.4495391175150871,0.3958612009882927,0.3773606257162162
00004,/Users/nikko/Downloads/moi-main/project_root/data/temp_frames/video15/frame_00004.png,"[819, 138, 1537, 1066]",RIGHT_EYE,0.8703982416457664,-0.3702814545442421,0.9961814880371094,0.4495391175150871,0.3958612009882927,0.3773606257162162
00005,/Users/nikko/Downloads/moi-main/project_root/data/temp_frames/video15/frame_00005.png,"[817, 137, 1537, 1065]",LEFT_SHOULDER,0.8961448480367644,-0.13611457864877813,0.9999662637710571,0.4533868655562401,0.398404985666275,0.3736235111565973
00005,/Users/nikko/Downloads/moi-main/project_root/data/temp_frames/video15/frame_00005.png,"[817, 137, 1537, 1065]",RIGHT_SHOULDER,-0.08759582557583094,-0.23101400641740957,0.9995700716972351,0.4533868655562401,0.398404985666275,0.3736235111565973
00005,/Users/nikko/Downloads/moi-main/project_root/data/temp_frames/video15/frame_00005.png,"[817, 137, 1537, 1065]",LEFT_HIP,-0.19486291744543865,0.22029948542183628,0.9998114705085754,0.4533868655562401,0.398404985666275,0.3736235111565973
00005,/Users/nikko/Downloads/moi-main/project_root/data/temp_frames/video15/frame_00005.png,"[817, 137, 1537, 1065]",RIGHT_HIP,-0.6136861050154948,0.14682909964435142,0.9998363256454468,0.4533868655562401,0.398404985666275,0.3736235111565973
00005,/Users/nikko/Downloads/moi-main/project_root/data/temp_frames/video15/frame_00005.png,"[817, 137, 1537, 1065]",LEFT_ELBOW,0.8982071091632826,0.4801711088560224,0.9530880451202393,0.4533868655562401,0.398404985666275,0.3736235111565973
00005,/Users/nikko/Downloads/moi-main/project_root/data/temp_frames/video15/frame_00005.png,"[817, 137, 1537, 1065]",RIGHT_ELBOW,-0.38433728631670494,0.49597252467721037,0.9969026446342468,0.4533868655562401,0.398404985666275,0.3736235111565973
00005,/Users/nikko/Downloads/moi-main/project_root/data/temp_frames/video15/frame_00005.png,"[817, 137, 1537, 1065]",LEFT_WRIST,0.9280129802325093,1.106784055123502,0.9645048379898071,0.4533868655562401,0.398404985666275,0.3736235111565973
00005,/Users/nikko/Downloads/moi-main/project_root/data/temp_frames/video15/frame_00005.png,"[817, 137, 1537, 1065]",RIGHT_WRIST,-0.5195467641299218,1.2825114522663552,0.9991181492805481,0.4533868655562401,0.398404985666275,0.3736235111565973
00005,/Users/nikko/Downloads/moi-main/project_root/data/temp_frames/video15/frame_00005.png,"[817, 137, 1537, 1065]",RIGHT_KNEE,-0.8244074507807747,0.4123383997204517,0.7334708571434021,0.4533868655562401,0.398404985666275,0.3736235111565973
00005,/Users/nikko/Downloads/moi-main/project_root/data/temp_frames/video15/frame_00005.png,"[817, 137, 1537, 1065]",RIGHT_ANKLE,-1.0137805372173927,0.5413231257045039,0.8937088847160339,0.4533868655562401,0.398404985666275,0.3736235111565973
00005,/Users/nikko/Downloads/moi-main/project_root/data/temp_frames/video15/frame_00005.png,"[817, 137, 1537, 1065]",LEFT_EYE,1.0159010073273207,-0.34150474728396574,0.9920165538787842,0.4533868655562401,0.398404985666275,0.3736235111565973
00005,/Users/nikko/Downloads/moi-main/project_root/data/temp_frames/video15/frame_00005.png,"[817, 137, 1537, 1065]",RIGHT_EYE,0.8583517233262146,-0.3717416719281791,0.9969980716705322,0.4533868655562401,0.398404985666275,0.3736235111565973
00006,/Users/nikko/Downloads/moi-main/project_root/data/temp_frames/video15/frame_00006.png,"[816, 136, 1536, 1065]",LEFT_SHOULDER,0.8949932674743464,-0.12372950745160627,0.9999749660491943,0.45770785585045815,0.39776717871427536,0.37259885876356713
00006,/Users/nikko/Downloads/moi-main/project_root/data/temp_frames/video15/frame_00006.png,"[816, 136, 1536, 1065]",RIGHT_SHOULDER,-0.08377166737182697,-0.2337181705636502,0.9997531771659851,0.45770785585045815,0.39776717871427536,0.37259885876356713
00006,/Users/nikko/Downloads/moi-main/project_root/data/temp_frames/video15/frame_00006.png,"[816, 136, 1536, 1065]",LEFT_HIP,-0.19704051562768782,0.22093708632130674,0.9998201727867126,0.45770785585045815,0.39776717871427536,0.37259885876356713
00006,/Users/nikko/Downloads/moi-main/project_root/data/temp_frames/video15/frame_00006.png,"[816, 136, 1536, 1065]",RIGHT_HIP,-0.6141810844748316,0.13651059169394975,0.9998618364334106,0.45770785585045815,0.39776717871427536,0.37259885876356713
00006,/Users/nikko/Downloads/moi-main/project_root/data/temp_frames/video15/frame_00006.png,"[816, 136, 1536, 1065]",LEFT_ELBOW,0.8998318804977568,0.481689729392773,0.9754630923271179,0.45770785585045815,0.39776717871427536,0.37259885876356713
00006,/Users/nikko/Downloads/moi-main/project_root/data/temp_frames/video15/frame_00006.png,"[816, 136, 1536, 1065]",RIGHT_ELBOW,-0.40859582052238774,0.49809369454212976,0.9989914298057556,0.45770785585045815,0.39776717871427536,0.37259885876356713
00006,/Users/nikko/Downloads/moi-main/project_root/data/temp_frames/video15/frame_00006.png,"[816, 136, 1536, 1065]",LEFT_WRIST,0.9233146787511877,1.1037451278623076,0.9849984049797058,0.45770785585045815,0.39776717871427536,0.37259885876356713
00006,/Users/nikko/Downloads/moi-main/project_root/data/temp_frames/video15/frame_00006.png,"[816, 136, 1536, 1065]",RIGHT_WRIST,-0.5121643270643573,1.2810621305751708,0.9998143315315247,0.45770785585045815,0.39776717871427536,0.37259885876356713
00006,/Users/nikko/Downloads/moi-main/project_root/data/temp_frames/video15/frame_00006.png,"[816, 136, 1536, 1065]",RIGHT_KNEE,-0.8347591780877321,0.38877034671968025,0.880369246006012,0.45770785585045815,0.39776717871427536,0.37259885876356713
00006,/Users/nikko/Downloads/moi-main/project_root/data/temp_frames/video15/frame_00006.png,"[816, 136, 1536, 1065]",RIGHT_ANKLE,-1.0198176097040206,0.5256299729886442,0.949764609336853,0.45770785585045815,0.39776717871427536,0.37259885876356713
00006,/Users/nikko/Downloads/moi-main/project_root/data/temp_frames/video15/frame_00006.png,"[816, 136, 1536, 1065]",LEFT_EYE,1.049249632801593,-0.35227642734330067,0.9960333704948425,0.45770785585045815,0.39776717871427536,0.37259885876356713
00006,/Users/nikko/Downloads/moi-main/project_root/data/temp_frames/video15/frame_00006.png,"[816, 136, 1536, 1065]",RIGHT_EYE,0.8772716293169613,-0.37867011996246996,0.9986938834190369,0.45770785585045815,0.39776717871427536,0.37259885876356713
00007,/Users/nikko/Downloads/moi-main/project_root/data/temp_frames/video15/frame_00007.png,"[815, 136, 1535, 1065]",LEFT_SHOULDER,0.8947961092703907,-0.13063033496181964,0.999956488609314,0.4535547010600567,0.39844223856925964,0.3739167775957871
00007,/Users/nikko/Downloads/moi-main/project_root/data/temp_frames/video15/frame_00007.png,"[815, 136, 1535, 1065]",RIGHT_SHOULDER,-0.07676558231541818,-0.22869725538342048,0.9996248483657837,0.4535547010600567,0.39844223856925964,0.3739167775957871
00007,/Users/nikko/Downloads/moi-main/project_root/data/temp_frames/video15/frame_00007.png,"[815, 136, 1535, 1065]",LEFT_HIP,-0.20103521222023954,0.2183573735834783,0.9997079968452454,0.4535547010600567,0.39844223856925964,0.3739167775957871
00007,/Users/nikko/Downloads/moi-main/project_root/data/temp_frames/video15/frame_00007.png,"[815, 136, 1535, 1065]",RIGHT_HIP,-0.6169953147347329,0.14097021676176183,0.9997749924659729,0.4535547010600567,0.39844223856925964,0.3739167775957871
00007,/Users/nikko/Downloads/moi-main/project_root/data/temp_frames/video15/frame_00007.png,"[815, 136, 1535, 1065]",LEFT_ELBOW,0.9124852535463143,0.4764407595475639,0.9502872824668884,0.4535547010600567,0.39844223856925964,0.3739167775957871
00007,/Users/nikko/Downloads/moi-main/project_root/data/temp_frames/video15/frame_00007.png,"[815, 136, 1535, 1065]",RIGHT_ELBOW,-0.3908741827583643,0.4908765831165574,0.9980277419090271,0.4535547010600567,0.39844223856925964,0.3739167775957871
00007,/Users/nikko/Downloads/moi-main/project_root/data/temp_frames/video15/frame_00007.png,"[815, 136, 1535, 1065]",LEFT_WRIST,0.9334463690521093,1.115764426548143,0.9662591814994812,0.4535547010600567,0.39844223856925964,0.3739167775957871
00007,/Users/nikko/Downloads/moi-main/project_root/data/temp_frames/video15/frame_00007.png,"[815, 136, 1535, 1065]",RIGHT_WRIST,-0.5124115907553615,1.2903966055326073,0.9996253252029419,0.4535547010600567,0.39844223856925964,0.3739167775957871
00007,/Users/nikko/Downloads/moi-main/project_root/data/temp_frames/video15/frame_00007.png,"[815, 136, 1535, 1065]",RIGHT_KNEE,-0.8251917798057258,0.393180839982726,0.7560474276542664,0.4535547010600567,0.39844223856925964,0.3739167775957871
00007,/Users/nikko/Downloads/moi-main/project_root/data/temp_frames/video15/frame_00007.png,"[815, 136, 1535, 1065]",RIGHT_ANKLE,-1.01417856491099,0.5185926948630732,0.8956108093261719,0.4535547010600567,0.39844223856925964,0.3739167775957871
00007,/Users/nikko/Downloads/moi-main/project_root/data/temp_frames/video15/frame_00007.png,"[815, 136, 1535, 1065]",LEFT_EYE,1.0435743594912563,-0.35901220522011584,0.9899890422821045,0.4535547010600567,0.39844223856925964,0.3739167775957871
00007,/Users/nikko/Downloads/moi-main/project_root/data/temp_frames/video15/frame_00007.png,"[815, 136, 1535, 1065]",RIGHT_EYE,0.8732459879332414,-0.37967825988860743,0.9965259432792664,0.4535547010600567,0.39844223856925964,0.3739167775957871
00008,/Users/nikko/Downloads/moi-main/project_root/data/temp_frames/video15/frame_00008.png,"[813, 135, 1534, 1065]",LEFT_SHOULDER,0.8937078021734308,-0.12494667354895497,0.9999579191207886,0.4568118415772915,0.3972066789865494,0.3731241573149488
00008,/Users/nikko/Downloads/moi-main/project_root/data/temp_frames/video15/frame_00008.png,"[813, 135, 1534, 1065]",RIGHT_SHOULDER,-0.07824778656825279,-0.23153471562000072,0.9996198415756226,0.4568118415772915,0.3972066789865494,0.3731241573149488
00008,/Users/nikko/Downloads/moi-main/project_root/data/temp_frames/video15/frame_00008.png,"[813, 135, 1534, 1065]",LEFT_HIP,-0.19324008256518085,0.21466558461573093,0.9997385144233704,0.4568118415772915,0.3972066789865494,0.3731241573149488
00008,/Users/nikko/Downloads/moi-main/project_root/data/temp_frames/video15/frame_00008.png,"[813, 135, 1534, 1065]",RIGHT_HIP,-0.6222199330399972,0.14181580455322476,0.9997981190681458,0.4568118415772915,0.3972066789865494,0.3731241573149488
00008,/Users/nikko/Downloads/moi-main/project_root/data/temp_frames/video15/frame_00008.png,"[813, 135, 1534, 1065]",LEFT_ELBOW,0.9116498591429203,0.4830338973438871,0.9533771276473999,0.4568118415772915,0.3972066789865494,0.3731241573149488
00008,/Users/nikko/Downloads/moi-main/project_root/data/temp_frames/video15/frame_00008.png,"[813, 135, 1534, 1065]",RIGHT_ELBOW,-0.4029123242117571,0.4951273776084525,0.9979314804077148,0.4568118415772915,0.3972066789865494,0.3731241573149488
00008,/Users/nikko/Downloads/moi-main/project_root/data/temp_frames/video15/frame_00008.png,"[813, 135, 1534, 1065]",LEFT_WRIST,0.9301302560964476,1.1109295332604772,0.9671040177345276,0.4568118415772915,0.3972066789865494,0.3731241573149488
00008,/Users/nikko/Downloads/moi-main/project_root/data/temp_frames/video15/frame_00008.png,"[813, 135, 1534, 1065]",RIGHT_WRIST,-0.5103151446473682,1.295032862092489,0.9995611310005188,0.4568118415772915,0.3972066789865494,0.3731241573149488
00008,/Users/nikko/Downloads/moi-main/project_root/data/temp_frames/video15/frame_00008.png,"[813, 135, 1534, 1065]",RIGHT_KNEE,-0.8270385684833053,0.3994507841367235,0.7522974014282227,0.4568118415772915,0.3972066789865494,0.3731241573149488
00008,/Users/nikko/Downloads/moi-main/project_root/data/temp_frames/video15/frame_00008.png,"[813, 135, 1534, 1065]",RIGHT_ANKLE,-1.0090538330671406,0.5260646742519713,0.8918120265007019,0.4568118415772915,0.3972066789865494,0.3731241573149488
00008,/Users/nikko/Downloads/moi-main/project_root/data/temp_frames/video15/frame_00008.png,"[813, 135, 1534, 1065]",LEFT_EYE,1.0562240171351296,-0.3634056474369405,0.9898129105567932,0.4568118415772915,0.3972066789865494,0.3731241573149488
00008,/Users/nikko/Downloads/moi-main/project_root/data/temp_frames/video15/frame_00008.png,"[813, 135, 1534, 1065]",RIGHT_EYE,0.8800306119380193,-0.3854754302276602,0.9963935017585754,0.4568118415772915,0.3972066789865494,0.3731241573149488
00009,/Users/nikko/Downloads/moi-main/project_root/data/temp_frames/video15/frame_00009.png,"[811, 132, 1535, 1065]",LEFT_SHOULDER,0.8898001312655727,-0.13474595050714308,0.9999585151672363,0.4549245610833168,0.4021719843149185,0.3818614997629547
00009,/Users/nikko/Downloads/moi-main/project_root/data/temp_frames/video15/frame_00009.png,"[811, 132, 1535, 1065]",RIGHT_SHOULDER,-0.0674050126633333,-0.22721332934008534,0.9995964169502258,0.4549245610833168,0.4021719843149185,0.3818614997629547
00009,/Users/nikko/Downloads/moi-main/project_root/data/temp_frames/video15/frame_00009.png,"[811, 132, 1535, 1065]",LEFT_HIP,-0.20395695995632823,0.2187014461287396,0.9997512698173523,0.4549245610833168,0.4021719843149185,0.3818614997629547
00009,/Users/nikko/Downloads/moi-main/project_root/data/temp_frames/video15/frame_00009.png,"[811, 132, 1535, 1065]",RIGHT_HIP,-0.6184381586459112,0.14325783371848883,0.9997890591621399,0.4549245610833168,0.4021719843149185,0.3818614997629547
00009,/Users/nikko/Downloads/moi-main/project_root/data/temp_frames/video15/frame_00009.png,"[811, 132, 1535, 1065]",LEFT_ELBOW,0.8923228529053763,0.4660777007566631,0.9351117610931396,0.4549245610833168,0.4021719843149185,0.3818614997629547
00009,/Users/nikko/Downloads/moi-main/project_root/data/temp_frames/video15/frame_00009.png,"[811, 132, 1535, 1065]",RIGHT_ELBOW,-0.3742442607060409,0.47651573079607323,0.9961594343185425,0.4549245610833168,0.4021719843149185,0.3818614997629547
00009,/Users/nikko/Downloads/moi-main/project_root/data/temp_frames/video15/frame_00009.png,"[811, 132, 1535, 1065]",LEFT_WRIST,0.9077658989935615,1.0673142873068262,0.9554358124732971,0.4549245610833168,0.4021719843149185,0.3818614997629547
00009,/Users/nikko/Downloads/moi-main/project_root/data/temp_frames/video15/frame_00009.png,"[811, 132, 1535, 1065]",RIGHT_WRIST,-0.5034812205638325,1.2392477099729706,0.9991330504417419,0.4549245610833168,0.4021719843149185,0.3818614997629547
00009,/Users/nikko/Downloads/moi-main/project_root/data/temp_frames/video15/frame_00009.png,"[811, 132, 1535, 1065]",RIGHT_KNEE,-0.8027903895725464,0.38504014588092034,0.6098731756210327,0.4549245610833168,0.4021719843149185,0.3818614997629547
00009,/Users/nikko/Downloads/moi-main/project_root/data/temp_frames/video15/frame_00009.png,"[811, 132, 1535, 1065]",RIGHT_ANKLE,-0.992807778887713,0.5036002584669729,0.8135396242141724,0.4549245610833168,0.4021719843149185,0.3818614997629547
00009,/Users/nikko/Downloads/moi-main/project_root/data/temp_frames/video15/frame_00009.png,"[811, 132, 1535, 1065]",LEFT_EYE,1.0180899388581541,-0.36656786709482225,0.9884079098701477,0.4549245610833168,0.4021719843149185,0.3818614997629547
00009,/Users/nikko/Downloads/moi-main/project_root/data/temp_frames/video15/frame_00009.png,"[811, 132, 1535, 1065]",RIGHT_EYE,0.8699111824137119,-0.38594679287045125,0.995597779750824,0.4549245610833168,0.4021719843149185,0.3818614997629547
00010,/Users/nikko/Downloads/moi-main/project_root/data/temp_frames/video15/frame_00010.png,"[812, 131, 1529, 1063]",LEFT_SHOULDER,0.8907643700694232,-0.1265601133324088,0.9999710321426392,0.4555734135210514,0.40169405192136765,0.3835792231337376
00010,/Users/nikko/Downloads/moi-main/project_root/data/temp_frames/video15/frame_00010.png,"[812, 131, 1529, 1063]",RIGHT_SHOULDER,-0.07133312152854662,-0.2347408669359737,0.9996095299720764,0.4555734135210514,0.40169405192136765,0.3835792231337376
00010,/Users/nikko/Downloads/moi-main/project_root/data/temp_frames/video15/frame_00010.png,"[812, 131, 1529, 1063]",LEFT_HIP,-0.2056747544714614,0.21699792925122235,0.9997926354408264,0.4555734135210514,0.40169405192136765,0.3835792231337376
00010,/Users/nikko/Downloads/moi-main/project_root/data/temp_frames/video15/frame_00010.png,"[812, 131, 1529, 1063]",RIGHT_HIP,-0.6137564940694151,0.14430305101716012,0.9998076558113098,0.4555734135210514,0.40169405192136765,0.3835792231337376
00010,/Users/nikko/Downloads/moi-main/project_root/data/temp_frames/video15/frame_00010.png,"[812, 131, 1529, 1063]",LEFT_ELBOW,0.8949078631396452,0.4724107514864427,0.9437628984451294,0.4555734135210514,0.40169405192136765,0.3835792231337376
00010,/Users/nikko/Downloads/moi-main/project_root/data/temp_frames/video15/frame_00010.png,"[812, 131, 1529, 1063]",RIGHT_ELBOW,-0.3692062200134787,0.47596624614009914,0.9968231916427612,0.4555734135210514,0.40169405192136765,0.3835792231337376
00010,/Users/nikko/Downloads/moi-main/project_root/data/temp_frames/video15/frame_00010.png,"[812, 131, 1529, 1063]",LEFT_WRIST,0.9288305857418537,1.079141206402973,0.9644850492477417,0.4555734135210514,0.40169405192136765,0.3835792231337376
00010,/Users/nikko/Downloads/moi-main/project_root/data/temp_frames/video15/frame_00010.png,"[812, 131, 1529, 1063]",RIGHT_WRIST,-0.4906825128660343,1.2348719033112676,0.9990875720977783,0.4555734135210514,0.40169405192136765,0.3835792231337376
00010,/Users/nikko/Downloads/moi-main/project_root/data/temp_frames/video15/frame_00010.png,"[812, 131, 1529, 1063]",RIGHT_KNEE,-0.8255785726974939,0.38406616486729883,0.6116896867752075,0.4555734135210514,0.40169405192136765,0.3835792231337376
00010,/Users/nikko/Downloads/moi-main/project_root/data/temp_frames/video15/frame_00010.png,"[812, 131, 1529, 1063]",RIGHT_ANKLE,-0.9819463714842025,0.5105512439144542,0.7822048664093018,0.4555734135210514,0.40169405192136765,0.3835792231337376
00010,/Users/nikko/Downloads/moi-main/project_root/data/temp_frames/video15/frame_00010.png,"[812, 131, 1529, 1063]",LEFT_EYE,1.0387988762864762,-0.3679224305927178,0.9927122592926025,0.4555734135210514,0.40169405192136765,0.3835792231337376
00010,/Users/nikko/Downloads/moi-main/project_root/data/temp_frames/video15/frame_00010.png,"[812, 131, 1529, 1063]",RIGHT_EYE,0.8895524779841181,-0.382761387989842,0.9970920085906982,0.4555734135210514,0.40169405192136765,0.3835792231337376
00011,/Users/nikko/Downloads/moi-main/project_root/data/temp_frames/video15/frame_00011.png,"[811, 131, 1529, 1064]",LEFT_SHOULDER,0.8855213282985629,-0.12122901669593875,0.9999649524688721,0.4591267481446266,0.39783862233161926,0.38214591665017916
00011,/Users/nikko/Downloads/moi-main/project_root/data/temp_frames/video15/frame_00011.png,"[811, 131, 1529, 1064]",RIGHT_SHOULDER,-0.06712150924814912,-0.239752984589051,0.9996163845062256,0.4591267481446266,0.39783862233161926,0.38214591665017916
00011,/Users/nikko/Downloads/moi-main/project_root/data/temp_frames/video15/frame_00011.png,"[811, 131, 1529, 1064]",LEFT_HIP,-0.20351162026347572,0.21655317088726825,0.9998353719711304,0.4591267481446266,0.39783862233161926,0.38214591665017916
00011,/Users/nikko/Downloads/moi-main/project_root/data/temp_frames/video15/frame_00011.png,"[811, 131, 1529, 1064]",RIGHT_HIP,-0.6148881987869381,0.14442883039772147,0.9998598098754883,0.4591267481446266,0.39783862233161926,0.38214591665017916
00011,/Users/nikko/Downloads/moi-main/project_root/data/temp_frames/video15/frame_00011.png,"[811, 131, 1529, 1064]",LEFT_ELBOW,0.8855275672394678,0.4816871809052038,0.9534435272216797,0.4591267481446266,0.39783862233161926,0.38214591665017916
00011,/Users/nikko/Downloads/moi-main/project_root/data/temp_frames/video15/frame_00011.png,"[811, 131, 1529, 1064]",RIGHT_ELBOW,-0.3889724052572628,0.4951667246772081,0.9975791573524475,0.4591267481446266,0.39783862233161926,0.38214591665017916
00011,/Users/nikko/Downloads/moi-main/project_root/data/temp_frames/video15/frame_00011.png,"[811, 131, 1529, 1064]",LEFT_WRIST,0.9163827174050415,1.0844027185694938,0.9652949571609497,0.4591267481446266,0.39783862233161926,0.38214591665017916
00011,/Users/nikko/Downloads/moi-main/project_root/data/temp_frames/video15/frame_00011.png,"[811, 131, 1529, 1064]",RIGHT_WRIST,-0.49831039052233694,1.2561407970695093,0.9993534684181213,0.4591267481446266,0.39783862233161926,0.38214591665017916
00011,/Users/nikko/Downloads/moi-main/project_root/data/temp_frames/video15/frame_00011.png,"[811, 131, 1529, 1064]",RIGHT_KNEE,-0.8087164563554258,0.38535949306932693,0.7564113736152649,0.4591267481446266,0.39783862233161926,0.38214591665017916
00011,/Users/nikko/Downloads/moi-main/project_root/data/temp_frames/video15/frame_00011.png,"[811, 131, 1529, 1064]",RIGHT_ANKLE,-0.9897798018391806,0.5214690077174572,0.891825258731842,0.4591267481446266,0.39783862233161926,0.38214591665017916
00011,/Users/nikko/Downloads/moi-main/project_root/data/temp_frames/video15/frame_00011.png,"[811, 131, 1529, 1064]",LEFT_EYE,1.0505578484256186,-0.36963010922026723,0.9921351671218872,0.4591267481446266,0.39783862233161926,0.38214591665017916
00011,/Users/nikko/Downloads/moi-main/project_root/data/temp_frames/video15/frame_00011.png,"[811, 131, 1529, 1064]",RIGHT_EYE,0.8872813335278251,-0.38259829379835664,0.9970780611038208,0.4591267481446266,0.39783862233161926,0.38214591665017916
00012,/Users/nikko/Downloads/moi-main/project_root/data/temp_frames/video15/frame_00012.png,"[810, 131, 1529, 1065]",LEFT_SHOULDER,0.8740698584951974,-0.12385428827440235,0.9999569654464722,0.4598113037645817,0.40069498121738434,0.38689402105122866
00012,/Users/nikko/Downloads/moi-main/project_root/data/temp_frames/video15/frame_00012.png,"[810, 131, 1529, 1065]",RIGHT_SHOULDER,-0.05127812797059338,-0.23917095352215156,0.9995906949043274,0.4598113037645817,0.40069498121738434,0.38689402105122866
00012,/Users/nikko/Downloads/moi-main/project_root/data/temp_frames/video15/frame_00012.png,"[810, 131, 1529, 1065]",LEFT_HIP,-0.21279472994844903,0.22698955705791488,0.9997361302375793,0.4598113037645817,0.40069498121738434,0.38689402105122866
00012,/Users/nikko/Downloads/moi-main/project_root/data/temp_frames/video15/frame_00012.png,"[810, 131, 1529, 1065]",RIGHT_HIP,-0.6099970005761549,0.13603568473863903,0.999786913394928,0.4598113037645817,0.40069498121738434,0.38689402105122866
00012,/Users/nikko/Downloads/moi-main/project_root/data/temp_frames/video15/frame_00012.png,"[810, 131, 1529, 1065]",LEFT_ELBOW,0.8830750901904025,0.4701273464928838,0.9528602361679077,0.4598113037645817,0.40069498121738434,0.38689402105122866
00012,/Users/nikko/Downloads/moi-main/project_root/data/temp_frames/video15/frame_00012.png,"[810, 131, 1529, 1065]",RIGHT_ELBOW,-0.3847440776394007,0.4760110274617234,0.9981441497802734,0.4598113037645817,0.40069498121738434,0.38689402105122866
00012,/Users/nikko/Downloads/moi-main/project_root/data/temp_frames/video15/frame_00012.png,"[810, 131, 1529, 1065]",LEFT_WRIST,0.8987783606246363,1.0565271810098495,0.9701514840126038,0.4598113037645817,0.40069498121738434,0.38689402105122866
00012,/Users/nikko/Downloads/moi-main/project_root/data/temp_frames/video15/frame_00012.png,"[810, 131, 1529, 1065]",RIGHT_WRIST,-0.4815814768681574,1.2337057655138022,0.9996036887168884,0.4598113037645817,0.40069498121738434,0.38689402105122866
00012,/Users/nikko/Downloads/moi-main/project_root/data/temp_frames/video15/frame_00012.png,"[810, 131, 1529, 1065]",RIGHT_KNEE,-0.8167041038509502,0.37699800196913613,0.7673308253288269,0.4598113037645817,0.40069498121738434,0.38689402105122866
00012,/Users/nikko/Downloads/moi-main/project_root/data/temp_frames/video15/frame_00012.png,"[810, 131, 1529, 1065]",RIGHT_ANKLE,-0.9818787682719105,0.4904275941319356,0.8915068507194519,0.4598113037645817,0.40069498121738434,0.38689402105122866
00012,/Users/nikko/Downloads/moi-main/project_root/data/temp_frames/video15/frame_00012.png,"[810, 131, 1529, 1065]",LEFT_EYE,1.0534920094401758,-0.3972970941629975,0.9895652532577515,0.4598113037645817,0.40069498121738434,0.38689402105122866
00012,/Users/nikko/Downloads/moi-main/project_root/data/temp_frames/video15/frame_00012.png,"[810, 131, 1529, 1065]",RIGHT_EYE,0.8933274323944386,-0.4089664358336917,0.996071457862854,0.4598113037645817,0.40069498121738434,0.38689402105122866
00013,/Users/nikko/Downloads/moi-main/project_root/data/temp_frames/video15/frame_00013.png,"[809, 133, 1529, 1064]",LEFT_SHOULDER,0.867466845890751,-0.11470156623626916,0.9999618530273438,0.4612729996442795,0.3984462693333626,0.3916175001864734
00013,/Users/nikko/Downloads/moi-main/project_root/data/temp_frames/video15/frame_00013.png,"[809, 133, 1529, 1064]",RIGHT_SHOULDER,-0.05194356041216229,-0.2518441878063144,0.9995564818382263,0.4612729996442795,0.3984462693333626,0.3916175001864734
00013,/Users/nikko/Downloads/moi-main/project_root/data/temp_frames/video15/frame_00013.png,"[809, 133, 1529, 1064]",LEFT_HIP,-0.21271237081206887,0.23057981880325573,0.9998034834861755,0.4612729996442795,0.3984462693333626,0.3916175001864734
00013,/Users/nikko/Downloads/moi-main/project_root/data/temp_frames/video15/frame_00013.png,"[809, 133, 1529, 1064]",RIGHT_HIP,-0.6028109146665198,0.13596593523932785,0.9998283386230469,0.4612729996442795,0.3984462693333626,0.3916175001864734
00013,/Users/nikko/Downloads/moi-main/project_root/data/temp_frames/video15/frame_00013.png,"[809, 133, 1529, 1064]",LEFT_ELBOW,0.8674001817748747,0.47333377224033046,0.9686663746833801,0.4612729996442795,0.3984462693333626,0.3916175001864734
00013,/Users/nikko/Downloads/moi-main/project_root/data/temp_frames/video15/frame_00013.png,"[809, 133, 1529, 1064]",RIGHT_ELBOW,-0.39737699442830915,0.48034872452512273,0.9984839558601379,0.4612729996442795,0.3984462693333626,0.3916175001864734
00013,/Users/nikko/Downloads/moi-main/project_root/data/temp_frames/video15/frame_00013.png,"[809, 133, 1529, 1064]",LEFT_WRIST,0.882121384094026,1.052109799864302,0.9779817461967468,0.4612729996442795,0.3984462693333626,0.3916175001864734
00013,/Users/nikko/Downloads/moi-main/project_root/data/temp_frames/video15/frame_00013.png,"[809, 133, 1529, 1064]",RIGHT_WRIST,-0.4789934301122573,1.2210458015655343,0.9995852112770081,0.4612729996442795,0.3984462693333626,0.3916175001864734
00013,/Users/nikko/Downloads/moi-main/project_root/data/temp_frames/video15/frame_00013.png,"[809, 133, 1529, 1064]",RIGHT_KNEE,-0.8075065069912237,0.37477057251485363,0.8288159370422363,0.4612729996442795,0.3984462693333626,0.3916175001864734
00013,/Users/nikko/Downloads/moi-main/project_root/data/temp_frames/video15/frame_00013.png,"[809, 133, 1529, 1064]",RIGHT_ANKLE,-0.981701934542211,0.48650891499539145,0.918359100818634,0.4612729996442795,0.3984462693333626,0.3916175001864734
00013,/Users/nikko/Downloads/moi-main/project_root/data/temp_frames/video15/frame_00013.png,"[809, 133, 1529, 1064]",LEFT_EYE,1.019882322948883,-0.3712091791052219,0.9902701377868652,0.4612729996442795,0.3984462693333626,0.3916175001864734
00013,/Users/nikko/Downloads/moi-main/project_root/data/temp_frames/video15/frame_00013.png,"[809, 133, 1529, 1064]",RIGHT_EYE,0.8635450781423838,-0.3889964741511499,0.9962862730026245,0.4612729996442795,0.3984462693333626,0.3916175001864734
00014,/Users/nikko/Downloads/moi-main/project_root/data/temp_frames/video15/frame_00014.png,"[809, 134, 1530, 1065]",LEFT_SHOULDER,0.8783682708527661,-0.12819360990393558,0.9999606609344482,0.459248136729002,0.3997729569673538,0.3829471987847078
00014,/Users/nikko/Downloads/moi-main/project_root/data/temp_frames/video15/frame_00014.png,"[809, 134, 1530, 1065]",RIGHT_SHOULDER,-0.05871356301518182,-0.23834853085282728,0.9996380805969238,0.459248136729002,0.3997729569673538,0.3829471987847078
00014,/Users/nikko/Downloads/moi-main/project_root/data/temp_frames/video15/frame_00014.png,"[809, 134, 1530, 1065]",LEFT_HIP,-0.20910475404899037,0.22461430308108962,0.9997785687446594,0.459248136729002,0.3997729569673538,0.3829471987847078
00014,/Users/nikko/Downloads/moi-main/project_root/data/temp_frames/video15/frame_00014.png,"[809, 134, 1530, 1065]",RIGHT_HIP,-0.6105499537885939,0.14192783767567327,0.9998205304145813,0.459248136729002,0.3997729569673538,0.3829471987847078
00014,/Users/nikko/Downloads/moi-main/project_root/data/temp_frames/video15/frame_00014.png,"[809, 134, 1530, 1065]",LEFT_ELBOW,0.888469304740112,0.47332064672715446,0.953376054763794,0.459248136729002,0.3997729569673538,0.3829471987847078
00014,/Users/nikko/Downloads/moi-main/project_root/data/temp_frames/video15/frame_00014.png,"[809, 134, 1530, 1065]",RIGHT_ELBOW,-0.4220661042999131,0.48198210001102004,0.9981274008750916,0.459248136729002,0.3997729569673538,0.3829471987847078
00014,/Users/nikko/Downloads/moi-main/project_root/data/temp_frames/video15/frame_00014.png,"[809, 134, 1530, 1065]",LEFT_WRIST,0.9108219493553582,1.0873060544084725,0.9641673564910889,0.459248136729002,0.3997729569673538,0.3829471987847078
00014,/Users/nikko/Downloads/moi-main/project_root/data/temp_frames/video15/frame_00014.png,"[809, 134, 1530, 1065]",RIGHT_WRIST,-0.49336238819680006,1.2409973543994972,0.9995343685150146,0.459248136729002,0.3997729569673538,0.3829471987847078
00014,/Users/nikko/Downloads/moi-main/project_root/data/temp_frames/video15/frame_00014.png,"[809, 134, 1530, 1065]",RIGHT_KNEE,-0.805566159028974,0.3801477650607067,0.7518524527549744,0.459248136729002,0.3997729569673538,0.3829471987847078
00014,/Users/nikko/Downloads/moi-main/project_root/data/temp_frames/video15/frame_00014.png,"[809, 134, 1530, 1065]",RIGHT_ANKLE,-0.9931269819338308,0.4883911832102318,0.8657291531562805,0.459248136729002,0.3997729569673538,0.3829471987847078
00014,/Users/nikko/Downloads/moi-main/project_root/data/temp_frames/video15/frame_00014.png,"[809, 134, 1530, 1065]",LEFT_EYE,1.0352917398146928,-0.3418956849999186,0.9909783601760864,0.459248136729002,0.3997729569673538,0.3829471987847078
00014,/Users/nikko/Downloads/moi-main/project_root/data/temp_frames/video15/frame_00014.png,"[809, 134, 1530, 1065]",RIGHT_EYE,0.8764164554383815,-0.37154421252119124,0.9969432950019836,0.459248136729002,0.3997729569673538,0.3829471987847078
00015,/Users/nikko/Downloads/moi-main/project_root/data/temp_frames/video15/frame_00015.png,"[808, 136, 1532, 1065]",LEFT_SHOULDER,0.8890315892730608,-0.11813303477503594,0.9999552965164185,0.45848459750413895,0.3985785245895386,0.3805782164802551
00015,/Users/nikko/Downloads/moi-main/project_root/data/temp_frames/video15/frame_00015.png,"[808, 136, 1532, 1065]",RIGHT_SHOULDER,-0.07289999913407731,-0.24035672332234104,0.9995447993278503,0.45848459750413895,0.3985785245895386,0.3805782164802551
00015,/Users/nikko/Downloads/moi-main/project_root/data/temp_frames/video15/frame_00015.png,"[808, 136, 1532, 1065]",LEFT_HIP,-0.21082655779493614,0.22406646483354725,0.9997205138206482,0.45848459750413895,0.3985785245895386,0.3805782164802551
00015,/Users/nikko/Downloads/moi-main/project_root/data/temp_frames/video15/frame_00015.png,"[808, 136, 1532, 1065]",RIGHT_HIP,-0.6053050323440473,0.13442329326382974,0.9997695088386536,0.45848459750413895,0.3985785245895386,0.3805782164802551
00015,/Users/nikko/Downloads/moi-main/project_root/data/temp_frames/video15/frame_00015.png,"[808, 136, 1532, 1065]",LEFT_ELBOW,0.8835182355939311,0.4801167396163753,0.9391082525253296,0.45848459750413895,0.3985785245895386,0.3805782164802551
00015,/Users/nikko/Downloads/moi-main/project_root/data/temp_frames/video15/frame_00015.png,"[808, 136, 1532, 1065]",RIGHT_ELBOW,-0.4238598940134887,0.49379260691789206,0.9975405931472778,0.45848459750413895,0.3985785245895386,0.3805782164802551
00015,/Users/nikko/Downloads/moi-main/project_root/data/temp_frames/video15/frame_00015.png,"[808, 136, 1532, 1065]",LEFT_WRIST,0.8998305769412527,1.0835612323984412,0.9551003575325012,0.45848459750413895,0.3985785245895386,0.3805782164802551
00015,/Users/nikko/Downloads/moi-main/project_root/data/temp_frames/video15/frame_00015.png,"[808, 136, 1532, 1065]",RIGHT_WRIST,-0.4865344137600253,1.2424162329190402,0.999284565448761,0.45848459750413895,0.3985785245895386,0.3805782164802551
00015,/Users/nikko/Downloads/moi-main/project_root/data/temp_frames/video15/frame_00015.png,"[808, 136, 1532, 1065]",RIGHT_KNEE,-0.7953225092619068,0.37898492174351867,0.692822277545929,0.45848459750413895,0.3985785245895386,0.3805782164802551
00015,/Users/nikko/Downloads/moi-main/project_root/data/temp_frames/video15/frame_00015.png,"[808, 136, 1532, 1065]",RIGHT_ANKLE,-0.9940358948052125,0.48964745077138383,0.8271990418434143,0.45848459750413895,0.3985785245895386,0.3805782164802551
00015,/Users/nikko/Downloads/moi-main/project_root/data/temp_frames/video15/frame_00015.png,"[808, 136, 1532, 1065]",LEFT_EYE,1.029615608526127,-0.33751628913248233,0.9874294400215149,0.45848459750413895,0.3985785245895386,0.3805782164802551
00015,/Users/nikko/Downloads/moi-main/project_root/data/temp_frames/video15/frame_00015.png,"[808, 136, 1532, 1065]",RIGHT_EYE,0.8674594555796352,-0.369616073243039,0.9954686164855957,0.45848459750413895,0.3985785245895386,0.3805782164802551
00016,/Users/nikko/Downloads/moi-main/project_root/data/temp_frames/video15/frame_00016.png,"[808, 140, 1537, 1066]",LEFT_SHOULDER,0.8695380155778961,-0.11465314965924014,0.9999294281005859,0.4564969390630722,0.39797084778547287,0.39141623753531435
00016,/Users/nikko/Downloads/moi-main/project_root/data/temp_frames/video15/frame_00016.png,"[808, 140, 1537, 1066]",RIGHT_SHOULDER,-0.05680567445867743,-0.2541541349919187,0.9992885589599609,0.4564969390630722,0.39797084778547287,0.39141623753531435
00016,/Users/nikko/Downloads/moi-main/project_root/data/temp_frames/video15/frame_00016.png,"[808, 140, 1537, 1066]",LEFT_HIP,-0.21080335775426481,0.22847635734506594,0.999614953994751,0.4564969390630722,0.39797084778547287,0.39141623753531435
00016,/Users/nikko/Downloads/moi-main/project_root/data/temp_frames/video15/frame_00016.png,"[808, 140, 1537, 1066]",RIGHT_HIP,-0.6019289833649538,0.1403309273060929,0.9996572732925415,0.4564969390630722,0.39797084778547287,0.39141623753531435
00016,/Users/nikko/Downloads/moi-main/project_root/data/temp_frames/video15/frame_00016.png,"[808, 140, 1537, 1066]",LEFT_ELBOW,0.8436488360008871,0.4601995978376549,0.8672165274620056,0.4564969390630722,0.39797084778547287,0.39141623753531435
00016,/Users/nikko/Downloads/moi-main/project_root/data/temp_frames/video15/frame_00016.png,"[808, 140, 1537, 1066]",RIGHT_ELBOW,-0.39769004956508497,0.4722663728043439,0.9928486347198486,0.4564969390630722,0.39797084778547287,0.39141623753531435
00016,/Users/nikko/Downloads/moi-main/project_root/data/temp_frames/video15/frame_00016.png,"[808, 140, 1537, 1066]",LEFT_WRIST,0.8614247193871587,1.0596267442416734,0.9113267660140991,0.4564969390630722,0.39797084778547287,0.39141623753531435
00016,/Users/nikko/Downloads/moi-main/project_root/data/temp_frames/video15/frame_00016.png,"[808, 140, 1537, 1066]",RIGHT_WRIST,-0.46397386274971125,1.2178289389671741,0.9975903034210205,0.4564969390630722,0.39797084778547287,0.39141623753531435
00016,/Users/nikko/Downloads/moi-main/project_root/data/temp_frames/video15/frame_00016.png,"[808, 140, 1537, 1066]",RIGHT_ANKLE,-0.9898626987053295,0.48277685191207653,0.5360828042030334,0.4564969390630722,0.39797084778547287,0.39141623753531435
00016,/Users/nikko/Downloads/moi-main/project_root/data/temp_frames/video15/frame_00016.png,"[808, 140, 1537, 1066]",LEFT_EYE,0.9919365733399816,-0.31727228707440075,0.9808821082115173,0.4564969390630722,0.39797084778547287,0.39141623753531435
00016,/Users/nikko/Downloads/moi-main/project_root/data/temp_frames/video15/frame_00016.png,"[808, 140, 1537, 1066]",RIGHT_EYE,0.8399575824176091,-0.3499042478978606,0.9921591281890869,0.4564969390630722,0.39797084778547287,0.39141623753531435
00017,/Users/nikko/Downloads/moi-main/project_root/data/temp_frames/video15/frame_00017.png,"[808, 145, 1536, 1067]",LEFT_SHOULDER,0.8723057805733626,-0.11282636057071964,0.9999268054962158,0.45714568719267845,0.3998790755867958,0.38743562250706853
00017,/Users/nikko/Downloads/moi-main/project_root/data/temp_frames/video15/frame_00017.png,"[808, 145, 1536, 1067]",RIGHT_SHOULDER,-0.04712763738445628,-0.24816684781875592,0.9993568062782288,0.45714568719267845,0.3998790755867958,0.38743562250706853
00017,/Users/nikko/Downloads/moi-main/project_root/data/temp_frames/video15/frame_00017.png,"[808, 145, 1536, 1067]",LEFT_HIP,-0.21970321801033948,0.22210225168546363,0.9995736479759216,0.45714568719267845,0.3998790755867958,0.38743562250706853
00017,/Users/nikko/Downloads/moi-main/project_root/data/temp_frames/video15/frame_00017.png,"[808, 145, 1536, 1067]",RIGHT_HIP,-0.6054749251785669,0.13889095670401191,0.9996434450149536,0.45714568719267845,0.3998790755867958,0.38743562250706853
00017,/Users/nikko/Downloads/moi-main/project_root/data/temp_frames/video15/frame_00017.png,"[808, 145, 1536, 1067]",LEFT_ELBOW,0.8411252946223666,0.4541284603986892,0.8620145320892334,0.45714568719267845,0.3998790755867958,0.38743562250706853
00017,/Users/nikko/Downloads/moi-main/project_root/data/temp_frames/video15/frame_00017.png,"[808, 145, 1536, 1067]",RIGHT_ELBOW,-0.42035994342216343,0.45830947870717276,0.9938847422599792,0.45714568719267845,0.3998790755867958,0.38743562250706853
00017,/Users/nikko/Downloads/moi-main/project_root/data/temp_frames/video15/frame_00017.png,"[808, 145, 1536, 1067]",LEFT_WRIST,0.8643083542294612,1.0548924996970996,0.9054465293884277,0.45714568719267845,0.3998790755867958,0.38743562250706853
00017,/Users/nikko/Downloads/moi-main/project_root/data/temp_frames/video15/frame_00017.png,"[808, 145, 1536, 1067]",RIGHT_WRIST,-0.4640954072083835,1.2195472682896245,0.9981487989425659,0.45714568719267845,0.3998790755867958,0.38743562250706853
00017,/Users/nikko/Downloads/moi-main/project_root/data/temp_frames/video15/frame_00017.png,"[808, 145, 1536, 1067]",RIGHT_ANKLE,-0.9889954908291074,0.46766596292122714,0.5980983376502991,0.45714568719267845,0.3998790755867958,0.38743562250706853
00017,/Users/nikko/Downloads/moi-main/project_root/data/temp_frames/video15/frame_00017.png,"[808, 145, 1536, 1067]",LEFT_EYE,1.0216683020127217,-0.33461178977470873,0.9756312370300293,0.45714568719267845,0.3998790755867958,0.38743562250706853
00017,/Users/nikko/Downloads/moi-main/project_root/data/temp_frames/video15/frame_00017.png,"[808, 145, 1536, 1067]",RIGHT_EYE,0.8656349510162313,-0.3619300221791588,0.9902800917625427,0.45714568719267845,0.3998790755867958,0.38743562250706853
00018,/Users/nikko/Downloads/moi-main/project_root/data/temp_frames/video15/frame_00018.png,"[805, 155, 1537, 1066]",LEFT_SHOULDER,0.8772285995913753,-0.11463258193521594,0.9999579191207886,0.460630189627409,0.39641423523426056,0.3776689179418307
00018,/Users/nikko/Downloads/moi-main/project_root/data/temp_frames/video15/frame_00018.png,"[805, 155, 1537, 1066]",RIGHT_SHOULDER,-0.04508438798306241,-0.23960304915143602,0.9995526671409607,0.460630189627409,0.39641423523426056,0.3776689179418307
00018,/Users/nikko/Downloads/moi-main/project_root/data/temp_frames/video15/frame_00018.png,"[805, 155, 1537, 1066]",LEFT_HIP,-0.2172134744288059,0.21539039792946138,0.9996601343154907,0.460630189627409,0.39641423523426056,0.3776689179418307
00018,/Users/nikko/Downloads/moi-main/project_root/data/temp_frames/video15/frame_00018.png,"[805, 155, 1537, 1066]",RIGHT_HIP,-0.614930737179507,0.13884523315719058,0.9997046589851379,0.460630189627409,0.39641423523426056,0.3776689179418307
00018,/Users/nikko/Downloads/moi-main/project_root/data/temp_frames/video15/frame_00018.png,"[805, 155, 1537, 1066]",LEFT_ELBOW,0.8389700634058485,0.46168579092531764,0.9025850892066956,0.460630189627409,0.39641423523426056,0.3776689179418307
00018,/Users/nikko/Downloads/moi-main/project_root/data/temp_frames/video15/frame_00018.png,"[805, 155, 1537, 1066]",RIGHT_ELBOW,-0.4590623769084357,0.4907836791544362,0.9951552152633667,0.460630189627409,0.39641423523426056,0.3776689179418307
00018,/Users/nikko/Downloads/moi-main/project_root/data/temp_frames/video15/frame_00018.png,"[805, 155, 1537, 1066]",LEFT_WRIST,0.8836074685373837,1.0832293787394809,0.9431763887405396,0.460630189627409,0.39641423523426056,0.3776689179418307
00018,/Users/nikko/Downloads/moi-main/project_root/data/temp_frames/video15/frame_00018.png,"[805, 155, 1537, 1066]",RIGHT_WRIST,-0.48290264599180605,1.2619178830469195,0.9985854625701904,0.460630189627409,0.39641423523426056,0.3776689179418307
00018,/Users/nikko/Downloads/moi-main/project_root/data/temp_frames/video15/frame_00018.png,"[805, 155, 1537, 1066]",RIGHT_KNEE,-0.8360997657126811,0.37357050241360346,0.506996214389801,0.460630189627409,0.39641423523426056,0.3776689179418307
00018,/Users/nikko/Downloads/moi-main/project_root/data/temp_frames/video15/frame_00018.png,"[805, 155, 1537, 1066]",RIGHT_ANKLE,-1.0255946710570953,0.4832997372122392,0.6928407549858093,0.460630189627409,0.39641423523426056,0.3776689179418307
00018,/Users/nikko/Downloads/moi-main/project_root/data/temp_frames/video15/frame_00018.png,"[805, 155, 1537, 1066]",LEFT_EYE,1.040130594817158,-0.3360153021046139,0.9901878237724304,0.460630189627409,0.39641423523426056,0.3776689179418307
00018,/Users/nikko/Downloads/moi-main/project_root/data/temp_frames/video15/frame_00018.png,"[805, 155, 1537, 1066]",RIGHT_EYE,0.8784099008447989,-0.35729576949394243,0.9959283471107483,0.460630189627409,0.39641423523426056,0.3776689179418307
00019,/Users/nikko/Downloads/moi-main/project_root/data/temp_frames/video15/frame_00019.png,"[803, 174, 1538, 1065]",LEFT_SHOULDER,0.8691477710946717,-0.11009366031246406,0.9999299049377441,0.458083376288414,0.3951517790555954,0.3853747453541447
00019,/Users/nikko/Downloads/moi-main/project_root/data/temp_frames/video15/frame_00019.png,"[803, 174, 1538, 1065]",RIGHT_SHOULDER,-0.0461289215388279,-0.25232524605740186,0.9992120265960693,0.458083376288414,0.3951517790555954,0.3853747453541447
00019,/Users/nikko/Downloads/moi-main/project_root/data/temp_frames/video15/frame_00019.png,"[803, 174, 1538, 1065]",LEFT_HIP,-0.21631048348707732,0.22084020748321695,0.9994158744812012,0.458083376288414,0.3951517790555954,0.3853747453541447
00019,/Users/nikko/Downloads/moi-main/project_root/data/temp_frames/video15/frame_00019.png,"[803, 174, 1538, 1065]",RIGHT_HIP,-0.6067083660687664,0.141578698886649,0.9994552731513977,0.458083376288414,0.3951517790555954,0.3853747453541447
00019,/Users/nikko/Downloads/moi-main/project_root/data/temp_frames/video15/frame_00019.png,"[803, 174, 1538, 1065]",LEFT_ELBOW,0.8291262126816867,0.44440220109861084,0.7870393991470337,0.458083376288414,0.3951517790555954,0.3853747453541447
00019,/Users/nikko/Downloads/moi-main/project_root/data/temp_frames/video15/frame_00019.png,"[803, 174, 1538, 1065]",RIGHT_ELBOW,-0.4375905244327186,0.44810971685343254,0.986325204372406,0.458083376288414,0.3951517790555954,0.3853747453541447
00019,/Users/nikko/Downloads/moi-main/project_root/data/temp_frames/video15/frame_00019.png,"[803, 174, 1538, 1065]",LEFT_WRIST,0.8720457612785644,1.0572483223021403,0.8882967233657837,0.458083376288414,0.3951517790555954,0.3853747453541447
00019,/Users/nikko/Downloads/moi-main/project_root/data/temp_frames/video15/frame_00019.png,"[803, 174, 1538, 1065]",RIGHT_WRIST,-0.4677755892920283,1.2169373718375065,0.995822548866272,0.458083376288414,0.3951517790555954,0.3853747453541447
00019,/Users/nikko/Downloads/moi-main/project_root/data/temp_frames/video15/frame_00019.png,"[803, 174, 1538, 1065]",LEFT_EYE,1.0354147958940052,-0.31601019274891917,0.9752628207206726,0.458083376288414,0.3951517790555954,0.3853747453541447
00019,/Users/nikko/Downloads/moi-main/project_root/data/temp_frames/video15/frame_00019.png,"[803, 174, 1538, 1065]",RIGHT_EYE,0.883240228564138,-0.3340965313905887,0.9889664053916931,0.458083376288414,0.3951517790555954,0.3853747453541447
00020,/Users/nikko/Downloads/moi-main/project_root/data/temp_frames/video15/frame_00020.png,"[802, 196, 1544, 1063]",LEFT_SHOULDER,0.8682544179421473,-0.10640165103064503,0.9998908042907715,0.4553647004067898,0.38495883345603943,0.3878401169124764
00020,/Users/nikko/Downloads/moi-main/project_root/data/temp_frames/video15/frame_00020.png,"[802, 196, 1544, 1063]",RIGHT_SHOULDER,-0.025013217111967755,-0.24746823972913193,0.9993376135826111,0.4553647004067898,0.38495883345603943,0.3878401169124764
00020,/Users/nikko/Downloads/moi-main/project_root/data/temp_frames/video15/frame_00020.png,"[802, 196, 1544, 1063]",LEFT_HIP,-0.2308468934821219,0.20556818804298163,0.9992245435714722,0.4553647004067898,0.38495883345603943,0.3878401169124764
00020,/Users/nikko/Downloads/moi-main/project_root/data/temp_frames/video15/frame_00020.png,"[802, 196, 1544, 1063]",RIGHT_HIP,-0.6123943073480577,0.14830170271679533,0.9993464350700378,0.4553647004067898,0.38495883345603943,0.3878401169124764
00020,/Users/nikko/Downloads/moi-main/project_root/data/temp_frames/video15/frame_00020.png,"[802, 196, 1544, 1063]",LEFT_ELBOW,0.7919276380857629,0.46136792021360506,0.6218405365943909,0.4553647004067898,0.38495883345603943,0.3878401169124764
00020,/Users/nikko/Downloads/moi-main/project_root/data/temp_frames/video15/frame_00020.png,"[802, 196, 1544, 1063]",RIGHT_ELBOW,-0.4380458176406622,0.4623966778761769,0.9765477776527405,0.4553647004067898,0.38495883345603943,0.3878401169124764
00020,/Users/nikko/Downloads/moi-main/project_root/data/temp_frames/video15/frame_00020.png,"[802, 196, 1544, 1063]",LEFT_WRIST,0.8438843568684988,1.0669650059944205,0.8052868843078613,0.4553647004067898,0.38495883345603943,0.3878401169124764
00020,/Users/nikko/Downloads/moi-main/project_root/data/temp_frames/video15/frame_00020.png,"[802, 196, 1544, 1063]",RIGHT_WRIST,-0.4396284508060588,1.2377003570946334,0.994857668876648,0.4553647004067898,0.38495883345603943,0.3878401169124764
00020,/Users/nikko/Downloads/moi-main/project_root/data/temp_frames/video15/frame_00020.png,"[802, 196, 1544, 1063]",LEFT_EYE,1.0441847339763184,-0.28227064732962553,0.9679516553878784,0.4553647004067898,0.38495883345603943,0.3878401169124764
00020,/Users/nikko/Downloads/moi-main/project_root/data/temp_frames/video15/frame_00020.png,"[802, 196, 1544, 1063]",RIGHT_EYE,0.8937525162496287,-0.3105039285620579,0.9859744906425476,0.4553647004067898,0.38495883345603943,0.3878401169124764
00021,/Users/nikko/Downloads/moi-main/project_root/data/temp_frames/video15/frame_00021.png,"[800, 221, 1544, 1063]",LEFT_SHOULDER,0.8691934267143342,-0.09055622649408383,0.9999464750289917,0.45731882750988007,0.3763154074549675,0.3703612019186957
00021,/Users/nikko/Downloads/moi-main/project_root/data/temp_frames/video15/frame_00021.png,"[800, 221, 1544, 1063]",RIGHT_SHOULDER,-0.011114477576671491,-0.2372910686435626,0.9993928670883179,0.45731882750988007,0.3763154074549675,0.3703612019186957
00021,/Users/nikko/Downloads/moi-main/project_root/data/temp_frames/video15/frame_00021.png,"[800, 221, 1544, 1063]",LEFT_HIP,-0.2482257197707819,0.2101224484989232,0.9994933605194092,0.45731882750988007,0.3763154074549675,0.3703612019186957
00021,/Users/nikko/Downloads/moi-main/project_root/data/temp_frames/video15/frame_00021.png,"[800, 221, 1544, 1063]",RIGHT_HIP,-0.6098532293668808,0.11772484663872328,0.999510645866394,0.45731882750988007,0.3763154074549675,0.3703612019186957
00021,/Users/nikko/Downloads/moi-main/project_root/data/temp_frames/video15/frame_00021.png,"[800, 221, 1544, 1063]",LEFT_ELBOW,0.8205996086555748,0.48432642140830495,0.7397886514663696,0.45731882750988007,0.3763154074549675,0.3703612019186957
00021,/Users/nikko/Downloads/moi-main/project_root/data/temp_frames/video15/frame_00021.png,"[800, 221, 1544, 1063]",RIGHT_ELBOW,-0.5195541593224388,0.5134045936543993,0.9841236472129822,0.45731882750988007,0.3763154074549675,0.3703612019186957
00021,/Users/nikko/Downloads/moi-main/project_root/data/temp_frames/video15/frame_00021.png,"[800, 221, 1544, 1063]",LEFT_WRIST,0.9023473164522087,1.0930770344093197,0.8951100707054138,0.45731882750988007,0.3763154074549675,0.3703612019186957
00021,/Users/nikko/Downloads/moi-main/project_root/data/temp_frames/video15/frame_00021.png,"[800, 221, 1544, 1063]",RIGHT_WRIST,-0.48154038887546124,1.301319241371376,0.9956628680229187,0.45731882750988007,0.3763154074549675,0.3703612019186957
00021,/Users/nikko/Downloads/moi-main/project_root/data/temp_frames/video15/frame_00021.png,"[800, 221, 1544, 1063]",LEFT_EYE,1.1052819977612969,-0.26097400483064653,0.990062415599823,0.45731882750988007,0.3763154074549675,0.3703612019186957
00021,/Users/nikko/Downloads/moi-main/project_root/data/temp_frames/video15/frame_00021.png,"[800, 221, 1544, 1063]",RIGHT_EYE,0.9602910637950729,-0.2887708004658996,0.995486319065094,0.45731882750988007,0.3763154074549675,0.3703612019186957
00022,/Users/nikko/Downloads/moi-main/project_root/data/temp_frames/video15/frame_00022.png,"[800, 234, 1548, 1062]",LEFT_SHOULDER,0.8597573266507992,-0.07322302258533285,0.9998776912689209,0.46160896122455597,0.3814728558063507,0.3735808259316249
00022,/Users/nikko/Downloads/moi-main/project_root/data/temp_frames/video15/frame_00022.png,"[800, 234, 1548, 1062]",RIGHT_SHOULDER,0.0181487987972991,-0.22747008242097858,0.998289167881012,0.46160896122455597,0.3814728558063507,0.3735808259316249
00022,/Users/nikko/Downloads/moi-main/project_root/data/temp_frames/video15/frame_00022.png,"[800, 234, 1548, 1062]",LEFT_HIP,-0.2416427474090993,0.1913911474557082,0.9977881908416748,0.46160896122455597,0.3814728558063507,0.3735808259316249
00022,/Users/nikko/Downloads/moi-main/project_root/data/temp_frames/video15/frame_00022.png,"[800, 234, 1548, 1062]",RIGHT_HIP,-0.636263378038999,0.10930195755060322,0.9977774024009705,0.46160896122455597,0.3814728558063507,0.3735808259316249
00022,/Users/nikko/Downloads/moi-main/project_root/data/temp_frames/video15/frame_00022.png,"[800, 234, 1548, 1062]",LEFT_ELBOW,0.7644140382827086,0.4306054313731318,0.661369264125824,0.46160896122455597,0.3814728558063507,0.3735808259316249
00022,/Users/nikko/Downloads/moi-main/project_root/data/temp_frames/video15/frame_00022.png,"[800, 234, 1548, 1062]",RIGHT_ELBOW,-0.5187592983078154,0.4589862611195487,0.9776051640510559,0.46160896122455597,0.3814728558063507,0.3735808259316249
00022,/Users/nikko/Downloads/moi-main/project_root/data/temp_frames/video15/frame_00022.png,"[800, 234, 1548, 1062]",LEFT_WRIST,0.858157044876149,1.0710447391188471,0.8727723956108093,0.46160896122455597,0.3814728558063507,0.3735808259316249
00022,/Users/nikko/Downloads/moi-main/project_root/data/temp_frames/video15/frame_00022.png,"[800, 234, 1548, 1062]",RIGHT_WRIST,-0.4946070097252625,1.2867004980254386,0.9912716746330261,0.46160896122455597,0.3814728558063507,0.3735808259316249
00022,/Users/nikko/Downloads/moi-main/project_root/data/temp_frames/video15/frame_00022.png,"[800, 234, 1548, 1062]",LEFT_EYE,1.1180416882326478,-0.2402883713458329,0.978859543800354,0.46160896122455597,0.3814728558063507,0.3735808259316249
00022,/Users/nikko/Downloads/moi-main/project_root/data/temp_frames/video15/frame_00022.png,"[800, 234, 1548, 1062]",RIGHT_EYE,0.977127225228196,-0.25708462889944766,0.9880848526954651,0.46160896122455597,0.3814728558063507,0.3735808259316249
00023,/Users/nikko/Downloads/moi-main/project_root/data/temp_frames/video15/frame_00023.png,"[800, 234, 1548, 1062]",LEFT_SHOULDER,0.8633015108494613,-0.07517886935820291,0.9998770952224731,0.4618089310824871,0.38038812577724457,0.37209084151877336
00023,/Users/nikko/Downloads/moi-main/project_root/data/temp_frames/video15/frame_00023.png,"[800, 234, 1548, 1062]",RIGHT_SHOULDER,0.020032573371217104,-0.22186621075936167,0.9984439015388489,0.4618089310824871,0.38038812577724457,0.37209084151877336
00023,/Users/nikko/Downloads/moi-main/project_root/data/temp_frames/video15/frame_00023.png,"[800, 234, 1548, 1062]",LEFT_HIP,-0.2443287023287478,0.18620666611888909,0.9979935884475708,0.4618089310824871,0.38038812577724457,0.37209084151877336
00023,/Users/nikko/Downloads/moi-main/project_root/data/temp_frames/video15/frame_00023.png,"[800, 234, 1548, 1062]",RIGHT_HIP,-0.6390053818919306,0.11083841399867549,0.9980351328849792,0.4618089310824871,0.38038812577724457,0.37209084151877336
00023,/Users/nikko/Downloads/moi-main/project_root/data/temp_frames/video15/frame_00023.png,"[800, 234, 1548, 1062]",LEFT_ELBOW,0.7653748042832559,0.43013478726288273,0.620686948299408,0.4618089310824871,0.38038812577724457,0.37209084151877336
00023,/Users/nikko/Downloads/moi-main/project_root/data/temp_frames/video15/frame_00023.png,"[800, 234, 1548, 1062]",RIGHT_ELBOW,-0.5213441425255747,0.4621966601317351,0.9773502349853516,0.4618089310824871,0.38038812577724457,0.37209084151877336
00023,/Users/nikko/Downloads/moi-main/project_root/data/temp_frames/video15/frame_00023.png,"[800, 234, 1548, 1062]",LEFT_WRIST,0.8616778410032018,1.0760503873185177,0.854770302772522,0.4618089310824871,0.38038812577724457,0.37209084151877336
00023,/Users/nikko/Downloads/moi-main/project_root/data/temp_frames/video15/frame_00023.png,"[800, 234, 1548, 1062]",RIGHT_WRIST,-0.49398780455548646,1.2929581657077476,0.9914585947990417,0.4618089310824871,0.38038812577724457,0.37209084151877336
00023,/Users/nikko/Downloads/moi-main/project_root/data/temp_frames/video15/frame_00023.png,"[800, 234, 1548, 1062]",LEFT_EYE,1.123777015900685,-0.23962053433279565,0.9787659049034119,0.4618089310824871,0.38038812577724457,0.37209084151877336
00023,/Users/nikko/Downloads/moi-main/project_root/data/temp_frames/video15/frame_00023.png,"[800, 234, 1548, 1062]",RIGHT_EYE,0.9791582676881285,-0.2566276590114114,0.9882977604866028,0.4618089310824871,0.38038812577724457,0.37209084151877336
00024,/Users/nikko/Downloads/moi-main/project_root/data/temp_frames/video15/frame_00024.png,"[798, 260, 1551, 1062]",LEFT_SHOULDER,0.848733815103857,-0.05016183221511163,0.9998633861541748,0.4564112462103367,0.3785801976919174,0.3817721637224656
00024,/Users/nikko/Downloads/moi-main/project_root/data/temp_frames/video15/frame_00024.png,"[798, 260, 1551, 1062]",RIGHT_SHOULDER,0.025279557448680205,-0.24642162398152817,0.999075174331665,0.4564112462103367,0.3785801976919174,0.3817721637224656
00024,/Users/nikko/Downloads/moi-main/project_root/data/temp_frames/video15/frame_00024.png,"[798, 260, 1551, 1062]",LEFT_HIP,-0.24779144616104296,0.19259094269402494,0.9993003606796265,0.4564112462103367,0.3785801976919174,0.3817721637224656
00024,/Users/nikko/Downloads/moi-main/project_root/data/temp_frames/video15/frame_00024.png,"[798, 260, 1551, 1062]",RIGHT_HIP,-0.6262219263914943,0.10399251350261486,0.999349057674408,0.4564112462103367,0.3785801976919174,0.3817721637224656
00024,/Users/nikko/Downloads/moi-main/project_root/data/temp_frames/video15/frame_00024.png,"[798, 260, 1551, 1062]",RIGHT_ELBOW,-0.506955818987863,0.4576637561857848,0.9718769192695618,0.4564112462103367,0.3785801976919174,0.3817721637224656
00024,/Users/nikko/Downloads/moi-main/project_root/data/temp_frames/video15/frame_00024.png,"[798, 260, 1551, 1062]",LEFT_WRIST,0.8404989376365637,1.0347264051252043,0.7307475209236145,0.4564112462103367,0.3785801976919174,0.3817721637224656
00024,/Users/nikko/Downloads/moi-main/project_root/data/temp_frames/video15/frame_00024.png,"[798, 260, 1551, 1062]",RIGHT_WRIST,-0.4712502989442785,1.240991311502964,0.9912710189819336,0.4564112462103367,0.3785801976919174,0.3817721637224656
00024,/Users/nikko/Downloads/moi-main/project_root/data/temp_frames/video15/frame_00024.png,"[798, 260, 1551, 1062]",LEFT_EYE,1.1174173596826602,-0.2028823927926184,0.9725221991539001,0.4564112462103367,0.3785801976919174,0.3817721637224656
00024,/Users/nikko/Downloads/moi-main/project_root/data/temp_frames/video15/frame_00024.png,"[798, 260, 1551, 1062]",RIGHT_EYE,1.0116420018437406,-0.20685533670977105,0.9865192770957947,0.4564112462103367,0.3785801976919174,0.3817721637224656
00025,/Users/nikko/Downloads/moi-main/project_root/data/temp_frames/video15/frame_00025.png,"[796, 296, 1557, 1062]",LEFT_SHOULDER,0.8411058989277963,-0.04807436378583238,0.9998446702957153,0.4455346539616585,0.37088942527770996,0.3754119445436992
00025,/Users/nikko/Downloads/moi-main/project_root/data/temp_frames/video15/frame_00025.png,"[796, 296, 1557, 1062]",RIGHT_SHOULDER,0.039112576950055475,-0.2506055822376583,0.9985697269439697,0.4455346539616585,0.37088942527770996,0.3754119445436992
00025,/Users/nikko/Downloads/moi-main/project_root/data/temp_frames/video15/frame_00025.png,"[796, 296, 1557, 1062]",LEFT_HIP,-0.25649585877052283,0.18476312158180871,0.9990994930267334,0.4455346539616585,0.37088942527770996,0.3754119445436992
00025,/Users/nikko/Downloads/moi-main/project_root/data/temp_frames/video15/frame_00025.png,"[796, 296, 1557, 1062]",RIGHT_HIP,-0.6237226171073289,0.11391682444168194,0.9990447163581848,0.4455346539616585,0.37088942527770996,0.3754119445436992
00025,/Users/nikko/Downloads/moi-main/project_root/data/temp_frames/video15/frame_00025.png,"[796, 296, 1557, 1062]",RIGHT_ELBOW,-0.5313270050558313,0.4330349243905296,0.9596734046936035,0.4455346539616585,0.37088942527770996,0.3754119445436992
00025,/Users/nikko/Downloads/moi-main/project_root/data/temp_frames/video15/frame_00025.png,"[796, 296, 1557, 1062]",LEFT_WRIST,0.868797361202808,1.0473044368552344,0.7033899426460266,0.4455346539616585,0.37088942527770996,0.3754119445436992
00025,/Users/nikko/Downloads/moi-main/project_root/data/temp_frames/video15/frame_00025.png,"[796, 296, 1557, 1062]",RIGHT_WRIST,-0.46182732674872257,1.2537763591254307,0.9863308668136597,0.4455346539616585,0.37088942527770996,0.3754119445436992
00025,/Users/nikko/Downloads/moi-main/project_root/data/temp_frames/video15/frame_00025.png,"[796, 296, 1557, 1062]",LEFT_EYE,1.1321413241033056,-0.13849263799067474,0.964531660079956,0.4455346539616585,0.37088942527770996,0.3754119445436992
00025,/Users/nikko/Downloads/moi-main/project_root/data/temp_frames/video15/frame_00025.png,"[796, 296, 1557, 1062]",RIGHT_EYE,1.0333919225370838,-0.15778271660134052,0.9805951118469238,0.4455346539616585,0.37088942527770996,0.3754119445436992
00026,/Users/nikko/Downloads/moi-main/project_root/data/temp_frames/video15/frame_00026.png,"[798, 347, 1560, 1060]",LEFT_SHOULDER,0.8549620904070224,-0.09286184559863273,0.9998644590377808,0.4475310146808624,0.3539208844304085,0.36983711139842484
00026,/Users/nikko/Downloads/moi-main/project_root/data/temp_frames/video15/frame_00026.png,"[798, 347, 1560, 1060]",RIGHT_SHOULDER,0.07508537166813094,-0.1708463264137282,0.9988092184066772,0.4475310146808624,0.3539208844304085,0.36983711139842484
00026,/Users/nikko/Downloads/moi-main/project_root/data/temp_frames/video15/frame_00026.png,"[798, 347, 1560, 1060]",LEFT_HIP,-0.28119046013753485,0.1548506204255641,0.9993091821670532,0.4475310146808624,0.3539208844304085,0.36983711139842484
00026,/Users/nikko/Downloads/moi-main/project_root/data/temp_frames/video15/frame_00026.png,"[798, 347, 1560, 1060]",RIGHT_HIP,-0.6488570019376185,0.10885755158679683,0.9992870688438416,0.4475310146808624,0.3539208844304085,0.36983711139842484
00026,/Users/nikko/Downloads/moi-main/project_root/data/temp_frames/video15/frame_00026.png,"[798, 347, 1560, 1060]",RIGHT_ELBOW,-0.5948779055562331,0.45596892040038484,0.9630114436149597,0.4475310146808624,0.3539208844304085,0.36983711139842484
00026,/Users/nikko/Downloads/moi-main/project_root/data/temp_frames/video15/frame_00026.png,"[798, 347, 1560, 1060]",LEFT_WRIST,0.8591024086095139,1.1259752285690878,0.738288938999176,0.4475310146808624,0.3539208844304085,0.36983711139842484
00026,/Users/nikko/Downloads/moi-main/project_root/data/temp_frames/video15/frame_00026.png,"[798, 347, 1560, 1060]",RIGHT_WRIST,-0.4637171697426137,1.3057025899056505,0.9860964417457581,0.4475310146808624,0.3539208844304085,0.36983711139842484
00026,/Users/nikko/Downloads/moi-main/project_root/data/temp_frames/video15/frame_00026.png,"[798, 347, 1560, 1060]",LEFT_EYE,1.1843436625831953,0.010119101268943616,0.9776273965835571,0.4475310146808624,0.3539208844304085,0.36983711139842484
00026,/Users/nikko/Downloads/moi-main/project_root/data/temp_frames/video15/frame_00026.png,"[798, 347, 1560, 1060]",RIGHT_EYE,1.0835898491231795,-0.009507199628799212,0.9878610968589783,0.4475310146808624,0.3539208844304085,0.36983711139842484
00027,/Users/nikko/Downloads/moi-main/project_root/data/temp_frames/video15/frame_00027.png,"[797, 389, 1570, 1062]",LEFT_SHOULDER,0.8896435503724609,-0.03326854790992797,0.999919056892395,0.45147083699703217,0.31910888105630875,0.324874049647188
00027,/Users/nikko/Downloads/moi-main/project_root/data/temp_frames/video15/frame_00027.png,"[797, 389, 1570, 1062]",RIGHT_SHOULDER,0.09285201572427342,-0.1057662632459535,0.9994816184043884,0.45147083699703217,0.31910888105630875,0.324874049647188
00027,/Users/nikko/Downloads/moi-main/project_root/data/temp_frames/video15/frame_00027.png,"[797, 389, 1570, 1062]",LEFT_HIP,-0.3309578337606107,0.058819177624831284,0.9996784925460815,0.45147083699703217,0.31910888105630875,0.324874049647188
00027,/Users/nikko/Downloads/moi-main/project_root/data/temp_frames/video15/frame_00027.png,"[797, 389, 1570, 1062]",RIGHT_HIP,-0.6515377323361236,0.08021563353105018,0.9997137188911438,0.45147083699703217,0.31910888105630875,0.324874049647188
00027,/Users/nikko/Downloads/moi-main/project_root/data/temp_frames/video15/frame_00027.png,"[797, 389, 1570, 1062]",RIGHT_ELBOW,-0.705497041696844,0.5306691811762744,0.9914719462394714,0.45147083699703217,0.31910888105630875,0.324874049647188
00027,/Users/nikko/Downloads/moi-main/project_root/data/temp_frames/video15/frame_00027.png,"[797, 389, 1570, 1062]",LEFT_WRIST,0.941224859080516,1.3138689823612215,0.8799144625663757,0.45147083699703217,0.31910888105630875,0.324874049647188
00027,/Users/nikko/Downloads/moi-main/project_root/data/temp_frames/video15/frame_00027.png,"[797, 389, 1570, 1062]",RIGHT_WRIST,-0.538538370393625,1.5544568744127643,0.9975358247756958,0.45147083699703217,0.31910888105630875,0.324874049647188
00027,/Users/nikko/Downloads/moi-main/project_root/data/temp_frames/video15/frame_00027.png,"[797, 389, 1570, 1062]",RIGHT_KNEE,-0.9270016677141946,0.3664679265040955,0.5306101441383362,0.45147083699703217,0.31910888105630875,0.324874049647188
00027,/Users/nikko/Downloads/moi-main/project_root/data/temp_frames/video15/frame_00027.png,"[797, 389, 1570, 1062]",RIGHT_ANKLE,-1.1633014757843176,0.37626641753363116,0.5640457272529602,0.45147083699703217,0.31910888105630875,0.324874049647188
00027,/Users/nikko/Downloads/moi-main/project_root/data/temp_frames/video15/frame_00027.png,"[797, 389, 1570, 1062]",LEFT_EYE,1.3431320589046667,0.09579205381540788,0.9963961243629456,0.45147083699703217,0.31910888105630875,0.324874049647188
00027,/Users/nikko/Downloads/moi-main/project_root/data/temp_frames/video15/frame_00027.png,"[797, 389, 1570, 1062]",RIGHT_EYE,1.2372674786677016,0.08242763969317646,0.9981312155723572,0.45147083699703217,0.31910888105630875,0.324874049647188
00028,/Users/nikko/Downloads/moi-main/project_root/data/temp_frames/video15/frame_00028.png,"[795, 428, 1572, 1063]",LEFT_SHOULDER,0.8829585034368314,-0.05386768458777174,0.9998736381530762,0.45819802954792976,0.3097076341509819,0.34095706787957214
00028,/Users/nikko/Downloads/moi-main/project_root/data/temp_frames/video15/frame_00028.png,"[795, 428, 1572, 1063]",RIGHT_SHOULDER,0.07823582256859846,-0.12142573208810953,0.9993608593940735,0.45819802954792976,0.3097076341509819,0.34095706787957214
00028,/Users/nikko/Downloads/moi-main/project_root/data/temp_frames/video15/frame_00028.png,"[795, 428, 1572, 1063]",LEFT_HIP,-0.31389368669417467,0.13150984400216212,0.9996563196182251,0.45819802954792976,0.3097076341509819,0.34095706787957214
00028,/Users/nikko/Downloads/moi-main/project_root/data/temp_frames/video15/frame_00028.png,"[795, 428, 1572, 1063]",RIGHT_HIP,-0.6473006393112551,0.043783572673719164,0.9996945858001709,0.45819802954792976,0.3097076341509819,0.34095706787957214
00028,/Users/nikko/Downloads/moi-main/project_root/data/temp_frames/video15/frame_00028.png,"[795, 428, 1572, 1063]",RIGHT_ELBOW,-0.7144920109037026,0.4669033584062697,0.9870304465293884,0.45819802954792976,0.3097076341509819,0.34095706787957214
00028,/Users/nikko/Downloads/moi-main/project_root/data/temp_frames/video15/frame_00028.png,"[795, 428, 1572, 1063]",LEFT_WRIST,0.8770027077248328,1.206640666862827,0.7737950086593628,0.45819802954792976,0.3097076341509819,0.34095706787957214
00028,/Users/nikko/Downloads/moi-main/project_root/data/temp_frames/video15/frame_00028.png,"[795, 428, 1572, 1063]",RIGHT_WRIST,-0.532224584534651,1.48647216116843,0.9952296018600464,0.45819802954792976,0.3097076341509819,0.34095706787957214
00028,/Users/nikko/Downloads/moi-main/project_root/data/temp_frames/video15/frame_00028.png,"[795, 428, 1572, 1063]",LEFT_EYE,1.2734955291797345,0.18455993746396732,0.9938822984695435,0.45819802954792976,0.3097076341509819,0.34095706787957214
00028,/Users/nikko/Downloads/moi-main/project_root/data/temp_frames/video15/frame_00028.png,"[795, 428, 1572, 1063]",RIGHT_EYE,1.1591176445614795,0.15257653306440436,0.9968987703323364,0.45819802954792976,0.3097076341509819,0.34095706787957214
00029,/Users/nikko/Downloads/moi-main/project_root/data/temp_frames/video15/frame_00029.png,"[796, 461, 1576, 1061]",LEFT_SHOULDER,0.9093941373107719,-0.04962653468489192,0.9999445676803589,0.4573911353945732,0.28501370549201965,0.3098156625700788
00029,/Users/nikko/Downloads/moi-main/project_root/data/temp_frames/video15/frame_00029.png,"[796, 461, 1576, 1061]",RIGHT_SHOULDER,0.08942055570882257,0.003583120031474077,0.9997261166572571,0.4573911353945732,0.28501370549201965,0.3098156625700788
00029,/Users/nikko/Downloads/moi-main/project_root/data/temp_frames/video15/frame_00029.png,"[796, 461, 1576, 1061]",LEFT_HIP,-0.31296510320224763,0.009461903290179189,0.9997664093971252,0.4573911353945732,0.28501370549201965,0.3098156625700788
00029,/Users/nikko/Downloads/moi-main/project_root/data/temp_frames/video15/frame_00029.png,"[796, 461, 1576, 1061]",RIGHT_HIP,-0.6858495898173468,0.03658151136323865,0.9998164772987366,0.4573911353945732,0.28501370549201965,0.3098156625700788
00029,/Users/nikko/Downloads/moi-main/project_root/data/temp_frames/video15/frame_00029.png,"[796, 461, 1576, 1061]",RIGHT_ELBOW,-0.7913820412101267,0.5057393705483434,0.9921368360519409,0.4573911353945732,0.28501370549201965,0.3098156625700788
00029,/Users/nikko/Downloads/moi-main/project_root/data/temp_frames/video15/frame_00029.png,"[796, 461, 1576, 1061]",LEFT_WRIST,0.982521183584411,1.3625328315620155,0.8117144703865051,0.4573911353945732,0.28501370549201965,0.3098156625700788
00029,/Users/nikko/Downloads/moi-main/project_root/data/temp_frames/video15/frame_00029.png,"[796, 461, 1576, 1061]",RIGHT_WRIST,-0.5837634228834142,1.722214825729001,0.9978305697441101,0.4573911353945732,0.28501370549201965,0.3098156625700788
00029,/Users/nikko/Downloads/moi-main/project_root/data/temp_frames/video15/frame_00029.png,"[796, 461, 1576, 1061]",RIGHT_KNEE,-0.9649744863592187,0.31138947404883316,0.5791298747062683,0.4573911353945732,0.28501370549201965,0.3098156625700788
00029,/Users/nikko/Downloads/moi-main/project_root/data/temp_frames/video15/frame_00029.png,"[796, 461, 1576, 1061]",RIGHT_ANKLE,-1.2574280815153105,0.32737927584839227,0.5808819532394409,0.4573911353945732,0.28501370549201965,0.3098156625700788
00029,/Users/nikko/Downloads/moi-main/project_root/data/temp_frames/video15/frame_00029.png,"[796, 461, 1576, 1061]",LEFT_EYE,1.4066631694776432,0.34285405644876454,0.9993498921394348,0.4573911353945732,0.28501370549201965,0.3098156625700788
00029,/Users/nikko/Downloads/moi-main/project_root/data/temp_frames/video15/frame_00029.png,"[796, 461, 1576, 1061]",RIGHT_EYE,1.2670631816058513,0.323741133006695,0.9996963739395142,0.4573911353945732,0.28501370549201965,0.3098156625700788
00030,/Users/nikko/Downloads/moi-main/project_root/data/temp_frames/video15/frame_00030.png,"[795, 495, 1584, 1061]",LEFT_SHOULDER,0.8732672132905329,-0.018782156654473886,0.9999288320541382,0.4581059142947197,0.2722393870353699,0.3049738149317052
00030,/Users/nikko/Downloads/moi-main/project_root/data/temp_frames/video15/frame_00030.png,"[795, 495, 1584, 1061]",RIGHT_SHOULDER,0.11040453580516245,0.102385532513806,0.999734103679657,0.4581059142947197,0.2722393870353699,0.3049738149317052
00030,/Users/nikko/Downloads/moi-main/project_root/data/temp_frames/video15/frame_00030.png,"[795, 495, 1584, 1061]",LEFT_HIP,-0.31780014049598054,-0.06799861498440381,0.9996753931045532,0.4581059142947197,0.2722393870353699,0.3049738149317052
00030,/Users/nikko/Downloads/moi-main/project_root/data/temp_frames/video15/frame_00030.png,"[795, 495, 1584, 1061]",RIGHT_HIP,-0.6658716085997148,-0.01560476087492831,0.9997779726982117,0.4581059142947197,0.2722393870353699,0.3049738149317052
00030,/Users/nikko/Downloads/moi-main/project_root/data/temp_frames/video15/frame_00030.png,"[795, 495, 1584, 1061]",RIGHT_ELBOW,-0.7911352213540862,0.4996743384357685,0.9863862991333008,0.4581059142947197,0.2722393870353699,0.3049738149317052
00030,/Users/nikko/Downloads/moi-main/project_root/data/temp_frames/video15/frame_00030.png,"[795, 495, 1584, 1061]",LEFT_WRIST,0.9752096791438912,1.4222988991955565,0.8591481447219849,0.4581059142947197,0.2722393870353699,0.3049738149317052
00030,/Users/nikko/Downloads/moi-main/project_root/data/temp_frames/video15/frame_00030.png,"[795, 495, 1584, 1061]",RIGHT_WRIST,-0.5971298260033338,1.7576008812559092,0.9978716373443604,0.4581059142947197,0.2722393870353699,0.3049738149317052
00030,/Users/nikko/Downloads/moi-main/project_root/data/temp_frames/video15/frame_00030.png,"[795, 495, 1584, 1061]",RIGHT_KNEE,-1.015651433862238,0.27421018412354226,0.620690107345581,0.4581059142947197,0.2722393870353699,0.3049738149317052
00030,/Users/nikko/Downloads/moi-main/project_root/data/temp_frames/video15/frame_00030.png,"[795, 495, 1584, 1061]",RIGHT_ANKLE,-1.2865207106734613,0.23437864770276187,0.5516548752784729,0.4581059142947197,0.2722393870353699,0.3049738149317052
00030,/Users/nikko/Downloads/moi-main/project_root/data/temp_frames/video15/frame_00030.png,"[795, 495, 1584, 1061]",LEFT_EYE,1.3436892823236235,0.4778556018503827,0.9998267292976379,0.4581059142947197,0.2722393870353699,0.3049738149317052
00030,/Users/nikko/Downloads/moi-main/project_root/data/temp_frames/video15/frame_00030.png,"[795, 495, 1584, 1061]",RIGHT_EYE,1.202452842841528,0.43930841150773764,0.9999264478683472,0.4581059142947197,0.2722393870353699,0.3049738149317052
00031,/Users/nikko/Downloads/moi-main/project_root/data/temp_frames/video15/frame_00031.png,"[792, 526, 1588, 1062]",LEFT_SHOULDER,0.7782271076211182,-0.013316294474233454,0.9999380111694336,0.47412265092134476,0.26825160160660744,0.33564945819074743
00031,/Users/nikko/Downloads/moi-main/project_root/data/temp_frames/video15/frame_00031.png,"[792, 526, 1588, 1062]",RIGHT_SHOULDER,0.153808799943148,0.23175162140595115,0.9998162388801575,0.47412265092134476,0.26825160160660744,0.33564945819074743
00031,/Users/nikko/Downloads/moi-main/project_root/data/temp_frames/video15/frame_00031.png,"[792, 526, 1588, 1062]",LEFT_HIP,-0.28872590253470304,-0.13834485244483632,0.9996339082717896,0.47412265092134476,0.26825160160660744,0.33564945819074743
00031,/Users/nikko/Downloads/moi-main/project_root/data/temp_frames/video15/frame_00031.png,"[792, 526, 1588, 1062]",RIGHT_HIP,-0.6433100050295633,-0.08009047448688136,0.9997864365577698,0.47412265092134476,0.26825160160660744,0.33564945819074743
00031,/Users/nikko/Downloads/moi-main/project_root/data/temp_frames/video15/frame_00031.png,"[792, 526, 1588, 1062]",RIGHT_ELBOW,-0.7716093653928601,0.3752051297860962,0.9862915873527527,0.47412265092134476,0.26825160160660744,0.33564945819074743
00031,/Users/nikko/Downloads/moi-main/project_root/data/temp_frames/video15/frame_00031.png,"[792, 526, 1588, 1062]",LEFT_WRIST,0.8275057467673668,1.282112085207316,0.8229116201400757,0.47412265092134476,0.26825160160660744,0.33564945819074743
00031,/Users/nikko/Downloads/moi-main/project_root/data/temp_frames/video15/frame_00031.png,"[792, 526, 1588, 1062]",RIGHT_WRIST,-0.596200062142332,1.554611855606064,0.9983447790145874,0.47412265092134476,0.26825160160660744,0.33564945819074743
00031,/Users/nikko/Downloads/moi-main/project_root/data/temp_frames/video15/frame_00031.png,"[792, 526, 1588, 1062]",RIGHT_KNEE,-0.9790306232019523,0.13673857437532486,0.5975024104118347,0.47412265092134476,0.26825160160660744,0.33564945819074743
00031,/Users/nikko/Downloads/moi-main/project_root/data/temp_frames/video15/frame_00031.png,"[792, 526, 1588, 1062]",RIGHT_ANKLE,-1.2157253737468612,0.09895442495696181,0.5545865893363953,0.47412265092134476,0.26825160160660744,0.33564945819074743
00031,/Users/nikko/Downloads/moi-main/project_root/data/temp_frames/video15/frame_00031.png,"[792, 526, 1588, 1062]",LEFT_EYE,1.1411635985863775,0.5601244657987354,0.9999463558197021,0.47412265092134476,0.26825160160660744,0.33564945819074743
00031,/Users/nikko/Downloads/moi-main/project_root/data/temp_frames/video15/frame_00031.png,"[792, 526, 1588, 1062]",RIGHT_EYE,1.0240554212397768,0.5224475747255471,0.99997878074646,0.47412265092134476,0.26825160160660744,0.33564945819074743
00032,/Users/nikko/Downloads/moi-main/project_root/data/temp_frames/video15/frame_00032.png,"[794, 550, 1592, 1065]",LEFT_SHOULDER,0.8425135316693751,0.016733116957479435,0.9998935461044312,0.4670511558651924,0.2505057193338871,0.31479829909276613
00032,/Users/nikko/Downloads/moi-main/project_root/data/temp_frames/video15/frame_00032.png,"[794, 550, 1592, 1065]",RIGHT_SHOULDER,0.05281446435614557,0.25075910606488716,0.9997488856315613,0.4670511558651924,0.2505057193338871,0.31479829909276613
00032,/Users/nikko/Downloads/moi-main/project_root/data/temp_frames/video15/frame_00032.png,"[794, 550, 1592, 1065]",LEFT_HIP,-0.2618535609721334,-0.1619100026971614,0.9997226595878601,0.4670511558651924,0.2505057193338871,0.31479829909276613
00032,/Users/nikko/Downloads/moi-main/project_root/data/temp_frames/video15/frame_00032.png,"[794, 550, 1592, 1065]",RIGHT_HIP,-0.6334744350533873,-0.10558222032520517,0.9998428821563721,0.4670511558651924,0.2505057193338871,0.31479829909276613
00032,/Users/nikko/Downloads/moi-main/project_root/data/temp_frames/video15/frame_00032.png,"[794, 550, 1592, 1065]",RIGHT_ELBOW,-0.7989618599804067,0.35825121068200805,0.9753013849258423,0.4670511558651924,0.2505057193338871,0.31479829909276613
00032,/Users/nikko/Downloads/moi-main/project_root/data/temp_frames/video15/frame_00032.png,"[794, 550, 1592, 1065]",LEFT_WRIST,0.8888770316934647,1.3228891515577454,0.6257792115211487,0.4670511558651924,0.2505057193338871,0.31479829909276613
00032,/Users/nikko/Downloads/moi-main/project_root/data/temp_frames/video15/frame_00032.png,"[794, 550, 1592, 1065]",RIGHT_WRIST,-0.6210848194102344,1.6888551274836021,0.996461808681488,0.4670511558651924,0.2505057193338871,0.31479829909276613
00032,/Users/nikko/Downloads/moi-main/project_root/data/temp_frames/video15/frame_00032.png,"[794, 550, 1592, 1065]",RIGHT_KNEE,-1.0077185525048264,0.07365245211728803,0.5216187238693237,0.4670511558651924,0.2505057193338871,0.31479829909276613
00032,/Users/nikko/Downloads/moi-main/project_root/data/temp_frames/video15/frame_00032.png,"[794, 550, 1592, 1065]",RIGHT_ANKLE,-1.3003972466728324,0.06274311484348129,0.5385767817497253,0.4670511558651924,0.2505057193338871,0.31479829909276613
00032,/Users/nikko/Downloads/moi-main/project_root/data/temp_frames/video15/frame_00032.png,"[794, 550, 1592, 1065]",LEFT_EYE,1.2213729631898855,0.7311910434638076,0.9999388456344604,0.4670511558651924,0.2505057193338871,0.31479829909276613
00032,/Users/nikko/Downloads/moi-main/project_root/data/temp_frames/video15/frame_00032.png,"[794, 550, 1592, 1065]",RIGHT_EYE,1.109025363752668,0.6819987689656797,0.9999779462814331,0.4670511558651924,0.2505057193338871,0.31479829909276613
00033,/Users/nikko/Downloads/moi-main/project_root/data/temp_frames/video15/frame_00033.png,"[794, 550, 1592, 1065]",LEFT_SHOULDER,0.8345084751361331,0.016257294815487464,0.999876856803894,0.4663139283657074,0.2502647638320923,0.31786734238580905
00033,/Users/nikko/Downloads/moi-main/project_root/data/temp_frames/video15/frame_00033.png,"[794, 550, 1592, 1065]",RIGHT_SHOULDER,0.05874023380503309,0.25216686444283964,0.99970942735672,0.4663139283657074,0.2502647638320923,0.31786734238580905
00033,/Users/nikko/Downloads/moi-main/project_root/data/temp_frames/video15/frame_00033.png,"[794, 550, 1592, 1065]",LEFT_HIP,-0.26119829903254815,-0.16897093312707076,0.9996771812438965,0.4663139283657074,0.2502647638320923,0.31786734238580905
00033,/Users/nikko/Downloads/moi-main/project_root/data/temp_frames/video15/frame_00033.png,"[794, 550, 1592, 1065]",RIGHT_HIP,-0.6320504099086182,-0.09945322613125634,0.999817430973053,0.4663139283657074,0.2502647638320923,0.31786734238580905
00033,/Users/nikko/Downloads/moi-main/project_root/data/temp_frames/video15/frame_00033.png,"[794, 550, 1592, 1065]",RIGHT_ELBOW,-0.7875983255606102,0.347831459642949,0.9726822376251221,0.4663139283657074,0.2502647638320923,0.31786734238580905
00033,/Users/nikko/Downloads/moi-main/project_root/data/temp_frames/video15/frame_00033.png,"[794, 550, 1592, 1065]",LEFT_WRIST,0.8865860476563014,1.3311302131969591,0.6544114351272583,0.4663139283657074,0.2502647638320923,0.31786734238580905
00033,/Users/nikko/Downloads/moi-main/project_root/data/temp_frames/video15/frame_00033.png,"[794, 550, 1592, 1065]",RIGHT_WRIST,-0.6146194636294444,1.672800424562536,0.9967309236526489,0.4663139283657074,0.2502647638320923,0.31786734238580905
00033,/Users/nikko/Downloads/moi-main/project_root/data/temp_frames/video15/frame_00033.png,"[794, 550, 1592, 1065]",RIGHT_KNEE,-1.0057375950605052,0.09105033918594413,0.5161922574043274,0.4663139283657074,0.2502647638320923,0.31786734238580905
00033,/Users/nikko/Downloads/moi-main/project_root/data/temp_frames/video15/frame_00033.png,"[794, 550, 1592, 1065]",RIGHT_ANKLE,-1.2993366860355755,0.09235243788603,0.550866425037384,0.4663139283657074,0.2502647638320923,0.31786734238580905
00033,/Users/nikko/Downloads/moi-main/project_root/data/temp_frames/video15/frame_00033.png,"[794, 550, 1592, 1065]",LEFT_EYE,1.2151846431833147,0.7307702679500075,0.999915361404419,0.4663139283657074,0.2502647638320923,0.31786734238580905
00033,/Users/nikko/Downloads/moi-main/project_root/data/temp_frames/video15/frame_00033.png,"[794, 550, 1592, 1065]",RIGHT_EYE,1.107608676342047,0.6772066452860921,0.9999701976776123,0.4663139283657074,0.2502647638320923,0.31786734238580905
00034,/Users/nikko/Downloads/moi-main/project_root/data/temp_frames/video15/frame_00034.png,"[795, 567, 1590, 1068]",LEFT_SHOULDER,0.7700172717100264,0.0358692956946995,0.9999189376831055,0.4908268228173256,0.25575123727321625,0.32832260538706776
00034,/Users/nikko/Downloads/moi-main/project_root/data/temp_frames/video15/frame_00034.png,"[795, 567, 1590, 1068]",RIGHT_SHOULDER,0.14980384010740483,0.24892389216119026,0.9998431205749512,0.4908268228173256,0.25575123727321625,0.32832260538706776
00034,/Users/nikko/Downloads/moi-main/project_root/data/temp_frames/video15/frame_00034.png,"[795, 567, 1590, 1068]",LEFT_HIP,-0.2760047177485868,-0.1362862222967105,0.9997826218605042,0.4908268228173256,0.25575123727321625,0.32832260538706776
00034,/Users/nikko/Downloads/moi-main/project_root/data/temp_frames/video15/frame_00034.png,"[795, 567, 1590, 1068]",RIGHT_HIP,-0.6438163940688444,-0.14850696555917925,0.999882698059082,0.4908268228173256,0.25575123727321625,0.32832260538706776
00034,/Users/nikko/Downloads/moi-main/project_root/data/temp_frames/video15/frame_00034.png,"[795, 567, 1590, 1068]",RIGHT_ELBOW,-0.8062329512977794,0.3066929373312104,0.9909254312515259,0.4908268228173256,0.25575123727321625,0.32832260538706776
00034,/Users/nikko/Downloads/moi-main/project_root/data/temp_frames/video15/frame_00034.png,"[795, 567, 1590, 1068]",LEFT_WRIST,0.8425333206581265,1.2141407644468971,0.5522319078445435,0.4908268228173256,0.25575123727321625,0.32832260538706776
00034,/Users/nikko/Downloads/moi-main/project_root/data/temp_frames/video15/frame_00034.png,"[795, 567, 1590, 1068]",RIGHT_WRIST,-0.6591653034011272,1.554797159889329,0.9976345300674438,0.4908268228173256,0.25575123727321625,0.32832260538706776
00034,/Users/nikko/Downloads/moi-main/project_root/data/temp_frames/video15/frame_00034.png,"[795, 567, 1590, 1068]",LEFT_EYE,1.1358778154880447,0.794535891283476,0.9998273849487305,0.4908268228173256,0.25575123727321625,0.32832260538706776
00034,/Users/nikko/Downloads/moi-main/project_root/data/temp_frames/video15/frame_00034.png,"[795, 567, 1590, 1068]",RIGHT_EYE,1.012041398234233,0.7806839848768323,0.9999333620071411,0.4908268228173256,0.25575123727321625,0.32832260538706776
00035,/Users/nikko/Downloads/moi-main/project_root/data/temp_frames/video15/frame_00035.png,"[794, 595, 1594, 1067]",LEFT_SHOULDER,0.7266491258947994,0.056041708175395846,0.9999122619628906,0.5018604621291161,0.22909699752926826,0.35456842533617555
00035,/Users/nikko/Downloads/moi-main/project_root/data/temp_frames/video15/frame_00035.png,"[794, 595, 1594, 1067]",RIGHT_SHOULDER,0.10096517677291421,0.3369629397455071,0.9998200535774231,0.5018604621291161,0.22909699752926826,0.35456842533617555
00035,/Users/nikko/Downloads/moi-main/project_root/data/temp_frames/video15/frame_00035.png,"[794, 595, 1594, 1067]",LEFT_HIP,-0.23632730086108503,-0.23612077364048595,0.9998005032539368,0.5018604621291161,0.22909699752926826,0.35456842533617555
00035,/Users/nikko/Downloads/moi-main/project_root/data/temp_frames/video15/frame_00035.png,"[794, 595, 1594, 1067]",RIGHT_HIP,-0.5912870018066285,-0.156883874280417,0.9998947381973267,0.5018604621291161,0.22909699752926826,0.35456842533617555
00035,/Users/nikko/Downloads/moi-main/project_root/data/temp_frames/video15/frame_00035.png,"[794, 595, 1594, 1067]",RIGHT_ELBOW,-0.7616963234864398,0.25506221012086644,0.9680233001708984,0.5018604621291161,0.22909699752926826,0.35456842533617555
00035,/Users/nikko/Downloads/moi-main/project_root/data/temp_frames/video15/frame_00035.png,"[794, 595, 1594, 1067]",RIGHT_WRIST,-0.6263460087585963,1.5140062542896169,0.9931690692901611,0.5018604621291161,0.22909699752926826,0.35456842533617555
00035,/Users/nikko/Downloads/moi-main/project_root/data/temp_frames/video15/frame_00035.png,"[794, 595, 1594, 1067]",LEFT_EYE,0.9994203018437406,0.879745767736593,0.9999624490737915,0.5018604621291161,0.22909699752926826,0.35456842533617555
00035,/Users/nikko/Downloads/moi-main/project_root/data/temp_frames/video15/frame_00035.png,"[794, 595, 1594, 1067]",RIGHT_EYE,0.9010603498087918,0.858207847966461,0.9999865293502808,0.5018604621291161,0.22909699752926826,0.35456842533617555
00036,/Users/nikko/Downloads/moi-main/project_root/data/temp_frames/video15/frame_00036.png,"[798, 614, 1598, 1070]",LEFT_SHOULDER,0.7393867630443773,0.07715751994410174,0.9996252059936523,0.512213870882988,0.22687263041734695,0.3630143637752132
00036,/Users/nikko/Downloads/moi-main/project_root/data/temp_frames/video15/frame_00036.png,"[798, 614, 1598, 1070]",RIGHT_SHOULDER,0.04179831990640946,0.3637363136159892,0.9994072914123535,0.512213870882988,0.22687263041734695,0.3630143637752132
00036,/Users/nikko/Downloads/moi-main/project_root/data/temp_frames/video15/frame_00036.png,"[798, 614, 1598, 1070]",LEFT_HIP,-0.22088110630050622,-0.25744643166835196,0.9995713829994202,0.512213870882988,0.22687263041734695,0.3630143637752132
00036,/Users/nikko/Downloads/moi-main/project_root/data/temp_frames/video15/frame_00036.png,"[798, 614, 1598, 1070]",RIGHT_HIP,-0.5603039766502806,-0.18344740189173897,0.9998015761375427,0.512213870882988,0.22687263041734695,0.3630143637752132
00036,/Users/nikko/Downloads/moi-main/project_root/data/temp_frames/video15/frame_00036.png,"[798, 614, 1598, 1070]",RIGHT_ELBOW,-0.7886036383243921,0.1813422343609586,0.9080883860588074,0.512213870882988,0.22687263041734695,0.3630143637752132
00036,/Users/nikko/Downloads/moi-main/project_root/data/temp_frames/video15/frame_00036.png,"[798, 614, 1598, 1070]",RIGHT_WRIST,-0.6502368485007569,1.4431223897835592,0.9786874651908875,0.512213870882988,0.22687263041734695,0.3630143637752132
00036,/Users/nikko/Downloads/moi-main/project_root/data/temp_frames/video15/frame_00036.png,"[798, 614, 1598, 1070]",LEFT_EYE,0.900796650572,0.887526952705341,0.998798131942749,0.512213870882988,0.22687263041734695,0.3630143637752132
00036,/Users/nikko/Downloads/moi-main/project_root/data/temp_frames/video15/frame_00036.png,"[798, 614, 1598, 1070]",RIGHT_EYE,0.7816593972886666,0.8286236386373097,0.9996163845062256,0.512213870882988,0.22687263041734695,0.3630143637752132
00037,/Users/nikko/Downloads/moi-main/project_root/data/temp_frames/video15/frame_00037.png,"[801, 624, 1598, 1073]",LEFT_SHOULDER,0.6817193700771375,0.06912448147927769,0.9999549388885498,0.5220265090465546,0.25830649212002754,0.39950690083566587
00037,/Users/nikko/Downloads/moi-main/project_root/data/temp_frames/video15/frame_00037.png,"[801, 624, 1598, 1073]",RIGHT_SHOULDER,5.736568221524873e-05,0.4384563062348115,0.9999159574508667,0.5220265090465546,0.25830649212002754,0.39950690083566587
00037,/Users/nikko/Downloads/moi-main/project_root/data/temp_frames/video15/frame_00037.png,"[801, 624, 1598, 1073]",LEFT_HIP,-0.17913430151890314,-0.3314849930837182,0.9999161958694458,0.5220265090465546,0.25830649212002754,0.39950690083566587
00037,/Users/nikko/Downloads/moi-main/project_root/data/temp_frames/video15/frame_00037.png,"[801, 624, 1598, 1073]",RIGHT_HIP,-0.5026424342404495,-0.17609579463037098,0.9999643564224243,0.5220265090465546,0.25830649212002754,0.39950690083566587
00037,/Users/nikko/Downloads/moi-main/project_root/data/temp_frames/video15/frame_00037.png,"[801, 624, 1598, 1073]",RIGHT_ELBOW,-0.7219489756230605,0.12514919424914112,0.9238874316215515,0.5220265090465546,0.25830649212002754,0.39950690083566587
00037,/Users/nikko/Downloads/moi-main/project_root/data/temp_frames/video15/frame_00037.png,"[801, 624, 1598, 1073]",RIGHT_WRIST,-0.6296923515984512,1.2076765435451584,0.9938607215881348,0.5220265090465546,0.25830649212002754,0.39950690083566587
00037,/Users/nikko/Downloads/moi-main/project_root/data/temp_frames/video15/frame_00037.png,"[801, 624, 1598, 1073]",RIGHT_KNEE,-0.9376364063780086,-0.17510554658282051,0.7377305626869202,0.5220265090465546,0.25830649212002754,0.39950690083566587
00037,/Users/nikko/Downloads/moi-main/project_root/data/temp_frames/video15/frame_00037.png,"[801, 624, 1598, 1073]",RIGHT_ANKLE,-1.1746450629552234,-0.25655276778923086,0.7710807919502258,0.5220265090465546,0.25830649212002754,0.39950690083566587
00037,/Users/nikko/Downloads/moi-main/project_root/data/temp_frames/video15/frame_00037.png,"[801, 624, 1598, 1073]",LEFT_EYE,0.821955859970259,0.8275079758901097,0.9999783039093018,0.5220265090465546,0.25830649212002754,0.39950690083566587
00037,/Users/nikko/Downloads/moi-main/project_root/data/temp_frames/video15/frame_00037.png,"[801, 624, 1598, 1073]",RIGHT_EYE,0.7408586887817876,0.7669137023533057,0.9999946355819702,0.5220265090465546,0.25830649212002754,0.39950690083566587
00038,/Users/nikko/Downloads/moi-main/project_root/data/temp_frames/video15/frame_00038.png,"[801, 633, 1603, 1075]",LEFT_SHOULDER,0.6556010339475327,0.06828281948941277,0.9999865293502808,0.5411295741796494,0.2949065640568733,0.3766594168195684
00038,/Users/nikko/Downloads/moi-main/project_root/data/temp_frames/video15/frame_00038.png,"[801, 633, 1603, 1075]",RIGHT_SHOULDER,-0.0743837162655266,0.48785294795227585,0.9999620914459229,0.5411295741796494,0.2949065640568733,0.3766594168195684
00038,/Users/nikko/Downloads/moi-main/project_root/data/temp_frames/video15/frame_00038.png,"[801, 633, 1603, 1075]",LEFT_HIP,-0.12510431552135948,-0.37025053565575816,0.9999767541885376,0.5411295741796494,0.2949065640568733,0.3766594168195684
00038,/Users/nikko/Downloads/moi-main/project_root/data/temp_frames/video15/frame_00038.png,"[801, 633, 1603, 1075]",RIGHT_HIP,-0.4561130021606466,-0.18588523178593044,0.9999874830245972,0.5411295741796494,0.2949065640568733,0.3766594168195684
00038,/Users/nikko/Downloads/moi-main/project_root/data/temp_frames/video15/frame_00038.png,"[801, 633, 1603, 1075]",RIGHT_ELBOW,-0.6872365970739363,0.48118013228291406,0.9701541066169739,0.5411295741796494,0.2949065640568733,0.3766594168195684
00038,/Users/nikko/Downloads/moi-main/project_root/data/temp_frames/video15/frame_00038.png,"[801, 633, 1603, 1075]",LEFT_WRIST,0.7232715423886111,0.6412564978880908,0.6843305826187134,0.5411295741796494,0.2949065640568733,0.3766594168195684
00038,/Users/nikko/Downloads/moi-main/project_root/data/temp_frames/video15/frame_00038.png,"[801, 633, 1603, 1075]",RIGHT_WRIST,-0.722199508482117,1.1704242708944192,0.9844136238098145,0.5411295741796494,0.2949065640568733,0.3766594168195684
00038,/Users/nikko/Downloads/moi-main/project_root/data/temp_frames/video15/frame_00038.png,"[801, 633, 1603, 1075]",RIGHT_KNEE,-0.9689932815005994,-0.2876910674116325,0.796019434928894,0.5411295741796494,0.2949065640568733,0.3766594168195684
00038,/Users/nikko/Downloads/moi-main/project_root/data/temp_frames/video15/frame_00038.png,"[801, 633, 1603, 1075]",RIGHT_ANKLE,-1.225243665076676,-0.4216641709280485,0.924563467502594,0.5411295741796494,0.2949065640568733,0.3766594168195684
00038,/Users/nikko/Downloads/moi-main/project_root/data/temp_frames/video15/frame_00038.png,"[801, 633, 1603, 1075]",LEFT_EYE,0.7408364725757889,0.8489506647829651,0.9999988079071045,0.5411295741796494,0.2949065640568733,0.3766594168195684
00038,/Users/nikko/Downloads/moi-main/project_root/data/temp_frames/video15/frame_00038.png,"[801, 633, 1603, 1075]",RIGHT_EYE,0.662687740632089,0.8124165341471543,0.9999996423721313,0.5411295741796494,0.2949065640568733,0.3766594168195684
00039,/Users/nikko/Downloads/moi-main/project_root/data/temp_frames/video15/frame_00039.png,"[799, 639, 1602, 1071]",LEFT_SHOULDER,0.6505720714219212,0.0554373726390773,0.9999980926513672,0.5470841377973557,0.3165305219590664,0.3147251415065946
00039,/Users/nikko/Downloads/moi-main/project_root/data/temp_frames/video15/frame_00039.png,"[799, 639, 1602, 1071]",RIGHT_SHOULDER,0.04288222967860919,0.44676496049869924,0.9999964237213135,0.5470841377973557,0.3165305219590664,0.3147251415065946
00039,/Users/nikko/Downloads/moi-main/project_root/data/temp_frames/video15/frame_00039.png,"[799, 639, 1602, 1071]",LEFT_HIP,-0.2018467846848212,-0.3571723638950591,0.9999903440475464,0.5470841377973557,0.3165305219590664,0.3147251415065946
00039,/Users/nikko/Downloads/moi-main/project_root/data/temp_frames/video15/frame_00039.png,"[799, 639, 1602, 1071]",RIGHT_HIP,-0.49160751641570916,-0.14502996924271747,0.9999963045120239,0.5470841377973557,0.3165305219590664,0.3147251415065946
00039,/Users/nikko/Downloads/moi-main/project_root/data/temp_frames/video15/frame_00039.png,"[799, 639, 1602, 1071]",RIGHT_ELBOW,-0.7290046277516653,0.48401536103788184,0.9592112302780151,0.5470841377973557,0.3165305219590664,0.3147251415065946
00039,/Users/nikko/Downloads/moi-main/project_root/data/temp_frames/video15/frame_00039.png,"[799, 639, 1602, 1071]",RIGHT_WRIST,-0.8636592672115339,1.3417685676799178,0.9949327111244202,0.5470841377973557,0.3165305219590664,0.3147251415065946
00039,/Users/nikko/Downloads/moi-main/project_root/data/temp_frames/video15/frame_00039.png,"[799, 639, 1602, 1071]",RIGHT_KNEE,-1.0804577725449265,-0.24338620598185037,0.6186670660972595,0.5470841377973557,0.3165305219590664,0.3147251415065946
00039,/Users/nikko/Downloads/moi-main/project_root/data/temp_frames/video15/frame_00039.png,"[799, 639, 1602, 1071]",LEFT_ANKLE,-1.042733622059388,-0.4974209552250073,0.5976709127426147,0.5470841377973557,0.3165305219590664,0.3147251415065946
00039,/Users/nikko/Downloads/moi-main/project_root/data/temp_frames/video15/frame_00039.png,"[799, 639, 1602, 1071]",RIGHT_ANKLE,-1.5171121653735116,-0.5940001798727317,0.9677285552024841,0.5470841377973557,0.3165305219590664,0.3147251415065946
00039,/Users/nikko/Downloads/moi-main/project_root/data/temp_frames/video15/frame_00039.png,"[799, 639, 1602, 1071]",LEFT_EYE,0.8603197230663934,1.0536145897147242,0.9999998807907104,0.5470841377973557,0.3165305219590664,0.3147251415065946
00039,/Users/nikko/Downloads/moi-main/project_root/data/temp_frames/video15/frame_00039.png,"[799, 639, 1602, 1071]",RIGHT_EYE,0.7928360649072299,0.9443221910368286,1.0,0.5470841377973557,0.3165305219590664,0.3147251415065946
00040,/Users/nikko/Downloads/moi-main/project_root/data/temp_frames/video15/frame_00040.png,"[792, 621, 1604, 1057]",LEFT_SHOULDER,0.6074181828993865,0.0682161634552668,0.9999905824661255,0.5500914826989174,0.3844893202185631,0.37154919688085575
00040,/Users/nikko/Downloads/moi-main/project_root/data/temp_frames/video15/frame_00040.png,"[792, 621, 1604, 1057]",RIGHT_SHOULDER,0.10432694271618081,0.454890160784082,0.9999895095825195,0.5500914826989174,0.3844893202185631,0.37154919688085575
00040,/Users/nikko/Downloads/moi-main/project_root/data/temp_frames/video15/frame_00040.png,"[792, 621, 1604, 1057]",LEFT_HIP,-0.22652671488956613,-0.36505663894013757,0.9999661445617676,0.5500914826989174,0.3844893202185631,0.37154919688085575
00040,/Users/nikko/Downloads/moi-main/project_root/data/temp_frames/video15/frame_00040.png,"[792, 621, 1604, 1057]",RIGHT_HIP,-0.48521841072600114,-0.15804968529921126,0.9999881982803345,0.5500914826989174,0.3844893202185631,0.37154919688085575
00040,/Users/nikko/Downloads/moi-main/project_root/data/temp_frames/video15/frame_00040.png,"[792, 621, 1604, 1057]",RIGHT_ELBOW,-0.5797541003012701,0.27614762876443044,0.9445469379425049,0.5500914826989174,0.3844893202185631,0.37154919688085575
00040,/Users/nikko/Downloads/moi-main/project_root/data/temp_frames/video15/frame_00040.png,"[792, 621, 1604, 1057]",RIGHT_WRIST,-0.7342155678015327,1.0203114225799221,0.9915299415588379,0.5500914826989174,0.3844893202185631,0.37154919688085575
00040,/Users/nikko/Downloads/moi-main/project_root/data/temp_frames/video15/frame_00040.png,"[792, 621, 1604, 1057]",RIGHT_ANKLE,-1.2881478310139907,-0.594181527595939,0.7160011529922485,0.5500914826989174,0.3844893202185631,0.37154919688085575
00040,/Users/nikko/Downloads/moi-main/project_root/data/temp_frames/video15/frame_00040.png,"[792, 621, 1604, 1057]",LEFT_EYE,0.8211430461143093,1.0740450738552032,0.9999996423721313,0.5500914826989174,0.3844893202185631,0.37154919688085575
00040,/Users/nikko/Downloads/moi-main/project_root/data/temp_frames/video15/frame_00040.png,"[792, 621, 1604, 1057]",RIGHT_EYE,0.7770618228394056,0.9812775549561988,0.9999998807907104,0.5500914826989174,0.3844893202185631,0.37154919688085575
00041,/Users/nikko/Downloads/moi-main/project_root/data/temp_frames/video15/frame_00041.png,"[789, 633, 1605, 1056]",LEFT_SHOULDER,0.6641281945021481,0.017934751310743152,0.9999803304672241,0.5572043657302856,0.38253604620695114,0.3720784719986232
00041,/Users/nikko/Downloads/moi-main/project_root/data/temp_frames/video15/frame_00041.png,"[789, 633, 1605, 1056]",RIGHT_SHOULDER,0.049102907856248906,0.457696143810801,0.9999778270721436,0.5572043657302856,0.38253604620695114,0.3720784719986232
00041,/Users/nikko/Downloads/moi-main/project_root/data/temp_frames/video15/frame_00041.png,"[789, 633, 1605, 1056]",LEFT_HIP,-0.21837587623490884,-0.3270960686340241,0.9998328685760498,0.5572043657302856,0.38253604620695114,0.3720784719986232
00041,/Users/nikko/Downloads/moi-main/project_root/data/temp_frames/video15/frame_00041.png,"[789, 633, 1605, 1056]",RIGHT_HIP,-0.4948552261234882,-0.1485348264875201,0.9999394416809082,0.5572043657302856,0.38253604620695114,0.3720784719986232
00041,/Users/nikko/Downloads/moi-main/project_root/data/temp_frames/video15/frame_00041.png,"[789, 633, 1605, 1056]",RIGHT_ELBOW,-0.640114671177965,0.2465694351324294,0.8006125092506409,0.5572043657302856,0.38253604620695114,0.3720784719986232
00041,/Users/nikko/Downloads/moi-main/project_root/data/temp_frames/video15/frame_00041.png,"[789, 633, 1605, 1056]",RIGHT_WRIST,-0.7384583336101446,1.0315080646624248,0.9880446791648865,0.5572043657302856,0.38253604620695114,0.3720784719986232
00041,/Users/nikko/Downloads/moi-main/project_root/data/temp_frames/video15/frame_00041.png,"[789, 633, 1605, 1056]",LEFT_EYE,0.79248808026613,1.0104111888980865,0.9999083280563354,0.5572043657302856,0.38253604620695114,0.3720784719986232
00041,/Users/nikko/Downloads/moi-main/project_root/data/temp_frames/video15/frame_00041.png,"[789, 633, 1605, 1056]",RIGHT_EYE,0.7149901898991591,0.9587062540019871,0.9999748468399048,0.5572043657302856,0.38253604620695114,0.3720784719986232
00042,/Users/nikko/Downloads/moi-main/project_root/data/temp_frames/video15/frame_00042.png,"[786, 642, 1605, 1055]",LEFT_SHOULDER,0.6261180507092194,-0.08256895178971219,0.9999834299087524,0.5490492731332779,0.3775928020477295,0.3762705564823561
00042,/Users/nikko/Downloads/moi-main/project_root/data/temp_frames/video15/frame_00042.png,"[786, 642, 1605, 1055]",RIGHT_SHOULDER,0.07968570987235278,0.5124326990976079,0.9999817609786987,0.5490492731332779,0.3775928020477295,0.3762705564823561
00042,/Users/nikko/Downloads/moi-main/project_root/data/temp_frames/video15/frame_00042.png,"[786, 642, 1605, 1055]",LEFT_HIP,-0.22315231100022734,-0.3255414372016139,0.9998973608016968,0.5490492731332779,0.3775928020477295,0.3762705564823561
00042,/Users/nikko/Downloads/moi-main/project_root/data/temp_frames/video15/frame_00042.png,"[786, 642, 1605, 1055]",RIGHT_HIP,-0.48265144958134487,-0.1043223101062818,0.9999642372131348,0.5490492731332779,0.3775928020477295,0.3762705564823561
00042,/Users/nikko/Downloads/moi-main/project_root/data/temp_frames/video15/frame_00042.png,"[786, 642, 1605, 1055]",RIGHT_ELBOW,-0.606731164530741,0.22200491496875074,0.9522625207901001,0.5490492731332779,0.3775928020477295,0.3762705564823561
00042,/Users/nikko/Downloads/moi-main/project_root/data/temp_frames/video15/frame_00042.png,"[786, 642, 1605, 1055]",RIGHT_WRIST,-0.7126347925377187,0.9975881594363557,0.986700713634491,0.5490492731332779,0.3775928020477295,0.3762705564823561
00042,/Users/nikko/Downloads/moi-main/project_root/data/temp_frames/video15/frame_00042.png,"[786, 642, 1605, 1055]",LEFT_EYE,0.8077168677204403,1.0742080610121303,0.9999631643295288,0.5490492731332779,0.3775928020477295,0.3762705564823561
00042,/Users/nikko/Downloads/moi-main/project_root/data/temp_frames/video15/frame_00042.png,"[786, 642, 1605, 1055]",RIGHT_EYE,0.727596602342845,0.9711457361382185,0.9999880790710449,0.5490492731332779,0.3775928020477295,0.3762705564823561
00043,/Users/nikko/Downloads/moi-main/project_root/data/temp_frames/video15/frame_00043.png,"[785, 643, 1604, 1054]",LEFT_SHOULDER,0.6174704025582356,0.0497679049104954,0.9999728202819824,0.5531127601861954,0.3857688680291176,0.3846618095097305
00043,/Users/nikko/Downloads/moi-main/project_root/data/temp_frames/video15/frame_00043.png,"[785, 643, 1604, 1054]",RIGHT_SHOULDER,0.05366201875345504,0.4796402490549361,0.9999808073043823,0.5531127601861954,0.3857688680291176,0.3846618095097305
00043,/Users/nikko/Downloads/moi-main/project_root/data/temp_frames/video15/frame_00043.png,"[785, 643, 1604, 1054]",LEFT_HIP,-0.18493293787811976,-0.3624671040037109,0.9998538494110107,0.5531127601861954,0.3857688680291176,0.3846618095097305
00043,/Users/nikko/Downloads/moi-main/project_root/data/temp_frames/video15/frame_00043.png,"[785, 643, 1604, 1054]",RIGHT_HIP,-0.48619948343357083,-0.1669410499617206,0.9999531507492065,0.5531127601861954,0.3857688680291176,0.3846618095097305
00043,/Users/nikko/Downloads/moi-main/project_root/data/temp_frames/video15/frame_00043.png,"[785, 643, 1604, 1054]",RIGHT_ELBOW,-0.6140916442640761,0.1912778330038127,0.8924893140792847,0.5531127601861954,0.3857688680291176,0.3846618095097305
00043,/Users/nikko/Downloads/moi-main/project_root/data/temp_frames/video15/frame_00043.png,"[785, 643, 1604, 1054]",RIGHT_WRIST,-0.6981326204023569,1.0010643917479007,0.9948623776435852,0.5531127601861954,0.3857688680291176,0.3846618095097305
00043,/Users/nikko/Downloads/moi-main/project_root/data/temp_frames/video15/frame_00043.png,"[785, 643, 1604, 1054]",LEFT_EYE,0.7564719454524769,1.0694037876657976,0.9999029636383057,0.5531127601861954,0.3857688680291176,0.3846618095097305
00043,/Users/nikko/Downloads/moi-main/project_root/data/temp_frames/video15/frame_00043.png,"[785, 643, 1604, 1054]",RIGHT_EYE,0.6886982842987156,1.0099173427967525,0.999975323677063,0.5531127601861954,0.3857688680291176,0.3846618095097305
00044,/Users/nikko/Downloads/moi-main/project_root/data/temp_frames/video15/frame_00044.png,"[783, 644, 1604, 1054]",LEFT_SHOULDER,0.6144665118674827,-0.04383106676940617,0.9999454021453857,0.5463489890098572,0.38636649399995804,0.3878601703573888
00044,/Users/nikko/Downloads/moi-main/project_root/data/temp_frames/video15/frame_00044.png,"[783, 644, 1604, 1054]",RIGHT_SHOULDER,0.077735265999089,0.5037212465419059,0.999964714050293,0.5463489890098572,0.38636649399995804,0.3878601703573888
00044,/Users/nikko/Downloads/moi-main/project_root/data/temp_frames/video15/frame_00044.png,"[783, 644, 1604, 1054]",LEFT_HIP,-0.20374072980580663,-0.3456851388042879,0.9997970461845398,0.5463489890098572,0.38636649399995804,0.3878601703573888
00044,/Users/nikko/Downloads/moi-main/project_root/data/temp_frames/video15/frame_00044.png,"[783, 644, 1604, 1054]",RIGHT_HIP,-0.488461048060765,-0.11420504096821177,0.9999351501464844,0.5463489890098572,0.38636649399995804,0.3878601703573888
00044,/Users/nikko/Downloads/moi-main/project_root/data/temp_frames/video15/frame_00044.png,"[783, 644, 1604, 1054]",RIGHT_ELBOW,-0.5992713757939062,0.20194478068551838,0.8773758411407471,0.5463489890098572,0.38636649399995804,0.3878601703573888
00044,/Users/nikko/Downloads/moi-main/project_root/data/temp_frames/video15/frame_00044.png,"[783, 644, 1604, 1054]",RIGHT_WRIST,-0.6799529104149596,0.9481020620557278,0.9872913956642151,0.5463489890098572,0.38636649399995804,0.3878601703573888
00044,/Users/nikko/Downloads/moi-main/project_root/data/temp_frames/video15/frame_00044.png,"[783, 644, 1604, 1054]",LEFT_EYE,0.7862767558153269,1.0528751669666183,0.9997016787528992,0.5463489890098572,0.38636649399995804,0.3878601703573888
00044,/Users/nikko/Downloads/moi-main/project_root/data/temp_frames/video15/frame_00044.png,"[783, 644, 1604, 1054]",RIGHT_EYE,0.7170770937214003,0.984787962548177,0.9999188184738159,0.5463489890098572,0.38636649399995804,0.3878601703573888
00045,/Users/nikko/Downloads/moi-main/project_root/data/temp_frames/video15/frame_00045.png,"[782, 647, 1605, 1054]",LEFT_SHOULDER,0.5937629187169092,-0.0598738728835146,0.9999139308929443,0.5476167947053909,0.3801134377717972,0.3886159115185899
00045,/Users/nikko/Downloads/moi-main/project_root/data/temp_frames/video15/frame_00045.png,"[782, 647, 1605, 1054]",RIGHT_SHOULDER,0.09595245527804241,0.5144149918458667,0.9999369382858276,0.5476167947053909,0.3801134377717972,0.3886159115185899
00045,/Users/nikko/Downloads/moi-main/project_root/data/temp_frames/video15/frame_00045.png,"[782, 647, 1605, 1054]",LEFT_HIP,-0.2028979972564625,-0.35428192128554786,0.9998389482498169,0.5476167947053909,0.3801134377717972,0.3886159115185899
00045,/Users/nikko/Downloads/moi-main/project_root/data/temp_frames/video15/frame_00045.png,"[782, 647, 1605, 1054]",RIGHT_HIP,-0.48681737673848907,-0.10025919767680423,0.9999481439590454,0.5476167947053909,0.3801134377717972,0.3886159115185899
00045,/Users/nikko/Downloads/moi-main/project_root/data/temp_frames/video15/frame_00045.png,"[782, 647, 1605, 1054]",RIGHT_ELBOW,-0.5738649697417719,0.2059881552891573,0.9295720458030701,0.5476167947053909,0.3801134377717972,0.3886159115185899
00045,/Users/nikko/Downloads/moi-main/project_root/data/temp_frames/video15/frame_00045.png,"[782, 647, 1605, 1054]",RIGHT_WRIST,-0.6762612806826566,1.0031883439089095,0.9701944589614868,0.5476167947053909,0.3801134377717972,0.3886159115185899
00045,/Users/nikko/Downloads/moi-main/project_root/data/temp_frames/video15/frame_00045.png,"[782, 647, 1605, 1054]",LEFT_EYE,0.7838640420267596,1.0437463709205794,0.9994626641273499,0.5476167947053909,0.3801134377717972,0.3886159115185899
00045,/Users/nikko/Downloads/moi-main/project_root/data/temp_frames/video15/frame_00045.png,"[782, 647, 1605, 1054]",RIGHT_EYE,0.7336816240707246,1.0022098002559208,0.9998154044151306,0.5476167947053909,0.3801134377717972,0.3886159115185899
00046,/Users/nikko/Downloads/moi-main/project_root/data/temp_frames/video15/frame_00046.png,"[781, 649, 1606, 1054]",LEFT_SHOULDER,0.6170828798049963,-0.0337262745045714,0.9999614953994751,0.5391245409846306,0.36640462651848793,0.39192229074993823
00046,/Users/nikko/Downloads/moi-main/project_root/data/temp_frames/video15/frame_00046.png,"[781, 649, 1606, 1054]",RIGHT_SHOULDER,0.08304559990993994,0.5026801514641475,0.9999779462814331,0.5391245409846306,0.36640462651848793,0.39192229074993823
00046,/Users/nikko/Downloads/moi-main/project_root/data/temp_frames/video15/frame_00046.png,"[781, 649, 1606, 1054]",LEFT_HIP,-0.21325818270785984,-0.33847259234516675,0.9998202919960022,0.5391245409846306,0.36640462651848793,0.39192229074993823
00046,/Users/nikko/Downloads/moi-main/project_root/data/temp_frames/video15/frame_00046.png,"[781, 649, 1606, 1054]",RIGHT_HIP,-0.4868702970070764,-0.13048128461440936,0.9999457597732544,0.5391245409846306,0.36640462651848793,0.39192229074993823
00046,/Users/nikko/Downloads/moi-main/project_root/data/temp_frames/video15/frame_00046.png,"[781, 649, 1606, 1054]",RIGHT_ELBOW,-0.5674850622519988,0.14854839972005196,0.9545915722846985,0.5391245409846306,0.36640462651848793,0.39192229074993823
00046,/Users/nikko/Downloads/moi-main/project_root/data/temp_frames/video15/frame_00046.png,"[781, 649, 1606, 1054]",RIGHT_WRIST,-0.6391506664005931,1.0317601399599803,0.9950242638587952,0.5391245409846306,0.36640462651848793,0.39192229074993823
00046,/Users/nikko/Downloads/moi-main/project_root/data/temp_frames/video15/frame_00046.png,"[781, 649, 1606, 1054]",LEFT_EYE,0.7831919873762033,1.1304699465172328,0.99996018409729,0.5391245409846306,0.36640462651848793,0.39192229074993823
00046,/Users/nikko/Downloads/moi-main/project_root/data/temp_frames/video15/frame_00046.png,"[781, 649, 1606, 1054]",RIGHT_EYE,0.7109249717403642,1.0502207123153229,0.9999887943267822,0.5391245409846306,0.36640462651848793,0.39192229074993823
00047,/Users/nikko/Downloads/moi-main/project_root/data/temp_frames/video15/frame_00047.png,"[781, 650, 1608, 1055]",LEFT_SHOULDER,0.6099912172674296,-0.08181541894149022,0.9998621940612793,0.5400320813059807,0.36493146046996117,0.4009547004538954
00047,/Users/nikko/Downloads/moi-main/project_root/data/temp_frames/video15/frame_00047.png,"[781, 650, 1608, 1055]",RIGHT_SHOULDER,0.08650757588368142,0.5074865432168648,0.9999042749404907,0.5400320813059807,0.36493146046996117,0.4009547004538954
00047,/Users/nikko/Downloads/moi-main/project_root/data/temp_frames/video15/frame_00047.png,"[781, 650, 1608, 1055]",LEFT_HIP,-0.21123587554862477,-0.34685909309653284,0.9997809529304504,0.5400320813059807,0.36493146046996117,0.4009547004538954
00047,/Users/nikko/Downloads/moi-main/project_root/data/temp_frames/video15/frame_00047.png,"[781, 650, 1608, 1055]",RIGHT_HIP,-0.48526291760248624,-0.07881203117884178,0.9999312162399292,0.5400320813059807,0.36493146046996117,0.4009547004538954
00047,/Users/nikko/Downloads/moi-main/project_root/data/temp_frames/video15/frame_00047.png,"[781, 650, 1608, 1055]",RIGHT_ELBOW,-0.6946620082489003,-0.20755826413731363,0.9508389234542847,0.5400320813059807,0.36493146046996117,0.4009547004538954
00047,/Users/nikko/Downloads/moi-main/project_root/data/temp_frames/video15/frame_00047.png,"[781, 650, 1608, 1055]",RIGHT_WRIST,-0.6287205253112348,0.9976655599474356,0.9606495499610901,0.5400320813059807,0.36493146046996117,0.4009547004538954
00047,/Users/nikko/Downloads/moi-main/project_root/data/temp_frames/video15/frame_00047.png,"[781, 650, 1608, 1055]",LEFT_EYE,0.7919536876583648,1.0658321379444384,0.9995695948600769,0.5400320813059807,0.36493146046996117,0.4009547004538954
00047,/Users/nikko/Downloads/moi-main/project_root/data/temp_frames/video15/frame_00047.png,"[781, 650, 1608, 1055]",RIGHT_EYE,0.7089465521474184,1.0106189193201252,0.9998593330383301,0.5400320813059807,0.36493146046996117,0.4009547004538954
00048,/Users/nikko/Downloads/moi-main/project_root/data/temp_frames/video15/frame_00048.png,"[780, 650, 1605, 1056]",LEFT_SHOULDER,0.6361271886541153,0.028598581092024664,0.9998341798782349,0.5312604531645775,0.3238144777715206,0.3941939561005846
00048,/Users/nikko/Downloads/moi-main/project_root/data/temp_frames/video15/frame_00048.png,"[780, 650, 1605, 1056]",RIGHT_SHOULDER,0.0913890849744839,0.4726571957282309,0.9999525547027588,0.5312604531645775,0.3238144777715206,0.3941939561005846
00048,/Users/nikko/Downloads/moi-main/project_root/data/temp_frames/video15/frame_00048.png,"[780, 650, 1605, 1056]",LEFT_HIP,-0.19964752966906016,-0.28348305221539166,0.9997790455818176,0.5312604531645775,0.3238144777715206,0.3941939561005846
00048,/Users/nikko/Downloads/moi-main/project_root/data/temp_frames/video15/frame_00048.png,"[780, 650, 1605, 1056]",RIGHT_HIP,-0.5278687439595391,-0.21777272460486388,0.9999451637268066,0.5312604531645775,0.3238144777715206,0.3941939561005846
00048,/Users/nikko/Downloads/moi-main/project_root/data/temp_frames/video15/frame_00048.png,"[780, 650, 1605, 1056]",RIGHT_ELBOW,-0.6398689041614791,-0.15160571589713295,0.945469081401825,0.5312604531645775,0.3238144777715206,0.3941939561005846
00048,/Users/nikko/Downloads/moi-main/project_root/data/temp_frames/video15/frame_00048.png,"[780, 650, 1605, 1056]",RIGHT_WRIST,-0.6061643195636729,1.1238730242575623,0.9906746745109558,0.5312604531645775,0.3238144777715206,0.3941939561005846
00048,/Users/nikko/Downloads/moi-main/project_root/data/temp_frames/video15/frame_00048.png,"[780, 650, 1605, 1056]",LEFT_EYE,0.8374944830923758,1.1027345222435216,0.9999171495437622,0.5312604531645775,0.3238144777715206,0.3941939561005846
00048,/Users/nikko/Downloads/moi-main/project_root/data/temp_frames/video15/frame_00048.png,"[780, 650, 1605, 1056]",RIGHT_EYE,0.7674175795708118,1.0649634686157896,0.9999828338623047,0.5312604531645775,0.3238144777715206,0.3941939561005846
00049,/Users/nikko/Downloads/moi-main/project_root/data/temp_frames/video15/frame_00049.png,"[779, 653, 1606, 1057]",LEFT_SHOULDER,0.6317084852463571,0.016006488073939003,0.9999319314956665,0.5350240841507912,0.3013952113687992,0.3778275485503975
00049,/Users/nikko/Downloads/moi-main/project_root/data/temp_frames/video15/frame_00049.png,"[779, 653, 1606, 1057]",RIGHT_SHOULDER,0.08724508419478724,0.46795375560734837,0.9999771118164062,0.5350240841507912,0.3013952113687992,0.3778275485503975
00049,/Users/nikko/Downloads/moi-main/project_root/data/temp_frames/video15/frame_00049.png,"[779, 653, 1606, 1057]",LEFT_HIP,-0.20854419447428932,-0.322746394833469,0.9998254179954529,0.5350240841507912,0.3013952113687992,0.3778275485503975
00049,/Users/nikko/Downloads/moi-main/project_root/data/temp_frames/video15/frame_00049.png,"[779, 653, 1606, 1057]",RIGHT_HIP,-0.510409374966855,-0.1612138488478184,0.9999537467956543,0.5350240841507912,0.3013952113687992,0.3778275485503975
00049,/Users/nikko/Downloads/moi-main/project_root/data/temp_frames/video15/frame_00049.png,"[779, 653, 1606, 1057]",RIGHT_ELBOW,-0.5894576235968824,0.2725042145310612,0.9714146852493286,0.5350240841507912,0.3013952113687992,0.3778275485503975
00049,/Users/nikko/Downloads/moi-main/project_root/data/temp_frames/video15/frame_00049.png,"[779, 653, 1606, 1057]",RIGHT_WRIST,-0.6476812627886546,1.204812852884588,0.9985284805297852,0.5350240841507912,0.3013952113687992,0.3778275485503975
00049,/Users/nikko/Downloads/moi-main/project_root/data/temp_frames/video15/frame_00049.png,"[779, 653, 1606, 1057]",LEFT_EYE,0.8543329545240337,1.095237908586561,0.9999181032180786,0.5350240841507912,0.3013952113687992,0.3778275485503975
00049,/Users/nikko/Downloads/moi-main/project_root/data/temp_frames/video15/frame_00049.png,"[779, 653, 1606, 1057]",RIGHT_EYE,0.8048806398811172,1.0627764117939411,0.9999841451644897,0.5350240841507912,0.3013952113687992,0.3778275485503975
00050,/Users/nikko/Downloads/moi-main/project_root/data/temp_frames/video15/frame_00050.png,"[785, 656, 1604, 1072]",LEFT_SHOULDER,0.6710953979827097,0.06005573193650422,0.9999576807022095,0.529462642967701,0.2708326354622841,0.3675825153987716
00050,/Users/nikko/Downloads/moi-main/project_root/data/temp_frames/video15/frame_00050.png,"[785, 656, 1604, 1072]",RIGHT_SHOULDER,0.0867942107690533,0.42310339085765747,0.99997878074646,0.529462642967701,0.2708326354622841,0.3675825153987716
00050,/Users/nikko/Downloads/moi-main/project_root/data/temp_frames/video15/frame_00050.png,"[785, 656, 1604, 1072]",LEFT_HIP,-0.23387035705062004,-0.28497489323206443,0.9998893737792969,0.529462642967701,0.2708326354622841,0.3675825153987716
00050,/Users/nikko/Downloads/moi-main/project_root/data/temp_frames/video15/frame_00050.png,"[785, 656, 1604, 1072]",RIGHT_HIP,-0.5240192517011429,-0.19818422956209727,0.999968409538269,0.529462642967701,0.2708326354622841,0.3675825153987716
00050,/Users/nikko/Downloads/moi-main/project_root/data/temp_frames/video15/frame_00050.png,"[785, 656, 1604, 1072]",RIGHT_ELBOW,-0.7338834704798566,-0.04423173779950156,0.9831218123435974,0.529462642967701,0.2708326354622841,0.3675825153987716
00050,/Users/nikko/Downloads/moi-main/project_root/data/temp_frames/video15/frame_00050.png,"[785, 656, 1604, 1072]",RIGHT_WRIST,-0.6684835574453084,1.2397647830224205,0.9985539317131042,0.529462642967701,0.2708326354622841,0.3675825153987716
00050,/Users/nikko/Downloads/moi-main/project_root/data/temp_frames/video15/frame_00050.png,"[785, 656, 1604, 1072]",RIGHT_KNEE,-1.0122174848028005,-0.25832190962206075,0.5498747825622559,0.529462642967701,0.2708326354622841,0.3675825153987716
00050,/Users/nikko/Downloads/moi-main/project_root/data/temp_frames/video15/frame_00050.png,"[785, 656, 1604, 1072]",RIGHT_ANKLE,-1.255368634055567,-0.4429873338012731,0.5855344533920288,0.529462642967701,0.2708326354622841,0.3675825153987716
00050,/Users/nikko/Downloads/moi-main/project_root/data/temp_frames/video15/frame_00050.png,"[785, 656, 1604, 1072]",LEFT_EYE,0.9035720288603932,0.9910689503621225,0.9999948740005493,0.529462642967701,0.2708326354622841,0.3675825153987716
00050,/Users/nikko/Downloads/moi-main/project_root/data/temp_frames/video15/frame_00050.png,"[785, 656, 1604, 1072]",RIGHT_EYE,0.8612338541679131,0.9460918961026358,0.999998927116394,0.529462642967701,0.2708326354622841,0.3675825153987716
00051,/Users/nikko/Downloads/moi-main/project_root/data/temp_frames/video15/frame_00051.png,"[779, 615, 1600, 1068]",LEFT_SHOULDER,0.7208450406681643,0.01904021323139729,0.999951958656311,0.5352799668908119,0.30057093501091003,0.3480587400198501
00051,/Users/nikko/Downloads/moi-main/project_root/data/temp_frames/video15/frame_00051.png,"[779, 615, 1600, 1068]",RIGHT_SHOULDER,0.06373184981776728,0.38209976186987715,0.9999337196350098,0.5352799668908119,0.30057093501091003,0.3480587400198501
00051,/Users/nikko/Downloads/moi-main/project_root/data/temp_frames/video15/frame_00051.png,"[779, 615, 1600, 1068]",LEFT_HIP,-0.21682781434774034,-0.26097076974929234,0.9999054670333862,0.5352799668908119,0.30057093501091003,0.3480587400198501
00051,/Users/nikko/Downloads/moi-main/project_root/data/temp_frames/video15/frame_00051.png,"[779, 615, 1600, 1068]",RIGHT_HIP,-0.5677490761381913,-0.14016920535198213,0.999957799911499,0.5352799668908119,0.30057093501091003,0.3480587400198501
00051,/Users/nikko/Downloads/moi-main/project_root/data/temp_frames/video15/frame_00051.png,"[779, 615, 1600, 1068]",RIGHT_ELBOW,-0.8155786403881168,0.01566233046905801,0.9867002964019775,0.5352799668908119,0.30057093501091003,0.3480587400198501
00051,/Users/nikko/Downloads/moi-main/project_root/data/temp_frames/video15/frame_00051.png,"[779, 615, 1600, 1068]",RIGHT_WRIST,-0.7010981264132191,1.3246356549462903,0.9980145692825317,0.5352799668908119,0.30057093501091003,0.3480587400198501
00051,/Users/nikko/Downloads/moi-main/project_root/data/temp_frames/video15/frame_00051.png,"[779, 615, 1600, 1068]",RIGHT_KNEE,-1.0637536991106922,-0.1418699629009896,0.8273189663887024,0.5352799668908119,0.30057093501091003,0.3480587400198501
00051,/Users/nikko/Downloads/moi-main/project_root/data/temp_frames/video15/frame_00051.png,"[779, 615, 1600, 1068]",RIGHT_ANKLE,-1.327320900493541,-0.32769594172214017,0.8040860891342163,0.5352799668908119,0.30057093501091003,0.3480587400198501
00051,/Users/nikko/Downloads/moi-main/project_root/data/temp_frames/video15/frame_00051.png,"[779, 615, 1600, 1068]",LEFT_EYE,0.9621580739799253,0.9085142346415123,0.9999889135360718,0.5352799668908119,0.30057093501091003,0.3480587400198501
00051,/Users/nikko/Downloads/moi-main/project_root/data/temp_frames/video15/frame_00051.png,"[779, 615, 1600, 1068]",RIGHT_EYE,0.900382121030838,0.8697902551535786,0.9999970197677612,0.5352799668908119,0.30057093501091003,0.3480587400198501
00052,/Users/nikko/Downloads/moi-main/project_root/data/temp_frames/video15/frame_00052.png,"[778, 621, 1600, 1067]",LEFT_SHOULDER,0.7609439093234163,0.02740767015282638,0.9999058246612549,0.5089164525270462,0.26079418882727623,0.3277545988760622
00052,/Users/nikko/Downloads/moi-main/project_root/data/temp_frames/video15/frame_00052.png,"[778, 621, 1600, 1067]",RIGHT_SHOULDER,0.11287838347305491,0.30864271633113094,0.9998441934585571,0.5089164525270462,0.26079418882727623,0.3277545988760622
00052,/Users/nikko/Downloads/moi-main/project_root/data/temp_frames/video15/frame_00052.png,"[778, 621, 1600, 1067]",LEFT_HIP,-0.2442562705739158,-0.16834005683871195,0.9998237490653992,0.5089164525270462,0.26079418882727623,0.3277545988760622
00052,/Users/nikko/Downloads/moi-main/project_root/data/temp_frames/video15/frame_00052.png,"[778, 621, 1600, 1067]",RIGHT_HIP,-0.6295660222225554,-0.16771032964524538,0.9999160766601562,0.5089164525270462,0.26079418882727623,0.3277545988760622
00052,/Users/nikko/Downloads/moi-main/project_root/data/temp_frames/video15/frame_00052.png,"[778, 621, 1600, 1067]",RIGHT_ELBOW,-0.8142058452623975,0.05678375494261256,0.9909919500350952,0.5089164525270462,0.26079418882727623,0.3277545988760622
00052,/Users/nikko/Downloads/moi-main/project_root/data/temp_frames/video15/frame_00052.png,"[778, 621, 1600, 1067]",RIGHT_WRIST,-0.6647466359448565,1.5493619577301945,0.9978111386299133,0.5089164525270462,0.26079418882727623,0.3277545988760622
00052,/Users/nikko/Downloads/moi-main/project_root/data/temp_frames/video15/frame_00052.png,"[778, 621, 1600, 1067]",RIGHT_KNEE,-1.0787358670798173,-0.07567823041311876,0.7252014875411987,0.5089164525270462,0.26079418882727623,0.3277545988760622
00052,/Users/nikko/Downloads/moi-main/project_root/data/temp_frames/video15/frame_00052.png,"[778, 621, 1600, 1067]",RIGHT_ANKLE,-1.337459655050293,-0.23726929255617407,0.6412556767463684,0.5089164525270462,0.26079418882727623,0.3277545988760622
00052,/Users/nikko/Downloads/moi-main/project_root/data/temp_frames/video15/frame_00052.png,"[778, 621, 1600, 1067]",LEFT_EYE,1.071791364163548,0.9271280223040832,0.9998413324356079,0.5089164525270462,0.26079418882727623,0.3277545988760622
00052,/Users/nikko/Downloads/moi-main/project_root/data/temp_frames/video15/frame_00052.png,"[778, 621, 1600, 1067]",RIGHT_EYE,0.9565831582928904,0.8270390885178741,0.9999510049819946,0.5089164525270462,0.26079418882727623,0.3277545988760622
00053,/Users/nikko/Downloads/moi-main/project_root/data/temp_frames/video15/frame_00053.png,"[775, 615, 1601, 1069]",LEFT_SHOULDER,0.7469329033775924,0.06489880036918619,0.9997389912605286,0.49462075531482697,0.24598971754312515,0.34988561741994617
00053,/Users/nikko/Downloads/moi-main/project_root/data/temp_frames/video15/frame_00053.png,"[775, 615, 1601, 1069]",RIGHT_SHOULDER,0.13957902450465914,0.28028057973539683,0.9997374415397644,0.49462075531482697,0.24598971754312515,0.34988561741994617
00053,/Users/nikko/Downloads/moi-main/project_root/data/temp_frames/video15/frame_00053.png,"[775, 615, 1601, 1069]",LEFT_HIP,-0.26081626107827743,-0.1768672103431337,0.9996951818466187,0.49462075531482697,0.24598971754312515,0.34988561741994617
00053,/Users/nikko/Downloads/moi-main/project_root/data/temp_frames/video15/frame_00053.png,"[775, 615, 1601, 1069]",RIGHT_HIP,-0.6256956668039741,-0.1683121697614493,0.9998685121536255,0.49462075531482697,0.24598971754312515,0.34988561741994617
00053,/Users/nikko/Downloads/moi-main/project_root/data/temp_frames/video15/frame_00053.png,"[775, 615, 1601, 1069]",RIGHT_ELBOW,-0.7011976605164194,0.128126357658133,0.9727932214736938,0.49462075531482697,0.24598971754312515,0.34988561741994617
00053,/Users/nikko/Downloads/moi-main/project_root/data/temp_frames/video15/frame_00053.png,"[775, 615, 1601, 1069]",RIGHT_WRIST,-0.5623315702564555,1.4828537196435077,0.9945384860038757,0.49462075531482697,0.24598971754312515,0.34988561741994617
00053,/Users/nikko/Downloads/moi-main/project_root/data/temp_frames/video15/frame_00053.png,"[775, 615, 1601, 1069]",LEFT_EYE,1.0483494068539967,0.7445616730066834,0.9995393753051758,0.49462075531482697,0.24598971754312515,0.34988561741994617
00053,/Users/nikko/Downloads/moi-main/project_root/data/temp_frames/video15/frame_00053.png,"[775, 615, 1601, 1069]",RIGHT_EYE,0.940958000660061,0.658118012539407,0.999850869178772,0.49462075531482697,0.24598971754312515,0.34988561741994617
00054,/Users/nikko/Downloads/moi-main/project_root/data/temp_frames/video15/frame_00054.png,"[775, 615, 1601, 1069]",LEFT_SHOULDER,0.7443078166084318,0.05789883940453703,0.999745786190033,0.4950425773859024,0.2451166957616806,0.35225893037839046
00054,/Users/nikko/Downloads/moi-main/project_root/data/temp_frames/video15/frame_00054.png,"[775, 615, 1601, 1069]",RIGHT_SHOULDER,0.138927967156669,0.2867164118011604,0.9997381567955017,0.4950425773859024,0.2451166957616806,0.35225893037839046
00054,/Users/nikko/Downloads/moi-main/project_root/data/temp_frames/video15/frame_00054.png,"[775, 615, 1601, 1069]",LEFT_HIP,-0.26145119758104196,-0.18164074028922286,0.9996684789657593,0.4950425773859024,0.2451166957616806,0.35225893037839046
00054,/Users/nikko/Downloads/moi-main/project_root/data/temp_frames/video15/frame_00054.png,"[775, 615, 1601, 1069]",RIGHT_HIP,-0.621784586184059,-0.1629745109164746,0.9998571872711182,0.4950425773859024,0.2451166957616806,0.35225893037839046
00054,/Users/nikko/Downloads/moi-main/project_root/data/temp_frames/video15/frame_00054.png,"[775, 615, 1601, 1069]",RIGHT_ELBOW,-0.6983340456239894,0.13080146693834183,0.9667719006538391,0.4950425773859024,0.2451166957616806,0.35225893037839046
00054,/Users/nikko/Downloads/moi-main/project_root/data/temp_frames/video15/frame_00054.png,"[775, 615, 1601, 1069]",RIGHT_WRIST,-0.5591692310964539,1.4758966459797622,0.9940020442008972,0.4950425773859024,0.2451166957616806,0.35225893037839046
00054,/Users/nikko/Downloads/moi-main/project_root/data/temp_frames/video15/frame_00054.png,"[775, 615, 1601, 1069]",LEFT_EYE,1.0517264822165562,0.732197255114351,0.9996230602264404,0.4950425773859024,0.2451166957616806,0.35225893037839046
00054,/Users/nikko/Downloads/moi-main/project_root/data/temp_frames/video15/frame_00054.png,"[775, 615, 1601, 1069]",RIGHT_EYE,0.9405607579377796,0.6666539436734877,0.9998775720596313,0.4950425773859024,0.2451166957616806,0.35225893037839046
00055,/Users/nikko/Downloads/moi-main/project_root/data/temp_frames/video15/frame_00055.png,"[772, 554, 1598, 1073]",LEFT_SHOULDER,0.7635608860914973,-0.006846916469150886,0.999933123588562,0.4838341176509857,0.2969267815351486,0.32657380228599403
00055,/Users/nikko/Downloads/moi-main/project_root/data/temp_frames/video15/frame_00055.png,"[772, 554, 1598, 1073]",RIGHT_SHOULDER,0.21137701490878338,0.1636071139746997,0.999869704246521,0.4838341176509857,0.2969267815351486,0.32657380228599403
00055,/Users/nikko/Downloads/moi-main/project_root/data/temp_frames/video15/frame_00055.png,"[772, 554, 1598, 1073]",LEFT_HIP,-0.3333864317838226,-0.06963803691466565,0.999772846698761,0.4838341176509857,0.2969267815351486,0.32657380228599403
00055,/Users/nikko/Downloads/moi-main/project_root/data/temp_frames/video15/frame_00055.png,"[772, 554, 1598, 1073]",RIGHT_HIP,-0.6415514692164581,-0.08712216059088318,0.999871015548706,0.4838341176509857,0.2969267815351486,0.32657380228599403
00055,/Users/nikko/Downloads/moi-main/project_root/data/temp_frames/video15/frame_00055.png,"[772, 554, 1598, 1073]",RIGHT_ELBOW,-0.7138504391614487,0.2971429059145819,0.9895505309104919,0.4838341176509857,0.2969267815351486,0.32657380228599403
00055,/Users/nikko/Downloads/moi-main/project_root/data/temp_frames/video15/frame_00055.png,"[772, 554, 1598, 1073]",LEFT_WRIST,0.779284195500173,1.1988673451442677,0.5765489935874939,0.4838341176509857,0.2969267815351486,0.32657380228599403
00055,/Users/nikko/Downloads/moi-main/project_root/data/temp_frames/video15/frame_00055.png,"[772, 554, 1598, 1073]",RIGHT_WRIST,-0.5746588698157528,1.5207407254643388,0.9976503252983093,0.4838341176509857,0.2969267815351486,0.32657380228599403
00055,/Users/nikko/Downloads/moi-main/project_root/data/temp_frames/video15/frame_00055.png,"[772, 554, 1598, 1073]",LEFT_EYE,1.235320398329304,0.4883313798981919,0.9998756647109985,0.4838341176509857,0.2969267815351486,0.32657380228599403
00055,/Users/nikko/Downloads/moi-main/project_root/data/temp_frames/video15/frame_00055.png,"[772, 554, 1598, 1073]",RIGHT_EYE,1.1276680742058078,0.47428091248683735,0.9999508857727051,0.4838341176509857,0.2969267815351486,0.32657380228599403
00056,/Users/nikko/Downloads/moi-main/project_root/data/temp_frames/video15/frame_00056.png,"[771, 519, 1592, 1072]",LEFT_SHOULDER,0.7718195992367736,-0.010819905620372796,0.9999059438705444,0.47486916184425354,0.31820163130760193,0.326178521634061
00056,/Users/nikko/Downloads/moi-main/project_root/data/temp_frames/video15/frame_00056.png,"[771, 519, 1592, 1072]",RIGHT_SHOULDER,0.2171837869789389,0.11006981871694042,0.999825656414032,0.47486916184425354,0.31820163130760193,0.326178521634061
00056,/Users/nikko/Downloads/moi-main/project_root/data/temp_frames/video15/frame_00056.png,"[771, 519, 1592, 1072]",LEFT_HIP,-0.34475270453924883,-0.04636622073405985,0.9997106194496155,0.47486916184425354,0.31820163130760193,0.326178521634061
00056,/Users/nikko/Downloads/moi-main/project_root/data/temp_frames/video15/frame_00056.png,"[771, 519, 1592, 1072]",RIGHT_HIP,-0.6442506816764637,-0.05288369236250778,0.9998375177383423,0.47486916184425354,0.31820163130760193,0.326178521634061
00056,/Users/nikko/Downloads/moi-main/project_root/data/temp_frames/video15/frame_00056.png,"[771, 519, 1592, 1072]",RIGHT_ELBOW,-0.7035757816971019,0.3482707431135459,0.9893496036529541,0.47486916184425354,0.31820163130760193,0.326178521634061
00056,/Users/nikko/Downloads/moi-main/project_root/data/temp_frames/video15/frame_00056.png,"[771, 519, 1592, 1072]",LEFT_WRIST,0.8036047451755454,1.1613489931087462,0.6235530376434326,0.47486916184425354,0.31820163130760193,0.326178521634061
00056,/Users/nikko/Downloads/moi-main/project_root/data/temp_frames/video15/frame_00056.png,"[771, 519, 1592, 1072]",RIGHT_WRIST,-0.5476735605603114,1.466957122739664,0.9980781078338623,0.47486916184425354,0.31820163130760193,0.326178521634061
00056,/Users/nikko/Downloads/moi-main/project_root/data/temp_frames/video15/frame_00056.png,"[771, 519, 1592, 1072]",LEFT_EYE,1.263409572697692,0.39086163261215084,0.99978107213974,0.47486916184425354,0.31820163130760193,0.326178521634061
00056,/Users/nikko/Downloads/moi-main/project_root/data/temp_frames/video15/frame_00056.png,"[771, 519, 1592, 1072]",RIGHT_EYE,1.1511729587181954,0.33921460792321234,0.9999140501022339,0.47486916184425354,0.31820163130760193,0.326178521634061
00057,/Users/nikko/Downloads/moi-main/project_root/data/temp_frames/video15/frame_00057.png,"[770, 486, 1585, 1070]",LEFT_SHOULDER,0.8412892305008829,0.016900093094815168,0.999855637550354,0.4644678384065628,0.3206987753510475,0.3113686286560617
00057,/Users/nikko/Downloads/moi-main/project_root/data/temp_frames/video15/frame_00057.png,"[770, 486, 1585, 1070]",RIGHT_SHOULDER,0.15720705762037923,-0.03848497742021644,0.9997618794441223,0.4644678384065628,0.3206987753510475,0.3113686286560617
00057,/Users/nikko/Downloads/moi-main/project_root/data/temp_frames/video15/frame_00057.png,"[770, 486, 1585, 1070]",LEFT_HIP,-0.3494229772328812,0.016375006346915803,0.9997230172157288,0.4644678384065628,0.3206987753510475,0.3113686286560617
00057,/Users/nikko/Downloads/moi-main/project_root/data/temp_frames/video15/frame_00057.png,"[770, 486, 1585, 1070]",RIGHT_HIP,-0.6490733108883809,0.005209877978485466,0.9998369216918945,0.4644678384065628,0.3206987753510475,0.3113686286560617
00057,/Users/nikko/Downloads/moi-main/project_root/data/temp_frames/video15/frame_00057.png,"[770, 486, 1585, 1070]",RIGHT_ELBOW,-0.6871286044436671,0.4517727071483327,0.9914234280586243,0.4644678384065628,0.3206987753510475,0.3113686286560617
00057,/Users/nikko/Downloads/moi-main/project_root/data/temp_frames/video15/frame_00057.png,"[770, 486, 1585, 1070]",LEFT_WRIST,0.8940318301927271,1.2595585604288226,0.6191645264625549,0.4644678384065628,0.3206987753510475,0.3113686286560617
00057,/Users/nikko/Downloads/moi-main/project_root/data/temp_frames/video15/frame_00057.png,"[770, 486, 1585, 1070]",RIGHT_WRIST,-0.5341928298470544,1.5658864737514655,0.9982839226722717,0.4644678384065628,0.3206987753510475,0.3113686286560617
00057,/Users/nikko/Downloads/moi-main/project_root/data/temp_frames/video15/frame_00057.png,"[770, 486, 1585, 1070]",RIGHT_KNEE,-0.9334099862968134,0.1969647434778574,0.559933602809906,0.4644678384065628,0.3206987753510475,0.3113686286560617
00057,/Users/nikko/Downloads/moi-main/project_root/data/temp_frames/video15/frame_00057.png,"[770, 486, 1585, 1070]",RIGHT_ANKLE,-1.2574132278791659,0.17788732544448924,0.573883056640625,0.4644678384065628,0.3206987753510475,0.3113686286560617
00057,/Users/nikko/Downloads/moi-main/project_root/data/temp_frames/video15/frame_00057.png,"[770, 486, 1585, 1070]",LEFT_EYE,1.39224726855404,0.2818204273611825,0.9992398023605347,0.4644678384065628,0.3206987753510475,0.3113686286560617
00057,/Users/nikko/Downloads/moi-main/project_root/data/temp_frames/video15/frame_00057.png,"[770, 486, 1585, 1070]",RIGHT_EYE,1.2745014946062032,0.24055766351627625,0.9996882677078247,0.4644678384065628,0.3206987753510475,0.3113686286560617
00058,/Users/nikko/Downloads/moi-main/project_root/data/temp_frames/video15/frame_00058.png,"[766, 451, 1582, 1070]",LEFT_SHOULDER,0.869742941847395,-0.04153778689567005,0.9999362230300903,0.46902356296777725,0.3392307534813881,0.30958704135004556
00058,/Users/nikko/Downloads/moi-main/project_root/data/temp_frames/video15/frame_00058.png,"[766, 451, 1582, 1070]",RIGHT_SHOULDER,0.12377730124211733,-0.05501109903921017,0.9998196959495544,0.46902356296777725,0.3392307534813881,0.30958704135004556
00058,/Users/nikko/Downloads/moi-main/project_root/data/temp_frames/video15/frame_00058.png,"[766, 451, 1582, 1070]",LEFT_HIP,-0.34020700377477797,0.04127782390995525,0.9998244643211365,0.46902356296777725,0.3392307534813881,0.30958704135004556
00058,/Users/nikko/Downloads/moi-main/project_root/data/temp_frames/video15/frame_00058.png,"[766, 451, 1582, 1070]",RIGHT_HIP,-0.6533132393147343,0.055271062024924975,0.9998729228973389,0.46902356296777725,0.3392307534813881,0.30958704135004556
00058,/Users/nikko/Downloads/moi-main/project_root/data/temp_frames/video15/frame_00058.png,"[766, 451, 1582, 1070]",RIGHT_ELBOW,-0.7266272294652926,0.48212354603540314,0.995071291923523,0.46902356296777725,0.3392307534813881,0.30958704135004556
00058,/Users/nikko/Downloads/moi-main/project_root/data/temp_frames/video15/frame_00058.png,"[766, 451, 1582, 1070]",LEFT_WRIST,0.9041267890007424,1.2704686885359227,0.7929377555847168,0.46902356296777725,0.3392307534813881,0.30958704135004556
00058,/Users/nikko/Downloads/moi-main/project_root/data/temp_frames/video15/frame_00058.png,"[766, 451, 1582, 1070]",RIGHT_WRIST,-0.5291069582336643,1.5651027754493918,0.9990667700767517,0.46902356296777725,0.3392307534813881,0.30958704135004556
00058,/Users/nikko/Downloads/moi-main/project_root/data/temp_frames/video15/frame_00058.png,"[766, 451, 1582, 1070]",RIGHT_KNEE,-0.9563066692352453,0.2585118666489259,0.6890372037887573,0.46902356296777725,0.3392307534813881,0.30958704135004556
00058,/Users/nikko/Downloads/moi-main/project_root/data/temp_frames/video15/frame_00058.png,"[766, 451, 1582, 1070]",RIGHT_ANKLE,-1.2528407818589704,0.24350370916406494,0.689452052116394,0.46902356296777725,0.3392307534813881,0.30958704135004556
00058,/Users/nikko/Downloads/moi-main/project_root/data/temp_frames/video15/frame_00058.png,"[766, 451, 1582, 1070]",LEFT_EYE,1.3808198714333322,0.13025004747299232,0.9984471201896667,0.46902356296777725,0.3392307534813881,0.30958704135004556
00058,/Users/nikko/Downloads/moi-main/project_root/data/temp_frames/video15/frame_00058.png,"[766, 451, 1582, 1070]",RIGHT_EYE,1.2496358391878342,0.08316531661431091,0.9992678761482239,0.46902356296777725,0.3392307534813881,0.30958704135004556
00059,/Users/nikko/Downloads/moi-main/project_root/data/temp_frames/video15/frame_00059.png,"[762, 428, 1579, 1072]",LEFT_SHOULDER,0.8219203643349365,-0.044078589419895176,0.9998576641082764,0.4714135080575943,0.34659289568662643,0.3348749313761163
00059,/Users/nikko/Downloads/moi-main/project_root/data/temp_frames/video15/frame_00059.png,"[762, 428, 1579, 1072]",RIGHT_SHOULDER,0.14331509258039687,-0.13087338245673147,0.9996265172958374,0.4714135080575943,0.34659289568662643,0.3348749313761163
00059,/Users/nikko/Downloads/moi-main/project_root/data/temp_frames/video15/frame_00059.png,"[762, 428, 1579, 1072]",LEFT_HIP,-0.34067427719993565,0.13231648707101776,0.9997273087501526,0.4714135080575943,0.34659289568662643,0.3348749313761163
00059,/Users/nikko/Downloads/moi-main/project_root/data/temp_frames/video15/frame_00059.png,"[762, 428, 1579, 1072]",RIGHT_HIP,-0.6245611797153978,0.0426354848056089,0.9998000264167786,0.4714135080575943,0.34659289568662643,0.3348749313761163
00059,/Users/nikko/Downloads/moi-main/project_root/data/temp_frames/video15/frame_00059.png,"[762, 428, 1579, 1072]",RIGHT_ELBOW,-0.6373741118255787,0.4357964348624219,0.9925042390823364,0.4714135080575943,0.34659289568662643,0.3348749313761163
00059,/Users/nikko/Downloads/moi-main/project_root/data/temp_frames/video15/frame_00059.png,"[762, 428, 1579, 1072]",LEFT_WRIST,0.8190089694133023,1.1981295408047008,0.7517383098602295,0.4714135080575943,0.34659289568662643,0.3348749313761163
00059,/Users/nikko/Downloads/moi-main/project_root/data/temp_frames/video15/frame_00059.png,"[762, 428, 1579, 1072]",RIGHT_WRIST,-0.4840902460456523,1.4488928961702345,0.9981294274330139,0.4714135080575943,0.34659289568662643,0.3348749313761163
00059,/Users/nikko/Downloads/moi-main/project_root/data/temp_frames/video15/frame_00059.png,"[762, 428, 1579, 1072]",RIGHT_KNEE,-0.897417772116699,0.24966873441770177,0.5971955060958862,0.4714135080575943,0.34659289568662643,0.3348749313761163
00059,/Users/nikko/Downloads/moi-main/project_root/data/temp_frames/video15/frame_00059.png,"[762, 428, 1579, 1072]",RIGHT_ANKLE,-1.1692754803521868,0.2524462802850432,0.6038562059402466,0.4714135080575943,0.34659289568662643,0.3348749313761163
00059,/Users/nikko/Downloads/moi-main/project_root/data/temp_frames/video15/frame_00059.png,"[762, 428, 1579, 1072]",LEFT_EYE,1.256953819539967,0.025513040325029417,0.9938865303993225,0.4714135080575943,0.34659289568662643,0.3348749313761163
00059,/Users/nikko/Downloads/moi-main/project_root/data/temp_frames/video15/frame_00059.png,"[762, 428, 1579, 1072]",RIGHT_EYE,1.1365747502613974,-0.03475828107016972,0.996987521648407,0.4714135080575943,0.34659289568662643,0.3348749313761163
00060,/Users/nikko/Downloads/moi-main/project_root/data/temp_frames/video15/frame_00060.png,"[760, 400, 1574, 1078]",LEFT_SHOULDER,0.8072161482649358,-0.05031251850397895,0.9998782873153687,0.4657341241836548,0.35506050288677216,0.3473224310257722
00060,/Users/nikko/Downloads/moi-main/project_root/data/temp_frames/video15/frame_00060.png,"[760, 400, 1574, 1078]",RIGHT_SHOULDER,0.1270229723458197,-0.1882814952549936,0.9995610117912292,0.4657341241836548,0.35506050288677216,0.3473224310257722
00060,/Users/nikko/Downloads/moi-main/project_root/data/temp_frames/video15/frame_00060.png,"[760, 400, 1574, 1078]",LEFT_HIP,-0.32728481952615396,0.1741805786078379,0.9997193217277527,0.4657341241836548,0.35506050288677216,0.3473224310257722
00060,/Users/nikko/Downloads/moi-main/project_root/data/temp_frames/video15/frame_00060.png,"[760, 400, 1574, 1078]",RIGHT_HIP,-0.6069543010846016,0.06441343515113468,0.9997672438621521,0.4657341241836548,0.35506050288677216,0.3473224310257722
00060,/Users/nikko/Downloads/moi-main/project_root/data/temp_frames/video15/frame_00060.png,"[760, 400, 1574, 1078]",RIGHT_ELBOW,-0.5934217628831255,0.4312915109322786,0.9886600971221924,0.4657341241836548,0.35506050288677216,0.3473224310257722
00060,/Users/nikko/Downloads/moi-main/project_root/data/temp_frames/video15/frame_00060.png,"[760, 400, 1574, 1078]",LEFT_WRIST,0.8093195947047592,1.1435458990300325,0.75453120470047,0.4657341241836548,0.35506050288677216,0.3473224310257722
00060,/Users/nikko/Downloads/moi-main/project_root/data/temp_frames/video15/frame_00060.png,"[760, 400, 1574, 1078]",RIGHT_WRIST,-0.45570213814949384,1.364585221863913,0.9970186948776245,0.4657341241836548,0.35506050288677216,0.3473224310257722
00060,/Users/nikko/Downloads/moi-main/project_root/data/temp_frames/video15/frame_00060.png,"[760, 400, 1574, 1078]",LEFT_EYE,1.223716734206017,-0.03050628011290968,0.9921430349349976,0.4657341241836548,0.35506050288677216,0.3473224310257722
00060,/Users/nikko/Downloads/moi-main/project_root/data/temp_frames/video15/frame_00060.png,"[760, 400, 1574, 1078]",RIGHT_EYE,1.1126533206438063,-0.08509437913931416,0.9960319399833679,0.4657341241836548,0.35506050288677216,0.3473224310257722
00061,/Users/nikko/Downloads/moi-main/project_root/data/temp_frames/video15/frame_00061.png,"[763, 365, 1565, 1077]",LEFT_SHOULDER,0.8280020392359938,-0.014813826606165382,0.9998244643211365,0.4688241146504879,0.38080740720033646,0.3638047322383854
00061,/Users/nikko/Downloads/moi-main/project_root/data/temp_frames/video15/frame_00061.png,"[763, 365, 1565, 1077]",RIGHT_SHOULDER,0.10155686110509558,-0.2026997882459503,0.9994125366210938,0.4688241146504879,0.38080740720033646,0.3638047322383854
00061,/Users/nikko/Downloads/moi-main/project_root/data/temp_frames/video15/frame_00061.png,"[763, 365, 1565, 1077]",LEFT_HIP,-0.30802248178784286,0.1625502826352442,0.9995484948158264,0.4688241146504879,0.38080740720033646,0.3638047322383854
00061,/Users/nikko/Downloads/moi-main/project_root/data/temp_frames/video15/frame_00061.png,"[763, 365, 1565, 1077]",RIGHT_HIP,-0.6215364185532465,0.054963332216871476,0.9996154308319092,0.4688241146504879,0.38080740720033646,0.3638047322383854
00061,/Users/nikko/Downloads/moi-main/project_root/data/temp_frames/video15/frame_00061.png,"[763, 365, 1565, 1077]",RIGHT_ELBOW,-0.5771236306743853,0.4009082537185099,0.95890212059021,0.4688241146504879,0.38080740720033646,0.3638047322383854
00061,/Users/nikko/Downloads/moi-main/project_root/data/temp_frames/video15/frame_00061.png,"[763, 365, 1565, 1077]",LEFT_WRIST,0.7743108801798525,1.0751150147132842,0.6541364192962646,0.4688241146504879,0.38080740720033646,0.3638047322383854
00061,/Users/nikko/Downloads/moi-main/project_root/data/temp_frames/video15/frame_00061.png,"[763, 365, 1565, 1077]",RIGHT_WRIST,-0.4472641986012344,1.2485527723010097,0.9919182658195496,0.4688241146504879,0.38080740720033646,0.3638047322383854
00061,/Users/nikko/Downloads/moi-main/project_root/data/temp_frames/video15/frame_00061.png,"[763, 365, 1565, 1077]",LEFT_EYE,1.1679184176352346,-0.1202981759835386,0.9746423363685608,0.4688241146504879,0.38080740720033646,0.3638047322383854
00061,/Users/nikko/Downloads/moi-main/project_root/data/temp_frames/video15/frame_00061.png,"[763, 365, 1565, 1077]",RIGHT_EYE,1.064752934025874,-0.16800183308434055,0.9879679679870605,0.4688241146504879,0.38080740720033646,0.3638047322383854
00062,/Users/nikko/Downloads/moi-main/project_root/data/temp_frames/video15/frame_00062.png,"[767, 343, 1561, 1078]",LEFT_SHOULDER,0.8293710615352032,-0.028104789651903224,0.9998477697372437,0.4659454822540283,0.38535812497138977,0.3708155604123861
00062,/Users/nikko/Downloads/moi-main/project_root/data/temp_frames/video15/frame_00062.png,"[767, 343, 1561, 1078]",RIGHT_SHOULDER,0.09029089835822868,-0.2199568244990874,0.9994267225265503,0.4659454822540283,0.38535812497138977,0.3708155604123861
00062,/Users/nikko/Downloads/moi-main/project_root/data/temp_frames/video15/frame_00062.png,"[767, 343, 1561, 1078]",LEFT_HIP,-0.302724800729465,0.16385349389248427,0.9996387958526611,0.4659454822540283,0.38535812497138977,0.3708155604123861
00062,/Users/nikko/Downloads/moi-main/project_root/data/temp_frames/video15/frame_00062.png,"[767, 343, 1561, 1078]",RIGHT_HIP,-0.6169371591639669,0.08420812025850637,0.999687910079956,0.4659454822540283,0.38535812497138977,0.3708155604123861
00062,/Users/nikko/Downloads/moi-main/project_root/data/temp_frames/video15/frame_00062.png,"[767, 343, 1561, 1078]",RIGHT_ELBOW,-0.5418751067887716,0.4188059227556648,0.9698073863983154,0.4659454822540283,0.38535812497138977,0.3708155604123861
00062,/Users/nikko/Downloads/moi-main/project_root/data/temp_frames/video15/frame_00062.png,"[767, 343, 1561, 1078]",LEFT_WRIST,0.7696745639433007,1.0331551787048459,0.6601479053497314,0.4659454822540283,0.38535812497138977,0.3708155604123861
00062,/Users/nikko/Downloads/moi-main/project_root/data/temp_frames/video15/frame_00062.png,"[767, 343, 1561, 1078]",RIGHT_WRIST,-0.44092156496763535,1.2435848223689292,0.9887429475784302,0.4659454822540283,0.38535812497138977,0.3708155604123861
00062,/Users/nikko/Downloads/moi-main/project_root/data/temp_frames/video15/frame_00062.png,"[767, 343, 1561, 1078]",LEFT_EYE,1.1517320199400127,-0.1483635268676857,0.9875963926315308,0.4659454822540283,0.38535812497138977,0.3708155604123861
00062,/Users/nikko/Downloads/moi-main/project_root/data/temp_frames/video15/frame_00062.png,"[767, 343, 1561, 1078]",RIGHT_EYE,1.0351670725301791,-0.1970226976181921,0.9939129948616028,0.4659454822540283,0.38535812497138977,0.3708155604123861
00063,/Users/nikko/Downloads/moi-main/project_root/data/temp_frames/video15/frame_00063.png,"[765, 322, 1554, 1081]",LEFT_SHOULDER,0.8392592441013031,-0.06740375747998456,0.9997606873512268,0.4673621878027916,0.3886695057153702,0.3747811159840556
00063,/Users/nikko/Downloads/moi-main/project_root/data/temp_frames/video15/frame_00063.png,"[765, 322, 1554, 1081]",RIGHT_SHOULDER,0.07977995842334494,-0.20777873491514645,0.9990493655204773,0.4673621878027916,0.3886695057153702,0.3747811159840556
00063,/Users/nikko/Downloads/moi-main/project_root/data/temp_frames/video15/frame_00063.png,"[765, 322, 1554, 1081]",LEFT_HIP,-0.3005328195855995,0.163120630914079,0.9996077418327332,0.4673621878027916,0.3886695057153702,0.3747811159840556
00063,/Users/nikko/Downloads/moi-main/project_root/data/temp_frames/video15/frame_00063.png,"[765, 322, 1554, 1081]",RIGHT_HIP,-0.6185063829390486,0.112061861481052,0.9996606111526489,0.4673621878027916,0.3886695057153702,0.3747811159840556
00063,/Users/nikko/Downloads/moi-main/project_root/data/temp_frames/video15/frame_00063.png,"[765, 322, 1554, 1081]",RIGHT_ELBOW,-0.5427980698006883,0.42067457489513554,0.9579620361328125,0.4673621878027916,0.3886695057153702,0.3747811159840556
00063,/Users/nikko/Downloads/moi-main/project_root/data/temp_frames/video15/frame_00063.png,"[765, 322, 1554, 1081]",LEFT_WRIST,0.7750113283032928,1.0368058165080791,0.6338543891906738,0.4673621878027916,0.3886695057153702,0.3747811159840556
00063,/Users/nikko/Downloads/moi-main/project_root/data/temp_frames/video15/frame_00063.png,"[765, 322, 1554, 1081]",RIGHT_WRIST,-0.4207750276184735,1.2313338173802486,0.98642897605896,0.4673621878027916,0.3886695057153702,0.3747811159840556
00063,/Users/nikko/Downloads/moi-main/project_root/data/temp_frames/video15/frame_00063.png,"[765, 322, 1554, 1081]",LEFT_EYE,1.137258679004817,-0.20875817381746525,0.9614779949188232,0.4673621878027916,0.3886695057153702,0.3747811159840556
00063,/Users/nikko/Downloads/moi-main/project_root/data/temp_frames/video15/frame_00063.png,"[765, 322, 1554, 1081]",RIGHT_EYE,1.0301400139355776,-0.23871642427921683,0.9802172183990479,0.4673621878027916,0.3886695057153702,0.3747811159840556
00064,/Users/nikko/Downloads/moi-main/project_root/data/temp_frames/video15/frame_00064.png,"[765, 322, 1554, 1081]",LEFT_SHOULDER,0.8311656315225026,-0.06467854467495589,0.9997488856315613,0.46729806810617447,0.38855303078889847,0.37766319972148693
00064,/Users/nikko/Downloads/moi-main/project_root/data/temp_frames/video15/frame_00064.png,"[765, 322, 1554, 1081]",RIGHT_SHOULDER,0.08511019702514994,-0.21479721926234024,0.9990522265434265,0.46729806810617447,0.38855303078889847,0.37766319972148693
00064,/Users/nikko/Downloads/moi-main/project_root/data/temp_frames/video15/frame_00064.png,"[765, 322, 1554, 1081]",LEFT_HIP,-0.30117145538618645,0.16665152003048728,0.999617338180542,0.46729806810617447,0.38855303078889847,0.37766319972148693
00064,/Users/nikko/Downloads/moi-main/project_root/data/temp_frames/video15/frame_00064.png,"[765, 322, 1554, 1081]",RIGHT_HIP,-0.615104373161466,0.11282424390680883,0.9996674060821533,0.46729806810617447,0.38855303078889847,0.37766319972148693
00064,/Users/nikko/Downloads/moi-main/project_root/data/temp_frames/video15/frame_00064.png,"[765, 322, 1554, 1081]",RIGHT_ELBOW,-0.5354342217952457,0.4149453907101623,0.9577967524528503,0.46729806810617447,0.38855303078889847,0.37766319972148693
00064,/Users/nikko/Downloads/moi-main/project_root/data/temp_frames/video15/frame_00064.png,"[765, 322, 1554, 1081]",LEFT_WRIST,0.7686878165398798,1.0307221569951104,0.6241726279258728,0.46729806810617447,0.38855303078889847,0.37766319972148693
00064,/Users/nikko/Downloads/moi-main/project_root/data/temp_frames/video15/frame_00064.png,"[765, 322, 1554, 1081]",RIGHT_WRIST,-0.4182247941933187,1.2218551746818904,0.9862381219863892,0.46729806810617447,0.38855303078889847,0.37766319972148693
00064,/Users/nikko/Downloads/moi-main/project_root/data/temp_frames/video15/frame_00064.png,"[765, 322, 1554, 1081]",LEFT_EYE,1.1300305356421294,-0.20746941062500868,0.9609044194221497,0.46729806810617447,0.38855303078889847,0.37766319972148693
00064,/Users/nikko/Downloads/moi-main/project_root/data/temp_frames/video15/frame_00064.png,"[765, 322, 1554, 1081]",RIGHT_EYE,1.0233344538202414,-0.2378267873141702,0.9800993800163269,0.46729806810617447,0.38855303078889847,0.37766319972148693
00065,/Users/nikko/Downloads/moi-main/project_root/data/temp_frames/video15/frame_00065.png,"[762, 304, 1551, 1082]",LEFT_SHOULDER,0.8393737345990913,-0.08301678782258134,0.9998501539230347,0.461814321577549,0.3923989459872246,0.37316369174078806
00065,/Users/nikko/Downloads/moi-main/project_root/data/temp_frames/video15/frame_00065.png,"[762, 304, 1551, 1082]",RIGHT_SHOULDER,0.06759194647002181,-0.2134097628461088,0.9991224408149719,0.461814321577549,0.3923989459872246,0.37316369174078806
00065,/Users/nikko/Downloads/moi-main/project_root/data/temp_frames/video15/frame_00065.png,"[762, 304, 1551, 1082]",LEFT_HIP,-0.2913218673010539,0.17807959335613208,0.9995225667953491,0.461814321577549,0.3923989459872246,0.37316369174078806
00065,/Users/nikko/Downloads/moi-main/project_root/data/temp_frames/video15/frame_00065.png,"[762, 304, 1551, 1082]",RIGHT_HIP,-0.6156438137680592,0.11834695731255804,0.999572217464447,0.461814321577549,0.3923989459872246,0.37316369174078806
00065,/Users/nikko/Downloads/moi-main/project_root/data/temp_frames/video15/frame_00065.png,"[762, 304, 1551, 1082]",RIGHT_ELBOW,-0.49621863337838795,0.4561282137245467,0.9607436060905457,0.461814321577549,0.3923989459872246,0.37316369174078806
00065,/Users/nikko/Downloads/moi-main/project_root/data/temp_frames/video15/frame_00065.png,"[762, 304, 1551, 1082]",LEFT_WRIST,0.8059679266560347,1.0386634531652554,0.6866344809532166,0.461814321577549,0.3923989459872246,0.37316369174078806
00065,/Users/nikko/Downloads/moi-main/project_root/data/temp_frames/video15/frame_00065.png,"[762, 304, 1551, 1082]",RIGHT_WRIST,-0.39158385520829564,1.2456618388025573,0.9836344718933105,0.461814321577549,0.3923989459872246,0.37316369174078806
00065,/Users/nikko/Downloads/moi-main/project_root/data/temp_frames/video15/frame_00065.png,"[762, 304, 1551, 1082]",LEFT_EYE,1.1324311051968494,-0.23738739317514798,0.981543242931366,0.461814321577549,0.3923989459872246,0.37316369174078806
00065,/Users/nikko/Downloads/moi-main/project_root/data/temp_frames/video15/frame_00065.png,"[762, 304, 1551, 1082]",RIGHT_EYE,1.005572189346726,-0.2751667101565079,0.9901424646377563,0.461814321577549,0.3923989459872246,0.37316369174078806
00066,/Users/nikko/Downloads/moi-main/project_root/data/temp_frames/video15/frame_00066.png,"[761, 282, 1543, 1082]",LEFT_SHOULDER,0.7755065647788724,-0.09934360666362035,0.9999704360961914,0.4860289469361305,0.38736138492822647,0.36715261689339596
00066,/Users/nikko/Downloads/moi-main/project_root/data/temp_frames/video15/frame_00066.png,"[761, 282, 1543, 1082]",RIGHT_SHOULDER,0.14024262948459337,-0.20232489304344375,0.9996805191040039,0.4860289469361305,0.38736138492822647,0.36715261689339596
00066,/Users/nikko/Downloads/moi-main/project_root/data/temp_frames/video15/frame_00066.png,"[761, 282, 1543, 1082]",LEFT_HIP,-0.27587469844390744,0.18452094289862128,0.9996680021286011,0.4860289469361305,0.38736138492822647,0.36715261689339596
00066,/Users/nikko/Downloads/moi-main/project_root/data/temp_frames/video15/frame_00066.png,"[761, 282, 1543, 1082]",RIGHT_HIP,-0.6398744958195584,0.11714755680844281,0.9997081160545349,0.4860289469361305,0.38736138492822647,0.36715261689339596
00066,/Users/nikko/Downloads/moi-main/project_root/data/temp_frames/video15/frame_00066.png,"[761, 282, 1543, 1082]",LEFT_ELBOW,0.686668922276792,0.43905466412037975,0.700348436832428,0.4860289469361305,0.38736138492822647,0.36715261689339596
00066,/Users/nikko/Downloads/moi-main/project_root/data/temp_frames/video15/frame_00066.png,"[761, 282, 1543, 1082]",RIGHT_ELBOW,-0.5198096967919679,0.493377867379836,0.9921533465385437,0.4860289469361305,0.38736138492822647,0.36715261689339596
00066,/Users/nikko/Downloads/moi-main/project_root/data/temp_frames/video15/frame_00066.png,"[761, 282, 1543, 1082]",LEFT_WRIST,0.7914973469229655,1.080020246721082,0.9242486953735352,0.4860289469361305,0.38736138492822647,0.36715261689339596
00066,/Users/nikko/Downloads/moi-main/project_root/data/temp_frames/video15/frame_00066.png,"[761, 282, 1543, 1082]",RIGHT_WRIST,-0.46518307452918867,1.2899324614988368,0.9974662065505981,0.4860289469361305,0.38736138492822647,0.36715261689339596
00066,/Users/nikko/Downloads/moi-main/project_root/data/temp_frames/video15/frame_00066.png,"[761, 282, 1543, 1082]",RIGHT_KNEE,-0.8899722766687659,0.3184577048504711,0.6174765825271606,0.4860289469361305,0.38736138492822647,0.36715261689339596
00066,/Users/nikko/Downloads/moi-main/project_root/data/temp_frames/video15/frame_00066.png,"[761, 282, 1543, 1082]",RIGHT_ANKLE,-1.132936971402334,0.4071222897508703,0.7509640455245972,0.4860289469361305,0.38736138492822647,0.36715261689339596
00066,/Users/nikko/Downloads/moi-main/project_root/data/temp_frames/video15/frame_00066.png,"[761, 282, 1543, 1082]",LEFT_EYE,1.108967296290107,-0.3054568336956501,0.9960638880729675,0.4860289469361305,0.38736138492822647,0.36715261689339596
00066,/Users/nikko/Downloads/moi-main/project_root/data/temp_frames/video15/frame_00066.png,"[761, 282, 1543, 1082]",RIGHT_EYE,0.9907230112824541,-0.3362914449295417,0.9977450966835022,0.4860289469361305,0.38736138492822647,0.36715261689339596
00067,/Users/nikko/Downloads/moi-main/project_root/data/temp_frames/video15/frame_00067.png,"[760, 264, 1537, 1083]",LEFT_SHOULDER,0.7872111562568277,-0.10296318846634762,0.9999635219573975,0.48790406435728073,0.3914003074169159,0.37821958744730844
00067,/Users/nikko/Downloads/moi-main/project_root/data/temp_frames/video15/frame_00067.png,"[760, 264, 1537, 1083]",RIGHT_SHOULDER,0.11652075028003092,-0.2151126128229407,0.9996174573898315,0.48790406435728073,0.3914003074169159,0.37821958744730844
00067,/Users/nikko/Downloads/moi-main/project_root/data/temp_frames/video15/frame_00067.png,"[760, 264, 1537, 1083]",LEFT_HIP,-0.281702756793711,0.19697117193598568,0.9995835423469543,0.48790406435728073,0.3914003074169159,0.37821958744730844
00067,/Users/nikko/Downloads/moi-main/project_root/data/temp_frames/video15/frame_00067.png,"[760, 264, 1537, 1083]",RIGHT_HIP,-0.6220291497431476,0.12110462935330266,0.9996277093887329,0.48790406435728073,0.3914003074169159,0.37821958744730844
00067,/Users/nikko/Downloads/moi-main/project_root/data/temp_frames/video15/frame_00067.png,"[760, 264, 1537, 1083]",LEFT_ELBOW,0.6952395856154778,0.437262291133265,0.6901332139968872,0.48790406435728073,0.3914003074169159,0.37821958744730844
00067,/Users/nikko/Downloads/moi-main/project_root/data/temp_frames/video15/frame_00067.png,"[760, 264, 1537, 1083]",RIGHT_ELBOW,-0.4749985518544963,0.4795004433272482,0.9896705746650696,0.48790406435728073,0.3914003074169159,0.37821958744730844
00067,/Users/nikko/Downloads/moi-main/project_root/data/temp_frames/video15/frame_00067.png,"[760, 264, 1537, 1083]",LEFT_WRIST,0.7819708839022199,1.0484683881397492,0.9041717648506165,0.48790406435728073,0.3914003074169159,0.37821958744730844
00067,/Users/nikko/Downloads/moi-main/project_root/data/temp_frames/video15/frame_00067.png,"[760, 264, 1537, 1083]",RIGHT_WRIST,-0.4511304287542033,1.2450542459320137,0.9963622689247131,0.48790406435728073,0.3914003074169159,0.37821958744730844
00067,/Users/nikko/Downloads/moi-main/project_root/data/temp_frames/video15/frame_00067.png,"[760, 264, 1537, 1083]",RIGHT_ANKLE,-1.116546266265747,0.4132008805903241,0.651817798614502,0.48790406435728073,0.3914003074169159,0.37821958744730844
00067,/Users/nikko/Downloads/moi-main/project_root/data/temp_frames/video15/frame_00067.png,"[760, 264, 1537, 1083]",LEFT_EYE,1.0570492513842535,-0.3043798139905371,0.9943529367446899,0.48790406435728073,0.3914003074169159,0.37821958744730844
00067,/Users/nikko/Downloads/moi-main/project_root/data/temp_frames/video15/frame_00067.png,"[760, 264, 1537, 1083]",RIGHT_EYE,0.9264813381796986,-0.3396708861270201,0.996903121471405,0.48790406435728073,0.3914003074169159,0.37821958744730844
00068,/Users/nikko/Downloads/moi-main/project_root/data/temp_frames/video15/frame_00068.png,"[759, 244, 1531, 1083]",LEFT_SHOULDER,0.8148852114764805,-0.09399706485142081,0.9999511241912842,0.48369956761598587,0.38961757719516754,0.3771257660734906
00068,/Users/nikko/Downloads/moi-main/project_root/data/temp_frames/video15/frame_00068.png,"[759, 244, 1531, 1083]",RIGHT_SHOULDER,0.0493876919417208,-0.25493599595075406,0.999473512172699,0.48369956761598587,0.38961757719516754,0.3771257660734906
00068,/Users/nikko/Downloads/moi-main/project_root/data/temp_frames/video15/frame_00068.png,"[759, 244, 1531, 1083]",LEFT_HIP,-0.2571037869921101,0.21314976749974462,0.9994606375694275,0.48369956761598587,0.38961757719516754,0.3771257660734906
00068,/Users/nikko/Downloads/moi-main/project_root/data/temp_frames/video15/frame_00068.png,"[759, 244, 1531, 1083]",RIGHT_HIP,-0.6071691164260912,0.13578329330243022,0.9995081424713135,0.48369956761598587,0.38961757719516754,0.3771257660734906
00068,/Users/nikko/Downloads/moi-main/project_root/data/temp_frames/video15/frame_00068.png,"[759, 244, 1531, 1083]",LEFT_ELBOW,0.7392825728362512,0.4689608455760086,0.7209344506263733,0.48369956761598587,0.38961757719516754,0.3771257660734906
00068,/Users/nikko/Downloads/moi-main/project_root/data/temp_frames/video15/frame_00068.png,"[759, 244, 1531, 1083]",RIGHT_ELBOW,-0.4497185810703245,0.5142402112640175,0.988605797290802,0.48369956761598587,0.38961757719516754,0.3771257660734906
00068,/Users/nikko/Downloads/moi-main/project_root/data/temp_frames/video15/frame_00068.png,"[759, 244, 1531, 1083]",LEFT_WRIST,0.8137309739251013,1.0750114239450268,0.8932790756225586,0.48369956761598587,0.38961757719516754,0.3771257660734906
00068,/Users/nikko/Downloads/moi-main/project_root/data/temp_frames/video15/frame_00068.png,"[759, 244, 1531, 1083]",RIGHT_WRIST,-0.427585289724967,1.2749848577815137,0.9961658716201782,0.48369956761598587,0.38961757719516754,0.3771257660734906
00068,/Users/nikko/Downloads/moi-main/project_root/data/temp_frames/video15/frame_00068.png,"[759, 244, 1531, 1083]",RIGHT_ANKLE,-1.0834551347192243,0.4465934825048408,0.5530472993850708,0.48369956761598587,0.38961757719516754,0.3771257660734906
00068,/Users/nikko/Downloads/moi-main/project_root/data/temp_frames/video15/frame_00068.png,"[759, 244, 1531, 1083]",LEFT_EYE,1.064796686348704,-0.2861333632173525,0.9907880425453186,0.48369956761598587,0.38961757719516754,0.3771257660734906
00068,/Users/nikko/Downloads/moi-main/project_root/data/temp_frames/video15/frame_00068.png,"[759, 244, 1531, 1083]",RIGHT_EYE,0.9239126919732525,-0.3311765235075063,0.9951932430267334,0.48369956761598587,0.38961757719516754,0.3771257660734906
00069,/Users/nikko/Downloads/moi-main/project_root/data/temp_frames/video15/frame_00069.png,"[758, 233, 1526, 1085]",LEFT_SHOULDER,0.8277201885453659,-0.1318842524210463,0.9999754428863525,0.4818428158760071,0.38923075050115585,0.36956642804111606
00069,/Users/nikko/Downloads/moi-main/project_root/data/temp_frames/video15/frame_00069.png,"[758, 233, 1526, 1085]",RIGHT_SHOULDER,0.02429972780538255,-0.24126145360847198,0.9996858835220337,0.4818428158760071,0.38923075050115585,0.36956642804111606
00069,/Users/nikko/Downloads/moi-main/project_root/data/temp_frames/video15/frame_00069.png,"[758, 233, 1526, 1085]",LEFT_HIP,-0.2447507427866284,0.2244413286436234,0.9997445940971375,0.4818428158760071,0.38923075050115585,0.36956642804111606
00069,/Users/nikko/Downloads/moi-main/project_root/data/temp_frames/video15/frame_00069.png,"[758, 233, 1526, 1085]",RIGHT_HIP,-0.60726917356412,0.14870437738589487,0.999774158000946,0.4818428158760071,0.38923075050115585,0.36956642804111606
00069,/Users/nikko/Downloads/moi-main/project_root/data/temp_frames/video15/frame_00069.png,"[758, 233, 1526, 1085]",LEFT_ELBOW,0.7844593492076425,0.4746108451694638,0.8861396312713623,0.4818428158760071,0.38923075050115585,0.36956642804111606
00069,/Users/nikko/Downloads/moi-main/project_root/data/temp_frames/video15/frame_00069.png,"[758, 233, 1526, 1085]",RIGHT_ELBOW,-0.44452814729027024,0.5628611510529846,0.9963473677635193,0.4818428158760071,0.38923075050115585,0.36956642804111606
00069,/Users/nikko/Downloads/moi-main/project_root/data/temp_frames/video15/frame_00069.png,"[758, 233, 1526, 1085]",LEFT_WRIST,0.8495397927369996,1.1344838800763575,0.9609069228172302,0.4818428158760071,0.38923075050115585,0.36956642804111606
00069,/Users/nikko/Downloads/moi-main/project_root/data/temp_frames/video15/frame_00069.png,"[758, 233, 1526, 1085]",RIGHT_WRIST,-0.42029769037366055,1.3232021347705534,0.9988692402839661,0.4818428158760071,0.38923075050115585,0.36956642804111606
00069,/Users/nikko/Downloads/moi-main/project_root/data/temp_frames/video15/frame_00069.png,"[758, 233, 1526, 1085]",RIGHT_KNEE,-0.9073155041153501,0.348418639740632,0.7720147371292114,0.4818428158760071,0.38923075050115585,0.36956642804111606
00069,/Users/nikko/Downloads/moi-main/project_root/data/temp_frames/video15/frame_00069.png,"[758, 233, 1526, 1085]",RIGHT_ANKLE,-1.127494878830203,0.48853969678085624,0.8580403923988342,0.4818428158760071,0.38923075050115585,0.36956642804111606
00069,/Users/nikko/Downloads/moi-main/project_root/data/temp_frames/video15/frame_00069.png,"[758, 233, 1526, 1085]",LEFT_EYE,1.105714667920485,-0.31767079214278765,0.9957029223442078,0.4818428158760071,0.38923075050115585,0.36956642804111606
00069,/Users/nikko/Downloads/moi-main/project_root/data/temp_frames/video15/frame_00069.png,"[758, 233, 1526, 1085]",RIGHT_EYE,0.9752844388728286,-0.35094081779966024,0.9978742599487305,0.4818428158760071,0.38923075050115585,0.36956642804111606
00070,/Users/nikko/Downloads/moi-main/project_root/data/temp_frames/video15/frame_00070.png,"[758, 225, 1525, 1096]",LEFT_SHOULDER,0.8357439131529544,-0.17331032840836194,0.9999711513519287,0.4766407459974289,0.3840019702911377,0.3701327589565944
00070,/Users/nikko/Downloads/moi-main/project_root/data/temp_frames/video15/frame_00070.png,"[758, 225, 1525, 1096]",RIGHT_SHOULDER,0.014134237645344765,-0.22211651128499604,0.9995797276496887,0.4766407459974289,0.3840019702911377,0.3701327589565944
00070,/Users/nikko/Downloads/moi-main/project_root/data/temp_frames/video15/frame_00070.png,"[758, 225, 1525, 1096]",LEFT_HIP,-0.24534146441854365,0.22864812550607977,0.999576985836029,0.4766407459974289,0.3840019702911377,0.3701327589565944
00070,/Users/nikko/Downloads/moi-main/project_root/data/temp_frames/video15/frame_00070.png,"[758, 225, 1525, 1096]",RIGHT_HIP,-0.6045366863797556,0.16677871418727822,0.9995957016944885,0.4766407459974289,0.3840019702911377,0.3701327589565944
00070,/Users/nikko/Downloads/moi-main/project_root/data/temp_frames/video15/frame_00070.png,"[758, 225, 1525, 1096]",LEFT_ELBOW,0.7938196779968608,0.456086549680089,0.8599778413772583,0.4766407459974289,0.3840019702911377,0.3701327589565944
00070,/Users/nikko/Downloads/moi-main/project_root/data/temp_frames/video15/frame_00070.png,"[758, 225, 1525, 1096]",RIGHT_ELBOW,-0.4094932812443468,0.552807743019662,0.9932546019554138,0.4766407459974289,0.3840019702911377,0.3701327589565944
00070,/Users/nikko/Downloads/moi-main/project_root/data/temp_frames/video15/frame_00070.png,"[758, 225, 1525, 1096]",LEFT_WRIST,0.8598345547763687,1.1099106343259302,0.9542197585105896,0.4766407459974289,0.3840019702911377,0.3701327589565944
00070,/Users/nikko/Downloads/moi-main/project_root/data/temp_frames/video15/frame_00070.png,"[758, 225, 1525, 1096]",RIGHT_WRIST,-0.41332456575472437,1.294155458228025,0.9978729486465454,0.4766407459974289,0.3840019702911377,0.3701327589565944
00070,/Users/nikko/Downloads/moi-main/project_root/data/temp_frames/video15/frame_00070.png,"[758, 225, 1525, 1096]",RIGHT_KNEE,-0.9121696773482895,0.35654851718974684,0.5336077809333801,0.4766407459974289,0.3840019702911377,0.3701327589565944
00070,/Users/nikko/Downloads/moi-main/project_root/data/temp_frames/video15/frame_00070.png,"[758, 225, 1525, 1096]",RIGHT_ANKLE,-1.098351621662544,0.5001540110114391,0.6818678975105286,0.4766407459974289,0.3840019702911377,0.3701327589565944
00070,/Users/nikko/Downloads/moi-main/project_root/data/temp_frames/video15/frame_00070.png,"[758, 225, 1525, 1096]",LEFT_EYE,1.0676067168860652,-0.3064910052128925,0.9945624470710754,0.4766407459974289,0.3840019702911377,0.3701327589565944
00070,/Users/nikko/Downloads/moi-main/project_root/data/temp_frames/video15/frame_00070.png,"[758, 225, 1525, 1096]",RIGHT_EYE,0.9509027455119742,-0.3523961271873367,0.9970301389694214,0.4766407459974289,0.3840019702911377,0.3701327589565944
00071,/Users/nikko/Downloads/moi-main/project_root/data/temp_frames/video15/frame_00071.png,"[754, 213, 1518, 1087]",LEFT_SHOULDER,0.8424758315829943,-0.168870460308796,0.9999614953994751,0.47992730885744095,0.39286407828330994,0.3764261129553794
00071,/Users/nikko/Downloads/moi-main/project_root/data/temp_frames/video15/frame_00071.png,"[754, 213, 1518, 1087]",RIGHT_SHOULDER,-0.014352041104797734,-0.2349704977164078,0.9994745850563049,0.47992730885744095,0.39286407828330994,0.3764261129553794
00071,/Users/nikko/Downloads/moi-main/project_root/data/temp_frames/video15/frame_00071.png,"[754, 213, 1518, 1087]",LEFT_HIP,-0.2270447897585211,0.23735182627445967,0.9994718432426453,0.47992730885744095,0.39286407828330994,0.3764261129553794
00071,/Users/nikko/Downloads/moi-main/project_root/data/temp_frames/video15/frame_00071.png,"[754, 213, 1518, 1087]",RIGHT_HIP,-0.6010790007196755,0.16648913175074415,0.9995192289352417,0.47992730885744095,0.39286407828330994,0.3764261129553794
00071,/Users/nikko/Downloads/moi-main/project_root/data/temp_frames/video15/frame_00071.png,"[754, 213, 1518, 1087]",LEFT_ELBOW,0.7995417713480737,0.46690262033898106,0.8202860951423645,0.47992730885744095,0.39286407828330994,0.3764261129553794
00071,/Users/nikko/Downloads/moi-main/project_root/data/temp_frames/video15/frame_00071.png,"[754, 213, 1518, 1087]",RIGHT_ELBOW,-0.3759641218682363,0.5312648373513127,0.9887963533401489,0.47992730885744095,0.39286407828330994,0.3764261129553794
00071,/Users/nikko/Downloads/moi-main/project_root/data/temp_frames/video15/frame_00071.png,"[754, 213, 1518, 1087]",LEFT_WRIST,0.8409064887185185,1.0911058549145636,0.9299529194831848,0.47992730885744095,0.39286407828330994,0.3764261129553794
00071,/Users/nikko/Downloads/moi-main/project_root/data/temp_frames/video15/frame_00071.png,"[754, 213, 1518, 1087]",RIGHT_WRIST,-0.3929005473333089,1.2765633556586202,0.9967446327209473,0.47992730885744095,0.39286407828330994,0.3764261129553794
00071,/Users/nikko/Downloads/moi-main/project_root/data/temp_frames/video15/frame_00071.png,"[754, 213, 1518, 1087]",RIGHT_ANKLE,-1.0734661268059205,0.5088147313409961,0.6365243196487427,0.47992730885744095,0.39286407828330994,0.3764261129553794
00071,/Users/nikko/Downloads/moi-main/project_root/data/temp_frames/video15/frame_00071.png,"[754, 213, 1518, 1087]",LEFT_EYE,1.047634436070173,-0.31400039389553636,0.9913715124130249,0.47992730885744095,0.39286407828330994,0.3764261129553794
00071,/Users/nikko/Downloads/moi-main/project_root/data/temp_frames/video15/frame_00071.png,"[754, 213, 1518, 1087]",RIGHT_EYE,0.9243799797726128,-0.3703337223381294,0.995552122592926,0.47992730885744095,0.39286407828330994,0.3764261129553794
00072,/Users/nikko/Downloads/moi-main/project_root/data/temp_frames/video15/frame_00072.png,"[753, 206, 1517, 1098]",LEFT_SHOULDER,0.8548168168152375,-0.17047051809356187,0.9999502897262573,0.4775928109884262,0.39068553596735,0.3735983881593305
00072,/Users/nikko/Downloads/moi-main/project_root/data/temp_frames/video15/frame_00072.png,"[753, 206, 1517, 1098]",RIGHT_SHOULDER,-0.015569906010824596,-0.21853422943831896,0.9994078874588013,0.4775928109884262,0.39068553596735,0.3735983881593305
00072,/Users/nikko/Downloads/moi-main/project_root/data/temp_frames/video15/frame_00072.png,"[753, 206, 1517, 1098]",LEFT_HIP,-0.2293621275576063,0.23265661062252013,0.9995049238204956,0.4775928109884262,0.39068553596735,0.3735983881593305
00072,/Users/nikko/Downloads/moi-main/project_root/data/temp_frames/video15/frame_00072.png,"[753, 206, 1517, 1098]",RIGHT_HIP,-0.6098847832468066,0.1563481369093607,0.9995676875114441,0.4775928109884262,0.39068553596735,0.3735983881593305
00072,/Users/nikko/Downloads/moi-main/project_root/data/temp_frames/video15/frame_00072.png,"[753, 206, 1517, 1098]",LEFT_ELBOW,0.8152258242189733,0.45287590302548064,0.8559359312057495,0.4775928109884262,0.39068553596735,0.3735983881593305
00072,/Users/nikko/Downloads/moi-main/project_root/data/temp_frames/video15/frame_00072.png,"[753, 206, 1517, 1098]",RIGHT_ELBOW,-0.3514602005380743,0.5225871543088259,0.9928492307662964,0.4775928109884262,0.39068553596735,0.3735983881593305
00072,/Users/nikko/Downloads/moi-main/project_root/data/temp_frames/video15/frame_00072.png,"[753, 206, 1517, 1098]",LEFT_WRIST,0.8659069023159811,1.0883814210087397,0.9357370734214783,0.4775928109884262,0.39068553596735,0.3735983881593305
00072,/Users/nikko/Downloads/moi-main/project_root/data/temp_frames/video15/frame_00072.png,"[753, 206, 1517, 1098]",RIGHT_WRIST,-0.40375831686722596,1.2792208095089184,0.9976848363876343,0.4775928109884262,0.39068553596735,0.3735983881593305
00072,/Users/nikko/Downloads/moi-main/project_root/data/temp_frames/video15/frame_00072.png,"[753, 206, 1517, 1098]",RIGHT_KNEE,-0.8911017794922589,0.37304107185140895,0.5470425486564636,0.4775928109884262,0.39068553596735,0.3735983881593305
00072,/Users/nikko/Downloads/moi-main/project_root/data/temp_frames/video15/frame_00072.png,"[753, 206, 1517, 1098]",RIGHT_ANKLE,-1.074798132339601,0.4997927464967469,0.756472110748291,0.4775928109884262,0.39068553596735,0.3735983881593305
00072,/Users/nikko/Downloads/moi-main/project_root/data/temp_frames/video15/frame_00072.png,"[753, 206, 1517, 1098]",LEFT_EYE,1.0513544084133641,-0.3471411385646875,0.9908939599990845,0.4775928109884262,0.39068553596735,0.3735983881593305
00072,/Users/nikko/Downloads/moi-main/project_root/data/temp_frames/video15/frame_00072.png,"[753, 206, 1517, 1098]",RIGHT_EYE,0.9149129486534033,-0.3945694338945394,0.9955839514732361,0.4775928109884262,0.39068553596735,0.3735983881593305
00073,/Users/nikko/Downloads/moi-main/project_root/data/temp_frames/video15/frame_00073.png,"[751, 200, 1511, 1098]",LEFT_SHOULDER,0.8589246715102307,-0.1555585457109749,0.9999752044677734,0.4796907380223274,0.3959384858608246,0.36898114449731123
00073,/Users/nikko/Downloads/moi-main/project_root/data/temp_frames/video15/frame_00073.png,"[751, 200, 1511, 1098]",RIGHT_SHOULDER,-0.02578818101974333,-0.22450671304072084,0.9996886253356934,0.4796907380223274,0.3959384858608246,0.36898114449731123
00073,/Users/nikko/Downloads/moi-main/project_root/data/temp_frames/video15/frame_00073.png,"[751, 200, 1511, 1098]",LEFT_HIP,-0.2272251831580755,0.23906512417778117,0.9997580647468567,0.4796907380223274,0.3959384858608246,0.36898114449731123
00073,/Users/nikko/Downloads/moi-main/project_root/data/temp_frames/video15/frame_00073.png,"[751, 200, 1511, 1098]",RIGHT_HIP,-0.6059113073324118,0.14100013457391458,0.9997919201850891,0.4796907380223274,0.3959384858608246,0.36898114449731123
00073,/Users/nikko/Downloads/moi-main/project_root/data/temp_frames/video15/frame_00073.png,"[751, 200, 1511, 1098]",LEFT_ELBOW,0.8611293483725208,0.46312744492306235,0.9356644749641418,0.4796907380223274,0.3959384858608246,0.36898114449731123
00073,/Users/nikko/Downloads/moi-main/project_root/data/temp_frames/video15/frame_00073.png,"[751, 200, 1511, 1098]",RIGHT_ELBOW,-0.33563089555375303,0.5381475197777027,0.997599184513092,0.4796907380223274,0.3959384858608246,0.36898114449731123
00073,/Users/nikko/Downloads/moi-main/project_root/data/temp_frames/video15/frame_00073.png,"[751, 200, 1511, 1098]",LEFT_WRIST,0.8863225630625144,1.088337812300288,0.9745854735374451,0.4796907380223274,0.3959384858608246,0.36898114449731123
00073,/Users/nikko/Downloads/moi-main/project_root/data/temp_frames/video15/frame_00073.png,"[751, 200, 1511, 1098]",RIGHT_WRIST,-0.3936794170301754,1.3004195526066642,0.9992594122886658,0.4796907380223274,0.3959384858608246,0.36898114449731123
00073,/Users/nikko/Downloads/moi-main/project_root/data/temp_frames/video15/frame_00073.png,"[751, 200, 1511, 1098]",RIGHT_KNEE,-0.8996699607714261,0.3738047550781551,0.8251486420631409,0.4796907380223274,0.3959384858608246,0.36898114449731123
00073,/Users/nikko/Downloads/moi-main/project_root/data/temp_frames/video15/frame_00073.png,"[751, 200, 1511, 1098]",RIGHT_ANKLE,-1.1096444924820557,0.4979900285772237,0.9130417704582214,0.4796907380223274,0.3959384858608246,0.36898114449731123
00073,/Users/nikko/Downloads/moi-main/project_root/data/temp_frames/video15/frame_00073.png,"[751, 200, 1511, 1098]",LEFT_EYE,1.057313119886463,-0.38309701251425876,0.997510552406311,0.4796907380223274,0.3959384858608246,0.36898114449731123
00073,/Users/nikko/Downloads/moi-main/project_root/data/temp_frames/video15/frame_00073.png,"[751, 200, 1511, 1098]",RIGHT_EYE,0.9347099540360806,-0.42460605560055004,0.9987949132919312,0.4796907380223274,0.3959384858608246,0.36898114449731123
00074,/Users/nikko/Downloads/moi-main/project_root/data/temp_frames/video15/frame_00074.png,"[749, 196, 1508, 1100]",LEFT_SHOULDER,0.8557955666834197,-0.14956523150957354,0.9999688863754272,0.4838525652885437,0.39735984802246094,0.36804979268376986
00074,/Users/nikko/Downloads/moi-main/project_root/data/temp_frames/video15/frame_00074.png,"[749, 196, 1508, 1100]",RIGHT_SHOULDER,-0.03405564027479062,-0.23460688045032832,0.9996033310890198,0.4838525652885437,0.39735984802246094,0.36804979268376986
00074,/Users/nikko/Downloads/moi-main/project_root/data/temp_frames/video15/frame_00074.png,"[749, 196, 1508, 1100]",LEFT_HIP,-0.21288546517884793,0.2386532939627454,0.9997326731681824,0.4838525652885437,0.39735984802246094,0.36804979268376986
00074,/Users/nikko/Downloads/moi-main/project_root/data/temp_frames/video15/frame_00074.png,"[749, 196, 1508, 1100]",RIGHT_HIP,-0.6088544612297812,0.14551881799715646,0.999776303768158,0.4838525652885437,0.39735984802246094,0.36804979268376986
00074,/Users/nikko/Downloads/moi-main/project_root/data/temp_frames/video15/frame_00074.png,"[749, 196, 1508, 1100]",LEFT_ELBOW,0.8582931168790692,0.45394132728629294,0.9154271483421326,0.4838525652885437,0.39735984802246094,0.36804979268376986
00074,/Users/nikko/Downloads/moi-main/project_root/data/temp_frames/video15/frame_00074.png,"[749, 196, 1508, 1100]",RIGHT_ELBOW,-0.3165939616945949,0.5118755199487648,0.9967718720436096,0.4838525652885437,0.39735984802246094,0.36804979268376986
00074,/Users/nikko/Downloads/moi-main/project_root/data/temp_frames/video15/frame_00074.png,"[749, 196, 1508, 1100]",LEFT_WRIST,0.8692901435964582,1.086185908055222,0.9563767313957214,0.4838525652885437,0.39735984802246094,0.36804979268376986
00074,/Users/nikko/Downloads/moi-main/project_root/data/temp_frames/video15/frame_00074.png,"[749, 196, 1508, 1100]",RIGHT_WRIST,-0.39671638252174907,1.2953946852499028,0.9989701509475708,0.4838525652885437,0.39735984802246094,0.36804979268376986
00074,/Users/nikko/Downloads/moi-main/project_root/data/temp_frames/video15/frame_00074.png,"[749, 196, 1508, 1100]",RIGHT_KNEE,-0.8946285692975022,0.3748658953072047,0.7451767921447754,0.4838525652885437,0.39735984802246094,0.36804979268376986
00074,/Users/nikko/Downloads/moi-main/project_root/data/temp_frames/video15/frame_00074.png,"[749, 196, 1508, 1100]",RIGHT_ANKLE,-1.098528189933272,0.4804452872084555,0.8834661245346069,0.4838525652885437,0.39735984802246094,0.36804979268376986
00074,/Users/nikko/Downloads/moi-main/project_root/data/temp_frames/video15/frame_00074.png,"[749, 196, 1508, 1100]",LEFT_EYE,1.0437366237741152,-0.3865345981649423,0.9946845173835754,0.4838525652885437,0.39735984802246094,0.36804979268376986
00074,/Users/nikko/Downloads/moi-main/project_root/data/temp_frames/video15/frame_00074.png,"[749, 196, 1508, 1100]",RIGHT_EYE,0.9119263149820768,-0.425562099403391,0.9975975155830383,0.4838525652885437,0.39735984802246094,0.36804979268376986
00075,/Users/nikko/Downloads/moi-main/project_root/data/temp_frames/video15/frame_00075.png,"[749, 196, 1507, 1101]",LEFT_SHOULDER,0.8631738370593703,-0.15628650599936564,0.9999736547470093,0.47950829565525055,0.39836180955171585,0.3645024789878222
00075,/Users/nikko/Downloads/moi-main/project_root/data/temp_frames/video15/frame_00075.png,"[749, 196, 1507, 1101]",RIGHT_SHOULDER,-0.03617114746413267,-0.22137646123037677,0.9996700286865234,0.47950829565525055,0.39836180955171585,0.3645024789878222
00075,/Users/nikko/Downloads/moi-main/project_root/data/temp_frames/video15/frame_00075.png,"[749, 196, 1507, 1101]",LEFT_HIP,-0.21693502557633318,0.2429801363564322,0.9997573494911194,0.47950829565525055,0.39836180955171585,0.3645024789878222
00075,/Users/nikko/Downloads/moi-main/project_root/data/temp_frames/video15/frame_00075.png,"[749, 196, 1507, 1101]",RIGHT_HIP,-0.6100676640189046,0.1346828308733102,0.999800980091095,0.47950829565525055,0.39836180955171585,0.3645024789878222
00075,/Users/nikko/Downloads/moi-main/project_root/data/temp_frames/video15/frame_00075.png,"[749, 196, 1507, 1101]",LEFT_ELBOW,0.8743877737549793,0.4436571449362257,0.9409188032150269,0.47950829565525055,0.39836180955171585,0.3645024789878222
00075,/Users/nikko/Downloads/moi-main/project_root/data/temp_frames/video15/frame_00075.png,"[749, 196, 1507, 1101]",RIGHT_ELBOW,-0.31721813635155827,0.5191082629026609,0.9978798627853394,0.47950829565525055,0.39836180955171585,0.3645024789878222
00075,/Users/nikko/Downloads/moi-main/project_root/data/temp_frames/video15/frame_00075.png,"[749, 196, 1507, 1101]",LEFT_WRIST,0.8928423582325686,1.0981872413429858,0.9706747531890869,0.47950829565525055,0.39836180955171585,0.3645024789878222
00075,/Users/nikko/Downloads/moi-main/project_root/data/temp_frames/video15/frame_00075.png,"[749, 196, 1507, 1101]",RIGHT_WRIST,-0.3899601639635575,1.3034539398801122,0.9993342757225037,0.47950829565525055,0.39836180955171585,0.3645024789878222
00075,/Users/nikko/Downloads/moi-main/project_root/data/temp_frames/video15/frame_00075.png,"[749, 196, 1507, 1101]",RIGHT_KNEE,-0.9116788922360451,0.38754609006567353,0.8375498652458191,0.47950829565525055,0.39836180955171585,0.3645024789878222
00075,/Users/nikko/Downloads/moi-main/project_root/data/temp_frames/video15/frame_00075.png,"[749, 196, 1507, 1101]",RIGHT_ANKLE,-1.1184878198071107,0.4892906084884868,0.9208359122276306,0.47950829565525055,0.39836180955171585,0.3645024789878222
00075,/Users/nikko/Downloads/moi-main/project_root/data/temp_frames/video15/frame_00075.png,"[749, 196, 1507, 1101]",LEFT_EYE,1.0559511172346474,-0.3976247254358608,0.9974345564842224,0.47950829565525055,0.39836180955171585,0.3645024789878222
00075,/Users/nikko/Downloads/moi-main/project_root/data/temp_frames/video15/frame_00075.png,"[749, 196, 1507, 1101]",RIGHT_EYE,0.9245894239518666,-0.4351511539320189,0.9988939166069031,0.47950829565525055,0.39836180955171585,0.3645024789878222
00076,/Users/nikko/Downloads/moi-main/project_root/data/temp_frames/video15/frame_00076.png,"[748, 197, 1505, 1102]",LEFT_SHOULDER,0.8520271617717546,-0.14432454158039887,0.9999735355377197,0.4811828285455704,0.394718773663044,0.3711821609464907
00076,/Users/nikko/Downloads/moi-main/project_root/data/temp_frames/video15/frame_00076.png,"[748, 197, 1505, 1102]",RIGHT_SHOULDER,-0.03625616320353309,-0.2406338654051163,0.9996668100357056,0.4811828285455704,0.394718773663044,0.3711821609464907
00076,/Users/nikko/Downloads/moi-main/project_root/data/temp_frames/video15/frame_00076.png,"[748, 197, 1505, 1102]",LEFT_HIP,-0.2116289388568042,0.2450150253736381,0.9998140931129456,0.4811828285455704,0.394718773663044,0.3711821609464907
00076,/Users/nikko/Downloads/moi-main/project_root/data/temp_frames/video15/frame_00076.png,"[748, 197, 1505, 1102]",RIGHT_HIP,-0.6041420597114173,0.13994338161187708,0.999842643737793,0.4811828285455704,0.394718773663044,0.3711821609464907
00076,/Users/nikko/Downloads/moi-main/project_root/data/temp_frames/video15/frame_00076.png,"[748, 197, 1505, 1102]",LEFT_ELBOW,0.8585340472448736,0.4557199434576653,0.9543284177780151,0.4811828285455704,0.394718773663044,0.3711821609464907
00076,/Users/nikko/Downloads/moi-main/project_root/data/temp_frames/video15/frame_00076.png,"[748, 197, 1505, 1102]",RIGHT_ELBOW,-0.3182114852472411,0.5268481455998923,0.9980176687240601,0.4811828285455704,0.394718773663044,0.3711821609464907
00076,/Users/nikko/Downloads/moi-main/project_root/data/temp_frames/video15/frame_00076.png,"[748, 197, 1505, 1102]",LEFT_WRIST,0.8717141796666463,1.08171649751803,0.9721390008926392,0.4811828285455704,0.394718773663044,0.3711821609464907
00076,/Users/nikko/Downloads/moi-main/project_root/data/temp_frames/video15/frame_00076.png,"[748, 197, 1505, 1102]",RIGHT_WRIST,-0.38015118660679736,1.2885797662198564,0.9992958307266235,0.4811828285455704,0.394718773663044,0.3711821609464907
00076,/Users/nikko/Downloads/moi-main/project_root/data/temp_frames/video15/frame_00076.png,"[748, 197, 1505, 1102]",RIGHT_KNEE,-0.8922910548170175,0.3746518037328007,0.8682671189308167,0.4811828285455704,0.394718773663044,0.3711821609464907
00076,/Users/nikko/Downloads/moi-main/project_root/data/temp_frames/video15/frame_00076.png,"[748, 197, 1505, 1102]",RIGHT_ANKLE,-1.094236162035483,0.5033852360681971,0.9420006275177002,0.4811828285455704,0.394718773663044,0.3711821609464907
00076,/Users/nikko/Downloads/moi-main/project_root/data/temp_frames/video15/frame_00076.png,"[748, 197, 1505, 1102]",LEFT_EYE,1.0482229023063403,-0.38877651124093,0.9967014193534851,0.4811828285455704,0.394718773663044,0.3711821609464907
00076,/Users/nikko/Downloads/moi-main/project_root/data/temp_frames/video15/frame_00076.png,"[748, 197, 1505, 1102]",RIGHT_EYE,0.9133178767380924,-0.42663025043840924,0.9985522627830505,0.4811828285455704,0.394718773663044,0.3711821609464907
00077,/Users/nikko/Downloads/moi-main/project_root/data/temp_frames/video15/frame_00077.png,"[747, 199, 1502, 1095]",LEFT_SHOULDER,0.8563936865813445,-0.14607655358106428,0.9999769926071167,0.4825029596686363,0.3991309329867363,0.36344649870158957
00077,/Users/nikko/Downloads/moi-main/project_root/data/temp_frames/video15/frame_00077.png,"[747, 199, 1502, 1095]",RIGHT_SHOULDER,-0.023986385686510143,-0.22655991704869105,0.9997197985649109,0.4825029596686363,0.3991309329867363,0.36344649870158957
00077,/Users/nikko/Downloads/moi-main/project_root/data/temp_frames/video15/frame_00077.png,"[747, 199, 1502, 1095]",LEFT_HIP,-0.21971667375497256,0.23830978751379384,0.999808132648468,0.4825029596686363,0.3991309329867363,0.36344649870158957
00077,/Users/nikko/Downloads/moi-main/project_root/data/temp_frames/video15/frame_00077.png,"[747, 199, 1502, 1095]",RIGHT_HIP,-0.6126906271398618,0.13432668311596146,0.9998422861099243,0.4825029596686363,0.3991309329867363,0.36344649870158957
00077,/Users/nikko/Downloads/moi-main/project_root/data/temp_frames/video15/frame_00077.png,"[747, 199, 1502, 1095]",LEFT_ELBOW,0.8813791710288814,0.47546566177565514,0.9568828344345093,0.4825029596686363,0.3991309329867363,0.36344649870158957
00077,/Users/nikko/Downloads/moi-main/project_root/data/temp_frames/video15/frame_00077.png,"[747, 199, 1502, 1095]",RIGHT_ELBOW,-0.325424631339353,0.5261480557359294,0.9984257221221924,0.4825029596686363,0.3991309329867363,0.36344649870158957
00077,/Users/nikko/Downloads/moi-main/project_root/data/temp_frames/video15/frame_00077.png,"[747, 199, 1502, 1095]",LEFT_WRIST,0.8893870489700229,1.1167810823879492,0.9795857071876526,0.4825029596686363,0.3991309329867363,0.36344649870158957
00077,/Users/nikko/Downloads/moi-main/project_root/data/temp_frames/video15/frame_00077.png,"[747, 199, 1502, 1095]",RIGHT_WRIST,-0.39763435745639686,1.3146854972635489,0.9995089769363403,0.4825029596686363,0.3991309329867363,0.36344649870158957
00077,/Users/nikko/Downloads/moi-main/project_root/data/temp_frames/video15/frame_00077.png,"[747, 199, 1502, 1095]",RIGHT_KNEE,-0.9182732763940601,0.3929710219134645,0.910883367061615,0.4825029596686363,0.3991309329867363,0.36344649870158957
00077,/Users/nikko/Downloads/moi-main/project_root/data/temp_frames/video15/frame_00077.png,"[747, 199, 1502, 1095]",RIGHT_ANKLE,-1.1288484742579301,0.49913391106328203,0.9597680568695068,0.4825029596686363,0.3991309329867363,0.36344649870158957
00077,/Users/nikko/Downloads/moi-main/project_root/data/temp_frames/video15/frame_00077.png,"[747, 199, 1502, 1095]",LEFT_EYE,1.0619896264818176,-0.3934555961899516,0.9977881908416748,0.4825029596686363,0.3991309329867363,0.36344649870158957
00077,/Users/nikko/Downloads/moi-main/project_root/data/temp_frames/video15/frame_00077.png,"[747, 199, 1502, 1095]",RIGHT_EYE,0.9278179423549634,-0.42764930387795413,0.9990400671958923,0.4825029596686363,0.3991309329867363,0.36344649870158957
00078,/Users/nikko/Downloads/moi-main/project_root/data/temp_frames/video15/frame_00078.png,"[745, 204, 1502, 1096]",LEFT_SHOULDER,0.8495998032225038,-0.14106983766989173,0.999935507774353,0.4791892319917679,0.3963824659585953,0.37776457087186643
00078,/Users/nikko/Downloads/moi-main/project_root/data/temp_frames/video15/frame_00078.png,"[745, 204, 1502, 1096]",RIGHT_SHOULDER,-0.02703268138669759,-0.23886549279685199,0.9992842078208923,0.4791892319917679,0.3963824659585953,0.37776457087186643
00078,/Users/nikko/Downloads/moi-main/project_root/data/temp_frames/video15/frame_00078.png,"[745, 204, 1502, 1096]",LEFT_HIP,-0.2181356312745576,0.2446881410167993,0.9994151592254639,0.4791892319917679,0.3963824659585953,0.37776457087186643
00078,/Users/nikko/Downloads/moi-main/project_root/data/temp_frames/video15/frame_00078.png,"[745, 204, 1502, 1096]",RIGHT_HIP,-0.6044314905612487,0.1352471894499444,0.9995235204696655,0.4791892319917679,0.3963824659585953,0.37776457087186643
00078,/Users/nikko/Downloads/moi-main/project_root/data/temp_frames/video15/frame_00078.png,"[745, 204, 1502, 1096]",LEFT_ELBOW,0.8446361230243811,0.46175522964150356,0.8882055878639221,0.4791892319917679,0.3963824659585953,0.37776457087186643
00078,/Users/nikko/Downloads/moi-main/project_root/data/temp_frames/video15/frame_00078.png,"[745, 204, 1502, 1096]",RIGHT_ELBOW,-0.29564353149148515,0.5135451318478995,0.9944709539413452,0.4791892319917679,0.3963824659585953,0.37776457087186643
00078,/Users/nikko/Downloads/moi-main/project_root/data/temp_frames/video15/frame_00078.png,"[745, 204, 1502, 1096]",LEFT_WRIST,0.8706287415055198,1.093490393062169,0.9402714371681213,0.4791892319917679,0.3963824659585953,0.37776457087186643
00078,/Users/nikko/Downloads/moi-main/project_root/data/temp_frames/video15/frame_00078.png,"[745, 204, 1502, 1096]",RIGHT_WRIST,-0.38545192004959805,1.2817479719321059,0.9984413981437683,0.4791892319917679,0.3963824659585953,0.37776457087186643
00078,/Users/nikko/Downloads/moi-main/project_root/data/temp_frames/video15/frame_00078.png,"[745, 204, 1502, 1096]",RIGHT_KNEE,-0.8405095185238677,0.36166731010949776,0.6278544664382935,0.4791892319917679,0.3963824659585953,0.37776457087186643
00078,/Users/nikko/Downloads/moi-main/project_root/data/temp_frames/video15/frame_00078.png,"[745, 204, 1502, 1096]",RIGHT_ANKLE,-1.0612657596210713,0.46627238531689236,0.8330989480018616,0.4791892319917679,0.3963824659585953,0.37776457087186643
00078,/Users/nikko/Downloads/moi-main/project_root/data/temp_frames/video15/frame_00078.png,"[745, 204, 1502, 1096]",LEFT_EYE,1.014513932069501,-0.3676860819979109,0.9899446964263916,0.4791892319917679,0.3963824659585953,0.37776457087186643
00078,/Users/nikko/Downloads/moi-main/project_root/data/temp_frames/video15/frame_00078.png,"[745, 204, 1502, 1096]",RIGHT_EYE,0.880309487827902,-0.4168813690513148,0.9957398176193237,0.4791892319917679,0.3963824659585953,0.37776457087186643
00079,/Users/nikko/Downloads/moi-main/project_root/data/temp_frames/video15/frame_00079.png,"[739, 207, 1502, 1097]",LEFT_SHOULDER,0.8500285010917236,-0.16556928932098633,0.9999434947967529,0.47809436172246933,0.3972492069005966,0.37298323659259813
00079,/Users/nikko/Downloads/moi-main/project_root/data/temp_frames/video15/frame_00079.png,"[739, 207, 1502, 1097]",RIGHT_SHOULDER,-0.030899585619950883,-0.22861474103099355,0.9993780851364136,0.47809436172246933,0.3972492069005966,0.37298323659259813
00079,/Users/nikko/Downloads/moi-main/project_root/data/temp_frames/video15/frame_00079.png,"[739, 207, 1502, 1097]",LEFT_HIP,-0.2116971478394968,0.24774661445699453,0.9994375109672546,0.47809436172246933,0.3972492069005966,0.37298323659259813
00079,/Users/nikko/Downloads/moi-main/project_root/data/temp_frames/video15/frame_00079.png,"[739, 207, 1502, 1097]",RIGHT_HIP,-0.6074317676322759,0.14643741589498532,0.9995388984680176,0.47809436172246933,0.3972492069005966,0.37298323659259813
00079,/Users/nikko/Downloads/moi-main/project_root/data/temp_frames/video15/frame_00079.png,"[739, 207, 1502, 1097]",LEFT_ELBOW,0.8620477665788301,0.4562555894824147,0.8881890177726746,0.47809436172246933,0.3972492069005966,0.37298323659259813
00079,/Users/nikko/Downloads/moi-main/project_root/data/temp_frames/video15/frame_00079.png,"[739, 207, 1502, 1097]",RIGHT_ELBOW,-0.29552102541323305,0.5146181907669389,0.9946028590202332,0.47809436172246933,0.3972492069005966,0.37298323659259813
00079,/Users/nikko/Downloads/moi-main/project_root/data/temp_frames/video15/frame_00079.png,"[739, 207, 1502, 1097]",LEFT_WRIST,0.8862381124524308,1.0993949605495408,0.9435129165649414,0.47809436172246933,0.3972492069005966,0.37298323659259813
00079,/Users/nikko/Downloads/moi-main/project_root/data/temp_frames/video15/frame_00079.png,"[739, 207, 1502, 1097]",RIGHT_WRIST,-0.3726257353452249,1.2815522249495506,0.9984373450279236,0.47809436172246933,0.3972492069005966,0.37298323659259813
00079,/Users/nikko/Downloads/moi-main/project_root/data/temp_frames/video15/frame_00079.png,"[739, 207, 1502, 1097]",RIGHT_KNEE,-0.8779180167453533,0.38501205330289057,0.563513994216919,0.47809436172246933,0.3972492069005966,0.37298323659259813
00079,/Users/nikko/Downloads/moi-main/project_root/data/temp_frames/video15/frame_00079.png,"[739, 207, 1502, 1097]",RIGHT_ANKLE,-1.0781965867082026,0.5038300642112885,0.7650286555290222,0.47809436172246933,0.3972492069005966,0.37298323659259813
00079,/Users/nikko/Downloads/moi-main/project_root/data/temp_frames/video15/frame_00079.png,"[739, 207, 1502, 1097]",LEFT_EYE,1.0344080160084554,-0.3769184814062153,0.9918206930160522,0.47809436172246933,0.3972492069005966,0.37298323659259813
00079,/Users/nikko/Downloads/moi-main/project_root/data/temp_frames/video15/frame_00079.png,"[739, 207, 1502, 1097]",RIGHT_EYE,0.9076106139882376,-0.42710477167389804,0.9964720010757446,0.47809436172246933,0.3972492069005966,0.37298323659259813
00080,/Users/nikko/Downloads/moi-main/project_root/data/temp_frames/video15/frame_00080.png,"[736, 212, 1500, 1098]",LEFT_SHOULDER,0.8556969319528596,-0.16344083450609498,0.9999505281448364,0.48129692673683167,0.39307744801044464,0.36819875640159827
00080,/Users/nikko/Downloads/moi-main/project_root/data/temp_frames/video15/frame_00080.png,"[736, 212, 1500, 1098]",RIGHT_SHOULDER,-0.03059880012422835,-0.22631374858453027,0.9993442893028259,0.48129692673683167,0.39307744801044464,0.36819875640159827
00080,/Users/nikko/Downloads/moi-main/project_root/data/temp_frames/video15/frame_00080.png,"[736, 212, 1500, 1098]",LEFT_HIP,-0.21303236593516256,0.23787145524267617,0.9995343685150146,0.48129692673683167,0.39307744801044464,0.36819875640159827
00080,/Users/nikko/Downloads/moi-main/project_root/data/temp_frames/video15/frame_00080.png,"[736, 212, 1500, 1098]",RIGHT_HIP,-0.6120657658934686,0.1518831278479491,0.9995977282524109,0.48129692673683167,0.39307744801044464,0.36819875640159827
00080,/Users/nikko/Downloads/moi-main/project_root/data/temp_frames/video15/frame_00080.png,"[736, 212, 1500, 1098]",LEFT_ELBOW,0.8682798354885061,0.4736491729021573,0.8550512790679932,0.48129692673683167,0.39307744801044464,0.36819875640159827
00080,/Users/nikko/Downloads/moi-main/project_root/data/temp_frames/video15/frame_00080.png,"[736, 212, 1500, 1098]",RIGHT_ELBOW,-0.29660671325136606,0.5226166098638343,0.9920600652694702,0.48129692673683167,0.39307744801044464,0.36819875640159827
00080,/Users/nikko/Downloads/moi-main/project_root/data/temp_frames/video15/frame_00080.png,"[736, 212, 1500, 1098]",LEFT_WRIST,0.8932547840222067,1.1298069033179967,0.9361711144447327,0.48129692673683167,0.39307744801044464,0.36819875640159827
00080,/Users/nikko/Downloads/moi-main/project_root/data/temp_frames/video15/frame_00080.png,"[736, 212, 1500, 1098]",RIGHT_WRIST,-0.3874298807758695,1.3153356474484972,0.9977108240127563,0.48129692673683167,0.39307744801044464,0.36819875640159827
00080,/Users/nikko/Downloads/moi-main/project_root/data/temp_frames/video15/frame_00080.png,"[736, 212, 1500, 1098]",RIGHT_KNEE,-0.8796292813250974,0.36955728997219334,0.5117628574371338,0.48129692673683167,0.39307744801044464,0.36819875640159827
00080,/Users/nikko/Downloads/moi-main/project_root/data/temp_frames/video15/frame_00080.png,"[736, 212, 1500, 1098]",RIGHT_ANKLE,-1.0825860081392589,0.5157058796095308,0.7624074816703796,0.48129692673683167,0.39307744801044464,0.36819875640159827
00080,/Users/nikko/Downloads/moi-main/project_root/data/temp_frames/video15/frame_00080.png,"[736, 212, 1500, 1098]",LEFT_EYE,1.042939032115488,-0.3681051300812065,0.9892337322235107,0.48129692673683167,0.39307744801044464,0.36819875640159827
00080,/Users/nikko/Downloads/moi-main/project_root/data/temp_frames/video15/frame_00080.png,"[736, 212, 1500, 1098]",RIGHT_EYE,0.9195807973182033,-0.4069277234903126,0.9950527548789978,0.48129692673683167,0.39307744801044464,0.36819875640159827
00081,/Users/nikko/Downloads/moi-main/project_root/data/temp_frames/video15/frame_00081.png,"[735, 216, 1500, 1104]",LEFT_SHOULDER,0.8522071684432322,-0.15566141137432402,0.9999526739120483,0.4833649918437004,0.3859484940767288,0.37115721986908523
00081,/Users/nikko/Downloads/moi-main/project_root/data/temp_frames/video15/frame_00081.png,"[735, 216, 1500, 1104]",RIGHT_SHOULDER,-0.026816168512372906,-0.2334260939363211,0.9994401335716248,0.4833649918437004,0.3859484940767288,0.37115721986908523
00081,/Users/nikko/Downloads/moi-main/project_root/data/temp_frames/video15/frame_00081.png,"[735, 216, 1500, 1104]",LEFT_HIP,-0.22260643134715463,0.24155795891406837,0.9996994733810425,0.4833649918437004,0.3859484940767288,0.37115721986908523
00081,/Users/nikko/Downloads/moi-main/project_root/data/temp_frames/video15/frame_00081.png,"[735, 216, 1500, 1104]",RIGHT_HIP,-0.6027845685837047,0.14752954639657676,0.99973064661026,0.4833649918437004,0.3859484940767288,0.37115721986908523
00081,/Users/nikko/Downloads/moi-main/project_root/data/temp_frames/video15/frame_00081.png,"[735, 216, 1500, 1104]",LEFT_ELBOW,0.8620478861418794,0.46334667910172367,0.840136706829071,0.4833649918437004,0.3859484940767288,0.37115721986908523
00081,/Users/nikko/Downloads/moi-main/project_root/data/temp_frames/video15/frame_00081.png,"[735, 216, 1500, 1104]",RIGHT_ELBOW,-0.31650243628374386,0.5285612267410662,0.9907419085502625,0.4833649918437004,0.3859484940767288,0.37115721986908523
00081,/Users/nikko/Downloads/moi-main/project_root/data/temp_frames/video15/frame_00081.png,"[735, 216, 1500, 1104]",LEFT_WRIST,0.8771654755213883,1.1191984436208557,0.9149752259254456,0.4833649918437004,0.3859484940767288,0.37115721986908523
00081,/Users/nikko/Downloads/moi-main/project_root/data/temp_frames/video15/frame_00081.png,"[735, 216, 1500, 1104]",RIGHT_WRIST,-0.3925712740254512,1.3127805751792185,0.9972770810127258,0.4833649918437004,0.3859484940767288,0.37115721986908523
00081,/Users/nikko/Downloads/moi-main/project_root/data/temp_frames/video15/frame_00081.png,"[735, 216, 1500, 1104]",RIGHT_ANKLE,-1.0898014313465252,0.5075443135477937,0.7089309692382812,0.4833649918437004,0.3859484940767288,0.37115721986908523
00081,/Users/nikko/Downloads/moi-main/project_root/data/temp_frames/video15/frame_00081.png,"[735, 216, 1500, 1104]",LEFT_EYE,1.0487894678929448,-0.3750665140708472,0.9840183854103088,0.4833649918437004,0.3859484940767288,0.37115721986908523
00081,/Users/nikko/Downloads/moi-main/project_root/data/temp_frames/video15/frame_00081.png,"[735, 216, 1500, 1104]",RIGHT_EYE,0.9126059022122293,-0.40764680854110474,0.9926595091819763,0.4833649918437004,0.3859484940767288,0.37115721986908523
00082,/Users/nikko/Downloads/moi-main/project_root/data/temp_frames/video15/frame_00082.png,"[734, 215, 1498, 1104]",LEFT_SHOULDER,0.8456867517289555,-0.14027817583657515,0.9999349117279053,0.4817719981074333,0.3933090940117836,0.37994338916332776
00082,/Users/nikko/Downloads/moi-main/project_root/data/temp_frames/video15/frame_00082.png,"[734, 215, 1498, 1104]",RIGHT_SHOULDER,-0.01533877588313653,-0.2360111446494004,0.9993094205856323,0.4817719981074333,0.3933090940117836,0.37994338916332776
00082,/Users/nikko/Downloads/moi-main/project_root/data/temp_frames/video15/frame_00082.png,"[734, 215, 1498, 1104]",LEFT_HIP,-0.22357454737511165,0.24257039735637076,0.9995930790901184,0.4817719981074333,0.3933090940117836,0.37994338916332776
00082,/Users/nikko/Downloads/moi-main/project_root/data/temp_frames/video15/frame_00082.png,"[734, 215, 1498, 1104]",RIGHT_HIP,-0.6067734284707073,0.1337189231296048,0.9996410608291626,0.4817719981074333,0.3933090940117836,0.37994338916332776
00082,/Users/nikko/Downloads/moi-main/project_root/data/temp_frames/video15/frame_00082.png,"[734, 215, 1498, 1104]",LEFT_ELBOW,0.8483066093081095,0.4460890133065744,0.8337804079055786,0.4817719981074333,0.3933090940117836,0.37994338916332776
00082,/Users/nikko/Downloads/moi-main/project_root/data/temp_frames/video15/frame_00082.png,"[734, 215, 1498, 1104]",RIGHT_ELBOW,-0.28962421606072275,0.5073997988890541,0.989697277545929,0.4817719981074333,0.3933090940117836,0.37994338916332776
00082,/Users/nikko/Downloads/moi-main/project_root/data/temp_frames/video15/frame_00082.png,"[734, 215, 1498, 1104]",LEFT_WRIST,0.8649736098425098,1.0906729676067626,0.9112395644187927,0.4817719981074333,0.3933090940117836,0.37994338916332776
00082,/Users/nikko/Downloads/moi-main/project_root/data/temp_frames/video15/frame_00082.png,"[734, 215, 1498, 1104]",RIGHT_WRIST,-0.37555248554183845,1.2617244102159269,0.996536374092102,0.4817719981074333,0.3933090940117836,0.37994338916332776
00082,/Users/nikko/Downloads/moi-main/project_root/data/temp_frames/video15/frame_00082.png,"[734, 215, 1498, 1104]",RIGHT_ANKLE,-1.0658837810661872,0.47224868342867604,0.7184127569198608,0.4817719981074333,0.3933090940117836,0.37994338916332776
00082,/Users/nikko/Downloads/moi-main/project_root/data/temp_frames/video15/frame_00082.png,"[734, 215, 1498, 1104]",LEFT_EYE,1.0165097804078655,-0.34784619740126466,0.985298752784729,0.4817719981074333,0.3933090940117836,0.37994338916332776
00082,/Users/nikko/Downloads/moi-main/project_root/data/temp_frames/video15/frame_00082.png,"[734, 215, 1498, 1104]",RIGHT_EYE,0.8967112234427194,-0.38851474076722603,0.9931963682174683,0.4817719981074333,0.3933090940117836,0.37994338916332776
00083,/Users/nikko/Downloads/moi-main/project_root/data/temp_frames/video15/frame_00083.png,"[733, 215, 1498, 1104]",LEFT_SHOULDER,0.8460890772859951,-0.13903130389181806,0.9999496936798096,0.4843643978238106,0.3920639082789421,0.378337556116748
00083,/Users/nikko/Downloads/moi-main/project_root/data/temp_frames/video15/frame_00083.png,"[733, 215, 1498, 1104]",RIGHT_SHOULDER,-0.020684228530609687,-0.24075757325325922,0.9994732737541199,0.4843643978238106,0.3920639082789421,0.378337556116748
00083,/Users/nikko/Downloads/moi-main/project_root/data/temp_frames/video15/frame_00083.png,"[733, 215, 1498, 1104]",LEFT_HIP,-0.22287917580049668,0.24442270597613378,0.9997456669807434,0.4843643978238106,0.3920639082789421,0.378337556116748
00083,/Users/nikko/Downloads/moi-main/project_root/data/temp_frames/video15/frame_00083.png,"[733, 215, 1498, 1104]",RIGHT_HIP,-0.6025256729548888,0.1353661711689435,0.9997894167900085,0.4843643978238106,0.3920639082789421,0.378337556116748
00083,/Users/nikko/Downloads/moi-main/project_root/data/temp_frames/video15/frame_00083.png,"[733, 215, 1498, 1104]",LEFT_ELBOW,0.838784727755563,0.4546867979795303,0.8740425705909729,0.4843643978238106,0.3920639082789421,0.378337556116748
00083,/Users/nikko/Downloads/moi-main/project_root/data/temp_frames/video15/frame_00083.png,"[733, 215, 1498, 1104]",RIGHT_ELBOW,-0.30349964976264243,0.4980900482520274,0.9943640232086182,0.4843643978238106,0.3920639082789421,0.378337556116748
00083,/Users/nikko/Downloads/moi-main/project_root/data/temp_frames/video15/frame_00083.png,"[733, 215, 1498, 1104]",LEFT_WRIST,0.8542603890169701,1.0948392094105543,0.9308719038963318,0.4843643978238106,0.3920639082789421,0.378337556116748
00083,/Users/nikko/Downloads/moi-main/project_root/data/temp_frames/video15/frame_00083.png,"[733, 215, 1498, 1104]",RIGHT_WRIST,-0.382149253812233,1.2775015124811315,0.9981783628463745,0.4843643978238106,0.3920639082789421,0.378337556116748
00083,/Users/nikko/Downloads/moi-main/project_root/data/temp_frames/video15/frame_00083.png,"[733, 215, 1498, 1104]",RIGHT_KNEE,-0.8575774292480948,0.35485900726567077,0.6493993401527405,0.4843643978238106,0.3920639082789421,0.378337556116748
00083,/Users/nikko/Downloads/moi-main/project_root/data/temp_frames/video15/frame_00083.png,"[733, 215, 1498, 1104]",RIGHT_ANKLE,-1.0750335028390674,0.48966194052125506,0.8525017499923706,0.4843643978238106,0.3920639082789421,0.378337556116748
00083,/Users/nikko/Downloads/moi-main/project_root/data/temp_frames/video15/frame_00083.png,"[733, 215, 1498, 1104]",LEFT_EYE,1.0150825861636779,-0.35775745426277,0.9904075264930725,0.4843643978238106,0.3920639082789421,0.378337556116748
00083,/Users/nikko/Downloads/moi-main/project_root/data/temp_frames/video15/frame_00083.png,"[733, 215, 1498, 1104]",RIGHT_EYE,0.8878423738739046,-0.3999063033393244,0.9957518577575684,0.4843643978238106,0.3920639082789421,0.378337556116748
00084,/Users/nikko/Downloads/moi-main/project_root/data/temp_frames/video15/frame_00084.png,"[732, 215, 1498, 1105]",LEFT_SHOULDER,0.8530028201984263,-0.15311131929925154,0.9999632835388184,0.48084890097379684,0.3906079828739166,0.3665872070111289
00084,/Users/nikko/Downloads/moi-main/project_root/data/temp_frames/video15/frame_00084.png,"[732, 215, 1498, 1105]",RIGHT_SHOULDER,-0.0306787447273843,-0.2328474269650429,0.9994902610778809,0.48084890097379684,0.3906079828739166,0.3665872070111289
00084,/Users/nikko/Downloads/moi-main/project_root/data/temp_frames/video15/frame_00084.png,"[732, 215, 1498, 1105]",LEFT_HIP,-0.21510440651234705,0.24262912464414665,0.9995991587638855,0.48084890097379684,0.3906079828739166,0.3665872070111289
00084,/Users/nikko/Downloads/moi-main/project_root/data/temp_frames/video15/frame_00084.png,"[732, 215, 1498, 1105]",RIGHT_HIP,-0.607219668958695,0.14332962162014778,0.9996449947357178,0.48084890097379684,0.3906079828739166,0.3665872070111289
00084,/Users/nikko/Downloads/moi-main/project_root/data/temp_frames/video15/frame_00084.png,"[732, 215, 1498, 1105]",LEFT_ELBOW,0.8709251608001873,0.46436362081620436,0.8976238369941711,0.48084890097379684,0.3906079828739166,0.3665872070111289
00084,/Users/nikko/Downloads/moi-main/project_root/data/temp_frames/video15/frame_00084.png,"[732, 215, 1498, 1105]",RIGHT_ELBOW,-0.3185518286775036,0.5350475059009596,0.994879961013794,0.48084890097379684,0.3906079828739166,0.3665872070111289
00084,/Users/nikko/Downloads/moi-main/project_root/data/temp_frames/video15/frame_00084.png,"[732, 215, 1498, 1105]",LEFT_WRIST,0.8860232547835521,1.1196192412419899,0.9535303711891174,0.48084890097379684,0.3906079828739166,0.3665872070111289
00084,/Users/nikko/Downloads/moi-main/project_root/data/temp_frames/video15/frame_00084.png,"[732, 215, 1498, 1105]",RIGHT_WRIST,-0.37354496699109585,1.3238711305474307,0.9983672499656677,0.48084890097379684,0.3906079828739166,0.3665872070111289
00084,/Users/nikko/Downloads/moi-main/project_root/data/temp_frames/video15/frame_00084.png,"[732, 215, 1498, 1105]",RIGHT_KNEE,-0.8961183511590841,0.37489207328149543,0.6248230338096619,0.48084890097379684,0.3906079828739166,0.3665872070111289
00084,/Users/nikko/Downloads/moi-main/project_root/data/temp_frames/video15/frame_00084.png,"[732, 215, 1498, 1105]",RIGHT_ANKLE,-1.0979902192227713,0.5138170408491184,0.8127874135971069,0.48084890097379684,0.3906079828739166,0.3665872070111289
00084,/Users/nikko/Downloads/moi-main/project_root/data/temp_frames/video15/frame_00084.png,"[732, 215, 1498, 1105]",LEFT_EYE,1.0477295028460942,-0.35972130006736364,0.9947267174720764,0.48084890097379684,0.3906079828739166,0.3665872070111289
00084,/Users/nikko/Downloads/moi-main/project_root/data/temp_frames/video15/frame_00084.png,"[732, 215, 1498, 1105]",RIGHT_EYE,0.9244944690828472,-0.40041874261646193,0.997509241104126,0.48084890097379684,0.3906079828739166,0.3665872070111289
00085,/Users/nikko/Downloads/moi-main/project_root/data/temp_frames/video15/frame_00085.png,"[730, 214, 1497, 1102]",LEFT_SHOULDER,0.8409335750530871,-0.1512092942260621,0.9999352693557739,0.47872793674468994,0.3940965086221695,0.3789070290223801
00085,/Users/nikko/Downloads/moi-main/project_root/data/temp_frames/video15/frame_00085.png,"[730, 214, 1497, 1102]",RIGHT_SHOULDER,-0.01745129959492444,-0.2401894812460194,0.9992781281471252,0.47872793674468994,0.3940965086221695,0.3789070290223801
00085,/Users/nikko/Downloads/moi-main/project_root/data/temp_frames/video15/frame_00085.png,"[730, 214, 1497, 1102]",LEFT_HIP,-0.22134794365333907,0.2453776161676892,0.999542236328125,0.47872793674468994,0.3940965086221695,0.3789070290223801
00085,/Users/nikko/Downloads/moi-main/project_root/data/temp_frames/video15/frame_00085.png,"[730, 214, 1497, 1102]",RIGHT_HIP,-0.6021343318048236,0.14602115930439233,0.9996015429496765,0.47872793674468994,0.3940965086221695,0.3789070290223801
00085,/Users/nikko/Downloads/moi-main/project_root/data/temp_frames/video15/frame_00085.png,"[730, 214, 1497, 1102]",LEFT_ELBOW,0.8493705669086657,0.45547356313165804,0.8493127822875977,0.47872793674468994,0.3940965086221695,0.3789070290223801
00085,/Users/nikko/Downloads/moi-main/project_root/data/temp_frames/video15/frame_00085.png,"[730, 214, 1497, 1102]",RIGHT_ELBOW,-0.2880512096319451,0.5024861101907319,0.9906888008117676,0.47872793674468994,0.3940965086221695,0.3789070290223801
00085,/Users/nikko/Downloads/moi-main/project_root/data/temp_frames/video15/frame_00085.png,"[730, 214, 1497, 1102]",LEFT_WRIST,0.8717307818901954,1.092116440641634,0.9192302823066711,0.47872793674468994,0.3940965086221695,0.3789070290223801
00085,/Users/nikko/Downloads/moi-main/project_root/data/temp_frames/video15/frame_00085.png,"[730, 214, 1497, 1102]",RIGHT_WRIST,-0.3603661590382273,1.2696788285273437,0.9970856308937073,0.47872793674468994,0.3940965086221695,0.3789070290223801
00085,/Users/nikko/Downloads/moi-main/project_root/data/temp_frames/video15/frame_00085.png,"[730, 214, 1497, 1102]",RIGHT_ANKLE,-1.0481940476384755,0.49675259266169935,0.7128617763519287,0.47872793674468994,0.3940965086221695,0.3789070290223801
00085,/Users/nikko/Downloads/moi-main/project_root/data/temp_frames/video15/frame_00085.png,"[730, 214, 1497, 1102]",LEFT_EYE,1.012205264793878,-0.34439790844144635,0.987950325012207,0.47872793674468994,0.3940965086221695,0.3789070290223801
00085,/Users/nikko/Downloads/moi-main/project_root/data/temp_frames/video15/frame_00085.png,"[730, 214, 1497, 1102]",RIGHT_EYE,0.9035127291720947,-0.388406761183737,0.994676947593689,0.47872793674468994,0.3940965086221695,0.3789070290223801
00086,/Users/nikko/Downloads/moi-main/project_root/data/temp_frames/video15/frame_00086.png,"[729, 216, 1497, 1102]",LEFT_SHOULDER,0.8381144013686137,-0.14127563883614788,0.9999456405639648,0.4799511581659317,0.39645998924970627,0.3809207403951475
00086,/Users/nikko/Downloads/moi-main/project_root/data/temp_frames/video15/frame_00086.png,"[729, 216, 1497, 1102]",RIGHT_SHOULDER,-0.018343312552743577,-0.24591990786785753,0.9993783235549927,0.4799511581659317,0.39645998924970627,0.3809207403951475
00086,/Users/nikko/Downloads/moi-main/project_root/data/temp_frames/video15/frame_00086.png,"[729, 216, 1497, 1102]",LEFT_HIP,-0.22108531990427893,0.2509525802467914,0.9996798038482666,0.4799511581659317,0.39645998924970627,0.3809207403951475
00086,/Users/nikko/Downloads/moi-main/project_root/data/temp_frames/video15/frame_00086.png,"[729, 216, 1497, 1102]",RIGHT_HIP,-0.5986857689115912,0.13624296645721404,0.9997302889823914,0.4799511581659317,0.39645998924970627,0.3809207403951475
00086,/Users/nikko/Downloads/moi-main/project_root/data/temp_frames/video15/frame_00086.png,"[729, 216, 1497, 1102]",LEFT_ELBOW,0.843593380104834,0.45615570760554197,0.8821943402290344,0.4799511581659317,0.39645998924970627,0.3809207403951475
00086,/Users/nikko/Downloads/moi-main/project_root/data/temp_frames/video15/frame_00086.png,"[729, 216, 1497, 1102]",RIGHT_ELBOW,-0.2979942834816286,0.49788341563136157,0.9938300251960754,0.4799511581659317,0.39645998924970627,0.3809207403951475
00086,/Users/nikko/Downloads/moi-main/project_root/data/temp_frames/video15/frame_00086.png,"[729, 216, 1497, 1102]",LEFT_WRIST,0.8564656550371894,1.0852512167798551,0.9381005764007568,0.4799511581659317,0.39645998924970627,0.3809207403951475
00086,/Users/nikko/Downloads/moi-main/project_root/data/temp_frames/video15/frame_00086.png,"[729, 216, 1497, 1102]",RIGHT_WRIST,-0.36289315041697195,1.2630832346862035,0.9978808760643005,0.4799511581659317,0.39645998924970627,0.3809207403951475
00086,/Users/nikko/Downloads/moi-main/project_root/data/temp_frames/video15/frame_00086.png,"[729, 216, 1497, 1102]",RIGHT_KNEE,-0.8423833574697578,0.3559599499541372,0.6108339428901672,0.4799511581659317,0.39645998924970627,0.3809207403951475
00086,/Users/nikko/Downloads/moi-main/project_root/data/temp_frames/video15/frame_00086.png,"[729, 216, 1497, 1102]",RIGHT_ANKLE,-1.0525661903560297,0.48787291542717215,0.8203722238540649,0.4799511581659317,0.39645998924970627,0.3809207403951475
00086,/Users/nikko/Downloads/moi-main/project_root/data/temp_frames/video15/frame_00086.png,"[729, 216, 1497, 1102]",LEFT_EYE,1.0096562731599452,-0.35079263067523136,0.9913021326065063,0.4799511581659317,0.39645998924970627,0.3809207403951475
00086,/Users/nikko/Downloads/moi-main/project_root/data/temp_frames/video15/frame_00086.png,"[729, 216, 1497, 1102]",RIGHT_EYE,0.8958315265630944,-0.3956912692835105,0.9960840940475464,0.4799511581659317,0.39645998924970627,0.3809207403951475
00087,/Users/nikko/Downloads/moi-main/project_root/data/temp_frames/video15/frame_00087.png,"[728, 219, 1497, 1104]",LEFT_SHOULDER,0.8317138979642861,-0.14435794950559924,0.9999264478683472,0.4776531606912613,0.3925577327609062,0.3832720115486149
00087,/Users/nikko/Downloads/moi-main/project_root/data/temp_frames/video15/frame_00087.png,"[728, 219, 1497, 1104]",RIGHT_SHOULDER,-0.008468622113288304,-0.2496184501438148,0.9991725087165833,0.4776531606912613,0.3925577327609062,0.3832720115486149
00087,/Users/nikko/Downloads/moi-main/project_root/data/temp_frames/video15/frame_00087.png,"[728, 219, 1497, 1104]",LEFT_HIP,-0.22638382948205146,0.246574355655202,0.9994425177574158,0.4776531606912613,0.3925577327609062,0.3832720115486149
00087,/Users/nikko/Downloads/moi-main/project_root/data/temp_frames/video15/frame_00087.png,"[728, 219, 1497, 1104]",RIGHT_HIP,-0.5968614463689463,0.14740204399421208,0.9995063543319702,0.4776531606912613,0.3925577327609062,0.3832720115486149
00087,/Users/nikko/Downloads/moi-main/project_root/data/temp_frames/video15/frame_00087.png,"[728, 219, 1497, 1104]",LEFT_ELBOW,0.8296354365754558,0.46078114624296657,0.8398495316505432,0.4776531606912613,0.3925577327609062,0.3832720115486149
00087,/Users/nikko/Downloads/moi-main/project_root/data/temp_frames/video15/frame_00087.png,"[728, 219, 1497, 1104]",RIGHT_ELBOW,-0.29685339026686114,0.4962879228171196,0.9889363646507263,0.4776531606912613,0.3925577327609062,0.3832720115486149
00087,/Users/nikko/Downloads/moi-main/project_root/data/temp_frames/video15/frame_00087.png,"[728, 219, 1497, 1104]",LEFT_WRIST,0.8506397935196818,1.0787710896087863,0.913314938545227,0.4776531606912613,0.3925577327609062,0.3832720115486149
00087,/Users/nikko/Downloads/moi-main/project_root/data/temp_frames/video15/frame_00087.png,"[728, 219, 1497, 1104]",RIGHT_WRIST,-0.35040258023030846,1.2601692155464914,0.9963135123252869,0.4776531606912613,0.3925577327609062,0.3832720115486149
00087,/Users/nikko/Downloads/moi-main/project_root/data/temp_frames/video15/frame_00087.png,"[728, 219, 1497, 1104]",RIGHT_ANKLE,-1.040676480866047,0.4990234361601442,0.6942306160926819,0.4776531606912613,0.3925577327609062,0.3832720115486149
00087,/Users/nikko/Downloads/moi-main/project_root/data/temp_frames/video15/frame_00087.png,"[728, 219, 1497, 1104]",LEFT_EYE,1.014216648761315,-0.3387944744586076,0.9849792122840881,0.4776531606912613,0.3925577327609062,0.3832720115486149
00087,/Users/nikko/Downloads/moi-main/project_root/data/temp_frames/video15/frame_00087.png,"[728, 219, 1497, 1104]",RIGHT_EYE,0.9078239970635644,-0.3851329274523172,0.9930425882339478,0.4776531606912613,0.3925577327609062,0.3832720115486149
00088,/Users/nikko/Downloads/moi-main/project_root/data/temp_frames/video15/frame_00088.png,"[728, 224, 1496, 1104]",LEFT_SHOULDER,0.8261866496793008,-0.148207061816038,0.9999146461486816,0.47598807886242867,0.3899044990539551,0.38943947895501346
00088,/Users/nikko/Downloads/moi-main/project_root/data/temp_frames/video15/frame_00088.png,"[728, 224, 1496, 1104]",RIGHT_SHOULDER,0.0066672205812857745,-0.2459054559683282,0.9991527795791626,0.47598807886242867,0.3899044990539551,0.38943947895501346
00088,/Users/nikko/Downloads/moi-main/project_root/data/temp_frames/video15/frame_00088.png,"[728, 224, 1496, 1104]",LEFT_HIP,-0.23663404889425382,0.24349671738334394,0.9993799924850464,0.47598807886242867,0.3899044990539551,0.38943947895501346
00088,/Users/nikko/Downloads/moi-main/project_root/data/temp_frames/video15/frame_00088.png,"[728, 224, 1496, 1104]",RIGHT_HIP,-0.5962198213663327,0.15061580040102224,0.9994655251502991,0.47598807886242867,0.3899044990539551,0.38943947895501346
00088,/Users/nikko/Downloads/moi-main/project_root/data/temp_frames/video15/frame_00088.png,"[728, 224, 1496, 1104]",LEFT_ELBOW,0.8159280068316874,0.4550315032186984,0.7968882322311401,0.47598807886242867,0.3899044990539551,0.38943947895501346
00088,/Users/nikko/Downloads/moi-main/project_root/data/temp_frames/video15/frame_00088.png,"[728, 224, 1496, 1104]",RIGHT_ELBOW,-0.2919611120423372,0.47976844343089137,0.9869446158409119,0.47598807886242867,0.3899044990539551,0.38943947895501346
00088,/Users/nikko/Downloads/moi-main/project_root/data/temp_frames/video15/frame_00088.png,"[728, 224, 1496, 1104]",LEFT_WRIST,0.8409069228796193,1.0407572010626713,0.8924081325531006,0.47598807886242867,0.3899044990539551,0.38943947895501346
00088,/Users/nikko/Downloads/moi-main/project_root/data/temp_frames/video15/frame_00088.png,"[728, 224, 1496, 1104]",RIGHT_WRIST,-0.3440408625358514,1.238342485556519,0.99569171667099,0.47598807886242867,0.3899044990539551,0.38943947895501346
00088,/Users/nikko/Downloads/moi-main/project_root/data/temp_frames/video15/frame_00088.png,"[728, 224, 1496, 1104]",RIGHT_ANKLE,-1.0338493821171972,0.47945101276465313,0.669975996017456,0.47598807886242867,0.3899044990539551,0.38943947895501346
00088,/Users/nikko/Downloads/moi-main/project_root/data/temp_frames/video15/frame_00088.png,"[728, 224, 1496, 1104]",LEFT_EYE,1.016442561104288,-0.3291217264461757,0.9845043420791626,0.47598807886242867,0.3899044990539551,0.38943947895501346
00088,/Users/nikko/Downloads/moi-main/project_root/data/temp_frames/video15/frame_00088.png,"[728, 224, 1496, 1104]",RIGHT_EYE,0.8957869199833045,-0.37832080129619766,0.9925678968429565,0.47598807886242867,0.3899044990539551,0.38943947895501346
00089,/Users/nikko/Downloads/moi-main/project_root/data/temp_frames/video15/frame_00089.png,"[728, 227, 1498, 1105]",LEFT_SHOULDER,0.8312622558371909,-0.14731157617811155,0.9999128580093384,0.47586973011493683,0.39170771837234497,0.38856483787547424
00089,/Users/nikko/Downloads/moi-main/project_root/data/temp_frames/video15/frame_00089.png,"[728, 227, 1498, 1105]",RIGHT_SHOULDER,0.00039043348066193786,-0.2467680722939015,0.9991862177848816,0.47586973011493683,0.39170771837234497,0.38856483787547424
00089,/Users/nikko/Downloads/moi-main/project_root/data/temp_frames/video15/frame_00089.png,"[728, 227, 1498, 1105]",LEFT_HIP,-0.23288185552598017,0.2382362129568318,0.9991545677185059,0.47586973011493683,0.39170771837234497,0.38856483787547424
00089,/Users/nikko/Downloads/moi-main/project_root/data/temp_frames/video15/frame_00089.png,"[728, 227, 1498, 1105]",RIGHT_HIP,-0.5987708337918727,0.15584343551518126,0.9992671608924866,0.47586973011493683,0.39170771837234497,0.38856483787547424
00089,/Users/nikko/Downloads/moi-main/project_root/data/temp_frames/video15/frame_00089.png,"[728, 227, 1498, 1105]",LEFT_ELBOW,0.8036617035370154,0.45280466354658333,0.7331782579421997,0.47586973011493683,0.39170771837234497,0.38856483787547424
00089,/Users/nikko/Downloads/moi-main/project_root/data/temp_frames/video15/frame_00089.png,"[728, 227, 1498, 1105]",RIGHT_ELBOW,-0.32025757813444045,0.4837658353121716,0.9800252914428711,0.47586973011493683,0.39170771837234497,0.38856483787547424
00089,/Users/nikko/Downloads/moi-main/project_root/data/temp_frames/video15/frame_00089.png,"[728, 227, 1498, 1105]",LEFT_WRIST,0.8339149485711412,1.0463956288907112,0.8734002709388733,0.47586973011493683,0.39170771837234497,0.38856483787547424
00089,/Users/nikko/Downloads/moi-main/project_root/data/temp_frames/video15/frame_00089.png,"[728, 227, 1498, 1105]",RIGHT_WRIST,-0.3454716580348917,1.244461103204343,0.9942474365234375,0.47586973011493683,0.39170771837234497,0.38856483787547424
00089,/Users/nikko/Downloads/moi-main/project_root/data/temp_frames/video15/frame_00089.png,"[728, 227, 1498, 1105]",RIGHT_ANKLE,-1.0422361183272582,0.47018253908876934,0.5209326148033142,0.47586973011493683,0.39170771837234497,0.38856483787547424
00089,/Users/nikko/Downloads/moi-main/project_root/data/temp_frames/video15/frame_00089.png,"[728, 227, 1498, 1105]",LEFT_EYE,1.0119566040725987,-0.31842122539684126,0.9816494584083557,0.47586973011493683,0.39170771837234497,0.38856483787547424
00089,/Users/nikko/Downloads/moi-main/project_root/data/temp_frames/video15/frame_00089.png,"[728, 227, 1498, 1105]",RIGHT_EYE,0.8927803985151923,-0.36654241074570776,0.9910510778427124,0.47586973011493683,0.39170771837234497,0.38856483787547424
00090,/Users/nikko/Downloads/moi-main/project_root/data/temp_frames/video15/frame_00090.png,"[727, 233, 1500, 1106]",LEFT_SHOULDER,0.8310292251188088,-0.1418213092860954,0.9999291896820068,0.4752052240073681,0.390294574201107,0.38231953064507196
00090,/Users/nikko/Downloads/moi-main/project_root/data/temp_frames/video15/frame_00090.png,"[727, 233, 1500, 1106]",RIGHT_SHOULDER,0.0021181427195299043,-0.24515455024906735,0.999054491519928,0.4752052240073681,0.390294574201107,0.38231953064507196
00090,/Users/nikko/Downloads/moi-main/project_root/data/temp_frames/video15/frame_00090.png,"[727, 233, 1500, 1106]",LEFT_HIP,-0.23165981768346583,0.2401714714181738,0.9993289709091187,0.4752052240073681,0.390294574201107,0.38231953064507196
00090,/Users/nikko/Downloads/moi-main/project_root/data/temp_frames/video15/frame_00090.png,"[727, 233, 1500, 1106]",RIGHT_HIP,-0.6014875501548729,0.14680438811698895,0.9993513226509094,0.4752052240073681,0.390294574201107,0.38231953064507196
00090,/Users/nikko/Downloads/moi-main/project_root/data/temp_frames/video15/frame_00090.png,"[727, 233, 1500, 1106]",LEFT_ELBOW,0.812961038306736,0.4664285299625643,0.8259240984916687,0.4752052240073681,0.390294574201107,0.38231953064507196
00090,/Users/nikko/Downloads/moi-main/project_root/data/temp_frames/video15/frame_00090.png,"[727, 233, 1500, 1106]",RIGHT_ELBOW,-0.340094974305791,0.49033620807904443,0.9869363903999329,0.4752052240073681,0.390294574201107,0.38231953064507196
00090,/Users/nikko/Downloads/moi-main/project_root/data/temp_frames/video15/frame_00090.png,"[727, 233, 1500, 1106]",LEFT_WRIST,0.8440407080527724,1.082095128070274,0.92336106300354,0.4752052240073681,0.390294574201107,0.38231953064507196
00090,/Users/nikko/Downloads/moi-main/project_root/data/temp_frames/video15/frame_00090.png,"[727, 233, 1500, 1106]",RIGHT_WRIST,-0.3626240048997147,1.2619750327333474,0.9957607388496399,0.4752052240073681,0.390294574201107,0.38231953064507196
00090,/Users/nikko/Downloads/moi-main/project_root/data/temp_frames/video15/frame_00090.png,"[727, 233, 1500, 1106]",RIGHT_ANKLE,-1.0415653678111638,0.4700010401943161,0.6175076365470886,0.4752052240073681,0.390294574201107,0.38231953064507196
00090,/Users/nikko/Downloads/moi-main/project_root/data/temp_frames/video15/frame_00090.png,"[727, 233, 1500, 1106]",LEFT_EYE,1.0372867742785348,-0.29897972147957014,0.9838700890541077,0.4752052240073681,0.390294574201107,0.38231953064507196
00090,/Users/nikko/Downloads/moi-main/project_root/data/temp_frames/video15/frame_00090.png,"[727, 233, 1500, 1106]",RIGHT_EYE,0.9241810847510025,-0.34960015693333757,0.9918255805969238,0.4752052240073681,0.390294574201107,0.38231953064507196
00091,/Users/nikko/Downloads/moi-main/project_root/data/temp_frames/video15/frame_00091.png,"[727, 241, 1501, 1106]",LEFT_SHOULDER,0.8489346888572877,-0.1472981731724626,0.9999423027038574,0.477073535323143,0.3890661224722862,0.37396263145974745
00091,/Users/nikko/Downloads/moi-main/project_root/data/temp_frames/video15/frame_00091.png,"[727, 241, 1501, 1106]",RIGHT_SHOULDER,-0.007353581249834059,-0.23115785637051386,0.9992156028747559,0.477073535323143,0.3890661224722862,0.37396263145974745
00091,/Users/nikko/Downloads/moi-main/project_root/data/temp_frames/video15/frame_00091.png,"[727, 241, 1501, 1106]",LEFT_HIP,-0.23459365440601468,0.23033848953583036,0.99922776222229,0.477073535323143,0.3890661224722862,0.37396263145974745
00091,/Users/nikko/Downloads/moi-main/project_root/data/temp_frames/video15/frame_00091.png,"[727, 241, 1501, 1106]",RIGHT_HIP,-0.606987453201439,0.1481175400071461,0.9992790818214417,0.477073535323143,0.3890661224722862,0.37396263145974745
00091,/Users/nikko/Downloads/moi-main/project_root/data/temp_frames/video15/frame_00091.png,"[727, 241, 1501, 1106]",LEFT_ELBOW,0.800361134226095,0.4846940542805336,0.8597976565361023,0.477073535323143,0.3890661224722862,0.37396263145974745
00091,/Users/nikko/Downloads/moi-main/project_root/data/temp_frames/video15/frame_00091.png,"[727, 241, 1501, 1106]",RIGHT_ELBOW,-0.3891270443298224,0.5024254984520788,0.9904301762580872,0.477073535323143,0.3890661224722862,0.37396263145974745
00091,/Users/nikko/Downloads/moi-main/project_root/data/temp_frames/video15/frame_00091.png,"[727, 241, 1501, 1106]",LEFT_WRIST,0.8501772670498069,1.098784453251081,0.9465807676315308,0.477073535323143,0.3890661224722862,0.37396263145974745
00091,/Users/nikko/Downloads/moi-main/project_root/data/temp_frames/video15/frame_00091.png,"[727, 241, 1501, 1106]",RIGHT_WRIST,-0.3731275750080731,1.2850656681777624,0.9970923662185669,0.477073535323143,0.3890661224722862,0.37396263145974745
00091,/Users/nikko/Downloads/moi-main/project_root/data/temp_frames/video15/frame_00091.png,"[727, 241, 1501, 1106]",RIGHT_KNEE,-0.8624174830872812,0.3821048478137648,0.5304208397865295,0.477073535323143,0.3890661224722862,0.37396263145974745
00091,/Users/nikko/Downloads/moi-main/project_root/data/temp_frames/video15/frame_00091.png,"[727, 241, 1501, 1106]",RIGHT_ANKLE,-1.0762085719030383,0.4920267957280752,0.7359221577644348,0.477073535323143,0.3890661224722862,0.37396263145974745
00091,/Users/nikko/Downloads/moi-main/project_root/data/temp_frames/video15/frame_00091.png,"[727, 241, 1501, 1106]",LEFT_EYE,1.0560879021763192,-0.29967043973655166,0.992741048336029,0.477073535323143,0.3890661224722862,0.37396263145974745
00091,/Users/nikko/Downloads/moi-main/project_root/data/temp_frames/video15/frame_00091.png,"[727, 241, 1501, 1106]",RIGHT_EYE,0.9240325700544205,-0.3495675409699351,0.9962855577468872,0.477073535323143,0.3890661224722862,0.37396263145974745
00092,/Users/nikko/Downloads/moi-main/project_root/data/temp_frames/video15/frame_00092.png,"[726, 252, 1501, 1106]",LEFT_SHOULDER,0.8193015031366502,-0.13599135812975013,0.999974250793457,0.4772360324859619,0.3823646157979965,0.37940843977945427
00092,/Users/nikko/Downloads/moi-main/project_root/data/temp_frames/video15/frame_00092.png,"[726, 252, 1501, 1106]",RIGHT_SHOULDER,0.03447566562528889,-0.24234589282221114,0.9995434880256653,0.4772360324859619,0.3823646157979965,0.37940843977945427
00092,/Users/nikko/Downloads/moi-main/project_root/data/temp_frames/video15/frame_00092.png,"[726, 252, 1501, 1106]",LEFT_HIP,-0.25786973746938746,0.23155123533776048,0.9997536540031433,0.4772360324859619,0.3823646157979965,0.37940843977945427
00092,/Users/nikko/Downloads/moi-main/project_root/data/temp_frames/video15/frame_00092.png,"[726, 252, 1501, 1106]",RIGHT_HIP,-0.5959074312925515,0.14678601561420077,0.999749481678009,0.4772360324859619,0.3823646157979965,0.37940843977945427
00092,/Users/nikko/Downloads/moi-main/project_root/data/temp_frames/video15/frame_00092.png,"[726, 252, 1501, 1106]",LEFT_ELBOW,0.7742815171082491,0.47358925361014226,0.8961710929870605,0.4772360324859619,0.3823646157979965,0.37940843977945427
00092,/Users/nikko/Downloads/moi-main/project_root/data/temp_frames/video15/frame_00092.png,"[726, 252, 1501, 1106]",RIGHT_ELBOW,-0.3960420602153611,0.5250152610792338,0.9942770600318909,0.4772360324859619,0.3823646157979965,0.37940843977945427
00092,/Users/nikko/Downloads/moi-main/project_root/data/temp_frames/video15/frame_00092.png,"[726, 252, 1501, 1106]",LEFT_WRIST,0.823788875832824,1.083391531883934,0.9670654535293579,0.4772360324859619,0.3823646157979965,0.37940843977945427
00092,/Users/nikko/Downloads/moi-main/project_root/data/temp_frames/video15/frame_00092.png,"[726, 252, 1501, 1106]",RIGHT_WRIST,-0.36016004532609835,1.2779033655345082,0.997696578502655,0.4772360324859619,0.3823646157979965,0.37940843977945427
00092,/Users/nikko/Downloads/moi-main/project_root/data/temp_frames/video15/frame_00092.png,"[726, 252, 1501, 1106]",RIGHT_KNEE,-0.8675507354000394,0.3549618394270463,0.7793113589286804,0.4772360324859619,0.3823646157979965,0.37940843977945427
00092,/Users/nikko/Downloads/moi-main/project_root/data/temp_frames/video15/frame_00092.png,"[726, 252, 1501, 1106]",RIGHT_ANKLE,-1.0928683653289695,0.49765350449332457,0.8950837850570679,0.4772360324859619,0.3823646157979965,0.37940843977945427
00092,/Users/nikko/Downloads/moi-main/project_root/data/temp_frames/video15/frame_00092.png,"[726, 252, 1501, 1106]",LEFT_EYE,1.030753467203172,-0.25103738891574917,0.99724280834198,0.4772360324859619,0.3823646157979965,0.37940843977945427
00092,/Users/nikko/Downloads/moi-main/project_root/data/temp_frames/video15/frame_00092.png,"[726, 252, 1501, 1106]",RIGHT_EYE,0.9044220805495652,-0.29533644813758453,0.9983987212181091,0.4772360324859619,0.3823646157979965,0.37940843977945427
00093,/Users/nikko/Downloads/moi-main/project_root/data/temp_frames/video15/frame_00093.png,"[725, 272, 1503, 1105]",LEFT_SHOULDER,0.8382369507519691,-0.12475618754056925,0.9999598264694214,0.4740798771381378,0.3799704983830452,0.3734499071668955
00093,/Users/nikko/Downloads/moi-main/project_root/data/temp_frames/video15/frame_00093.png,"[725, 272, 1503, 1105]",RIGHT_SHOULDER,0.019871278968698856,-0.23544712383697505,0.9994673132896423,0.4740798771381378,0.3799704983830452,0.3734499071668955
00093,/Users/nikko/Downloads/moi-main/project_root/data/temp_frames/video15/frame_00093.png,"[725, 272, 1503, 1105]",LEFT_HIP,-0.2560903944722005,0.22450158079507102,0.999629020690918,0.4740798771381378,0.3799704983830452,0.3734499071668955
00093,/Users/nikko/Downloads/moi-main/project_root/data/temp_frames/video15/frame_00093.png,"[725, 272, 1503, 1105]",RIGHT_HIP,-0.6020178352484675,0.13570173058247328,0.9996483325958252,0.4740798771381378,0.3799704983830452,0.3734499071668955
00093,/Users/nikko/Downloads/moi-main/project_root/data/temp_frames/video15/frame_00093.png,"[725, 272, 1503, 1105]",LEFT_ELBOW,0.7861205005964611,0.4942767071405689,0.8392828106880188,0.4740798771381378,0.3799704983830452,0.3734499071668955
00093,/Users/nikko/Downloads/moi-main/project_root/data/temp_frames/video15/frame_00093.png,"[725, 272, 1503, 1105]",RIGHT_ELBOW,-0.4156526826811748,0.5050837525432682,0.9911279678344727,0.4740798771381378,0.3799704983830452,0.3734499071668955
00093,/Users/nikko/Downloads/moi-main/project_root/data/temp_frames/video15/frame_00093.png,"[725, 272, 1503, 1105]",LEFT_WRIST,0.8267501456887997,1.0890035255001498,0.9482011198997498,0.4740798771381378,0.3799704983830452,0.3734499071668955
00093,/Users/nikko/Downloads/moi-main/project_root/data/temp_frames/video15/frame_00093.png,"[725, 272, 1503, 1105]",RIGHT_WRIST,-0.37317568417486296,1.2970125352914081,0.9972647428512573,0.4740798771381378,0.3799704983830452,0.3734499071668955
00093,/Users/nikko/Downloads/moi-main/project_root/data/temp_frames/video15/frame_00093.png,"[725, 272, 1503, 1105]",RIGHT_KNEE,-0.8600428075193435,0.36741047554710266,0.6330682635307312,0.4740798771381378,0.3799704983830452,0.3734499071668955
00093,/Users/nikko/Downloads/moi-main/project_root/data/temp_frames/video15/frame_00093.png,"[725, 272, 1503, 1105]",RIGHT_ANKLE,-1.0637514277069977,0.4741562042437592,0.8030329346656799,0.4740798771381378,0.3799704983830452,0.3734499071668955
00093,/Users/nikko/Downloads/moi-main/project_root/data/temp_frames/video15/frame_00093.png,"[725, 272, 1503, 1105]",LEFT_EYE,1.0639375875271386,-0.2380142180795208,0.9969409108161926,0.4740798771381378,0.3799704983830452,0.3734499071668955
00093,/Users/nikko/Downloads/moi-main/project_root/data/temp_frames/video15/frame_00093.png,"[725, 272, 1503, 1105]",RIGHT_EYE,0.9458871635988686,-0.3012390487490143,0.9983845949172974,0.4740798771381378,0.3799704983830452,0.3734499071668955
00094,/Users/nikko/Downloads/moi-main/project_root/data/temp_frames/video15/frame_00094.png,"[722, 298, 1506, 1105]",LEFT_SHOULDER,0.8529930252130826,-0.10606800921254737,0.9999624490737915,0.4743533656001091,0.3749869093298912,0.3643455678531961
00094,/Users/nikko/Downloads/moi-main/project_root/data/temp_frames/video15/frame_00094.png,"[722, 298, 1506, 1105]",RIGHT_SHOULDER,0.01600202142147912,-0.23031596296656773,0.9992102384567261,0.4743533656001091,0.3749869093298912,0.3643455678531961
00094,/Users/nikko/Downloads/moi-main/project_root/data/temp_frames/video15/frame_00094.png,"[722, 298, 1506, 1105]",LEFT_HIP,-0.25763856717942574,0.2084057340998119,0.9990870952606201,0.4743533656001091,0.3749869093298912,0.3643455678531961
00094,/Users/nikko/Downloads/moi-main/project_root/data/temp_frames/video15/frame_00094.png,"[722, 298, 1506, 1105]",RIGHT_HIP,-0.611356479455136,0.12797823807930322,0.9990781545639038,0.4743533656001091,0.3749869093298912,0.3643455678531961
00094,/Users/nikko/Downloads/moi-main/project_root/data/temp_frames/video15/frame_00094.png,"[722, 298, 1506, 1105]",LEFT_ELBOW,0.783411547067652,0.485124502031131,0.7986094355583191,0.4743533656001091,0.3749869093298912,0.3643455678531961
00094,/Users/nikko/Downloads/moi-main/project_root/data/temp_frames/video15/frame_00094.png,"[722, 298, 1506, 1105]",RIGHT_ELBOW,-0.4469917478650802,0.5168983276194801,0.9872847199440002,0.4743533656001091,0.3749869093298912,0.3643455678531961
00094,/Users/nikko/Downloads/moi-main/project_root/data/temp_frames/video15/frame_00094.png,"[722, 298, 1506, 1105]",LEFT_WRIST,0.8506984597747115,1.119484650290952,0.9483799934387207,0.4743533656001091,0.3749869093298912,0.3643455678531961
00094,/Users/nikko/Downloads/moi-main/project_root/data/temp_frames/video15/frame_00094.png,"[722, 298, 1506, 1105]",RIGHT_WRIST,-0.3856647995646951,1.3328785816846047,0.9959481358528137,0.4743533656001091,0.3749869093298912,0.3643455678531961
00094,/Users/nikko/Downloads/moi-main/project_root/data/temp_frames/video15/frame_00094.png,"[722, 298, 1506, 1105]",RIGHT_KNEE,-0.8923111794337774,0.3606398281723535,0.5173089504241943,0.4743533656001091,0.3749869093298912,0.3643455678531961
00094,/Users/nikko/Downloads/moi-main/project_root/data/temp_frames/video15/frame_00094.png,"[722, 298, 1506, 1105]",RIGHT_ANKLE,-1.1052580705535795,0.4774593185422619,0.6726610660552979,0.4743533656001091,0.3749869093298912,0.3643455678531961
00094,/Users/nikko/Downloads/moi-main/project_root/data/temp_frames/video15/frame_00094.png,"[722, 298, 1506, 1105]",LEFT_EYE,1.0862241668228654,-0.22082343768769408,0.9959957599639893,0.4743533656001091,0.3749869093298912,0.3643455678531961
00094,/Users/nikko/Downloads/moi-main/project_root/data/temp_frames/video15/frame_00094.png,"[722, 298, 1506, 1105]",RIGHT_EYE,0.9706828341436736,-0.2840235340181197,0.9976379871368408,0.4743533656001091,0.3749869093298912,0.3643455678531961
00095,/Users/nikko/Downloads/moi-main/project_root/data/temp_frames/video15/frame_00095.png,"[721, 321, 1515, 1105]",LEFT_SHOULDER,0.8630797128281621,-0.12128488635071548,0.9998962879180908,0.47461894154548645,0.3684230223298073,0.3581317488565735
00095,/Users/nikko/Downloads/moi-main/project_root/data/temp_frames/video15/frame_00095.png,"[721, 321, 1515, 1105]",RIGHT_SHOULDER,0.02651089744001432,-0.19750890709411661,0.9983899593353271,0.47461894154548645,0.3684230223298073,0.3581317488565735
00095,/Users/nikko/Downloads/moi-main/project_root/data/temp_frames/video15/frame_00095.png,"[721, 321, 1515, 1105]",LEFT_HIP,-0.2603748112714925,0.1973779665829032,0.9979571104049683,0.47461894154548645,0.3684230223298073,0.3581317488565735
00095,/Users/nikko/Downloads/moi-main/project_root/data/temp_frames/video15/frame_00095.png,"[721, 321, 1515, 1105]",RIGHT_HIP,-0.6292157989966839,0.12141582686192891,0.9980225563049316,0.47461894154548645,0.3684230223298073,0.3581317488565735
00095,/Users/nikko/Downloads/moi-main/project_root/data/temp_frames/video15/frame_00095.png,"[721, 321, 1515, 1105]",LEFT_ELBOW,0.7437556679142752,0.45531421367225505,0.7207630276679993,0.47461894154548645,0.3684230223298073,0.3581317488565735
00095,/Users/nikko/Downloads/moi-main/project_root/data/temp_frames/video15/frame_00095.png,"[721, 321, 1515, 1105]",RIGHT_ELBOW,-0.476807534798957,0.5361606383409007,0.9846737384796143,0.47461894154548645,0.3684230223298073,0.3581317488565735
00095,/Users/nikko/Downloads/moi-main/project_root/data/temp_frames/video15/frame_00095.png,"[721, 321, 1515, 1105]",LEFT_WRIST,0.8357478887004322,1.1589974250544093,0.9155322313308716,0.47461894154548645,0.3684230223298073,0.3581317488565735
00095,/Users/nikko/Downloads/moi-main/project_root/data/temp_frames/video15/frame_00095.png,"[721, 321, 1515, 1105]",RIGHT_WRIST,-0.3774588455842716,1.3721416152980275,0.9947630763053894,0.47461894154548645,0.3684230223298073,0.3581317488565735
00095,/Users/nikko/Downloads/moi-main/project_root/data/temp_frames/video15/frame_00095.png,"[721, 321, 1515, 1105]",RIGHT_KNEE,-0.8973163084699834,0.3804924671928879,0.5333775281906128,0.47461894154548645,0.3684230223298073,0.3581317488565735
00095,/Users/nikko/Downloads/moi-main/project_root/data/temp_frames/video15/frame_00095.png,"[721, 321, 1515, 1105]",RIGHT_ANKLE,-1.1555869281946194,0.47400487943684394,0.7030696272850037,0.47461894154548645,0.3684230223298073,0.3581317488565735
00095,/Users/nikko/Downloads/moi-main/project_root/data/temp_frames/video15/frame_00095.png,"[721, 321, 1515, 1105]",LEFT_EYE,1.116445233181633,-0.22285644365280668,0.9888638257980347,0.47461894154548645,0.3684230223298073,0.3581317488565735
00095,/Users/nikko/Downloads/moi-main/project_root/data/temp_frames/video15/frame_00095.png,"[721, 321, 1515, 1105]",RIGHT_EYE,0.9988579079811393,-0.2564440370404472,0.9934831261634827,0.47461894154548645,0.3684230223298073,0.3581317488565735
00096,/Users/nikko/Downloads/moi-main/project_root/data/temp_frames/video15/frame_00096.png,"[719, 337, 1521, 1103]",LEFT_SHOULDER,0.8446058325856486,-0.08078013203405628,0.9998331069946289,0.4708421789109707,0.37211764603853226,0.37021900299445765
00096,/Users/nikko/Downloads/moi-main/project_root/data/temp_frames/video15/frame_00096.png,"[719, 337, 1521, 1103]",RIGHT_SHOULDER,0.06280610633889416,-0.21124272156458135,0.9976024031639099,0.4708421789109707,0.37211764603853226,0.37021900299445765
00096,/Users/nikko/Downloads/moi-main/project_root/data/temp_frames/video15/frame_00096.png,"[719, 337, 1521, 1103]",LEFT_HIP,-0.2829786410597108,0.173841157039436,0.9968452453613281,0.4708421789109707,0.37211764603853226,0.37021900299445765
00096,/Users/nikko/Downloads/moi-main/project_root/data/temp_frames/video15/frame_00096.png,"[719, 337, 1521, 1103]",RIGHT_HIP,-0.6244332978648318,0.11818169655920163,0.9968180656433105,0.4708421789109707,0.37211764603853226,0.37021900299445765
00096,/Users/nikko/Downloads/moi-main/project_root/data/temp_frames/video15/frame_00096.png,"[719, 337, 1521, 1103]",LEFT_ELBOW,0.7073869477332523,0.40391712225050685,0.6144574880599976,0.4708421789109707,0.37211764603853226,0.37021900299445765
00096,/Users/nikko/Downloads/moi-main/project_root/data/temp_frames/video15/frame_00096.png,"[719, 337, 1521, 1103]",RIGHT_ELBOW,-0.4924649311134887,0.5212786328933411,0.9737363457679749,0.4708421789109707,0.37211764603853226,0.37021900299445765
00096,/Users/nikko/Downloads/moi-main/project_root/data/temp_frames/video15/frame_00096.png,"[719, 337, 1521, 1103]",LEFT_WRIST,0.7929910528923487,1.0728801961892582,0.8838096857070923,0.4708421789109707,0.37211764603853226,0.37021900299445765
00096,/Users/nikko/Downloads/moi-main/project_root/data/temp_frames/video15/frame_00096.png,"[719, 337, 1521, 1103]",RIGHT_WRIST,-0.3682770908710515,1.3335677417010392,0.9879554510116577,0.4708421789109707,0.37211764603853226,0.37021900299445765
00096,/Users/nikko/Downloads/moi-main/project_root/data/temp_frames/video15/frame_00096.png,"[719, 337, 1521, 1103]",RIGHT_ANKLE,-1.1511757314096287,0.44785501811602674,0.526913583278656,0.4708421789109707,0.37211764603853226,0.37021900299445765
00096,/Users/nikko/Downloads/moi-main/project_root/data/temp_frames/video15/frame_00096.png,"[719, 337, 1521, 1103]",LEFT_EYE,1.097297395560536,-0.1689424203104379,0.9856227040290833,0.4708421789109707,0.37211764603853226,0.37021900299445765
00096,/Users/nikko/Downloads/moi-main/project_root/data/temp_frames/video15/frame_00096.png,"[719, 337, 1521, 1103]",RIGHT_EYE,0.9984684037905862,-0.2009433357828408,0.9904769659042358,0.4708421789109707,0.37211764603853226,0.37021900299445765
00097,/Users/nikko/Downloads/moi-main/project_root/data/temp_frames/video15/frame_00097.png,"[720, 361, 1524, 1101]",LEFT_SHOULDER,0.7950495532435524,-0.055911799684627186,0.9998283386230469,0.468524057418108,0.3677038177847862,0.3859848191190228
00097,/Users/nikko/Downloads/moi-main/project_root/data/temp_frames/video15/frame_00097.png,"[720, 361, 1524, 1101]",RIGHT_SHOULDER,0.11001901128797875,-0.23274566127721316,0.9988370537757874,0.468524057418108,0.3677038177847862,0.3859848191190228
00097,/Users/nikko/Downloads/moi-main/project_root/data/temp_frames/video15/frame_00097.png,"[720, 361, 1524, 1101]",LEFT_HIP,-0.2947056497227713,0.1914079441381945,0.9990255832672119,0.468524057418108,0.3677038177847862,0.3859848191190228
00097,/Users/nikko/Downloads/moi-main/project_root/data/temp_frames/video15/frame_00097.png,"[720, 361, 1524, 1101]",RIGHT_HIP,-0.6103629148087598,0.09724951682364585,0.999031662940979,0.468524057418108,0.3677038177847862,0.3859848191190228
00097,/Users/nikko/Downloads/moi-main/project_root/data/temp_frames/video15/frame_00097.png,"[720, 361, 1524, 1101]",RIGHT_ELBOW,-0.47049229681747395,0.45248354490478926,0.9768699407577515,0.468524057418108,0.3677038177847862,0.3859848191190228
00097,/Users/nikko/Downloads/moi-main/project_root/data/temp_frames/video15/frame_00097.png,"[720, 361, 1524, 1101]",LEFT_WRIST,0.7715611566940365,1.0656587881046935,0.7779626846313477,0.468524057418108,0.3677038177847862,0.3859848191190228
00097,/Users/nikko/Downloads/moi-main/project_root/data/temp_frames/video15/frame_00097.png,"[720, 361, 1524, 1101]",RIGHT_WRIST,-0.3428862414826082,1.2919096232129672,0.9914931654930115,0.468524057418108,0.3677038177847862,0.3859848191190228
00097,/Users/nikko/Downloads/moi-main/project_root/data/temp_frames/video15/frame_00097.png,"[720, 361, 1524, 1101]",LEFT_EYE,1.0535642926040205,-0.11153909567382743,0.9810050129890442,0.468524057418108,0.3677038177847862,0.3859848191190228
00097,/Users/nikko/Downloads/moi-main/project_root/data/temp_frames/video15/frame_00097.png,"[720, 361, 1524, 1101]",RIGHT_EYE,0.9634073318789287,-0.15715149097059608,0.9892199635505676,0.468524057418108,0.3677038177847862,0.3859848191190228
00098,/Users/nikko/Downloads/moi-main/project_root/data/temp_frames/video15/frame_00098.png,"[720, 397, 1534, 1101]",LEFT_SHOULDER,0.8079257599564449,-0.09239062535369494,0.9998509883880615,0.46069546788930893,0.3487173393368721,0.37353042273742504
00098,/Users/nikko/Downloads/moi-main/project_root/data/temp_frames/video15/frame_00098.png,"[720, 397, 1534, 1101]",RIGHT_SHOULDER,0.10883681645308496,-0.2031074880665104,0.9987523555755615,0.46069546788930893,0.3487173393368721,0.37353042273742504
00098,/Users/nikko/Downloads/moi-main/project_root/data/temp_frames/video15/frame_00098.png,"[720, 397, 1534, 1101]",LEFT_HIP,-0.3050298711634674,0.182304089548383,0.9990843534469604,0.46069546788930893,0.3487173393368721,0.37353042273742504
00098,/Users/nikko/Downloads/moi-main/project_root/data/temp_frames/video15/frame_00098.png,"[720, 397, 1534, 1101]",RIGHT_HIP,-0.6117327052460625,0.11319402387182236,0.9990215301513672,0.46069546788930893,0.3487173393368721,0.37353042273742504
00098,/Users/nikko/Downloads/moi-main/project_root/data/temp_frames/video15/frame_00098.png,"[720, 397, 1534, 1101]",RIGHT_ELBOW,-0.5040038105954997,0.48440377731899914,0.9693877100944519,0.46069546788930893,0.3487173393368721,0.37353042273742504
00098,/Users/nikko/Downloads/moi-main/project_root/data/temp_frames/video15/frame_00098.png,"[720, 397, 1534, 1101]",LEFT_WRIST,0.7905811838001532,1.1367755808660682,0.7871723175048828,0.46069546788930893,0.3487173393368721,0.37353042273742504
00098,/Users/nikko/Downloads/moi-main/project_root/data/temp_frames/video15/frame_00098.png,"[720, 397, 1534, 1101]",RIGHT_WRIST,-0.34549621384773715,1.3489144517305156,0.9866982102394104,0.46069546788930893,0.3487173393368721,0.37353042273742504
00098,/Users/nikko/Downloads/moi-main/project_root/data/temp_frames/video15/frame_00098.png,"[720, 397, 1534, 1101]",LEFT_EYE,1.0725315947124117,-0.02611462145388408,0.9866346120834351,0.46069546788930893,0.3487173393368721,0.37353042273742504
00098,/Users/nikko/Downloads/moi-main/project_root/data/temp_frames/video15/frame_00098.png,"[720, 397, 1534, 1101]",RIGHT_EYE,0.9904653165473839,-0.07250296524503362,0.9918476343154907,0.46069546788930893,0.3487173393368721,0.37353042273742504
00099,/Users/nikko/Downloads/moi-main/project_root/data/temp_frames/video15/frame_00099.png,"[720, 397, 1533, 1101]",LEFT_SHOULDER,0.807118269956655,-0.08107756764192994,0.9998549222946167,0.4624672569334507,0.3483145385980606,0.3725742068158449
00099,/Users/nikko/Downloads/moi-main/project_root/data/temp_frames/video15/frame_00099.png,"[720, 397, 1533, 1101]",RIGHT_SHOULDER,0.10789410557343787,-0.20776708387703696,0.9989387392997742,0.4624672569334507,0.3483145385980606,0.3725742068158449
00099,/Users/nikko/Downloads/moi-main/project_root/data/temp_frames/video15/frame_00099.png,"[720, 397, 1533, 1101]",LEFT_HIP,-0.3017668544304395,0.1852146988274257,0.9992350339889526,0.4624672569334507,0.3483145385980606,0.3725742068158449
00099,/Users/nikko/Downloads/moi-main/project_root/data/temp_frames/video15/frame_00099.png,"[720, 397, 1533, 1101]",RIGHT_HIP,-0.6132455210996534,0.10362995269154118,0.9992115497589111,0.4624672569334507,0.3483145385980606,0.3725742068158449
00099,/Users/nikko/Downloads/moi-main/project_root/data/temp_frames/video15/frame_00099.png,"[720, 397, 1533, 1101]",RIGHT_ELBOW,-0.502515229473347,0.49157954565470857,0.9709212183952332,0.4624672569334507,0.3483145385980606,0.3725742068158449
00099,/Users/nikko/Downloads/moi-main/project_root/data/temp_frames/video15/frame_00099.png,"[720, 397, 1533, 1101]",LEFT_WRIST,0.7873424281928505,1.12756561898475,0.7652016282081604,0.4624672569334507,0.3483145385980606,0.3725742068158449
00099,/Users/nikko/Downloads/moi-main/project_root/data/temp_frames/video15/frame_00099.png,"[720, 397, 1533, 1101]",RIGHT_WRIST,-0.3462293824150084,1.3594787746434076,0.9891536831855774,0.4624672569334507,0.3483145385980606,0.3725742068158449
00099,/Users/nikko/Downloads/moi-main/project_root/data/temp_frames/video15/frame_00099.png,"[720, 397, 1533, 1101]",LEFT_EYE,1.0854005223883691,-0.038616076989553764,0.9826902747154236,0.4624672569334507,0.3483145385980606,0.3725742068158449
00099,/Users/nikko/Downloads/moi-main/project_root/data/temp_frames/video15/frame_00099.png,"[720, 397, 1533, 1101]",RIGHT_EYE,1.0002254116596052,-0.0834722372379426,0.9899638295173645,0.4624672569334507,0.3483145385980606,0.3725742068158449
00100,/Users/nikko/Downloads/moi-main/project_root/data/temp_frames/video15/frame_00100.png,"[721, 423, 1541, 1102]",LEFT_SHOULDER,0.8100051438629147,-0.09752019246874541,0.9998315572738647,0.4625643454492092,0.344516322016716,0.36069249921711993
00100,/Users/nikko/Downloads/moi-main/project_root/data/temp_frames/video15/frame_00100.png,"[721, 423, 1541, 1102]",RIGHT_SHOULDER,0.14922326727067864,-0.12604426037050626,0.9986438155174255,0.4625643454492092,0.344516322016716,0.36069249921711993
00100,/Users/nikko/Downloads/moi-main/project_root/data/temp_frames/video15/frame_00100.png,"[721, 423, 1541, 1102]",LEFT_HIP,-0.326697081748376,0.14248206608580805,0.999201238155365,0.4625643454492092,0.344516322016716,0.36069249921711993
00100,/Users/nikko/Downloads/moi-main/project_root/data/temp_frames/video15/frame_00100.png,"[721, 423, 1541, 1102]",RIGHT_HIP,-0.6325313293852174,0.08108238675344363,0.9991938471794128,0.4625643454492092,0.344516322016716,0.36069249921711993
00100,/Users/nikko/Downloads/moi-main/project_root/data/temp_frames/video15/frame_00100.png,"[721, 423, 1541, 1102]",RIGHT_ELBOW,-0.5521022608006599,0.48736052274951197,0.97163987159729,0.4625643454492092,0.344516322016716,0.36069249921711993
00100,/Users/nikko/Downloads/moi-main/project_root/data/temp_frames/video15/frame_00100.png,"[721, 423, 1541, 1102]",LEFT_WRIST,0.784673882421518,1.1581709613033504,0.7774166464805603,0.4625643454492092,0.344516322016716,0.36069249921711993
00100,/Users/nikko/Downloads/moi-main/project_root/data/temp_frames/video15/frame_00100.png,"[721, 423, 1541, 1102]",RIGHT_WRIST,-0.3781740421157666,1.3828162355625084,0.9872226715087891,0.4625643454492092,0.344516322016716,0.36069249921711993
00100,/Users/nikko/Downloads/moi-main/project_root/data/temp_frames/video15/frame_00100.png,"[721, 423, 1541, 1102]",LEFT_EYE,1.106327031038105,0.030833072946481806,0.982312023639679,0.4625643454492092,0.344516322016716,0.36069249921711993
00100,/Users/nikko/Downloads/moi-main/project_root/data/temp_frames/video15/frame_00100.png,"[721, 423, 1541, 1102]",RIGHT_EYE,1.0197117656704957,-0.012257337849628267,0.9892336130142212,0.4625643454492092,0.344516322016716,0.36069249921711993
00101,/Users/nikko/Downloads/moi-main/project_root/data/temp_frames/video15/frame_00101.png,"[723, 456, 1543, 1103]",LEFT_SHOULDER,0.7999065978922738,-0.13713111130979194,0.9998304843902588,0.4626435711979866,0.3245682120323181,0.3454118329871096
00101,/Users/nikko/Downloads/moi-main/project_root/data/temp_frames/video15/frame_00101.png,"[723, 456, 1543, 1103]",RIGHT_SHOULDER,0.16821529664548276,-0.0822325239485696,0.998898983001709,0.4626435711979866,0.3245682120323181,0.3454118329871096
00101,/Users/nikko/Downloads/moi-main/project_root/data/temp_frames/video15/frame_00101.png,"[723, 456, 1543, 1103]",LEFT_HIP,-0.3369853556472958,0.14294184740556146,0.9991967082023621,0.4626435711979866,0.3245682120323181,0.3454118329871096
00101,/Users/nikko/Downloads/moi-main/project_root/data/temp_frames/video15/frame_00101.png,"[723, 456, 1543, 1103]",RIGHT_HIP,-0.6311365388904607,0.07642178785280006,0.9992390871047974,0.4626435711979866,0.3245682120323181,0.3454118329871096
00101,/Users/nikko/Downloads/moi-main/project_root/data/temp_frames/video15/frame_00101.png,"[723, 456, 1543, 1103]",RIGHT_ELBOW,-0.6097577720369711,0.5009438288744084,0.9776046872138977,0.4626435711979866,0.3245682120323181,0.3454118329871096
00101,/Users/nikko/Downloads/moi-main/project_root/data/temp_frames/video15/frame_00101.png,"[723, 456, 1543, 1103]",LEFT_WRIST,0.808117227442894,1.2194207648914812,0.7285516858100891,0.4626435711979866,0.3245682120323181,0.3454118329871096
00101,/Users/nikko/Downloads/moi-main/project_root/data/temp_frames/video15/frame_00101.png,"[723, 456, 1543, 1103]",RIGHT_WRIST,-0.39547959858419485,1.4827933469313916,0.9902468919754028,0.4626435711979866,0.3245682120323181,0.3454118329871096
00101,/Users/nikko/Downloads/moi-main/project_root/data/temp_frames/video15/frame_00101.png,"[723, 456, 1543, 1103]",LEFT_EYE,1.179772933141229,0.1134617684563247,0.9885144829750061,0.4626435711979866,0.3245682120323181,0.3454118329871096
00101,/Users/nikko/Downloads/moi-main/project_root/data/temp_frames/video15/frame_00101.png,"[723, 456, 1543, 1103]",RIGHT_EYE,1.087766289823763,0.07309782972416001,0.9933021068572998,0.4626435711979866,0.3245682120323181,0.3454118329871096
00102,/Users/nikko/Downloads/moi-main/project_root/data/temp_frames/video15/frame_00102.png,"[724, 491, 1548, 1102]",LEFT_SHOULDER,0.7821991054213076,-0.09541599967612482,0.9998908042907715,0.4661913588643074,0.3024579733610153,0.3301495200913953
00102,/Users/nikko/Downloads/moi-main/project_root/data/temp_frames/video15/frame_00102.png,"[724, 491, 1548, 1102]",RIGHT_SHOULDER,0.20880881072037996,-0.03495073228336632,0.9995681643486023,0.4661913588643074,0.3024579733610153,0.3301495200913953
00102,/Users/nikko/Downloads/moi-main/project_root/data/temp_frames/video15/frame_00102.png,"[724, 491, 1548, 1102]",LEFT_HIP,-0.35031534472083425,0.06600910319107327,0.9997207522392273,0.4661913588643074,0.3024579733610153,0.3301495200913953
00102,/Users/nikko/Downloads/moi-main/project_root/data/temp_frames/video15/frame_00102.png,"[724, 491, 1548, 1102]",RIGHT_HIP,-0.6406925714208532,0.06435762876841788,0.9997672438621521,0.4661913588643074,0.3024579733610153,0.3301495200913953
00102,/Users/nikko/Downloads/moi-main/project_root/data/temp_frames/video15/frame_00102.png,"[724, 491, 1548, 1102]",RIGHT_ELBOW,-0.6489022814135965,0.5348772702535137,0.9878339767456055,0.4661913588643074,0.3024579733610153,0.3301495200913953
00102,/Users/nikko/Downloads/moi-main/project_root/data/temp_frames/video15/frame_00102.png,"[724, 491, 1548, 1102]",LEFT_WRIST,0.8104533549042882,1.2380774264185315,0.6946183443069458,0.4661913588643074,0.3024579733610153,0.3301495200913953
00102,/Users/nikko/Downloads/moi-main/project_root/data/temp_frames/video15/frame_00102.png,"[724, 491, 1548, 1102]",RIGHT_WRIST,-0.4211779953849943,1.6036374056094085,0.9956203103065491,0.4661913588643074,0.3024579733610153,0.3301495200913953
00102,/Users/nikko/Downloads/moi-main/project_root/data/temp_frames/video15/frame_00102.png,"[724, 491, 1548, 1102]",LEFT_EYE,1.2237014521490468,0.23171639483454495,0.9941297769546509,0.4661913588643074,0.3024579733610153,0.3301495200913953
00102,/Users/nikko/Downloads/moi-main/project_root/data/temp_frames/video15/frame_00102.png,"[724, 491, 1548, 1102]",RIGHT_EYE,1.136230628669787,0.19703543195878212,0.9968650937080383,0.4661913588643074,0.3024579733610153,0.3301495200913953
00103,/Users/nikko/Downloads/moi-main/project_root/data/temp_frames/video15/frame_00103.png,"[725, 526, 1554, 1100]",LEFT_SHOULDER,0.8397484758972772,-0.057505426264148875,0.999955415725708,0.4729135110974312,0.2804059311747551,0.2996564896113496
00103,/Users/nikko/Downloads/moi-main/project_root/data/temp_frames/video15/frame_00103.png,"[725, 526, 1554, 1100]",RIGHT_SHOULDER,0.15123933348269517,-0.06010318966241942,0.9998517036437988,0.4729135110974312,0.2804059311747551,0.2996564896113496
00103,/Users/nikko/Downloads/moi-main/project_root/data/temp_frames/video15/frame_00103.png,"[725, 526, 1554, 1100]",LEFT_HIP,-0.32870889166749695,0.05247126513045978,0.999901294708252,0.4729135110974312,0.2804059311747551,0.2996564896113496
00103,/Users/nikko/Downloads/moi-main/project_root/data/temp_frames/video15/frame_00103.png,"[725, 526, 1554, 1100]",RIGHT_HIP,-0.6622789177124754,0.06513735079610852,0.9999288320541382,0.4729135110974312,0.2804059311747551,0.2996564896113496
00103,/Users/nikko/Downloads/moi-main/project_root/data/temp_frames/video15/frame_00103.png,"[725, 526, 1554, 1100]",RIGHT_ELBOW,-0.7251733355224182,0.5915470517081485,0.9972449541091919,0.4729135110974312,0.2804059311747551,0.2996564896113496
00103,/Users/nikko/Downloads/moi-main/project_root/data/temp_frames/video15/frame_00103.png,"[725, 526, 1554, 1100]",LEFT_WRIST,0.8773933694426899,1.3801895303558909,0.8818299174308777,0.4729135110974312,0.2804059311747551,0.2996564896113496
00103,/Users/nikko/Downloads/moi-main/project_root/data/temp_frames/video15/frame_00103.png,"[725, 526, 1554, 1100]",RIGHT_WRIST,-0.4923636097405656,1.813975440245843,0.9992751479148865,0.4729135110974312,0.2804059311747551,0.2996564896113496
00103,/Users/nikko/Downloads/moi-main/project_root/data/temp_frames/video15/frame_00103.png,"[725, 526, 1554, 1100]",RIGHT_KNEE,-1.0388813618880892,0.33591042488605627,0.8978529572486877,0.4729135110974312,0.2804059311747551,0.2996564896113496
00103,/Users/nikko/Downloads/moi-main/project_root/data/temp_frames/video15/frame_00103.png,"[725, 526, 1554, 1100]",RIGHT_ANKLE,-1.3512054725689617,0.3349043385714734,0.898884654045105,0.4729135110974312,0.2804059311747551,0.2996564896113496
00103,/Users/nikko/Downloads/moi-main/project_root/data/temp_frames/video15/frame_00103.png,"[725, 526, 1554, 1100]",LEFT_EYE,1.3592285534349717,0.3825415707994144,0.999570906162262,0.4729135110974312,0.2804059311747551,0.2996564896113496
00103,/Users/nikko/Downloads/moi-main/project_root/data/temp_frames/video15/frame_00103.png,"[725, 526, 1554, 1100]",RIGHT_EYE,1.2613004318966756,0.3374632150827331,0.9997897744178772,0.4729135110974312,0.2804059311747551,0.2996564896113496
00104,/Users/nikko/Downloads/moi-main/project_root/data/temp_frames/video15/frame_00104.png,"[728, 544, 1558, 1102]",LEFT_SHOULDER,0.8383322168620747,-0.032978986218240317,0.9999715089797974,0.47208327054977417,0.2770155668258667,0.29684766578413047
00104,/Users/nikko/Downloads/moi-main/project_root/data/temp_frames/video15/frame_00104.png,"[728, 544, 1558, 1102]",RIGHT_SHOULDER,0.16020312417244015,0.03173126455717924,0.9999034404754639,0.47208327054977417,0.2770155668258667,0.29684766578413047
00104,/Users/nikko/Downloads/moi-main/project_root/data/temp_frames/video15/frame_00104.png,"[728, 544, 1558, 1102]",LEFT_HIP,-0.3246462732009788,-0.014068192243281694,0.9998841285705566,0.47208327054977417,0.2770155668258667,0.29684766578413047
00104,/Users/nikko/Downloads/moi-main/project_root/data/temp_frames/video15/frame_00104.png,"[728, 544, 1558, 1102]",RIGHT_HIP,-0.6738890678335361,0.015315913904342766,0.9999289512634277,0.47208327054977417,0.2770155668258667,0.29684766578413047
00104,/Users/nikko/Downloads/moi-main/project_root/data/temp_frames/video15/frame_00104.png,"[728, 544, 1558, 1102]",LEFT_ELBOW,0.6862698038747648,0.489091329753782,0.518989622592926,0.47208327054977417,0.2770155668258667,0.29684766578413047
00104,/Users/nikko/Downloads/moi-main/project_root/data/temp_frames/video15/frame_00104.png,"[728, 544, 1558, 1102]",RIGHT_ELBOW,-0.7070702516238215,0.5335842328290218,0.9978925585746765,0.47208327054977417,0.2770155668258667,0.29684766578413047
00104,/Users/nikko/Downloads/moi-main/project_root/data/temp_frames/video15/frame_00104.png,"[728, 544, 1558, 1102]",LEFT_WRIST,0.9166975302834742,1.4167254998141863,0.9522745013237,0.47208327054977417,0.2770155668258667,0.29684766578413047
00104,/Users/nikko/Downloads/moi-main/project_root/data/temp_frames/video15/frame_00104.png,"[728, 544, 1558, 1102]",RIGHT_WRIST,-0.5240665903129089,1.823075354295588,0.9996451139450073,0.47208327054977417,0.2770155668258667,0.29684766578413047
00104,/Users/nikko/Downloads/moi-main/project_root/data/temp_frames/video15/frame_00104.png,"[728, 544, 1558, 1102]",RIGHT_KNEE,-1.0597481962688398,0.24783759997548788,0.9603171944618225,0.47208327054977417,0.2770155668258667,0.29684766578413047
00104,/Users/nikko/Downloads/moi-main/project_root/data/temp_frames/video15/frame_00104.png,"[728, 544, 1558, 1102]",RIGHT_ANKLE,-1.3662376997574444,0.258620131871043,0.9536327123641968,0.47208327054977417,0.2770155668258667,0.29684766578413047
00104,/Users/nikko/Downloads/moi-main/project_root/data/temp_frames/video15/frame_00104.png,"[728, 544, 1558, 1102]",LEFT_EYE,1.3483730824455922,0.5519437522915177,0.9999765157699585,0.47208327054977417,0.2770155668258667,0.29684766578413047
00104,/Users/nikko/Downloads/moi-main/project_root/data/temp_frames/video15/frame_00104.png,"[728, 544, 1558, 1102]",RIGHT_EYE,1.2278693532675242,0.4478688268321522,0.9999891519546509,0.47208327054977417,0.2770155668258667,0.29684766578413047
00105,/Users/nikko/Downloads/moi-main/project_root/data/temp_frames/video15/frame_00105.png,"[728, 570, 1566, 1102]",LEFT_SHOULDER,0.7536843448371491,-0.041592754703221095,0.9999632835388184,0.48304999619722366,0.28789669275283813,0.3062134494778811
00105,/Users/nikko/Downloads/moi-main/project_root/data/temp_frames/video15/frame_00105.png,"[728, 570, 1566, 1102]",RIGHT_SHOULDER,0.22418671235843868,0.16306575357279038,0.9998944997787476,0.48304999619722366,0.28789669275283813,0.3062134494778811
00105,/Users/nikko/Downloads/moi-main/project_root/data/temp_frames/video15/frame_00105.png,"[728, 570, 1566, 1102]",LEFT_HIP,-0.3287560060938062,-0.062257840196261904,0.999873161315918,0.48304999619722366,0.28789669275283813,0.3062134494778811
00105,/Users/nikko/Downloads/moi-main/project_root/data/temp_frames/video15/frame_00105.png,"[728, 570, 1566, 1102]",RIGHT_HIP,-0.6491150511017816,-0.05921515867330737,0.9999223947525024,0.48304999619722366,0.28789669275283813,0.3062134494778811
00105,/Users/nikko/Downloads/moi-main/project_root/data/temp_frames/video15/frame_00105.png,"[728, 570, 1566, 1102]",RIGHT_ELBOW,-0.7372448814860294,0.4105573304479553,0.9973517656326294,0.48304999619722366,0.28789669275283813,0.3062134494778811
00105,/Users/nikko/Downloads/moi-main/project_root/data/temp_frames/video15/frame_00105.png,"[728, 570, 1566, 1102]",LEFT_WRIST,0.8332104221589196,1.3255664005146854,0.8858103156089783,0.48304999619722366,0.28789669275283813,0.3062134494778811
00105,/Users/nikko/Downloads/moi-main/project_root/data/temp_frames/video15/frame_00105.png,"[728, 570, 1566, 1102]",RIGHT_WRIST,-0.5555973882501046,1.69948327791358,0.9994331002235413,0.48304999619722366,0.28789669275283813,0.3062134494778811
00105,/Users/nikko/Downloads/moi-main/project_root/data/temp_frames/video15/frame_00105.png,"[728, 570, 1566, 1102]",RIGHT_KNEE,-1.0627277153644734,0.14933704373598758,0.9015987515449524,0.48304999619722366,0.28789669275283813,0.3062134494778811
00105,/Users/nikko/Downloads/moi-main/project_root/data/temp_frames/video15/frame_00105.png,"[728, 570, 1566, 1102]",RIGHT_ANKLE,-1.3505889109661544,0.11444348288075065,0.886269748210907,0.48304999619722366,0.28789669275283813,0.3062134494778811
00105,/Users/nikko/Downloads/moi-main/project_root/data/temp_frames/video15/frame_00105.png,"[728, 570, 1566, 1102]",LEFT_EYE,1.2711348543822205,0.6066646413350459,0.9999430179595947,0.48304999619722366,0.28789669275283813,0.3062134494778811
00105,/Users/nikko/Downloads/moi-main/project_root/data/temp_frames/video15/frame_00105.png,"[728, 570, 1566, 1102]",RIGHT_EYE,1.170508258079462,0.5492092217979871,0.9999755620956421,0.48304999619722366,0.28789669275283813,0.3062134494778811
00106,/Users/nikko/Downloads/moi-main/project_root/data/temp_frames/video15/frame_00106.png,"[728, 607, 1571, 1102]",LEFT_SHOULDER,0.7337779416829384,-0.05444879882567194,0.9999700784683228,0.4935290515422821,0.2607320584356785,0.32087827074166386
00106,/Users/nikko/Downloads/moi-main/project_root/data/temp_frames/video15/frame_00106.png,"[728, 607, 1571, 1102]",RIGHT_SHOULDER,0.19112383985537962,0.2794317952058007,0.9999340772628784,0.4935290515422821,0.2607320584356785,0.32087827074166386
00106,/Users/nikko/Downloads/moi-main/project_root/data/temp_frames/video15/frame_00106.png,"[728, 607, 1571, 1102]",LEFT_HIP,-0.29115636442592924,-0.128767022567583,0.9998968839645386,0.4935290515422821,0.2607320584356785,0.32087827074166386
00106,/Users/nikko/Downloads/moi-main/project_root/data/temp_frames/video15/frame_00106.png,"[728, 607, 1571, 1102]",RIGHT_HIP,-0.6337454171123887,-0.09621597381254576,0.9999421834945679,0.4935290515422821,0.2607320584356785,0.32087827074166386
00106,/Users/nikko/Downloads/moi-main/project_root/data/temp_frames/video15/frame_00106.png,"[728, 607, 1571, 1102]",RIGHT_ELBOW,-0.7504833256401414,0.35393475199022073,0.9955543875694275,0.4935290515422821,0.2607320584356785,0.32087827074166386
00106,/Users/nikko/Downloads/moi-main/project_root/data/temp_frames/video15/frame_00106.png,"[728, 607, 1571, 1102]",LEFT_WRIST,0.7606581318442142,1.3068999810862771,0.8702718615531921,0.4935290515422821,0.2607320584356785,0.32087827074166386
00106,/Users/nikko/Downloads/moi-main/project_root/data/temp_frames/video15/frame_00106.png,"[728, 607, 1571, 1102]",RIGHT_WRIST,-0.5563527674413012,1.6894303794402727,0.9996029734611511,0.4935290515422821,0.2607320584356785,0.32087827074166386
00106,/Users/nikko/Downloads/moi-main/project_root/data/temp_frames/video15/frame_00106.png,"[728, 607, 1571, 1102]",RIGHT_KNEE,-1.0520769676518078,0.12781779286536965,0.9036160707473755,0.4935290515422821,0.2607320584356785,0.32087827074166386
00106,/Users/nikko/Downloads/moi-main/project_root/data/temp_frames/video15/frame_00106.png,"[728, 607, 1571, 1102]",RIGHT_ANKLE,-1.3363237218728827,0.08722844195017884,0.8749878406524658,0.4935290515422821,0.2607320584356785,0.32087827074166386
00106,/Users/nikko/Downloads/moi-main/project_root/data/temp_frames/video15/frame_00106.png,"[728, 607, 1571, 1102]",LEFT_EYE,1.1865414465633024,0.7022051119719411,0.9999688863754272,0.4935290515422821,0.2607320584356785,0.32087827074166386
00106,/Users/nikko/Downloads/moi-main/project_root/data/temp_frames/video15/frame_00106.png,"[728, 607, 1571, 1102]",RIGHT_EYE,1.0994496155803937,0.6603245801834674,0.9999885559082031,0.4935290515422821,0.2607320584356785,0.32087827074166386
00107,/Users/nikko/Downloads/moi-main/project_root/data/temp_frames/video15/frame_00107.png,"[728, 628, 1576, 1101]",LEFT_SHOULDER,0.742707973659697,0.026834784356559692,0.9999487400054932,0.5064192041754723,0.254667729139328,0.3129652149205499
00107,/Users/nikko/Downloads/moi-main/project_root/data/temp_frames/video15/frame_00107.png,"[728, 628, 1576, 1101]",RIGHT_SHOULDER,0.1467124048301461,0.27961151675752355,0.9998277425765991,0.5064192041754723,0.254667729139328,0.3129652149205499
00107,/Users/nikko/Downloads/moi-main/project_root/data/temp_frames/video15/frame_00107.png,"[728, 628, 1576, 1101]",LEFT_HIP,-0.28295943706934473,-0.20051693212457197,0.9998816251754761,0.5064192041754723,0.254667729139328,0.3129652149205499
00107,/Users/nikko/Downloads/moi-main/project_root/data/temp_frames/video15/frame_00107.png,"[728, 628, 1576, 1101]",RIGHT_HIP,-0.6064609414204983,-0.10592936898951125,0.9999308586120605,0.5064192041754723,0.254667729139328,0.3129652149205499
00107,/Users/nikko/Downloads/moi-main/project_root/data/temp_frames/video15/frame_00107.png,"[728, 628, 1576, 1101]",RIGHT_ELBOW,-0.8369281085457042,0.30864591887354614,0.9899508357048035,0.5064192041754723,0.254667729139328,0.3129652149205499
00107,/Users/nikko/Downloads/moi-main/project_root/data/temp_frames/video15/frame_00107.png,"[728, 628, 1576, 1101]",LEFT_WRIST,0.7638128389798308,1.324941695254887,0.7197466492652893,0.5064192041754723,0.254667729139328,0.3129652149205499
00107,/Users/nikko/Downloads/moi-main/project_root/data/temp_frames/video15/frame_00107.png,"[728, 628, 1576, 1101]",RIGHT_WRIST,-0.6114277219347227,1.7424317932745867,0.9975963234901428,0.5064192041754723,0.254667729139328,0.3129652149205499
00107,/Users/nikko/Downloads/moi-main/project_root/data/temp_frames/video15/frame_00107.png,"[728, 628, 1576, 1101]",RIGHT_KNEE,-1.1178628336056051,0.0664269517701889,0.9012447595596313,0.5064192041754723,0.254667729139328,0.3129652149205499
00107,/Users/nikko/Downloads/moi-main/project_root/data/temp_frames/video15/frame_00107.png,"[728, 628, 1576, 1101]",RIGHT_ANKLE,-1.4232961716513182,0.003012368855918018,0.8710747361183167,0.5064192041754723,0.254667729139328,0.3129652149205499
00107,/Users/nikko/Downloads/moi-main/project_root/data/temp_frames/video15/frame_00107.png,"[728, 628, 1576, 1101]",LEFT_EYE,1.1491014243132676,0.8655989628587402,0.9999775886535645,0.5064192041754723,0.254667729139328,0.3129652149205499
00107,/Users/nikko/Downloads/moi-main/project_root/data/temp_frames/video15/frame_00107.png,"[728, 628, 1576, 1101]",RIGHT_EYE,1.051516442752534,0.7946960236793216,0.999991774559021,0.5064192041754723,0.254667729139328,0.3129652149205499
00108,/Users/nikko/Downloads/moi-main/project_root/data/temp_frames/video15/frame_00108.png,"[728, 642, 1582, 1100]",LEFT_SHOULDER,0.7334227466332817,0.03907909162370903,0.9998674392700195,0.4998423159122467,0.26422521471977234,0.3359885769624827
00108,/Users/nikko/Downloads/moi-main/project_root/data/temp_frames/video15/frame_00108.png,"[728, 642, 1582, 1100]",RIGHT_SHOULDER,0.1450963863399522,0.3049395695830538,0.999810516834259,0.4998423159122467,0.26422521471977234,0.3359885769624827
00108,/Users/nikko/Downloads/moi-main/project_root/data/temp_frames/video15/frame_00108.png,"[728, 642, 1582, 1100]",LEFT_HIP,-0.2774650630643174,-0.1913559086871644,0.9997747540473938,0.4998423159122467,0.26422521471977234,0.3359885769624827
00108,/Users/nikko/Downloads/moi-main/project_root/data/temp_frames/video15/frame_00108.png,"[728, 642, 1582, 1100]",RIGHT_HIP,-0.6010540699089165,-0.1526627525195984,0.9998965263366699,0.4998423159122467,0.26422521471977234,0.3359885769624827
00108,/Users/nikko/Downloads/moi-main/project_root/data/temp_frames/video15/frame_00108.png,"[728, 642, 1582, 1100]",RIGHT_ELBOW,-0.7114834114015353,0.23476814807823063,0.9870886206626892,0.4998423159122467,0.26422521471977234,0.3359885769624827
00108,/Users/nikko/Downloads/moi-main/project_root/data/temp_frames/video15/frame_00108.png,"[728, 642, 1582, 1100]",RIGHT_WRIST,-0.534903881202127,1.56727058233629,0.9972387552261353,0.4998423159122467,0.26422521471977234,0.3359885769624827
00108,/Users/nikko/Downloads/moi-main/project_root/data/temp_frames/video15/frame_00108.png,"[728, 642, 1582, 1100]",RIGHT_KNEE,-1.0272475347401429,-0.0318560403562673,0.6579763889312744,0.4998423159122467,0.26422521471977234,0.3359885769624827
00108,/Users/nikko/Downloads/moi-main/project_root/data/temp_frames/video15/frame_00108.png,"[728, 642, 1582, 1100]",RIGHT_ANKLE,-1.2994380504784016,-0.08753993623771726,0.640250027179718,0.4998423159122467,0.26422521471977234,0.3359885769624827
00108,/Users/nikko/Downloads/moi-main/project_root/data/temp_frames/video15/frame_00108.png,"[728, 642, 1582, 1100]",LEFT_EYE,1.0619028711341987,0.9381686464996488,0.9998806715011597,0.4998423159122467,0.26422521471977234,0.3359885769624827
00108,/Users/nikko/Downloads/moi-main/project_root/data/temp_frames/video15/frame_00108.png,"[728, 642, 1582, 1100]",RIGHT_EYE,0.9657739861137221,0.9065740949332481,0.9999589920043945,0.4998423159122467,0.26422521471977234,0.3359885769624827
00109,/Users/nikko/Downloads/moi-main/project_root/data/temp_frames/video15/frame_00109.png,"[727, 660, 1582, 1100]",LEFT_SHOULDER,0.6969374392103774,0.014369780508478364,0.999906063079834,0.5134277939796448,0.27234361693263054,0.33997487442289154
00109,/Users/nikko/Downloads/moi-main/project_root/data/temp_frames/video15/frame_00109.png,"[727, 660, 1582, 1100]",RIGHT_SHOULDER,0.14641893629351968,0.3550738077533391,0.9999250173568726,0.5134277939796448,0.27234361693263054,0.33997487442289154
00109,/Users/nikko/Downloads/moi-main/project_root/data/temp_frames/video15/frame_00109.png,"[727, 660, 1582, 1100]",LEFT_HIP,-0.2750633305373621,-0.23629512763980162,0.9998620748519897,0.5134277939796448,0.27234361693263054,0.33997487442289154
00109,/Users/nikko/Downloads/moi-main/project_root/data/temp_frames/video15/frame_00109.png,"[727, 660, 1582, 1100]",RIGHT_HIP,-0.568293044966535,-0.13314846062201582,0.9999474287033081,0.5134277939796448,0.27234361693263054,0.33997487442289154
00109,/Users/nikko/Downloads/moi-main/project_root/data/temp_frames/video15/frame_00109.png,"[727, 660, 1582, 1100]",RIGHT_ELBOW,-0.7288498453091159,0.1797895397307819,0.9939237236976624,0.5134277939796448,0.27234361693263054,0.33997487442289154
00109,/Users/nikko/Downloads/moi-main/project_root/data/temp_frames/video15/frame_00109.png,"[727, 660, 1582, 1100]",RIGHT_WRIST,-0.5883166014013977,1.4725881575204247,0.9991951584815979,0.5134277939796448,0.27234361693263054,0.33997487442289154
00109,/Users/nikko/Downloads/moi-main/project_root/data/temp_frames/video15/frame_00109.png,"[727, 660, 1582, 1100]",RIGHT_KNEE,-1.0344096478613098,-0.08886695753677774,0.9221166968345642,0.5134277939796448,0.27234361693263054,0.33997487442289154
00109,/Users/nikko/Downloads/moi-main/project_root/data/temp_frames/video15/frame_00109.png,"[727, 660, 1582, 1100]",RIGHT_ANKLE,-1.3147191884045262,-0.1801693063573106,0.9242233633995056,0.5134277939796448,0.27234361693263054,0.33997487442289154
00109,/Users/nikko/Downloads/moi-main/project_root/data/temp_frames/video15/frame_00109.png,"[727, 660, 1582, 1100]",LEFT_EYE,1.0372607574797603,0.9120271075971896,0.9999645948410034,0.5134277939796448,0.27234361693263054,0.33997487442289154
00109,/Users/nikko/Downloads/moi-main/project_root/data/temp_frames/video15/frame_00109.png,"[727, 660, 1582, 1100]",RIGHT_EYE,0.9426077226071485,0.9335235335245643,0.9999897480010986,0.5134277939796448,0.27234361693263054,0.33997487442289154
00110,/Users/nikko/Downloads/moi-main/project_root/data/temp_frames/video15/frame_00110.png,"[727, 682, 1583, 1100]",LEFT_SHOULDER,0.6751783689805624,0.0038736441912783403,0.9999479055404663,0.5287303999066353,0.25970612466335297,0.3475782372324139
00110,/Users/nikko/Downloads/moi-main/project_root/data/temp_frames/video15/frame_00110.png,"[727, 682, 1583, 1100]",RIGHT_SHOULDER,0.12761952400835888,0.42254969542392595,0.9999635219573975,0.5287303999066353,0.25970612466335297,0.3475782372324139
00110,/Users/nikko/Downloads/moi-main/project_root/data/temp_frames/video15/frame_00110.png,"[727, 682, 1583, 1100]",LEFT_HIP,-0.23728251753404098,-0.2237978585797583,0.9999021291732788,0.5287303999066353,0.25970612466335297,0.3475782372324139
00110,/Users/nikko/Downloads/moi-main/project_root/data/temp_frames/video15/frame_00110.png,"[727, 682, 1583, 1100]",RIGHT_HIP,-0.5655153754548803,-0.202625481035446,0.9999644756317139,0.5287303999066353,0.25970612466335297,0.3475782372324139
00110,/Users/nikko/Downloads/moi-main/project_root/data/temp_frames/video15/frame_00110.png,"[727, 682, 1583, 1100]",RIGHT_ELBOW,-0.7363399332432953,0.06969820062658351,0.9950634837150574,0.5287303999066353,0.25970612466335297,0.3475782372324139
00110,/Users/nikko/Downloads/moi-main/project_root/data/temp_frames/video15/frame_00110.png,"[727, 682, 1583, 1100]",RIGHT_WRIST,-0.5950149197651396,1.4834270373177167,0.9994606375694275,0.5287303999066353,0.25970612466335297,0.3475782372324139
00110,/Users/nikko/Downloads/moi-main/project_root/data/temp_frames/video15/frame_00110.png,"[727, 682, 1583, 1100]",RIGHT_KNEE,-1.0521542793026615,-0.08627309347797901,0.84800124168396,0.5287303999066353,0.25970612466335297,0.3475782372324139
00110,/Users/nikko/Downloads/moi-main/project_root/data/temp_frames/video15/frame_00110.png,"[727, 682, 1583, 1100]",RIGHT_ANKLE,-1.3387014439704417,-0.27667199785248703,0.863978922367096,0.5287303999066353,0.25970612466335297,0.3475782372324139
00110,/Users/nikko/Downloads/moi-main/project_root/data/temp_frames/video15/frame_00110.png,"[727, 682, 1583, 1100]",LEFT_EYE,0.9823580318135307,1.0389963431902993,0.9999821186065674,0.5287303999066353,0.25970612466335297,0.3475782372324139
00110,/Users/nikko/Downloads/moi-main/project_root/data/temp_frames/video15/frame_00110.png,"[727, 682, 1583, 1100]",RIGHT_EYE,0.8978797918324479,1.0186507832197018,0.9999953508377075,0.5287303999066353,0.25970612466335297,0.3475782372324139
00111,/Users/nikko/Downloads/moi-main/project_root/data/temp_frames/video15/frame_00111.png,"[727, 697, 1589, 1098]",LEFT_SHOULDER,0.6642905318970587,-0.03675325146335638,0.9999828338623047,0.554677776992321,0.3026004172861576,0.3354172565822262
00111,/Users/nikko/Downloads/moi-main/project_root/data/temp_frames/video15/frame_00111.png,"[727, 697, 1589, 1098]",RIGHT_SHOULDER,0.08741957974809096,0.4549609239982865,0.9999871253967285,0.554677776992321,0.3026004172861576,0.3354172565822262
00111,/Users/nikko/Downloads/moi-main/project_root/data/temp_frames/video15/frame_00111.png,"[727, 697, 1589, 1098]",LEFT_HIP,-0.22935321258029057,-0.29037969101816785,0.9999185800552368,0.554677776992321,0.3026004172861576,0.3354172565822262
00111,/Users/nikko/Downloads/moi-main/project_root/data/temp_frames/video15/frame_00111.png,"[727, 697, 1589, 1098]",RIGHT_HIP,-0.522356899064859,-0.12782798151676225,0.9999740123748779,0.554677776992321,0.3026004172861576,0.3354172565822262
00111,/Users/nikko/Downloads/moi-main/project_root/data/temp_frames/video15/frame_00111.png,"[727, 697, 1589, 1098]",RIGHT_ELBOW,-0.6421365239785056,0.3132796738180853,0.989141583442688,0.554677776992321,0.3026004172861576,0.3354172565822262
00111,/Users/nikko/Downloads/moi-main/project_root/data/temp_frames/video15/frame_00111.png,"[727, 697, 1589, 1098]",RIGHT_WRIST,-0.7004120825992061,1.371339987255199,0.9991938471794128,0.554677776992321,0.3026004172861576,0.3354172565822262
00111,/Users/nikko/Downloads/moi-main/project_root/data/temp_frames/video15/frame_00111.png,"[727, 697, 1589, 1098]",RIGHT_KNEE,-1.1122762697785873,-0.25813228732667354,0.7220284938812256,0.554677776992321,0.3026004172861576,0.3354172565822262
00111,/Users/nikko/Downloads/moi-main/project_root/data/temp_frames/video15/frame_00111.png,"[727, 697, 1589, 1098]",RIGHT_ANKLE,-1.4350162391974672,-0.4150852868588051,0.8145594596862793,0.554677776992321,0.3026004172861576,0.3354172565822262
00111,/Users/nikko/Downloads/moi-main/project_root/data/temp_frames/video15/frame_00111.png,"[727, 697, 1589, 1098]",LEFT_EYE,0.9158180771738093,1.0737880819453722,0.9999911785125732,0.554677776992321,0.3026004172861576,0.3354172565822262
00111,/Users/nikko/Downloads/moi-main/project_root/data/temp_frames/video15/frame_00111.png,"[727, 697, 1589, 1098]",RIGHT_EYE,0.8493752897653276,1.0166343622136462,0.9999979734420776,0.554677776992321,0.3026004172861576,0.3354172565822262
00112,/Users/nikko/Downloads/moi-main/project_root/data/temp_frames/video15/frame_00112.png,"[724, 697, 1589, 1098]",LEFT_SHOULDER,0.6446959118952715,0.004868757604794198,0.9999502897262573,0.5691379681229591,0.3551241382956505,0.35466008988070236
00112,/Users/nikko/Downloads/moi-main/project_root/data/temp_frames/video15/frame_00112.png,"[724, 697, 1589, 1098]",RIGHT_SHOULDER,0.07459156138635696,0.46565736690876774,0.9999672174453735,0.5691379681229591,0.3551241382956505,0.35466008988070236
00112,/Users/nikko/Downloads/moi-main/project_root/data/temp_frames/video15/frame_00112.png,"[724, 697, 1589, 1098]",LEFT_HIP,-0.23289007835732273,-0.3381495334274987,0.9996943473815918,0.5691379681229591,0.3551241382956505,0.35466008988070236
00112,/Users/nikko/Downloads/moi-main/project_root/data/temp_frames/video15/frame_00112.png,"[724, 697, 1589, 1098]",RIGHT_HIP,-0.48639739492430584,-0.13237659108606326,0.9999082088470459,0.5691379681229591,0.3551241382956505,0.35466008988070236
00112,/Users/nikko/Downloads/moi-main/project_root/data/temp_frames/video15/frame_00112.png,"[724, 697, 1589, 1098]",RIGHT_ELBOW,-0.5968436846652801,0.2430220755129798,0.8395605683326721,0.5691379681229591,0.3551241382956505,0.35466008988070236
00112,/Users/nikko/Downloads/moi-main/project_root/data/temp_frames/video15/frame_00112.png,"[724, 697, 1589, 1098]",RIGHT_WRIST,-0.6876199928496021,1.1615174695662205,0.9922949075698853,0.5691379681229591,0.3551241382956505,0.35466008988070236
00112,/Users/nikko/Downloads/moi-main/project_root/data/temp_frames/video15/frame_00112.png,"[724, 697, 1589, 1098]",LEFT_EYE,0.8272137044557452,0.9297326675231226,0.9998441934585571,0.5691379681229591,0.3551241382956505,0.35466008988070236
00112,/Users/nikko/Downloads/moi-main/project_root/data/temp_frames/video15/frame_00112.png,"[724, 697, 1589, 1098]",RIGHT_EYE,0.764091719306318,0.9037070267927764,0.9999644756317139,0.5691379681229591,0.3551241382956505,0.35466008988070236
00113,/Users/nikko/Downloads/moi-main/project_root/data/temp_frames/video15/frame_00113.png,"[724, 700, 1586, 1097]",LEFT_SHOULDER,0.6119105258974372,-0.01915589587348626,0.9999297857284546,0.545722521841526,0.34231895208358765,0.3683957967528263
00113,/Users/nikko/Downloads/moi-main/project_root/data/temp_frames/video15/frame_00113.png,"[724, 700, 1586, 1097]",RIGHT_SHOULDER,0.11217812335728129,0.49362657803194937,0.9999808073043823,0.545722521841526,0.34231895208358765,0.3683957967528263
00113,/Users/nikko/Downloads/moi-main/project_root/data/temp_frames/video15/frame_00113.png,"[724, 700, 1586, 1097]",LEFT_HIP,-0.23000150116895937,-0.3238673284456896,0.9998992681503296,0.545722521841526,0.34231895208358765,0.3683957967528263
00113,/Users/nikko/Downloads/moi-main/project_root/data/temp_frames/video15/frame_00113.png,"[724, 700, 1586, 1097]",RIGHT_HIP,-0.49408714808575915,-0.1506033537127735,0.9999749660491943,0.545722521841526,0.34231895208358765,0.3683957967528263
00113,/Users/nikko/Downloads/moi-main/project_root/data/temp_frames/video15/frame_00113.png,"[724, 700, 1586, 1097]",RIGHT_ELBOW,-0.6350020477899493,-0.13384243020885447,0.9827887415885925,0.545722521841526,0.34231895208358765,0.3683957967528263
00113,/Users/nikko/Downloads/moi-main/project_root/data/temp_frames/video15/frame_00113.png,"[724, 700, 1586, 1097]",RIGHT_WRIST,-0.5868946936602234,1.162148349268693,0.99802565574646,0.545722521841526,0.34231895208358765,0.3683957967528263
00113,/Users/nikko/Downloads/moi-main/project_root/data/temp_frames/video15/frame_00113.png,"[724, 700, 1586, 1097]",RIGHT_KNEE,-1.0344373678713068,-0.3657684641908154,0.5105763673782349,0.545722521841526,0.34231895208358765,0.3683957967528263
00113,/Users/nikko/Downloads/moi-main/project_root/data/temp_frames/video15/frame_00113.png,"[724, 700, 1586, 1097]",RIGHT_ANKLE,-1.3084327843062336,-0.5436450966522965,0.5772698521614075,0.545722521841526,0.34231895208358765,0.3683957967528263
00113,/Users/nikko/Downloads/moi-main/project_root/data/temp_frames/video15/frame_00113.png,"[724, 700, 1586, 1097]",LEFT_EYE,0.8726826895078663,1.1076254947574045,0.9998776912689209,0.545722521841526,0.34231895208358765,0.3683957967528263
00113,/Users/nikko/Downloads/moi-main/project_root/data/temp_frames/video15/frame_00113.png,"[724, 700, 1586, 1097]",RIGHT_EYE,0.8067115353900359,1.0333194646646877,0.9999724626541138,0.545722521841526,0.34231895208358765,0.3683957967528263
00114,/Users/nikko/Downloads/moi-main/project_root/data/temp_frames/video15/frame_00114.png,"[724, 701, 1589, 1096]",LEFT_SHOULDER,0.607598038982669,-0.0929885409094384,0.9998694658279419,0.5459242165088654,0.37581218779087067,0.3603283588072459
00114,/Users/nikko/Downloads/moi-main/project_root/data/temp_frames/video15/frame_00114.png,"[724, 701, 1589, 1096]",RIGHT_SHOULDER,0.1260198261179868,0.49519071492511285,0.9999427795410156,0.5459242165088654,0.37581218779087067,0.3603283588072459
00114,/Users/nikko/Downloads/moi-main/project_root/data/temp_frames/video15/frame_00114.png,"[724, 701, 1589, 1096]",LEFT_HIP,-0.22886167189525372,-0.31838595515552837,0.9997895359992981,0.5459242165088654,0.37581218779087067,0.3603283588072459
00114,/Users/nikko/Downloads/moi-main/project_root/data/temp_frames/video15/frame_00114.png,"[724, 701, 1589, 1096]",RIGHT_HIP,-0.504756193205402,-0.08381621886014605,0.9999456405639648,0.5459242165088654,0.37581218779087067,0.3603283588072459
00114,/Users/nikko/Downloads/moi-main/project_root/data/temp_frames/video15/frame_00114.png,"[724, 701, 1589, 1096]",RIGHT_ELBOW,-0.6653676472006801,-0.31689397130132607,0.9794050455093384,0.5459242165088654,0.37581218779087067,0.3603283588072459
00114,/Users/nikko/Downloads/moi-main/project_root/data/temp_frames/video15/frame_00114.png,"[724, 701, 1589, 1096]",RIGHT_WRIST,-0.6074453585572097,1.1139876067179624,0.9801093339920044,0.5459242165088654,0.37581218779087067,0.3603283588072459
00114,/Users/nikko/Downloads/moi-main/project_root/data/temp_frames/video15/frame_00114.png,"[724, 701, 1589, 1096]",LEFT_EYE,0.8690921329489971,1.1297605037151242,0.999847412109375,0.5459242165088654,0.37581218779087067,0.3603283588072459
00114,/Users/nikko/Downloads/moi-main/project_root/data/temp_frames/video15/frame_00114.png,"[724, 701, 1589, 1096]",RIGHT_EYE,0.8052737001180234,1.039218364736587,0.9999529123306274,0.5459242165088654,0.37581218779087067,0.3603283588072459
00115,/Users/nikko/Downloads/moi-main/project_root/data/temp_frames/video15/frame_00115.png,"[724, 699, 1593, 1095]",LEFT_SHOULDER,0.6211816208513994,-0.03975399943674317,0.999818742275238,0.5339446440339088,0.3817076310515404,0.3552504873882014
00115,/Users/nikko/Downloads/moi-main/project_root/data/temp_frames/video15/frame_00115.png,"[724, 699, 1593, 1095]",RIGHT_SHOULDER,0.1399898311440417,0.4642089983940574,0.9999426603317261,0.5339446440339088,0.3817076310515404,0.3552504873882014
00115,/Users/nikko/Downloads/moi-main/project_root/data/temp_frames/video15/frame_00115.png,"[724, 699, 1593, 1095]",LEFT_HIP,-0.23975113335012727,-0.301101510225727,0.99982750415802,0.5339446440339088,0.3817076310515404,0.3552504873882014
00115,/Users/nikko/Downloads/moi-main/project_root/data/temp_frames/video15/frame_00115.png,"[724, 699, 1593, 1095]",RIGHT_HIP,-0.5214203186453139,-0.1233534887315872,0.9999579191207886,0.5339446440339088,0.3817076310515404,0.3552504873882014
00115,/Users/nikko/Downloads/moi-main/project_root/data/temp_frames/video15/frame_00115.png,"[724, 699, 1593, 1095]",RIGHT_ELBOW,-0.6586462136373022,-0.3289941806526353,0.9855528473854065,0.5339446440339088,0.3817076310515404,0.3552504873882014
00115,/Users/nikko/Downloads/moi-main/project_root/data/temp_frames/video15/frame_00115.png,"[724, 699, 1593, 1095]",RIGHT_WRIST,-0.5888597986856433,1.1377212653662976,0.9897247552871704,0.5339446440339088,0.3817076310515404,0.3552504873882014
00115,/Users/nikko/Downloads/moi-main/project_root/data/temp_frames/video15/frame_00115.png,"[724, 699, 1593, 1095]",LEFT_EYE,0.903422858947571,1.2178943941169815,0.9998384714126587,0.5339446440339088,0.3817076310515404,0.3552504873882014
00115,/Users/nikko/Downloads/moi-main/project_root/data/temp_frames/video15/frame_00115.png,"[724, 699, 1593, 1095]",RIGHT_EYE,0.8245468530021123,1.1436057164107747,0.9999536275863647,0.5339446440339088,0.3817076310515404,0.3552504873882014
00116,/Users/nikko/Downloads/moi-main/project_root/data/temp_frames/video15/frame_00116.png,"[723, 698, 1591, 1096]",LEFT_SHOULDER,0.6066872689512993,-0.10143603346945375,0.9998435974121094,0.5446456223726273,0.40183065831661224,0.3657286641617893
00116,/Users/nikko/Downloads/moi-main/project_root/data/temp_frames/video15/frame_00116.png,"[723, 698, 1591, 1096]",RIGHT_SHOULDER,0.12083421945242291,0.5055859454764478,0.9999439716339111,0.5446456223726273,0.40183065831661224,0.3657286641617893
00116,/Users/nikko/Downloads/moi-main/project_root/data/temp_frames/video15/frame_00116.png,"[723, 698, 1591, 1096]",LEFT_HIP,-0.2311163345381949,-0.3192484300396062,0.9997426867485046,0.5446456223726273,0.40183065831661224,0.3657286641617893
00116,/Users/nikko/Downloads/moi-main/project_root/data/temp_frames/video15/frame_00116.png,"[723, 698, 1591, 1096]",RIGHT_HIP,-0.49640515386552736,-0.08490148196738785,0.9999356269836426,0.5446456223726273,0.40183065831661224,0.3657286641617893
00116,/Users/nikko/Downloads/moi-main/project_root/data/temp_frames/video15/frame_00116.png,"[723, 698, 1591, 1096]",RIGHT_ELBOW,-0.633991944683816,-0.24201626839041113,0.9737701416015625,0.5446456223726273,0.40183065831661224,0.3657286641617893
00116,/Users/nikko/Downloads/moi-main/project_root/data/temp_frames/video15/frame_00116.png,"[723, 698, 1591, 1096]",RIGHT_WRIST,-0.5933678890979307,1.039714647343474,0.9837560653686523,0.5446456223726273,0.40183065831661224,0.3657286641617893
00116,/Users/nikko/Downloads/moi-main/project_root/data/temp_frames/video15/frame_00116.png,"[723, 698, 1591, 1096]",LEFT_EYE,0.8448831171269979,1.1062330741271031,0.9997881054878235,0.5446456223726273,0.40183065831661224,0.3657286641617893
00116,/Users/nikko/Downloads/moi-main/project_root/data/temp_frames/video15/frame_00116.png,"[723, 698, 1591, 1096]",RIGHT_EYE,0.7802651423200243,1.046133908337943,0.9999407529830933,0.5446456223726273,0.40183065831661224,0.3657286641617893
00117,/Users/nikko/Downloads/moi-main/project_root/data/temp_frames/video15/frame_00117.png,"[723, 700, 1593, 1095]",LEFT_SHOULDER,0.615821991453947,-0.08387131312086313,0.9998242259025574,0.5291840359568596,0.383089043200016,0.37421147767433
00117,/Users/nikko/Downloads/moi-main/project_root/data/temp_frames/video15/frame_00117.png,"[723, 700, 1593, 1095]",RIGHT_SHOULDER,0.1361129748094713,0.48242767838914175,0.999919056892395,0.5291840359568596,0.383089043200016,0.37421147767433
00117,/Users/nikko/Downloads/moi-main/project_root/data/temp_frames/video15/frame_00117.png,"[723, 700, 1593, 1095]",LEFT_HIP,-0.238608993424356,-0.3036208612036021,0.9997738003730774,0.5291840359568596,0.383089043200016,0.37421147767433
00117,/Users/nikko/Downloads/moi-main/project_root/data/temp_frames/video15/frame_00117.png,"[723, 700, 1593, 1095]",RIGHT_HIP,-0.5133259728390622,-0.0949355040646765,0.9999312162399292,0.5291840359568596,0.383089043200016,0.37421147767433
00117,/Users/nikko/Downloads/moi-main/project_root/data/temp_frames/video15/frame_00117.png,"[723, 700, 1593, 1095]",RIGHT_ELBOW,-0.5970234908683512,-0.3033294572672657,0.9695971012115479,0.5291840359568596,0.383089043200016,0.37421147767433
00117,/Users/nikko/Downloads/moi-main/project_root/data/temp_frames/video15/frame_00117.png,"[723, 700, 1593, 1095]",RIGHT_WRIST,-0.5368964816682524,1.061345758479755,0.9849425554275513,0.5291840359568596,0.383089043200016,0.37421147767433
00117,/Users/nikko/Downloads/moi-main/project_root/data/temp_frames/video15/frame_00117.png,"[723, 700, 1593, 1095]",LEFT_EYE,0.8958255750495632,1.1876008343849602,0.9999171495437622,0.5291840359568596,0.383089043200016,0.37421147767433
00117,/Users/nikko/Downloads/moi-main/project_root/data/temp_frames/video15/frame_00117.png,"[723, 700, 1593, 1095]",RIGHT_EYE,0.8152230391940669,1.1422455120150565,0.9999736547470093,0.5291840359568596,0.383089043200016,0.37421147767433
00118,/Users/nikko/Downloads/moi-main/project_root/data/temp_frames/video15/frame_00118.png,"[722, 700, 1594, 1095]",LEFT_SHOULDER,0.618908441726595,-0.09198249725687088,0.9999094009399414,0.5395899564027786,0.37849249690771103,0.36823069592558677
00118,/Users/nikko/Downloads/moi-main/project_root/data/temp_frames/video15/frame_00118.png,"[722, 700, 1594, 1095]",RIGHT_SHOULDER,0.13588900157960923,0.4916736344236586,0.9999617338180542,0.5395899564027786,0.37849249690771103,0.36823069592558677
00118,/Users/nikko/Downloads/moi-main/project_root/data/temp_frames/video15/frame_00118.png,"[722, 700, 1594, 1095]",LEFT_HIP,-0.24224496349759278,-0.2900784179616751,0.999764621257782,0.5395899564027786,0.37849249690771103,0.36823069592558677
00118,/Users/nikko/Downloads/moi-main/project_root/data/temp_frames/video15/frame_00118.png,"[722, 700, 1594, 1095]",RIGHT_HIP,-0.5125524798086114,-0.10961271920511262,0.999933123588562,0.5395899564027786,0.37849249690771103,0.36823069592558677
00118,/Users/nikko/Downloads/moi-main/project_root/data/temp_frames/video15/frame_00118.png,"[722, 700, 1594, 1095]",RIGHT_ELBOW,-0.6499528802900153,-0.29545857557744537,0.9847356081008911,0.5395899564027786,0.37849249690771103,0.36823069592558677
00118,/Users/nikko/Downloads/moi-main/project_root/data/temp_frames/video15/frame_00118.png,"[722, 700, 1594, 1095]",RIGHT_WRIST,-0.5696495198600342,1.0620067619210598,0.9931126236915588,0.5395899564027786,0.37849249690771103,0.36823069592558677
00118,/Users/nikko/Downloads/moi-main/project_root/data/temp_frames/video15/frame_00118.png,"[722, 700, 1594, 1095]",RIGHT_KNEE,-1.0529355965264429,-0.34752533498182303,0.520195484161377,0.5395899564027786,0.37849249690771103,0.36823069592558677
00118,/Users/nikko/Downloads/moi-main/project_root/data/temp_frames/video15/frame_00118.png,"[722, 700, 1594, 1095]",RIGHT_ANKLE,-1.2716407315448819,-0.6210735229802635,0.5192922949790955,0.5395899564027786,0.37849249690771103,0.36823069592558677
00118,/Users/nikko/Downloads/moi-main/project_root/data/temp_frames/video15/frame_00118.png,"[722, 700, 1594, 1095]",LEFT_EYE,0.8609211655846418,1.1896913792454933,0.9999023675918579,0.5395899564027786,0.37849249690771103,0.36823069592558677
00118,/Users/nikko/Downloads/moi-main/project_root/data/temp_frames/video15/frame_00118.png,"[722, 700, 1594, 1095]",RIGHT_EYE,0.8017177415433876,1.1573749845311396,0.9999703168869019,0.5395899564027786,0.37849249690771103,0.36823069592558677
00119,/Users/nikko/Downloads/moi-main/project_root/data/temp_frames/video15/frame_00119.png,"[720, 701, 1596, 1092]",LEFT_SHOULDER,0.6435285464036077,-0.0708328841000997,0.9998832941055298,0.5424362048506737,0.37545502185821533,0.3499911570625306
00119,/Users/nikko/Downloads/moi-main/project_root/data/temp_frames/video15/frame_00119.png,"[720, 701, 1596, 1092]",RIGHT_SHOULDER,0.13421169972940727,0.44854105293634955,0.9999536275863647,0.5424362048506737,0.37545502185821533,0.3499911570625306
00119,/Users/nikko/Downloads/moi-main/project_root/data/temp_frames/video15/frame_00119.png,"[720, 701, 1596, 1092]",LEFT_HIP,-0.2403854537955617,-0.2795462903724155,0.9998248219490051,0.5424362048506737,0.37545502185821533,0.3499911570625306
00119,/Users/nikko/Downloads/moi-main/project_root/data/temp_frames/video15/frame_00119.png,"[720, 701, 1596, 1092]",RIGHT_HIP,-0.5373547923374532,-0.09816187846383437,0.9999536275863647,0.5424362048506737,0.37545502185821533,0.3499911570625306
00119,/Users/nikko/Downloads/moi-main/project_root/data/temp_frames/video15/frame_00119.png,"[720, 701, 1596, 1092]",RIGHT_ELBOW,-0.6440375403552481,-0.27843216626312856,0.9856352806091309,0.5424362048506737,0.37545502185821533,0.3499911570625306
00119,/Users/nikko/Downloads/moi-main/project_root/data/temp_frames/video15/frame_00119.png,"[720, 701, 1596, 1092]",RIGHT_WRIST,-0.6037098069377765,1.126166595379274,0.991692841053009,0.5424362048506737,0.37545502185821533,0.3499911570625306
00119,/Users/nikko/Downloads/moi-main/project_root/data/temp_frames/video15/frame_00119.png,"[720, 701, 1596, 1092]",RIGHT_KNEE,-1.1025129375591096,-0.3624888452118936,0.5177570581436157,0.5424362048506737,0.37545502185821533,0.3499911570625306
00119,/Users/nikko/Downloads/moi-main/project_root/data/temp_frames/video15/frame_00119.png,"[720, 701, 1596, 1092]",RIGHT_ANKLE,-1.3444546653751073,-0.6424739645813444,0.5259157419204712,0.5424362048506737,0.37545502185821533,0.3499911570625306
00119,/Users/nikko/Downloads/moi-main/project_root/data/temp_frames/video15/frame_00119.png,"[720, 701, 1596, 1092]",LEFT_EYE,0.8991023499130432,1.1923651864096831,0.9999220371246338,0.5424362048506737,0.37545502185821533,0.3499911570625306
00119,/Users/nikko/Downloads/moi-main/project_root/data/temp_frames/video15/frame_00119.png,"[720, 701, 1596, 1092]",RIGHT_EYE,0.8353326243743264,1.1392802891523275,0.9999792575836182,0.5424362048506737,0.37545502185821533,0.3499911570625306
00120,/Users/nikko/Downloads/moi-main/project_root/data/temp_frames/video15/frame_00120.png,"[720, 701, 1596, 1092]",LEFT_SHOULDER,0.6525170567947531,-0.06504498329555916,0.9998717308044434,0.5444226637482643,0.3742428943514824,0.3456413941682347
00120,/Users/nikko/Downloads/moi-main/project_root/data/temp_frames/video15/frame_00120.png,"[720, 701, 1596, 1092]",RIGHT_SHOULDER,0.1306748404133722,0.4416494472947359,0.9999382495880127,0.5444226637482643,0.3742428943514824,0.3456413941682347
00120,/Users/nikko/Downloads/moi-main/project_root/data/temp_frames/video15/frame_00120.png,"[720, 701, 1596, 1092]",LEFT_HIP,-0.2409950241998906,-0.2719981868368409,0.9998216032981873,0.5444226637482643,0.3742428943514824,0.3456413941682347
00120,/Users/nikko/Downloads/moi-main/project_root/data/temp_frames/video15/frame_00120.png,"[720, 701, 1596, 1092]",RIGHT_HIP,-0.5421968730082347,-0.10460627716233581,0.9999490976333618,0.5444226637482643,0.3742428943514824,0.3456413941682347
00120,/Users/nikko/Downloads/moi-main/project_root/data/temp_frames/video15/frame_00120.png,"[720, 701, 1596, 1092]",RIGHT_ELBOW,-0.6577577486981183,-0.28290594458689416,0.981613278388977,0.5444226637482643,0.3742428943514824,0.3456413941682347
00120,/Users/nikko/Downloads/moi-main/project_root/data/temp_frames/video15/frame_00120.png,"[720, 701, 1596, 1092]",RIGHT_WRIST,-0.6152800398143637,1.1428034195428844,0.988138735294342,0.5444226637482643,0.3742428943514824,0.3456413941682347
00120,/Users/nikko/Downloads/moi-main/project_root/data/temp_frames/video15/frame_00120.png,"[720, 701, 1596, 1092]",LEFT_EYE,0.898910324321252,1.2070295622426392,0.9998506307601929,0.5444226637482643,0.3742428943514824,0.3456413941682347
00120,/Users/nikko/Downloads/moi-main/project_root/data/temp_frames/video15/frame_00120.png,"[720, 701, 1596, 1092]",RIGHT_EYE,0.8341330426435961,1.1507033656369463,0.9999594688415527,0.5444226637482643,0.3742428943514824,0.3456413941682347
00121,/Users/nikko/Downloads/moi-main/project_root/data/temp_frames/video15/frame_00121.png,"[722, 705, 1597, 1101]",LEFT_SHOULDER,0.6702569125901999,0.0768861580736661,0.9998776912689209,0.5470200031995773,0.3281732127070427,0.3316569431831571
00121,/Users/nikko/Downloads/moi-main/project_root/data/temp_frames/video15/frame_00121.png,"[722, 705, 1597, 1101]",RIGHT_SHOULDER,0.13050012352618393,0.3781179342748987,0.9999809265136719,0.5470200031995773,0.3281732127070427,0.3316569431831571
00121,/Users/nikko/Downloads/moi-main/project_root/data/temp_frames/video15/frame_00121.png,"[722, 705, 1597, 1101]",LEFT_HIP,-0.2783435056568524,-0.2896373519475575,0.9997645020484924,0.5470200031995773,0.3281732127070427,0.3316569431831571
00121,/Users/nikko/Downloads/moi-main/project_root/data/temp_frames/video15/frame_00121.png,"[722, 705, 1597, 1101]",RIGHT_HIP,-0.5224135304595314,-0.1653667404010073,0.9999550580978394,0.5470200031995773,0.3281732127070427,0.3316569431831571
00121,/Users/nikko/Downloads/moi-main/project_root/data/temp_frames/video15/frame_00121.png,"[722, 705, 1597, 1101]",RIGHT_ELBOW,-0.5857128232711717,0.14202998417256638,0.993170976638794,0.5470200031995773,0.3281732127070427,0.3316569431831571
00121,/Users/nikko/Downloads/moi-main/project_root/data/temp_frames/video15/frame_00121.png,"[722, 705, 1597, 1101]",RIGHT_WRIST,-0.6402449443234314,1.2939542762516305,0.9989222288131714,0.5470200031995773,0.3281732127070427,0.3316569431831571
00121,/Users/nikko/Downloads/moi-main/project_root/data/temp_frames/video15/frame_00121.png,"[722, 705, 1597, 1101]",RIGHT_KNEE,-1.1225174335290788,-0.37133628438989313,0.6300578713417053,0.5470200031995773,0.3281732127070427,0.3316569431831571
00121,/Users/nikko/Downloads/moi-main/project_root/data/temp_frames/video15/frame_00121.png,"[722, 705, 1597, 1101]",RIGHT_ANKLE,-1.4480690221365973,-0.5715621384490098,0.6419397592544556,0.5470200031995773,0.3281732127070427,0.3316569431831571
00121,/Users/nikko/Downloads/moi-main/project_root/data/temp_frames/video15/frame_00121.png,"[722, 705, 1597, 1101]",LEFT_EYE,0.9340459300703026,1.0745355982033324,0.9999568462371826,0.5470200031995773,0.3281732127070427,0.3316569431831571
00121,/Users/nikko/Downloads/moi-main/project_root/data/temp_frames/video15/frame_00121.png,"[722, 705, 1597, 1101]",RIGHT_EYE,0.8617368465157185,0.9633354104546289,0.999992847442627,0.5470200031995773,0.3281732127070427,0.3316569431831571
00122,/Users/nikko/Downloads/moi-main/project_root/data/temp_frames/video15/frame_00122.png,"[724, 701, 1597, 1100]",LEFT_SHOULDER,0.661582299776558,-0.07070427108815122,0.999866247177124,0.5514361411333084,0.2931112051010132,0.32186249889870966
00122,/Users/nikko/Downloads/moi-main/project_root/data/temp_frames/video15/frame_00122.png,"[724, 701, 1597, 1100]",RIGHT_SHOULDER,0.14510982187816496,0.4254311917588284,0.9999648332595825,0.5514361411333084,0.2931112051010132,0.32186249889870966
00122,/Users/nikko/Downloads/moi-main/project_root/data/temp_frames/video15/frame_00122.png,"[724, 701, 1597, 1100]",LEFT_HIP,-0.259136477654873,-0.2538724076342234,0.9997603297233582,0.5514361411333084,0.2931112051010132,0.32186249889870966
00122,/Users/nikko/Downloads/moi-main/project_root/data/temp_frames/video15/frame_00122.png,"[724, 701, 1597, 1100]",RIGHT_HIP,-0.54755564399985,-0.10085451303645374,0.9999418258666992,0.5514361411333084,0.2931112051010132,0.32186249889870966
00122,/Users/nikko/Downloads/moi-main/project_root/data/temp_frames/video15/frame_00122.png,"[724, 701, 1597, 1100]",RIGHT_ELBOW,-0.7661211942311216,-0.11554296424100818,0.9907903671264648,0.5514361411333084,0.2931112051010132,0.32186249889870966
00122,/Users/nikko/Downloads/moi-main/project_root/data/temp_frames/video15/frame_00122.png,"[724, 701, 1597, 1100]",RIGHT_WRIST,-0.6654243676452481,1.4477145805176705,0.9978175163269043,0.5514361411333084,0.2931112051010132,0.32186249889870966
00122,/Users/nikko/Downloads/moi-main/project_root/data/temp_frames/video15/frame_00122.png,"[724, 701, 1597, 1100]",RIGHT_KNEE,-1.1766006919321954,-0.30489013185377184,0.511601984500885,0.5514361411333084,0.2931112051010132,0.32186249889870966
00122,/Users/nikko/Downloads/moi-main/project_root/data/temp_frames/video15/frame_00122.png,"[724, 701, 1597, 1100]",LEFT_EYE,0.991683652462717,1.0882602145029956,0.9998894929885864,0.5514361411333084,0.2931112051010132,0.32186249889870966
00122,/Users/nikko/Downloads/moi-main/project_root/data/temp_frames/video15/frame_00122.png,"[724, 701, 1597, 1100]",RIGHT_EYE,0.9045520273268532,1.0564247738462014,0.9999774694442749,0.5514361411333084,0.2931112051010132,0.32186249889870966
00123,/Users/nikko/Downloads/moi-main/project_root/data/temp_frames/video15/frame_00123.png,"[725, 692, 1596, 1100]",LEFT_SHOULDER,0.6886763948650492,-0.006893091877163564,0.9999301433563232,0.5294089987874031,0.260748777538538,0.3182192108792923
00123,/Users/nikko/Downloads/moi-main/project_root/data/temp_frames/video15/frame_00123.png,"[725, 692, 1596, 1100]",RIGHT_SHOULDER,0.15803209504534155,0.36971724830504593,0.9999415874481201,0.5294089987874031,0.260748777538538,0.3182192108792923
00123,/Users/nikko/Downloads/moi-main/project_root/data/temp_frames/video15/frame_00123.png,"[725, 692, 1596, 1100]",LEFT_HIP,-0.27928693076595956,-0.2234284980356243,0.9998812675476074,0.5294089987874031,0.260748777538538,0.3182192108792923
00123,/Users/nikko/Downloads/moi-main/project_root/data/temp_frames/video15/frame_00123.png,"[725, 692, 1596, 1100]",RIGHT_HIP,-0.567421559144431,-0.13939565839225806,0.9999512434005737,0.5294089987874031,0.260748777538538,0.3182192108792923
00123,/Users/nikko/Downloads/moi-main/project_root/data/temp_frames/video15/frame_00123.png,"[725, 692, 1596, 1100]",RIGHT_ELBOW,-0.7485257633953625,-0.00019022183447833666,0.9928136467933655,0.5294089987874031,0.260748777538538,0.3182192108792923
00123,/Users/nikko/Downloads/moi-main/project_root/data/temp_frames/video15/frame_00123.png,"[725, 692, 1596, 1100]",RIGHT_WRIST,-0.6071450384878119,1.5710630624994495,0.99882572889328,0.5294089987874031,0.260748777538538,0.3182192108792923
00123,/Users/nikko/Downloads/moi-main/project_root/data/temp_frames/video15/frame_00123.png,"[725, 692, 1596, 1100]",RIGHT_KNEE,-1.1611628008556623,-0.12157050633214542,0.9108195304870605,0.5294089987874031,0.260748777538538,0.3182192108792923
00123,/Users/nikko/Downloads/moi-main/project_root/data/temp_frames/video15/frame_00123.png,"[725, 692, 1596, 1100]",RIGHT_ANKLE,-1.4621587618980887,-0.32893185606822367,0.8979883790016174,0.5294089987874031,0.260748777538538,0.3182192108792923
00123,/Users/nikko/Downloads/moi-main/project_root/data/temp_frames/video15/frame_00123.png,"[725, 692, 1596, 1100]",LEFT_EYE,1.0682620110443255,1.0343734334087336,0.9999920129776001,0.5294089987874031,0.260748777538538,0.3182192108792923
00123,/Users/nikko/Downloads/moi-main/project_root/data/temp_frames/video15/frame_00123.png,"[725, 692, 1596, 1100]",RIGHT_EYE,0.9790303287080455,0.9238820465668619,0.9999978542327881,0.5294089987874031,0.260748777538538,0.3182192108792923
00124,/Users/nikko/Downloads/moi-main/project_root/data/temp_frames/video15/frame_00124.png,"[726, 668, 1597, 1102]",LEFT_SHOULDER,0.7400510298678264,-0.009322633308596028,0.999954342842102,0.5323471352458,0.28605402633547783,0.29618841139977026
00124,/Users/nikko/Downloads/moi-main/project_root/data/temp_frames/video15/frame_00124.png,"[726, 668, 1597, 1102]",RIGHT_SHOULDER,0.16618979056860542,0.2894581431235036,0.9999340772628784,0.5323471352458,0.28605402633547783,0.29618841139977026
00124,/Users/nikko/Downloads/moi-main/project_root/data/temp_frames/video15/frame_00124.png,"[726, 668, 1597, 1102]",LEFT_HIP,-0.30302075532451983,-0.16394885651372304,0.9998983144760132,0.5323471352458,0.28605402633547783,0.29618841139977026
00124,/Users/nikko/Downloads/moi-main/project_root/data/temp_frames/video15/frame_00124.png,"[726, 668, 1597, 1102]",RIGHT_HIP,-0.6032200651119121,-0.11618665330118451,0.9999525547027588,0.5323471352458,0.28605402633547783,0.29618841139977026
00124,/Users/nikko/Downloads/moi-main/project_root/data/temp_frames/video15/frame_00124.png,"[726, 668, 1597, 1102]",RIGHT_ELBOW,-0.8034089498111283,0.057108658181786114,0.9971981048583984,0.5323471352458,0.28605402633547783,0.29618841139977026
00124,/Users/nikko/Downloads/moi-main/project_root/data/temp_frames/video15/frame_00124.png,"[726, 668, 1597, 1102]",LEFT_WRIST,0.7753086975437161,1.1835359305206523,0.6073482036590576,0.5323471352458,0.28605402633547783,0.29618841139977026
00124,/Users/nikko/Downloads/moi-main/project_root/data/temp_frames/video15/frame_00124.png,"[726, 668, 1597, 1102]",RIGHT_WRIST,-0.668906772489004,1.6373875173071457,0.9991315007209778,0.5323471352458,0.28605402633547783,0.29618841139977026
00124,/Users/nikko/Downloads/moi-main/project_root/data/temp_frames/video15/frame_00124.png,"[726, 668, 1597, 1102]",RIGHT_KNEE,-1.2324145193831868,-0.07066730849098331,0.9525243639945984,0.5323471352458,0.28605402633547783,0.29618841139977026
00124,/Users/nikko/Downloads/moi-main/project_root/data/temp_frames/video15/frame_00124.png,"[726, 668, 1597, 1102]",RIGHT_ANKLE,-1.576308314031502,-0.27375700233805106,0.9338679313659668,0.5323471352458,0.28605402633547783,0.29618841139977026
00124,/Users/nikko/Downloads/moi-main/project_root/data/temp_frames/video15/frame_00124.png,"[726, 668, 1597, 1102]",LEFT_EYE,1.1369980776545368,0.9118798502383427,0.9999862909317017,0.5323471352458,0.28605402633547783,0.29618841139977026
00124,/Users/nikko/Downloads/moi-main/project_root/data/temp_frames/video15/frame_00124.png,"[726, 668, 1597, 1102]",RIGHT_EYE,1.049872881885798,0.8523473317965442,0.9999953508377075,0.5323471352458,0.28605402633547783,0.29618841139977026
00125,/Users/nikko/Downloads/moi-main/project_root/data/temp_frames/video15/frame_00125.png,"[728, 649, 1595, 1100]",LEFT_SHOULDER,0.7944061321198999,-0.032839591367376395,0.9998633861541748,0.5042657032608986,0.2883504182100296,0.3055851457425366
00125,/Users/nikko/Downloads/moi-main/project_root/data/temp_frames/video15/frame_00125.png,"[728, 649, 1595, 1100]",RIGHT_SHOULDER,0.1466437941275644,0.24303995165220427,0.9998354911804199,0.5042657032608986,0.2883504182100296,0.3055851457425366
00125,/Users/nikko/Downloads/moi-main/project_root/data/temp_frames/video15/frame_00125.png,"[728, 649, 1595, 1100]",LEFT_HIP,-0.29907247973666606,-0.0983667319585573,0.999776303768158,0.5042657032608986,0.2883504182100296,0.3055851457425366
00125,/Users/nikko/Downloads/moi-main/project_root/data/temp_frames/video15/frame_00125.png,"[728, 649, 1595, 1100]",RIGHT_HIP,-0.6419774465107981,-0.11183362832627057,0.9998958110809326,0.5042657032608986,0.2883504182100296,0.3055851457425366
00125,/Users/nikko/Downloads/moi-main/project_root/data/temp_frames/video15/frame_00125.png,"[728, 649, 1595, 1100]",RIGHT_ELBOW,-0.7084938850521991,0.1671992043842076,0.9920411705970764,0.5042657032608986,0.2883504182100296,0.3055851457425366
00125,/Users/nikko/Downloads/moi-main/project_root/data/temp_frames/video15/frame_00125.png,"[728, 649, 1595, 1100]",RIGHT_WRIST,-0.5566096351496336,1.6376114531734942,0.9968493580818176,0.5042657032608986,0.2883504182100296,0.3055851457425366
00125,/Users/nikko/Downloads/moi-main/project_root/data/temp_frames/video15/frame_00125.png,"[728, 649, 1595, 1100]",RIGHT_KNEE,-1.100997505462996,0.02924119561922295,0.6199870705604553,0.5042657032608986,0.2883504182100296,0.3055851457425366
00125,/Users/nikko/Downloads/moi-main/project_root/data/temp_frames/video15/frame_00125.png,"[728, 649, 1595, 1100]",RIGHT_ANKLE,-1.4116541775448486,-0.0881810786443883,0.6281896233558655,0.5042657032608986,0.2883504182100296,0.3055851457425366
00125,/Users/nikko/Downloads/moi-main/project_root/data/temp_frames/video15/frame_00125.png,"[728, 649, 1595, 1100]",LEFT_EYE,1.2581535899472938,0.7520979187725919,0.9998732805252075,0.5042657032608986,0.2883504182100296,0.3055851457425366
00125,/Users/nikko/Downloads/moi-main/project_root/data/temp_frames/video15/frame_00125.png,"[728, 649, 1595, 1100]",RIGHT_EYE,1.1474528657652199,0.7108362751835943,0.9999486207962036,0.5042657032608986,0.2883504182100296,0.3055851457425366
00126,/Users/nikko/Downloads/moi-main/project_root/data/temp_frames/video15/frame_00126.png,"[728, 624, 1594, 1100]",LEFT_SHOULDER,0.728287503590825,-0.032063850773627965,0.999915599822998,0.501257948577404,0.3069586679339409,0.3093304269458373
00126,/Users/nikko/Downloads/moi-main/project_root/data/temp_frames/video15/frame_00126.png,"[728, 624, 1594, 1100]",RIGHT_SHOULDER,0.24025864904434294,0.19922634255791907,0.9999244213104248,0.501257948577404,0.3069586679339409,0.3093304269458373
00126,/Users/nikko/Downloads/moi-main/project_root/data/temp_frames/video15/frame_00126.png,"[728, 624, 1594, 1100]",LEFT_HIP,-0.3397359623662567,-0.07504289664845093,0.99982750415802,0.501257948577404,0.3069586679339409,0.3093304269458373
00126,/Users/nikko/Downloads/moi-main/project_root/data/temp_frames/video15/frame_00126.png,"[728, 624, 1594, 1100]",RIGHT_HIP,-0.6288101902689112,-0.09211959513584016,0.9999258518218994,0.501257948577404,0.3069586679339409,0.3093304269458373
00126,/Users/nikko/Downloads/moi-main/project_root/data/temp_frames/video15/frame_00126.png,"[728, 624, 1594, 1100]",RIGHT_ELBOW,-0.6878881330844114,0.22676529600250095,0.9944895505905151,0.501257948577404,0.3069586679339409,0.3093304269458373
00126,/Users/nikko/Downloads/moi-main/project_root/data/temp_frames/video15/frame_00126.png,"[728, 624, 1594, 1100]",LEFT_WRIST,0.7263107046810372,1.1889675889722808,0.6382158398628235,0.501257948577404,0.3069586679339409,0.3093304269458373
00126,/Users/nikko/Downloads/moi-main/project_root/data/temp_frames/video15/frame_00126.png,"[728, 624, 1594, 1100]",RIGHT_WRIST,-0.5271604502866333,1.5678029198033536,0.9993857145309448,0.501257948577404,0.3069586679339409,0.3093304269458373
00126,/Users/nikko/Downloads/moi-main/project_root/data/temp_frames/video15/frame_00126.png,"[728, 624, 1594, 1100]",RIGHT_KNEE,-1.0926883389611914,0.0504137915844552,0.8503897786140442,0.501257948577404,0.3069586679339409,0.3093304269458373
00126,/Users/nikko/Downloads/moi-main/project_root/data/temp_frames/video15/frame_00126.png,"[728, 624, 1594, 1100]",RIGHT_ANKLE,-1.3824035235334575,-0.07269786860165127,0.8689699769020081,0.501257948577404,0.3069586679339409,0.3093304269458373
00126,/Users/nikko/Downloads/moi-main/project_root/data/temp_frames/video15/frame_00126.png,"[728, 624, 1594, 1100]",LEFT_EYE,1.239313433513597,0.615375559272859,0.9999462366104126,0.501257948577404,0.3069586679339409,0.3093304269458373
00126,/Users/nikko/Downloads/moi-main/project_root/data/temp_frames/video15/frame_00126.png,"[728, 624, 1594, 1100]",RIGHT_EYE,1.1468443723554578,0.5733244084316732,0.9999812841415405,0.501257948577404,0.3069586679339409,0.3093304269458373
00127,/Users/nikko/Downloads/moi-main/project_root/data/temp_frames/video15/frame_00127.png,"[728, 606, 1591, 1100]",LEFT_SHOULDER,0.7415382153666848,-0.026052443853627316,0.9999282360076904,0.5000110045075417,0.31281062215566635,0.3039834855266744
00127,/Users/nikko/Downloads/moi-main/project_root/data/temp_frames/video15/frame_00127.png,"[728, 606, 1591, 1100]",RIGHT_SHOULDER,0.24352513797809985,0.14917051619809363,0.9999146461486816,0.5000110045075417,0.31281062215566635,0.3039834855266744
00127,/Users/nikko/Downloads/moi-main/project_root/data/temp_frames/video15/frame_00127.png,"[728, 606, 1591, 1100]",LEFT_HIP,-0.345200941113625,-0.036352254647565176,0.9998615980148315,0.5000110045075417,0.31281062215566635,0.3039834855266744
00127,/Users/nikko/Downloads/moi-main/project_root/data/temp_frames/video15/frame_00127.png,"[728, 606, 1591, 1100]",RIGHT_HIP,-0.6398624122311597,-0.08676581769690114,0.9999327659606934,0.5000110045075417,0.31281062215566635,0.3039834855266744
00127,/Users/nikko/Downloads/moi-main/project_root/data/temp_frames/video15/frame_00127.png,"[728, 606, 1591, 1100]",RIGHT_ELBOW,-0.6816202832306262,0.2758764830933828,0.9957303404808044,0.5000110045075417,0.31281062215566635,0.3039834855266744
00127,/Users/nikko/Downloads/moi-main/project_root/data/temp_frames/video15/frame_00127.png,"[728, 606, 1591, 1100]",LEFT_WRIST,0.7760201991585013,1.250161741011377,0.7595072388648987,0.5000110045075417,0.31281062215566635,0.3039834855266744
00127,/Users/nikko/Downloads/moi-main/project_root/data/temp_frames/video15/frame_00127.png,"[728, 606, 1591, 1100]",RIGHT_WRIST,-0.5329615565897016,1.5959413834915226,0.9993552565574646,0.5000110045075417,0.31281062215566635,0.3039834855266744
00127,/Users/nikko/Downloads/moi-main/project_root/data/temp_frames/video15/frame_00127.png,"[728, 606, 1591, 1100]",RIGHT_KNEE,-1.1093085097746116,0.05753025897429787,0.9075968265533447,0.5000110045075417,0.31281062215566635,0.3039834855266744
00127,/Users/nikko/Downloads/moi-main/project_root/data/temp_frames/video15/frame_00127.png,"[728, 606, 1591, 1100]",RIGHT_ANKLE,-1.4204002124431672,-0.03242460496808585,0.9108797907829285,0.5000110045075417,0.31281062215566635,0.3039834855266744
00127,/Users/nikko/Downloads/moi-main/project_root/data/temp_frames/video15/frame_00127.png,"[728, 606, 1591, 1100]",LEFT_EYE,1.2570993436795872,0.5130328178024018,0.9999470710754395,0.5000110045075417,0.31281062215566635,0.3039834855266744
00127,/Users/nikko/Downloads/moi-main/project_root/data/temp_frames/video15/frame_00127.png,"[728, 606, 1591, 1100]",RIGHT_EYE,1.1691212457620486,0.44360139892647815,0.9999796152114868,0.5000110045075417,0.31281062215566635,0.3039834855266744
00128,/Users/nikko/Downloads/moi-main/project_root/data/temp_frames/video15/frame_00128.png,"[728, 569, 1590, 1100]",LEFT_SHOULDER,0.820360580584174,0.007239336828862291,0.9999812841415405,0.49969664216041565,0.31739216297864914,0.27687102978465
00128,/Users/nikko/Downloads/moi-main/project_root/data/temp_frames/video15/frame_00128.png,"[728, 569, 1590, 1100]",RIGHT_SHOULDER,0.17844589485944531,0.033527649444292214,0.9999369382858276,0.49969664216041565,0.31739216297864914,0.27687102978465
00128,/Users/nikko/Downloads/moi-main/project_root/data/temp_frames/video15/frame_00128.png,"[728, 569, 1590, 1100]",LEFT_HIP,-0.3389693444175515,-0.011198056932103049,0.999927282333374,0.49969664216041565,0.31739216297864914,0.27687102978465
00128,/Users/nikko/Downloads/moi-main/project_root/data/temp_frames/video15/frame_00128.png,"[728, 569, 1590, 1100]",RIGHT_HIP,-0.6598371310260678,-0.029568929341051455,0.9999535083770752,0.49969664216041565,0.31739216297864914,0.27687102978465
00128,/Users/nikko/Downloads/moi-main/project_root/data/temp_frames/video15/frame_00128.png,"[728, 569, 1590, 1100]",RIGHT_ELBOW,-0.729449250198041,0.42649392530607483,0.9982925057411194,0.49969664216041565,0.31739216297864914,0.27687102978465
00128,/Users/nikko/Downloads/moi-main/project_root/data/temp_frames/video15/frame_00128.png,"[728, 569, 1590, 1100]",LEFT_WRIST,0.8324493831769213,1.3686632820525968,0.9033831357955933,0.49969664216041565,0.31739216297864914,0.27687102978465
00128,/Users/nikko/Downloads/moi-main/project_root/data/temp_frames/video15/frame_00128.png,"[728, 569, 1590, 1100]",RIGHT_WRIST,-0.5711367206568083,1.8109740850270961,0.9994361996650696,0.49969664216041565,0.31739216297864914,0.27687102978465
00128,/Users/nikko/Downloads/moi-main/project_root/data/temp_frames/video15/frame_00128.png,"[728, 569, 1590, 1100]",RIGHT_KNEE,-1.187093547731628,0.1747197572988754,0.9755885601043701,0.49969664216041565,0.31739216297864914,0.27687102978465
00128,/Users/nikko/Downloads/moi-main/project_root/data/temp_frames/video15/frame_00128.png,"[728, 569, 1590, 1100]",RIGHT_ANKLE,-1.563651492528554,0.11239850747563201,0.9643406271934509,0.49969664216041565,0.31739216297864914,0.27687102978465
00128,/Users/nikko/Downloads/moi-main/project_root/data/temp_frames/video15/frame_00128.png,"[728, 569, 1590, 1100]",LEFT_EYE,1.3901260787436622,0.5012799632926078,0.9999938011169434,0.49969664216041565,0.31739216297864914,0.27687102978465
00128,/Users/nikko/Downloads/moi-main/project_root/data/temp_frames/video15/frame_00128.png,"[728, 569, 1590, 1100]",RIGHT_EYE,1.2994723302270705,0.4342732637412979,0.9999969005584717,0.49969664216041565,0.31739216297864914,0.27687102978465
00129,/Users/nikko/Downloads/moi-main/project_root/data/temp_frames/video15/frame_00129.png,"[729, 537, 1587, 1100]",LEFT_SHOULDER,0.84122752869858,-0.018487641560794493,0.9999852180480957,0.49169809371232986,0.3403101712465286,0.27716874504131883
00129,/Users/nikko/Downloads/moi-main/project_root/data/temp_frames/video15/frame_00129.png,"[729, 537, 1587, 1100]",RIGHT_SHOULDER,0.1532674188435091,-0.05029273541924591,0.9999524354934692,0.49169809371232986,0.3403101712465286,0.27716874504131883
00129,/Users/nikko/Downloads/moi-main/project_root/data/temp_frames/video15/frame_00129.png,"[729, 537, 1587, 1100]",LEFT_HIP,-0.3323939289539723,0.05167420517327617,0.999944806098938,0.49169809371232986,0.3403101712465286,0.27716874504131883
00129,/Users/nikko/Downloads/moi-main/project_root/data/temp_frames/video15/frame_00129.png,"[729, 537, 1587, 1100]",RIGHT_HIP,-0.6621010185881168,0.01710617180676422,0.9999632835388184,0.49169809371232986,0.3403101712465286,0.27716874504131883
00129,/Users/nikko/Downloads/moi-main/project_root/data/temp_frames/video15/frame_00129.png,"[729, 537, 1587, 1100]",RIGHT_ELBOW,-0.7055180710873485,0.4515591626337509,0.999262273311615,0.49169809371232986,0.3403101712465286,0.27716874504131883
00129,/Users/nikko/Downloads/moi-main/project_root/data/temp_frames/video15/frame_00129.png,"[729, 537, 1587, 1100]",LEFT_WRIST,0.8629523448507281,1.3642716491102045,0.9206804633140564,0.49169809371232986,0.3403101712465286,0.27716874504131883
00129,/Users/nikko/Downloads/moi-main/project_root/data/temp_frames/video15/frame_00129.png,"[729, 537, 1587, 1100]",RIGHT_WRIST,-0.5296574445053752,1.747464133773771,0.9996858835220337,0.49169809371232986,0.3403101712465286,0.27716874504131883
00129,/Users/nikko/Downloads/moi-main/project_root/data/temp_frames/video15/frame_00129.png,"[729, 537, 1587, 1100]",RIGHT_KNEE,-1.1625860164038697,0.2199120175629843,0.9804871678352356,0.49169809371232986,0.3403101712465286,0.27716874504131883
00129,/Users/nikko/Downloads/moi-main/project_root/data/temp_frames/video15/frame_00129.png,"[729, 537, 1587, 1100]",RIGHT_ANKLE,-1.5058496381923092,0.16821163026913635,0.9748432636260986,0.49169809371232986,0.3403101712465286,0.27716874504131883
00129,/Users/nikko/Downloads/moi-main/project_root/data/temp_frames/video15/frame_00129.png,"[729, 537, 1587, 1100]",LEFT_EYE,1.4181799633418402,0.3626830672789061,0.999996542930603,0.49169809371232986,0.3403101712465286,0.27716874504131883
00129,/Users/nikko/Downloads/moi-main/project_root/data/temp_frames/video15/frame_00129.png,"[729, 537, 1587, 1100]",RIGHT_EYE,1.3277992831280176,0.31329358813835967,0.9999982118606567,0.49169809371232986,0.3403101712465286,0.27716874504131883
00130,/Users/nikko/Downloads/moi-main/project_root/data/temp_frames/video15/frame_00130.png,"[729, 537, 1587, 1100]",LEFT_SHOULDER,0.8405628513005784,-0.018293896193225953,0.999985933303833,0.49212828278541565,0.3399972468614578,0.2772776956455443
00130,/Users/nikko/Downloads/moi-main/project_root/data/temp_frames/video15/frame_00130.png,"[729, 537, 1587, 1100]",RIGHT_SHOULDER,0.154374582892271,-0.04775435149772527,0.9999545812606812,0.49212828278541565,0.3399972468614578,0.2772776956455443
00130,/Users/nikko/Downloads/moi-main/project_root/data/temp_frames/video15/frame_00130.png,"[729, 537, 1587, 1100]",LEFT_HIP,-0.3322738279039781,0.05006832845570207,0.9999459981918335,0.49212828278541565,0.3399972468614578,0.2772776956455443
00130,/Users/nikko/Downloads/moi-main/project_root/data/temp_frames/video15/frame_00130.png,"[729, 537, 1587, 1100]",RIGHT_HIP,-0.6626636062888713,0.015979919235249156,0.9999643564224243,0.49212828278541565,0.3399972468614578,0.2772776956455443
00130,/Users/nikko/Downloads/moi-main/project_root/data/temp_frames/video15/frame_00130.png,"[729, 537, 1587, 1100]",RIGHT_ELBOW,-0.7067054806108338,0.4524105480498513,0.9992856383323669,0.49212828278541565,0.3399972468614578,0.2772776956455443
00130,/Users/nikko/Downloads/moi-main/project_root/data/temp_frames/video15/frame_00130.png,"[729, 537, 1587, 1100]",LEFT_WRIST,0.8576522520328185,1.358770999344507,0.9219549298286438,0.49212828278541565,0.3399972468614578,0.2772776956455443
00130,/Users/nikko/Downloads/moi-main/project_root/data/temp_frames/video15/frame_00130.png,"[729, 537, 1587, 1100]",RIGHT_WRIST,-0.5305567926484355,1.7483093349172922,0.9996931552886963,0.49212828278541565,0.3399972468614578,0.2772776956455443
00130,/Users/nikko/Downloads/moi-main/project_root/data/temp_frames/video15/frame_00130.png,"[729, 537, 1587, 1100]",RIGHT_KNEE,-1.1625730214558863,0.2209348204220128,0.9816833734512329,0.49212828278541565,0.3399972468614578,0.2772776956455443
00130,/Users/nikko/Downloads/moi-main/project_root/data/temp_frames/video15/frame_00130.png,"[729, 537, 1587, 1100]",RIGHT_ANKLE,-1.502607093372796,0.16960492363781185,0.9765540361404419,0.49212828278541565,0.3399972468614578,0.2772776956455443
00130,/Users/nikko/Downloads/moi-main/project_root/data/temp_frames/video15/frame_00130.png,"[729, 537, 1587, 1100]",LEFT_EYE,1.4167258092573851,0.3603407271562386,0.9999970197677612,0.49212828278541565,0.3399972468614578,0.2772776956455443
00130,/Users/nikko/Downloads/moi-main/project_root/data/temp_frames/video15/frame_00130.png,"[729, 537, 1587, 1100]",RIGHT_EYE,1.3258845060204065,0.3107655792138756,0.9999985694885254,0.49212828278541565,0.3399972468614578,0.2772776956455443
00131,/Users/nikko/Downloads/moi-main/project_root/data/temp_frames/video15/frame_00131.png,"[729, 518, 1583, 1100]",LEFT_SHOULDER,0.8079984685260201,-0.020022820265989935,0.9999796152114868,0.4890635907649994,0.34083744138479233,0.2860631129874723
00131,/Users/nikko/Downloads/moi-main/project_root/data/temp_frames/video15/frame_00131.png,"[729, 518, 1583, 1100]",RIGHT_SHOULDER,0.18183854876566238,-0.08909550899172589,0.9999139308929443,0.4890635907649994,0.34083744138479233,0.2860631129874723
00131,/Users/nikko/Downloads/moi-main/project_root/data/temp_frames/video15/frame_00131.png,"[729, 518, 1583, 1100]",LEFT_HIP,-0.3373671401952995,0.049383039087725664,0.9999058246612549,0.4890635907649994,0.34083744138479233,0.2860631129874723
00131,/Users/nikko/Downloads/moi-main/project_root/data/temp_frames/video15/frame_00131.png,"[729, 518, 1583, 1100]",RIGHT_HIP,-0.6524698770963829,0.05973529016999015,0.9999316930770874,0.4890635907649994,0.34083744138479233,0.2860631129874723
00131,/Users/nikko/Downloads/moi-main/project_root/data/temp_frames/video15/frame_00131.png,"[729, 518, 1583, 1100]",LEFT_ELBOW,0.6870244010322911,0.44420023461330593,0.5000001192092896,0.4890635907649994,0.34083744138479233,0.2860631129874723
00131,/Users/nikko/Downloads/moi-main/project_root/data/temp_frames/video15/frame_00131.png,"[729, 518, 1583, 1100]",RIGHT_ELBOW,-0.6525721827738926,0.4642476676250308,0.9989283680915833,0.4890635907649994,0.34083744138479233,0.2860631129874723
00131,/Users/nikko/Downloads/moi-main/project_root/data/temp_frames/video15/frame_00131.png,"[729, 518, 1583, 1100]",LEFT_WRIST,0.8560077517684685,1.354840676705034,0.9540581703186035,0.4890635907649994,0.34083744138479233,0.2860631129874723
00131,/Users/nikko/Downloads/moi-main/project_root/data/temp_frames/video15/frame_00131.png,"[729, 518, 1583, 1100]",RIGHT_WRIST,-0.48415401360644245,1.7289998347627955,0.9996376037597656,0.4890635907649994,0.34083744138479233,0.2860631129874723
00131,/Users/nikko/Downloads/moi-main/project_root/data/temp_frames/video15/frame_00131.png,"[729, 518, 1583, 1100]",RIGHT_KNEE,-1.1334806477332275,0.2453082045266252,0.9715806841850281,0.4890635907649994,0.34083744138479233,0.2860631129874723
00131,/Users/nikko/Downloads/moi-main/project_root/data/temp_frames/video15/frame_00131.png,"[729, 518, 1583, 1100]",RIGHT_ANKLE,-1.4553328766908922,0.22350261406718785,0.9657148718833923,0.4890635907649994,0.34083744138479233,0.2860631129874723
00131,/Users/nikko/Downloads/moi-main/project_root/data/temp_frames/video15/frame_00131.png,"[729, 518, 1583, 1100]",LEFT_EYE,1.3905695020874493,0.2920923199813811,0.9999673366546631,0.4890635907649994,0.34083744138479233,0.2860631129874723
00131,/Users/nikko/Downloads/moi-main/project_root/data/temp_frames/video15/frame_00131.png,"[729, 518, 1583, 1100]",RIGHT_EYE,1.3037509455511538,0.22054314626574384,0.9999809265136719,0.4890635907649994,0.34083744138479233,0.2860631129874723
00132,/Users/nikko/Downloads/moi-main/project_root/data/temp_frames/video15/frame_00132.png,"[728, 494, 1579, 1100]",LEFT_SHOULDER,0.8169173030300843,-0.06689527879738685,0.9999784231185913,0.48614291846752167,0.3512331545352936,0.2906029518974944
00132,/Users/nikko/Downloads/moi-main/project_root/data/temp_frames/video15/frame_00132.png,"[728, 494, 1579, 1100]",RIGHT_SHOULDER,0.156925221421875,-0.11084905310707588,0.9999204874038696,0.48614291846752167,0.3512331545352936,0.2906029518974944
00132,/Users/nikko/Downloads/moi-main/project_root/data/temp_frames/video15/frame_00132.png,"[728, 494, 1579, 1100]",LEFT_HIP,-0.3315160361048579,0.10526225123148049,0.9999136924743652,0.48614291846752167,0.3512331545352936,0.2906029518974944
00132,/Users/nikko/Downloads/moi-main/project_root/data/temp_frames/video15/frame_00132.png,"[728, 494, 1579, 1100]",RIGHT_HIP,-0.6423264883471014,0.07248208067298224,0.9999383687973022,0.48614291846752167,0.3512331545352936,0.2906029518974944
00132,/Users/nikko/Downloads/moi-main/project_root/data/temp_frames/video15/frame_00132.png,"[728, 494, 1579, 1100]",LEFT_ELBOW,0.6857898522713232,0.4723804712327902,0.5813354849815369,0.48614291846752167,0.3512331545352936,0.2906029518974944
00132,/Users/nikko/Downloads/moi-main/project_root/data/temp_frames/video15/frame_00132.png,"[728, 494, 1579, 1100]",RIGHT_ELBOW,-0.6378602875342413,0.4914981694401596,0.999182403087616,0.48614291846752167,0.3512331545352936,0.2906029518974944
00132,/Users/nikko/Downloads/moi-main/project_root/data/temp_frames/video15/frame_00132.png,"[728, 494, 1579, 1100]",LEFT_WRIST,0.867111246962297,1.329048961288738,0.9640752673149109,0.48614291846752167,0.3512331545352936,0.2906029518974944
00132,/Users/nikko/Downloads/moi-main/project_root/data/temp_frames/video15/frame_00132.png,"[728, 494, 1579, 1100]",RIGHT_WRIST,-0.46043602480858303,1.6790261999751668,0.999755322933197,0.48614291846752167,0.3512331545352936,0.2906029518974944
00132,/Users/nikko/Downloads/moi-main/project_root/data/temp_frames/video15/frame_00132.png,"[728, 494, 1579, 1100]",RIGHT_KNEE,-1.0975837200041754,0.27202290829188025,0.9619470238685608,0.48614291846752167,0.3512331545352936,0.2906029518974944
00132,/Users/nikko/Downloads/moi-main/project_root/data/temp_frames/video15/frame_00132.png,"[728, 494, 1579, 1100]",RIGHT_ANKLE,-1.4313300619351614,0.2718629249791808,0.957014799118042,0.48614291846752167,0.3512331545352936,0.2906029518974944
00132,/Users/nikko/Downloads/moi-main/project_root/data/temp_frames/video15/frame_00132.png,"[728, 494, 1579, 1100]",LEFT_EYE,1.3691858516729751,0.15412300089119774,0.9999150037765503,0.48614291846752167,0.3512331545352936,0.2906029518974944
00132,/Users/nikko/Downloads/moi-main/project_root/data/temp_frames/video15/frame_00132.png,"[728, 494, 1579, 1100]",RIGHT_EYE,1.2806014505767915,0.0883684236240392,0.9999526739120483,0.48614291846752167,0.3512331545352936,0.2906029518974944
00133,/Users/nikko/Downloads/moi-main/project_root/data/temp_frames/video15/frame_00133.png,"[728, 463, 1577, 1100]",LEFT_SHOULDER,0.8204653527337816,-0.1072402611245886,0.9999878406524658,0.48324644565582275,0.3582354262471199,0.2901006828118235
00133,/Users/nikko/Downloads/moi-main/project_root/data/temp_frames/video15/frame_00133.png,"[728, 463, 1577, 1100]",RIGHT_SHOULDER,0.14229183440906845,-0.11174039094000104,0.9999414682388306,0.48324644565582275,0.3582354262471199,0.2901006828118235
00133,/Users/nikko/Downloads/moi-main/project_root/data/temp_frames/video15/frame_00133.png,"[728, 463, 1577, 1100]",LEFT_HIP,-0.3174045676640957,0.13509458021958246,0.9999463558197021,0.48324644565582275,0.3582354262471199,0.2901006828118235
00133,/Users/nikko/Downloads/moi-main/project_root/data/temp_frames/video15/frame_00133.png,"[728, 463, 1577, 1100]",RIGHT_HIP,-0.6453526194787543,0.08388607184500721,0.9999606609344482,0.48324644565582275,0.3582354262471199,0.2901006828118235
00133,/Users/nikko/Downloads/moi-main/project_root/data/temp_frames/video15/frame_00133.png,"[728, 463, 1577, 1100]",LEFT_ELBOW,0.7333075822410425,0.4152017473436982,0.72172611951828,0.48324644565582275,0.3582354262471199,0.2901006828118235
00133,/Users/nikko/Downloads/moi-main/project_root/data/temp_frames/video15/frame_00133.png,"[728, 463, 1577, 1100]",RIGHT_ELBOW,-0.6392142390032259,0.5271904133374922,0.9992554783821106,0.48324644565582275,0.3582354262471199,0.2901006828118235
00133,/Users/nikko/Downloads/moi-main/project_root/data/temp_frames/video15/frame_00133.png,"[728, 463, 1577, 1100]",LEFT_WRIST,0.9097100000001833,1.3557939074642047,0.9816084504127502,0.48324644565582275,0.3582354262471199,0.2901006828118235
00133,/Users/nikko/Downloads/moi-main/project_root/data/temp_frames/video15/frame_00133.png,"[728, 463, 1577, 1100]",RIGHT_WRIST,-0.4203169531147624,1.688299926626203,0.9998284578323364,0.48324644565582275,0.3582354262471199,0.2901006828118235
00133,/Users/nikko/Downloads/moi-main/project_root/data/temp_frames/video15/frame_00133.png,"[728, 463, 1577, 1100]",RIGHT_KNEE,-1.0900156806822003,0.30263213775656655,0.9818335175514221,0.48324644565582275,0.3582354262471199,0.2901006828118235
00133,/Users/nikko/Downloads/moi-main/project_root/data/temp_frames/video15/frame_00133.png,"[728, 463, 1577, 1100]",RIGHT_ANKLE,-1.4238452855659605,0.34392649185728735,0.9781002402305603,0.48324644565582275,0.3582354262471199,0.2901006828118235
00133,/Users/nikko/Downloads/moi-main/project_root/data/temp_frames/video15/frame_00133.png,"[728, 463, 1577, 1100]",LEFT_EYE,1.383516088858592,0.12485538518015413,0.9999502897262573,0.48324644565582275,0.3582354262471199,0.2901006828118235
00133,/Users/nikko/Downloads/moi-main/project_root/data/temp_frames/video15/frame_00133.png,"[728, 463, 1577, 1100]",RIGHT_EYE,1.2862921222673938,0.05110924458199123,0.9999724626541138,0.48324644565582275,0.3582354262471199,0.2901006828118235
00134,/Users/nikko/Downloads/moi-main/project_root/data/temp_frames/video15/frame_00134.png,"[728, 440, 1578, 1102]",LEFT_SHOULDER,0.8153691663821953,-0.07737849269697707,0.9999352693557739,0.47781670838594437,0.3726208359003067,0.323162951942466
00134,/Users/nikko/Downloads/moi-main/project_root/data/temp_frames/video15/frame_00134.png,"[728, 440, 1578, 1102]",RIGHT_SHOULDER,0.11571079872137142,-0.18026620681698793,0.9997881054878235,0.47781670838594437,0.3726208359003067,0.323162951942466
00134,/Users/nikko/Downloads/moi-main/project_root/data/temp_frames/video15/frame_00134.png,"[728, 440, 1578, 1102]",LEFT_HIP,-0.31525021528708486,0.1775899613176434,0.9997442364692688,0.47781670838594437,0.3726208359003067,0.323162951942466
00134,/Users/nikko/Downloads/moi-main/project_root/data/temp_frames/video15/frame_00134.png,"[728, 440, 1578, 1102]",RIGHT_HIP,-0.6158297498164819,0.0800547381963216,0.9998133778572083,0.47781670838594437,0.3726208359003067,0.323162951942466
00134,/Users/nikko/Downloads/moi-main/project_root/data/temp_frames/video15/frame_00134.png,"[728, 440, 1578, 1102]",RIGHT_ELBOW,-0.559856010643182,0.4728397833679357,0.9969598054885864,0.47781670838594437,0.3726208359003067,0.323162951942466
00134,/Users/nikko/Downloads/moi-main/project_root/data/temp_frames/video15/frame_00134.png,"[728, 440, 1578, 1102]",LEFT_WRIST,0.8327916905802369,1.1996010849465184,0.8180481195449829,0.47781670838594437,0.3726208359003067,0.323162951942466
00134,/Users/nikko/Downloads/moi-main/project_root/data/temp_frames/video15/frame_00134.png,"[728, 440, 1578, 1102]",RIGHT_WRIST,-0.3707481877294709,1.447371065668846,0.9988828301429749,0.47781670838594437,0.3726208359003067,0.323162951942466
00134,/Users/nikko/Downloads/moi-main/project_root/data/temp_frames/video15/frame_00134.png,"[728, 440, 1578, 1102]",RIGHT_KNEE,-0.9941283481878965,0.256518269443264,0.7030977606773376,0.47781670838594437,0.3726208359003067,0.323162951942466
00134,/Users/nikko/Downloads/moi-main/project_root/data/temp_frames/video15/frame_00134.png,"[728, 440, 1578, 1102]",RIGHT_ANKLE,-1.2731235523828446,0.3197532842239859,0.6944716572761536,0.47781670838594437,0.3726208359003067,0.323162951942466
00134,/Users/nikko/Downloads/moi-main/project_root/data/temp_frames/video15/frame_00134.png,"[728, 440, 1578, 1102]",LEFT_EYE,1.2438253732229156,-0.014356692237222893,0.9985283613204956,0.47781670838594437,0.3726208359003067,0.323162951942466
00134,/Users/nikko/Downloads/moi-main/project_root/data/temp_frames/video15/frame_00134.png,"[728, 440, 1578, 1102]",RIGHT_EYE,1.1533448512803968,-0.07440234539322632,0.9992300271987915,0.47781670838594437,0.3726208359003067,0.323162951942466
00135,/Users/nikko/Downloads/moi-main/project_root/data/temp_frames/video15/frame_00135.png,"[730, 424, 1573, 1103]",LEFT_SHOULDER,0.7974427789566205,-0.0760345148370949,0.9999566078186035,0.479464128613472,0.3708080127835274,0.3350597497172363
00135,/Users/nikko/Downloads/moi-main/project_root/data/temp_frames/video15/frame_00135.png,"[730, 424, 1573, 1103]",RIGHT_SHOULDER,0.12062126756619726,-0.2061602718709417,0.9998326301574707,0.479464128613472,0.3708080127835274,0.3350597497172363
00135,/Users/nikko/Downloads/moi-main/project_root/data/temp_frames/video15/frame_00135.png,"[730, 424, 1573, 1103]",LEFT_HIP,-0.3087722945890879,0.18823363589172948,0.9998430013656616,0.479464128613472,0.3708080127835274,0.3350597497172363
00135,/Users/nikko/Downloads/moi-main/project_root/data/temp_frames/video15/frame_00135.png,"[730, 424, 1573, 1103]",RIGHT_HIP,-0.6092917519337299,0.09396115081630715,0.999880313873291,0.479464128613472,0.3708080127835274,0.3350597497172363
00135,/Users/nikko/Downloads/moi-main/project_root/data/temp_frames/video15/frame_00135.png,"[730, 424, 1573, 1103]",RIGHT_ELBOW,-0.5142119903107097,0.49255661458149913,0.9962634444236755,0.479464128613472,0.3708080127835274,0.3350597497172363
00135,/Users/nikko/Downloads/moi-main/project_root/data/temp_frames/video15/frame_00135.png,"[730, 424, 1573, 1103]",LEFT_WRIST,0.803156155086898,1.1648774435888847,0.845090389251709,0.479464128613472,0.3708080127835274,0.3350597497172363
00135,/Users/nikko/Downloads/moi-main/project_root/data/temp_frames/video15/frame_00135.png,"[730, 424, 1573, 1103]",RIGHT_WRIST,-0.35042975684208005,1.4115342284710397,0.9986227750778198,0.479464128613472,0.3708080127835274,0.3350597497172363
00135,/Users/nikko/Downloads/moi-main/project_root/data/temp_frames/video15/frame_00135.png,"[730, 424, 1573, 1103]",RIGHT_KNEE,-0.9009928959815513,0.2762584444598998,0.7243651747703552,0.479464128613472,0.3708080127835274,0.3350597497172363
00135,/Users/nikko/Downloads/moi-main/project_root/data/temp_frames/video15/frame_00135.png,"[730, 424, 1573, 1103]",RIGHT_ANKLE,-1.192864260995984,0.32751276690494435,0.769881546497345,0.479464128613472,0.3708080127835274,0.3350597497172363
00135,/Users/nikko/Downloads/moi-main/project_root/data/temp_frames/video15/frame_00135.png,"[730, 424, 1573, 1103]",LEFT_EYE,1.2127822932736794,-0.08912812061263269,0.99828040599823,0.479464128613472,0.3708080127835274,0.3350597497172363
00135,/Users/nikko/Downloads/moi-main/project_root/data/temp_frames/video15/frame_00135.png,"[730, 424, 1573, 1103]",RIGHT_EYE,1.1212019456229092,-0.14304478347445757,0.9990561604499817,0.479464128613472,0.3708080127835274,0.3350597497172363
00136,/Users/nikko/Downloads/moi-main/project_root/data/temp_frames/video15/frame_00136.png,"[729, 401, 1568, 1102]",LEFT_SHOULDER,0.7746781535531891,-0.07479494103294917,0.9998936653137207,0.4836188927292824,0.377496600151062,0.3627454917081231
00136,/Users/nikko/Downloads/moi-main/project_root/data/temp_frames/video15/frame_00136.png,"[729, 401, 1568, 1102]",RIGHT_SHOULDER,0.14404265818063364,-0.21064001015206543,0.9996651411056519,0.4836188927292824,0.377496600151062,0.3627454917081231
00136,/Users/nikko/Downloads/moi-main/project_root/data/temp_frames/video15/frame_00136.png,"[729, 401, 1568, 1102]",LEFT_HIP,-0.32450661004818965,0.197660085061292,0.9996471405029297,0.4836188927292824,0.377496600151062,0.3627454917081231
00136,/Users/nikko/Downloads/moi-main/project_root/data/temp_frames/video15/frame_00136.png,"[729, 401, 1568, 1102]",RIGHT_HIP,-0.5942142016856331,0.0877748661237226,0.9997124075889587,0.4836188927292824,0.377496600151062,0.3627454917081231
00136,/Users/nikko/Downloads/moi-main/project_root/data/temp_frames/video15/frame_00136.png,"[729, 401, 1568, 1102]",RIGHT_ELBOW,-0.4581562620579327,0.4487537076107922,0.9822375178337097,0.4836188927292824,0.377496600151062,0.3627454917081231
00136,/Users/nikko/Downloads/moi-main/project_root/data/temp_frames/video15/frame_00136.png,"[729, 401, 1568, 1102]",LEFT_WRIST,0.7380539098956647,1.1105192349885924,0.6981750726699829,0.4836188927292824,0.377496600151062,0.3627454917081231
00136,/Users/nikko/Downloads/moi-main/project_root/data/temp_frames/video15/frame_00136.png,"[729, 401, 1568, 1102]",RIGHT_WRIST,-0.3384130271209405,1.2973258817880124,0.9948741793632507,0.4836188927292824,0.377496600151062,0.3627454917081231
00136,/Users/nikko/Downloads/moi-main/project_root/data/temp_frames/video15/frame_00136.png,"[729, 401, 1568, 1102]",LEFT_EYE,1.1228199421279599,-0.13167852532431232,0.9906849265098572,0.4836188927292824,0.377496600151062,0.3627454917081231
00136,/Users/nikko/Downloads/moi-main/project_root/data/temp_frames/video15/frame_00136.png,"[729, 401, 1568, 1102]",RIGHT_EYE,1.0472766269295561,-0.17506508418486783,0.9951602816581726,0.4836188927292824,0.377496600151062,0.3627454917081231
00137,/Users/nikko/Downloads/moi-main/project_root/data/temp_frames/video15/frame_00137.png,"[731, 376, 1564, 1104]",LEFT_SHOULDER,0.8194130288251233,-0.11046788160216665,0.9998947381973267,0.489611878991127,0.3871653974056244,0.3505426793513996
00137,/Users/nikko/Downloads/moi-main/project_root/data/temp_frames/video15/frame_00137.png,"[731, 376, 1564, 1104]",RIGHT_SHOULDER,0.09584973060660845,-0.18818236515764455,0.999594509601593,0.489611878991127,0.3871653974056244,0.3505426793513996
00137,/Users/nikko/Downloads/moi-main/project_root/data/temp_frames/video15/frame_00137.png,"[731, 376, 1564, 1104]",LEFT_HIP,-0.3022936365665149,0.193384426446251,0.9996851682662964,0.489611878991127,0.3871653974056244,0.3505426793513996
00137,/Users/nikko/Downloads/moi-main/project_root/data/temp_frames/video15/frame_00137.png,"[731, 376, 1564, 1104]",RIGHT_HIP,-0.6129691228652169,0.1052658203135602,0.9997523427009583,0.489611878991127,0.3871653974056244,0.3505426793513996
00137,/Users/nikko/Downloads/moi-main/project_root/data/temp_frames/video15/frame_00137.png,"[731, 376, 1564, 1104]",RIGHT_ELBOW,-0.4668062317797108,0.48831149431458115,0.9787521958351135,0.489611878991127,0.3871653974056244,0.3505426793513996
00137,/Users/nikko/Downloads/moi-main/project_root/data/temp_frames/video15/frame_00137.png,"[731, 376, 1564, 1104]",LEFT_WRIST,0.773834715020667,1.1193539713660188,0.7248325347900391,0.489611878991127,0.3871653974056244,0.3505426793513996
00137,/Users/nikko/Downloads/moi-main/project_root/data/temp_frames/video15/frame_00137.png,"[731, 376, 1564, 1104]",RIGHT_WRIST,-0.3425345409492102,1.347716708324194,0.9950324296951294,0.489611878991127,0.3871653974056244,0.3505426793513996
00137,/Users/nikko/Downloads/moi-main/project_root/data/temp_frames/video15/frame_00137.png,"[731, 376, 1564, 1104]",RIGHT_ANKLE,-1.2072194586359994,0.3884624899280372,0.5721808075904846,0.489611878991127,0.3871653974056244,0.3505426793513996
00137,/Users/nikko/Downloads/moi-main/project_root/data/temp_frames/video15/frame_00137.png,"[731, 376, 1564, 1104]",LEFT_EYE,1.1395525122887122,-0.21891310777978543,0.9884040355682373,0.489611878991127,0.3871653974056244,0.3505426793513996
00137,/Users/nikko/Downloads/moi-main/project_root/data/temp_frames/video15/frame_00137.png,"[731, 376, 1564, 1104]",RIGHT_EYE,1.03948076160263,-0.25802472243089025,0.9939863681793213,0.489611878991127,0.3871653974056244,0.3505426793513996
00138,/Users/nikko/Downloads/moi-main/project_root/data/temp_frames/video15/frame_00138.png,"[733, 351, 1562, 1105]",LEFT_SHOULDER,0.8287443155303011,-0.12835408479361704,0.9999111890792847,0.4935554265975952,0.387732669711113,0.34686163935707853
00138,/Users/nikko/Downloads/moi-main/project_root/data/temp_frames/video15/frame_00138.png,"[733, 351, 1562, 1105]",RIGHT_SHOULDER,0.07926215214076979,-0.18977608365285442,0.9995457530021667,0.4935554265975952,0.387732669711113,0.34686163935707853
00138,/Users/nikko/Downloads/moi-main/project_root/data/temp_frames/video15/frame_00138.png,"[733, 351, 1562, 1105]",LEFT_HIP,-0.2967539810847825,0.1953887161459208,0.9996801614761353,0.4935554265975952,0.387732669711113,0.34686163935707853
00138,/Users/nikko/Downloads/moi-main/project_root/data/temp_frames/video15/frame_00138.png,"[733, 351, 1562, 1105]",RIGHT_HIP,-0.6112524865862884,0.12274145230055065,0.9997377991676331,0.4935554265975952,0.387732669711113,0.34686163935707853
00138,/Users/nikko/Downloads/moi-main/project_root/data/temp_frames/video15/frame_00138.png,"[733, 351, 1562, 1105]",RIGHT_ELBOW,-0.4601477965191072,0.5568186550908807,0.9782182574272156,0.4935554265975952,0.387732669711113,0.34686163935707853
00138,/Users/nikko/Downloads/moi-main/project_root/data/temp_frames/video15/frame_00138.png,"[733, 351, 1562, 1105]",LEFT_WRIST,0.7662612916472306,1.1198556351119087,0.7211040258407593,0.4935554265975952,0.387732669711113,0.34686163935707853
00138,/Users/nikko/Downloads/moi-main/project_root/data/temp_frames/video15/frame_00138.png,"[733, 351, 1562, 1105]",RIGHT_WRIST,-0.34676143338630205,1.3882809611956364,0.9930028319358826,0.4935554265975952,0.387732669711113,0.34686163935707853
00138,/Users/nikko/Downloads/moi-main/project_root/data/temp_frames/video15/frame_00138.png,"[733, 351, 1562, 1105]",RIGHT_ANKLE,-1.2334440818835555,0.420254278069963,0.6253775358200073,0.4935554265975952,0.387732669711113,0.34686163935707853
00138,/Users/nikko/Downloads/moi-main/project_root/data/temp_frames/video15/frame_00138.png,"[733, 351, 1562, 1105]",LEFT_EYE,1.148366912891177,-0.2499277565766012,0.9917371869087219,0.4935554265975952,0.387732669711113,0.34686163935707853
00138,/Users/nikko/Downloads/moi-main/project_root/data/temp_frames/video15/frame_00138.png,"[733, 351, 1562, 1105]",RIGHT_EYE,1.0434138471236885,-0.2896389959271899,0.9953731894493103,0.4935554265975952,0.387732669711113,0.34686163935707853
00139,/Users/nikko/Downloads/moi-main/project_root/data/temp_frames/video15/frame_00139.png,"[734, 330, 1557, 1106]",LEFT_SHOULDER,0.8106963291441868,-0.1269152807435126,0.9999104738235474,0.49777745455503464,0.39188893884420395,0.35964600637464356
00139,/Users/nikko/Downloads/moi-main/project_root/data/temp_frames/video15/frame_00139.png,"[734, 330, 1557, 1106]",RIGHT_SHOULDER,0.08732423948928271,-0.20999114019333692,0.999529242515564,0.49777745455503464,0.39188893884420395,0.35964600637464356
00139,/Users/nikko/Downloads/moi-main/project_root/data/temp_frames/video15/frame_00139.png,"[734, 330, 1557, 1106]",LEFT_HIP,-0.2977683858137185,0.2038572130265074,0.9996480941772461,0.49777745455503464,0.39188893884420395,0.35964600637464356
00139,/Users/nikko/Downloads/moi-main/project_root/data/temp_frames/video15/frame_00139.png,"[734, 330, 1557, 1106]",RIGHT_HIP,-0.6002521828197509,0.13304920791034217,0.9997157454490662,0.49777745455503464,0.39188893884420395,0.35964600637464356
00139,/Users/nikko/Downloads/moi-main/project_root/data/temp_frames/video15/frame_00139.png,"[734, 330, 1557, 1106]",RIGHT_ELBOW,-0.4062785497118343,0.548930257045649,0.9833018183708191,0.49777745455503464,0.39188893884420395,0.35964600637464356
00139,/Users/nikko/Downloads/moi-main/project_root/data/temp_frames/video15/frame_00139.png,"[734, 330, 1557, 1106]",LEFT_WRIST,0.7662904171268099,1.1224808079341446,0.7773315906524658,0.49777745455503464,0.39188893884420395,0.35964600637464356
00139,/Users/nikko/Downloads/moi-main/project_root/data/temp_frames/video15/frame_00139.png,"[734, 330, 1557, 1106]",RIGHT_WRIST,-0.3274709373559214,1.33692252050423,0.9950628876686096,0.49777745455503464,0.39188893884420395,0.35964600637464356
00139,/Users/nikko/Downloads/moi-main/project_root/data/temp_frames/video15/frame_00139.png,"[734, 330, 1557, 1106]",RIGHT_KNEE,-0.9329704878061972,0.33566242015181474,0.5604587197303772,0.49777745455503464,0.39188893884420395,0.35964600637464356
00139,/Users/nikko/Downloads/moi-main/project_root/data/temp_frames/video15/frame_00139.png,"[734, 330, 1557, 1106]",RIGHT_ANKLE,-1.2058332731306387,0.4257536907799131,0.7068303227424622,0.49777745455503464,0.39188893884420395,0.35964600637464356
00139,/Users/nikko/Downloads/moi-main/project_root/data/temp_frames/video15/frame_00139.png,"[734, 330, 1557, 1106]",LEFT_EYE,1.1054470150402769,-0.2853152437480181,0.9921676516532898,0.49777745455503464,0.39188893884420395,0.35964600637464356
00139,/Users/nikko/Downloads/moi-main/project_root/data/temp_frames/video15/frame_00139.png,"[734, 330, 1557, 1106]",RIGHT_EYE,1.0028282718028105,-0.3167882212271903,0.995762288570404,0.49777745455503464,0.39188893884420395,0.35964600637464356
00140,/Users/nikko/Downloads/moi-main/project_root/data/temp_frames/video15/frame_00140.png,"[735, 316, 1552, 1108]",LEFT_SHOULDER,0.8498781635050151,-0.14973833174683754,0.999911904335022,0.49484357982873917,0.3940081223845482,0.3674403675496657
00140,/Users/nikko/Downloads/moi-main/project_root/data/temp_frames/video15/frame_00140.png,"[735, 316, 1552, 1108]",RIGHT_SHOULDER,0.06664821960666428,-0.17386420572912745,0.9994625449180603,0.49484357982873917,0.3940081223845482,0.3674403675496657
00140,/Users/nikko/Downloads/moi-main/project_root/data/temp_frames/video15/frame_00140.png,"[735, 316, 1552, 1108]",LEFT_HIP,-0.30370041903918205,0.17167335926186653,0.9994853734970093,0.49484357982873917,0.3940081223845482,0.3674403675496657
00140,/Users/nikko/Downloads/moi-main/project_root/data/temp_frames/video15/frame_00140.png,"[735, 316, 1552, 1108]",RIGHT_HIP,-0.6128259640724973,0.15192917821409843,0.999610960483551,0.49484357982873917,0.3940081223845482,0.3674403675496657
00140,/Users/nikko/Downloads/moi-main/project_root/data/temp_frames/video15/frame_00140.png,"[735, 316, 1552, 1108]",RIGHT_ELBOW,-0.35223409811903494,0.5369226621343142,0.9723051190376282,0.49484357982873917,0.3940081223845482,0.3674403675496657
00140,/Users/nikko/Downloads/moi-main/project_root/data/temp_frames/video15/frame_00140.png,"[735, 316, 1552, 1108]",LEFT_WRIST,0.7756707469780071,1.1338126848519772,0.8071033954620361,0.49484357982873917,0.3940081223845482,0.3674403675496657
00140,/Users/nikko/Downloads/moi-main/project_root/data/temp_frames/video15/frame_00140.png,"[735, 316, 1552, 1108]",RIGHT_WRIST,-0.2918202181823036,1.2953762465657692,0.9951269626617432,0.49484357982873917,0.3940081223845482,0.3674403675496657
00140,/Users/nikko/Downloads/moi-main/project_root/data/temp_frames/video15/frame_00140.png,"[735, 316, 1552, 1108]",RIGHT_KNEE,-0.9218937197158149,0.3241439936447752,0.5263384580612183,0.49484357982873917,0.3940081223845482,0.3674403675496657
00140,/Users/nikko/Downloads/moi-main/project_root/data/temp_frames/video15/frame_00140.png,"[735, 316, 1552, 1108]",RIGHT_ANKLE,-1.1851014984461952,0.44651750817729274,0.7727188467979431,0.49484357982873917,0.3940081223845482,0.3674403675496657
00140,/Users/nikko/Downloads/moi-main/project_root/data/temp_frames/video15/frame_00140.png,"[735, 316, 1552, 1108]",LEFT_EYE,1.119341207747601,-0.3289075832007766,0.9910613894462585,0.49484357982873917,0.3940081223845482,0.3674403675496657
00140,/Users/nikko/Downloads/moi-main/project_root/data/temp_frames/video15/frame_00140.png,"[735, 316, 1552, 1108]",RIGHT_EYE,1.0185130377487173,-0.3504605518784944,0.9951847195625305,0.49484357982873917,0.3940081223845482,0.3674403675496657
00141,/Users/nikko/Downloads/moi-main/project_root/data/temp_frames/video15/frame_00141.png,"[737, 297, 1548, 1109]",LEFT_SHOULDER,0.8278233800005671,-0.15386607996931015,0.9999289512634277,0.5049660429358482,0.3928106650710106,0.377651694851495
00141,/Users/nikko/Downloads/moi-main/project_root/data/temp_frames/video15/frame_00141.png,"[737, 297, 1548, 1109]",RIGHT_SHOULDER,0.058167594547489786,-0.21065264511993637,0.9994242191314697,0.5049660429358482,0.3928106650710106,0.377651694851495
00141,/Users/nikko/Downloads/moi-main/project_root/data/temp_frames/video15/frame_00141.png,"[737, 297, 1548, 1109]",LEFT_HIP,-0.2893158238812096,0.20440144567090854,0.9994126558303833,0.5049660429358482,0.3928106650710106,0.377651694851495
00141,/Users/nikko/Downloads/moi-main/project_root/data/temp_frames/video15/frame_00141.png,"[737, 297, 1548, 1109]",RIGHT_HIP,-0.5966751506668473,0.16011727941833798,0.9995341300964355,0.5049660429358482,0.3928106650710106,0.377651694851495
00141,/Users/nikko/Downloads/moi-main/project_root/data/temp_frames/video15/frame_00141.png,"[737, 297, 1548, 1109]",RIGHT_ELBOW,-0.33212096823660625,0.5539705832727113,0.9706173539161682,0.5049660429358482,0.3928106650710106,0.377651694851495
00141,/Users/nikko/Downloads/moi-main/project_root/data/temp_frames/video15/frame_00141.png,"[737, 297, 1548, 1109]",LEFT_WRIST,0.7603551390983795,1.102582592559761,0.8057328462600708,0.5049660429358482,0.3928106650710106,0.377651694851495
00141,/Users/nikko/Downloads/moi-main/project_root/data/temp_frames/video15/frame_00141.png,"[737, 297, 1548, 1109]",RIGHT_WRIST,-0.29677374957827035,1.2819793785355251,0.9934428930282593,0.5049660429358482,0.3928106650710106,0.377651694851495
00141,/Users/nikko/Downloads/moi-main/project_root/data/temp_frames/video15/frame_00141.png,"[737, 297, 1548, 1109]",RIGHT_ANKLE,-1.171278274855004,0.49061001752748107,0.6700354218482971,0.5049660429358482,0.3928106650710106,0.377651694851495
00141,/Users/nikko/Downloads/moi-main/project_root/data/temp_frames/video15/frame_00141.png,"[737, 297, 1548, 1109]",LEFT_EYE,1.0457555440971482,-0.31516729897615653,0.9858837723731995,0.5049660429358482,0.3928106650710106,0.377651694851495
00141,/Users/nikko/Downloads/moi-main/project_root/data/temp_frames/video15/frame_00141.png,"[737, 297, 1548, 1109]",RIGHT_EYE,0.9498861685932487,-0.3406612898541471,0.9921590089797974,0.5049660429358482,0.3928106650710106,0.377651694851495
00142,/Users/nikko/Downloads/moi-main/project_root/data/temp_frames/video15/frame_00142.png,"[739, 279, 1548, 1110]",LEFT_SHOULDER,0.8282536903757611,-0.16288059202129151,0.9999337196350098,0.4991751089692116,0.39745258539915085,0.3801413931616239
00142,/Users/nikko/Downloads/moi-main/project_root/data/temp_frames/video15/frame_00142.png,"[739, 279, 1548, 1110]",RIGHT_SHOULDER,0.036213189467843,-0.22331588028734467,0.9994858503341675,0.4991751089692116,0.39745258539915085,0.3801413931616239
00142,/Users/nikko/Downloads/moi-main/project_root/data/temp_frames/video15/frame_00142.png,"[739, 279, 1548, 1110]",LEFT_HIP,-0.27015997484085785,0.22165709634646522,0.9995038509368896,0.4991751089692116,0.39745258539915085,0.3801413931616239
00142,/Users/nikko/Downloads/moi-main/project_root/data/temp_frames/video15/frame_00142.png,"[739, 279, 1548, 1110]",RIGHT_HIP,-0.5943069050027462,0.164539375962171,0.9996143579483032,0.4991751089692116,0.39745258539915085,0.3801413931616239
00142,/Users/nikko/Downloads/moi-main/project_root/data/temp_frames/video15/frame_00142.png,"[739, 279, 1548, 1110]",LEFT_ELBOW,0.7199173850097492,0.457618984539831,0.6188454031944275,0.4991751089692116,0.39745258539915085,0.3801413931616239
00142,/Users/nikko/Downloads/moi-main/project_root/data/temp_frames/video15/frame_00142.png,"[739, 279, 1548, 1110]",RIGHT_ELBOW,-0.29764552730596333,0.5387143391797805,0.9819998741149902,0.4991751089692116,0.39745258539915085,0.3801413931616239
00142,/Users/nikko/Downloads/moi-main/project_root/data/temp_frames/video15/frame_00142.png,"[739, 279, 1548, 1110]",LEFT_WRIST,0.7586431713638191,1.0872572583819724,0.8544596433639526,0.4991751089692116,0.39745258539915085,0.3801413931616239
00142,/Users/nikko/Downloads/moi-main/project_root/data/temp_frames/video15/frame_00142.png,"[739, 279, 1548, 1110]",RIGHT_WRIST,-0.28343667500334285,1.264526567301974,0.996333122253418,0.4991751089692116,0.39745258539915085,0.3801413931616239
00142,/Users/nikko/Downloads/moi-main/project_root/data/temp_frames/video15/frame_00142.png,"[739, 279, 1548, 1110]",RIGHT_KNEE,-0.8884617028592867,0.36612335211095176,0.5540651679039001,0.4991751089692116,0.39745258539915085,0.3801413931616239
00142,/Users/nikko/Downloads/moi-main/project_root/data/temp_frames/video15/frame_00142.png,"[739, 279, 1548, 1110]",RIGHT_ANKLE,-1.1487594649386148,0.4742399862997845,0.7974593639373779,0.4991751089692116,0.39745258539915085,0.3801413931616239
00142,/Users/nikko/Downloads/moi-main/project_root/data/temp_frames/video15/frame_00142.png,"[739, 279, 1548, 1110]",LEFT_EYE,1.0453756784052832,-0.33819042149717654,0.9848330616950989,0.4991751089692116,0.39745258539915085,0.3801413931616239
00142,/Users/nikko/Downloads/moi-main/project_root/data/temp_frames/video15/frame_00142.png,"[739, 279, 1548, 1110]",RIGHT_EYE,0.9490535519179261,-0.36891451666681163,0.991933286190033,0.4991751089692116,0.39745258539915085,0.3801413931616239
00143,/Users/nikko/Downloads/moi-main/project_root/data/temp_frames/video15/frame_00143.png,"[741, 260, 1547, 1110]",LEFT_SHOULDER,0.8150650930749844,-0.176024246767027,0.9999352693557739,0.49841681122779846,0.404009610414505,0.388368461054976
00143,/Users/nikko/Downloads/moi-main/project_root/data/temp_frames/video15/frame_00143.png,"[741, 260, 1547, 1110]",RIGHT_SHOULDER,0.046045334563505964,-0.22252401924421036,0.9994751811027527,0.49841681122779846,0.404009610414505,0.388368461054976
00143,/Users/nikko/Downloads/moi-main/project_root/data/temp_frames/video15/frame_00143.png,"[741, 260, 1547, 1110]",LEFT_HIP,-0.2681353279989086,0.22916723853245208,0.9993517994880676,0.49841681122779846,0.404009610414505,0.388368461054976
00143,/Users/nikko/Downloads/moi-main/project_root/data/temp_frames/video15/frame_00143.png,"[741, 260, 1547, 1110]",RIGHT_HIP,-0.5929750996395817,0.16938102747878525,0.9994673132896423,0.49841681122779846,0.404009610414505,0.388368461054976
00143,/Users/nikko/Downloads/moi-main/project_root/data/temp_frames/video15/frame_00143.png,"[741, 260, 1547, 1110]",LEFT_ELBOW,0.7467778542409903,0.43862520854298237,0.7357720136642456,0.49841681122779846,0.404009610414505,0.388368461054976
00143,/Users/nikko/Downloads/moi-main/project_root/data/temp_frames/video15/frame_00143.png,"[741, 260, 1547, 1110]",RIGHT_ELBOW,-0.24577555533338363,0.5061199051999314,0.9888339638710022,0.49841681122779846,0.404009610414505,0.388368461054976
00143,/Users/nikko/Downloads/moi-main/project_root/data/temp_frames/video15/frame_00143.png,"[741, 260, 1547, 1110]",LEFT_WRIST,0.7622859892843411,1.0483469054834023,0.9009836912155151,0.49841681122779846,0.404009610414505,0.388368461054976
00143,/Users/nikko/Downloads/moi-main/project_root/data/temp_frames/video15/frame_00143.png,"[741, 260, 1547, 1110]",RIGHT_WRIST,-0.274476662999341,1.2271620087993205,0.9975243210792542,0.49841681122779846,0.404009610414505,0.388368461054976
00143,/Users/nikko/Downloads/moi-main/project_root/data/temp_frames/video15/frame_00143.png,"[741, 260, 1547, 1110]",RIGHT_KNEE,-0.882390392282686,0.3685031823878085,0.6167374849319458,0.49841681122779846,0.404009610414505,0.388368461054976
00143,/Users/nikko/Downloads/moi-main/project_root/data/temp_frames/video15/frame_00143.png,"[741, 260, 1547, 1110]",RIGHT_ANKLE,-1.1278797081323215,0.4786640894054967,0.8362113237380981,0.49841681122779846,0.404009610414505,0.388368461054976
00143,/Users/nikko/Downloads/moi-main/project_root/data/temp_frames/video15/frame_00143.png,"[741, 260, 1547, 1110]",LEFT_EYE,1.0279331123945314,-0.36148080441475083,0.9915306568145752,0.49841681122779846,0.404009610414505,0.388368461054976
00143,/Users/nikko/Downloads/moi-main/project_root/data/temp_frames/video15/frame_00143.png,"[741, 260, 1547, 1110]",RIGHT_EYE,0.9466752854488794,-0.3792037295736973,0.9953305721282959,0.49841681122779846,0.404009610414505,0.388368461054976
00144,/Users/nikko/Downloads/moi-main/project_root/data/temp_frames/video15/frame_00144.png,"[743, 245, 1546, 1110]",LEFT_SHOULDER,0.8198783685523304,-0.18055011367543863,0.9999514818191528,0.5008241981267929,0.4063739851117134,0.38104019621156543
00144,/Users/nikko/Downloads/moi-main/project_root/data/temp_frames/video15/frame_00144.png,"[743, 245, 1546, 1110]",RIGHT_SHOULDER,0.034922173512315816,-0.22329003519103052,0.999565064907074,0.5008241981267929,0.4063739851117134,0.38104019621156543
00144,/Users/nikko/Downloads/moi-main/project_root/data/temp_frames/video15/frame_00144.png,"[743, 245, 1546, 1110]",LEFT_HIP,-0.26576045403108217,0.23547379301916568,0.9996483325958252,0.5008241981267929,0.4063739851117134,0.38104019621156543
00144,/Users/nikko/Downloads/moi-main/project_root/data/temp_frames/video15/frame_00144.png,"[743, 245, 1546, 1110]",RIGHT_HIP,-0.5890400880335641,0.16836635584730347,0.9997159838676453,0.5008241981267929,0.4063739851117134,0.38104019621156543
00144,/Users/nikko/Downloads/moi-main/project_root/data/temp_frames/video15/frame_00144.png,"[743, 245, 1546, 1110]",LEFT_ELBOW,0.779534035065215,0.4425709663350904,0.7575838565826416,0.5008241981267929,0.4063739851117134,0.38104019621156543
00144,/Users/nikko/Downloads/moi-main/project_root/data/temp_frames/video15/frame_00144.png,"[743, 245, 1546, 1110]",RIGHT_ELBOW,-0.23919773222393367,0.513220516884263,0.9918158650398254,0.5008241981267929,0.4063739851117134,0.38104019621156543
00144,/Users/nikko/Downloads/moi-main/project_root/data/temp_frames/video15/frame_00144.png,"[743, 245, 1546, 1110]",LEFT_WRIST,0.7833184525240239,1.0707348338390412,0.8992030620574951,0.5008241981267929,0.4063739851117134,0.38104019621156543
00144,/Users/nikko/Downloads/moi-main/project_root/data/temp_frames/video15/frame_00144.png,"[743, 245, 1546, 1110]",RIGHT_WRIST,-0.2790304740399445,1.245704503845383,0.9974658489227295,0.5008241981267929,0.4063739851117134,0.38104019621156543
00144,/Users/nikko/Downloads/moi-main/project_root/data/temp_frames/video15/frame_00144.png,"[743, 245, 1546, 1110]",RIGHT_KNEE,-0.8957335853069069,0.36384263167160186,0.675240695476532,0.5008241981267929,0.4063739851117134,0.38104019621156543
00144,/Users/nikko/Downloads/moi-main/project_root/data/temp_frames/video15/frame_00144.png,"[743, 245, 1546, 1110]",RIGHT_ANKLE,-1.1265049741001403,0.4859036646853103,0.8299791812896729,0.5008241981267929,0.4063739851117134,0.38104019621156543
00144,/Users/nikko/Downloads/moi-main/project_root/data/temp_frames/video15/frame_00144.png,"[743, 245, 1546, 1110]",LEFT_EYE,1.0378534934366552,-0.37828612143087226,0.9926044940948486,0.5008241981267929,0.4063739851117134,0.38104019621156543
00144,/Users/nikko/Downloads/moi-main/project_root/data/temp_frames/video15/frame_00144.png,"[743, 245, 1546, 1110]",RIGHT_EYE,0.9321011362969805,-0.40341973407819437,0.995935320854187,0.5008241981267929,0.4063739851117134,0.38104019621156543
00145,/Users/nikko/Downloads/moi-main/project_root/data/temp_frames/video15/frame_00145.png,"[744, 234, 1547, 1108]",LEFT_SHOULDER,0.8207021286085217,-0.1823400245642445,0.9999586343765259,0.5081836059689522,0.40645400434732437,0.36783377427851843
00145,/Users/nikko/Downloads/moi-main/project_root/data/temp_frames/video15/frame_00145.png,"[744, 234, 1547, 1108]",RIGHT_SHOULDER,0.016787403918024926,-0.22925468430114312,0.9996076226234436,0.5081836059689522,0.40645400434732437,0.36783377427851843
00145,/Users/nikko/Downloads/moi-main/project_root/data/temp_frames/video15/frame_00145.png,"[744, 234, 1547, 1108]",LEFT_HIP,-0.2487901844844149,0.25206688311147396,0.9997251629829407,0.5081836059689522,0.40645400434732437,0.36783377427851843
00145,/Users/nikko/Downloads/moi-main/project_root/data/temp_frames/video15/frame_00145.png,"[744, 234, 1547, 1108]",RIGHT_HIP,-0.5886993480421316,0.1595278257539137,0.9997825026512146,0.5081836059689522,0.40645400434732437,0.36783377427851843
00145,/Users/nikko/Downloads/moi-main/project_root/data/temp_frames/video15/frame_00145.png,"[744, 234, 1547, 1108]",LEFT_ELBOW,0.7965004572605201,0.4669911709549341,0.819068193435669,0.5081836059689522,0.40645400434732437,0.36783377427851843
00145,/Users/nikko/Downloads/moi-main/project_root/data/temp_frames/video15/frame_00145.png,"[744, 234, 1547, 1108]",RIGHT_ELBOW,-0.24604486319420613,0.5325348660363943,0.9962129592895508,0.5081836059689522,0.40645400434732437,0.36783377427851843
00145,/Users/nikko/Downloads/moi-main/project_root/data/temp_frames/video15/frame_00145.png,"[744, 234, 1547, 1108]",LEFT_WRIST,0.8020539722680773,1.128545220028619,0.9202020764350891,0.5081836059689522,0.40645400434732437,0.36783377427851843
00145,/Users/nikko/Downloads/moi-main/project_root/data/temp_frames/video15/frame_00145.png,"[744, 234, 1547, 1108]",RIGHT_WRIST,-0.312532373873283,1.3024532702591474,0.9986768364906311,0.5081836059689522,0.40645400434732437,0.36783377427851843
00145,/Users/nikko/Downloads/moi-main/project_root/data/temp_frames/video15/frame_00145.png,"[744, 234, 1547, 1108]",RIGHT_KNEE,-0.9253226980912774,0.3688931701714939,0.8126882314682007,0.5081836059689522,0.40645400434732437,0.36783377427851843
00145,/Users/nikko/Downloads/moi-main/project_root/data/temp_frames/video15/frame_00145.png,"[744, 234, 1547, 1108]",RIGHT_ANKLE,-1.196071563881251,0.5247129203393297,0.9100167155265808,0.5081836059689522,0.40645400434732437,0.36783377427851843
00145,/Users/nikko/Downloads/moi-main/project_root/data/temp_frames/video15/frame_00145.png,"[744, 234, 1547, 1108]",LEFT_EYE,1.038627845657382,-0.3871378005797612,0.9922528862953186,0.5081836059689522,0.40645400434732437,0.36783377427851843
00145,/Users/nikko/Downloads/moi-main/project_root/data/temp_frames/video15/frame_00145.png,"[744, 234, 1547, 1108]",RIGHT_EYE,0.9277824602713652,-0.4108765169681283,0.9960561990737915,0.5081836059689522,0.40645400434732437,0.36783377427851843
00146,/Users/nikko/Downloads/moi-main/project_root/data/temp_frames/video15/frame_00146.png,"[745, 230, 1548, 1109]",LEFT_SHOULDER,0.8217936073426273,-0.16391447211152918,0.9999786615371704,0.5091893672943115,0.40614816546440125,0.3565550315291167
00146,/Users/nikko/Downloads/moi-main/project_root/data/temp_frames/video15/frame_00146.png,"[745, 230, 1548, 1109]",RIGHT_SHOULDER,0.008662151996792681,-0.23934241279649407,0.9997820258140564,0.5091893672943115,0.40614816546440125,0.3565550315291167
00146,/Users/nikko/Downloads/moi-main/project_root/data/temp_frames/video15/frame_00146.png,"[745, 230, 1548, 1109]",LEFT_HIP,-0.24323952027908144,0.25795733848742275,0.9998612403869629,0.5091893672943115,0.40614816546440125,0.3565550315291167
00146,/Users/nikko/Downloads/moi-main/project_root/data/temp_frames/video15/frame_00146.png,"[745, 230, 1548, 1109]",RIGHT_HIP,-0.5872162390603386,0.1452995464206005,0.9998881816864014,0.5091893672943115,0.40614816546440125,0.3565550315291167
00146,/Users/nikko/Downloads/moi-main/project_root/data/temp_frames/video15/frame_00146.png,"[745, 230, 1548, 1109]",LEFT_ELBOW,0.827786251161857,0.4859271349129613,0.9277178049087524,0.5091893672943115,0.40614816546440125,0.3565550315291167
00146,/Users/nikko/Downloads/moi-main/project_root/data/temp_frames/video15/frame_00146.png,"[745, 230, 1548, 1109]",RIGHT_ELBOW,-0.24132427479155313,0.5414873082114157,0.9987014532089233,0.5091893672943115,0.40614816546440125,0.3565550315291167
00146,/Users/nikko/Downloads/moi-main/project_root/data/temp_frames/video15/frame_00146.png,"[745, 230, 1548, 1109]",LEFT_WRIST,0.8200141023924014,1.1445245080979012,0.9648171067237854,0.5091893672943115,0.40614816546440125,0.3565550315291167
00146,/Users/nikko/Downloads/moi-main/project_root/data/temp_frames/video15/frame_00146.png,"[745, 230, 1548, 1109]",RIGHT_WRIST,-0.31576258003214625,1.3400734628790765,0.9994526505470276,0.5091893672943115,0.40614816546440125,0.3565550315291167
00146,/Users/nikko/Downloads/moi-main/project_root/data/temp_frames/video15/frame_00146.png,"[745, 230, 1548, 1109]",RIGHT_KNEE,-0.9508969422337441,0.3932688387343666,0.9519400596618652,0.5091893672943115,0.40614816546440125,0.3565550315291167
00146,/Users/nikko/Downloads/moi-main/project_root/data/temp_frames/video15/frame_00146.png,"[745, 230, 1548, 1109]",RIGHT_ANKLE,-1.2172735791889375,0.537684399981008,0.9739255905151367,0.5091893672943115,0.40614816546440125,0.3565550315291167
00146,/Users/nikko/Downloads/moi-main/project_root/data/temp_frames/video15/frame_00146.png,"[745, 230, 1548, 1109]",LEFT_EYE,1.064024936512755,-0.41961311814850777,0.9986417889595032,0.5091893672943115,0.40614816546440125,0.3565550315291167
00146,/Users/nikko/Downloads/moi-main/project_root/data/temp_frames/video15/frame_00146.png,"[745, 230, 1548, 1109]",RIGHT_EYE,0.9472853997423474,-0.44915352720281876,0.9993336796760559,0.5091893672943115,0.40614816546440125,0.3565550315291167
00147,/Users/nikko/Downloads/moi-main/project_root/data/temp_frames/video15/frame_00147.png,"[746, 229, 1547, 1108]",LEFT_SHOULDER,0.8104998215892776,-0.15154257454168307,0.9999737739562988,0.5101707354187965,0.4053831696510315,0.3662254596476454
00147,/Users/nikko/Downloads/moi-main/project_root/data/temp_frames/video15/frame_00147.png,"[746, 229, 1547, 1108]",RIGHT_SHOULDER,0.006805780734271105,-0.25826108023412697,0.9997262358665466,0.5101707354187965,0.4053831696510315,0.3662254596476454
00147,/Users/nikko/Downloads/moi-main/project_root/data/temp_frames/video15/frame_00147.png,"[746, 229, 1547, 1108]",LEFT_HIP,-0.23843351770341134,0.2671430522369937,0.9998607635498047,0.5101707354187965,0.4053831696510315,0.3662254596476454
00147,/Users/nikko/Downloads/moi-main/project_root/data/temp_frames/video15/frame_00147.png,"[746, 229, 1547, 1108]",RIGHT_HIP,-0.5788720846201373,0.14266060253881632,0.9998857975006104,0.5101707354187965,0.4053831696510315,0.3662254596476454
00147,/Users/nikko/Downloads/moi-main/project_root/data/temp_frames/video15/frame_00147.png,"[746, 229, 1547, 1108]",LEFT_ELBOW,0.8071970554255303,0.47576759170073424,0.9296866059303284,0.5101707354187965,0.4053831696510315,0.3662254596476454
00147,/Users/nikko/Downloads/moi-main/project_root/data/temp_frames/video15/frame_00147.png,"[746, 229, 1547, 1108]",RIGHT_ELBOW,-0.21219782305763202,0.5325604242081711,0.9988061189651489,0.5101707354187965,0.4053831696510315,0.3662254596476454
00147,/Users/nikko/Downloads/moi-main/project_root/data/temp_frames/video15/frame_00147.png,"[746, 229, 1547, 1108]",LEFT_WRIST,0.8014578624411408,1.128538092710939,0.9653815031051636,0.5101707354187965,0.4053831696510315,0.3662254596476454
00147,/Users/nikko/Downloads/moi-main/project_root/data/temp_frames/video15/frame_00147.png,"[746, 229, 1547, 1108]",RIGHT_WRIST,-0.3074229694167344,1.3076418301700987,0.9994348883628845,0.5101707354187965,0.4053831696510315,0.3662254596476454
00147,/Users/nikko/Downloads/moi-main/project_root/data/temp_frames/video15/frame_00147.png,"[746, 229, 1547, 1108]",RIGHT_KNEE,-0.9343427702797723,0.38257597472777183,0.9431136250495911,0.5101707354187965,0.4053831696510315,0.3662254596476454
00147,/Users/nikko/Downloads/moi-main/project_root/data/temp_frames/video15/frame_00147.png,"[746, 229, 1547, 1108]",RIGHT_ANKLE,-1.1977200213293229,0.5366328538612181,0.9742306470870972,0.5101707354187965,0.4053831696510315,0.3662254596476454
00147,/Users/nikko/Downloads/moi-main/project_root/data/temp_frames/video15/frame_00147.png,"[746, 229, 1547, 1108]",LEFT_EYE,1.0369574754928714,-0.4148607459027973,0.9971139430999756,0.5101707354187965,0.4053831696510315,0.3662254596476454
00147,/Users/nikko/Downloads/moi-main/project_root/data/temp_frames/video15/frame_00147.png,"[746, 229, 1547, 1108]",RIGHT_EYE,0.9180941877316404,-0.44102295713444706,0.9985842704772949,0.5101707354187965,0.4053831696510315,0.3662254596476454
00148,/Users/nikko/Downloads/moi-main/project_root/data/temp_frames/video15/frame_00148.png,"[746, 228, 1546, 1108]",LEFT_SHOULDER,0.8165474824557718,-0.16296067790475277,0.9999749660491943,0.5127517580986023,0.40404027700424194,0.3631793629820179
00148,/Users/nikko/Downloads/moi-main/project_root/data/temp_frames/video15/frame_00148.png,"[746, 228, 1546, 1108]",RIGHT_SHOULDER,0.005321067191263835,-0.24574682991947236,0.9997472167015076,0.5127517580986023,0.40404027700424194,0.3631793629820179
00148,/Users/nikko/Downloads/moi-main/project_root/data/temp_frames/video15/frame_00148.png,"[746, 228, 1546, 1108]",LEFT_HIP,-0.2365252278012709,0.26477749822382696,0.9998548030853271,0.5127517580986023,0.40404027700424194,0.3631793629820179
00148,/Users/nikko/Downloads/moi-main/project_root/data/temp_frames/video15/frame_00148.png,"[746, 228, 1546, 1108]",RIGHT_HIP,-0.5853433218457648,0.14393000960039817,0.9998834133148193,0.5127517580986023,0.40404027700424194,0.3631793629820179
00148,/Users/nikko/Downloads/moi-main/project_root/data/temp_frames/video15/frame_00148.png,"[746, 228, 1546, 1108]",LEFT_ELBOW,0.8099671299471751,0.4799928546913596,0.9118418097496033,0.5127517580986023,0.40404027700424194,0.3631793629820179
00148,/Users/nikko/Downloads/moi-main/project_root/data/temp_frames/video15/frame_00148.png,"[746, 228, 1546, 1108]",RIGHT_ELBOW,-0.2214328418007582,0.5373673905146005,0.9985927939414978,0.5127517580986023,0.40404027700424194,0.3631793629820179
00148,/Users/nikko/Downloads/moi-main/project_root/data/temp_frames/video15/frame_00148.png,"[746, 228, 1546, 1108]",LEFT_WRIST,0.7981118276947498,1.1273805552405152,0.9560704231262207,0.5127517580986023,0.40404027700424194,0.3631793629820179
00148,/Users/nikko/Downloads/moi-main/project_root/data/temp_frames/video15/frame_00148.png,"[746, 228, 1546, 1108]",RIGHT_WRIST,-0.31746520484731094,1.3320993509051466,0.9993808269500732,0.5127517580986023,0.40404027700424194,0.3631793629820179
00148,/Users/nikko/Downloads/moi-main/project_root/data/temp_frames/video15/frame_00148.png,"[746, 228, 1546, 1108]",RIGHT_KNEE,-0.9387272483351343,0.3780539298139516,0.9302002191543579,0.5127517580986023,0.40404027700424194,0.3631793629820179
00148,/Users/nikko/Downloads/moi-main/project_root/data/temp_frames/video15/frame_00148.png,"[746, 228, 1546, 1108]",RIGHT_ANKLE,-1.2128726813073032,0.5397031325498255,0.9672728776931763,0.5127517580986023,0.40404027700424194,0.3631793629820179
00148,/Users/nikko/Downloads/moi-main/project_root/data/temp_frames/video15/frame_00148.png,"[746, 228, 1546, 1108]",LEFT_EYE,1.0502986062926378,-0.40986290579555623,0.9974042773246765,0.5127517580986023,0.40404027700424194,0.3631793629820179
00148,/Users/nikko/Downloads/moi-main/project_root/data/temp_frames/video15/frame_00148.png,"[746, 228, 1546, 1108]",RIGHT_EYE,0.927660496992191,-0.4438288571589382,0.9987431168556213,0.5127517580986023,0.40404027700424194,0.3631793629820179
00149,/Users/nikko/Downloads/moi-main/project_root/data/temp_frames/video15/frame_00149.png,"[747, 229, 1546, 1108]",LEFT_SHOULDER,0.8325521251349032,-0.1709154280132165,0.9999556541442871,0.510449655354023,0.4038923904299736,0.36590055586013315
00149,/Users/nikko/Downloads/moi-main/project_root/data/temp_frames/video15/frame_00149.png,"[747, 229, 1546, 1108]",RIGHT_SHOULDER,-0.003274442730468849,-0.22958787713110462,0.9995980858802795,0.510449655354023,0.4038923904299736,0.36590055586013315
00149,/Users/nikko/Downloads/moi-main/project_root/data/temp_frames/video15/frame_00149.png,"[747, 229, 1546, 1108]",LEFT_HIP,-0.2357197424804814,0.2575577499553826,0.9997692704200745,0.510449655354023,0.4038923904299736,0.36590055586013315
00149,/Users/nikko/Downloads/moi-main/project_root/data/temp_frames/video15/frame_00149.png,"[747, 229, 1546, 1108]",RIGHT_HIP,-0.593557939923953,0.14294555518893853,0.9998252987861633,0.510449655354023,0.4038923904299736,0.36590055586013315
00149,/Users/nikko/Downloads/moi-main/project_root/data/temp_frames/video15/frame_00149.png,"[747, 229, 1546, 1108]",LEFT_ELBOW,0.8070620966127033,0.48031857210679785,0.8638308644294739,0.510449655354023,0.4038923904299736,0.36590055586013315
00149,/Users/nikko/Downloads/moi-main/project_root/data/temp_frames/video15/frame_00149.png,"[747, 229, 1546, 1108]",RIGHT_ELBOW,-0.21141105374306274,0.5524829250215308,0.9969178438186646,0.510449655354023,0.4038923904299736,0.36590055586013315
00149,/Users/nikko/Downloads/moi-main/project_root/data/temp_frames/video15/frame_00149.png,"[747, 229, 1546, 1108]",LEFT_WRIST,0.8136671413249928,1.145711463854433,0.9322735071182251,0.510449655354023,0.4038923904299736,0.36590055586013315
00149,/Users/nikko/Downloads/moi-main/project_root/data/temp_frames/video15/frame_00149.png,"[747, 229, 1546, 1108]",RIGHT_WRIST,-0.3033324674861597,1.326682228220732,0.9990518689155579,0.510449655354023,0.4038923904299736,0.36590055586013315
00149,/Users/nikko/Downloads/moi-main/project_root/data/temp_frames/video15/frame_00149.png,"[747, 229, 1546, 1108]",RIGHT_KNEE,-0.9453348885095952,0.3733211482876083,0.8648110032081604,0.510449655354023,0.4038923904299736,0.36590055586013315
00149,/Users/nikko/Downloads/moi-main/project_root/data/temp_frames/video15/frame_00149.png,"[747, 229, 1546, 1108]",RIGHT_ANKLE,-1.2088846351060387,0.5521887303647031,0.9459489583969116,0.510449655354023,0.4038923904299736,0.36590055586013315
00149,/Users/nikko/Downloads/moi-main/project_root/data/temp_frames/video15/frame_00149.png,"[747, 229, 1546, 1108]",LEFT_EYE,1.0188628646094362,-0.38987029005271395,0.990725576877594,0.510449655354023,0.4038923904299736,0.36590055586013315
00149,/Users/nikko/Downloads/moi-main/project_root/data/temp_frames/video15/frame_00149.png,"[747, 229, 1546, 1108]",RIGHT_EYE,0.9103185568139254,-0.4214989849358756,0.9956575632095337,0.510449655354023,0.4038923904299736,0.36590055586013315
00150,/Users/nikko/Downloads/moi-main/project_root/data/temp_frames/video15/frame_00150.png,"[747, 232, 1547, 1108]",LEFT_SHOULDER,0.8348316614893194,-0.15700126037720522,0.9999549388885498,0.5115506500005722,0.4034639894962311,0.361684534943044
00150,/Users/nikko/Downloads/moi-main/project_root/data/temp_frames/video15/frame_00150.png,"[747, 232, 1547, 1108]",RIGHT_SHOULDER,-0.00041755522868410253,-0.23001883628217165,0.9996004700660706,0.5115506500005722,0.4034639894962311,0.361684534943044
00150,/Users/nikko/Downloads/moi-main/project_root/data/temp_frames/video15/frame_00150.png,"[747, 232, 1547, 1108]",LEFT_HIP,-0.2370124640694785,0.25392540779944933,0.9997250437736511,0.5115506500005722,0.4034639894962311,0.361684534943044
00150,/Users/nikko/Downloads/moi-main/project_root/data/temp_frames/video15/frame_00150.png,"[747, 232, 1547, 1108]",RIGHT_HIP,-0.5974016421911569,0.1330946888599275,0.9997965693473816,0.5115506500005722,0.4034639894962311,0.361684534943044
00150,/Users/nikko/Downloads/moi-main/project_root/data/temp_frames/video15/frame_00150.png,"[747, 232, 1547, 1108]",LEFT_ELBOW,0.8162377438189895,0.49237774731907885,0.8612944483757019,0.5115506500005722,0.4034639894962311,0.361684534943044
00150,/Users/nikko/Downloads/moi-main/project_root/data/temp_frames/video15/frame_00150.png,"[747, 232, 1547, 1108]",RIGHT_ELBOW,-0.22826114918583718,0.5556424525822086,0.9970827698707581,0.5115506500005722,0.4034639894962311,0.361684534943044
00150,/Users/nikko/Downloads/moi-main/project_root/data/temp_frames/video15/frame_00150.png,"[747, 232, 1547, 1108]",LEFT_WRIST,0.8213443186078337,1.1544655129228307,0.9342536926269531,0.5115506500005722,0.4034639894962311,0.361684534943044
00150,/Users/nikko/Downloads/moi-main/project_root/data/temp_frames/video15/frame_00150.png,"[747, 232, 1547, 1108]",RIGHT_WRIST,-0.3107923924116991,1.3539160929174388,0.9990764856338501,0.5115506500005722,0.4034639894962311,0.361684534943044
00150,/Users/nikko/Downloads/moi-main/project_root/data/temp_frames/video15/frame_00150.png,"[747, 232, 1547, 1108]",RIGHT_KNEE,-0.9449992929476047,0.3766527791817636,0.8691841959953308,0.5115506500005722,0.4034639894962311,0.361684534943044
00150,/Users/nikko/Downloads/moi-main/project_root/data/temp_frames/video15/frame_00150.png,"[747, 232, 1547, 1108]",RIGHT_ANKLE,-1.2169842012837997,0.5498396090844584,0.9482349753379822,0.5115506500005722,0.4034639894962311,0.361684534943044
00150,/Users/nikko/Downloads/moi-main/project_root/data/temp_frames/video15/frame_00150.png,"[747, 232, 1547, 1108]",LEFT_EYE,1.0235068034246326,-0.40541205520479223,0.9912780523300171,0.5115506500005722,0.4034639894962311,0.361684534943044
00150,/Users/nikko/Downloads/moi-main/project_root/data/temp_frames/video15/frame_00150.png,"[747, 232, 1547, 1108]",RIGHT_EYE,0.9032438112785263,-0.43707827368716895,0.9958207607269287,0.5115506500005722,0.4034639894962311,0.361684534943044
00151,/Users/nikko/Downloads/moi-main/project_root/data/temp_frames/video15/frame_00151.png,"[748, 234, 1549, 1109]",LEFT_SHOULDER,0.8297749331754896,-0.15515793475861997,0.9999500513076782,0.5114690884947777,0.39959824085235596,0.3645180250608307
00151,/Users/nikko/Downloads/moi-main/project_root/data/temp_frames/video15/frame_00151.png,"[748, 234, 1549, 1109]",RIGHT_SHOULDER,0.010924463790336607,-0.23257007461596602,0.9995912909507751,0.5114690884947777,0.39959824085235596,0.3645180250608307
00151,/Users/nikko/Downloads/moi-main/project_root/data/temp_frames/video15/frame_00151.png,"[748, 234, 1549, 1109]",LEFT_HIP,-0.24482298584106432,0.24768552291819365,0.9996963739395142,0.5114690884947777,0.39959824085235596,0.3645180250608307
00151,/Users/nikko/Downloads/moi-main/project_root/data/temp_frames/video15/frame_00151.png,"[748, 234, 1549, 1109]",RIGHT_HIP,-0.5958764111247619,0.14004248645639233,0.9997701048851013,0.5114690884947777,0.39959824085235596,0.3645180250608307
00151,/Users/nikko/Downloads/moi-main/project_root/data/temp_frames/video15/frame_00151.png,"[748, 234, 1549, 1109]",LEFT_ELBOW,0.8113643040620709,0.48511268620107195,0.8247445821762085,0.5114690884947777,0.39959824085235596,0.3645180250608307
00151,/Users/nikko/Downloads/moi-main/project_root/data/temp_frames/video15/frame_00151.png,"[748, 234, 1549, 1109]",RIGHT_ELBOW,-0.232394519410606,0.5553182531971033,0.996156632900238,0.5114690884947777,0.39959824085235596,0.3645180250608307
00151,/Users/nikko/Downloads/moi-main/project_root/data/temp_frames/video15/frame_00151.png,"[748, 234, 1549, 1109]",LEFT_WRIST,0.8150633701751496,1.1479945886882896,0.9153019785881042,0.5114690884947777,0.39959824085235596,0.3645180250608307
00151,/Users/nikko/Downloads/moi-main/project_root/data/temp_frames/video15/frame_00151.png,"[748, 234, 1549, 1109]",RIGHT_WRIST,-0.30745627573380857,1.3385004179034394,0.9988552331924438,0.5114690884947777,0.39959824085235596,0.3645180250608307
00151,/Users/nikko/Downloads/moi-main/project_root/data/temp_frames/video15/frame_00151.png,"[748, 234, 1549, 1109]",RIGHT_KNEE,-0.9520238193389788,0.37863233250812595,0.8066840171813965,0.5114690884947777,0.39959824085235596,0.3645180250608307
00151,/Users/nikko/Downloads/moi-main/project_root/data/temp_frames/video15/frame_00151.png,"[748, 234, 1549, 1109]",RIGHT_ANKLE,-1.2236193930080055,0.5462100673324269,0.9172913432121277,0.5114690884947777,0.39959824085235596,0.3645180250608307
00151,/Users/nikko/Downloads/moi-main/project_root/data/temp_frames/video15/frame_00151.png,"[748, 234, 1549, 1109]",LEFT_EYE,1.035137527880079,-0.3981774378257944,0.989547073841095,0.5114690884947777,0.39959824085235596,0.3645180250608307
00151,/Users/nikko/Downloads/moi-main/project_root/data/temp_frames/video15/frame_00151.png,"[748, 234, 1549, 1109]",RIGHT_EYE,0.9197792192961642,-0.4218780650542013,0.9949647188186646,0.5114690884947777,0.39959824085235596,0.3645180250608307
00152,/Users/nikko/Downloads/moi-main/project_root/data/temp_frames/video15/frame_00152.png,"[749, 236, 1549, 1110]",LEFT_SHOULDER,0.8351501626492677,-0.15388340289000144,0.999953031539917,0.5062927752733231,0.39959439635276794,0.3692774305252736
00152,/Users/nikko/Downloads/moi-main/project_root/data/temp_frames/video15/frame_00152.png,"[749, 236, 1549, 1110]",RIGHT_SHOULDER,-0.0003217281869340134,-0.23590048451410658,0.9995306730270386,0.5062927752733231,0.39959439635276794,0.3692774305252736
00152,/Users/nikko/Downloads/moi-main/project_root/data/temp_frames/video15/frame_00152.png,"[749, 236, 1549, 1110]",LEFT_HIP,-0.24659934896903238,0.2527378485276631,0.9997267127037048,0.5062927752733231,0.39959439635276794,0.3692774305252736
00152,/Users/nikko/Downloads/moi-main/project_root/data/temp_frames/video15/frame_00152.png,"[749, 236, 1549, 1110]",RIGHT_HIP,-0.5882290854933013,0.1370460388764449,0.9997807145118713,0.5062927752733231,0.39959439635276794,0.3692774305252736
00152,/Users/nikko/Downloads/moi-main/project_root/data/temp_frames/video15/frame_00152.png,"[749, 236, 1549, 1110]",LEFT_ELBOW,0.8157455909030206,0.4962147836779614,0.8482520580291748,0.5062927752733231,0.39959439635276794,0.3692774305252736
00152,/Users/nikko/Downloads/moi-main/project_root/data/temp_frames/video15/frame_00152.png,"[749, 236, 1549, 1110]",RIGHT_ELBOW,-0.2170203704682961,0.5530486146723286,0.9943935871124268,0.5062927752733231,0.39959439635276794,0.3692774305252736
00152,/Users/nikko/Downloads/moi-main/project_root/data/temp_frames/video15/frame_00152.png,"[749, 236, 1549, 1110]",LEFT_WRIST,0.8156227587694413,1.13203684183767,0.9221497178077698,0.5062927752733231,0.39959439635276794,0.3692774305252736
00152,/Users/nikko/Downloads/moi-main/project_root/data/temp_frames/video15/frame_00152.png,"[749, 236, 1549, 1110]",RIGHT_WRIST,-0.29660324525073467,1.3038567222939321,0.9985191226005554,0.5062927752733231,0.39959439635276794,0.3692774305252736
00152,/Users/nikko/Downloads/moi-main/project_root/data/temp_frames/video15/frame_00152.png,"[749, 236, 1549, 1110]",RIGHT_KNEE,-0.9326524460122559,0.3788327812714543,0.8346539735794067,0.5062927752733231,0.39959439635276794,0.3692774305252736
00152,/Users/nikko/Downloads/moi-main/project_root/data/temp_frames/video15/frame_00152.png,"[749, 236, 1549, 1110]",RIGHT_ANKLE,-1.1787198519455104,0.5410690113581154,0.9356846809387207,0.5062927752733231,0.39959439635276794,0.3692774305252736
00152,/Users/nikko/Downloads/moi-main/project_root/data/temp_frames/video15/frame_00152.png,"[749, 236, 1549, 1110]",LEFT_EYE,1.0284364514803457,-0.3832826618110674,0.9921688437461853,0.5062927752733231,0.39959439635276794,0.3692774305252736
00152,/Users/nikko/Downloads/moi-main/project_root/data/temp_frames/video15/frame_00152.png,"[749, 236, 1549, 1110]",RIGHT_EYE,0.9286489819949119,-0.41275297180466547,0.9961267113685608,0.5062927752733231,0.39959439635276794,0.3692774305252736
00153,/Users/nikko/Downloads/moi-main/project_root/data/temp_frames/video15/frame_00153.png,"[750, 235, 1552, 1110]",LEFT_SHOULDER,0.8431893034627583,-0.17393323518539844,0.9999599456787109,0.5093265175819397,0.4010435715317726,0.35392777992242785
00153,/Users/nikko/Downloads/moi-main/project_root/data/temp_frames/video15/frame_00153.png,"[750, 235, 1552, 1110]",RIGHT_SHOULDER,0.0006860985110243778,-0.2148832454317572,0.9996355772018433,0.5093265175819397,0.4010435715317726,0.35392777992242785
00153,/Users/nikko/Downloads/moi-main/project_root/data/temp_frames/video15/frame_00153.png,"[750, 235, 1552, 1110]",LEFT_HIP,-0.24233297493417474,0.24588596402941848,0.9997335076332092,0.5093265175819397,0.4010435715317726,0.35392777992242785
00153,/Users/nikko/Downloads/moi-main/project_root/data/temp_frames/video15/frame_00153.png,"[750, 235, 1552, 1110]",RIGHT_HIP,-0.6015424270396079,0.14293051658773717,0.9998013377189636,0.5093265175819397,0.4010435715317726,0.35392777992242785
00153,/Users/nikko/Downloads/moi-main/project_root/data/temp_frames/video15/frame_00153.png,"[750, 235, 1552, 1110]",LEFT_ELBOW,0.8346715100188233,0.4966729053737338,0.8544329404830933,0.5093265175819397,0.4010435715317726,0.35392777992242785
00153,/Users/nikko/Downloads/moi-main/project_root/data/temp_frames/video15/frame_00153.png,"[750, 235, 1552, 1110]",RIGHT_ELBOW,-0.24313333899250647,0.5839583107917183,0.996514618396759,0.5093265175819397,0.4010435715317726,0.35392777992242785
00153,/Users/nikko/Downloads/moi-main/project_root/data/temp_frames/video15/frame_00153.png,"[750, 235, 1552, 1110]",LEFT_WRIST,0.8427130426406726,1.1739626120982487,0.9344987273216248,0.5093265175819397,0.4010435715317726,0.35392777992242785
00153,/Users/nikko/Downloads/moi-main/project_root/data/temp_frames/video15/frame_00153.png,"[750, 235, 1552, 1110]",RIGHT_WRIST,-0.3083635570759857,1.366378383765137,0.9991214871406555,0.5093265175819397,0.4010435715317726,0.35392777992242785
00153,/Users/nikko/Downloads/moi-main/project_root/data/temp_frames/video15/frame_00153.png,"[750, 235, 1552, 1110]",RIGHT_KNEE,-0.9648943631041844,0.38299897909469316,0.8652634620666504,0.5093265175819397,0.4010435715317726,0.35392777992242785
00153,/Users/nikko/Downloads/moi-main/project_root/data/temp_frames/video15/frame_00153.png,"[750, 235, 1552, 1110]",RIGHT_ANKLE,-1.2489878168866582,0.5675673937860776,0.9394477605819702,0.5093265175819397,0.4010435715317726,0.35392777992242785
00153,/Users/nikko/Downloads/moi-main/project_root/data/temp_frames/video15/frame_00153.png,"[750, 235, 1552, 1110]",LEFT_EYE,1.0547821516263005,-0.4035176442667147,0.9938487410545349,0.5093265175819397,0.4010435715317726,0.35392777992242785
00153,/Users/nikko/Downloads/moi-main/project_root/data/temp_frames/video15/frame_00153.png,"[750, 235, 1552, 1110]",RIGHT_EYE,0.9341647197975457,-0.4304891551917225,0.9970716238021851,0.5093265175819397,0.4010435715317726,0.35392777992242785
00154,/Users/nikko/Downloads/moi-main/project_root/data/temp_frames/video15/frame_00154.png,"[751, 234, 1553, 1109]",LEFT_SHOULDER,0.8307451107187326,-0.15870165781510004,0.9999545812606812,0.5090717002749443,0.3993476778268814,0.358804288714585
00154,/Users/nikko/Downloads/moi-main/project_root/data/temp_frames/video15/frame_00154.png,"[751, 234, 1553, 1109]",RIGHT_SHOULDER,0.0007447376787662436,-0.23594423433766587,0.9996102452278137,0.5090717002749443,0.3993476778268814,0.358804288714585
00154,/Users/nikko/Downloads/moi-main/project_root/data/temp_frames/video15/frame_00154.png,"[751, 234, 1553, 1109]",LEFT_HIP,-0.24095493907974558,0.2557630401990969,0.9997751116752625,0.5090717002749443,0.3993476778268814,0.358804288714585
00154,/Users/nikko/Downloads/moi-main/project_root/data/temp_frames/video15/frame_00154.png,"[751, 234, 1553, 1109]",RIGHT_HIP,-0.5905349093177532,0.13888285195366903,0.999830961227417,0.5090717002749443,0.3993476778268814,0.358804288714585
00154,/Users/nikko/Downloads/moi-main/project_root/data/temp_frames/video15/frame_00154.png,"[751, 234, 1553, 1109]",LEFT_ELBOW,0.8246332158513873,0.49460943618348596,0.891916811466217,0.5090717002749443,0.3993476778268814,0.358804288714585
00154,/Users/nikko/Downloads/moi-main/project_root/data/temp_frames/video15/frame_00154.png,"[751, 234, 1553, 1109]",RIGHT_ELBOW,-0.23945155115439562,0.5742725503259716,0.9977268576622009,0.5090717002749443,0.3993476778268814,0.358804288714585
00154,/Users/nikko/Downloads/moi-main/project_root/data/temp_frames/video15/frame_00154.png,"[751, 234, 1553, 1109]",LEFT_WRIST,0.8342261597768219,1.1734714801045112,0.9415862560272217,0.5090717002749443,0.3993476778268814,0.358804288714585
00154,/Users/nikko/Downloads/moi-main/project_root/data/temp_frames/video15/frame_00154.png,"[751, 234, 1553, 1109]",RIGHT_WRIST,-0.31098632022712036,1.3584948440991382,0.9992227554321289,0.5090717002749443,0.3993476778268814,0.358804288714585
00154,/Users/nikko/Downloads/moi-main/project_root/data/temp_frames/video15/frame_00154.png,"[751, 234, 1553, 1109]",RIGHT_KNEE,-0.9611504744455022,0.37623599334568564,0.9181106686592102,0.5090717002749443,0.3993476778268814,0.358804288714585
00154,/Users/nikko/Downloads/moi-main/project_root/data/temp_frames/video15/frame_00154.png,"[751, 234, 1553, 1109]",RIGHT_ANKLE,-1.2409289116154956,0.5740668935025922,0.9638662338256836,0.5090717002749443,0.3993476778268814,0.358804288714585
00154,/Users/nikko/Downloads/moi-main/project_root/data/temp_frames/video15/frame_00154.png,"[751, 234, 1553, 1109]",LEFT_EYE,1.0416380432038455,-0.39463372384718226,0.9934198260307312,0.5090717002749443,0.3993476778268814,0.358804288714585
00154,/Users/nikko/Downloads/moi-main/project_root/data/temp_frames/video15/frame_00154.png,"[751, 234, 1553, 1109]",RIGHT_EYE,0.9212392627322477,-0.41748152413776796,0.9968619346618652,0.5090717002749443,0.3993476778268814,0.358804288714585
00155,/Users/nikko/Downloads/moi-main/project_root/data/temp_frames/video15/frame_00155.png,"[751, 233, 1554, 1109]",LEFT_SHOULDER,0.8335640326901659,-0.1545139040426651,0.999964714050293,0.5104960799217224,0.39973655343055725,0.35692273614902836
00155,/Users/nikko/Downloads/moi-main/project_root/data/temp_frames/video15/frame_00155.png,"[751, 233, 1554, 1109]",RIGHT_SHOULDER,-0.0017798426372896184,-0.23769232304795274,0.9996726512908936,0.5104960799217224,0.39973655343055725,0.35692273614902836
00155,/Users/nikko/Downloads/moi-main/project_root/data/temp_frames/video15/frame_00155.png,"[751, 233, 1554, 1109]",LEFT_HIP,-0.24064823453240994,0.2524166883148978,0.9997959733009338,0.5104960799217224,0.39973655343055725,0.35692273614902836
00155,/Users/nikko/Downloads/moi-main/project_root/data/temp_frames/video15/frame_00155.png,"[751, 233, 1554, 1109]",RIGHT_HIP,-0.5911359555204664,0.13978953877572006,0.9998373985290527,0.5104960799217224,0.39973655343055725,0.35692273614902836
00155,/Users/nikko/Downloads/moi-main/project_root/data/temp_frames/video15/frame_00155.png,"[751, 233, 1554, 1109]",LEFT_ELBOW,0.8286267979771365,0.5008891832230752,0.8903858065605164,0.5104960799217224,0.39973655343055725,0.35692273614902836
00155,/Users/nikko/Downloads/moi-main/project_root/data/temp_frames/video15/frame_00155.png,"[751, 233, 1554, 1109]",RIGHT_ELBOW,-0.24891286317938527,0.5739367105495776,0.9981052875518799,0.5104960799217224,0.39973655343055725,0.35692273614902836
00155,/Users/nikko/Downloads/moi-main/project_root/data/temp_frames/video15/frame_00155.png,"[751, 233, 1554, 1109]",LEFT_WRIST,0.8247508224084095,1.1689604148519375,0.9430208206176758,0.5104960799217224,0.39973655343055725,0.35692273614902836
00155,/Users/nikko/Downloads/moi-main/project_root/data/temp_frames/video15/frame_00155.png,"[751, 233, 1554, 1109]",RIGHT_WRIST,-0.3103648610104061,1.3674033501416378,0.9992204904556274,0.5104960799217224,0.39973655343055725,0.35692273614902836
00155,/Users/nikko/Downloads/moi-main/project_root/data/temp_frames/video15/frame_00155.png,"[751, 233, 1554, 1109]",RIGHT_KNEE,-0.9538934103282113,0.38597627687230984,0.9032312035560608,0.5104960799217224,0.39973655343055725,0.35692273614902836
00155,/Users/nikko/Downloads/moi-main/project_root/data/temp_frames/video15/frame_00155.png,"[751, 233, 1554, 1109]",RIGHT_ANKLE,-1.2397269238764068,0.5785312696112918,0.9491238594055176,0.5104960799217224,0.39973655343055725,0.35692273614902836
00155,/Users/nikko/Downloads/moi-main/project_root/data/temp_frames/video15/frame_00155.png,"[751, 233, 1554, 1109]",LEFT_EYE,1.0561323692072373,-0.40811200507453654,0.9959373474121094,0.5104960799217224,0.39973655343055725,0.35692273614902836
00155,/Users/nikko/Downloads/moi-main/project_root/data/temp_frames/video15/frame_00155.png,"[751, 233, 1554, 1109]",RIGHT_EYE,0.9250340501853564,-0.4310561188318824,0.9979704022407532,0.5104960799217224,0.39973655343055725,0.35692273614902836
00156,/Users/nikko/Downloads/moi-main/project_root/data/temp_frames/video15/frame_00156.png,"[751, 231, 1556, 1109]",LEFT_SHOULDER,0.8322960167500244,-0.1412055751107662,0.9999630451202393,0.5132854282855988,0.396976113319397,0.3561350884596094
00156,/Users/nikko/Downloads/moi-main/project_root/data/temp_frames/video15/frame_00156.png,"[751, 231, 1556, 1109]",RIGHT_SHOULDER,-0.0016472926572308737,-0.24373713707284533,0.9996998310089111,0.5132854282855988,0.396976113319397,0.3561350884596094
00156,/Users/nikko/Downloads/moi-main/project_root/data/temp_frames/video15/frame_00156.png,"[751, 231, 1556, 1109]",LEFT_HIP,-0.23772253141138677,0.25140062536158747,0.9998024106025696,0.5132854282855988,0.396976113319397,0.3561350884596094
00156,/Users/nikko/Downloads/moi-main/project_root/data/temp_frames/video15/frame_00156.png,"[751, 231, 1556, 1109]",RIGHT_HIP,-0.5929261926814067,0.13354208682202406,0.9998509883880615,0.5132854282855988,0.396976113319397,0.3561350884596094
00156,/Users/nikko/Downloads/moi-main/project_root/data/temp_frames/video15/frame_00156.png,"[751, 231, 1556, 1109]",LEFT_ELBOW,0.8179139844796496,0.5090093306352567,0.8858113884925842,0.5132854282855988,0.396976113319397,0.3561350884596094
00156,/Users/nikko/Downloads/moi-main/project_root/data/temp_frames/video15/frame_00156.png,"[751, 231, 1556, 1109]",RIGHT_ELBOW,-0.25879055511863097,0.5658760321748327,0.9982813596725464,0.5132854282855988,0.396976113319397,0.3561350884596094
00156,/Users/nikko/Downloads/moi-main/project_root/data/temp_frames/video15/frame_00156.png,"[751, 231, 1556, 1109]",LEFT_WRIST,0.8125772081564471,1.1824993895695735,0.940444827079773,0.5132854282855988,0.396976113319397,0.3561350884596094
00156,/Users/nikko/Downloads/moi-main/project_root/data/temp_frames/video15/frame_00156.png,"[751, 231, 1556, 1109]",RIGHT_WRIST,-0.32694336618807307,1.3712668267409818,0.9994329810142517,0.5132854282855988,0.396976113319397,0.3561350884596094
00156,/Users/nikko/Downloads/moi-main/project_root/data/temp_frames/video15/frame_00156.png,"[751, 231, 1556, 1109]",RIGHT_KNEE,-0.9677341428598923,0.3891962168051197,0.9197167754173279,0.5132854282855988,0.396976113319397,0.3561350884596094
00156,/Users/nikko/Downloads/moi-main/project_root/data/temp_frames/video15/frame_00156.png,"[751, 231, 1556, 1109]",RIGHT_ANKLE,-1.2392265712370252,0.5768972024843385,0.9636972546577454,0.5132854282855988,0.396976113319397,0.3561350884596094
00156,/Users/nikko/Downloads/moi-main/project_root/data/temp_frames/video15/frame_00156.png,"[751, 231, 1556, 1109]",LEFT_EYE,1.0580988774068616,-0.4012083568706289,0.995465099811554,0.5132854282855988,0.396976113319397,0.3561350884596094
00156,/Users/nikko/Downloads/moi-main/project_root/data/temp_frames/video15/frame_00156.png,"[751, 231, 1556, 1109]",RIGHT_EYE,0.9371644162763998,-0.4347515785005724,0.9978785514831543,0.5132854282855988,0.396976113319397,0.3561350884596094
00157,/Users/nikko/Downloads/moi-main/project_root/data/temp_frames/video15/frame_00157.png,"[753, 229, 1556, 1110]",LEFT_SHOULDER,0.8294256781163842,-0.13697507238809442,0.9999583959579468,0.5104206949472427,0.3987712785601616,0.36269537723162015
00157,/Users/nikko/Downloads/moi-main/project_root/data/temp_frames/video15/frame_00157.png,"[753, 229, 1556, 1110]",RIGHT_SHOULDER,-0.0009696354776295134,-0.24712198147487394,0.9997053742408752,0.5104206949472427,0.3987712785601616,0.36269537723162015
00157,/Users/nikko/Downloads/moi-main/project_root/data/temp_frames/video15/frame_00157.png,"[753, 229, 1556, 1110]",LEFT_HIP,-0.23406374302071742,0.25215610734705823,0.9997679591178894,0.5104206949472427,0.3987712785601616,0.36269537723162015
00157,/Users/nikko/Downloads/moi-main/project_root/data/temp_frames/video15/frame_00157.png,"[753, 229, 1556, 1110]",RIGHT_HIP,-0.5943922996180373,0.13194094651591012,0.9998338222503662,0.5104206949472427,0.3987712785601616,0.36269537723162015
00157,/Users/nikko/Downloads/moi-main/project_root/data/temp_frames/video15/frame_00157.png,"[753, 229, 1556, 1110]",LEFT_ELBOW,0.8112278703997915,0.5012029185725648,0.8702025413513184,0.5104206949472427,0.3987712785601616,0.36269537723162015
00157,/Users/nikko/Downloads/moi-main/project_root/data/temp_frames/video15/frame_00157.png,"[753, 229, 1556, 1110]",RIGHT_ELBOW,-0.24491744839253068,0.5474984214355847,0.9978994131088257,0.5104206949472427,0.3987712785601616,0.36269537723162015
00157,/Users/nikko/Downloads/moi-main/project_root/data/temp_frames/video15/frame_00157.png,"[753, 229, 1556, 1110]",LEFT_WRIST,0.816965897150677,1.155497869079359,0.9361365437507629,0.5104206949472427,0.3987712785601616,0.36269537723162015
00157,/Users/nikko/Downloads/moi-main/project_root/data/temp_frames/video15/frame_00157.png,"[753, 229, 1556, 1110]",RIGHT_WRIST,-0.3143297249678903,1.3422729734207464,0.999452531337738,0.5104206949472427,0.3987712785601616,0.36269537723162015
00157,/Users/nikko/Downloads/moi-main/project_root/data/temp_frames/video15/frame_00157.png,"[753, 229, 1556, 1110]",RIGHT_KNEE,-0.9384548831580424,0.38611551520775034,0.8992969989776611,0.5104206949472427,0.3987712785601616,0.36269537723162015
00157,/Users/nikko/Downloads/moi-main/project_root/data/temp_frames/video15/frame_00157.png,"[753, 229, 1556, 1110]",RIGHT_ANKLE,-1.2144858555624352,0.5551501645776393,0.9557834267616272,0.5104206949472427,0.3987712785601616,0.36269537723162015
00157,/Users/nikko/Downloads/moi-main/project_root/data/temp_frames/video15/frame_00157.png,"[753, 229, 1556, 1110]",LEFT_EYE,1.0386330882637809,-0.39773811715021046,0.9950013756752014,0.5104206949472427,0.3987712785601616,0.36269537723162015
00157,/Users/nikko/Downloads/moi-main/project_root/data/temp_frames/video15/frame_00157.png,"[753, 229, 1556, 1110]",RIGHT_EYE,0.9171272986925686,-0.42940371424078305,0.9977643489837646,0.5104206949472427,0.3987712785601616,0.36269537723162015
00158,/Users/nikko/Downloads/moi-main/project_root/data/temp_frames/video15/frame_00158.png,"[755, 228, 1557, 1110]",LEFT_SHOULDER,0.8288780744500158,-0.14663536719141462,0.999947190284729,0.5056082904338837,0.4039752781391144,0.36906537802146605
00158,/Users/nikko/Downloads/moi-main/project_root/data/temp_frames/video15/frame_00158.png,"[755, 228, 1557, 1110]",RIGHT_SHOULDER,0.0061490922276882165,-0.2388363817588774,0.9995670914649963,0.5056082904338837,0.4039752781391144,0.36906537802146605
00158,/Users/nikko/Downloads/moi-main/project_root/data/temp_frames/video15/frame_00158.png,"[755, 228, 1557, 1110]",LEFT_HIP,-0.24227095528867112,0.2533045823068442,0.9996320009231567,0.5056082904338837,0.4039752781391144,0.36906537802146605
00158,/Users/nikko/Downloads/moi-main/project_root/data/temp_frames/video15/frame_00158.png,"[755, 228, 1557, 1110]",RIGHT_HIP,-0.5927562113890329,0.1321671666434478,0.9997327923774719,0.5056082904338837,0.4039752781391144,0.36906537802146605
00158,/Users/nikko/Downloads/moi-main/project_root/data/temp_frames/video15/frame_00158.png,"[755, 228, 1557, 1110]",LEFT_ELBOW,0.8115336113633679,0.48760293093315754,0.8704536557197571,0.5056082904338837,0.4039752781391144,0.36906537802146605
00158,/Users/nikko/Downloads/moi-main/project_root/data/temp_frames/video15/frame_00158.png,"[755, 228, 1557, 1110]",RIGHT_ELBOW,-0.22646560233951335,0.5386589125800803,0.9960871934890747,0.5056082904338837,0.4039752781391144,0.36906537802146605
00158,/Users/nikko/Downloads/moi-main/project_root/data/temp_frames/video15/frame_00158.png,"[755, 228, 1557, 1110]",LEFT_WRIST,0.8071152509078112,1.1288932766661846,0.9341354370117188,0.5056082904338837,0.4039752781391144,0.36906537802146605
00158,/Users/nikko/Downloads/moi-main/project_root/data/temp_frames/video15/frame_00158.png,"[755, 228, 1557, 1110]",RIGHT_WRIST,-0.2990281852586378,1.3135944067428345,0.9991768002510071,0.5056082904338837,0.4039752781391144,0.36906537802146605
00158,/Users/nikko/Downloads/moi-main/project_root/data/temp_frames/video15/frame_00158.png,"[755, 228, 1557, 1110]",RIGHT_KNEE,-0.9264964982989025,0.3820408092062374,0.8818270564079285,0.5056082904338837,0.4039752781391144,0.36906537802146605
00158,/Users/nikko/Downloads/moi-main/project_root/data/temp_frames/video15/frame_00158.png,"[755, 228, 1557, 1110]",RIGHT_ANKLE,-1.1797804689655267,0.5330596525101134,0.9598060846328735,0.5056082904338837,0.4039752781391144,0.36906537802146605
00158,/Users/nikko/Downloads/moi-main/project_root/data/temp_frames/video15/frame_00158.png,"[755, 228, 1557, 1110]",LEFT_EYE,1.0290788349689746,-0.38445218942269754,0.992683470249176,0.5056082904338837,0.4039752781391144,0.36906537802146605
00158,/Users/nikko/Downloads/moi-main/project_root/data/temp_frames/video15/frame_00158.png,"[755, 228, 1557, 1110]",RIGHT_EYE,0.9215149010537869,-0.4123697577481845,0.9966807961463928,0.5056082904338837,0.4039752781391144,0.36906537802146605
00159,/Users/nikko/Downloads/moi-main/project_root/data/temp_frames/video15/frame_00159.png,"[756, 229, 1557, 1110]",LEFT_SHOULDER,0.8246641223046455,-0.1433663234364313,0.999951958656311,0.5096837431192398,0.4038870856165886,0.36980850445019964
00159,/Users/nikko/Downloads/moi-main/project_root/data/temp_frames/video15/frame_00159.png,"[756, 229, 1557, 1110]",RIGHT_SHOULDER,0.00614854190849634,-0.2434844314372389,0.9996129870414734,0.5096837431192398,0.4038870856165886,0.36980850445019964
00159,/Users/nikko/Downloads/moi-main/project_root/data/temp_frames/video15/frame_00159.png,"[756, 229, 1557, 1110]",LEFT_HIP,-0.23928349259102158,0.2573788201398061,0.999680757522583,0.5096837431192398,0.4038870856165886,0.36980850445019964
00159,/Users/nikko/Downloads/moi-main/project_root/data/temp_frames/video15/frame_00159.png,"[756, 229, 1557, 1110]",RIGHT_HIP,-0.5915291716221203,0.1294719347338641,0.9997630715370178,0.5096837431192398,0.4038870856165886,0.36980850445019964
00159,/Users/nikko/Downloads/moi-main/project_root/data/temp_frames/video15/frame_00159.png,"[756, 229, 1557, 1110]",LEFT_ELBOW,0.8048507884050171,0.48369783503326264,0.857153058052063,0.5096837431192398,0.4038870856165886,0.36980850445019964
00159,/Users/nikko/Downloads/moi-main/project_root/data/temp_frames/video15/frame_00159.png,"[756, 229, 1557, 1110]",RIGHT_ELBOW,-0.2425990657401504,0.5350997759417047,0.9961714148521423,0.5096837431192398,0.4038870856165886,0.36980850445019964
00159,/Users/nikko/Downloads/moi-main/project_root/data/temp_frames/video15/frame_00159.png,"[756, 229, 1557, 1110]",LEFT_WRIST,0.8083978118016861,1.1307589080655014,0.9281013607978821,0.5096837431192398,0.4038870856165886,0.36980850445019964
00159,/Users/nikko/Downloads/moi-main/project_root/data/temp_frames/video15/frame_00159.png,"[756, 229, 1557, 1110]",RIGHT_WRIST,-0.30833141957271815,1.3051476436720781,0.9990990161895752,0.5096837431192398,0.4038870856165886,0.36980850445019964
00159,/Users/nikko/Downloads/moi-main/project_root/data/temp_frames/video15/frame_00159.png,"[756, 229, 1557, 1110]",RIGHT_KNEE,-0.9300263271832588,0.37896321330322835,0.8607134819030762,0.5096837431192398,0.4038870856165886,0.36980850445019964
00159,/Users/nikko/Downloads/moi-main/project_root/data/temp_frames/video15/frame_00159.png,"[756, 229, 1557, 1110]",RIGHT_ANKLE,-1.1892902942774597,0.536027349879444,0.9504020810127258,0.5096837431192398,0.4038870856165886,0.36980850445019964
00159,/Users/nikko/Downloads/moi-main/project_root/data/temp_frames/video15/frame_00159.png,"[756, 229, 1557, 1110]",LEFT_EYE,1.0187764161925497,-0.3962273306445995,0.9912225008010864,0.5096837431192398,0.4038870856165886,0.36980850445019964
00159,/Users/nikko/Downloads/moi-main/project_root/data/temp_frames/video15/frame_00159.png,"[756, 229, 1557, 1110]",RIGHT_EYE,0.9054578269949007,-0.41880062009876545,0.9959563612937927,0.5096837431192398,0.4038870856165886,0.36980850445019964
00160,/Users/nikko/Downloads/moi-main/project_root/data/temp_frames/video15/frame_00160.png,"[759, 229, 1559, 1110]",LEFT_SHOULDER,0.8330986774162075,-0.13876726738247044,0.9999445676803589,0.5060548707842827,0.4035849943757057,0.3650847256566392
00160,/Users/nikko/Downloads/moi-main/project_root/data/temp_frames/video15/frame_00160.png,"[759, 229, 1559, 1110]",RIGHT_SHOULDER,0.006733455667394963,-0.23866881518701927,0.99960857629776,0.5060548707842827,0.4035849943757057,0.3650847256566392
00160,/Users/nikko/Downloads/moi-main/project_root/data/temp_frames/video15/frame_00160.png,"[759, 229, 1559, 1110]",LEFT_HIP,-0.2473540944416343,0.24858093049279772,0.9996857643127441,0.5060548707842827,0.4035849943757057,0.3650847256566392
00160,/Users/nikko/Downloads/moi-main/project_root/data/temp_frames/video15/frame_00160.png,"[759, 229, 1559, 1110]",RIGHT_HIP,-0.5924780386419681,0.128855152076692,0.999775230884552,0.5060548707842827,0.4035849943757057,0.3650847256566392
00160,/Users/nikko/Downloads/moi-main/project_root/data/temp_frames/video15/frame_00160.png,"[759, 229, 1559, 1110]",LEFT_ELBOW,0.8235306786433773,0.4879885697126913,0.8488026261329651,0.5060548707842827,0.4035849943757057,0.3650847256566392
00160,/Users/nikko/Downloads/moi-main/project_root/data/temp_frames/video15/frame_00160.png,"[759, 229, 1559, 1110]",RIGHT_ELBOW,-0.24412312958003018,0.5495352667075128,0.9959719777107239,0.5060548707842827,0.4035849943757057,0.3650847256566392
00160,/Users/nikko/Downloads/moi-main/project_root/data/temp_frames/video15/frame_00160.png,"[759, 229, 1559, 1110]",LEFT_WRIST,0.8184879898267847,1.1234419715655422,0.9262772798538208,0.5060548707842827,0.4035849943757057,0.3650847256566392
00160,/Users/nikko/Downloads/moi-main/project_root/data/temp_frames/video15/frame_00160.png,"[759, 229, 1559, 1110]",RIGHT_WRIST,-0.3151377454355969,1.332197076537524,0.9991720914840698,0.5060548707842827,0.4035849943757057,0.3650847256566392
00160,/Users/nikko/Downloads/moi-main/project_root/data/temp_frames/video15/frame_00160.png,"[759, 229, 1559, 1110]",RIGHT_KNEE,-0.9173146173357903,0.3888826816985935,0.8701191544532776,0.5060548707842827,0.4035849943757057,0.3650847256566392
00160,/Users/nikko/Downloads/moi-main/project_root/data/temp_frames/video15/frame_00160.png,"[759, 229, 1559, 1110]",RIGHT_ANKLE,-1.1795790472765424,0.5169828467549783,0.9570223093032837,0.5060548707842827,0.4035849943757057,0.3650847256566392
00160,/Users/nikko/Downloads/moi-main/project_root/data/temp_frames/video15/frame_00160.png,"[759, 229, 1559, 1110]",LEFT_EYE,1.045929957208789,-0.3934038692767233,0.9927765130996704,0.5060548707842827,0.4035849943757057,0.3650847256566392
00160,/Users/nikko/Downloads/moi-main/project_root/data/temp_frames/video15/frame_00160.png,"[759, 229, 1559, 1110]",RIGHT_EYE,0.9351199438807177,-0.4181418929616571,0.9967858791351318,0.5060548707842827,0.4035849943757057,0.3650847256566392
00161,/Users/nikko/Downloads/moi-main/project_root/data/temp_frames/video15/frame_00161.png,"[759, 230, 1559, 1110]",LEFT_SHOULDER,0.8279231011340412,-0.14245923311864275,0.9999481439590454,0.5060575157403946,0.40308308601379395,0.36640778188191536
00161,/Users/nikko/Downloads/moi-main/project_root/data/temp_frames/video15/frame_00161.png,"[759, 230, 1559, 1110]",RIGHT_SHOULDER,0.008490838053591703,-0.2392569748811325,0.9996044039726257,0.5060575157403946,0.40308308601379395,0.36640778188191536
00161,/Users/nikko/Downloads/moi-main/project_root/data/temp_frames/video15/frame_00161.png,"[759, 230, 1559, 1110]",LEFT_HIP,-0.2412559410941297,0.2520408748097394,0.9996920824050903,0.5060575157403946,0.40308308601379395,0.36640778188191536
00161,/Users/nikko/Downloads/moi-main/project_root/data/temp_frames/video15/frame_00161.png,"[759, 230, 1559, 1110]",RIGHT_HIP,-0.5951579980935032,0.12967533319003582,0.999774158000946,0.5060575157403946,0.40308308601379395,0.36640778188191536
00161,/Users/nikko/Downloads/moi-main/project_root/data/temp_frames/video15/frame_00161.png,"[759, 230, 1559, 1110]",LEFT_ELBOW,0.8182443843321445,0.4913551919153613,0.8675548434257507,0.5060575157403946,0.40308308601379395,0.36640778188191536
00161,/Users/nikko/Downloads/moi-main/project_root/data/temp_frames/video15/frame_00161.png,"[759, 230, 1559, 1110]",RIGHT_ELBOW,-0.24118924517344703,0.542114366360375,0.9969053864479065,0.5060575157403946,0.40308308601379395,0.36640778188191536
00161,/Users/nikko/Downloads/moi-main/project_root/data/temp_frames/video15/frame_00161.png,"[759, 230, 1559, 1110]",LEFT_WRIST,0.8104489325881583,1.1462531735150217,0.9327713847160339,0.5060575157403946,0.40308308601379395,0.36640778188191536
00161,/Users/nikko/Downloads/moi-main/project_root/data/temp_frames/video15/frame_00161.png,"[759, 230, 1559, 1110]",RIGHT_WRIST,-0.3119718363912172,1.3220140051764773,0.9992867112159729,0.5060575157403946,0.40308308601379395,0.36640778188191536
00161,/Users/nikko/Downloads/moi-main/project_root/data/temp_frames/video15/frame_00161.png,"[759, 230, 1559, 1110]",RIGHT_KNEE,-0.9243012279516506,0.3870279687267296,0.8838034272193909,0.5060575157403946,0.40308308601379395,0.36640778188191536
00161,/Users/nikko/Downloads/moi-main/project_root/data/temp_frames/video15/frame_00161.png,"[759, 230, 1559, 1110]",RIGHT_ANKLE,-1.1993985978636796,0.5304767415661351,0.9554573893547058,0.5060575157403946,0.40308308601379395,0.36640778188191536
00161,/Users/nikko/Downloads/moi-main/project_root/data/temp_frames/video15/frame_00161.png,"[759, 230, 1559, 1110]",LEFT_EYE,1.0417370463315296,-0.3960324873743109,0.9912472367286682,0.5060575157403946,0.40308308601379395,0.36640778188191536
00161,/Users/nikko/Downloads/moi-main/project_root/data/temp_frames/video15/frame_00161.png,"[759, 230, 1559, 1110]",RIGHT_EYE,0.9327367165247246,-0.42032716784312774,0.99604731798172,0.5060575157403946,0.40308308601379395,0.36640778188191536
00162,/Users/nikko/Downloads/moi-main/project_root/data/temp_frames/video15/frame_00162.png,"[762, 230, 1562, 1110]",LEFT_SHOULDER,0.834331839105337,-0.13770199829414573,0.9999392032623291,0.5007832944393158,0.40437549352645874,0.3729727082033094
00162,/Users/nikko/Downloads/moi-main/project_root/data/temp_frames/video15/frame_00162.png,"[762, 230, 1562, 1110]",RIGHT_SHOULDER,0.005917512301898685,-0.2375710552439016,0.9995680451393127,0.5007832944393158,0.40437549352645874,0.3729727082033094
00162,/Users/nikko/Downloads/moi-main/project_root/data/temp_frames/video15/frame_00162.png,"[762, 230, 1562, 1110]",LEFT_HIP,-0.2513378591178652,0.2519733422637799,0.9996329545974731,0.5007832944393158,0.40437549352645874,0.3729727082033094
00162,/Users/nikko/Downloads/moi-main/project_root/data/temp_frames/video15/frame_00162.png,"[762, 230, 1562, 1110]",RIGHT_HIP,-0.5889114922893705,0.12329971127426746,0.9997406601905823,0.5007832944393158,0.40437549352645874,0.3729727082033094
00162,/Users/nikko/Downloads/moi-main/project_root/data/temp_frames/video15/frame_00162.png,"[762, 230, 1562, 1110]",LEFT_ELBOW,0.8078659197511872,0.48577952143751174,0.8421251177787781,0.5007832944393158,0.40437549352645874,0.3729727082033094
00162,/Users/nikko/Downloads/moi-main/project_root/data/temp_frames/video15/frame_00162.png,"[762, 230, 1562, 1110]",RIGHT_ELBOW,-0.2498821528495045,0.543107244691184,0.9957523345947266,0.5007832944393158,0.40437549352645874,0.3729727082033094
00162,/Users/nikko/Downloads/moi-main/project_root/data/temp_frames/video15/frame_00162.png,"[762, 230, 1562, 1110]",LEFT_WRIST,0.8204387855934323,1.085864346399167,0.9303533434867859,0.5007832944393158,0.40437549352645874,0.3729727082033094
00162,/Users/nikko/Downloads/moi-main/project_root/data/temp_frames/video15/frame_00162.png,"[762, 230, 1562, 1110]",RIGHT_WRIST,-0.2932513805321116,1.2942977043497828,0.999115526676178,0.5007832944393158,0.40437549352645874,0.3729727082033094
00162,/Users/nikko/Downloads/moi-main/project_root/data/temp_frames/video15/frame_00162.png,"[762, 230, 1562, 1110]",RIGHT_KNEE,-0.8706934527862918,0.3930935894575964,0.8506676554679871,0.5007832944393158,0.40437549352645874,0.3729727082033094
00162,/Users/nikko/Downloads/moi-main/project_root/data/temp_frames/video15/frame_00162.png,"[762, 230, 1562, 1110]",RIGHT_ANKLE,-1.1295071282814522,0.514337828778449,0.9514718651771545,0.5007832944393158,0.40437549352645874,0.3729727082033094
00162,/Users/nikko/Downloads/moi-main/project_root/data/temp_frames/video15/frame_00162.png,"[762, 230, 1562, 1110]",LEFT_EYE,1.0317631004432297,-0.38022068096315587,0.9935065507888794,0.5007832944393158,0.40437549352645874,0.3729727082033094
00162,/Users/nikko/Downloads/moi-main/project_root/data/temp_frames/video15/frame_00162.png,"[762, 230, 1562, 1110]",RIGHT_EYE,0.9294072452453719,-0.4033319556656103,0.9970719814300537,0.5007832944393158,0.40437549352645874,0.3729727082033094
00163,/Users/nikko/Downloads/moi-main/project_root/data/temp_frames/video15/frame_00163.png,"[766, 233, 1570, 1111]",LEFT_SHOULDER,0.8227692430492246,-0.1445526813742467,0.999954104423523,0.499604694545269,0.4020756110548973,0.3692767574389094
00163,/Users/nikko/Downloads/moi-main/project_root/data/temp_frames/video15/frame_00163.png,"[766, 233, 1570, 1111]",RIGHT_SHOULDER,0.006343722295954521,-0.24632905478896225,0.9995836615562439,0.499604694545269,0.4020756110548973,0.3692767574389094
00163,/Users/nikko/Downloads/moi-main/project_root/data/temp_frames/video15/frame_00163.png,"[766, 233, 1570, 1111]",LEFT_HIP,-0.23719442718562136,0.25561294549686003,0.9997482895851135,0.499604694545269,0.4020756110548973,0.3692767574389094
00163,/Users/nikko/Downloads/moi-main/project_root/data/temp_frames/video15/frame_00163.png,"[766, 233, 1570, 1111]",RIGHT_HIP,-0.5919185381595577,0.1352687906663489,0.9998026490211487,0.499604694545269,0.4020756110548973,0.3692767574389094
00163,/Users/nikko/Downloads/moi-main/project_root/data/temp_frames/video15/frame_00163.png,"[766, 233, 1570, 1111]",LEFT_ELBOW,0.7990411306420941,0.48585630813546277,0.8371755480766296,0.499604694545269,0.4020756110548973,0.3692767574389094
00163,/Users/nikko/Downloads/moi-main/project_root/data/temp_frames/video15/frame_00163.png,"[766, 233, 1570, 1111]",RIGHT_ELBOW,-0.2626141074064922,0.5444536376038859,0.9958009123802185,0.499604694545269,0.4020756110548973,0.3692767574389094
00163,/Users/nikko/Downloads/moi-main/project_root/data/temp_frames/video15/frame_00163.png,"[766, 233, 1570, 1111]",LEFT_WRIST,0.819635645956099,1.1383952174275174,0.9210267066955566,0.499604694545269,0.4020756110548973,0.3692767574389094
00163,/Users/nikko/Downloads/moi-main/project_root/data/temp_frames/video15/frame_00163.png,"[766, 233, 1570, 1111]",RIGHT_WRIST,-0.3113381203307744,1.3063464339159858,0.9986096620559692,0.499604694545269,0.4020756110548973,0.3692767574389094
00163,/Users/nikko/Downloads/moi-main/project_root/data/temp_frames/video15/frame_00163.png,"[766, 233, 1570, 1111]",RIGHT_KNEE,-0.9088400226681018,0.36832188295358587,0.838468074798584,0.499604694545269,0.4020756110548973,0.3692767574389094
00163,/Users/nikko/Downloads/moi-main/project_root/data/temp_frames/video15/frame_00163.png,"[766, 233, 1570, 1111]",RIGHT_ANKLE,-1.184091245278247,0.5378332802137734,0.939577579498291,0.499604694545269,0.4020756110548973,0.3692767574389094
00163,/Users/nikko/Downloads/moi-main/project_root/data/temp_frames/video15/frame_00163.png,"[766, 233, 1570, 1111]",LEFT_EYE,1.0377418481219716,-0.3932452704134549,0.9931835532188416,0.499604694545269,0.4020756110548973,0.3692767574389094
00163,/Users/nikko/Downloads/moi-main/project_root/data/temp_frames/video15/frame_00163.png,"[766, 233, 1570, 1111]",RIGHT_EYE,0.9330478430468387,-0.4129910964560239,0.9967226386070251,0.499604694545269,0.4020756110548973,0.3692767574389094
00164,/Users/nikko/Downloads/moi-main/project_root/data/temp_frames/video15/frame_00164.png,"[769, 236, 1576, 1111]",LEFT_SHOULDER,0.819718995214166,-0.14748413968439814,0.9999595880508423,0.4991658255457878,0.4006043151021004,0.36349047922968347
00164,/Users/nikko/Downloads/moi-main/project_root/data/temp_frames/video15/frame_00164.png,"[769, 236, 1576, 1111]",RIGHT_SHOULDER,0.011205331306871619,-0.24764093132527637,0.9996260404586792,0.4991658255457878,0.4006043151021004,0.36349047922968347
00164,/Users/nikko/Downloads/moi-main/project_root/data/temp_frames/video15/frame_00164.png,"[769, 236, 1576, 1111]",LEFT_HIP,-0.24311713185083886,0.25510281661980555,0.9997897744178772,0.4991658255457878,0.4006043151021004,0.36349047922968347
00164,/Users/nikko/Downloads/moi-main/project_root/data/temp_frames/video15/frame_00164.png,"[769, 236, 1576, 1111]",RIGHT_HIP,-0.5878071946701987,0.14002225438986893,0.9998314380645752,0.4991658255457878,0.4006043151021004,0.36349047922968347
00164,/Users/nikko/Downloads/moi-main/project_root/data/temp_frames/video15/frame_00164.png,"[769, 236, 1576, 1111]",LEFT_ELBOW,0.7911478631346173,0.49076468381041055,0.86637282371521,0.4991658255457878,0.4006043151021004,0.36349047922968347
00164,/Users/nikko/Downloads/moi-main/project_root/data/temp_frames/video15/frame_00164.png,"[769, 236, 1576, 1111]",RIGHT_ELBOW,-0.28714283311297945,0.5370609141814056,0.9971534013748169,0.4991658255457878,0.4006043151021004,0.36349047922968347
00164,/Users/nikko/Downloads/moi-main/project_root/data/temp_frames/video15/frame_00164.png,"[769, 236, 1576, 1111]",LEFT_WRIST,0.8171902818651143,1.1550724878701144,0.9390341639518738,0.4991658255457878,0.4006043151021004,0.36349047922968347
00164,/Users/nikko/Downloads/moi-main/project_root/data/temp_frames/video15/frame_00164.png,"[769, 236, 1576, 1111]",RIGHT_WRIST,-0.31483372829104905,1.3297586821526786,0.9989211559295654,0.4991658255457878,0.4006043151021004,0.36349047922968347
00164,/Users/nikko/Downloads/moi-main/project_root/data/temp_frames/video15/frame_00164.png,"[769, 236, 1576, 1111]",RIGHT_KNEE,-0.9269826175760028,0.3717949601216753,0.8631229996681213,0.4991658255457878,0.4006043151021004,0.36349047922968347
00164,/Users/nikko/Downloads/moi-main/project_root/data/temp_frames/video15/frame_00164.png,"[769, 236, 1576, 1111]",RIGHT_ANKLE,-1.1806935841921282,0.5596068181111874,0.9341297149658203,0.4991658255457878,0.4006043151021004,0.36349047922968347
00164,/Users/nikko/Downloads/moi-main/project_root/data/temp_frames/video15/frame_00164.png,"[769, 236, 1576, 1111]",LEFT_EYE,1.0451914807537723,-0.38933365578686296,0.9952595829963684,0.4991658255457878,0.4006043151021004,0.36349047922968347
00164,/Users/nikko/Downloads/moi-main/project_root/data/temp_frames/video15/frame_00164.png,"[769, 236, 1576, 1111]",RIGHT_EYE,0.9380816702797128,-0.4098858264143657,0.9976435303688049,0.4991658255457878,0.4006043151021004,0.36349047922968347
00165,/Users/nikko/Downloads/moi-main/project_root/data/temp_frames/video15/frame_00165.png,"[773, 242, 1580, 1112]",LEFT_SHOULDER,0.8198037376241006,-0.15064300472022352,0.9999572038650513,0.49394718557596207,0.3996688649058342,0.3720018397708846
00165,/Users/nikko/Downloads/moi-main/project_root/data/temp_frames/video15/frame_00165.png,"[773, 242, 1580, 1112]",RIGHT_SHOULDER,0.0228269238655986,-0.2401412595253807,0.9995906949043274,0.49394718557596207,0.3996688649058342,0.3720018397708846
00165,/Users/nikko/Downloads/moi-main/project_root/data/temp_frames/video15/frame_00165.png,"[773, 242, 1580, 1112]",LEFT_HIP,-0.2508998046427708,0.24596177651779125,0.9997748732566833,0.49394718557596207,0.3996688649058342,0.3720018397708846
00165,/Users/nikko/Downloads/moi-main/project_root/data/temp_frames/video15/frame_00165.png,"[773, 242, 1580, 1112]",RIGHT_HIP,-0.5917308568469284,0.14482248772781298,0.9998216032981873,0.49394718557596207,0.3996688649058342,0.3720018397708846
00165,/Users/nikko/Downloads/moi-main/project_root/data/temp_frames/video15/frame_00165.png,"[773, 242, 1580, 1112]",LEFT_ELBOW,0.7759214769810915,0.47699905240341206,0.8541538119316101,0.49394718557596207,0.3996688649058342,0.3720018397708846
00165,/Users/nikko/Downloads/moi-main/project_root/data/temp_frames/video15/frame_00165.png,"[773, 242, 1580, 1112]",RIGHT_ELBOW,-0.2776021528736115,0.5144459659679411,0.9959712624549866,0.49394718557596207,0.3996688649058342,0.3720018397708846
00165,/Users/nikko/Downloads/moi-main/project_root/data/temp_frames/video15/frame_00165.png,"[773, 242, 1580, 1112]",LEFT_WRIST,0.805916885435776,1.1032770191139254,0.9391812086105347,0.49394718557596207,0.3996688649058342,0.3720018397708846
00165,/Users/nikko/Downloads/moi-main/project_root/data/temp_frames/video15/frame_00165.png,"[773, 242, 1580, 1112]",RIGHT_WRIST,-0.31915159218933425,1.280813222149365,0.998525083065033,0.49394718557596207,0.3996688649058342,0.3720018397708846
00165,/Users/nikko/Downloads/moi-main/project_root/data/temp_frames/video15/frame_00165.png,"[773, 242, 1580, 1112]",RIGHT_KNEE,-0.8993363293708723,0.36495216756436966,0.8635790944099426,0.49394718557596207,0.3996688649058342,0.3720018397708846
00165,/Users/nikko/Downloads/moi-main/project_root/data/temp_frames/video15/frame_00165.png,"[773, 242, 1580, 1112]",RIGHT_ANKLE,-1.165914942115406,0.5335736748336387,0.940621554851532,0.49394718557596207,0.3996688649058342,0.3720018397708846
00165,/Users/nikko/Downloads/moi-main/project_root/data/temp_frames/video15/frame_00165.png,"[773, 242, 1580, 1112]",LEFT_EYE,1.0339570398998126,-0.36309245576516763,0.9957084655761719,0.49394718557596207,0.3996688649058342,0.3720018397708846
00165,/Users/nikko/Downloads/moi-main/project_root/data/temp_frames/video15/frame_00165.png,"[773, 242, 1580, 1112]",RIGHT_EYE,0.9238450532611417,-0.392286890710109,0.9977739453315735,0.49394718557596207,0.3996688649058342,0.3720018397708846
00166,/Users/nikko/Downloads/moi-main/project_root/data/temp_frames/video15/frame_00166.png,"[776, 253, 1583, 1113]",LEFT_SHOULDER,0.7968491647856798,-0.13422187148570378,0.9999560117721558,0.4959423243999481,0.3943931758403778,0.3833128719157834
00166,/Users/nikko/Downloads/moi-main/project_root/data/temp_frames/video15/frame_00166.png,"[776, 253, 1583, 1113]",RIGHT_SHOULDER,0.04112963353216529,-0.2612590820612798,0.9995144605636597,0.4959423243999481,0.3943931758403778,0.3833128719157834
00166,/Users/nikko/Downloads/moi-main/project_root/data/temp_frames/video15/frame_00166.png,"[776, 253, 1583, 1113]",LEFT_HIP,-0.25201561865677724,0.24976796301818657,0.9997439980506897,0.4959423243999481,0.3943931758403778,0.3833128719157834
00166,/Users/nikko/Downloads/moi-main/project_root/data/temp_frames/video15/frame_00166.png,"[776, 253, 1583, 1113]",RIGHT_HIP,-0.5859631796610679,0.145712990528797,0.9997841715812683,0.4959423243999481,0.3943931758403778,0.3833128719157834
00166,/Users/nikko/Downloads/moi-main/project_root/data/temp_frames/video15/frame_00166.png,"[776, 253, 1583, 1113]",LEFT_ELBOW,0.7266696570093409,0.46588235793657573,0.8190711140632629,0.4959423243999481,0.3943931758403778,0.3833128719157834
00166,/Users/nikko/Downloads/moi-main/project_root/data/temp_frames/video15/frame_00166.png,"[776, 253, 1583, 1113]",RIGHT_ELBOW,-0.29983845952781113,0.49940134193071745,0.993878960609436,0.4959423243999481,0.3943931758403778,0.3833128719157834
00166,/Users/nikko/Downloads/moi-main/project_root/data/temp_frames/video15/frame_00166.png,"[776, 253, 1583, 1113]",LEFT_WRIST,0.7627972868226391,1.0639832978924633,0.9224852919578552,0.4959423243999481,0.3943931758403778,0.3833128719157834
00166,/Users/nikko/Downloads/moi-main/project_root/data/temp_frames/video15/frame_00166.png,"[776, 253, 1583, 1113]",RIGHT_WRIST,-0.3075101422968801,1.2325580150321338,0.9975919723510742,0.4959423243999481,0.3943931758403778,0.3833128719157834
00166,/Users/nikko/Downloads/moi-main/project_root/data/temp_frames/video15/frame_00166.png,"[776, 253, 1583, 1113]",RIGHT_KNEE,-0.8904353831639921,0.3716266788755665,0.7965586185455322,0.4959423243999481,0.3943931758403778,0.3833128719157834
00166,/Users/nikko/Downloads/moi-main/project_root/data/temp_frames/video15/frame_00166.png,"[776, 253, 1583, 1113]",RIGHT_ANKLE,-1.1244034559632874,0.517295352281184,0.9195960164070129,0.4959423243999481,0.3943931758403778,0.3833128719157834
00166,/Users/nikko/Downloads/moi-main/project_root/data/temp_frames/video15/frame_00166.png,"[776, 253, 1583, 1113]",LEFT_EYE,1.0007793053045804,-0.33198112472454266,0.9940359592437744,0.4959423243999481,0.3943931758403778,0.3833128719157834
00166,/Users/nikko/Downloads/moi-main/project_root/data/temp_frames/video15/frame_00166.png,"[776, 253, 1583, 1113]",RIGHT_EYE,0.8970753710803758,-0.3593128163281125,0.99677973985672,0.4959423243999481,0.3943931758403778,0.3833128719157834
00167,/Users/nikko/Downloads/moi-main/project_root/data/temp_frames/video15/frame_00167.png,"[778, 268, 1590, 1112]",LEFT_SHOULDER,0.8118450632432579,-0.13469581888721385,0.9999271631240845,0.48601583391427994,0.3984628841280937,0.39323045270505474
00167,/Users/nikko/Downloads/moi-main/project_root/data/temp_frames/video15/frame_00167.png,"[778, 268, 1590, 1112]",RIGHT_SHOULDER,0.049031084643979005,-0.24397638246606732,0.999446451663971,0.48601583391427994,0.3984628841280937,0.39323045270505474
00167,/Users/nikko/Downloads/moi-main/project_root/data/temp_frames/video15/frame_00167.png,"[778, 268, 1590, 1112]",LEFT_HIP,-0.27058293730835,0.2265722873173002,0.9993714690208435,0.48601583391427994,0.3984628841280937,0.39323045270505474
00167,/Users/nikko/Downloads/moi-main/project_root/data/temp_frames/video15/frame_00167.png,"[778, 268, 1590, 1112]",RIGHT_HIP,-0.590293210578887,0.15209991403598097,0.9994725584983826,0.48601583391427994,0.3984628841280937,0.39323045270505474
00167,/Users/nikko/Downloads/moi-main/project_root/data/temp_frames/video15/frame_00167.png,"[778, 268, 1590, 1112]",LEFT_ELBOW,0.7137258631545507,0.4605292296587873,0.7036300301551819,0.48601583391427994,0.3984628841280937,0.39323045270505474
00167,/Users/nikko/Downloads/moi-main/project_root/data/temp_frames/video15/frame_00167.png,"[778, 268, 1590, 1112]",RIGHT_ELBOW,-0.2849553054046653,0.47555352991197253,0.9865140318870544,0.48601583391427994,0.3984628841280937,0.39323045270505474
00167,/Users/nikko/Downloads/moi-main/project_root/data/temp_frames/video15/frame_00167.png,"[778, 268, 1590, 1112]",LEFT_WRIST,0.7560006547265178,1.0493179449773784,0.8984101414680481,0.48601583391427994,0.3984628841280937,0.39323045270505474
00167,/Users/nikko/Downloads/moi-main/project_root/data/temp_frames/video15/frame_00167.png,"[778, 268, 1590, 1112]",RIGHT_WRIST,-0.27391073189984066,1.220152211799934,0.9970353841781616,0.48601583391427994,0.3984628841280937,0.39323045270505474
00167,/Users/nikko/Downloads/moi-main/project_root/data/temp_frames/video15/frame_00167.png,"[778, 268, 1590, 1112]",RIGHT_KNEE,-0.8378706996965137,0.35244915496214957,0.5341569185256958,0.48601583391427994,0.3984628841280937,0.39323045270505474
00167,/Users/nikko/Downloads/moi-main/project_root/data/temp_frames/video15/frame_00167.png,"[778, 268, 1590, 1112]",RIGHT_ANKLE,-1.046341259279138,0.48980236285184775,0.7957639694213867,0.48601583391427994,0.3984628841280937,0.39323045270505474
00167,/Users/nikko/Downloads/moi-main/project_root/data/temp_frames/video15/frame_00167.png,"[778, 268, 1590, 1112]",LEFT_EYE,1.0095140460053127,-0.30333987559568154,0.9913282990455627,0.48601583391427994,0.3984628841280937,0.39323045270505474
00167,/Users/nikko/Downloads/moi-main/project_root/data/temp_frames/video15/frame_00167.png,"[778, 268, 1590, 1112]",RIGHT_EYE,0.9148323063801017,-0.3376380096951531,0.9953604340553284,0.48601583391427994,0.3984628841280937,0.39323045270505474
00168,/Users/nikko/Downloads/moi-main/project_root/data/temp_frames/video15/frame_00168.png,"[781, 293, 1596, 1112]",LEFT_SHOULDER,0.8099395492579237,-0.13133627027890815,0.9999382495880127,0.48882365971803665,0.3859037309885025,0.3895913374753458
00168,/Users/nikko/Downloads/moi-main/project_root/data/temp_frames/video15/frame_00168.png,"[781, 293, 1596, 1112]",RIGHT_SHOULDER,0.041889698071748485,-0.25311871789603607,0.9995328187942505,0.48882365971803665,0.3859037309885025,0.3895913374753458
00168,/Users/nikko/Downloads/moi-main/project_root/data/temp_frames/video15/frame_00168.png,"[781, 293, 1596, 1112]",LEFT_HIP,-0.2664267719426301,0.23399332541505993,0.9995908141136169,0.48882365971803665,0.3859037309885025,0.3895913374753458
00168,/Users/nikko/Downloads/moi-main/project_root/data/temp_frames/video15/frame_00168.png,"[781, 293, 1596, 1112]",RIGHT_HIP,-0.585402475387042,0.15046166275988432,0.9996532201766968,0.48882365971803665,0.3859037309885025,0.3895913374753458
00168,/Users/nikko/Downloads/moi-main/project_root/data/temp_frames/video15/frame_00168.png,"[781, 293, 1596, 1112]",LEFT_ELBOW,0.6963045003255706,0.44176587596763883,0.706981897354126,0.48882365971803665,0.3859037309885025,0.3895913374753458
00168,/Users/nikko/Downloads/moi-main/project_root/data/temp_frames/video15/frame_00168.png,"[781, 293, 1596, 1112]",RIGHT_ELBOW,-0.32650311818925387,0.4961420953400103,0.9865595102310181,0.48882365971803665,0.3859037309885025,0.3895913374753458
00168,/Users/nikko/Downloads/moi-main/project_root/data/temp_frames/video15/frame_00168.png,"[781, 293, 1596, 1112]",LEFT_WRIST,0.7451538570975967,1.0861792370613288,0.8790642619132996,0.48882365971803665,0.3859037309885025,0.3895913374753458
00168,/Users/nikko/Downloads/moi-main/project_root/data/temp_frames/video15/frame_00168.png,"[781, 293, 1596, 1112]",RIGHT_WRIST,-0.2974979137735373,1.2449315379553878,0.997073769569397,0.48882365971803665,0.3859037309885025,0.3895913374753458
00168,/Users/nikko/Downloads/moi-main/project_root/data/temp_frames/video15/frame_00168.png,"[781, 293, 1596, 1112]",RIGHT_KNEE,-0.8819103540396199,0.3708526717240889,0.5611621737480164,0.48882365971803665,0.3859037309885025,0.3895913374753458
00168,/Users/nikko/Downloads/moi-main/project_root/data/temp_frames/video15/frame_00168.png,"[781, 293, 1596, 1112]",RIGHT_ANKLE,-1.0831630426366274,0.5051146603482443,0.785892128944397,0.48882365971803665,0.3859037309885025,0.3895913374753458
00168,/Users/nikko/Downloads/moi-main/project_root/data/temp_frames/video15/frame_00168.png,"[781, 293, 1596, 1112]",LEFT_EYE,1.0181397145085778,-0.28223889635311344,0.9913542866706848,0.48882365971803665,0.3859037309885025,0.3895913374753458
00168,/Users/nikko/Downloads/moi-main/project_root/data/temp_frames/video15/frame_00168.png,"[781, 293, 1596, 1112]",RIGHT_EYE,0.9298108881090388,-0.3128987937087341,0.9954397678375244,0.48882365971803665,0.3859037309885025,0.3895913374753458
00169,/Users/nikko/Downloads/moi-main/project_root/data/temp_frames/video15/frame_00169.png,"[785, 315, 1609, 1113]",LEFT_SHOULDER,0.8124636100085391,-0.11999148277958213,0.9998987913131714,0.47737958282232285,0.38559792935848236,0.3882938302271817
00169,/Users/nikko/Downloads/moi-main/project_root/data/temp_frames/video15/frame_00169.png,"[785, 315, 1609, 1113]",RIGHT_SHOULDER,0.05915668868542111,-0.24076157607503337,0.9992510676383972,0.47737958282232285,0.38559792935848236,0.3882938302271817
00169,/Users/nikko/Downloads/moi-main/project_root/data/temp_frames/video15/frame_00169.png,"[785, 315, 1609, 1113]",LEFT_HIP,-0.2713835651331902,0.21422526789157445,0.9993283748626709,0.47737958282232285,0.38559792935848236,0.3882938302271817
00169,/Users/nikko/Downloads/moi-main/project_root/data/temp_frames/video15/frame_00169.png,"[785, 315, 1609, 1113]",RIGHT_HIP,-0.60023673356077,0.14652779096304103,0.9994083642959595,0.47737958282232285,0.38559792935848236,0.3882938302271817
00169,/Users/nikko/Downloads/moi-main/project_root/data/temp_frames/video15/frame_00169.png,"[785, 315, 1609, 1113]",LEFT_ELBOW,0.6808374856424512,0.41862578276431134,0.5896217823028564,0.47737958282232285,0.38559792935848236,0.3882938302271817
00169,/Users/nikko/Downloads/moi-main/project_root/data/temp_frames/video15/frame_00169.png,"[785, 315, 1609, 1113]",RIGHT_ELBOW,-0.35436581619379043,0.46818515375162517,0.9749380946159363,0.47737958282232285,0.38559792935848236,0.3882938302271817
00169,/Users/nikko/Downloads/moi-main/project_root/data/temp_frames/video15/frame_00169.png,"[785, 315, 1609, 1113]",LEFT_WRIST,0.7488339115541095,1.0403243861819538,0.838824450969696,0.47737958282232285,0.38559792935848236,0.3882938302271817
00169,/Users/nikko/Downloads/moi-main/project_root/data/temp_frames/video15/frame_00169.png,"[785, 315, 1609, 1113]",RIGHT_WRIST,-0.28460724144938154,1.2435037769670099,0.994268536567688,0.47737958282232285,0.38559792935848236,0.3882938302271817
00169,/Users/nikko/Downloads/moi-main/project_root/data/temp_frames/video15/frame_00169.png,"[785, 315, 1609, 1113]",RIGHT_ANKLE,-1.0938472872592047,0.4963798420835767,0.5886945128440857,0.47737958282232285,0.38559792935848236,0.3882938302271817
00169,/Users/nikko/Downloads/moi-main/project_root/data/temp_frames/video15/frame_00169.png,"[785, 315, 1609, 1113]",LEFT_EYE,1.024303848329866,-0.26163082466465215,0.983048677444458,0.47737958282232285,0.38559792935848236,0.3882938302271817
00169,/Users/nikko/Downloads/moi-main/project_root/data/temp_frames/video15/frame_00169.png,"[785, 315, 1609, 1113]",RIGHT_EYE,0.9358992230048744,-0.28661858479072283,0.9906070232391357,0.47737958282232285,0.38559792935848236,0.3882938302271817
00170,/Users/nikko/Downloads/moi-main/project_root/data/temp_frames/video15/frame_00170.png,"[787, 331, 1618, 1111]",LEFT_SHOULDER,0.8015088635075592,-0.08184707139152583,0.999903678894043,0.48816998302936554,0.37433402240276337,0.37870385053756916
00170,/Users/nikko/Downloads/moi-main/project_root/data/temp_frames/video15/frame_00170.png,"[787, 331, 1618, 1111]",RIGHT_SHOULDER,0.08818576495895117,-0.24377489169055128,0.9993693232536316,0.48816998302936554,0.37433402240276337,0.37870385053756916
00170,/Users/nikko/Downloads/moi-main/project_root/data/temp_frames/video15/frame_00170.png,"[787, 331, 1618, 1111]",LEFT_HIP,-0.28981865748299773,0.20064545962726246,0.999523401260376,0.48816998302936554,0.37433402240276337,0.37870385053756916
00170,/Users/nikko/Downloads/moi-main/project_root/data/temp_frames/video15/frame_00170.png,"[787, 331, 1618, 1111]",RIGHT_HIP,-0.5998759709835128,0.12497650345481463,0.99959796667099,0.48816998302936554,0.37433402240276337,0.37870385053756916
00170,/Users/nikko/Downloads/moi-main/project_root/data/temp_frames/video15/frame_00170.png,"[787, 331, 1618, 1111]",RIGHT_ELBOW,-0.3940718187906842,0.49428010554473,0.9737476110458374,0.48816998302936554,0.37433402240276337,0.37870385053756916
00170,/Users/nikko/Downloads/moi-main/project_root/data/temp_frames/video15/frame_00170.png,"[787, 331, 1618, 1111]",LEFT_WRIST,0.7127907622401566,1.1026513046553033,0.7764223217964172,0.48816998302936554,0.37433402240276337,0.37870385053756916
00170,/Users/nikko/Downloads/moi-main/project_root/data/temp_frames/video15/frame_00170.png,"[787, 331, 1618, 1111]",RIGHT_WRIST,-0.33333291097408285,1.2927308978307246,0.9930453896522522,0.48816998302936554,0.37433402240276337,0.37870385053756916
00170,/Users/nikko/Downloads/moi-main/project_root/data/temp_frames/video15/frame_00170.png,"[787, 331, 1618, 1111]",RIGHT_ANKLE,-1.1282471431864969,0.4868063855042768,0.5691210627555847,0.48816998302936554,0.37433402240276337,0.37870385053756916
00170,/Users/nikko/Downloads/moi-main/project_root/data/temp_frames/video15/frame_00170.png,"[787, 331, 1618, 1111]",LEFT_EYE,1.0329398406195558,-0.20424837975585117,0.989496648311615,0.48816998302936554,0.37433402240276337,0.37870385053756916
00170,/Users/nikko/Downloads/moi-main/project_root/data/temp_frames/video15/frame_00170.png,"[787, 331, 1618, 1111]",RIGHT_EYE,0.945340318447183,-0.22730099327938613,0.9942300319671631,0.48816998302936554,0.37433402240276337,0.37870385053756916
00171,/Users/nikko/Downloads/moi-main/project_root/data/temp_frames/video15/frame_00171.png,"[789, 354, 1624, 1111]",LEFT_SHOULDER,0.777290052382195,-0.04056026900064076,0.9998916387557983,0.4862217903137207,0.36879847198724747,0.3780521861246864
00171,/Users/nikko/Downloads/moi-main/project_root/data/temp_frames/video15/frame_00171.png,"[789, 354, 1624, 1111]",RIGHT_SHOULDER,0.10828952758021129,-0.2680535092551169,0.999336302280426,0.4862217903137207,0.36879847198724747,0.3780521861246864
00171,/Users/nikko/Downloads/moi-main/project_root/data/temp_frames/video15/frame_00171.png,"[789, 354, 1624, 1111]",LEFT_HIP,-0.3005828851581473,0.21237323116848167,0.9996212720870972,0.4862217903137207,0.36879847198724747,0.3780521861246864
00171,/Users/nikko/Downloads/moi-main/project_root/data/temp_frames/video15/frame_00171.png,"[789, 354, 1624, 1111]",RIGHT_HIP,-0.584996694804259,0.096240547087276,0.9996534585952759,0.4862217903137207,0.36879847198724747,0.3780521861246864
00171,/Users/nikko/Downloads/moi-main/project_root/data/temp_frames/video15/frame_00171.png,"[789, 354, 1624, 1111]",RIGHT_ELBOW,-0.42101660166067156,0.4583181054716371,0.9744020700454712,0.4862217903137207,0.36879847198724747,0.3780521861246864
00171,/Users/nikko/Downloads/moi-main/project_root/data/temp_frames/video15/frame_00171.png,"[789, 354, 1624, 1111]",LEFT_WRIST,0.7174252938616846,1.0985688772667495,0.7532013654708862,0.4862217903137207,0.36879847198724747,0.3780521861246864
00171,/Users/nikko/Downloads/moi-main/project_root/data/temp_frames/video15/frame_00171.png,"[789, 354, 1624, 1111]",RIGHT_WRIST,-0.34780721210436144,1.3031105598342374,0.9908395409584045,0.4862217903137207,0.36879847198724747,0.3780521861246864
00171,/Users/nikko/Downloads/moi-main/project_root/data/temp_frames/video15/frame_00171.png,"[789, 354, 1624, 1111]",RIGHT_ANKLE,-1.122411257520601,0.47818972663551457,0.5763687491416931,0.4862217903137207,0.36879847198724747,0.3780521861246864
00171,/Users/nikko/Downloads/moi-main/project_root/data/temp_frames/video15/frame_00171.png,"[789, 354, 1624, 1111]",LEFT_EYE,1.0362700662752906,-0.15083090445805436,0.9875915050506592,0.4862217903137207,0.36879847198724747,0.3780521861246864
00171,/Users/nikko/Downloads/moi-main/project_root/data/temp_frames/video15/frame_00171.png,"[789, 354, 1624, 1111]",RIGHT_EYE,0.9576679104632989,-0.17600187685893187,0.9929441809654236,0.4862217903137207,0.36879847198724747,0.3780521861246864
00172,/Users/nikko/Downloads/moi-main/project_root/data/temp_frames/video15/frame_00172.png,"[790, 384, 1633, 1111]",LEFT_SHOULDER,0.7538178834183297,-0.01534084999664807,0.9998329877853394,0.4829019159078598,0.36167198419570923,0.381930374307884
00172,/Users/nikko/Downloads/moi-main/project_root/data/temp_frames/video15/frame_00172.png,"[790, 384, 1633, 1111]",RIGHT_SHOULDER,0.13303127076454954,-0.2804520403397902,0.9992103576660156,0.4829019159078598,0.36167198419570923,0.381930374307884
00172,/Users/nikko/Downloads/moi-main/project_root/data/temp_frames/video15/frame_00172.png,"[790, 384, 1633, 1111]",LEFT_HIP,-0.3082135556949909,0.21593299785719364,0.9995123147964478,0.4829019159078598,0.36167198419570923,0.381930374307884
00172,/Users/nikko/Downloads/moi-main/project_root/data/temp_frames/video15/frame_00172.png,"[790, 384, 1633, 1111]",RIGHT_HIP,-0.5786355984878883,0.07985989247924465,0.9995558857917786,0.4829019159078598,0.36167198419570923,0.381930374307884
00172,/Users/nikko/Downloads/moi-main/project_root/data/temp_frames/video15/frame_00172.png,"[790, 384, 1633, 1111]",RIGHT_ELBOW,-0.42460527129036335,0.43322794482853527,0.9679675102233887,0.4829019159078598,0.36167198419570923,0.381930374307884
00172,/Users/nikko/Downloads/moi-main/project_root/data/temp_frames/video15/frame_00172.png,"[790, 384, 1633, 1111]",LEFT_WRIST,0.6863231374025582,1.12140380589282,0.6488708257675171,0.4829019159078598,0.36167198419570923,0.381930374307884
00172,/Users/nikko/Downloads/moi-main/project_root/data/temp_frames/video15/frame_00172.png,"[790, 384, 1633, 1111]",RIGHT_WRIST,-0.3594522287761149,1.294110876668919,0.9892545938491821,0.4829019159078598,0.36167198419570923,0.381930374307884
00172,/Users/nikko/Downloads/moi-main/project_root/data/temp_frames/video15/frame_00172.png,"[790, 384, 1633, 1111]",LEFT_EYE,1.0353252899646543,-0.09114165968863108,0.9804865121841431,0.4829019159078598,0.36167198419570923,0.381930374307884
00172,/Users/nikko/Downloads/moi-main/project_root/data/temp_frames/video15/frame_00172.png,"[790, 384, 1633, 1111]",RIGHT_EYE,0.9684615007803828,-0.12022130987886934,0.9894700050354004,0.4829019159078598,0.36167198419570923,0.381930374307884
00173,/Users/nikko/Downloads/moi-main/project_root/data/temp_frames/video15/frame_00173.png,"[793, 417, 1639, 1112]",LEFT_SHOULDER,0.7577010466662862,-0.010857181789000973,0.9998646974563599,0.4808138459920883,0.3451863154768944,0.3707035827616918
00173,/Users/nikko/Downloads/moi-main/project_root/data/temp_frames/video15/frame_00173.png,"[793, 417, 1639, 1112]",RIGHT_SHOULDER,0.15371245365017605,-0.2526135837464197,0.9993870258331299,0.4808138459920883,0.3451863154768944,0.3707035827616918
00173,/Users/nikko/Downloads/moi-main/project_root/data/temp_frames/video15/frame_00173.png,"[793, 417, 1639, 1112]",LEFT_HIP,-0.3135947001937561,0.18713098939471037,0.9995107650756836,0.4808138459920883,0.3451863154768944,0.3707035827616918
00173,/Users/nikko/Downloads/moi-main/project_root/data/temp_frames/video15/frame_00173.png,"[793, 417, 1639, 1112]",RIGHT_HIP,-0.5978188001227062,0.07633977614071029,0.9995737671852112,0.4808138459920883,0.3451863154768944,0.3707035827616918
00173,/Users/nikko/Downloads/moi-main/project_root/data/temp_frames/video15/frame_00173.png,"[793, 417, 1639, 1112]",RIGHT_ELBOW,-0.49049706783617275,0.4486153412104941,0.979631245136261,0.4808138459920883,0.3451863154768944,0.3707035827616918
00173,/Users/nikko/Downloads/moi-main/project_root/data/temp_frames/video15/frame_00173.png,"[793, 417, 1639, 1112]",LEFT_WRIST,0.7045426426614629,1.1585797111336464,0.7465422749519348,0.4808138459920883,0.3451863154768944,0.3707035827616918
00173,/Users/nikko/Downloads/moi-main/project_root/data/temp_frames/video15/frame_00173.png,"[793, 417, 1639, 1112]",RIGHT_WRIST,-0.37340642645705024,1.354733372951415,0.9938581585884094,0.4808138459920883,0.3451863154768944,0.3707035827616918
00173,/Users/nikko/Downloads/moi-main/project_root/data/temp_frames/video15/frame_00173.png,"[793, 417, 1639, 1112]",LEFT_EYE,1.0786921905227855,-0.01543513443084497,0.9875605702400208,0.4808138459920883,0.3451863154768944,0.3707035827616918
00173,/Users/nikko/Downloads/moi-main/project_root/data/temp_frames/video15/frame_00173.png,"[793, 417, 1639, 1112]",RIGHT_EYE,1.0104575105463938,-0.042286630715321884,0.9931011199951172,0.4808138459920883,0.3451863154768944,0.3707035827616918
00174,/Users/nikko/Downloads/moi-main/project_root/data/temp_frames/video15/frame_00174.png,"[796, 443, 1645, 1114]",LEFT_SHOULDER,0.7867021087940855,-0.08793769136947878,0.999893069267273,0.4764212816953659,0.33107591420412064,0.35211288902875154
00174,/Users/nikko/Downloads/moi-main/project_root/data/temp_frames/video15/frame_00174.png,"[796, 443, 1645, 1114]",RIGHT_SHOULDER,0.13885312920687604,-0.18920060009215667,0.9995306730270386,0.4764212816953659,0.33107591420412064,0.35211288902875154
00174,/Users/nikko/Downloads/moi-main/project_root/data/temp_frames/video15/frame_00174.png,"[796, 443, 1645, 1114]",LEFT_HIP,-0.31521556444951515,0.19086378980865576,0.9997382760047913,0.4764212816953659,0.33107591420412064,0.35211288902875154
00174,/Users/nikko/Downloads/moi-main/project_root/data/temp_frames/video15/frame_00174.png,"[796, 443, 1645, 1114]",RIGHT_HIP,-0.6103396735514464,0.08627450165297969,0.9997789263725281,0.4764212816953659,0.33107591420412064,0.35211288902875154
00174,/Users/nikko/Downloads/moi-main/project_root/data/temp_frames/video15/frame_00174.png,"[796, 443, 1645, 1114]",RIGHT_ELBOW,-0.5397516353630061,0.49717677592452125,0.9823880791664124,0.4764212816953659,0.33107591420412064,0.35211288902875154
00174,/Users/nikko/Downloads/moi-main/project_root/data/temp_frames/video15/frame_00174.png,"[796, 443, 1645, 1114]",LEFT_WRIST,0.7307084640915805,1.215355815416876,0.683886706829071,0.4764212816953659,0.33107591420412064,0.35211288902875154
00174,/Users/nikko/Downloads/moi-main/project_root/data/temp_frames/video15/frame_00174.png,"[796, 443, 1645, 1114]",RIGHT_WRIST,-0.37527389060771604,1.4400557465523023,0.9948571920394897,0.4764212816953659,0.33107591420412064,0.35211288902875154
00174,/Users/nikko/Downloads/moi-main/project_root/data/temp_frames/video15/frame_00174.png,"[796, 443, 1645, 1114]",RIGHT_ANKLE,-1.1450637158988888,0.38574463073215304,0.5179764032363892,0.4764212816953659,0.33107591420412064,0.35211288902875154
00174,/Users/nikko/Downloads/moi-main/project_root/data/temp_frames/video15/frame_00174.png,"[796, 443, 1645, 1114]",LEFT_EYE,1.1675293458954683,0.08756396987673296,0.9916083216667175,0.4764212816953659,0.33107591420412064,0.35211288902875154
00174,/Users/nikko/Downloads/moi-main/project_root/data/temp_frames/video15/frame_00174.png,"[796, 443, 1645, 1114]",RIGHT_EYE,1.075038375913177,0.05169991018605869,0.9955385327339172,0.4764212816953659,0.33107591420412064,0.35211288902875154
00175,/Users/nikko/Downloads/moi-main/project_root/data/temp_frames/video15/frame_00175.png,"[797, 480, 1649, 1113]",LEFT_SHOULDER,0.7476560137539239,-0.0429206066895695,0.9998692274093628,0.4742055982351303,0.3276759833097458,0.33304145279065656
00175,/Users/nikko/Downloads/moi-main/project_root/data/temp_frames/video15/frame_00175.png,"[797, 480, 1649, 1113]",RIGHT_SHOULDER,0.2455382890076025,-0.05985650966954553,0.9996644258499146,0.4742055982351303,0.3276759833097458,0.33304145279065656
00175,/Users/nikko/Downloads/moi-main/project_root/data/temp_frames/video15/frame_00175.png,"[797, 480, 1649, 1113]",LEFT_HIP,-0.3674689336519618,0.054597278193424706,0.999743640422821,0.4742055982351303,0.3276759833097458,0.33304145279065656
00175,/Users/nikko/Downloads/moi-main/project_root/data/temp_frames/video15/frame_00175.png,"[797, 480, 1649, 1113]",RIGHT_HIP,-0.6257253691095646,0.048179838165690325,0.9998162388801575,0.4742055982351303,0.3276759833097458,0.33304145279065656
00175,/Users/nikko/Downloads/moi-main/project_root/data/temp_frames/video15/frame_00175.png,"[797, 480, 1649, 1113]",RIGHT_ELBOW,-0.5710016034103292,0.47387181637855563,0.9955918192863464,0.4742055982351303,0.3276759833097458,0.33304145279065656
00175,/Users/nikko/Downloads/moi-main/project_root/data/temp_frames/video15/frame_00175.png,"[797, 480, 1649, 1113]",LEFT_WRIST,0.7767111826514367,1.2297453121999251,0.810003936290741,0.4742055982351303,0.3276759833097458,0.33304145279065656
00175,/Users/nikko/Downloads/moi-main/project_root/data/temp_frames/video15/frame_00175.png,"[797, 480, 1649, 1113]",RIGHT_WRIST,-0.40381366654723344,1.5128860055923035,0.9986143112182617,0.4742055982351303,0.3276759833097458,0.33304145279065656
00175,/Users/nikko/Downloads/moi-main/project_root/data/temp_frames/video15/frame_00175.png,"[797, 480, 1649, 1113]",RIGHT_KNEE,-0.9462417110750992,0.2838676274238264,0.636110782623291,0.4742055982351303,0.3276759833097458,0.33304145279065656
00175,/Users/nikko/Downloads/moi-main/project_root/data/temp_frames/video15/frame_00175.png,"[797, 480, 1649, 1113]",RIGHT_ANKLE,-1.224844916873999,0.3838153968011816,0.6522209048271179,0.4742055982351303,0.3276759833097458,0.33304145279065656
00175,/Users/nikko/Downloads/moi-main/project_root/data/temp_frames/video15/frame_00175.png,"[797, 480, 1649, 1113]",LEFT_EYE,1.2399393013664795,0.13897066379908637,0.996722400188446,0.4742055982351303,0.3276759833097458,0.33304145279065656
00175,/Users/nikko/Downloads/moi-main/project_root/data/temp_frames/video15/frame_00175.png,"[797, 480, 1649, 1113]",RIGHT_EYE,1.1560237226796197,0.09438862783705043,0.9982800483703613,0.4742055982351303,0.3276759833097458,0.33304145279065656
00176,/Users/nikko/Downloads/moi-main/project_root/data/temp_frames/video15/frame_00176.png,"[797, 480, 1649, 1113]",LEFT_SHOULDER,0.7484240773179854,-0.03776396194887246,0.999874472618103,0.47369273751974106,0.3277268335223198,0.3331510228472041
00176,/Users/nikko/Downloads/moi-main/project_root/data/temp_frames/video15/frame_00176.png,"[797, 480, 1649, 1113]",RIGHT_SHOULDER,0.24513520195955163,-0.05941667149173857,0.9996880292892456,0.47369273751974106,0.3277268335223198,0.3331510228472041
00176,/Users/nikko/Downloads/moi-main/project_root/data/temp_frames/video15/frame_00176.png,"[797, 480, 1649, 1113]",LEFT_HIP,-0.36898854131325554,0.05490769191258974,0.9997721314430237,0.47369273751974106,0.3277268335223198,0.3331510228472041
00176,/Users/nikko/Downloads/moi-main/project_root/data/temp_frames/video15/frame_00176.png,"[797, 480, 1649, 1113]",RIGHT_HIP,-0.6245707379642815,0.04227294152802129,0.9998341798782349,0.47369273751974106,0.3277268335223198,0.3331510228472041
00176,/Users/nikko/Downloads/moi-main/project_root/data/temp_frames/video15/frame_00176.png,"[797, 480, 1649, 1113]",RIGHT_ELBOW,-0.5603434639848047,0.4733689428787009,0.9950108528137207,0.47369273751974106,0.3277268335223198,0.3331510228472041
00176,/Users/nikko/Downloads/moi-main/project_root/data/temp_frames/video15/frame_00176.png,"[797, 480, 1649, 1113]",LEFT_WRIST,0.7758124303783209,1.233480141938439,0.759399950504303,0.47369273751974106,0.3277268335223198,0.3331510228472041
00176,/Users/nikko/Downloads/moi-main/project_root/data/temp_frames/video15/frame_00176.png,"[797, 480, 1649, 1113]",RIGHT_WRIST,-0.40439661521737863,1.5244121767069811,0.9982470273971558,0.47369273751974106,0.3277268335223198,0.3331510228472041
00176,/Users/nikko/Downloads/moi-main/project_root/data/temp_frames/video15/frame_00176.png,"[797, 480, 1649, 1113]",RIGHT_KNEE,-0.9461864125385313,0.2714640394183944,0.5578539967536926,0.47369273751974106,0.3277268335223198,0.3331510228472041
00176,/Users/nikko/Downloads/moi-main/project_root/data/temp_frames/video15/frame_00176.png,"[797, 480, 1649, 1113]",RIGHT_ANKLE,-1.2124454384351635,0.3770596545678045,0.5825037956237793,0.47369273751974106,0.3277268335223198,0.3331510228472041
00176,/Users/nikko/Downloads/moi-main/project_root/data/temp_frames/video15/frame_00176.png,"[797, 480, 1649, 1113]",LEFT_EYE,1.2296506245976502,0.14174449567079606,0.9969727993011475,0.47369273751974106,0.3277268335223198,0.3331510228472041
00176,/Users/nikko/Downloads/moi-main/project_root/data/temp_frames/video15/frame_00176.png,"[797, 480, 1649, 1113]",RIGHT_EYE,1.149483652251745,0.10141312721721735,0.9983966946601868,0.47369273751974106,0.3277268335223198,0.3331510228472041
00177,/Users/nikko/Downloads/moi-main/project_root/data/temp_frames/video15/frame_00177.png,"[803, 547, 1665, 1117]",LEFT_SHOULDER,0.8330423677757464,-0.011809473642031835,0.9999314546585083,0.47577597200870514,0.2817237079143524,0.30526155798782467
00177,/Users/nikko/Downloads/moi-main/project_root/data/temp_frames/video15/frame_00177.png,"[803, 547, 1665, 1117]",RIGHT_SHOULDER,0.16618995837605596,-0.019844324635635003,0.9998109936714172,0.47577597200870514,0.2817237079143524,0.30526155798782467
00177,/Users/nikko/Downloads/moi-main/project_root/data/temp_frames/video15/frame_00177.png,"[803, 547, 1665, 1117]",LEFT_HIP,-0.3490951892398675,0.01669345244890902,0.9997268319129944,0.47577597200870514,0.2817237079143524,0.30526155798782467
00177,/Users/nikko/Downloads/moi-main/project_root/data/temp_frames/video15/frame_00177.png,"[803, 547, 1665, 1117]",RIGHT_HIP,-0.6501371369119348,0.014960345828757821,0.9998346567153931,0.47577597200870514,0.2817237079143524,0.30526155798782467
00177,/Users/nikko/Downloads/moi-main/project_root/data/temp_frames/video15/frame_00177.png,"[803, 547, 1665, 1117]",RIGHT_ELBOW,-0.6429573190289267,0.5272646906435065,0.9964776635169983,0.47577597200870514,0.2817237079143524,0.30526155798782467
00177,/Users/nikko/Downloads/moi-main/project_root/data/temp_frames/video15/frame_00177.png,"[803, 547, 1665, 1117]",LEFT_WRIST,0.8467857704983649,1.4020603129321658,0.9073411822319031,0.47577597200870514,0.2817237079143524,0.30526155798782467
00177,/Users/nikko/Downloads/moi-main/project_root/data/temp_frames/video15/frame_00177.png,"[803, 547, 1665, 1117]",RIGHT_WRIST,-0.47746818905940275,1.7689735896880239,0.9993807077407837,0.47577597200870514,0.2817237079143524,0.30526155798782467
00177,/Users/nikko/Downloads/moi-main/project_root/data/temp_frames/video15/frame_00177.png,"[803, 547, 1665, 1117]",RIGHT_KNEE,-1.05664040902741,0.24132338139895526,0.8691822290420532,0.47577597200870514,0.2817237079143524,0.30526155798782467
00177,/Users/nikko/Downloads/moi-main/project_root/data/temp_frames/video15/frame_00177.png,"[803, 547, 1665, 1117]",RIGHT_ANKLE,-1.3548447753613353,0.3140421998993844,0.8486273884773254,0.47577597200870514,0.2817237079143524,0.30526155798782467
00177,/Users/nikko/Downloads/moi-main/project_root/data/temp_frames/video15/frame_00177.png,"[803, 547, 1665, 1117]",LEFT_EYE,1.3235498117717244,0.4496166911975605,0.9997361302375793,0.47577597200870514,0.2817237079143524,0.30526155798782467
00177,/Users/nikko/Downloads/moi-main/project_root/data/temp_frames/video15/frame_00177.png,"[803, 547, 1665, 1117]",RIGHT_EYE,1.2134461886385068,0.38736368103873836,0.9998779296875,0.47577597200870514,0.2817237079143524,0.30526155798782467
00178,/Users/nikko/Downloads/moi-main/project_root/data/temp_frames/video15/frame_00178.png,"[805, 571, 1673, 1116]",LEFT_SHOULDER,0.7454430182221135,-0.034205686587363976,0.9999768733978271,0.4993778318166733,0.29013682156801224,0.30322502890600045
00178,/Users/nikko/Downloads/moi-main/project_root/data/temp_frames/video15/frame_00178.png,"[805, 571, 1673, 1116]",RIGHT_SHOULDER,0.21482305085218473,0.20014772430413252,0.9999163150787354,0.4993778318166733,0.29013682156801224,0.30322502890600045
00178,/Users/nikko/Downloads/moi-main/project_root/data/temp_frames/video15/frame_00178.png,"[805, 571, 1673, 1116]",LEFT_HIP,-0.3140531527997219,-0.09972685641556858,0.999894380569458,0.4993778318166733,0.29013682156801224,0.30322502890600045
00178,/Users/nikko/Downloads/moi-main/project_root/data/temp_frames/video15/frame_00178.png,"[805, 571, 1673, 1116]",RIGHT_HIP,-0.6462129162745763,-0.06621518130119997,0.999929666519165,0.4993778318166733,0.29013682156801224,0.30322502890600045
00178,/Users/nikko/Downloads/moi-main/project_root/data/temp_frames/video15/frame_00178.png,"[805, 571, 1673, 1116]",RIGHT_ELBOW,-0.7282339908044962,0.39921748870981294,0.9969913959503174,0.4993778318166733,0.29013682156801224,0.30322502890600045
00178,/Users/nikko/Downloads/moi-main/project_root/data/temp_frames/video15/frame_00178.png,"[805, 571, 1673, 1116]",LEFT_WRIST,0.7685127507747582,1.3806163975630514,0.9132129549980164,0.4993778318166733,0.29013682156801224,0.30322502890600045
00178,/Users/nikko/Downloads/moi-main/project_root/data/temp_frames/video15/frame_00178.png,"[805, 571, 1673, 1116]",RIGHT_WRIST,-0.5666499372574357,1.7198489107096626,0.9994968175888062,0.4993778318166733,0.29013682156801224,0.30322502890600045
00178,/Users/nikko/Downloads/moi-main/project_root/data/temp_frames/video15/frame_00178.png,"[805, 571, 1673, 1116]",RIGHT_KNEE,-1.112999897645779,0.12961581375491543,0.9368203282356262,0.4993778318166733,0.29013682156801224,0.30322502890600045
00178,/Users/nikko/Downloads/moi-main/project_root/data/temp_frames/video15/frame_00178.png,"[805, 571, 1673, 1116]",RIGHT_ANKLE,-1.418458291473983,0.17773276313517977,0.9292080998420715,0.4993778318166733,0.29013682156801224,0.30322502890600045
00178,/Users/nikko/Downloads/moi-main/project_root/data/temp_frames/video15/frame_00178.png,"[805, 571, 1673, 1116]",LEFT_EYE,1.2426205027703963,0.6071367900995263,0.9999643564224243,0.4993778318166733,0.29013682156801224,0.30322502890600045
00178,/Users/nikko/Downloads/moi-main/project_root/data/temp_frames/video15/frame_00178.png,"[805, 571, 1673, 1116]",RIGHT_EYE,1.1624771537411422,0.5591936077271225,0.9999837875366211,0.4993778318166733,0.29013682156801224,0.30322502890600045
00179,/Users/nikko/Downloads/moi-main/project_root/data/temp_frames/video15/frame_00179.png,"[806, 612, 1682, 1118]",LEFT_SHOULDER,0.7234206086284594,-0.010928991979359473,0.9999537467956543,0.4967564195394516,0.2593315616250038,0.3169842944743839
00179,/Users/nikko/Downloads/moi-main/project_root/data/temp_frames/video15/frame_00179.png,"[806, 612, 1682, 1118]",RIGHT_SHOULDER,0.20385351925283007,0.25341331171678627,0.9998770952224731,0.4967564195394516,0.2593315616250038,0.3169842944743839
00179,/Users/nikko/Downloads/moi-main/project_root/data/temp_frames/video15/frame_00179.png,"[806, 612, 1682, 1118]",LEFT_HIP,-0.29877137964143746,-0.15198054770824623,0.9998301267623901,0.4967564195394516,0.2593315616250038,0.3169842944743839
00179,/Users/nikko/Downloads/moi-main/project_root/data/temp_frames/video15/frame_00179.png,"[806, 612, 1682, 1118]",RIGHT_HIP,-0.628502748239852,-0.09050377202918054,0.9999066591262817,0.4967564195394516,0.2593315616250038,0.3169842944743839
00179,/Users/nikko/Downloads/moi-main/project_root/data/temp_frames/video15/frame_00179.png,"[806, 612, 1682, 1118]",RIGHT_ELBOW,-0.6763920001628542,0.3957739311532398,0.9955582618713379,0.4967564195394516,0.2593315616250038,0.3169842944743839
00179,/Users/nikko/Downloads/moi-main/project_root/data/temp_frames/video15/frame_00179.png,"[806, 612, 1682, 1118]",LEFT_WRIST,0.7411231250482053,1.389359537412931,0.8744254112243652,0.4967564195394516,0.2593315616250038,0.3169842944743839
00179,/Users/nikko/Downloads/moi-main/project_root/data/temp_frames/video15/frame_00179.png,"[806, 612, 1682, 1118]",RIGHT_WRIST,-0.5392445070565017,1.7271388719227698,0.9992684721946716,0.4967564195394516,0.2593315616250038,0.3169842944743839
00179,/Users/nikko/Downloads/moi-main/project_root/data/temp_frames/video15/frame_00179.png,"[806, 612, 1682, 1118]",RIGHT_KNEE,-1.0884543890991658,0.09468410740674664,0.9209295511245728,0.4967564195394516,0.2593315616250038,0.3169842944743839
00179,/Users/nikko/Downloads/moi-main/project_root/data/temp_frames/video15/frame_00179.png,"[806, 612, 1682, 1118]",RIGHT_ANKLE,-1.3715387342278542,0.13317980360378825,0.8982694745063782,0.4967564195394516,0.2593315616250038,0.3169842944743839
00179,/Users/nikko/Downloads/moi-main/project_root/data/temp_frames/video15/frame_00179.png,"[806, 612, 1682, 1118]",LEFT_EYE,1.1836311288585337,0.6718332646590963,0.9999573230743408,0.4967564195394516,0.2593315616250038,0.3169842944743839
00179,/Users/nikko/Downloads/moi-main/project_root/data/temp_frames/video15/frame_00179.png,"[806, 612, 1682, 1118]",RIGHT_EYE,1.0933502506983312,0.6346580553922645,0.9999827146530151,0.4967564195394516,0.2593315616250038,0.3169842944743839
00180,/Users/nikko/Downloads/moi-main/project_root/data/temp_frames/video15/frame_00180.png,"[810, 630, 1685, 1119]",LEFT_SHOULDER,0.7122887485698062,-0.01001582178797127,0.9999315738677979,0.49822770059108734,0.2644546441733837,0.3349975579234826
00180,/Users/nikko/Downloads/moi-main/project_root/data/temp_frames/video15/frame_00180.png,"[810, 630, 1685, 1119]",RIGHT_SHOULDER,0.2123371789203877,0.2760196125982828,0.9999254941940308,0.49822770059108734,0.2644546441733837,0.3349975579234826
00180,/Users/nikko/Downloads/moi-main/project_root/data/temp_frames/video15/frame_00180.png,"[810, 630, 1685, 1119]",LEFT_HIP,-0.3155602766324292,-0.14270273326202615,0.9998078942298889,0.49822770059108734,0.2644546441733837,0.3349975579234826
00180,/Users/nikko/Downloads/moi-main/project_root/data/temp_frames/video15/frame_00180.png,"[810, 630, 1685, 1119]",RIGHT_HIP,-0.6090656508577647,-0.12330105754828538,0.999913215637207,0.49822770059108734,0.2644546441733837,0.3349975579234826
00180,/Users/nikko/Downloads/moi-main/project_root/data/temp_frames/video15/frame_00180.png,"[810, 630, 1685, 1119]",RIGHT_ELBOW,-0.6769512990584438,0.3150618291569222,0.9943491816520691,0.49822770059108734,0.2644546441733837,0.3349975579234826
00180,/Users/nikko/Downloads/moi-main/project_root/data/temp_frames/video15/frame_00180.png,"[810, 630, 1685, 1119]",LEFT_WRIST,0.6820323206975317,1.2090825056168266,0.670029878616333,0.49822770059108734,0.2644546441733837,0.3349975579234826
00180,/Users/nikko/Downloads/moi-main/project_root/data/temp_frames/video15/frame_00180.png,"[810, 630, 1685, 1119]",RIGHT_WRIST,-0.5245508082766669,1.5685497073868677,0.9994515776634216,0.49822770059108734,0.2644546441733837,0.3349975579234826
00180,/Users/nikko/Downloads/moi-main/project_root/data/temp_frames/video15/frame_00180.png,"[810, 630, 1685, 1119]",RIGHT_KNEE,-1.0321640326097274,0.05303452004075508,0.7906010746955872,0.49822770059108734,0.2644546441733837,0.3349975579234826
00180,/Users/nikko/Downloads/moi-main/project_root/data/temp_frames/video15/frame_00180.png,"[810, 630, 1685, 1119]",RIGHT_ANKLE,-1.2942307077670632,0.02794389536063871,0.7740103602409363,0.49822770059108734,0.2644546441733837,0.3349975579234826
00180,/Users/nikko/Downloads/moi-main/project_root/data/temp_frames/video15/frame_00180.png,"[810, 630, 1685, 1119]",LEFT_EYE,1.15627524106119,0.7239887919394528,0.9999582767486572,0.49822770059108734,0.2644546441733837,0.3349975579234826
00180,/Users/nikko/Downloads/moi-main/project_root/data/temp_frames/video15/frame_00180.png,"[810, 630, 1685, 1119]",RIGHT_EYE,1.0665226243787695,0.7187741481674043,0.999984860420227,0.49822770059108734,0.2644546441733837,0.3349975579234826
00181,/Users/nikko/Downloads/moi-main/project_root/data/temp_frames/video15/frame_00181.png,"[810, 648, 1687, 1118]",LEFT_SHOULDER,0.7042859674236592,0.023464893022305398,0.9998928308486938,0.5011610388755798,0.26882947608828545,0.34507426893261195
00181,/Users/nikko/Downloads/moi-main/project_root/data/temp_frames/video15/frame_00181.png,"[810, 648, 1687, 1118]",RIGHT_SHOULDER,0.1725711635673168,0.31672528940326106,0.999897837638855,0.5011610388755798,0.26882947608828545,0.34507426893261195
00181,/Users/nikko/Downloads/moi-main/project_root/data/temp_frames/video15/frame_00181.png,"[810, 648, 1687, 1118]",LEFT_HIP,-0.28023802994811847,-0.20284284544267084,0.999816358089447,0.5011610388755798,0.26882947608828545,0.34507426893261195
00181,/Users/nikko/Downloads/moi-main/project_root/data/temp_frames/video15/frame_00181.png,"[810, 648, 1687, 1118]",RIGHT_HIP,-0.5966191010428575,-0.13734733698289558,0.9999271631240845,0.5011610388755798,0.26882947608828545,0.34507426893261195
00181,/Users/nikko/Downloads/moi-main/project_root/data/temp_frames/video15/frame_00181.png,"[810, 648, 1687, 1118]",RIGHT_ELBOW,-0.6573675167788899,0.2056491665748741,0.9930950999259949,0.5011610388755798,0.26882947608828545,0.34507426893261195
00181,/Users/nikko/Downloads/moi-main/project_root/data/temp_frames/video15/frame_00181.png,"[810, 648, 1687, 1118]",RIGHT_WRIST,-0.5104777487276593,1.5006023944312492,0.9988961219787598,0.5011610388755798,0.26882947608828545,0.34507426893261195
00181,/Users/nikko/Downloads/moi-main/project_root/data/temp_frames/video15/frame_00181.png,"[810, 648, 1687, 1118]",RIGHT_KNEE,-1.013618622123203,-0.020654642284823745,0.8186447620391846,0.5011610388755798,0.26882947608828545,0.34507426893261195
00181,/Users/nikko/Downloads/moi-main/project_root/data/temp_frames/video15/frame_00181.png,"[810, 648, 1687, 1118]",RIGHT_ANKLE,-1.2708449483346818,-0.06938062499270917,0.7995796203613281,0.5011610388755798,0.26882947608828545,0.34507426893261195
00181,/Users/nikko/Downloads/moi-main/project_root/data/temp_frames/video15/frame_00181.png,"[810, 648, 1687, 1118]",LEFT_EYE,1.081573156655274,0.8689880424428709,0.999957799911499,0.5011610388755798,0.26882947608828545,0.34507426893261195
00181,/Users/nikko/Downloads/moi-main/project_root/data/temp_frames/video15/frame_00181.png,"[810, 648, 1687, 1118]",RIGHT_EYE,0.995004038736912,0.8389786401286127,0.9999865293502808,0.5011610388755798,0.26882947608828545,0.34507426893261195
00182,/Users/nikko/Downloads/moi-main/project_root/data/temp_frames/video15/frame_00182.png,"[810, 648, 1687, 1119]",LEFT_SHOULDER,0.6889063838263628,-0.008257985412191035,0.9999008178710938,0.5061674937605858,0.2674514539539814,0.35470393033171477
00182,/Users/nikko/Downloads/moi-main/project_root/data/temp_frames/video15/frame_00182.png,"[810, 648, 1687, 1119]",RIGHT_SHOULDER,0.1648092386644636,0.3593098042820613,0.999914288520813,0.5061674937605858,0.2674514539539814,0.35470393033171477
00182,/Users/nikko/Downloads/moi-main/project_root/data/temp_frames/video15/frame_00182.png,"[810, 648, 1687, 1119]",LEFT_HIP,-0.269997457897544,-0.21591115866861302,0.9998663663864136,0.5061674937605858,0.2674514539539814,0.35470393033171477
00182,/Users/nikko/Downloads/moi-main/project_root/data/temp_frames/video15/frame_00182.png,"[810, 648, 1687, 1119]",RIGHT_HIP,-0.5837181645932824,-0.13514066020125723,0.999948263168335,0.5061674937605858,0.2674514539539814,0.35470393033171477
00182,/Users/nikko/Downloads/moi-main/project_root/data/temp_frames/video15/frame_00182.png,"[810, 648, 1687, 1119]",RIGHT_ELBOW,-0.6426922488988268,0.22912408236360296,0.990715742111206,0.5061674937605858,0.2674514539539814,0.35470393033171477
00182,/Users/nikko/Downloads/moi-main/project_root/data/temp_frames/video15/frame_00182.png,"[810, 648, 1687, 1119]",RIGHT_WRIST,-0.49820787226425833,1.4768850984291342,0.9990043044090271,0.5061674937605858,0.2674514539539814,0.35470393033171477
00182,/Users/nikko/Downloads/moi-main/project_root/data/temp_frames/video15/frame_00182.png,"[810, 648, 1687, 1119]",RIGHT_KNEE,-0.9808327348570699,-0.03636671693516069,0.839322566986084,0.5061674937605858,0.2674514539539814,0.35470393033171477
00182,/Users/nikko/Downloads/moi-main/project_root/data/temp_frames/video15/frame_00182.png,"[810, 648, 1687, 1119]",RIGHT_ANKLE,-1.2331131940843534,-0.040905156203618426,0.8472291231155396,0.5061674937605858,0.2674514539539814,0.35470393033171477
00182,/Users/nikko/Downloads/moi-main/project_root/data/temp_frames/video15/frame_00182.png,"[810, 648, 1687, 1119]",LEFT_EYE,1.0419597547338333,0.8231811310555243,0.9999340772628784,0.5061674937605858,0.2674514539539814,0.35470393033171477
00182,/Users/nikko/Downloads/moi-main/project_root/data/temp_frames/video15/frame_00182.png,"[810, 648, 1687, 1119]",RIGHT_EYE,0.9590428322667061,0.8193318260968986,0.9999803304672241,0.5061674937605858,0.2674514539539814,0.35470393033171477
00183,/Users/nikko/Downloads/moi-main/project_root/data/temp_frames/video15/frame_00183.png,"[812, 668, 1684, 1118]",LEFT_SHOULDER,0.7118536230294278,0.07416364952017454,0.9997701048851013,0.5149770826101303,0.27568625658750534,0.3574632951771454
00183,/Users/nikko/Downloads/moi-main/project_root/data/temp_frames/video15/frame_00183.png,"[812, 668, 1684, 1118]",RIGHT_SHOULDER,0.15676701616938002,0.32485084428489075,0.9997488856315613,0.5149770826101303,0.27568625658750534,0.3574632951771454
00183,/Users/nikko/Downloads/moi-main/project_root/data/temp_frames/video15/frame_00183.png,"[812, 668, 1684, 1118]",LEFT_HIP,-0.2722070561248555,-0.17405791060684572,0.9997304081916809,0.5149770826101303,0.27568625658750534,0.3574632951771454
00183,/Users/nikko/Downloads/moi-main/project_root/data/temp_frames/video15/frame_00183.png,"[812, 668, 1684, 1118]",RIGHT_HIP,-0.5964135830739522,-0.2249565831982196,0.999875545501709,0.5149770826101303,0.27568625658750534,0.3574632951771454
00183,/Users/nikko/Downloads/moi-main/project_root/data/temp_frames/video15/frame_00183.png,"[812, 668, 1684, 1118]",RIGHT_ELBOW,-0.6862385854812075,0.11609336143480345,0.9797281622886658,0.5149770826101303,0.27568625658750534,0.3574632951771454
00183,/Users/nikko/Downloads/moi-main/project_root/data/temp_frames/video15/frame_00183.png,"[812, 668, 1684, 1118]",RIGHT_WRIST,-0.5311554692102133,1.392427455866954,0.9925623536109924,0.5149770826101303,0.27568625658750534,0.3574632951771454
00183,/Users/nikko/Downloads/moi-main/project_root/data/temp_frames/video15/frame_00183.png,"[812, 668, 1684, 1118]",LEFT_EYE,1.0280024419760885,0.879684334665597,0.999584972858429,0.5149770826101303,0.27568625658750534,0.3574632951771454
00183,/Users/nikko/Downloads/moi-main/project_root/data/temp_frames/video15/frame_00183.png,"[812, 668, 1684, 1118]",RIGHT_EYE,0.9250058782693462,0.8972707609344678,0.9998289346694946,0.5149770826101303,0.27568625658750534,0.3574632951771454
00184,/Users/nikko/Downloads/moi-main/project_root/data/temp_frames/video15/frame_00184.png,"[814, 684, 1690, 1117]",LEFT_SHOULDER,0.6837501476180766,0.0019193661255752737,0.9999185800552368,0.5414402559399605,0.28221679478883743,0.3437055333024082
00184,/Users/nikko/Downloads/moi-main/project_root/data/temp_frames/video15/frame_00184.png,"[814, 684, 1690, 1117]",RIGHT_SHOULDER,0.1358958603311081,0.42010667733073465,0.9999160766601562,0.5414402559399605,0.28221679478883743,0.3437055333024082
00184,/Users/nikko/Downloads/moi-main/project_root/data/temp_frames/video15/frame_00184.png,"[814, 684, 1690, 1117]",LEFT_HIP,-0.25120007378586695,-0.1954094550056039,0.9998241066932678,0.5414402559399605,0.28221679478883743,0.3437055333024082
00184,/Users/nikko/Downloads/moi-main/project_root/data/temp_frames/video15/frame_00184.png,"[814, 684, 1690, 1117]",RIGHT_HIP,-0.5684459341633177,-0.22661658845070604,0.9999287128448486,0.5414402559399605,0.28221679478883743,0.3437055333024082
00184,/Users/nikko/Downloads/moi-main/project_root/data/temp_frames/video15/frame_00184.png,"[814, 684, 1690, 1117]",RIGHT_ELBOW,-0.7770890070627339,0.008972093136046643,0.9890730977058411,0.5414402559399605,0.28221679478883743,0.3437055333024082
00184,/Users/nikko/Downloads/moi-main/project_root/data/temp_frames/video15/frame_00184.png,"[814, 684, 1690, 1117]",RIGHT_WRIST,-0.6376590444587086,1.4380681667746698,0.997728168964386,0.5414402559399605,0.28221679478883743,0.3437055333024082
00184,/Users/nikko/Downloads/moi-main/project_root/data/temp_frames/video15/frame_00184.png,"[814, 684, 1690, 1117]",RIGHT_KNEE,-1.0800252573575468,-0.11623041605064396,0.8191887736320496,0.5414402559399605,0.28221679478883743,0.3437055333024082
00184,/Users/nikko/Downloads/moi-main/project_root/data/temp_frames/video15/frame_00184.png,"[814, 684, 1690, 1117]",RIGHT_ANKLE,-1.3683949357991407,-0.2269722682829733,0.8194647431373596,0.5414402559399605,0.28221679478883743,0.3437055333024082
00184,/Users/nikko/Downloads/moi-main/project_root/data/temp_frames/video15/frame_00184.png,"[814, 684, 1690, 1117]",LEFT_EYE,1.0030094749348442,1.015278608261551,0.999966025352478,0.5414402559399605,0.28221679478883743,0.3437055333024082
00184,/Users/nikko/Downloads/moi-main/project_root/data/temp_frames/video15/frame_00184.png,"[814, 684, 1690, 1117]",RIGHT_EYE,0.8993254221825591,1.0208177450350508,0.9999881982803345,0.5414402559399605,0.28221679478883743,0.3437055333024082
00185,/Users/nikko/Downloads/moi-main/project_root/data/temp_frames/video15/frame_00185.png,"[814, 692, 1690, 1121]",LEFT_SHOULDER,0.6666846320643597,-0.035365304088493595,0.9995570778846741,0.5582723170518875,0.31991681829094887,0.34534171170978367
00185,/Users/nikko/Downloads/moi-main/project_root/data/temp_frames/video15/frame_00185.png,"[814, 692, 1690, 1121]",RIGHT_SHOULDER,0.1117849505641772,0.4443431299922243,0.9999483823776245,0.5582723170518875,0.31991681829094887,0.34534171170978367
00185,/Users/nikko/Downloads/moi-main/project_root/data/temp_frames/video15/frame_00185.png,"[814, 692, 1690, 1121]",LEFT_HIP,-0.2410727457550944,-0.26347098850170186,0.9998596906661987,0.5582723170518875,0.31991681829094887,0.34534171170978367
00185,/Users/nikko/Downloads/moi-main/project_root/data/temp_frames/video15/frame_00185.png,"[814, 692, 1690, 1121]",RIGHT_HIP,-0.5373968368734425,-0.14550683740202885,0.9999730587005615,0.5582723170518875,0.31991681829094887,0.34534171170978367
00185,/Users/nikko/Downloads/moi-main/project_root/data/temp_frames/video15/frame_00185.png,"[814, 692, 1690, 1121]",RIGHT_ELBOW,-0.7622737222358386,-0.10345499722578443,0.9833925366401672,0.5582723170518875,0.31991681829094887,0.34534171170978367
00185,/Users/nikko/Downloads/moi-main/project_root/data/temp_frames/video15/frame_00185.png,"[814, 692, 1690, 1121]",RIGHT_WRIST,-0.686314680908796,1.3023274932277786,0.9942212104797363,0.5582723170518875,0.31991681829094887,0.34534171170978367
00185,/Users/nikko/Downloads/moi-main/project_root/data/temp_frames/video15/frame_00185.png,"[814, 692, 1690, 1121]",RIGHT_KNEE,-1.1123562021476867,-0.24394367750676227,0.6044946908950806,0.5582723170518875,0.31991681829094887,0.34534171170978367
00185,/Users/nikko/Downloads/moi-main/project_root/data/temp_frames/video15/frame_00185.png,"[814, 692, 1690, 1121]",RIGHT_ANKLE,-1.3992219819063068,-0.40726514366656863,0.6091898083686829,0.5582723170518875,0.31991681829094887,0.34534171170978367
00185,/Users/nikko/Downloads/moi-main/project_root/data/temp_frames/video15/frame_00185.png,"[814, 692, 1690, 1121]",LEFT_EYE,0.9058714629988117,1.0313779681227817,0.9996947050094604,0.5582723170518875,0.31991681829094887,0.34534171170978367
00185,/Users/nikko/Downloads/moi-main/project_root/data/temp_frames/video15/frame_00185.png,"[814, 692, 1690, 1121]",RIGHT_EYE,0.820322462609893,1.006870352496699,0.9999483823776245,0.5582723170518875,0.31991681829094887,0.34534171170978367
00186,/Users/nikko/Downloads/moi-main/project_root/data/temp_frames/video15/frame_00186.png,"[815, 697, 1691, 1116]",LEFT_SHOULDER,0.6402324699673638,-0.03381580002431768,0.9998636245727539,0.549210749566555,0.339026253670454,0.3570116319359795
00186,/Users/nikko/Downloads/moi-main/project_root/data/temp_frames/video15/frame_00186.png,"[815, 697, 1691, 1116]",RIGHT_SHOULDER,0.11612870818562246,0.4626535943502738,0.9999535083770752,0.549210749566555,0.339026253670454,0.3570116319359795
00186,/Users/nikko/Downloads/moi-main/project_root/data/temp_frames/video15/frame_00186.png,"[815, 697, 1691, 1116]",LEFT_HIP,-0.2356875978282821,-0.2943184697675493,0.99981290102005,0.549210749566555,0.339026253670454,0.3570116319359795
00186,/Users/nikko/Downloads/moi-main/project_root/data/temp_frames/video15/frame_00186.png,"[815, 697, 1691, 1116]",RIGHT_HIP,-0.5206735803247042,-0.13451932455840682,0.9999524354934692,0.549210749566555,0.339026253670454,0.3570116319359795
00186,/Users/nikko/Downloads/moi-main/project_root/data/temp_frames/video15/frame_00186.png,"[815, 697, 1691, 1116]",RIGHT_ELBOW,-0.7356536006217199,-0.196442776266779,0.9808775186538696,0.549210749566555,0.339026253670454,0.3570116319359795
00186,/Users/nikko/Downloads/moi-main/project_root/data/temp_frames/video15/frame_00186.png,"[815, 697, 1691, 1116]",RIGHT_WRIST,-0.6384966038569788,1.1837825213431,0.9930545687675476,0.549210749566555,0.339026253670454,0.3570116319359795
00186,/Users/nikko/Downloads/moi-main/project_root/data/temp_frames/video15/frame_00186.png,"[815, 697, 1691, 1116]",LEFT_EYE,0.9022706606015752,1.123777625542058,0.9998878240585327,0.549210749566555,0.339026253670454,0.3570116319359795
00186,/Users/nikko/Downloads/moi-main/project_root/data/temp_frames/video15/frame_00186.png,"[815, 697, 1691, 1116]",RIGHT_EYE,0.8178067856437831,1.0713053760819575,0.9999706745147705,0.549210749566555,0.339026253670454,0.3570116319359795
00187,/Users/nikko/Downloads/moi-main/project_root/data/temp_frames/video15/frame_00187.png,"[814, 697, 1692, 1113]",LEFT_SHOULDER,0.604919307614204,-0.07240573202341742,0.999847412109375,0.5386075899004936,0.37853267788887024,0.3806920586999123
00187,/Users/nikko/Downloads/moi-main/project_root/data/temp_frames/video15/frame_00187.png,"[814, 697, 1692, 1113]",RIGHT_SHOULDER,0.12789480962327163,0.4972804012456087,0.999946117401123,0.5386075899004936,0.37853267788887024,0.3806920586999123
00187,/Users/nikko/Downloads/moi-main/project_root/data/temp_frames/video15/frame_00187.png,"[814, 697, 1692, 1113]",LEFT_HIP,-0.2352366455374242,-0.3230508401825561,0.9998199343681335,0.5386075899004936,0.37853267788887024,0.3806920586999123
00187,/Users/nikko/Downloads/moi-main/project_root/data/temp_frames/video15/frame_00187.png,"[814, 697, 1692, 1113]",RIGHT_HIP,-0.4975774717000514,-0.1018238290396352,0.9999536275863647,0.5386075899004936,0.37853267788887024,0.3806920586999123
00187,/Users/nikko/Downloads/moi-main/project_root/data/temp_frames/video15/frame_00187.png,"[814, 697, 1692, 1113]",RIGHT_ELBOW,-0.6249320980692831,-0.2390134269516799,0.9752649664878845,0.5386075899004936,0.37853267788887024,0.3806920586999123
00187,/Users/nikko/Downloads/moi-main/project_root/data/temp_frames/video15/frame_00187.png,"[814, 697, 1692, 1113]",RIGHT_WRIST,-0.5757977917737306,1.0264056435662714,0.9875915050506592,0.5386075899004936,0.37853267788887024,0.3806920586999123
00187,/Users/nikko/Downloads/moi-main/project_root/data/temp_frames/video15/frame_00187.png,"[814, 697, 1692, 1113]",LEFT_EYE,0.858550268386268,1.0530460466989566,0.9998600482940674,0.5386075899004936,0.37853267788887024,0.3806920586999123
00187,/Users/nikko/Downloads/moi-main/project_root/data/temp_frames/video15/frame_00187.png,"[814, 697, 1692, 1113]",RIGHT_EYE,0.7976277899844015,0.994794481997512,0.9999573230743408,0.5386075899004936,0.37853267788887024,0.3806920586999123
00188,/Users/nikko/Downloads/moi-main/project_root/data/temp_frames/video15/frame_00188.png,"[816, 697, 1691, 1112]",LEFT_SHOULDER,0.6144533521062864,-0.0953417625360297,0.9998366832733154,0.5426217168569565,0.39451003819704056,0.3681069703229737
00188,/Users/nikko/Downloads/moi-main/project_root/data/temp_frames/video15/frame_00188.png,"[816, 697, 1691, 1112]",RIGHT_SHOULDER,0.12259253949517303,0.49938223471689913,0.9999370574951172,0.5426217168569565,0.39451003819704056,0.3681069703229737
00188,/Users/nikko/Downloads/moi-main/project_root/data/temp_frames/video15/frame_00188.png,"[816, 697, 1691, 1112]",LEFT_HIP,-0.2307053187975979,-0.3057121379165318,0.9997534155845642,0.5426217168569565,0.39451003819704056,0.3681069703229737
00188,/Users/nikko/Downloads/moi-main/project_root/data/temp_frames/video15/frame_00188.png,"[816, 697, 1691, 1112]",RIGHT_HIP,-0.5063405728038615,-0.09832833426433767,0.9999337196350098,0.5426217168569565,0.39451003819704056,0.3681069703229737
00188,/Users/nikko/Downloads/moi-main/project_root/data/temp_frames/video15/frame_00188.png,"[816, 697, 1691, 1112]",RIGHT_ELBOW,-0.6677751822603333,-0.28847553294061035,0.9461095929145813,0.5426217168569565,0.39451003819704056,0.3681069703229737
00188,/Users/nikko/Downloads/moi-main/project_root/data/temp_frames/video15/frame_00188.png,"[816, 697, 1691, 1112]",RIGHT_WRIST,-0.6203811573816598,1.0374717999877172,0.9794274568557739,0.5426217168569565,0.39451003819704056,0.3681069703229737
00188,/Users/nikko/Downloads/moi-main/project_root/data/temp_frames/video15/frame_00188.png,"[816, 697, 1691, 1112]",LEFT_EYE,0.8637236441096903,1.019053163857975,0.9990536570549011,0.5426217168569565,0.39451003819704056,0.3681069703229737
00188,/Users/nikko/Downloads/moi-main/project_root/data/temp_frames/video15/frame_00188.png,"[816, 697, 1691, 1112]",RIGHT_EYE,0.8035661925619279,0.9568835066734275,0.9997352957725525,0.5426217168569565,0.39451003819704056,0.3681069703229737
00189,/Users/nikko/Downloads/moi-main/project_root/data/temp_frames/video15/frame_00189.png,"[817, 699, 1692, 1109]",LEFT_SHOULDER,0.6076206268990154,-0.05098116466852658,0.9998032450675964,0.5352636277675629,0.39524882286787033,0.3750773049896011
00189,/Users/nikko/Downloads/moi-main/project_root/data/temp_frames/video15/frame_00189.png,"[817, 699, 1692, 1109]",RIGHT_SHOULDER,0.12068239521312439,0.4943140376767714,0.9999368190765381,0.5352636277675629,0.39524882286787033,0.3750773049896011
00189,/Users/nikko/Downloads/moi-main/project_root/data/temp_frames/video15/frame_00189.png,"[817, 699, 1692, 1109]",LEFT_HIP,-0.22840162462488814,-0.32482609553850994,0.999876856803894,0.5352636277675629,0.39524882286787033,0.3750773049896011
00189,/Users/nikko/Downloads/moi-main/project_root/data/temp_frames/video15/frame_00189.png,"[817, 699, 1692, 1109]",RIGHT_HIP,-0.49990139748725165,-0.11850677746973493,0.9999696016311646,0.5352636277675629,0.39524882286787033,0.3750773049896011
00189,/Users/nikko/Downloads/moi-main/project_root/data/temp_frames/video15/frame_00189.png,"[817, 699, 1692, 1109]",RIGHT_ELBOW,-0.6312166588558795,-0.2947983793504144,0.9808462262153625,0.5352636277675629,0.39524882286787033,0.3750773049896011
00189,/Users/nikko/Downloads/moi-main/project_root/data/temp_frames/video15/frame_00189.png,"[817, 699, 1692, 1109]",RIGHT_WRIST,-0.5952556889356818,1.0305438913042866,0.9806190729141235,0.5352636277675629,0.39524882286787033,0.3750773049896011
00189,/Users/nikko/Downloads/moi-main/project_root/data/temp_frames/video15/frame_00189.png,"[817, 699, 1692, 1109]",LEFT_EYE,0.8512052724639015,1.111398169714921,0.9998356103897095,0.5352636277675629,0.39524882286787033,0.3750773049896011
00189,/Users/nikko/Downloads/moi-main/project_root/data/temp_frames/video15/frame_00189.png,"[817, 699, 1692, 1109]",RIGHT_EYE,0.7866174835547391,1.0085228456942643,0.9999520778656006,0.5352636277675629,0.39524882286787033,0.3750773049896011
00190,/Users/nikko/Downloads/moi-main/project_root/data/temp_frames/video15/frame_00190.png,"[816, 699, 1689, 1107]",LEFT_SHOULDER,0.601411230518918,-0.027034478271918384,0.9998785257339478,0.5399009883403778,0.40244433283805847,0.37657038609264604
00190,/Users/nikko/Downloads/moi-main/project_root/data/temp_frames/video15/frame_00190.png,"[816, 699, 1689, 1107]",RIGHT_SHOULDER,0.11512254082119625,0.4952896830240685,0.9999532699584961,0.5399009883403778,0.40244433283805847,0.37657038609264604
00190,/Users/nikko/Downloads/moi-main/project_root/data/temp_frames/video15/frame_00190.png,"[816, 699, 1689, 1107]",LEFT_HIP,-0.22404110506703043,-0.3398820918750254,0.9998621940612793,0.5399009883403778,0.40244433283805847,0.37657038609264604
00190,/Users/nikko/Downloads/moi-main/project_root/data/temp_frames/video15/frame_00190.png,"[816, 699, 1689, 1107]",RIGHT_HIP,-0.49249266627308375,-0.12837311287712477,0.9999630451202393,0.5399009883403778,0.40244433283805847,0.37657038609264604
00190,/Users/nikko/Downloads/moi-main/project_root/data/temp_frames/video15/frame_00190.png,"[816, 699, 1689, 1107]",RIGHT_ELBOW,-0.6379594595030026,-0.29261035613623154,0.9711360335350037,0.5399009883403778,0.40244433283805847,0.37657038609264604
00190,/Users/nikko/Downloads/moi-main/project_root/data/temp_frames/video15/frame_00190.png,"[816, 699, 1689, 1107]",RIGHT_WRIST,-0.6083594531903205,1.0118995158302104,0.9828101396560669,0.5399009883403778,0.40244433283805847,0.37657038609264604
00190,/Users/nikko/Downloads/moi-main/project_root/data/temp_frames/video15/frame_00190.png,"[816, 699, 1689, 1107]",LEFT_EYE,0.8389463467094461,1.151848330481415,0.9998846054077148,0.5399009883403778,0.40244433283805847,0.37657038609264604
00190,/Users/nikko/Downloads/moi-main/project_root/data/temp_frames/video15/frame_00190.png,"[816, 699, 1689, 1107]",RIGHT_EYE,0.7651173555782664,1.0257760175302886,0.9999662637710571,0.5399009883403778,0.40244433283805847,0.37657038609264604
00191,/Users/nikko/Downloads/moi-main/project_root/data/temp_frames/video15/frame_00191.png,"[814, 698, 1688, 1105]",LEFT_SHOULDER,0.5927415512620756,-0.02750180661864216,0.9997966885566711,0.5332084745168686,0.3805218040943146,0.37812219772424194
00191,/Users/nikko/Downloads/moi-main/project_root/data/temp_frames/video15/frame_00191.png,"[814, 698, 1688, 1105]",RIGHT_SHOULDER,0.12026288751109998,0.5058998367325399,0.9999183416366577,0.5332084745168686,0.3805218040943146,0.37812219772424194
00191,/Users/nikko/Downloads/moi-main/project_root/data/temp_frames/video15/frame_00191.png,"[814, 698, 1688, 1105]",LEFT_HIP,-0.2227804048213289,-0.33825171331870785,0.9998825788497925,0.5332084745168686,0.3805218040943146,0.37812219772424194
00191,/Users/nikko/Downloads/moi-main/project_root/data/temp_frames/video15/frame_00191.png,"[814, 698, 1688, 1105]",RIGHT_HIP,-0.49022403395184666,-0.14014631679518993,0.9999680519104004,0.5332084745168686,0.3805218040943146,0.37812219772424194
00191,/Users/nikko/Downloads/moi-main/project_root/data/temp_frames/video15/frame_00191.png,"[814, 698, 1688, 1105]",RIGHT_ELBOW,-0.6135618345769349,-0.27306057603303846,0.9688571095466614,0.5332084745168686,0.3805218040943146,0.37812219772424194
00191,/Users/nikko/Downloads/moi-main/project_root/data/temp_frames/video15/frame_00191.png,"[814, 698, 1688, 1105]",RIGHT_WRIST,-0.5934320638741625,1.0631792186260753,0.9745652079582214,0.5332084745168686,0.3805218040943146,0.37812219772424194
00191,/Users/nikko/Downloads/moi-main/project_root/data/temp_frames/video15/frame_00191.png,"[814, 698, 1688, 1105]",LEFT_EYE,0.8461439953859414,1.1464408053579704,0.999724805355072,0.5332084745168686,0.3805218040943146,0.37812219772424194
00191,/Users/nikko/Downloads/moi-main/project_root/data/temp_frames/video15/frame_00191.png,"[814, 698, 1688, 1105]",RIGHT_EYE,0.7764103396794279,1.0473643438782518,0.9999167919158936,0.5332084745168686,0.3805218040943146,0.37812219772424194
00192,/Users/nikko/Downloads/moi-main/project_root/data/temp_frames/video15/frame_00192.png,"[812, 698, 1686, 1105]",LEFT_SHOULDER,0.6047078601690972,-0.001710045392609014,0.9998623132705688,0.5260377302765846,0.3585577830672264,0.3867881492214526
00192,/Users/nikko/Downloads/moi-main/project_root/data/temp_frames/video15/frame_00192.png,"[812, 698, 1686, 1105]",RIGHT_SHOULDER,0.13142385075566781,0.5033241952745293,0.9999659061431885,0.5260377302765846,0.3585577830672264,0.3867881492214526
00192,/Users/nikko/Downloads/moi-main/project_root/data/temp_frames/video15/frame_00192.png,"[812, 698, 1686, 1105]",LEFT_HIP,-0.21910804391990177,-0.27824700940805397,0.9998465776443481,0.5260377302765846,0.3585577830672264,0.3867881492214526
00192,/Users/nikko/Downloads/moi-main/project_root/data/temp_frames/video15/frame_00192.png,"[812, 698, 1686, 1105]",RIGHT_HIP,-0.5170236670048632,-0.22336714047386638,0.9999645948410034,0.5260377302765846,0.3585577830672264,0.3867881492214526
00192,/Users/nikko/Downloads/moi-main/project_root/data/temp_frames/video15/frame_00192.png,"[812, 698, 1686, 1105]",RIGHT_ELBOW,-0.5743331006281974,-0.17472799816651594,0.9846982359886169,0.5260377302765846,0.3585577830672264,0.3867881492214526
00192,/Users/nikko/Downloads/moi-main/project_root/data/temp_frames/video15/frame_00192.png,"[812, 698, 1686, 1105]",RIGHT_WRIST,-0.5638021874641383,1.0671747513557428,0.9963962435722351,0.5260377302765846,0.3585577830672264,0.3867881492214526
00192,/Users/nikko/Downloads/moi-main/project_root/data/temp_frames/video15/frame_00192.png,"[812, 698, 1686, 1105]",LEFT_EYE,0.8622562027622614,1.1600637621507708,0.9998706579208374,0.5260377302765846,0.3585577830672264,0.3867881492214526
00192,/Users/nikko/Downloads/moi-main/project_root/data/temp_frames/video15/frame_00192.png,"[812, 698, 1686, 1105]",RIGHT_EYE,0.8047701687879338,1.1000461482758153,0.9999691247940063,0.5260377302765846,0.3585577830672264,0.3867881492214526
00193,/Users/nikko/Downloads/moi-main/project_root/data/temp_frames/video15/frame_00193.png,"[812, 698, 1686, 1105]",LEFT_SHOULDER,0.6093385298954008,-0.017035326049220912,0.9998531341552734,0.5296052470803261,0.36849403381347656,0.3779705382745416
00193,/Users/nikko/Downloads/moi-main/project_root/data/temp_frames/video15/frame_00193.png,"[812, 698, 1686, 1105]",RIGHT_SHOULDER,0.12488168103245376,0.4866664927320313,0.9999630451202393,0.5296052470803261,0.36849403381347656,0.3779705382745416
00193,/Users/nikko/Downloads/moi-main/project_root/data/temp_frames/video15/frame_00193.png,"[812, 698, 1686, 1105]",LEFT_HIP,-0.23258766638615702,-0.3185161740061061,0.9998431205749512,0.5296052470803261,0.36849403381347656,0.3779705382745416
00193,/Users/nikko/Downloads/moi-main/project_root/data/temp_frames/video15/frame_00193.png,"[812, 698, 1686, 1105]",RIGHT_HIP,-0.5016325445416976,-0.15111499267670425,0.9999634027481079,0.5296052470803261,0.36849403381347656,0.3779705382745416
00193,/Users/nikko/Downloads/moi-main/project_root/data/temp_frames/video15/frame_00193.png,"[812, 698, 1686, 1105]",RIGHT_ELBOW,-0.6273311133451576,-0.2587268726222662,0.9845097661018372,0.5296052470803261,0.36849403381347656,0.3779705382745416
00193,/Users/nikko/Downloads/moi-main/project_root/data/temp_frames/video15/frame_00193.png,"[812, 698, 1686, 1105]",RIGHT_WRIST,-0.5841586902510029,1.0662676545185787,0.9967038035392761,0.5296052470803261,0.36849403381347656,0.3779705382745416
00193,/Users/nikko/Downloads/moi-main/project_root/data/temp_frames/video15/frame_00193.png,"[812, 698, 1686, 1105]",LEFT_EYE,0.8715924432524612,1.1542039741529913,0.9998435974121094,0.5296052470803261,0.36849403381347656,0.3779705382745416
00193,/Users/nikko/Downloads/moi-main/project_root/data/temp_frames/video15/frame_00193.png,"[812, 698, 1686, 1105]",RIGHT_EYE,0.8126948369341178,1.0908609024714246,0.9999631643295288,0.5296052470803261,0.36849403381347656,0.3779705382745416
00194,/Users/nikko/Downloads/moi-main/project_root/data/temp_frames/video15/frame_00194.png,"[812, 698, 1683, 1107]",LEFT_SHOULDER,0.6316890962694619,0.022560193593262376,0.9998959302902222,0.5332609042525291,0.3477035351097584,0.3628340517559695
00194,/Users/nikko/Downloads/moi-main/project_root/data/temp_frames/video15/frame_00194.png,"[812, 698, 1683, 1107]",RIGHT_SHOULDER,0.10478239658133547,0.46477989457975977,0.9999669790267944,0.5332609042525291,0.3477035351097584,0.3628340517559695
00194,/Users/nikko/Downloads/moi-main/project_root/data/temp_frames/video15/frame_00194.png,"[812, 698, 1683, 1107]",LEFT_HIP,-0.23377035712260863,-0.3135088419448729,0.9998452663421631,0.5332609042525291,0.3477035351097584,0.3628340517559695
00194,/Users/nikko/Downloads/moi-main/project_root/data/temp_frames/video15/frame_00194.png,"[812, 698, 1683, 1107]",RIGHT_HIP,-0.5027011357281888,-0.17383124622814924,0.9999595880508423,0.5332609042525291,0.3477035351097584,0.3628340517559695
00194,/Users/nikko/Downloads/moi-main/project_root/data/temp_frames/video15/frame_00194.png,"[812, 698, 1683, 1107]",RIGHT_ELBOW,-0.6377362725732554,-0.16077021607063724,0.9795740842819214,0.5332609042525291,0.3477035351097584,0.3628340517559695
00194,/Users/nikko/Downloads/moi-main/project_root/data/temp_frames/video15/frame_00194.png,"[812, 698, 1683, 1107]",RIGHT_WRIST,-0.6103488823528365,1.193810664409793,0.9975659847259521,0.5332609042525291,0.3477035351097584,0.3628340517559695
00194,/Users/nikko/Downloads/moi-main/project_root/data/temp_frames/video15/frame_00194.png,"[812, 698, 1683, 1107]",LEFT_EYE,0.8793752280694148,1.1364649767285226,0.9998094439506531,0.5332609042525291,0.3477035351097584,0.3628340517559695
00194,/Users/nikko/Downloads/moi-main/project_root/data/temp_frames/video15/frame_00194.png,"[812, 698, 1683, 1107]",RIGHT_EYE,0.8205088446485481,1.045480158801561,0.9999598264694214,0.5332609042525291,0.3477035351097584,0.3628340517559695
00195,/Users/nikko/Downloads/moi-main/project_root/data/temp_frames/video15/frame_00195.png,"[812, 698, 1677, 1107]",LEFT_SHOULDER,0.6419688213560479,-0.04635084101084565,0.9998555183410645,0.5380896478891373,0.316415436565876,0.372130217944893
00195,/Users/nikko/Downloads/moi-main/project_root/data/temp_frames/video15/frame_00195.png,"[812, 698, 1677, 1107]",RIGHT_SHOULDER,0.11829315904256761,0.4610413089470273,0.9999394416809082,0.5380896478891373,0.316415436565876,0.372130217944893
00195,/Users/nikko/Downloads/moi-main/project_root/data/temp_frames/video15/frame_00195.png,"[812, 698, 1677, 1107]",LEFT_HIP,-0.23720702258191445,-0.2916904499537931,0.9998252987861633,0.5380896478891373,0.316415436565876,0.372130217944893
00195,/Users/nikko/Downloads/moi-main/project_root/data/temp_frames/video15/frame_00195.png,"[812, 698, 1677, 1107]",RIGHT_HIP,-0.5230549578167011,-0.12300001798238851,0.9999516010284424,0.5380896478891373,0.316415436565876,0.372130217944893
00195,/Users/nikko/Downloads/moi-main/project_root/data/temp_frames/video15/frame_00195.png,"[812, 698, 1677, 1107]",RIGHT_ELBOW,-0.6764532587583005,-0.1546308404398972,0.9805514812469482,0.5380896478891373,0.316415436565876,0.372130217944893
00195,/Users/nikko/Downloads/moi-main/project_root/data/temp_frames/video15/frame_00195.png,"[812, 698, 1677, 1107]",RIGHT_WRIST,-0.6214657517426759,1.221476755049794,0.9937240481376648,0.5380896478891373,0.316415436565876,0.372130217944893
00195,/Users/nikko/Downloads/moi-main/project_root/data/temp_frames/video15/frame_00195.png,"[812, 698, 1677, 1107]",LEFT_EYE,0.8922863994765715,1.0526911011382991,0.9996517896652222,0.5380896478891373,0.316415436565876,0.372130217944893
00195,/Users/nikko/Downloads/moi-main/project_root/data/temp_frames/video15/frame_00195.png,"[812, 698, 1677, 1107]",RIGHT_EYE,0.8303144552539138,1.0125497276887594,0.9999111890792847,0.5380896478891373,0.316415436565876,0.372130217944893
00196,/Users/nikko/Downloads/moi-main/project_root/data/temp_frames/video15/frame_00196.png,"[809, 689, 1677, 1106]",LEFT_SHOULDER,0.7105693118416511,-0.057809705411833646,0.9999088048934937,0.5438255816698074,0.29894741624593735,0.3264093954118291
00196,/Users/nikko/Downloads/moi-main/project_root/data/temp_frames/video15/frame_00196.png,"[809, 689, 1677, 1106]",RIGHT_SHOULDER,0.12160472089520508,0.3872468636098744,0.9998979568481445,0.5438255816698074,0.29894741624593735,0.3264093954118291
00196,/Users/nikko/Downloads/moi-main/project_root/data/temp_frames/video15/frame_00196.png,"[809, 689, 1677, 1106]",LEFT_HIP,-0.25261310949723087,-0.21448560969926256,0.9998189806938171,0.5438255816698074,0.29894741624593735,0.3264093954118291
00196,/Users/nikko/Downloads/moi-main/project_root/data/temp_frames/video15/frame_00196.png,"[809, 689, 1677, 1106]",RIGHT_HIP,-0.5795609232396253,-0.11495154849877819,0.9999234676361084,0.5438255816698074,0.29894741624593735,0.3264093954118291
00196,/Users/nikko/Downloads/moi-main/project_root/data/temp_frames/video15/frame_00196.png,"[809, 689, 1677, 1106]",RIGHT_ELBOW,-0.8078872543299842,-0.1438689211980373,0.9829744696617126,0.5438255816698074,0.29894741624593735,0.3264093954118291
00196,/Users/nikko/Downloads/moi-main/project_root/data/temp_frames/video15/frame_00196.png,"[809, 689, 1677, 1106]",RIGHT_WRIST,-0.7274189174668142,1.4325629064687708,0.9916414022445679,0.5438255816698074,0.29894741624593735,0.3264093954118291
00196,/Users/nikko/Downloads/moi-main/project_root/data/temp_frames/video15/frame_00196.png,"[809, 689, 1677, 1106]",LEFT_EYE,1.0184241014982582,1.0587374985476938,0.9998286962509155,0.5438255816698074,0.29894741624593735,0.3264093954118291
00196,/Users/nikko/Downloads/moi-main/project_root/data/temp_frames/video15/frame_00196.png,"[809, 689, 1677, 1106]",RIGHT_EYE,0.8938817359300097,1.100624990876759,0.9999411106109619,0.5438255816698074,0.29894741624593735,0.3264093954118291
00197,/Users/nikko/Downloads/moi-main/project_root/data/temp_frames/video15/frame_00197.png,"[812, 660, 1676, 1110]",LEFT_SHOULDER,0.7565666683441122,-0.05805843061506516,0.9999159574508667,0.5210492238402367,0.2877638451755047,0.32877550851296994
00197,/Users/nikko/Downloads/moi-main/project_root/data/temp_frames/video15/frame_00197.png,"[812, 660, 1676, 1110]",RIGHT_SHOULDER,0.14694466578038282,0.30318078209639254,0.9998763799667358,0.5210492238402367,0.2877638451755047,0.32877550851296994
00197,/Users/nikko/Downloads/moi-main/project_root/data/temp_frames/video15/frame_00197.png,"[812, 660, 1676, 1110]",LEFT_HIP,-0.2529449107950808,-0.1331158860974486,0.9998464584350586,0.5210492238402367,0.2877638451755047,0.32877550851296994
00197,/Users/nikko/Downloads/moi-main/project_root/data/temp_frames/video15/frame_00197.png,"[812, 660, 1676, 1110]",RIGHT_HIP,-0.6505664233294143,-0.1120064653838788,0.9999284744262695,0.5210492238402367,0.2877638451755047,0.32877550851296994
00197,/Users/nikko/Downloads/moi-main/project_root/data/temp_frames/video15/frame_00197.png,"[812, 660, 1676, 1110]",RIGHT_ELBOW,-0.7999870733737138,0.03588416375996764,0.9899240136146545,0.5210492238402367,0.2877638451755047,0.32877550851296994
00197,/Users/nikko/Downloads/moi-main/project_root/data/temp_frames/video15/frame_00197.png,"[812, 660, 1676, 1110]",RIGHT_WRIST,-0.6713018822428289,1.4801013398295857,0.9937031865119934,0.5210492238402367,0.2877638451755047,0.32877550851296994
00197,/Users/nikko/Downloads/moi-main/project_root/data/temp_frames/video15/frame_00197.png,"[812, 660, 1676, 1110]",RIGHT_KNEE,-1.1031334891466342,-0.0921886201664939,0.5957254767417908,0.5210492238402367,0.2877638451755047,0.32877550851296994
00197,/Users/nikko/Downloads/moi-main/project_root/data/temp_frames/video15/frame_00197.png,"[812, 660, 1676, 1110]",RIGHT_ANKLE,-1.389818583276887,-0.1803992335811798,0.5646998882293701,0.5210492238402367,0.2877638451755047,0.32877550851296994
00197,/Users/nikko/Downloads/moi-main/project_root/data/temp_frames/video15/frame_00197.png,"[812, 660, 1676, 1110]",LEFT_EYE,1.0709404135618317,0.8912651049416236,0.9999246597290039,0.5210492238402367,0.2877638451755047,0.32877550851296994
00197,/Users/nikko/Downloads/moi-main/project_root/data/temp_frames/video15/frame_00197.png,"[812, 660, 1676, 1110]",RIGHT_EYE,0.9677371091178978,0.9190750635988533,0.9999701976776123,0.5210492238402367,0.2877638451755047,0.32877550851296994
00198,/Users/nikko/Downloads/moi-main/project_root/data/temp_frames/video15/frame_00198.png,"[813, 636, 1672, 1110]",LEFT_SHOULDER,0.7652236972703451,0.004483443339519455,0.9998499155044556,0.49399183690547943,0.29586270824074745,0.3194500689666512
00198,/Users/nikko/Downloads/moi-main/project_root/data/temp_frames/video15/frame_00198.png,"[813, 636, 1672, 1110]",RIGHT_SHOULDER,0.17379685378652163,0.24210450596057184,0.9998108744621277,0.49399183690547943,0.29586270824074745,0.3194500689666512
00198,/Users/nikko/Downloads/moi-main/project_root/data/temp_frames/video15/frame_00198.png,"[813, 636, 1672, 1110]",LEFT_HIP,-0.28167937168693985,-0.09957976946518687,0.9997381567955017,0.49399183690547943,0.29586270824074745,0.3194500689666512
00198,/Users/nikko/Downloads/moi-main/project_root/data/temp_frames/video15/frame_00198.png,"[813, 636, 1672, 1110]",RIGHT_HIP,-0.6573411793699269,-0.1470081798349044,0.9998787641525269,0.49399183690547943,0.29586270824074745,0.3194500689666512
00198,/Users/nikko/Downloads/moi-main/project_root/data/temp_frames/video15/frame_00198.png,"[813, 636, 1672, 1110]",RIGHT_ELBOW,-0.7533984890800652,0.15540817412736588,0.9902418255805969,0.49399183690547943,0.29586270824074745,0.3194500689666512
00198,/Users/nikko/Downloads/moi-main/project_root/data/temp_frames/video15/frame_00198.png,"[813, 636, 1672, 1110]",RIGHT_WRIST,-0.6244102966124127,1.5640403631051643,0.9975806474685669,0.49399183690547943,0.29586270824074745,0.3194500689666512
00198,/Users/nikko/Downloads/moi-main/project_root/data/temp_frames/video15/frame_00198.png,"[813, 636, 1672, 1110]",RIGHT_KNEE,-1.0340284591360636,-0.007941916043528124,0.5235859155654907,0.49399183690547943,0.29586270824074745,0.3194500689666512
00198,/Users/nikko/Downloads/moi-main/project_root/data/temp_frames/video15/frame_00198.png,"[813, 636, 1672, 1110]",RIGHT_ANKLE,-1.3225237403625663,-0.12321385964354957,0.50042724609375,0.49399183690547943,0.29586270824074745,0.3194500689666512
00198,/Users/nikko/Downloads/moi-main/project_root/data/temp_frames/video15/frame_00198.png,"[813, 636, 1672, 1110]",LEFT_EYE,1.1694630758644113,0.8001778512814346,0.9998419284820557,0.49399183690547943,0.29586270824074745,0.3194500689666512
00198,/Users/nikko/Downloads/moi-main/project_root/data/temp_frames/video15/frame_00198.png,"[813, 636, 1672, 1110]",RIGHT_EYE,1.0718262294148435,0.7757129906426963,0.9999419450759888,0.49399183690547943,0.29586270824074745,0.3194500689666512
00199,/Users/nikko/Downloads/moi-main/project_root/data/temp_frames/video15/frame_00199.png,"[815, 609, 1670, 1107]",LEFT_SHOULDER,0.7588866795775256,-0.01813821427805278,0.9999030828475952,0.48309309780597687,0.31164323538541794,0.32770789098655223
00199,/Users/nikko/Downloads/moi-main/project_root/data/temp_frames/video15/frame_00199.png,"[815, 609, 1670, 1107]",RIGHT_SHOULDER,0.20041588300471738,0.21175856748519953,0.9998664855957031,0.48309309780597687,0.31164323538541794,0.32770789098655223
00199,/Users/nikko/Downloads/moi-main/project_root/data/temp_frames/video15/frame_00199.png,"[815, 609, 1670, 1107]",LEFT_HIP,-0.3397898128419082,-0.09042042880317581,0.9997381567955017,0.48309309780597687,0.31164323538541794,0.32770789098655223
00199,/Users/nikko/Downloads/moi-main/project_root/data/temp_frames/video15/frame_00199.png,"[815, 609, 1670, 1107]",RIGHT_HIP,-0.6195127497403349,-0.10319992440397095,0.9998748302459717,0.48309309780597687,0.31164323538541794,0.32770789098655223
00199,/Users/nikko/Downloads/moi-main/project_root/data/temp_frames/video15/frame_00199.png,"[815, 609, 1670, 1107]",RIGHT_ELBOW,-0.7004627114489097,0.17241244631959637,0.9920165538787842,0.48309309780597687,0.31164323538541794,0.32770789098655223
00199,/Users/nikko/Downloads/moi-main/project_root/data/temp_frames/video15/frame_00199.png,"[815, 609, 1670, 1107]",LEFT_WRIST,0.7269106580566781,1.1839805849899878,0.5989627242088318,0.48309309780597687,0.31164323538541794,0.32770789098655223
00199,/Users/nikko/Downloads/moi-main/project_root/data/temp_frames/video15/frame_00199.png,"[815, 609, 1670, 1107]",RIGHT_WRIST,-0.5856967951475901,1.5034927111602991,0.9986339211463928,0.48309309780597687,0.31164323538541794,0.32770789098655223
00199,/Users/nikko/Downloads/moi-main/project_root/data/temp_frames/video15/frame_00199.png,"[815, 609, 1670, 1107]",RIGHT_KNEE,-1.0216623978232868,0.03410271660139245,0.5674277544021606,0.48309309780597687,0.31164323538541794,0.32770789098655223
00199,/Users/nikko/Downloads/moi-main/project_root/data/temp_frames/video15/frame_00199.png,"[815, 609, 1670, 1107]",RIGHT_ANKLE,-1.2972954350548904,-0.02909532856075041,0.5539436340332031,0.48309309780597687,0.31164323538541794,0.32770789098655223
00199,/Users/nikko/Downloads/moi-main/project_root/data/temp_frames/video15/frame_00199.png,"[815, 609, 1670, 1107]",LEFT_EYE,1.213882339337366,0.5833883075497102,0.9998065829277039,0.48309309780597687,0.31164323538541794,0.32770789098655223
00199,/Users/nikko/Downloads/moi-main/project_root/data/temp_frames/video15/frame_00199.png,"[815, 609, 1670, 1107]",RIGHT_EYE,1.1028754084845338,0.5743235997168499,0.9999250173568726,0.48309309780597687,0.31164323538541794,0.32770789098655223
00200,/Users/nikko/Downloads/moi-main/project_root/data/temp_frames/video15/frame_00200.png,"[813, 571, 1659, 1107]",LEFT_SHOULDER,0.8334476887148196,0.0024919134224714924,0.999866247177124,0.46080510318279266,0.3253750428557396,0.31994658077064186
00200,/Users/nikko/Downloads/moi-main/project_root/data/temp_frames/video15/frame_00200.png,"[813, 571, 1659, 1107]",RIGHT_SHOULDER,0.14248321711207618,0.14518625003933816,0.9998319149017334,0.46080510318279266,0.3253750428557396,0.31994658077064186
00200,/Users/nikko/Downloads/moi-main/project_root/data/temp_frames/video15/frame_00200.png,"[813, 571, 1659, 1107]",LEFT_HIP,-0.3422892686957193,-0.07095299007574099,0.9996770620346069,0.46080510318279266,0.3253750428557396,0.31994658077064186
00200,/Users/nikko/Downloads/moi-main/project_root/data/temp_frames/video15/frame_00200.png,"[813, 571, 1659, 1107]",RIGHT_HIP,-0.6336416371311764,-0.07672517338606866,0.9998317956924438,0.46080510318279266,0.3253750428557396,0.31994658077064186
00200,/Users/nikko/Downloads/moi-main/project_root/data/temp_frames/video15/frame_00200.png,"[813, 571, 1659, 1107]",RIGHT_ELBOW,-0.6928657114934467,0.26579868806183016,0.9856634140014648,0.46080510318279266,0.3253750428557396,0.31994658077064186
00200,/Users/nikko/Downloads/moi-main/project_root/data/temp_frames/video15/frame_00200.png,"[813, 571, 1659, 1107]",LEFT_WRIST,0.814654746041313,1.1984647661862917,0.5584869384765625,0.46080510318279266,0.3253750428557396,0.31994658077064186
00200,/Users/nikko/Downloads/moi-main/project_root/data/temp_frames/video15/frame_00200.png,"[813, 571, 1659, 1107]",RIGHT_WRIST,-0.5297771748251334,1.513624223751409,0.9980588555335999,0.46080510318279266,0.3253750428557396,0.31994658077064186
00200,/Users/nikko/Downloads/moi-main/project_root/data/temp_frames/video15/frame_00200.png,"[813, 571, 1659, 1107]",LEFT_EYE,1.3238056896275157,0.4755087733831105,0.9993149042129517,0.46080510318279266,0.3253750428557396,0.31994658077064186
00200,/Users/nikko/Downloads/moi-main/project_root/data/temp_frames/video15/frame_00200.png,"[813, 571, 1659, 1107]",RIGHT_EYE,1.2253626159902646,0.47680753325749564,0.9997335076332092,0.46080510318279266,0.3253750428557396,0.31994658077064186
00201,/Users/nikko/Downloads/moi-main/project_root/data/temp_frames/video15/frame_00201.png,"[803, 508, 1646, 1103]",LEFT_SHOULDER,0.8451287680563827,-0.005090523899692913,0.9998213648796082,0.46078069508075714,0.34417859464883804,0.32027027648329476
00201,/Users/nikko/Downloads/moi-main/project_root/data/temp_frames/video15/frame_00201.png,"[803, 508, 1646, 1103]",RIGHT_SHOULDER,0.15108113634593143,-0.04492800674218485,0.9996631145477295,0.46078069508075714,0.34417859464883804,0.32027027648329476
00201,/Users/nikko/Downloads/moi-main/project_root/data/temp_frames/video15/frame_00201.png,"[803, 508, 1646, 1103]",LEFT_HIP,-0.35314176851189316,0.042520103630684515,0.9996069073677063,0.46078069508075714,0.34417859464883804,0.32027027648329476
00201,/Users/nikko/Downloads/moi-main/project_root/data/temp_frames/video15/frame_00201.png,"[803, 508, 1646, 1103]",RIGHT_HIP,-0.643068135890421,0.007498427011193247,0.9997536540031433,0.46078069508075714,0.34417859464883804,0.32027027648329476
00201,/Users/nikko/Downloads/moi-main/project_root/data/temp_frames/video15/frame_00201.png,"[803, 508, 1646, 1103]",RIGHT_ELBOW,-0.6719743723021467,0.40827413299605386,0.9869825839996338,0.46078069508075714,0.34417859464883804,0.32027027648329476
00201,/Users/nikko/Downloads/moi-main/project_root/data/temp_frames/video15/frame_00201.png,"[803, 508, 1646, 1103]",LEFT_WRIST,0.8518857667439366,1.1930781189075608,0.6004498600959778,0.46078069508075714,0.34417859464883804,0.32027027648329476
00201,/Users/nikko/Downloads/moi-main/project_root/data/temp_frames/video15/frame_00201.png,"[803, 508, 1646, 1103]",RIGHT_WRIST,-0.5173401679405866,1.5065693959128288,0.9965667724609375,0.46078069508075714,0.34417859464883804,0.32027027648329476
00201,/Users/nikko/Downloads/moi-main/project_root/data/temp_frames/video15/frame_00201.png,"[803, 508, 1646, 1103]",LEFT_EYE,1.284289761418426,0.2350576239217426,0.9992986917495728,0.46078069508075714,0.34417859464883804,0.32027027648329476
00201,/Users/nikko/Downloads/moi-main/project_root/data/temp_frames/video15/frame_00201.png,"[803, 508, 1646, 1103]",RIGHT_EYE,1.1483621814634304,0.16690484195462266,0.9996888637542725,0.46078069508075714,0.34417859464883804,0.32027027648329476
00202,/Users/nikko/Downloads/moi-main/project_root/data/temp_frames/video15/frame_00202.png,"[801, 470, 1641, 1100]",LEFT_SHOULDER,0.8151266799298162,-0.059333660027171796,0.99989914894104,0.4622817784547806,0.3643120378255844,0.3244844763764534
00202,/Users/nikko/Downloads/moi-main/project_root/data/temp_frames/video15/frame_00202.png,"[801, 470, 1641, 1100]",RIGHT_SHOULDER,0.15402664300464738,-0.10604214924603846,0.9998131394386292,0.4622817784547806,0.3643120378255844,0.3244844763764534
00202,/Users/nikko/Downloads/moi-main/project_root/data/temp_frames/video15/frame_00202.png,"[801, 470, 1641, 1100]",LEFT_HIP,-0.33128179462111007,0.14106224216916755,0.9997492432594299,0.4622817784547806,0.3643120378255844,0.3244844763764534
00202,/Users/nikko/Downloads/moi-main/project_root/data/temp_frames/video15/frame_00202.png,"[801, 470, 1641, 1100]",RIGHT_HIP,-0.6378715283133536,0.024313567104042706,0.9998316764831543,0.4622817784547806,0.3643120378255844,0.3244844763764534
00202,/Users/nikko/Downloads/moi-main/project_root/data/temp_frames/video15/frame_00202.png,"[801, 470, 1641, 1100]",RIGHT_ELBOW,-0.6739557390366305,0.3943405557873546,0.992842435836792,0.4622817784547806,0.3643120378255844,0.3244844763764534
00202,/Users/nikko/Downloads/moi-main/project_root/data/temp_frames/video15/frame_00202.png,"[801, 470, 1641, 1100]",LEFT_WRIST,0.8227061083209264,1.1833763732954463,0.7205927968025208,0.4622817784547806,0.3643120378255844,0.3244844763764534
00202,/Users/nikko/Downloads/moi-main/project_root/data/temp_frames/video15/frame_00202.png,"[801, 470, 1641, 1100]",RIGHT_WRIST,-0.529941915503364,1.452369298642228,0.9977074861526489,0.4622817784547806,0.3643120378255844,0.3244844763764534
00202,/Users/nikko/Downloads/moi-main/project_root/data/temp_frames/video15/frame_00202.png,"[801, 470, 1641, 1100]",LEFT_EYE,1.2923220688969979,0.07482738419238336,0.9984229803085327,0.4622817784547806,0.3643120378255844,0.3244844763764534
00202,/Users/nikko/Downloads/moi-main/project_root/data/temp_frames/video15/frame_00202.png,"[801, 470, 1641, 1100]",RIGHT_EYE,1.190094753492496,0.04469161585166946,0.9992608428001404,0.4622817784547806,0.3643120378255844,0.3244844763764534
00203,/Users/nikko/Downloads/moi-main/project_root/data/temp_frames/video15/frame_00203.png,"[800, 437, 1632, 1097]",LEFT_SHOULDER,0.8068378953209147,-0.06227816145478285,0.9998942613601685,0.4574470669031143,0.37463972717523575,0.33709931604658827
00203,/Users/nikko/Downloads/moi-main/project_root/data/temp_frames/video15/frame_00203.png,"[800, 437, 1632, 1097]",RIGHT_SHOULDER,0.1387924199251413,-0.16052152645794604,0.9997420907020569,0.4574470669031143,0.37463972717523575,0.33709931604658827
00203,/Users/nikko/Downloads/moi-main/project_root/data/temp_frames/video15/frame_00203.png,"[800, 437, 1632, 1097]",LEFT_HIP,-0.31761281721502,0.16405524388273235,0.9997183680534363,0.4574470669031143,0.37463972717523575,0.33709931604658827
00203,/Users/nikko/Downloads/moi-main/project_root/data/temp_frames/video15/frame_00203.png,"[800, 437, 1632, 1097]",RIGHT_HIP,-0.628017498031036,0.05874444402999654,0.9997902512550354,0.4574470669031143,0.37463972717523575,0.33709931604658827
00203,/Users/nikko/Downloads/moi-main/project_root/data/temp_frames/video15/frame_00203.png,"[800, 437, 1632, 1097]",RIGHT_ELBOW,-0.6247414019163615,0.39936702594287043,0.9904235005378723,0.4574470669031143,0.37463972717523575,0.33709931604658827
00203,/Users/nikko/Downloads/moi-main/project_root/data/temp_frames/video15/frame_00203.png,"[800, 437, 1632, 1097]",LEFT_WRIST,0.819012579814912,1.1499561726244805,0.7360705733299255,0.4574470669031143,0.37463972717523575,0.33709931604658827
00203,/Users/nikko/Downloads/moi-main/project_root/data/temp_frames/video15/frame_00203.png,"[800, 437, 1632, 1097]",RIGHT_WRIST,-0.4853403803787253,1.3845873004407778,0.9977142810821533,0.4574470669031143,0.37463972717523575,0.33709931604658827
00203,/Users/nikko/Downloads/moi-main/project_root/data/temp_frames/video15/frame_00203.png,"[800, 437, 1632, 1097]",LEFT_EYE,1.2298022243355842,0.013638082277440962,0.9964120984077454,0.4574470669031143,0.37463972717523575,0.33709931604658827
00203,/Users/nikko/Downloads/moi-main/project_root/data/temp_frames/video15/frame_00203.png,"[800, 437, 1632, 1097]",RIGHT_EYE,1.111552274831494,-0.03617928385120669,0.9982970356941223,0.4574470669031143,0.37463972717523575,0.33709931604658827
00204,/Users/nikko/Downloads/moi-main/project_root/data/temp_frames/video15/frame_00204.png,"[800, 437, 1632, 1097]",LEFT_SHOULDER,0.8119962639601256,-0.06559419302052633,0.9998878240585327,0.45757637545466423,0.3746955916285515,0.3347963753631331
00204,/Users/nikko/Downloads/moi-main/project_root/data/temp_frames/video15/frame_00204.png,"[800, 437, 1632, 1097]",RIGHT_SHOULDER,0.1345298006532743,-0.1571859641323805,0.9997261166572571,0.45757637545466423,0.3746955916285515,0.3347963753631331
00204,/Users/nikko/Downloads/moi-main/project_root/data/temp_frames/video15/frame_00204.png,"[800, 437, 1632, 1097]",LEFT_HIP,-0.3140420228649809,0.1609019925627544,0.9997135996818542,0.45757637545466423,0.3746955916285515,0.3347963753631331
00204,/Users/nikko/Downloads/moi-main/project_root/data/temp_frames/video15/frame_00204.png,"[800, 437, 1632, 1097]",RIGHT_HIP,-0.632484041748419,0.061878164590152426,0.999786913394928,0.45757637545466423,0.3746955916285515,0.3347963753631331
00204,/Users/nikko/Downloads/moi-main/project_root/data/temp_frames/video15/frame_00204.png,"[800, 437, 1632, 1097]",RIGHT_ELBOW,-0.6289396366741855,0.4042214508121858,0.9902917742729187,0.45757637545466423,0.3746955916285515,0.3347963753631331
00204,/Users/nikko/Downloads/moi-main/project_root/data/temp_frames/video15/frame_00204.png,"[800, 437, 1632, 1097]",LEFT_WRIST,0.8203753648488704,1.1506787229622242,0.7213940620422363,0.45757637545466423,0.3746955916285515,0.3347963753631331
00204,/Users/nikko/Downloads/moi-main/project_root/data/temp_frames/video15/frame_00204.png,"[800, 437, 1632, 1097]",RIGHT_WRIST,-0.4919108490729397,1.395951643115443,0.9974396228790283,0.45757637545466423,0.3746955916285515,0.3347963753631331
00204,/Users/nikko/Downloads/moi-main/project_root/data/temp_frames/video15/frame_00204.png,"[800, 437, 1632, 1097]",LEFT_EYE,1.2363773837588257,0.014750462206997514,0.9961531758308411,0.45757637545466423,0.3746955916285515,0.3347963753631331
00204,/Users/nikko/Downloads/moi-main/project_root/data/temp_frames/video15/frame_00204.png,"[800, 437, 1632, 1097]",RIGHT_EYE,1.114990533990048,-0.03937899241886427,0.9981666803359985,0.45757637545466423,0.3746955916285515,0.3347963753631331
00205,/Users/nikko/Downloads/moi-main/project_root/data/temp_frames/video15/frame_00205.png,"[797, 411, 1619, 1097]",LEFT_SHOULDER,0.8208947379265419,-0.05660671318876014,0.9998940229415894,0.4568038806319237,0.3771737143397331,0.3437404708241642
00205,/Users/nikko/Downloads/moi-main/project_root/data/temp_frames/video15/frame_00205.png,"[797, 411, 1619, 1097]",RIGHT_SHOULDER,0.1087342190604287,-0.1887128214563367,0.9996283054351807,0.4568038806319237,0.3771737143397331,0.3437404708241642
00205,/Users/nikko/Downloads/moi-main/project_root/data/temp_frames/video15/frame_00205.png,"[797, 411, 1619, 1097]",LEFT_HIP,-0.30318682348070175,0.1707857182298459,0.9997109770774841,0.4568038806319237,0.3771737143397331,0.3437404708241642
00205,/Users/nikko/Downloads/moi-main/project_root/data/temp_frames/video15/frame_00205.png,"[797, 411, 1619, 1097]",RIGHT_HIP,-0.6264421335062689,0.07453381641525095,0.999769389629364,0.4568038806319237,0.3771737143397331,0.3437404708241642
00205,/Users/nikko/Downloads/moi-main/project_root/data/temp_frames/video15/frame_00205.png,"[797, 411, 1619, 1097]",RIGHT_ELBOW,-0.6053243810566593,0.4203521256833076,0.9874300360679626,0.4568038806319237,0.3771737143397331,0.3437404708241642
00205,/Users/nikko/Downloads/moi-main/project_root/data/temp_frames/video15/frame_00205.png,"[797, 411, 1619, 1097]",LEFT_WRIST,0.8171702763812922,1.1294484040262642,0.7573222517967224,0.4568038806319237,0.3771737143397331,0.3437404708241642
00205,/Users/nikko/Downloads/moi-main/project_root/data/temp_frames/video15/frame_00205.png,"[797, 411, 1619, 1097]",RIGHT_WRIST,-0.4655037440385464,1.3646148837924739,0.9965446591377258,0.4568038806319237,0.3771737143397331,0.3437404708241642
00205,/Users/nikko/Downloads/moi-main/project_root/data/temp_frames/video15/frame_00205.png,"[797, 411, 1619, 1097]",LEFT_EYE,1.216368430661349,-0.06489159834032604,0.9948803186416626,0.4568038806319237,0.3771737143397331,0.3437404708241642
00205,/Users/nikko/Downloads/moi-main/project_root/data/temp_frames/video15/frame_00205.png,"[797, 411, 1619, 1097]",RIGHT_EYE,1.0601232893049783,-0.15804674710605401,0.9975606203079224,0.4568038806319237,0.3771737143397331,0.3437404708241642
00206,/Users/nikko/Downloads/moi-main/project_root/data/temp_frames/video15/frame_00206.png,"[796, 378, 1599, 1098]",LEFT_SHOULDER,0.8263764889311511,-0.05347762732737524,0.9998061060905457,0.4706188179552555,0.38687779009342194,0.3684208071986803
00206,/Users/nikko/Downloads/moi-main/project_root/data/temp_frames/video15/frame_00206.png,"[796, 378, 1599, 1098]",RIGHT_SHOULDER,0.09994157835009064,-0.1942581444805642,0.9994039535522461,0.4706188179552555,0.38687779009342194,0.3684208071986803
00206,/Users/nikko/Downloads/moi-main/project_root/data/temp_frames/video15/frame_00206.png,"[796, 378, 1599, 1098]",LEFT_HIP,-0.3047927620857657,0.1728434245294061,0.9995551705360413,0.4706188179552555,0.38687779009342194,0.3684208071986803
00206,/Users/nikko/Downloads/moi-main/project_root/data/temp_frames/video15/frame_00206.png,"[796, 378, 1599, 1098]",RIGHT_HIP,-0.621525305195476,0.07489234727853335,0.999646782875061,0.4706188179552555,0.38687779009342194,0.3684208071986803
00206,/Users/nikko/Downloads/moi-main/project_root/data/temp_frames/video15/frame_00206.png,"[796, 378, 1599, 1098]",RIGHT_ELBOW,-0.5892045947864395,0.40198097654204096,0.9727733731269836,0.4706188179552555,0.38687779009342194,0.3684208071986803
00206,/Users/nikko/Downloads/moi-main/project_root/data/temp_frames/video15/frame_00206.png,"[796, 378, 1599, 1098]",LEFT_WRIST,0.7735512157167886,1.0620994341743126,0.7308799624443054,0.4706188179552555,0.38687779009342194,0.3684208071986803
00206,/Users/nikko/Downloads/moi-main/project_root/data/temp_frames/video15/frame_00206.png,"[796, 378, 1599, 1098]",RIGHT_WRIST,-0.47454307601980594,1.2457110090712538,0.993071973323822,0.4706188179552555,0.38687779009342194,0.3684208071986803
00206,/Users/nikko/Downloads/moi-main/project_root/data/temp_frames/video15/frame_00206.png,"[796, 378, 1599, 1098]",LEFT_EYE,1.1386803933401148,-0.12972827382950025,0.9839359521865845,0.4706188179552555,0.38687779009342194,0.3684208071986803
00206,/Users/nikko/Downloads/moi-main/project_root/data/temp_frames/video15/frame_00206.png,"[796, 378, 1599, 1098]",RIGHT_EYE,1.0087777566498546,-0.19199154862879164,0.9922488927841187,0.4706188179552555,0.38687779009342194,0.3684208071986803
00207,/Users/nikko/Downloads/moi-main/project_root/data/temp_frames/video15/frame_00207.png,"[795, 340, 1593, 1097]",LEFT_SHOULDER,0.8214145570433975,-0.0229263788874898,0.9997748732566833,0.4624870717525482,0.403592050075531,0.3828324917852556
00207,/Users/nikko/Downloads/moi-main/project_root/data/temp_frames/video15/frame_00207.png,"[795, 340, 1593, 1097]",RIGHT_SHOULDER,0.09096480230433954,-0.22864443894508715,0.9992201328277588,0.4624870717525482,0.403592050075531,0.3828324917852556
00207,/Users/nikko/Downloads/moi-main/project_root/data/temp_frames/video15/frame_00207.png,"[795, 340, 1593, 1097]",LEFT_HIP,-0.3120131743689401,0.1817998338277597,0.9995560050010681,0.4624870717525482,0.403592050075531,0.3828324917852556
00207,/Users/nikko/Downloads/moi-main/project_root/data/temp_frames/video15/frame_00207.png,"[795, 340, 1593, 1097]",RIGHT_HIP,-0.600366184978797,0.0697709840048173,0.9996358156204224,0.4624870717525482,0.403592050075531,0.3828324917852556
00207,/Users/nikko/Downloads/moi-main/project_root/data/temp_frames/video15/frame_00207.png,"[795, 340, 1593, 1097]",RIGHT_ELBOW,-0.5370093183843409,0.3710295314062742,0.9666895270347595,0.4624870717525482,0.403592050075531,0.3828324917852556
00207,/Users/nikko/Downloads/moi-main/project_root/data/temp_frames/video15/frame_00207.png,"[795, 340, 1593, 1097]",LEFT_WRIST,0.7719823988444986,1.0016543390117543,0.7385296821594238,0.4624870717525482,0.403592050075531,0.3828324917852556
00207,/Users/nikko/Downloads/moi-main/project_root/data/temp_frames/video15/frame_00207.png,"[795, 340, 1593, 1097]",RIGHT_WRIST,-0.44362908249249877,1.1736477211039433,0.9906805157661438,0.4624870717525482,0.403592050075531,0.3828324917852556
00207,/Users/nikko/Downloads/moi-main/project_root/data/temp_frames/video15/frame_00207.png,"[795, 340, 1593, 1097]",LEFT_EYE,1.0993276756991228,-0.16958012821786322,0.9737528562545776,0.4624870717525482,0.403592050075531,0.3828324917852556
00207,/Users/nikko/Downloads/moi-main/project_root/data/temp_frames/video15/frame_00207.png,"[795, 340, 1593, 1097]",RIGHT_EYE,0.9597094177282999,-0.23780546203962447,0.9868496656417847,0.4624870717525482,0.403592050075531,0.3828324917852556
00208,/Users/nikko/Downloads/moi-main/project_root/data/temp_frames/video15/frame_00208.png,"[795, 324, 1586, 1099]",LEFT_SHOULDER,0.8287443316770227,-0.07421383049391857,0.9996057152748108,0.45315562188625336,0.4025093987584114,0.38929929717805245
00208,/Users/nikko/Downloads/moi-main/project_root/data/temp_frames/video15/frame_00208.png,"[795, 324, 1586, 1099]",RIGHT_SHOULDER,0.08522817400760312,-0.21510159748059804,0.9982681274414062,0.45315562188625336,0.4025093987584114,0.38929929717805245
00208,/Users/nikko/Downloads/moi-main/project_root/data/temp_frames/video15/frame_00208.png,"[795, 324, 1586, 1099]",LEFT_HIP,-0.2998519803749099,0.16932601270809247,0.9984006285667419,0.45315562188625336,0.4025093987584114,0.38929929717805245
00208,/Users/nikko/Downloads/moi-main/project_root/data/temp_frames/video15/frame_00208.png,"[795, 324, 1586, 1099]",RIGHT_HIP,-0.614120525309716,0.11998941526642411,0.9986683130264282,0.45315562188625336,0.4025093987584114,0.38929929717805245
00208,/Users/nikko/Downloads/moi-main/project_root/data/temp_frames/video15/frame_00208.png,"[795, 324, 1586, 1099]",RIGHT_ELBOW,-0.4857199003595862,0.37676478999804075,0.9723710417747498,0.45315562188625336,0.4025093987584114,0.38929929717805245
00208,/Users/nikko/Downloads/moi-main/project_root/data/temp_frames/video15/frame_00208.png,"[795, 324, 1586, 1099]",LEFT_WRIST,0.8005861770007936,0.9845077369441878,0.7879135012626648,0.45315562188625336,0.4025093987584114,0.38929929717805245
00208,/Users/nikko/Downloads/moi-main/project_root/data/temp_frames/video15/frame_00208.png,"[795, 324, 1586, 1099]",RIGHT_WRIST,-0.4198267164591231,1.1635069479604774,0.9916108250617981,0.45315562188625336,0.4025093987584114,0.38929929717805245
00208,/Users/nikko/Downloads/moi-main/project_root/data/temp_frames/video15/frame_00208.png,"[795, 324, 1586, 1099]",LEFT_EYE,1.1127778951601175,-0.2425883757396728,0.9518711566925049,0.45315562188625336,0.4025093987584114,0.38929929717805245
00208,/Users/nikko/Downloads/moi-main/project_root/data/temp_frames/video15/frame_00208.png,"[795, 324, 1586, 1099]",RIGHT_EYE,0.9747383105679905,-0.2974400586824392,0.9737313389778137,0.45315562188625336,0.4025093987584114,0.38929929717805245
00209,/Users/nikko/Downloads/moi-main/project_root/data/temp_frames/video15/frame_00209.png,"[795, 300, 1577, 1097]",LEFT_SHOULDER,0.841107163422598,-0.08997015060912922,0.9998292922973633,0.4726998880505562,0.3950633630156517,0.3805603952658479
00209,/Users/nikko/Downloads/moi-main/project_root/data/temp_frames/video15/frame_00209.png,"[795, 300, 1577, 1097]",RIGHT_SHOULDER,0.06287791303640353,-0.21447122785258613,0.9991540908813477,0.4726998880505562,0.3950633630156517,0.3805603952658479
00209,/Users/nikko/Downloads/moi-main/project_root/data/temp_frames/video15/frame_00209.png,"[795, 300, 1577, 1097]",LEFT_HIP,-0.28268700177330586,0.17591819395892747,0.9993796348571777,0.4726998880505562,0.3950633630156517,0.3805603952658479
00209,/Users/nikko/Downloads/moi-main/project_root/data/temp_frames/video15/frame_00209.png,"[795, 300, 1577, 1097]",RIGHT_HIP,-0.6212980746856956,0.12852318450278788,0.9994994401931763,0.4726998880505562,0.3950633630156517,0.3805603952658479
00209,/Users/nikko/Downloads/moi-main/project_root/data/temp_frames/video15/frame_00209.png,"[795, 300, 1577, 1097]",RIGHT_ELBOW,-0.5316267418544158,0.4453797436813351,0.9652431607246399,0.4726998880505562,0.3950633630156517,0.3805603952658479
00209,/Users/nikko/Downloads/moi-main/project_root/data/temp_frames/video15/frame_00209.png,"[795, 300, 1577, 1097]",LEFT_WRIST,0.7797045444731922,1.0231272661331254,0.6889523267745972,0.4726998880505562,0.3950633630156517,0.3805603952658479
00209,/Users/nikko/Downloads/moi-main/project_root/data/temp_frames/video15/frame_00209.png,"[795, 300, 1577, 1097]",RIGHT_WRIST,-0.45337912476546416,1.2211825067854316,0.9904542565345764,0.4726998880505562,0.3950633630156517,0.3805603952658479
00209,/Users/nikko/Downloads/moi-main/project_root/data/temp_frames/video15/frame_00209.png,"[795, 300, 1577, 1097]",LEFT_EYE,1.0781536309518445,-0.2687284545450786,0.9596186280250549,0.4726998880505562,0.3950633630156517,0.3805603952658479
00209,/Users/nikko/Downloads/moi-main/project_root/data/temp_frames/video15/frame_00209.png,"[795, 300, 1577, 1097]",RIGHT_EYE,0.9487232252600526,-0.2960286096176904,0.9793412089347839,0.4726998880505562,0.3950633630156517,0.3805603952658479
00210,/Users/nikko/Downloads/moi-main/project_root/data/temp_frames/video15/frame_00210.png,"[794, 268, 1570, 1097]",LEFT_SHOULDER,0.8407644376225551,-0.10196184180418433,0.9997826218605042,0.4731011874973774,0.4015997424721718,0.38748990759115526
00210,/Users/nikko/Downloads/moi-main/project_root/data/temp_frames/video15/frame_00210.png,"[794, 268, 1570, 1097]",RIGHT_SHOULDER,0.054073232730158016,-0.2180615621588163,0.9989515542984009,0.4731011874973774,0.4015997424721718,0.38748990759115526
00210,/Users/nikko/Downloads/moi-main/project_root/data/temp_frames/video15/frame_00210.png,"[794, 268, 1570, 1097]",LEFT_HIP,-0.2733217657813739,0.18396985534546303,0.9992538094520569,0.4731011874973774,0.4015997424721718,0.38748990759115526
00210,/Users/nikko/Downloads/moi-main/project_root/data/temp_frames/video15/frame_00210.png,"[794, 268, 1570, 1097]",RIGHT_HIP,-0.6215159045713392,0.1360535486175376,0.9993842840194702,0.4731011874973774,0.4015997424721718,0.38748990759115526
00210,/Users/nikko/Downloads/moi-main/project_root/data/temp_frames/video15/frame_00210.png,"[794, 268, 1570, 1097]",RIGHT_ELBOW,-0.49515018964266744,0.44406791897750525,0.9529204368591309,0.4731011874973774,0.4015997424721718,0.38748990759115526
00210,/Users/nikko/Downloads/moi-main/project_root/data/temp_frames/video15/frame_00210.png,"[794, 268, 1570, 1097]",LEFT_WRIST,0.7965237182041467,1.0325222944875085,0.6547313332557678,0.4731011874973774,0.4015997424721718,0.38748990759115526
00210,/Users/nikko/Downloads/moi-main/project_root/data/temp_frames/video15/frame_00210.png,"[794, 268, 1570, 1097]",RIGHT_WRIST,-0.4328387170981892,1.2102948935085915,0.9862982630729675,0.4731011874973774,0.4015997424721718,0.38748990759115526
00210,/Users/nikko/Downloads/moi-main/project_root/data/temp_frames/video15/frame_00210.png,"[794, 268, 1570, 1097]",LEFT_EYE,1.0859909473276628,-0.29404238931583154,0.9472822546958923,0.4731011874973774,0.4015997424721718,0.38748990759115526
00210,/Users/nikko/Downloads/moi-main/project_root/data/temp_frames/video15/frame_00210.png,"[794, 268, 1570, 1097]",RIGHT_EYE,0.9623037041681389,-0.3167206630309624,0.9738178253173828,0.4731011874973774,0.4015997424721718,0.38748990759115526
00211,/Users/nikko/Downloads/moi-main/project_root/data/temp_frames/video15/frame_00211.png,"[797, 240, 1563, 1097]",LEFT_SHOULDER,0.858866233713552,-0.11313700406603089,0.999855637550354,0.4772116392850876,0.4019628167152405,0.3857593167954113
00211,/Users/nikko/Downloads/moi-main/project_root/data/temp_frames/video15/frame_00211.png,"[797, 240, 1563, 1097]",RIGHT_SHOULDER,0.02979221597123087,-0.21199403814046017,0.9989079236984253,0.4772116392850876,0.4019628167152405,0.3857593167954113
00211,/Users/nikko/Downloads/moi-main/project_root/data/temp_frames/video15/frame_00211.png,"[797, 240, 1563, 1097]",LEFT_HIP,-0.2597640177706357,0.18416061603390105,0.9990480542182922,0.4772116392850876,0.4019628167152405,0.3857593167954113
00211,/Users/nikko/Downloads/moi-main/project_root/data/temp_frames/video15/frame_00211.png,"[797, 240, 1563, 1097]",RIGHT_HIP,-0.6288944319141471,0.14097042617259,0.9991626739501953,0.4772116392850876,0.4019628167152405,0.3857593167954113
00211,/Users/nikko/Downloads/moi-main/project_root/data/temp_frames/video15/frame_00211.png,"[797, 240, 1563, 1097]",RIGHT_ELBOW,-0.5046614201332196,0.4646114268768655,0.9555566310882568,0.4772116392850876,0.4019628167152405,0.3857593167954113
00211,/Users/nikko/Downloads/moi-main/project_root/data/temp_frames/video15/frame_00211.png,"[797, 240, 1563, 1097]",LEFT_WRIST,0.8043322753089311,1.0427547918250155,0.7425926327705383,0.4772116392850876,0.4019628167152405,0.3857593167954113
00211,/Users/nikko/Downloads/moi-main/project_root/data/temp_frames/video15/frame_00211.png,"[797, 240, 1563, 1097]",RIGHT_WRIST,-0.4597683477711653,1.2087806594780088,0.9865337610244751,0.4772116392850876,0.4019628167152405,0.3857593167954113
00211,/Users/nikko/Downloads/moi-main/project_root/data/temp_frames/video15/frame_00211.png,"[797, 240, 1563, 1097]",LEFT_EYE,1.0722801646714135,-0.2990803855743513,0.9660782217979431,0.4772116392850876,0.4019628167152405,0.3857593167954113
00211,/Users/nikko/Downloads/moi-main/project_root/data/temp_frames/video15/frame_00211.png,"[797, 240, 1563, 1097]",RIGHT_EYE,0.9219433439509098,-0.3278577246754699,0.983181893825531,0.4772116392850876,0.4019628167152405,0.3857593167954113
00212,/Users/nikko/Downloads/moi-main/project_root/data/temp_frames/video15/frame_00212.png,"[797, 227, 1560, 1106]",LEFT_SHOULDER,0.8501308632496121,-0.14702847080243636,0.9999468326568604,0.4711100831627846,0.39941999316215515,0.38259684167171826
00212,/Users/nikko/Downloads/moi-main/project_root/data/temp_frames/video15/frame_00212.png,"[797, 227, 1560, 1106]",RIGHT_SHOULDER,0.012379263272389978,-0.21847214433208464,0.9995469450950623,0.4711100831627846,0.39941999316215515,0.38259684167171826
00212,/Users/nikko/Downloads/moi-main/project_root/data/temp_frames/video15/frame_00212.png,"[797, 227, 1560, 1106]",LEFT_HIP,-0.24469437347033005,0.2123261630206938,0.9994446635246277,0.4711100831627846,0.39941999316215515,0.38259684167171826
00212,/Users/nikko/Downloads/moi-main/project_root/data/temp_frames/video15/frame_00212.png,"[797, 227, 1560, 1106]",RIGHT_HIP,-0.6178157530516719,0.15317445211382721,0.9995279312133789,0.4711100831627846,0.39941999316215515,0.38259684167171826
00212,/Users/nikko/Downloads/moi-main/project_root/data/temp_frames/video15/frame_00212.png,"[797, 227, 1560, 1106]",LEFT_ELBOW,0.7714927437699584,0.40061903946821387,0.6563636064529419,0.4711100831627846,0.39941999316215515,0.38259684167171826
00212,/Users/nikko/Downloads/moi-main/project_root/data/temp_frames/video15/frame_00212.png,"[797, 227, 1560, 1106]",RIGHT_ELBOW,-0.4595953506536837,0.4644633696339253,0.9814567565917969,0.4711100831627846,0.39941999316215515,0.38259684167171826
00212,/Users/nikko/Downloads/moi-main/project_root/data/temp_frames/video15/frame_00212.png,"[797, 227, 1560, 1106]",LEFT_WRIST,0.8238053650181539,1.0118784416815723,0.850180447101593,0.4711100831627846,0.39941999316215515,0.38259684167171826
00212,/Users/nikko/Downloads/moi-main/project_root/data/temp_frames/video15/frame_00212.png,"[797, 227, 1560, 1106]",RIGHT_WRIST,-0.461463113291477,1.2154003838472378,0.9957860112190247,0.4711100831627846,0.39941999316215515,0.38259684167171826
00212,/Users/nikko/Downloads/moi-main/project_root/data/temp_frames/video15/frame_00212.png,"[797, 227, 1560, 1106]",LEFT_EYE,1.0734357596700266,-0.36379549693695257,0.9820489287376404,0.4711100831627846,0.39941999316215515,0.38259684167171826
00212,/Users/nikko/Downloads/moi-main/project_root/data/temp_frames/video15/frame_00212.png,"[797, 227, 1560, 1106]",RIGHT_EYE,0.9292904108340863,-0.38174137912356737,0.9912342429161072,0.4711100831627846,0.39941999316215515,0.38259684167171826
00213,/Users/nikko/Downloads/moi-main/project_root/data/temp_frames/video15/frame_00213.png,"[796, 213, 1556, 1104]",LEFT_SHOULDER,0.8559298740824812,-0.1387588116664187,0.999934196472168,0.46441245824098587,0.39943498373031616,0.3844708630249172
00213,/Users/nikko/Downloads/moi-main/project_root/data/temp_frames/video15/frame_00213.png,"[796, 213, 1556, 1104]",RIGHT_SHOULDER,-0.004459079245809226,-0.2281785231695042,0.999407172203064,0.46441245824098587,0.39943498373031616,0.3844708630249172
00213,/Users/nikko/Downloads/moi-main/project_root/data/temp_frames/video15/frame_00213.png,"[796, 213, 1556, 1104]",LEFT_HIP,-0.23554062285998428,0.21485870479055535,0.9991162419319153,0.46441245824098587,0.39943498373031616,0.3844708630249172
00213,/Users/nikko/Downloads/moi-main/project_root/data/temp_frames/video15/frame_00213.png,"[796, 213, 1556, 1104]",RIGHT_HIP,-0.6159301719766878,0.1520786300453676,0.9992501139640808,0.46441245824098587,0.39943498373031616,0.3844708630249172
00213,/Users/nikko/Downloads/moi-main/project_root/data/temp_frames/video15/frame_00213.png,"[796, 213, 1556, 1104]",LEFT_ELBOW,0.799237452821105,0.41538563072299767,0.7065221667289734,0.46441245824098587,0.39943498373031616,0.3844708630249172
00213,/Users/nikko/Downloads/moi-main/project_root/data/temp_frames/video15/frame_00213.png,"[796, 213, 1556, 1104]",RIGHT_ELBOW,-0.42883592650344426,0.46298877876600286,0.9820759296417236,0.46441245824098587,0.39943498373031616,0.3844708630249172
00213,/Users/nikko/Downloads/moi-main/project_root/data/temp_frames/video15/frame_00213.png,"[796, 213, 1556, 1104]",LEFT_WRIST,0.8421191521635442,1.0354002899105992,0.8569414019584656,0.46441245824098587,0.39943498373031616,0.3844708630249172
00213,/Users/nikko/Downloads/moi-main/project_root/data/temp_frames/video15/frame_00213.png,"[796, 213, 1556, 1104]",RIGHT_WRIST,-0.4365636458484703,1.2192017686895174,0.9953643083572388,0.46441245824098587,0.39943498373031616,0.3844708630249172
00213,/Users/nikko/Downloads/moi-main/project_root/data/temp_frames/video15/frame_00213.png,"[796, 213, 1556, 1104]",LEFT_EYE,1.05460217217697,-0.35993484737470083,0.9837783575057983,0.46441245824098587,0.39943498373031616,0.3844708630249172
00213,/Users/nikko/Downloads/moi-main/project_root/data/temp_frames/video15/frame_00213.png,"[796, 213, 1556, 1104]",RIGHT_EYE,0.9033992309506848,-0.3866509140852953,0.9924259185791016,0.46441245824098587,0.39943498373031616,0.3844708630249172
00214,/Users/nikko/Downloads/moi-main/project_root/data/temp_frames/video15/frame_00214.png,"[793, 195, 1549, 1104]",LEFT_SHOULDER,0.8469084292986832,-0.13404916288623658,0.9999629259109497,0.471661701798439,0.3984033465385437,0.3863214360060777
00214,/Users/nikko/Downloads/moi-main/project_root/data/temp_frames/video15/frame_00214.png,"[793, 195, 1549, 1104]",RIGHT_SHOULDER,-0.014423469665442404,-0.24321280021337416,0.999521017074585,0.471661701798439,0.3984033465385437,0.3863214360060777
00214,/Users/nikko/Downloads/moi-main/project_root/data/temp_frames/video15/frame_00214.png,"[793, 195, 1549, 1104]",LEFT_HIP,-0.22965017875496488,0.23464967872604642,0.9996384382247925,0.471661701798439,0.3984033465385437,0.3863214360060777
00214,/Users/nikko/Downloads/moi-main/project_root/data/temp_frames/video15/frame_00214.png,"[793, 195, 1549, 1104]",RIGHT_HIP,-0.6028347808782759,0.14261228437356432,0.9996583461761475,0.471661701798439,0.3984033465385437,0.3863214360060777
00214,/Users/nikko/Downloads/moi-main/project_root/data/temp_frames/video15/frame_00214.png,"[793, 195, 1549, 1104]",LEFT_ELBOW,0.8028650003670056,0.42792186564190016,0.8539353013038635,0.471661701798439,0.3984033465385437,0.3863214360060777
00214,/Users/nikko/Downloads/moi-main/project_root/data/temp_frames/video15/frame_00214.png,"[793, 195, 1549, 1104]",RIGHT_ELBOW,-0.42958450843982837,0.45757673249964737,0.9916662573814392,0.471661701798439,0.3984033465385437,0.3863214360060777
00214,/Users/nikko/Downloads/moi-main/project_root/data/temp_frames/video15/frame_00214.png,"[793, 195, 1549, 1104]",LEFT_WRIST,0.8364204144999574,1.0423869688577174,0.929920494556427,0.471661701798439,0.3984033465385437,0.3863214360060777
00214,/Users/nikko/Downloads/moi-main/project_root/data/temp_frames/video15/frame_00214.png,"[793, 195, 1549, 1104]",RIGHT_WRIST,-0.46041905903105984,1.1965268585343518,0.9970995187759399,0.471661701798439,0.3984033465385437,0.3863214360060777
00214,/Users/nikko/Downloads/moi-main/project_root/data/temp_frames/video15/frame_00214.png,"[793, 195, 1549, 1104]",RIGHT_ANKLE,-1.028913622118153,0.4502951246260157,0.5587338209152222,0.471661701798439,0.3984033465385437,0.3863214360060777
00214,/Users/nikko/Downloads/moi-main/project_root/data/temp_frames/video15/frame_00214.png,"[793, 195, 1549, 1104]",LEFT_EYE,1.0341874649009795,-0.352318733941725,0.9925392270088196,0.471661701798439,0.3984033465385437,0.3863214360060777
00214,/Users/nikko/Downloads/moi-main/project_root/data/temp_frames/video15/frame_00214.png,"[793, 195, 1549, 1104]",RIGHT_EYE,0.8849784557420565,-0.3845968002288077,0.9964595437049866,0.471661701798439,0.3984033465385437,0.3863214360060777
00215,/Users/nikko/Downloads/moi-main/project_root/data/temp_frames/video15/frame_00215.png,"[793, 181, 1544, 1107]",LEFT_SHOULDER,0.8788588785038852,-0.1573716297923833,0.9999794960021973,0.4744628444314003,0.39915329962968826,0.36757002126871896
00215,/Users/nikko/Downloads/moi-main/project_root/data/temp_frames/video15/frame_00215.png,"[793, 181, 1544, 1107]",RIGHT_SHOULDER,-0.03642052039945036,-0.2125901238791057,0.9997279047966003,0.4744628444314003,0.39915329962968826,0.36757002126871896
00215,/Users/nikko/Downloads/moi-main/project_root/data/temp_frames/video15/frame_00215.png,"[793, 181, 1544, 1107]",LEFT_HIP,-0.22714223779656015,0.2225145147632997,0.9996949434280396,0.4744628444314003,0.39915329962968826,0.36757002126871896
00215,/Users/nikko/Downloads/moi-main/project_root/data/temp_frames/video15/frame_00215.png,"[793, 181, 1544, 1107]",RIGHT_HIP,-0.6152961203078747,0.14744723890818934,0.999757707118988,0.4744628444314003,0.39915329962968826,0.36757002126871896
00215,/Users/nikko/Downloads/moi-main/project_root/data/temp_frames/video15/frame_00215.png,"[793, 181, 1544, 1107]",LEFT_ELBOW,0.8506273883233527,0.44841167846054564,0.9551430940628052,0.4744628444314003,0.39915329962968826,0.36757002126871896
00215,/Users/nikko/Downloads/moi-main/project_root/data/temp_frames/video15/frame_00215.png,"[793, 181, 1544, 1107]",RIGHT_ELBOW,-0.4624279797814796,0.5310694368247058,0.9988400340080261,0.4744628444314003,0.39915329962968826,0.36757002126871896
00215,/Users/nikko/Downloads/moi-main/project_root/data/temp_frames/video15/frame_00215.png,"[793, 181, 1544, 1107]",LEFT_WRIST,0.8727166345662282,1.0909199396387304,0.9818122982978821,0.4744628444314003,0.39915329962968826,0.36757002126871896
00215,/Users/nikko/Downloads/moi-main/project_root/data/temp_frames/video15/frame_00215.png,"[793, 181, 1544, 1107]",RIGHT_WRIST,-0.5020120322892583,1.2708007051321462,0.9996514320373535,0.4744628444314003,0.39915329962968826,0.36757002126871896
00215,/Users/nikko/Downloads/moi-main/project_root/data/temp_frames/video15/frame_00215.png,"[793, 181, 1544, 1107]",RIGHT_KNEE,-0.9048314586677181,0.39656194847654397,0.8776265382766724,0.4744628444314003,0.39915329962968826,0.36757002126871896
00215,/Users/nikko/Downloads/moi-main/project_root/data/temp_frames/video15/frame_00215.png,"[793, 181, 1544, 1107]",RIGHT_ANKLE,-1.0895685097592112,0.486203229661844,0.9243081212043762,0.4744628444314003,0.39915329962968826,0.36757002126871896
00215,/Users/nikko/Downloads/moi-main/project_root/data/temp_frames/video15/frame_00215.png,"[793, 181, 1544, 1107]",LEFT_EYE,1.0849470703721986,-0.395523200942259,0.9979146122932434,0.4744628444314003,0.39915329962968826,0.36757002126871896
00215,/Users/nikko/Downloads/moi-main/project_root/data/temp_frames/video15/frame_00215.png,"[793, 181, 1544, 1107]",RIGHT_EYE,0.9063259529834273,-0.41411537507999363,0.9991140961647034,0.4744628444314003,0.39915329962968826,0.36757002126871896
00216,/Users/nikko/Downloads/moi-main/project_root/data/temp_frames/video15/frame_00216.png,"[794, 171, 1536, 1107]",LEFT_SHOULDER,0.8706046090982122,-0.1245901685818855,0.9999829530715942,0.4772273153066635,0.39815596491098404,0.36620597606607347
00216,/Users/nikko/Downloads/moi-main/project_root/data/temp_frames/video15/frame_00216.png,"[794, 171, 1536, 1107]",RIGHT_SHOULDER,-0.04540682448256386,-0.2383373964808174,0.9997183680534363,0.4772273153066635,0.39815596491098404,0.36620597606607347
00216,/Users/nikko/Downloads/moi-main/project_root/data/temp_frames/video15/frame_00216.png,"[794, 171, 1536, 1107]",LEFT_HIP,-0.2192760420457573,0.23210680262848912,0.9998635053634644,0.4772273153066635,0.39815596491098404,0.36620597606607347
00216,/Users/nikko/Downloads/moi-main/project_root/data/temp_frames/video15/frame_00216.png,"[794, 171, 1536, 1107]",RIGHT_HIP,-0.6059217425698911,0.13082076243421376,0.999870777130127,0.4772273153066635,0.39815596491098404,0.36620597606607347
00216,/Users/nikko/Downloads/moi-main/project_root/data/temp_frames/video15/frame_00216.png,"[794, 171, 1536, 1107]",LEFT_ELBOW,0.875557150153682,0.46492449135292263,0.9699209928512573,0.4772273153066635,0.39815596491098404,0.36620597606607347
00216,/Users/nikko/Downloads/moi-main/project_root/data/temp_frames/video15/frame_00216.png,"[794, 171, 1536, 1107]",RIGHT_ELBOW,-0.4475878917301916,0.5401563048660387,0.9991057515144348,0.4772273153066635,0.39815596491098404,0.36620597606607347
00216,/Users/nikko/Downloads/moi-main/project_root/data/temp_frames/video15/frame_00216.png,"[794, 171, 1536, 1107]",LEFT_WRIST,0.9023180921386025,1.1063893993816807,0.9809666872024536,0.4772273153066635,0.39815596491098404,0.36620597606607347
00216,/Users/nikko/Downloads/moi-main/project_root/data/temp_frames/video15/frame_00216.png,"[794, 171, 1536, 1107]",RIGHT_WRIST,-0.5071450137155716,1.2842948044397322,0.9995660185813904,0.4772273153066635,0.39815596491098404,0.36620597606607347
00216,/Users/nikko/Downloads/moi-main/project_root/data/temp_frames/video15/frame_00216.png,"[794, 171, 1536, 1107]",RIGHT_KNEE,-0.9070698655001087,0.3850510133919333,0.9153846502304077,0.4772273153066635,0.39815596491098404,0.36620597606607347
00216,/Users/nikko/Downloads/moi-main/project_root/data/temp_frames/video15/frame_00216.png,"[794, 171, 1536, 1107]",RIGHT_ANKLE,-1.089661287820468,0.4944533744838047,0.9438737630844116,0.4772273153066635,0.39815596491098404,0.36620597606607347
00216,/Users/nikko/Downloads/moi-main/project_root/data/temp_frames/video15/frame_00216.png,"[794, 171, 1536, 1107]",LEFT_EYE,1.0647581184005246,-0.3683159640739671,0.9973345994949341,0.4772273153066635,0.39815596491098404,0.36620597606607347
00216,/Users/nikko/Downloads/moi-main/project_root/data/temp_frames/video15/frame_00216.png,"[794, 171, 1536, 1107]",RIGHT_EYE,0.9076003902657951,-0.38873412806949875,0.9989014863967896,0.4772273153066635,0.39815596491098404,0.36620597606607347
00217,/Users/nikko/Downloads/moi-main/project_root/data/temp_frames/video15/frame_00217.png,"[795, 164, 1535, 1107]",LEFT_SHOULDER,0.8835972237284532,-0.14701898664547342,0.99996018409729,0.46518659964203835,0.40590427815914154,0.37999469622853455
00217,/Users/nikko/Downloads/moi-main/project_root/data/temp_frames/video15/frame_00217.png,"[795, 164, 1535, 1107]",RIGHT_SHOULDER,-0.053180094549342166,-0.2223935627842475,0.9994458556175232,0.46518659964203835,0.40590427815914154,0.37999469622853455
00217,/Users/nikko/Downloads/moi-main/project_root/data/temp_frames/video15/frame_00217.png,"[795, 164, 1535, 1107]",LEFT_HIP,-0.22184437870536228,0.22702255547657885,0.9996868371963501,0.46518659964203835,0.40590427815914154,0.37999469622853455
00217,/Users/nikko/Downloads/moi-main/project_root/data/temp_frames/video15/frame_00217.png,"[795, 164, 1535, 1107]",RIGHT_HIP,-0.6085727504737488,0.14238999395314209,0.9997304081916809,0.46518659964203835,0.40590427815914154,0.37999469622853455
00217,/Users/nikko/Downloads/moi-main/project_root/data/temp_frames/video15/frame_00217.png,"[795, 164, 1535, 1107]",LEFT_ELBOW,0.8829429751933404,0.44754791792150067,0.9411248564720154,0.46518659964203835,0.40590427815914154,0.37999469622853455
00217,/Users/nikko/Downloads/moi-main/project_root/data/temp_frames/video15/frame_00217.png,"[795, 164, 1535, 1107]",RIGHT_ELBOW,-0.40135427148942654,0.4834082981298331,0.9975147247314453,0.46518659964203835,0.40590427815914154,0.37999469622853455
00217,/Users/nikko/Downloads/moi-main/project_root/data/temp_frames/video15/frame_00217.png,"[795, 164, 1535, 1107]",LEFT_WRIST,0.8769723887055596,1.051999528089403,0.9651609063148499,0.46518659964203835,0.40590427815914154,0.37999469622853455
00217,/Users/nikko/Downloads/moi-main/project_root/data/temp_frames/video15/frame_00217.png,"[795, 164, 1535, 1107]",RIGHT_WRIST,-0.47942474059702916,1.2253399403213079,0.9990917444229126,0.46518659964203835,0.40590427815914154,0.37999469622853455
00217,/Users/nikko/Downloads/moi-main/project_root/data/temp_frames/video15/frame_00217.png,"[795, 164, 1535, 1107]",RIGHT_KNEE,-0.8541379031135238,0.38050210915683824,0.74281907081604,0.46518659964203835,0.40590427815914154,0.37999469622853455
00217,/Users/nikko/Downloads/moi-main/project_root/data/temp_frames/video15/frame_00217.png,"[795, 164, 1535, 1107]",RIGHT_ANKLE,-1.0276371325695481,0.4804255145902251,0.8480243682861328,0.46518659964203835,0.40590427815914154,0.37999469622853455
00217,/Users/nikko/Downloads/moi-main/project_root/data/temp_frames/video15/frame_00217.png,"[795, 164, 1535, 1107]",LEFT_EYE,1.0435776957826637,-0.4068045158905048,0.9929739236831665,0.46518659964203835,0.40590427815914154,0.37999469622853455
00217,/Users/nikko/Downloads/moi-main/project_root/data/temp_frames/video15/frame_00217.png,"[795, 164, 1535, 1107]",RIGHT_EYE,0.8783317072875033,-0.42016857355178744,0.9970836043357849,0.46518659964203835,0.40590427815914154,0.37999469622853455
00218,/Users/nikko/Downloads/moi-main/project_root/data/temp_frames/video15/frame_00218.png,"[794, 158, 1527, 1110]",LEFT_SHOULDER,0.8890664072623703,-0.14395249554033104,0.9999759197235107,0.46577026695013046,0.40062694251537323,0.37082131200138
00218,/Users/nikko/Downloads/moi-main/project_root/data/temp_frames/video15/frame_00218.png,"[794, 158, 1527, 1110]",RIGHT_SHOULDER,-0.057981132479686254,-0.2219402407371858,0.9997598528862,0.46577026695013046,0.40062694251537323,0.37082131200138
00218,/Users/nikko/Downloads/moi-main/project_root/data/temp_frames/video15/frame_00218.png,"[794, 158, 1527, 1110]",LEFT_HIP,-0.21381991619354537,0.21657781875032117,0.9997890591621399,0.46577026695013046,0.40062694251537323,0.37082131200138
00218,/Users/nikko/Downloads/moi-main/project_root/data/temp_frames/video15/frame_00218.png,"[794, 158, 1527, 1110]",RIGHT_HIP,-0.6172653585891387,0.1493149175271957,0.999839186668396,0.46577026695013046,0.40062694251537323,0.37082131200138
00218,/Users/nikko/Downloads/moi-main/project_root/data/temp_frames/video15/frame_00218.png,"[794, 158, 1527, 1110]",LEFT_ELBOW,0.8982939875996431,0.4639678845442265,0.9671328663825989,0.46577026695013046,0.40062694251537323,0.37082131200138
00218,/Users/nikko/Downloads/moi-main/project_root/data/temp_frames/video15/frame_00218.png,"[794, 158, 1527, 1110]",RIGHT_ELBOW,-0.42049204607558993,0.5406473926249117,0.9990609288215637,0.46577026695013046,0.40062694251537323,0.37082131200138
00218,/Users/nikko/Downloads/moi-main/project_root/data/temp_frames/video15/frame_00218.png,"[794, 158, 1527, 1110]",LEFT_WRIST,0.9230538899678408,1.0836157849915864,0.9792380928993225,0.46577026695013046,0.40062694251537323,0.37082131200138
00218,/Users/nikko/Downloads/moi-main/project_root/data/temp_frames/video15/frame_00218.png,"[794, 158, 1527, 1110]",RIGHT_WRIST,-0.4945796726599937,1.2678849771144702,0.9997336268424988,0.46577026695013046,0.40062694251537323,0.37082131200138
00218,/Users/nikko/Downloads/moi-main/project_root/data/temp_frames/video15/frame_00218.png,"[794, 158, 1527, 1110]",RIGHT_KNEE,-0.8669406601785793,0.3803326505801254,0.8716580867767334,0.46577026695013046,0.40062694251537323,0.37082131200138
00218,/Users/nikko/Downloads/moi-main/project_root/data/temp_frames/video15/frame_00218.png,"[794, 158, 1527, 1110]",RIGHT_ANKLE,-1.0479273448929982,0.4959328156299942,0.9279730319976807,0.46577026695013046,0.40062694251537323,0.37082131200138
00218,/Users/nikko/Downloads/moi-main/project_root/data/temp_frames/video15/frame_00218.png,"[794, 158, 1527, 1110]",LEFT_EYE,1.0745687723985546,-0.36272409082594664,0.9970158338546753,0.46577026695013046,0.40062694251537323,0.37082131200138
00218,/Users/nikko/Downloads/moi-main/project_root/data/temp_frames/video15/frame_00218.png,"[794, 158, 1527, 1110]",RIGHT_EYE,0.9045508297158756,-0.3973820068784553,0.9989101886749268,0.46577026695013046,0.40062694251537323,0.37082131200138
00219,/Users/nikko/Downloads/moi-main/project_root/data/temp_frames/video15/frame_00219.png,"[794, 163, 1527, 1113]",LEFT_SHOULDER,0.8847479183346029,-0.12974480144059217,0.9999749660491943,0.4613244831562042,0.3977784439921379,0.3789022119740673
00219,/Users/nikko/Downloads/moi-main/project_root/data/temp_frames/video15/frame_00219.png,"[794, 163, 1527, 1113]",RIGHT_SHOULDER,-0.06619160198273405,-0.23491814838852004,0.9996800422668457,0.4613244831562042,0.3977784439921379,0.3789022119740673
00219,/Users/nikko/Downloads/moi-main/project_root/data/temp_frames/video15/frame_00219.png,"[794, 163, 1527, 1113]",LEFT_HIP,-0.20876424622157538,0.2248231327104534,0.9998424053192139,0.4613244831562042,0.3977784439921379,0.3789022119740673
00219,/Users/nikko/Downloads/moi-main/project_root/data/temp_frames/video15/frame_00219.png,"[794, 163, 1527, 1113]",RIGHT_HIP,-0.6097920701302935,0.1398398171186588,0.9998552799224854,0.4613244831562042,0.3977784439921379,0.3789022119740673
00219,/Users/nikko/Downloads/moi-main/project_root/data/temp_frames/video15/frame_00219.png,"[794, 163, 1527, 1113]",LEFT_ELBOW,0.8945037369553936,0.4570565904655278,0.9669869542121887,0.4613244831562042,0.3977784439921379,0.3789022119740673
00219,/Users/nikko/Downloads/moi-main/project_root/data/temp_frames/video15/frame_00219.png,"[794, 163, 1527, 1113]",RIGHT_ELBOW,-0.4094598891442442,0.5011346679824051,0.9983702301979065,0.4613244831562042,0.3977784439921379,0.3789022119740673
00219,/Users/nikko/Downloads/moi-main/project_root/data/temp_frames/video15/frame_00219.png,"[794, 163, 1527, 1113]",LEFT_WRIST,0.9112399753881547,1.0574458428777678,0.9784708619117737,0.4613244831562042,0.3977784439921379,0.3789022119740673
00219,/Users/nikko/Downloads/moi-main/project_root/data/temp_frames/video15/frame_00219.png,"[794, 163, 1527, 1113]",RIGHT_WRIST,-0.48882853975364265,1.2537127717118621,0.9994556307792664,0.4613244831562042,0.3977784439921379,0.3789022119740673
00219,/Users/nikko/Downloads/moi-main/project_root/data/temp_frames/video15/frame_00219.png,"[794, 163, 1527, 1113]",RIGHT_KNEE,-0.8391560977531913,0.36660781726934344,0.7999342679977417,0.4613244831562042,0.3977784439921379,0.3789022119740673
00219,/Users/nikko/Downloads/moi-main/project_root/data/temp_frames/video15/frame_00219.png,"[794, 163, 1527, 1113]",RIGHT_ANKLE,-1.0266836586496664,0.4901811003092788,0.89531010389328,0.4613244831562042,0.3977784439921379,0.3789022119740673
00219,/Users/nikko/Downloads/moi-main/project_root/data/temp_frames/video15/frame_00219.png,"[794, 163, 1527, 1113]",LEFT_EYE,1.078525435722255,-0.3652842605200541,0.9951255917549133,0.4613244831562042,0.3977784439921379,0.3789022119740673
00219,/Users/nikko/Downloads/moi-main/project_root/data/temp_frames/video15/frame_00219.png,"[794, 163, 1527, 1113]",RIGHT_EYE,0.9040873024618807,-0.39123344497318424,0.9980782270431519,0.4613244831562042,0.3977784439921379,0.3789022119740673
