frame_id,image_path,bbox,landmark,x_norm,y_norm,visibility,center_x,center_y,unit_length
00000,/Users/nikko/Downloads/moi-main/project_root/data/temp_frames/video1/frame_00000.png,"[9, 129, 498, 358]",LEFT_SHOULDER,0.4149705440082289,-0.11539826480287367,0.9977619647979736,0.6623208224773407,0.23957697302103043,0.32392648057438883
00000,/Users/nikko/Downloads/moi-main/project_root/data/temp_frames/video1/frame_00000.png,"[9, 129, 498, 358]",RIGHT_SHOULDER,0.5596702897322959,0.16494993676212857,0.9989560842514038,0.6623208224773407,0.23957697302103043,0.32392648057438883
00000,/Users/nikko/Downloads/moi-main/project_root/data/temp_frames/video1/frame_00000.png,"[9, 129, 498, 358]",LEFT_HIP,-0.5054241926801171,-0.10657127909472736,0.9862571358680725,0.6623208224773407,0.23957697302103043,0.32392648057438883
00000,/Users/nikko/Downloads/moi-main/project_root/data/temp_frames/video1/frame_00000.png,"[9, 129, 498, 358]",RIGHT_HIP,-0.4692166410604078,0.05701960713547245,0.9940669536590576,0.6623208224773407,0.23957697302103043,0.32392648057438883
00000,/Users/nikko/Downloads/moi-main/project_root/data/temp_frames/video1/frame_00000.png,"[9, 129, 498, 358]",RIGHT_ELBOW,0.557322364159847,1.5332979595470684,0.9847332835197449,0.6623208224773407,0.23957697302103043,0.32392648057438883
00000,/Users/nikko/Downloads/moi-main/project_root/data/temp_frames/video1/frame_00000.png,"[9, 129, 498, 358]",RIGHT_WRIST,0.6754664460367154,2.5714821971892334,0.9310365915298462,0.6623208224773407,0.23957697302103043,0.32392648057438883
00000,/Users/nikko/Downloads/moi-main/project_root/data/temp_frames/video1/frame_00000.png,"[9, 129, 498, 358]",RIGHT_KNEE,-1.2121480419235307,0.8588055530101774,0.9353244304656982,0.6623208224773407,0.23957697302103043,0.32392648057438883
00000,/Users/nikko/Downloads/moi-main/project_root/data/temp_frames/video1/frame_00000.png,"[9, 129, 498, 358]",RIGHT_ANKLE,-1.841305957200451,1.5054562728295056,0.9894619584083557,0.6623208224773407,0.23957697302103043,0.32392648057438883
00000,/Users/nikko/Downloads/moi-main/project_root/data/temp_frames/video1/frame_00000.png,"[9, 129, 498, 358]",LEFT_EYE,0.8929088269374235,0.35007733591165174,0.9986976385116577,0.6623208224773407,0.23957697302103043,0.32392648057438883
00000,/Users/nikko/Downloads/moi-main/project_root/data/temp_frames/video1/frame_00000.png,"[9, 129, 498, 358]",RIGHT_EYE,0.9026363414662254,0.3368294970811801,0.9993552565574646,0.6623208224773407,0.23957697302103043,0.32392648057438883
00001,/Users/nikko/Downloads/moi-main/project_root/data/temp_frames/video1/frame_00001.png,"[8, 126, 508, 360]",LEFT_SHOULDER,0.42414288904648223,-0.1324139752568167,0.9980194568634033,0.6483307555317879,0.2490009106695652,0.3234282314272712
00001,/Users/nikko/Downloads/moi-main/project_root/data/temp_frames/video1/frame_00001.png,"[8, 126, 508, 360]",RIGHT_SHOULDER,0.5494034454236854,0.144345082321262,0.999039351940155,0.6483307555317879,0.2490009106695652,0.3234282314272712
00001,/Users/nikko/Downloads/moi-main/project_root/data/temp_frames/video1/frame_00001.png,"[8, 126, 508, 360]",LEFT_HIP,-0.5041705742345186,-0.0959779190483047,0.9849660396575928,0.6483307555317879,0.2490009106695652,0.3234282314272712
00001,/Users/nikko/Downloads/moi-main/project_root/data/temp_frames/video1/frame_00001.png,"[8, 126, 508, 360]",RIGHT_HIP,-0.46937576023564903,0.0840468119838594,0.9933081865310669,0.6483307555317879,0.2490009106695652,0.3234282314272712
00001,/Users/nikko/Downloads/moi-main/project_root/data/temp_frames/video1/frame_00001.png,"[8, 126, 508, 360]",RIGHT_ELBOW,0.5353157517166202,1.471691368721099,0.9840424656867981,0.6483307555317879,0.2490009106695652,0.3234282314272712
00001,/Users/nikko/Downloads/moi-main/project_root/data/temp_frames/video1/frame_00001.png,"[8, 126, 508, 360]",RIGHT_WRIST,0.665339840489729,2.4425185477587963,0.9360785484313965,0.6483307555317879,0.2490009106695652,0.3234282314272712
00001,/Users/nikko/Downloads/moi-main/project_root/data/temp_frames/video1/frame_00001.png,"[8, 126, 508, 360]",RIGHT_KNEE,-1.1848526868213884,0.8220823300860809,0.9135569334030151,0.6483307555317879,0.2490009106695652,0.3234282314272712
00001,/Users/nikko/Downloads/moi-main/project_root/data/temp_frames/video1/frame_00001.png,"[8, 126, 508, 360]",RIGHT_ANKLE,-1.79414576215976,1.4670021052649778,0.9856471419334412,0.6483307555317879,0.2490009106695652,0.3234282314272712
00001,/Users/nikko/Downloads/moi-main/project_root/data/temp_frames/video1/frame_00001.png,"[8, 126, 508, 360]",LEFT_EYE,0.8584158633676354,0.36364661043615226,0.9989185333251953,0.6483307555317879,0.2490009106695652,0.3234282314272712
00001,/Users/nikko/Downloads/moi-main/project_root/data/temp_frames/video1/frame_00001.png,"[8, 126, 508, 360]",RIGHT_EYE,0.867296991102512,0.35969662700967264,0.9994826316833496,0.6483307555317879,0.2490009106695652,0.3234282314272712
00002,/Users/nikko/Downloads/moi-main/project_root/data/temp_frames/video1/frame_00002.png,"[7, 127, 506, 360]",LEFT_SHOULDER,0.41487341932952027,-0.14667656780335875,0.9978893399238586,0.6499638929963112,0.24941885471343994,0.32494749745089124
00002,/Users/nikko/Downloads/moi-main/project_root/data/temp_frames/video1/frame_00002.png,"[7, 127, 506, 360]",RIGHT_SHOULDER,0.5565323453000902,0.12822241861680347,0.9990781545639038,0.6499638929963112,0.24941885471343994,0.32494749745089124
00002,/Users/nikko/Downloads/moi-main/project_root/data/temp_frames/video1/frame_00002.png,"[7, 127, 506, 360]",LEFT_HIP,-0.5041621675004582,-0.0875237987667177,0.9856491088867188,0.6499638929963112,0.24941885471343994,0.32494749745089124
00002,/Users/nikko/Downloads/moi-main/project_root/data/temp_frames/video1/frame_00002.png,"[7, 127, 506, 360]",RIGHT_HIP,-0.46724359712915225,0.10597794795327296,0.9938218593597412,0.6499638929963112,0.24941885471343994,0.32494749745089124
00002,/Users/nikko/Downloads/moi-main/project_root/data/temp_frames/video1/frame_00002.png,"[7, 127, 506, 360]",RIGHT_ELBOW,0.5434654464528197,1.4679811672486223,0.9847975373268127,0.6499638929963112,0.24941885471343994,0.32494749745089124
00002,/Users/nikko/Downloads/moi-main/project_root/data/temp_frames/video1/frame_00002.png,"[7, 127, 506, 360]",RIGHT_WRIST,0.6670733533088699,2.4598372421426746,0.939612865447998,0.6499638929963112,0.24941885471343994,0.32494749745089124
00002,/Users/nikko/Downloads/moi-main/project_root/data/temp_frames/video1/frame_00002.png,"[7, 127, 506, 360]",RIGHT_KNEE,-1.194570588781263,0.8263301611164237,0.9076179265975952,0.6499638929963112,0.24941885471343994,0.32494749745089124
00002,/Users/nikko/Downloads/moi-main/project_root/data/temp_frames/video1/frame_00002.png,"[7, 127, 506, 360]",RIGHT_ANKLE,-1.7868532710150367,1.4333524270464686,0.9837285876274109,0.6499638929963112,0.24941885471343994,0.32494749745089124
00002,/Users/nikko/Downloads/moi-main/project_root/data/temp_frames/video1/frame_00002.png,"[7, 127, 506, 360]",LEFT_EYE,0.8588689853285899,0.3491576000887299,0.9987517595291138,0.6499638929963112,0.24941885471343994,0.32494749745089124
00002,/Users/nikko/Downloads/moi-main/project_root/data/temp_frames/video1/frame_00002.png,"[7, 127, 506, 360]",RIGHT_EYE,0.8686523298955708,0.3459482426525483,0.9994148015975952,0.6499638929963112,0.24941885471343994,0.32494749745089124
00003,/Users/nikko/Downloads/moi-main/project_root/data/temp_frames/video1/frame_00003.png,"[5, 129, 508, 360]",LEFT_SHOULDER,0.42343671219678775,-0.14808103506147433,0.9977789521217346,0.6491316854953766,0.2450116202235222,0.31763417405368854
00003,/Users/nikko/Downloads/moi-main/project_root/data/temp_frames/video1/frame_00003.png,"[5, 129, 508, 360]",RIGHT_SHOULDER,0.5504569452562474,0.13525958072679753,0.9990538954734802,0.6491316854953766,0.2450116202235222,0.31763417405368854
00003,/Users/nikko/Downloads/moi-main/project_root/data/temp_frames/video1/frame_00003.png,"[5, 129, 508, 360]",LEFT_HIP,-0.503758653032447,-0.07684435303878882,0.9861461520195007,0.6491316854953766,0.2450116202235222,0.31763417405368854
00003,/Users/nikko/Downloads/moi-main/project_root/data/temp_frames/video1/frame_00003.png,"[5, 129, 508, 360]",RIGHT_HIP,-0.4701350044205881,0.08966580737346562,0.9941219687461853,0.6491316854953766,0.2450116202235222,0.31763417405368854
00003,/Users/nikko/Downloads/moi-main/project_root/data/temp_frames/video1/frame_00003.png,"[5, 129, 508, 360]",RIGHT_ELBOW,0.5424746102728996,1.4619234485421644,0.9886994957923889,0.6491316854953766,0.2450116202235222,0.31763417405368854
00003,/Users/nikko/Downloads/moi-main/project_root/data/temp_frames/video1/frame_00003.png,"[5, 129, 508, 360]",RIGHT_WRIST,0.6690399752144497,2.4825491755544884,0.9544423222541809,0.6491316854953766,0.2450116202235222,0.31763417405368854
00003,/Users/nikko/Downloads/moi-main/project_root/data/temp_frames/video1/frame_00003.png,"[5, 129, 508, 360]",RIGHT_KNEE,-1.1973727657258404,0.8312257218813616,0.9435073733329773,0.6491316854953766,0.2450116202235222,0.31763417405368854
00003,/Users/nikko/Downloads/moi-main/project_root/data/temp_frames/video1/frame_00003.png,"[5, 129, 508, 360]",RIGHT_ANKLE,-1.8253705573699426,1.5047943933514092,0.9908429384231567,0.6491316854953766,0.2450116202235222,0.31763417405368854
00003,/Users/nikko/Downloads/moi-main/project_root/data/temp_frames/video1/frame_00003.png,"[5, 129, 508, 360]",LEFT_EYE,0.8852884818703861,0.35518634539148136,0.9984763264656067,0.6491316854953766,0.2450116202235222,0.31763417405368854
00003,/Users/nikko/Downloads/moi-main/project_root/data/temp_frames/video1/frame_00003.png,"[5, 129, 508, 360]",RIGHT_EYE,0.8930077289406526,0.34694974213265184,0.9992914199829102,0.6491316854953766,0.2450116202235222,0.31763417405368854
00004,/Users/nikko/Downloads/moi-main/project_root/data/temp_frames/video1/frame_00004.png,"[2, 128, 511, 360]",LEFT_SHOULDER,0.4159697433539077,-0.1465782152342788,0.9983217120170593,0.6496239751577377,0.24878765642642975,0.3030738717449231
00004,/Users/nikko/Downloads/moi-main/project_root/data/temp_frames/video1/frame_00004.png,"[2, 128, 511, 360]",RIGHT_SHOULDER,0.562825357464479,0.10238757123890482,0.9992490410804749,0.6496239751577377,0.24878765642642975,0.3030738717449231
00004,/Users/nikko/Downloads/moi-main/project_root/data/temp_frames/video1/frame_00004.png,"[2, 128, 511, 360]",LEFT_HIP,-0.5056694872586334,-0.04893961245730692,0.9884400367736816,0.6496239751577377,0.24878765642642975,0.3030738717449231
00004,/Users/nikko/Downloads/moi-main/project_root/data/temp_frames/video1/frame_00004.png,"[2, 128, 511, 360]",RIGHT_HIP,-0.4731256135597534,0.0931302564526809,0.9951871633529663,0.6496239751577377,0.24878765642642975,0.3030738717449231
00004,/Users/nikko/Downloads/moi-main/project_root/data/temp_frames/video1/frame_00004.png,"[2, 128, 511, 360]",RIGHT_ELBOW,0.5541739738642584,1.4488608700557024,0.9833902716636658,0.6496239751577377,0.24878765642642975,0.3030738717449231
00004,/Users/nikko/Downloads/moi-main/project_root/data/temp_frames/video1/frame_00004.png,"[2, 128, 511, 360]",RIGHT_WRIST,0.6846716092903115,2.5118256339546594,0.9111096858978271,0.6496239751577377,0.24878765642642975,0.3030738717449231
00004,/Users/nikko/Downloads/moi-main/project_root/data/temp_frames/video1/frame_00004.png,"[2, 128, 511, 360]",RIGHT_KNEE,-1.2274203582917118,0.8718596040110549,0.9370641112327576,0.6496239751577377,0.24878765642642975,0.3030738717449231
00004,/Users/nikko/Downloads/moi-main/project_root/data/temp_frames/video1/frame_00004.png,"[2, 128, 511, 360]",RIGHT_ANKLE,-1.8879627395199912,1.5700691339661197,0.988628089427948,0.6496239751577377,0.24878765642642975,0.3030738717449231
00004,/Users/nikko/Downloads/moi-main/project_root/data/temp_frames/video1/frame_00004.png,"[2, 128, 511, 360]",LEFT_EYE,0.8929911837057201,0.33048211602698896,0.9991920590400696,0.6496239751577377,0.24878765642642975,0.3030738717449231
00004,/Users/nikko/Downloads/moi-main/project_root/data/temp_frames/video1/frame_00004.png,"[2, 128, 511, 360]",RIGHT_EYE,0.9015804205176328,0.3152456312042633,0.9996234178543091,0.6496239751577377,0.24878765642642975,0.3030738717449231
00005,/Users/nikko/Downloads/moi-main/project_root/data/temp_frames/video1/frame_00005.png,"[1, 127, 509, 360]",LEFT_SHOULDER,0.41328818361511455,-0.1731172669073244,0.9984435439109802,0.6582745015621185,0.2509987913072109,0.3053517302923122
00005,/Users/nikko/Downloads/moi-main/project_root/data/temp_frames/video1/frame_00005.png,"[1, 127, 509, 360]",RIGHT_SHOULDER,0.5565793972164402,0.12190326405810578,0.9993876218795776,0.6582745015621185,0.2509987913072109,0.3053517302923122
00005,/Users/nikko/Downloads/moi-main/project_root/data/temp_frames/video1/frame_00005.png,"[1, 127, 509, 360]",LEFT_HIP,-0.503865258293845,-0.05989089716000579,0.9857608675956726,0.6582745015621185,0.2509987913072109,0.3053517302923122
00005,/Users/nikko/Downloads/moi-main/project_root/data/temp_frames/video1/frame_00005.png,"[1, 127, 509, 360]",RIGHT_HIP,-0.4660023225377098,0.11110490000922442,0.9945065379142761,0.6582745015621185,0.2509987913072109,0.3053517302923122
00005,/Users/nikko/Downloads/moi-main/project_root/data/temp_frames/video1/frame_00005.png,"[1, 127, 509, 360]",RIGHT_ELBOW,0.5418088116324273,1.5015561652674505,0.9900312423706055,0.6582745015621185,0.2509987913072109,0.3053517302923122
00005,/Users/nikko/Downloads/moi-main/project_root/data/temp_frames/video1/frame_00005.png,"[1, 127, 509, 360]",RIGHT_WRIST,0.6617258063230018,2.544768178129784,0.9572519063949585,0.6582745015621185,0.2509987913072109,0.3053517302923122
00005,/Users/nikko/Downloads/moi-main/project_root/data/temp_frames/video1/frame_00005.png,"[1, 127, 509, 360]",RIGHT_KNEE,-1.2200251103649682,0.8729510093331176,0.9464809894561768,0.6582745015621185,0.2509987913072109,0.3053517302923122
00005,/Users/nikko/Downloads/moi-main/project_root/data/temp_frames/video1/frame_00005.png,"[1, 127, 509, 360]",RIGHT_ANKLE,-1.8934148949483818,1.5549170016492408,0.9905537962913513,0.6582745015621185,0.2509987913072109,0.3053517302923122
00005,/Users/nikko/Downloads/moi-main/project_root/data/temp_frames/video1/frame_00005.png,"[1, 127, 509, 360]",LEFT_EYE,0.8852697736509635,0.34472440594344766,0.9989325404167175,0.6582745015621185,0.2509987913072109,0.3053517302923122
00005,/Users/nikko/Downloads/moi-main/project_root/data/temp_frames/video1/frame_00005.png,"[1, 127, 509, 360]",RIGHT_EYE,0.8942392116980554,0.34131406748597776,0.9995161294937134,0.6582745015621185,0.2509987913072109,0.3053517302923122
00006,/Users/nikko/Downloads/moi-main/project_root/data/temp_frames/video1/frame_00006.png,"[4, 129, 520, 359]",LEFT_SHOULDER,0.41609765258041526,-0.1715999457669974,0.9982921481132507,0.6423324793577194,0.24674014747142792,0.298963064087352
00006,/Users/nikko/Downloads/moi-main/project_root/data/temp_frames/video1/frame_00006.png,"[4, 129, 520, 359]",RIGHT_SHOULDER,0.5522516799026068,0.11090609869613473,0.9992327690124512,0.6423324793577194,0.24674014747142792,0.298963064087352
00006,/Users/nikko/Downloads/moi-main/project_root/data/temp_frames/video1/frame_00006.png,"[4, 129, 520, 359]",LEFT_HIP,-0.503674771092216,-0.06485268185083459,0.9849274158477783,0.6423324793577194,0.24674014747142792,0.298963064087352
00006,/Users/nikko/Downloads/moi-main/project_root/data/temp_frames/video1/frame_00006.png,"[4, 129, 520, 359]",RIGHT_HIP,-0.46467456139080604,0.12554652892169726,0.9938855767250061,0.6423324793577194,0.24674014747142792,0.298963064087352
00006,/Users/nikko/Downloads/moi-main/project_root/data/temp_frames/video1/frame_00006.png,"[4, 129, 520, 359]",RIGHT_ELBOW,0.5473969895591312,1.595743544366332,0.9906486868858337,0.6423324793577194,0.24674014747142792,0.298963064087352
00006,/Users/nikko/Downloads/moi-main/project_root/data/temp_frames/video1/frame_00006.png,"[4, 129, 520, 359]",RIGHT_WRIST,0.6626991748425781,2.7009346353559325,0.958960235118866,0.6423324793577194,0.24674014747142792,0.298963064087352
00006,/Users/nikko/Downloads/moi-main/project_root/data/temp_frames/video1/frame_00006.png,"[4, 129, 520, 359]",RIGHT_KNEE,-1.2279178124011152,0.8970134459397141,0.9557655453681946,0.6423324793577194,0.24674014747142792,0.298963064087352
00006,/Users/nikko/Downloads/moi-main/project_root/data/temp_frames/video1/frame_00006.png,"[4, 129, 520, 359]",RIGHT_ANKLE,-1.902280181422627,1.578336439073155,0.9922007918357849,0.6423324793577194,0.24674014747142792,0.298963064087352
00006,/Users/nikko/Downloads/moi-main/project_root/data/temp_frames/video1/frame_00006.png,"[4, 129, 520, 359]",LEFT_EYE,0.9005881727511522,0.3506822453293975,0.9992782473564148,0.6423324793577194,0.24674014747142792,0.298963064087352
00006,/Users/nikko/Downloads/moi-main/project_root/data/temp_frames/video1/frame_00006.png,"[4, 129, 520, 359]",RIGHT_EYE,0.9061053738137806,0.3394684090641354,0.9996551275253296,0.6423324793577194,0.24674014747142792,0.298963064087352
00007,/Users/nikko/Downloads/moi-main/project_root/data/temp_frames/video1/frame_00007.png,"[6, 130, 521, 359]",LEFT_SHOULDER,0.4211783514162007,-0.16638836101174204,0.9981858134269714,0.6365478411316872,0.24965866282582283,0.3056932044276436
00007,/Users/nikko/Downloads/moi-main/project_root/data/temp_frames/video1/frame_00007.png,"[6, 130, 521, 359]",RIGHT_SHOULDER,0.5516639500300999,0.09225221744965564,0.9989235997200012,0.6365478411316872,0.24965866282582283,0.3056932044276436
00007,/Users/nikko/Downloads/moi-main/project_root/data/temp_frames/video1/frame_00007.png,"[6, 130, 521, 359]",LEFT_HIP,-0.5009347754065866,-0.047003716207111204,0.9845698475837708,0.6365478411316872,0.24965866282582283,0.3056932044276436
00007,/Users/nikko/Downloads/moi-main/project_root/data/temp_frames/video1/frame_00007.png,"[6, 130, 521, 359]",RIGHT_HIP,-0.47190752603971403,0.1211398597691976,0.9928541779518127,0.6365478411316872,0.24965866282582283,0.3056932044276436
00007,/Users/nikko/Downloads/moi-main/project_root/data/temp_frames/video1/frame_00007.png,"[6, 130, 521, 359]",RIGHT_ELBOW,0.5502425319085353,1.5654391084346813,0.9856765270233154,0.6365478411316872,0.24965866282582283,0.3056932044276436
00007,/Users/nikko/Downloads/moi-main/project_root/data/temp_frames/video1/frame_00007.png,"[6, 130, 521, 359]",RIGHT_WRIST,0.6730752855494183,2.683931580283783,0.9247924089431763,0.6365478411316872,0.24965866282582283,0.3056932044276436
00007,/Users/nikko/Downloads/moi-main/project_root/data/temp_frames/video1/frame_00007.png,"[6, 130, 521, 359]",RIGHT_KNEE,-1.1990567790095064,0.877557749710046,0.9295687675476074,0.6365478411316872,0.24965866282582283,0.3056932044276436
00007,/Users/nikko/Downloads/moi-main/project_root/data/temp_frames/video1/frame_00007.png,"[6, 130, 521, 359]",RIGHT_ANKLE,-1.8569003702476157,1.5294384285590712,0.9894347786903381,0.6365478411316872,0.24965866282582283,0.3056932044276436
00007,/Users/nikko/Downloads/moi-main/project_root/data/temp_frames/video1/frame_00007.png,"[6, 130, 521, 359]",LEFT_EYE,0.8916761338761923,0.34121594122460763,0.9989338517189026,0.6365478411316872,0.24965866282582283,0.3056932044276436
00007,/Users/nikko/Downloads/moi-main/project_root/data/temp_frames/video1/frame_00007.png,"[6, 130, 521, 359]",RIGHT_EYE,0.8978180640311009,0.3281212486433875,0.9994537234306335,0.6365478411316872,0.24965866282582283,0.3056932044276436
00008,/Users/nikko/Downloads/moi-main/project_root/data/temp_frames/video1/frame_00008.png,"[4, 134, 519, 359]",LEFT_SHOULDER,0.4106431671985159,-0.2157143130701714,0.9983970522880554,0.6401387974619865,0.24285651743412018,0.307204115984797
00008,/Users/nikko/Downloads/moi-main/project_root/data/temp_frames/video1/frame_00008.png,"[4, 134, 519, 359]",RIGHT_SHOULDER,0.5480313908038179,0.08061541460171368,0.9992115497589111,0.6401387974619865,0.24285651743412018,0.307204115984797
00008,/Users/nikko/Downloads/moi-main/project_root/data/temp_frames/video1/frame_00008.png,"[4, 134, 519, 359]",LEFT_HIP,-0.4949676212712539,-0.024943685764372458,0.9849527478218079,0.6401387974619865,0.24285651743412018,0.307204115984797
00008,/Users/nikko/Downloads/moi-main/project_root/data/temp_frames/video1/frame_00008.png,"[4, 134, 519, 359]",RIGHT_HIP,-0.4637069367310799,0.16004258423283016,0.9936488270759583,0.6401387974619865,0.24285651743412018,0.307204115984797
00008,/Users/nikko/Downloads/moi-main/project_root/data/temp_frames/video1/frame_00008.png,"[4, 134, 519, 359]",RIGHT_ELBOW,0.5326632220270597,1.5021086480776646,0.988286554813385,0.6401387974619865,0.24285651743412018,0.307204115984797
00008,/Users/nikko/Downloads/moi-main/project_root/data/temp_frames/video1/frame_00008.png,"[4, 134, 519, 359]",RIGHT_WRIST,0.6525311744407996,2.57032695549881,0.9406186938285828,0.6401387974619865,0.24285651743412018,0.307204115984797
00008,/Users/nikko/Downloads/moi-main/project_root/data/temp_frames/video1/frame_00008.png,"[4, 134, 519, 359]",RIGHT_KNEE,-1.2119030361295513,0.9005940829105579,0.9494756460189819,0.6401387974619865,0.24285651743412018,0.307204115984797
00008,/Users/nikko/Downloads/moi-main/project_root/data/temp_frames/video1/frame_00008.png,"[4, 134, 519, 359]",RIGHT_ANKLE,-1.8637579921299257,1.5559036415532321,0.9913533329963684,0.6401387974619865,0.24285651743412018,0.307204115984797
00008,/Users/nikko/Downloads/moi-main/project_root/data/temp_frames/video1/frame_00008.png,"[4, 134, 519, 359]",LEFT_EYE,0.891374961804948,0.25781083908957203,0.9991975426673889,0.6401387974619865,0.24285651743412018,0.307204115984797
00008,/Users/nikko/Downloads/moi-main/project_root/data/temp_frames/video1/frame_00008.png,"[4, 134, 519, 359]",RIGHT_EYE,0.898013456587,0.23985062088885295,0.9996212720870972,0.6401387974619865,0.24285651743412018,0.307204115984797
00009,/Users/nikko/Downloads/moi-main/project_root/data/temp_frames/video1/frame_00009.png,"[4, 133, 520, 359]",LEFT_SHOULDER,0.41337150505208614,-0.21833445057284895,0.9984384179115295,0.6384889408946037,0.250771839171648,0.3109548339161642
00009,/Users/nikko/Downloads/moi-main/project_root/data/temp_frames/video1/frame_00009.png,"[4, 133, 520, 359]",RIGHT_SHOULDER,0.5438920511047688,0.058051891451039075,0.9991586208343506,0.6384889408946037,0.250771839171648,0.3109548339161642
00009,/Users/nikko/Downloads/moi-main/project_root/data/temp_frames/video1/frame_00009.png,"[4, 133, 520, 359]",LEFT_HIP,-0.489880146922932,-0.012777097832404424,0.9862723350524902,0.6384889408946037,0.250771839171648,0.3109548339161642
00009,/Users/nikko/Downloads/moi-main/project_root/data/temp_frames/video1/frame_00009.png,"[4, 133, 520, 359]",RIGHT_HIP,-0.4673834092339229,0.1730596569542143,0.994025707244873,0.6384889408946037,0.250771839171648,0.3109548339161642
00009,/Users/nikko/Downloads/moi-main/project_root/data/temp_frames/video1/frame_00009.png,"[4, 133, 520, 359]",RIGHT_ELBOW,0.5311618316590235,1.4777059792080633,0.9858561754226685,0.6384889408946037,0.250771839171648,0.3109548339161642
00009,/Users/nikko/Downloads/moi-main/project_root/data/temp_frames/video1/frame_00009.png,"[4, 133, 520, 359]",RIGHT_WRIST,0.643123089057446,2.521324627141637,0.924091100692749,0.6384889408946037,0.250771839171648,0.3109548339161642
00009,/Users/nikko/Downloads/moi-main/project_root/data/temp_frames/video1/frame_00009.png,"[4, 133, 520, 359]",RIGHT_KNEE,-1.2094326410381995,0.8979804152014671,0.9577538967132568,0.6384889408946037,0.250771839171648,0.3109548339161642
00009,/Users/nikko/Downloads/moi-main/project_root/data/temp_frames/video1/frame_00009.png,"[4, 133, 520, 359]",LEFT_ANKLE,-1.814664216484932,1.430074758963936,0.5555338859558105,0.6384889408946037,0.250771839171648,0.3109548339161642
00009,/Users/nikko/Downloads/moi-main/project_root/data/temp_frames/video1/frame_00009.png,"[4, 133, 520, 359]",RIGHT_ANKLE,-1.8646402545744156,1.5733182405218862,0.9930041432380676,0.6384889408946037,0.250771839171648,0.3109548339161642
00009,/Users/nikko/Downloads/moi-main/project_root/data/temp_frames/video1/frame_00009.png,"[4, 133, 520, 359]",LEFT_EYE,0.8859903663059309,0.24228268112433188,0.9992127418518066,0.6384889408946037,0.250771839171648,0.3109548339161642
00009,/Users/nikko/Downloads/moi-main/project_root/data/temp_frames/video1/frame_00009.png,"[4, 133, 520, 359]",RIGHT_EYE,0.8929214190356479,0.23326056242961346,0.9996309280395508,0.6384889408946037,0.250771839171648,0.3109548339161642
00010,/Users/nikko/Downloads/moi-main/project_root/data/temp_frames/video1/frame_00010.png,"[4, 133, 520, 359]",LEFT_SHOULDER,0.4128010529855543,-0.2370275442296842,0.9982162117958069,0.6398805752396584,0.2559685930609703,0.30891015631022145
00010,/Users/nikko/Downloads/moi-main/project_root/data/temp_frames/video1/frame_00010.png,"[4, 133, 520, 359]",RIGHT_SHOULDER,0.5407257036574684,0.07952551933586038,0.9990803003311157,0.6398805752396584,0.2559685930609703,0.30891015631022145
00010,/Users/nikko/Downloads/moi-main/project_root/data/temp_frames/video1/frame_00010.png,"[4, 133, 520, 359]",LEFT_HIP,-0.48856365838645904,-0.010650120933990814,0.9844812154769897,0.6398805752396584,0.2559685930609703,0.30891015631022145
00010,/Users/nikko/Downloads/moi-main/project_root/data/temp_frames/video1/frame_00010.png,"[4, 133, 520, 359]",RIGHT_HIP,-0.46496309825656373,0.16815214582781463,0.9934853911399841,0.6398805752396584,0.2559685930609703,0.30891015631022145
00010,/Users/nikko/Downloads/moi-main/project_root/data/temp_frames/video1/frame_00010.png,"[4, 133, 520, 359]",RIGHT_ELBOW,0.5321507508294268,1.4635647955290718,0.9866647720336914,0.6398805752396584,0.2559685930609703,0.30891015631022145
00010,/Users/nikko/Downloads/moi-main/project_root/data/temp_frames/video1/frame_00010.png,"[4, 133, 520, 359]",RIGHT_WRIST,0.6509246817184854,2.5445919509700485,0.9261282682418823,0.6398805752396584,0.2559685930609703,0.30891015631022145
00010,/Users/nikko/Downloads/moi-main/project_root/data/temp_frames/video1/frame_00010.png,"[4, 133, 520, 359]",RIGHT_KNEE,-1.2052590300090595,0.8960353215581518,0.9651815295219421,0.6398805752396584,0.2559685930609703,0.30891015631022145
00010,/Users/nikko/Downloads/moi-main/project_root/data/temp_frames/video1/frame_00010.png,"[4, 133, 520, 359]",LEFT_ANKLE,-1.8384408423238034,1.435929911211937,0.5793775916099548,0.6398805752396584,0.2559685930609703,0.30891015631022145
00010,/Users/nikko/Downloads/moi-main/project_root/data/temp_frames/video1/frame_00010.png,"[4, 133, 520, 359]",RIGHT_ANKLE,-1.878163046020951,1.5875486069633467,0.9943853616714478,0.6398805752396584,0.2559685930609703,0.30891015631022145
00010,/Users/nikko/Downloads/moi-main/project_root/data/temp_frames/video1/frame_00010.png,"[4, 133, 520, 359]",LEFT_EYE,0.8971082760132391,0.2356058301328993,0.9989917874336243,0.6398805752396584,0.2559685930609703,0.30891015631022145
00010,/Users/nikko/Downloads/moi-main/project_root/data/temp_frames/video1/frame_00010.png,"[4, 133, 520, 359]",RIGHT_EYE,0.904209659057798,0.21098011925537485,0.9995217323303223,0.6398805752396584,0.2559685930609703,0.30891015631022145
00011,/Users/nikko/Downloads/moi-main/project_root/data/temp_frames/video1/frame_00011.png,"[3, 133, 519, 359]",LEFT_SHOULDER,0.3994129276383682,-0.2576968199012159,0.9987070560455322,0.6433322504162788,0.24993212148547173,0.306235868745975
00011,/Users/nikko/Downloads/moi-main/project_root/data/temp_frames/video1/frame_00011.png,"[3, 133, 519, 359]",RIGHT_SHOULDER,0.5461687676537134,0.0925869383711665,0.9993560910224915,0.6433322504162788,0.24993212148547173,0.306235868745975
00011,/Users/nikko/Downloads/moi-main/project_root/data/temp_frames/video1/frame_00011.png,"[3, 133, 519, 359]",LEFT_HIP,-0.48997096408836766,-0.010851307335988747,0.9891378283500671,0.6433322504162788,0.24993212148547173,0.306235868745975
00011,/Users/nikko/Downloads/moi-main/project_root/data/temp_frames/video1/frame_00011.png,"[3, 133, 519, 359]",RIGHT_HIP,-0.45561073120371387,0.17596118886603812,0.9954740405082703,0.6433322504162788,0.24993212148547173,0.306235868745975
00011,/Users/nikko/Downloads/moi-main/project_root/data/temp_frames/video1/frame_00011.png,"[3, 133, 519, 359]",RIGHT_ELBOW,0.5330411268824733,1.4926238329336847,0.9884296655654907,0.6433322504162788,0.24993212148547173,0.306235868745975
00011,/Users/nikko/Downloads/moi-main/project_root/data/temp_frames/video1/frame_00011.png,"[3, 133, 519, 359]",RIGHT_WRIST,0.6454389723316795,2.5557538905548745,0.9415956735610962,0.6433322504162788,0.24993212148547173,0.306235868745975
00011,/Users/nikko/Downloads/moi-main/project_root/data/temp_frames/video1/frame_00011.png,"[3, 133, 519, 359]",RIGHT_KNEE,-1.2154310154728705,0.9456486623759082,0.9742122888565063,0.6433322504162788,0.24993212148547173,0.306235868745975
00011,/Users/nikko/Downloads/moi-main/project_root/data/temp_frames/video1/frame_00011.png,"[3, 133, 519, 359]",LEFT_ANKLE,-1.8564942697444637,1.4422241015263988,0.6540817022323608,0.6433322504162788,0.24993212148547173,0.306235868745975
00011,/Users/nikko/Downloads/moi-main/project_root/data/temp_frames/video1/frame_00011.png,"[3, 133, 519, 359]",RIGHT_ANKLE,-1.898099550388814,1.6000543630075172,0.9953323006629944,0.6433322504162788,0.24993212148547173,0.306235868745975
00011,/Users/nikko/Downloads/moi-main/project_root/data/temp_frames/video1/frame_00011.png,"[3, 133, 519, 359]",LEFT_EYE,0.8952084587637374,0.23980007659090954,0.999427318572998,0.6433322504162788,0.24993212148547173,0.306235868745975
00011,/Users/nikko/Downloads/moi-main/project_root/data/temp_frames/video1/frame_00011.png,"[3, 133, 519, 359]",RIGHT_EYE,0.9052075141604329,0.2257521949554884,0.9997360110282898,0.6433322504162788,0.24993212148547173,0.306235868745975
00012,/Users/nikko/Downloads/moi-main/project_root/data/temp_frames/video1/frame_00012.png,"[5, 133, 519, 359]",LEFT_SHOULDER,0.4045862138173035,-0.2355348743718224,0.9984109401702881,0.6412240639328957,0.24793027341365814,0.3040057402510689
00012,/Users/nikko/Downloads/moi-main/project_root/data/temp_frames/video1/frame_00012.png,"[5, 133, 519, 359]",RIGHT_SHOULDER,0.549373749707024,0.09701203108116789,0.9991544485092163,0.6412240639328957,0.24793027341365814,0.3040057402510689
00012,/Users/nikko/Downloads/moi-main/project_root/data/temp_frames/video1/frame_00012.png,"[5, 133, 519, 359]",LEFT_HIP,-0.4926319345574409,-0.02015843960657788,0.9869149327278137,0.6412240639328957,0.24793027341365814,0.3040057402510689
00012,/Users/nikko/Downloads/moi-main/project_root/data/temp_frames/video1/frame_00012.png,"[5, 133, 519, 359]",RIGHT_HIP,-0.4613280289668866,0.1586812828972324,0.9943121671676636,0.6412240639328957,0.24793027341365814,0.3040057402510689
00012,/Users/nikko/Downloads/moi-main/project_root/data/temp_frames/video1/frame_00012.png,"[5, 133, 519, 359]",RIGHT_ELBOW,0.5395923024200628,1.5030068987041723,0.9842340350151062,0.6412240639328957,0.24793027341365814,0.3040057402510689
00012,/Users/nikko/Downloads/moi-main/project_root/data/temp_frames/video1/frame_00012.png,"[5, 133, 519, 359]",RIGHT_WRIST,0.6689452717054385,2.5881719030413555,0.9270097613334656,0.6412240639328957,0.24793027341365814,0.3040057402510689
00012,/Users/nikko/Downloads/moi-main/project_root/data/temp_frames/video1/frame_00012.png,"[5, 133, 519, 359]",RIGHT_KNEE,-1.2222236156123647,0.8828946286226793,0.9451077580451965,0.6412240639328957,0.24793027341365814,0.3040057402510689
00012,/Users/nikko/Downloads/moi-main/project_root/data/temp_frames/video1/frame_00012.png,"[5, 133, 519, 359]",RIGHT_ANKLE,-1.9046039421100402,1.54795932399373,0.9901345372200012,0.6412240639328957,0.24793027341365814,0.3040057402510689
00012,/Users/nikko/Downloads/moi-main/project_root/data/temp_frames/video1/frame_00012.png,"[5, 133, 519, 359]",LEFT_EYE,0.9100742500679518,0.24215473728419062,0.9989920258522034,0.6412240639328957,0.24793027341365814,0.3040057402510689
00012,/Users/nikko/Downloads/moi-main/project_root/data/temp_frames/video1/frame_00012.png,"[5, 133, 519, 359]",RIGHT_EYE,0.9200674466998572,0.20051001322044765,0.9995008707046509,0.6412240639328957,0.24793027341365814,0.3040057402510689
00013,/Users/nikko/Downloads/moi-main/project_root/data/temp_frames/video1/frame_00013.png,"[5, 132, 519, 359]",LEFT_SHOULDER,0.40722834689752935,-0.23532170089621793,0.997912585735321,0.6362309679389,0.2551536224782467,0.31482931816918014
00013,/Users/nikko/Downloads/moi-main/project_root/data/temp_frames/video1/frame_00013.png,"[5, 132, 519, 359]",RIGHT_SHOULDER,0.546193631202562,0.0732127091090632,0.9990587830543518,0.6362309679389,0.2551536224782467,0.31482931816918014
00013,/Users/nikko/Downloads/moi-main/project_root/data/temp_frames/video1/frame_00013.png,"[5, 132, 519, 359]",LEFT_HIP,-0.4892366909841392,-0.008555241236126122,0.9872298836708069,0.6362309679389,0.2551536224782467,0.31482931816918014
00013,/Users/nikko/Downloads/moi-main/project_root/data/temp_frames/video1/frame_00013.png,"[5, 132, 519, 359]",RIGHT_HIP,-0.4641852871159522,0.17066423302328085,0.9945027828216553,0.6362309679389,0.2551536224782467,0.31482931816918014
00013,/Users/nikko/Downloads/moi-main/project_root/data/temp_frames/video1/frame_00013.png,"[5, 132, 519, 359]",RIGHT_ELBOW,0.5420773557735686,1.4219023450271302,0.9858707785606384,0.6362309679389,0.2551536224782467,0.31482931816918014
00013,/Users/nikko/Downloads/moi-main/project_root/data/temp_frames/video1/frame_00013.png,"[5, 132, 519, 359]",RIGHT_WRIST,0.6553582324896507,2.4563033143710644,0.9355558156967163,0.6362309679389,0.2551536224782467,0.31482931816918014
00013,/Users/nikko/Downloads/moi-main/project_root/data/temp_frames/video1/frame_00013.png,"[5, 132, 519, 359]",RIGHT_KNEE,-1.1844044631025539,0.8354608898789004,0.9328534603118896,0.6362309679389,0.2551536224782467,0.31482931816918014
00013,/Users/nikko/Downloads/moi-main/project_root/data/temp_frames/video1/frame_00013.png,"[5, 132, 519, 359]",RIGHT_ANKLE,-1.822040744967676,1.4487783558517573,0.988228440284729,0.6362309679389,0.2551536224782467,0.31482931816918014
00013,/Users/nikko/Downloads/moi-main/project_root/data/temp_frames/video1/frame_00013.png,"[5, 132, 519, 359]",LEFT_EYE,0.8916533055832988,0.2200735481234483,0.9986178874969482,0.6362309679389,0.2551536224782467,0.31482931816918014
00013,/Users/nikko/Downloads/moi-main/project_root/data/temp_frames/video1/frame_00013.png,"[5, 132, 519, 359]",RIGHT_EYE,0.9019854560414852,0.1868911655510623,0.9993419051170349,0.6362309679389,0.2551536224782467,0.31482931816918014
00014,/Users/nikko/Downloads/moi-main/project_root/data/temp_frames/video1/frame_00014.png,"[5, 132, 519, 359]",LEFT_SHOULDER,0.40473970703859785,-0.24807789862050428,0.9979273080825806,0.63674645870924,0.2531849034130573,0.3172801872532045
00014,/Users/nikko/Downloads/moi-main/project_root/data/temp_frames/video1/frame_00014.png,"[5, 132, 519, 359]",RIGHT_SHOULDER,0.5442061900312263,0.05741577975390072,0.9989914298057556,0.63674645870924,0.2531849034130573,0.3172801872532045
00014,/Users/nikko/Downloads/moi-main/project_root/data/temp_frames/video1/frame_00014.png,"[5, 132, 519, 359]",LEFT_HIP,-0.4877462364508801,0.008587547559876929,0.9868898391723633,0.63674645870924,0.2531849034130573,0.3172801872532045
00014,/Users/nikko/Downloads/moi-main/project_root/data/temp_frames/video1/frame_00014.png,"[5, 132, 519, 359]",RIGHT_HIP,-0.4611996606189441,0.18207457130672663,0.9942120909690857,0.63674645870924,0.2531849034130573,0.3172801872532045
00014,/Users/nikko/Downloads/moi-main/project_root/data/temp_frames/video1/frame_00014.png,"[5, 132, 519, 359]",RIGHT_ELBOW,0.5401275349663711,1.3984540260667644,0.9821088314056396,0.63674645870924,0.2531849034130573,0.3172801872532045
00014,/Users/nikko/Downloads/moi-main/project_root/data/temp_frames/video1/frame_00014.png,"[5, 132, 519, 359]",RIGHT_WRIST,0.6524215824546133,2.419503080956744,0.9158685803413391,0.63674645870924,0.2531849034130573,0.3172801872532045
00014,/Users/nikko/Downloads/moi-main/project_root/data/temp_frames/video1/frame_00014.png,"[5, 132, 519, 359]",RIGHT_KNEE,-1.1797986238126765,0.8316280529503672,0.925187885761261,0.63674645870924,0.2531849034130573,0.3172801872532045
00014,/Users/nikko/Downloads/moi-main/project_root/data/temp_frames/video1/frame_00014.png,"[5, 132, 519, 359]",RIGHT_ANKLE,-1.81343173546107,1.469795265721967,0.9852168560028076,0.63674645870924,0.2531849034130573,0.3172801872532045
00014,/Users/nikko/Downloads/moi-main/project_root/data/temp_frames/video1/frame_00014.png,"[5, 132, 519, 359]",LEFT_EYE,0.8749475247597831,0.21909741623482215,0.9984097480773926,0.63674645870924,0.2531849034130573,0.3172801872532045
00014,/Users/nikko/Downloads/moi-main/project_root/data/temp_frames/video1/frame_00014.png,"[5, 132, 519, 359]",RIGHT_EYE,0.8847788662691133,0.19758289118669214,0.9992218017578125,0.63674645870924,0.2531849034130573,0.3172801872532045
00015,/Users/nikko/Downloads/moi-main/project_root/data/temp_frames/video1/frame_00015.png,"[4, 132, 519, 359]",LEFT_SHOULDER,0.4101649368528743,-0.23554465368283845,0.9976108074188232,0.6364599391818047,0.258554108440876,0.31863805662682243
00015,/Users/nikko/Downloads/moi-main/project_root/data/temp_frames/video1/frame_00015.png,"[4, 132, 519, 359]",RIGHT_SHOULDER,0.5425472038681785,0.050649455883825224,0.9988283514976501,0.6364599391818047,0.258554108440876,0.31863805662682243
00015,/Users/nikko/Downloads/moi-main/project_root/data/temp_frames/video1/frame_00015.png,"[4, 132, 519, 359]",LEFT_HIP,-0.4871598054717896,0.004960918817793487,0.9860010743141174,0.6364599391818047,0.258554108440876,0.31863805662682243
00015,/Users/nikko/Downloads/moi-main/project_root/data/temp_frames/video1/frame_00015.png,"[4, 132, 519, 359]",RIGHT_HIP,-0.4655523352492632,0.17993427898121975,0.993572473526001,0.6364599391818047,0.258554108440876,0.31863805662682243
00015,/Users/nikko/Downloads/moi-main/project_root/data/temp_frames/video1/frame_00015.png,"[4, 132, 519, 359]",RIGHT_ELBOW,0.5391823567385859,1.3915870539485273,0.9829315543174744,0.6364599391818047,0.258554108440876,0.31863805662682243
00015,/Users/nikko/Downloads/moi-main/project_root/data/temp_frames/video1/frame_00015.png,"[4, 132, 519, 359]",RIGHT_WRIST,0.6525628149774199,2.4327017705016973,0.9137300848960876,0.6364599391818047,0.258554108440876,0.31863805662682243
00015,/Users/nikko/Downloads/moi-main/project_root/data/temp_frames/video1/frame_00015.png,"[4, 132, 519, 359]",RIGHT_KNEE,-1.182477274760826,0.8340639841840756,0.9335780739784241,0.6364599391818047,0.258554108440876,0.31863805662682243
00015,/Users/nikko/Downloads/moi-main/project_root/data/temp_frames/video1/frame_00015.png,"[4, 132, 519, 359]",LEFT_ANKLE,-1.7529622919868675,1.374855787447963,0.5186318755149841,0.6364599391818047,0.258554108440876,0.31863805662682243
00015,/Users/nikko/Downloads/moi-main/project_root/data/temp_frames/video1/frame_00015.png,"[4, 132, 519, 359]",RIGHT_ANKLE,-1.8134513840380504,1.4735809783770386,0.9886320233345032,0.6364599391818047,0.258554108440876,0.31863805662682243
00015,/Users/nikko/Downloads/moi-main/project_root/data/temp_frames/video1/frame_00015.png,"[4, 132, 519, 359]",LEFT_EYE,0.883634918457296,0.21861075372368335,0.9983742237091064,0.6364599391818047,0.258554108440876,0.31863805662682243
00015,/Users/nikko/Downloads/moi-main/project_root/data/temp_frames/video1/frame_00015.png,"[4, 132, 519, 359]",RIGHT_EYE,0.8922501841566799,0.211778737284162,0.9992111921310425,0.6364599391818047,0.258554108440876,0.31863805662682243
00016,/Users/nikko/Downloads/moi-main/project_root/data/temp_frames/video1/frame_00016.png,"[3, 132, 518, 359]",LEFT_SHOULDER,0.40374368095362445,-0.2581578322988284,0.9982150793075562,0.6452377513051033,0.2574845664203167,0.3114911274341934
00016,/Users/nikko/Downloads/moi-main/project_root/data/temp_frames/video1/frame_00016.png,"[3, 132, 518, 359]",RIGHT_SHOULDER,0.5408189422360723,0.06834920810368415,0.9992243051528931,0.6452377513051033,0.2574845664203167,0.3114911274341934
00016,/Users/nikko/Downloads/moi-main/project_root/data/temp_frames/video1/frame_00016.png,"[3, 132, 518, 359]",LEFT_HIP,-0.4867470437951928,0.0017048203302921874,0.9879469275474548,0.6452377513051033,0.2574845664203167,0.3114911274341934
00016,/Users/nikko/Downloads/moi-main/project_root/data/temp_frames/video1/frame_00016.png,"[3, 132, 518, 359]",RIGHT_HIP,-0.4578155793945039,0.18810380386485204,0.9951150417327881,0.6452377513051033,0.2574845664203167,0.3114911274341934
00016,/Users/nikko/Downloads/moi-main/project_root/data/temp_frames/video1/frame_00016.png,"[3, 132, 518, 359]",RIGHT_ELBOW,0.5312170588860683,1.4228927228032067,0.9887381792068481,0.6452377513051033,0.2574845664203167,0.3114911274341934
00016,/Users/nikko/Downloads/moi-main/project_root/data/temp_frames/video1/frame_00016.png,"[3, 132, 518, 359]",RIGHT_WRIST,0.6468273395035629,2.4736463415024224,0.9392679929733276,0.6452377513051033,0.2574845664203167,0.3114911274341934
00016,/Users/nikko/Downloads/moi-main/project_root/data/temp_frames/video1/frame_00016.png,"[3, 132, 518, 359]",RIGHT_KNEE,-1.2094045820590282,0.8688327290833338,0.9654793739318848,0.6452377513051033,0.2574845664203167,0.3114911274341934
00016,/Users/nikko/Downloads/moi-main/project_root/data/temp_frames/video1/frame_00016.png,"[3, 132, 518, 359]",LEFT_ANKLE,-1.8234182233567022,1.4006757263235599,0.5323963761329651,0.6452377513051033,0.2574845664203167,0.3114911274341934
00016,/Users/nikko/Downloads/moi-main/project_root/data/temp_frames/video1/frame_00016.png,"[3, 132, 518, 359]",RIGHT_ANKLE,-1.874783450882097,1.5113031845963663,0.992912232875824,0.6452377513051033,0.2574845664203167,0.3114911274341934
00016,/Users/nikko/Downloads/moi-main/project_root/data/temp_frames/video1/frame_00016.png,"[3, 132, 518, 359]",LEFT_EYE,0.8955817330836408,0.22758109411271632,0.9989707469940186,0.6452377513051033,0.2574845664203167,0.3114911274341934
00016,/Users/nikko/Downloads/moi-main/project_root/data/temp_frames/video1/frame_00016.png,"[3, 132, 518, 359]",RIGHT_EYE,0.9022103793525478,0.2185875207563285,0.9995104074478149,0.6452377513051033,0.2574845664203167,0.3114911274341934
00017,/Users/nikko/Downloads/moi-main/project_root/data/temp_frames/video1/frame_00017.png,"[4, 133, 518, 359]",LEFT_SHOULDER,0.4053817538600356,-0.26391227105330095,0.9984632730484009,0.6441858932375908,0.25564785674214363,0.3123477080305229
00017,/Users/nikko/Downloads/moi-main/project_root/data/temp_frames/video1/frame_00017.png,"[4, 133, 518, 359]",RIGHT_SHOULDER,0.5375210781691492,0.08934983815910257,0.999405026435852,0.6441858932375908,0.25564785674214363,0.3123477080305229
00017,/Users/nikko/Downloads/moi-main/project_root/data/temp_frames/video1/frame_00017.png,"[4, 133, 518, 359]",LEFT_HIP,-0.4857438025562762,-0.009565496956266302,0.9893646240234375,0.6441858932375908,0.25564785674214363,0.3123477080305229
00017,/Users/nikko/Downloads/moi-main/project_root/data/temp_frames/video1/frame_00017.png,"[4, 133, 518, 359]",RIGHT_HIP,-0.45715902947290854,0.1841279298504647,0.995879054069519,0.6441858932375908,0.25564785674214363,0.3123477080305229
00017,/Users/nikko/Downloads/moi-main/project_root/data/temp_frames/video1/frame_00017.png,"[4, 133, 518, 359]",RIGHT_ELBOW,0.536853753141878,1.4483730949091418,0.9900858402252197,0.6441858932375908,0.25564785674214363,0.3123477080305229
00017,/Users/nikko/Downloads/moi-main/project_root/data/temp_frames/video1/frame_00017.png,"[4, 133, 518, 359]",RIGHT_WRIST,0.6453825187866581,2.4994661162520697,0.9523981809616089,0.6441858932375908,0.25564785674214363,0.3123477080305229
00017,/Users/nikko/Downloads/moi-main/project_root/data/temp_frames/video1/frame_00017.png,"[4, 133, 518, 359]",RIGHT_KNEE,-1.2041269229419784,0.8599822945769547,0.9691339135169983,0.6441858932375908,0.25564785674214363,0.3123477080305229
00017,/Users/nikko/Downloads/moi-main/project_root/data/temp_frames/video1/frame_00017.png,"[4, 133, 518, 359]",LEFT_ANKLE,-1.8206020980010098,1.4022303458187102,0.5493646264076233,0.6441858932375908,0.25564785674214363,0.3123477080305229
00017,/Users/nikko/Downloads/moi-main/project_root/data/temp_frames/video1/frame_00017.png,"[4, 133, 518, 359]",RIGHT_ANKLE,-1.8706055093855078,1.5015671242634268,0.9934699535369873,0.6441858932375908,0.25564785674214363,0.3123477080305229
00017,/Users/nikko/Downloads/moi-main/project_root/data/temp_frames/video1/frame_00017.png,"[4, 133, 518, 359]",LEFT_EYE,0.8866517165003183,0.22592495607957358,0.999366819858551,0.6441858932375908,0.25564785674214363,0.3123477080305229
00017,/Users/nikko/Downloads/moi-main/project_root/data/temp_frames/video1/frame_00017.png,"[4, 133, 518, 359]",RIGHT_EYE,0.8925320770137183,0.21054461219967716,0.9997134804725647,0.6441858932375908,0.25564785674214363,0.3123477080305229
00018,/Users/nikko/Downloads/moi-main/project_root/data/temp_frames/video1/frame_00018.png,"[4, 135, 519, 359]",LEFT_SHOULDER,0.4057955923547894,-0.2527508449031712,0.9986777901649475,0.6426931694149971,0.2526041828095913,0.3056231062100684
00018,/Users/nikko/Downloads/moi-main/project_root/data/temp_frames/video1/frame_00018.png,"[4, 135, 519, 359]",RIGHT_SHOULDER,0.5437872702345838,0.0826779444304214,0.9992876648902893,0.6426931694149971,0.2526041828095913,0.3056231062100684
00018,/Users/nikko/Downloads/moi-main/project_root/data/temp_frames/video1/frame_00018.png,"[4, 135, 519, 359]",LEFT_HIP,-0.4904934641704959,0.0005548629545035958,0.9874184131622314,0.6426931694149971,0.2526041828095913,0.3056231062100684
00018,/Users/nikko/Downloads/moi-main/project_root/data/temp_frames/video1/frame_00018.png,"[4, 135, 519, 359]",RIGHT_HIP,-0.4590893984188773,0.1695180375182462,0.9948478937149048,0.6426931694149971,0.2526041828095913,0.3056231062100684
00018,/Users/nikko/Downloads/moi-main/project_root/data/temp_frames/video1/frame_00018.png,"[4, 135, 519, 359]",RIGHT_ELBOW,0.5355540259781487,1.5047685495998646,0.9861137270927429,0.6426931694149971,0.2526041828095913,0.3056231062100684
00018,/Users/nikko/Downloads/moi-main/project_root/data/temp_frames/video1/frame_00018.png,"[4, 135, 519, 359]",RIGHT_WRIST,0.6614335749365414,2.5511685313983796,0.9254069924354553,0.6426931694149971,0.2526041828095913,0.3056231062100684
00018,/Users/nikko/Downloads/moi-main/project_root/data/temp_frames/video1/frame_00018.png,"[4, 135, 519, 359]",RIGHT_KNEE,-1.2298699441513439,0.8735258528781621,0.9603455662727356,0.6426931694149971,0.2526041828095913,0.3056231062100684
00018,/Users/nikko/Downloads/moi-main/project_root/data/temp_frames/video1/frame_00018.png,"[4, 135, 519, 359]",RIGHT_ANKLE,-1.8951859873671977,1.5317263007034743,0.9928907155990601,0.6426931694149971,0.2526041828095913,0.3056231062100684
00018,/Users/nikko/Downloads/moi-main/project_root/data/temp_frames/video1/frame_00018.png,"[4, 135, 519, 359]",LEFT_EYE,0.8934548076312125,0.22745420875120653,0.9992654919624329,0.6426931694149971,0.2526041828095913,0.3056231062100684
00018,/Users/nikko/Downloads/moi-main/project_root/data/temp_frames/video1/frame_00018.png,"[4, 135, 519, 359]",RIGHT_EYE,0.8983082403715394,0.21354529947793488,0.9996563196182251,0.6426931694149971,0.2526041828095913,0.3056231062100684
00019,/Users/nikko/Downloads/moi-main/project_root/data/temp_frames/video1/frame_00019.png,"[2, 138, 519, 359]",LEFT_SHOULDER,0.39020812587113274,-0.29189765044781213,0.9979286193847656,0.6429832428693771,0.24680176377296448,0.31134136467773754
00019,/Users/nikko/Downloads/moi-main/project_root/data/temp_frames/video1/frame_00019.png,"[2, 138, 519, 359]",RIGHT_SHOULDER,0.5413674767441133,0.09939347792073498,0.9990678429603577,0.6429832428693771,0.24680176377296448,0.31134136467773754
00019,/Users/nikko/Downloads/moi-main/project_root/data/temp_frames/video1/frame_00019.png,"[2, 138, 519, 359]",LEFT_HIP,-0.4819513790618118,-0.003915857138542986,0.9825325012207031,0.6429832428693771,0.24680176377296448,0.31134136467773754
00019,/Users/nikko/Downloads/moi-main/project_root/data/temp_frames/video1/frame_00019.png,"[2, 138, 519, 359]",RIGHT_HIP,-0.4496242235534343,0.19642002966562014,0.9929155111312866,0.6429832428693771,0.24680176377296448,0.31134136467773754
00019,/Users/nikko/Downloads/moi-main/project_root/data/temp_frames/video1/frame_00019.png,"[2, 138, 519, 359]",RIGHT_ELBOW,0.5318092187118689,1.4987846159256244,0.984265923500061,0.6429832428693771,0.24680176377296448,0.31134136467773754
00019,/Users/nikko/Downloads/moi-main/project_root/data/temp_frames/video1/frame_00019.png,"[2, 138, 519, 359]",RIGHT_WRIST,0.6567331834715091,2.638538971274139,0.8981073498725891,0.6429832428693771,0.24680176377296448,0.31134136467773754
00019,/Users/nikko/Downloads/moi-main/project_root/data/temp_frames/video1/frame_00019.png,"[2, 138, 519, 359]",RIGHT_KNEE,-1.201775584237143,0.8561349160090762,0.947420597076416,0.6429832428693771,0.24680176377296448,0.31134136467773754
00019,/Users/nikko/Downloads/moi-main/project_root/data/temp_frames/video1/frame_00019.png,"[2, 138, 519, 359]",RIGHT_ANKLE,-1.8469827217066381,1.5242770052752268,0.9883924126625061,0.6429832428693771,0.24680176377296448,0.31134136467773754
00019,/Users/nikko/Downloads/moi-main/project_root/data/temp_frames/video1/frame_00019.png,"[2, 138, 519, 359]",LEFT_EYE,0.8741591923708298,0.23308311977938725,0.9992142915725708,0.6429832428693771,0.24680176377296448,0.31134136467773754
00019,/Users/nikko/Downloads/moi-main/project_root/data/temp_frames/video1/frame_00019.png,"[2, 138, 519, 359]",RIGHT_EYE,0.8816837336751208,0.2208313309645069,0.9996391534805298,0.6429832428693771,0.24680176377296448,0.31134136467773754
00020,/Users/nikko/Downloads/moi-main/project_root/data/temp_frames/video1/frame_00020.png,"[4, 146, 517, 360]",LEFT_SHOULDER,0.4014896461714874,-0.2917824538451425,0.9978731870651245,0.647330105304718,0.2528599388897419,0.316920501915459
00020,/Users/nikko/Downloads/moi-main/project_root/data/temp_frames/video1/frame_00020.png,"[4, 146, 517, 360]",RIGHT_SHOULDER,0.5285416389988661,0.08227968602695916,0.9988251328468323,0.647330105304718,0.2528599388897419,0.316920501915459
00020,/Users/nikko/Downloads/moi-main/project_root/data/temp_frames/video1/frame_00020.png,"[4, 146, 517, 360]",LEFT_HIP,-0.4764122951693489,-0.0008047352493182477,0.9872150421142578,0.647330105304718,0.2528599388897419,0.316920501915459
00020,/Users/nikko/Downloads/moi-main/project_root/data/temp_frames/video1/frame_00020.png,"[4, 146, 517, 360]",RIGHT_HIP,-0.4536189900010046,0.21030750306750162,0.9947299957275391,0.647330105304718,0.2528599388897419,0.316920501915459
00020,/Users/nikko/Downloads/moi-main/project_root/data/temp_frames/video1/frame_00020.png,"[4, 146, 517, 360]",RIGHT_ELBOW,0.5077876249442029,1.4278254221269628,0.9816780686378479,0.647330105304718,0.2528599388897419,0.316920501915459
00020,/Users/nikko/Downloads/moi-main/project_root/data/temp_frames/video1/frame_00020.png,"[4, 146, 517, 360]",RIGHT_WRIST,0.6221084830240667,2.441065163664387,0.8908267617225647,0.647330105304718,0.2528599388897419,0.316920501915459
00020,/Users/nikko/Downloads/moi-main/project_root/data/temp_frames/video1/frame_00020.png,"[4, 146, 517, 360]",RIGHT_KNEE,-1.1813185740286483,0.795133426344418,0.9415404200553894,0.647330105304718,0.2528599388897419,0.316920501915459
00020,/Users/nikko/Downloads/moi-main/project_root/data/temp_frames/video1/frame_00020.png,"[4, 146, 517, 360]",RIGHT_ANKLE,-1.855362966324414,1.4214948365983724,0.9864476919174194,0.647330105304718,0.2528599388897419,0.316920501915459
00020,/Users/nikko/Downloads/moi-main/project_root/data/temp_frames/video1/frame_00020.png,"[4, 146, 517, 360]",LEFT_EYE,0.8707808789561358,0.2558281933142387,0.9985747337341309,0.647330105304718,0.2528599388897419,0.316920501915459
00020,/Users/nikko/Downloads/moi-main/project_root/data/temp_frames/video1/frame_00020.png,"[4, 146, 517, 360]",RIGHT_EYE,0.8747432311818144,0.2627205571842998,0.999336302280426,0.647330105304718,0.2528599388897419,0.316920501915459
00021,/Users/nikko/Downloads/moi-main/project_root/data/temp_frames/video1/frame_00021.png,"[2, 150, 518, 360]",LEFT_SHOULDER,0.4066361477792442,-0.29069202808921124,0.9985312223434448,0.6518766731023788,0.2547708600759506,0.3124351712041295
00021,/Users/nikko/Downloads/moi-main/project_root/data/temp_frames/video1/frame_00021.png,"[2, 150, 518, 360]",RIGHT_SHOULDER,0.5231815885036791,0.05446147629653714,0.9989964365959167,0.6518766731023788,0.2547708600759506,0.3124351712041295
00021,/Users/nikko/Downloads/moi-main/project_root/data/temp_frames/video1/frame_00021.png,"[2, 150, 518, 360]",LEFT_HIP,-0.47713502966802274,0.017443031665044073,0.9917846918106079,0.6518766731023788,0.2547708600759506,0.3124351712041295
00021,/Users/nikko/Downloads/moi-main/project_root/data/temp_frames/video1/frame_00021.png,"[2, 150, 518, 360]",RIGHT_HIP,-0.45268270661490057,0.21878752012763003,0.9963505268096924,0.6518766731023788,0.2547708600759506,0.3124351712041295
00021,/Users/nikko/Downloads/moi-main/project_root/data/temp_frames/video1/frame_00021.png,"[2, 150, 518, 360]",RIGHT_ELBOW,0.4925567584492636,1.4316794226485703,0.9812244176864624,0.6518766731023788,0.2547708600759506,0.3124351712041295
00021,/Users/nikko/Downloads/moi-main/project_root/data/temp_frames/video1/frame_00021.png,"[2, 150, 518, 360]",RIGHT_WRIST,0.6093320823737158,2.5068063296624032,0.8628866672515869,0.6518766731023788,0.2547708600759506,0.3124351712041295
00021,/Users/nikko/Downloads/moi-main/project_root/data/temp_frames/video1/frame_00021.png,"[2, 150, 518, 360]",RIGHT_KNEE,-1.204827342318841,0.8512846273279814,0.9769681692123413,0.6518766731023788,0.2547708600759506,0.3124351712041295
00021,/Users/nikko/Downloads/moi-main/project_root/data/temp_frames/video1/frame_00021.png,"[2, 150, 518, 360]",LEFT_ANKLE,-1.8109031673192002,1.2657289344621687,0.6973994374275208,0.6518766731023788,0.2547708600759506,0.3124351712041295
00021,/Users/nikko/Downloads/moi-main/project_root/data/temp_frames/video1/frame_00021.png,"[2, 150, 518, 360]",RIGHT_ANKLE,-1.8651385520577122,1.4589737125321132,0.9961263537406921,0.6518766731023788,0.2547708600759506,0.3124351712041295
00021,/Users/nikko/Downloads/moi-main/project_root/data/temp_frames/video1/frame_00021.png,"[2, 150, 518, 360]",LEFT_EYE,0.8620009999375826,0.34869699652510155,0.9986009001731873,0.6518766731023788,0.2547708600759506,0.3124351712041295
00021,/Users/nikko/Downloads/moi-main/project_root/data/temp_frames/video1/frame_00021.png,"[2, 150, 518, 360]",RIGHT_EYE,0.8673617616973213,0.3530473214641834,0.9993209838867188,0.6518766731023788,0.2547708600759506,0.3124351712041295
00022,/Users/nikko/Downloads/moi-main/project_root/data/temp_frames/video1/frame_00022.png,"[3, 155, 519, 360]",LEFT_SHOULDER,0.4129316025447157,-0.28328659205062007,0.9985606074333191,0.6574929058551788,0.26186303421854973,0.3103531065127966
00022,/Users/nikko/Downloads/moi-main/project_root/data/temp_frames/video1/frame_00022.png,"[3, 155, 519, 360]",RIGHT_SHOULDER,0.5172195774166046,0.09353741203193558,0.9986889958381653,0.6574929058551788,0.26186303421854973,0.3103531065127966
00022,/Users/nikko/Downloads/moi-main/project_root/data/temp_frames/video1/frame_00022.png,"[3, 155, 519, 360]",LEFT_HIP,-0.47797712483154114,-0.024264558813986915,0.9924740195274353,0.6574929058551788,0.26186303421854973,0.3103531065127966
00022,/Users/nikko/Downloads/moi-main/project_root/data/temp_frames/video1/frame_00022.png,"[3, 155, 519, 360]",RIGHT_HIP,-0.45217405512977915,0.21401373883267139,0.9963467717170715,0.6574929058551788,0.26186303421854973,0.3103531065127966
00022,/Users/nikko/Downloads/moi-main/project_root/data/temp_frames/video1/frame_00022.png,"[3, 155, 519, 360]",RIGHT_ELBOW,0.46342613173161784,1.5317945212732906,0.9724586009979248,0.6574929058551788,0.26186303421854973,0.3103531065127966
00022,/Users/nikko/Downloads/moi-main/project_root/data/temp_frames/video1/frame_00022.png,"[3, 155, 519, 360]",RIGHT_WRIST,0.5917195481733439,2.5529786653392934,0.8153265118598938,0.6574929058551788,0.26186303421854973,0.3103531065127966
00022,/Users/nikko/Downloads/moi-main/project_root/data/temp_frames/video1/frame_00022.png,"[3, 155, 519, 360]",RIGHT_KNEE,-1.2314011976973123,0.8106045519566714,0.9795017838478088,0.6574929058551788,0.26186303421854973,0.3103531065127966
00022,/Users/nikko/Downloads/moi-main/project_root/data/temp_frames/video1/frame_00022.png,"[3, 155, 519, 360]",LEFT_ANKLE,-1.860653507180729,1.2183296587917274,0.7314901947975159,0.6574929058551788,0.26186303421854973,0.3103531065127966
00022,/Users/nikko/Downloads/moi-main/project_root/data/temp_frames/video1/frame_00022.png,"[3, 155, 519, 360]",RIGHT_ANKLE,-1.9114697032925734,1.436263837807332,0.9964683055877686,0.6574929058551788,0.26186303421854973,0.3103531065127966
00022,/Users/nikko/Downloads/moi-main/project_root/data/temp_frames/video1/frame_00022.png,"[3, 155, 519, 360]",LEFT_EYE,0.8829510539967442,0.363892136657627,0.9984760880470276,0.6574929058551788,0.26186303421854973,0.3103531065127966
00022,/Users/nikko/Downloads/moi-main/project_root/data/temp_frames/video1/frame_00022.png,"[3, 155, 519, 360]",RIGHT_EYE,0.8884278661161994,0.35771691912131887,0.9992628693580627,0.6574929058551788,0.26186303421854973,0.3103531065127966
00023,/Users/nikko/Downloads/moi-main/project_root/data/temp_frames/video1/frame_00023.png,"[0, 165, 524, 360]",LEFT_SHOULDER,0.3959529014224747,-0.3512176051509551,0.9974640607833862,0.6568494737148285,0.254180621355772,0.324533133279132
00023,/Users/nikko/Downloads/moi-main/project_root/data/temp_frames/video1/frame_00023.png,"[0, 165, 524, 360]",RIGHT_SHOULDER,0.49022000714937614,0.18352615322917182,0.9986473917961121,0.6568494737148285,0.254180621355772,0.324533133279132
00023,/Users/nikko/Downloads/moi-main/project_root/data/temp_frames/video1/frame_00023.png,"[0, 165, 524, 360]",LEFT_HIP,-0.45222422663461,-0.0776141639508993,0.992967963218689,0.6568494737148285,0.254180621355772,0.324533133279132
00023,/Users/nikko/Downloads/moi-main/project_root/data/temp_frames/video1/frame_00023.png,"[0, 165, 524, 360]",RIGHT_HIP,-0.43394868193724084,0.24530561587268257,0.9969609379768372,0.6568494737148285,0.254180621355772,0.324533133279132
00023,/Users/nikko/Downloads/moi-main/project_root/data/temp_frames/video1/frame_00023.png,"[0, 165, 524, 360]",RIGHT_ELBOW,0.41731379650445477,1.565524639465829,0.9782626628875732,0.6568494737148285,0.254180621355772,0.324533133279132
00023,/Users/nikko/Downloads/moi-main/project_root/data/temp_frames/video1/frame_00023.png,"[0, 165, 524, 360]",RIGHT_WRIST,0.5374327186541608,2.507438822579538,0.8561351895332336,0.6568494737148285,0.254180621355772,0.324533133279132
00023,/Users/nikko/Downloads/moi-main/project_root/data/temp_frames/video1/frame_00023.png,"[0, 165, 524, 360]",RIGHT_KNEE,-1.1719956615033282,0.7550491560439371,0.9849444031715393,0.6568494737148285,0.254180621355772,0.324533133279132
00023,/Users/nikko/Downloads/moi-main/project_root/data/temp_frames/video1/frame_00023.png,"[0, 165, 524, 360]",LEFT_ANKLE,-1.7465665245457156,1.0977237002802078,0.7895252704620361,0.6568494737148285,0.254180621355772,0.324533133279132
00023,/Users/nikko/Downloads/moi-main/project_root/data/temp_frames/video1/frame_00023.png,"[0, 165, 524, 360]",RIGHT_ANKLE,-1.8075728129656643,1.3357862430762366,0.9971049427986145,0.6568494737148285,0.254180621355772,0.324533133279132
00023,/Users/nikko/Downloads/moi-main/project_root/data/temp_frames/video1/frame_00023.png,"[0, 165, 524, 360]",LEFT_EYE,0.8187307563004856,0.3917037376432994,0.9975085258483887,0.6568494737148285,0.254180621355772,0.324533133279132
00023,/Users/nikko/Downloads/moi-main/project_root/data/temp_frames/video1/frame_00023.png,"[0, 165, 524, 360]",RIGHT_EYE,0.8258377697228863,0.3746001448957013,0.998863935470581,0.6568494737148285,0.254180621355772,0.324533133279132
00024,/Users/nikko/Downloads/moi-main/project_root/data/temp_frames/video1/frame_00024.png,"[0, 183, 513, 360]",LEFT_SHOULDER,0.41983284378818614,-0.2622724957769767,0.9970880150794983,0.681046724319458,0.2625783048570156,0.3149938546142771
00024,/Users/nikko/Downloads/moi-main/project_root/data/temp_frames/video1/frame_00024.png,"[0, 183, 513, 360]",RIGHT_SHOULDER,0.5015425663664664,0.19253443409043594,0.997328519821167,0.681046724319458,0.2625783048570156,0.3149938546142771
00024,/Users/nikko/Downloads/moi-main/project_root/data/temp_frames/video1/frame_00024.png,"[0, 183, 513, 360]",LEFT_HIP,-0.4689798190432424,-0.11738813879117431,0.9930784106254578,0.681046724319458,0.2625783048570156,0.3149938546142771
00024,/Users/nikko/Downloads/moi-main/project_root/data/temp_frames/video1/frame_00024.png,"[0, 183, 513, 360]",RIGHT_HIP,-0.45239559111141026,0.18712620047771508,0.9965173006057739,0.681046724319458,0.2625783048570156,0.3149938546142771
00024,/Users/nikko/Downloads/moi-main/project_root/data/temp_frames/video1/frame_00024.png,"[0, 183, 513, 360]",RIGHT_ELBOW,0.4092843188599213,1.6991642260396094,0.9449005722999573,0.681046724319458,0.2625783048570156,0.3149938546142771
00024,/Users/nikko/Downloads/moi-main/project_root/data/temp_frames/video1/frame_00024.png,"[0, 183, 513, 360]",RIGHT_WRIST,0.4744313851319897,3.030371193135706,0.6986594796180725,0.681046724319458,0.2625783048570156,0.3149938546142771
00024,/Users/nikko/Downloads/moi-main/project_root/data/temp_frames/video1/frame_00024.png,"[0, 183, 513, 360]",RIGHT_KNEE,-1.202640835299007,0.6895961575210628,0.9586416482925415,0.681046724319458,0.2625783048570156,0.3149938546142771
00024,/Users/nikko/Downloads/moi-main/project_root/data/temp_frames/video1/frame_00024.png,"[0, 183, 513, 360]",LEFT_ANKLE,-1.873038115926075,0.9759849383626015,0.5613617897033691,0.681046724319458,0.2625783048570156,0.3149938546142771
00024,/Users/nikko/Downloads/moi-main/project_root/data/temp_frames/video1/frame_00024.png,"[0, 183, 513, 360]",RIGHT_ANKLE,-1.9231334148499795,1.2416391294254654,0.9894518256187439,0.681046724319458,0.2625783048570156,0.3149938546142771
00024,/Users/nikko/Downloads/moi-main/project_root/data/temp_frames/video1/frame_00024.png,"[0, 183, 513, 360]",LEFT_EYE,0.8396435482763936,0.4263351869409284,0.99565589427948,0.681046724319458,0.2625783048570156,0.3149938546142771
00024,/Users/nikko/Downloads/moi-main/project_root/data/temp_frames/video1/frame_00024.png,"[0, 183, 513, 360]",RIGHT_EYE,0.8436891742041068,0.42928047073722664,0.9979053735733032,0.681046724319458,0.2625783048570156,0.3149938546142771
00025,/Users/nikko/Downloads/moi-main/project_root/data/temp_frames/video1/frame_00025.png,"[1, 191, 531, 360]",LEFT_SHOULDER,0.4131116902718012,-0.27765118338841915,0.9973849654197693,0.6632868051528931,0.2593916170299053,0.31081810022652034
00025,/Users/nikko/Downloads/moi-main/project_root/data/temp_frames/video1/frame_00025.png,"[1, 191, 531, 360]",RIGHT_SHOULDER,0.4869970101899122,0.241374554081165,0.9975796341896057,0.6632868051528931,0.2593916170299053,0.31081810022652034
00025,/Users/nikko/Downloads/moi-main/project_root/data/temp_frames/video1/frame_00025.png,"[1, 191, 531, 360]",LEFT_HIP,-0.4560494650775553,-0.15498212057745642,0.9888910055160522,0.6632868051528931,0.2593916170299053,0.31081810022652034
00025,/Users/nikko/Downloads/moi-main/project_root/data/temp_frames/video1/frame_00025.png,"[1, 191, 531, 360]",RIGHT_HIP,-0.44405923538415815,0.19125874988471053,0.9943196773529053,0.6632868051528931,0.2593916170299053,0.31081810022652034
00025,/Users/nikko/Downloads/moi-main/project_root/data/temp_frames/video1/frame_00025.png,"[1, 191, 531, 360]",RIGHT_ELBOW,0.385712217607061,1.6507996386401094,0.9508284330368042,0.6632868051528931,0.2593916170299053,0.31081810022652034
00025,/Users/nikko/Downloads/moi-main/project_root/data/temp_frames/video1/frame_00025.png,"[1, 191, 531, 360]",RIGHT_WRIST,0.5317991434615472,2.7654850294541333,0.7141590714454651,0.6632868051528931,0.2593916170299053,0.31081810022652034
00025,/Users/nikko/Downloads/moi-main/project_root/data/temp_frames/video1/frame_00025.png,"[1, 191, 531, 360]",RIGHT_KNEE,-1.1877629882616256,0.6679055214941874,0.9361691474914551,0.6632868051528931,0.2593916170299053,0.31081810022652034
00025,/Users/nikko/Downloads/moi-main/project_root/data/temp_frames/video1/frame_00025.png,"[1, 191, 531, 360]",RIGHT_ANKLE,-1.9092642012572154,1.1322473738152752,0.9836445450782776,0.6632868051528931,0.2593916170299053,0.31081810022652034
00025,/Users/nikko/Downloads/moi-main/project_root/data/temp_frames/video1/frame_00025.png,"[1, 191, 531, 360]",LEFT_EYE,0.8150076976351975,0.5798521703071006,0.9974874258041382,0.6632868051528931,0.2593916170299053,0.31081810022652034
00025,/Users/nikko/Downloads/moi-main/project_root/data/temp_frames/video1/frame_00025.png,"[1, 191, 531, 360]",RIGHT_EYE,0.8248392065663623,0.5769198615947178,0.9987437129020691,0.6632868051528931,0.2593916170299053,0.31081810022652034
00026,/Users/nikko/Downloads/moi-main/project_root/data/temp_frames/video1/frame_00026.png,"[9, 189, 532, 360]",LEFT_SHOULDER,0.41659272821532817,-0.24270243553273424,0.9951916933059692,0.6592430621385574,0.3069409616291523,0.3144814765566594
00026,/Users/nikko/Downloads/moi-main/project_root/data/temp_frames/video1/frame_00026.png,"[9, 189, 532, 360]",RIGHT_SHOULDER,0.4998345224351746,0.2190265547070939,0.9957501888275146,0.6592430621385574,0.3069409616291523,0.3144814765566594
00026,/Users/nikko/Downloads/moi-main/project_root/data/temp_frames/video1/frame_00026.png,"[9, 189, 532, 360]",LEFT_HIP,-0.4656678668353118,-0.15536279384143156,0.9759900569915771,0.6592430621385574,0.3069409616291523,0.3144814765566594
00026,/Users/nikko/Downloads/moi-main/project_root/data/temp_frames/video1/frame_00026.png,"[9, 189, 532, 360]",RIGHT_HIP,-0.45075938381519104,0.17903867466707188,0.9883221983909607,0.6592430621385574,0.3069409616291523,0.3144814765566594
00026,/Users/nikko/Downloads/moi-main/project_root/data/temp_frames/video1/frame_00026.png,"[9, 189, 532, 360]",RIGHT_ELBOW,0.37820280162427755,1.51652893351856,0.9554334282875061,0.6592430621385574,0.3069409616291523,0.3144814765566594
00026,/Users/nikko/Downloads/moi-main/project_root/data/temp_frames/video1/frame_00026.png,"[9, 189, 532, 360]",RIGHT_WRIST,0.4788905478210504,2.836646021098187,0.7100558280944824,0.6592430621385574,0.3069409616291523,0.3144814765566594
00026,/Users/nikko/Downloads/moi-main/project_root/data/temp_frames/video1/frame_00026.png,"[9, 189, 532, 360]",RIGHT_KNEE,-1.2056527973362383,0.5433656169076133,0.9416769742965698,0.6592430621385574,0.3069409616291523,0.3144814765566594
00026,/Users/nikko/Downloads/moi-main/project_root/data/temp_frames/video1/frame_00026.png,"[9, 189, 532, 360]",RIGHT_ANKLE,-1.8926371694708113,0.9576767932156522,0.9854868650436401,0.6592430621385574,0.3069409616291523,0.3144814765566594
00026,/Users/nikko/Downloads/moi-main/project_root/data/temp_frames/video1/frame_00026.png,"[9, 189, 532, 360]",LEFT_EYE,0.8046647545495749,0.5831247305127036,0.995604395866394,0.6592430621385574,0.3069409616291523,0.3144814765566594
00026,/Users/nikko/Downloads/moi-main/project_root/data/temp_frames/video1/frame_00026.png,"[9, 189, 532, 360]",RIGHT_EYE,0.8125823096886248,0.602256294990926,0.9977643489837646,0.6592430621385574,0.3069409616291523,0.3144814765566594
00027,/Users/nikko/Downloads/moi-main/project_root/data/temp_frames/video1/frame_00027.png,"[9, 197, 529, 360]",LEFT_SHOULDER,0.42538885107044444,-0.20217277464838132,0.9943317174911499,0.6700504422187805,0.31531327217817307,0.30389987809592367
00027,/Users/nikko/Downloads/moi-main/project_root/data/temp_frames/video1/frame_00027.png,"[9, 197, 529, 360]",RIGHT_SHOULDER,0.49746146705239147,0.25048810529980176,0.9936710596084595,0.6700504422187805,0.31531327217817307,0.30389987809592367
00027,/Users/nikko/Downloads/moi-main/project_root/data/temp_frames/video1/frame_00027.png,"[9, 197, 529, 360]",LEFT_HIP,-0.4731990914848449,-0.18208860986395772,0.9760506749153137,0.6700504422187805,0.31531327217817307,0.30389987809592367
00027,/Users/nikko/Downloads/moi-main/project_root/data/temp_frames/video1/frame_00027.png,"[9, 197, 529, 360]",RIGHT_HIP,-0.449651226637991,0.13377327921253726,0.9878310561180115,0.6700504422187805,0.31531327217817307,0.30389987809592367
00027,/Users/nikko/Downloads/moi-main/project_root/data/temp_frames/video1/frame_00027.png,"[9, 197, 529, 360]",RIGHT_ELBOW,0.3680673608923128,1.5732984989101746,0.9316391348838806,0.6700504422187805,0.31531327217817307,0.30389987809592367
00027,/Users/nikko/Downloads/moi-main/project_root/data/temp_frames/video1/frame_00027.png,"[9, 197, 529, 360]",RIGHT_WRIST,0.4506928863793029,2.868036054619315,0.6588375568389893,0.6700504422187805,0.31531327217817307,0.30389987809592367
00027,/Users/nikko/Downloads/moi-main/project_root/data/temp_frames/video1/frame_00027.png,"[9, 197, 529, 360]",RIGHT_KNEE,-1.214276744694916,0.5108061511696168,0.9430255889892578,0.6700504422187805,0.31531327217817307,0.30389987809592367
00027,/Users/nikko/Downloads/moi-main/project_root/data/temp_frames/video1/frame_00027.png,"[9, 197, 529, 360]",LEFT_ANKLE,-1.9348423700579251,0.7267957008780475,0.5159421563148499,0.6700504422187805,0.31531327217817307,0.30389987809592367
00027,/Users/nikko/Downloads/moi-main/project_root/data/temp_frames/video1/frame_00027.png,"[9, 197, 529, 360]",RIGHT_ANKLE,-1.982923322364238,0.8368032855788476,0.9770102500915527,0.6700504422187805,0.31531327217817307,0.30389987809592367
00027,/Users/nikko/Downloads/moi-main/project_root/data/temp_frames/video1/frame_00027.png,"[9, 197, 529, 360]",LEFT_EYE,0.8290919193094775,0.6712986352741358,0.9891923069953918,0.6700504422187805,0.31531327217817307,0.30389987809592367
00027,/Users/nikko/Downloads/moi-main/project_root/data/temp_frames/video1/frame_00027.png,"[9, 197, 529, 360]",RIGHT_EYE,0.8335731548149364,0.6945711300820513,0.9957281947135925,0.6700504422187805,0.31531327217817307,0.30389987809592367
00028,/Users/nikko/Downloads/moi-main/project_root/data/temp_frames/video1/frame_00028.png,"[0, 210, 529, 360]",LEFT_SHOULDER,0.3917187885374146,-0.2387088563879341,0.9906007051467896,0.6826603561639786,0.3053370229899883,0.31898318128448955
00028,/Users/nikko/Downloads/moi-main/project_root/data/temp_frames/video1/frame_00028.png,"[0, 210, 529, 360]",RIGHT_SHOULDER,0.48052878615162153,0.30947836558813174,0.9900497198104858,0.6826603561639786,0.3053370229899883,0.31898318128448955
00028,/Users/nikko/Downloads/moi-main/project_root/data/temp_frames/video1/frame_00028.png,"[0, 210, 529, 360]",LEFT_HIP,-0.44778981616131863,-0.24913624846074128,0.9797097444534302,0.6826603561639786,0.3053370229899883,0.31898318128448955
00028,/Users/nikko/Downloads/moi-main/project_root/data/temp_frames/video1/frame_00028.png,"[0, 210, 529, 360]",RIGHT_HIP,-0.4244577585277175,0.1783667392605436,0.9898654818534851,0.6826603561639786,0.3053370229899883,0.31898318128448955
00028,/Users/nikko/Downloads/moi-main/project_root/data/temp_frames/video1/frame_00028.png,"[0, 210, 529, 360]",RIGHT_ELBOW,0.31586871981676207,1.3699379029979284,0.8915179371833801,0.6826603561639786,0.3053370229899883,0.31898318128448955
00028,/Users/nikko/Downloads/moi-main/project_root/data/temp_frames/video1/frame_00028.png,"[0, 210, 529, 360]",RIGHT_KNEE,-1.1518400040731545,0.5291124146554775,0.9749956130981445,0.6826603561639786,0.3053370229899883,0.31898318128448955
00028,/Users/nikko/Downloads/moi-main/project_root/data/temp_frames/video1/frame_00028.png,"[0, 210, 529, 360]",LEFT_ANKLE,-1.8063270407616456,0.5116277128023455,0.7343125343322754,0.6826603561639786,0.3053370229899883,0.31898318128448955
00028,/Users/nikko/Downloads/moi-main/project_root/data/temp_frames/video1/frame_00028.png,"[0, 210, 529, 360]",RIGHT_ANKLE,-1.8622439103144512,0.7102224551844287,0.9889868497848511,0.6826603561639786,0.3053370229899883,0.31898318128448955
00028,/Users/nikko/Downloads/moi-main/project_root/data/temp_frames/video1/frame_00028.png,"[0, 210, 529, 360]",LEFT_EYE,0.77364512939668,0.802406739402148,0.9853301048278809,0.6826603561639786,0.3053370229899883,0.31898318128448955
00028,/Users/nikko/Downloads/moi-main/project_root/data/temp_frames/video1/frame_00028.png,"[0, 210, 529, 360]",RIGHT_EYE,0.7778372946392207,0.8352756693178437,0.9939817786216736,0.6826603561639786,0.3053370229899883,0.31898318128448955
00029,/Users/nikko/Downloads/moi-main/project_root/data/temp_frames/video1/frame_00029.png,"[6, 210, 547, 360]",LEFT_SHOULDER,0.38559367395360633,-0.2521327532315977,0.9919734001159668,0.6606488972902298,0.32812291011214256,0.3171913750274792
00029,/Users/nikko/Downloads/moi-main/project_root/data/temp_frames/video1/frame_00029.png,"[6, 210, 547, 360]",RIGHT_SHOULDER,0.46502221730333687,0.3645926714250089,0.9939098358154297,0.6606488972902298,0.32812291011214256,0.3171913750274792
00029,/Users/nikko/Downloads/moi-main/project_root/data/temp_frames/video1/frame_00029.png,"[6, 210, 547, 360]",LEFT_HIP,-0.43527423724770664,-0.26893304788714606,0.9896138310432434,0.6606488972902298,0.32812291011214256,0.3171913750274792
00029,/Users/nikko/Downloads/moi-main/project_root/data/temp_frames/video1/frame_00029.png,"[6, 210, 547, 360]",RIGHT_HIP,-0.41534165400923656,0.1564731296937348,0.9941469430923462,0.6606488972902298,0.32812291011214256,0.3171913750274792
00029,/Users/nikko/Downloads/moi-main/project_root/data/temp_frames/video1/frame_00029.png,"[6, 210, 547, 360]",RIGHT_ELBOW,0.31690590905592747,1.2630560266058897,0.9035951495170593,0.6606488972902298,0.32812291011214256,0.3171913750274792
00029,/Users/nikko/Downloads/moi-main/project_root/data/temp_frames/video1/frame_00029.png,"[6, 210, 547, 360]",RIGHT_WRIST,0.42575442887844667,2.2593659229394496,0.7534891963005066,0.6606488972902298,0.32812291011214256,0.3171913750274792
00029,/Users/nikko/Downloads/moi-main/project_root/data/temp_frames/video1/frame_00029.png,"[6, 210, 547, 360]",RIGHT_KNEE,-1.1175395413715334,0.46956274384102126,0.9492594003677368,0.6606488972902298,0.32812291011214256,0.3171913750274792
00029,/Users/nikko/Downloads/moi-main/project_root/data/temp_frames/video1/frame_00029.png,"[6, 210, 547, 360]",LEFT_ANKLE,-1.753320602420305,0.10377626762565524,0.7479516863822937,0.6606488972902298,0.32812291011214256,0.3171913750274792
00029,/Users/nikko/Downloads/moi-main/project_root/data/temp_frames/video1/frame_00029.png,"[6, 210, 547, 360]",RIGHT_ANKLE,-1.706932571224032,0.2577271122486858,0.9492429494857788,0.6606488972902298,0.32812291011214256,0.3171913750274792
00029,/Users/nikko/Downloads/moi-main/project_root/data/temp_frames/video1/frame_00029.png,"[6, 210, 547, 360]",LEFT_EYE,0.7528518912522235,0.8300974984113207,0.9954981803894043,0.6606488972902298,0.32812291011214256,0.3171913750274792
00029,/Users/nikko/Downloads/moi-main/project_root/data/temp_frames/video1/frame_00029.png,"[6, 210, 547, 360]",RIGHT_EYE,0.7547454988742768,0.8374547005169705,0.9987515211105347,0.6606488972902298,0.32812291011214256,0.3171913750274792
00030,/Users/nikko/Downloads/moi-main/project_root/data/temp_frames/video1/frame_00030.png,"[0, 209, 552, 360]",LEFT_SHOULDER,0.3728413217684236,-0.3034108481433171,0.99595046043396,0.6581961065530777,0.3519611582159996,0.3241111369061416
00030,/Users/nikko/Downloads/moi-main/project_root/data/temp_frames/video1/frame_00030.png,"[0, 209, 552, 360]",RIGHT_SHOULDER,0.4599863500923325,0.33032502501989913,0.9972445964813232,0.6581961065530777,0.3519611582159996,0.3241111369061416
00030,/Users/nikko/Downloads/moi-main/project_root/data/temp_frames/video1/frame_00030.png,"[0, 209, 552, 360]",LEFT_HIP,-0.4254493026997676,-0.2500807765120218,0.9750057458877563,0.6581961065530777,0.3519611582159996,0.3241111369061416
00030,/Users/nikko/Downloads/moi-main/project_root/data/temp_frames/video1/frame_00030.png,"[0, 209, 552, 360]",RIGHT_HIP,-0.4073783691609886,0.22316659963543975,0.9835625290870667,0.6581961065530777,0.3519611582159996,0.3241111369061416
00030,/Users/nikko/Downloads/moi-main/project_root/data/temp_frames/video1/frame_00030.png,"[0, 209, 552, 360]",RIGHT_ELBOW,0.3124293729527593,1.003299213028515,0.7788150310516357,0.6581961065530777,0.3519611582159996,0.3241111369061416
00030,/Users/nikko/Downloads/moi-main/project_root/data/temp_frames/video1/frame_00030.png,"[0, 209, 552, 360]",RIGHT_WRIST,0.3769162194456224,1.862915043008145,0.621252179145813,0.6581961065530777,0.3519611582159996,0.3241111369061416
00030,/Users/nikko/Downloads/moi-main/project_root/data/temp_frames/video1/frame_00030.png,"[0, 209, 552, 360]",RIGHT_KNEE,-1.0870726993719784,0.4597084513761823,0.8564857244491577,0.6581961065530777,0.3519611582159996,0.3241111369061416
00030,/Users/nikko/Downloads/moi-main/project_root/data/temp_frames/video1/frame_00030.png,"[0, 209, 552, 360]",RIGHT_ANKLE,-1.7253151798566404,0.5413579400625909,0.7967090010643005,0.6581961065530777,0.3519611582159996,0.3241111369061416
00030,/Users/nikko/Downloads/moi-main/project_root/data/temp_frames/video1/frame_00030.png,"[0, 209, 552, 360]",LEFT_EYE,0.7319932180711651,0.7949839998485205,0.9982871413230896,0.6581961065530777,0.3519611582159996,0.3241111369061416
00030,/Users/nikko/Downloads/moi-main/project_root/data/temp_frames/video1/frame_00030.png,"[0, 209, 552, 360]",RIGHT_EYE,0.7344578709581504,0.8227895950735907,0.9994741082191467,0.6581961065530777,0.3519611582159996,0.3241111369061416
00032,/Users/nikko/Downloads/moi-main/project_root/data/temp_frames/video1/frame_00032.png,"[0, 212, 532, 360]",LEFT_SHOULDER,0.35616604248009803,-0.33338310583635017,0.9967327117919922,0.6851292997598648,0.37937816977500916,0.3500896381860274
00032,/Users/nikko/Downloads/moi-main/project_root/data/temp_frames/video1/frame_00032.png,"[0, 212, 532, 360]",RIGHT_SHOULDER,0.4438438181383157,0.32487246497263333,0.9985722303390503,0.6851292997598648,0.37937816977500916,0.3500896381860274
00032,/Users/nikko/Downloads/moi-main/project_root/data/temp_frames/video1/frame_00032.png,"[0, 212, 532, 360]",LEFT_HIP,-0.41020961221506386,-0.2653202823815423,0.9744468927383423,0.6851292997598648,0.37937816977500916,0.3500896381860274
00032,/Users/nikko/Downloads/moi-main/project_root/data/temp_frames/video1/frame_00032.png,"[0, 212, 532, 360]",RIGHT_HIP,-0.38980024840334987,0.27383092324525915,0.9865859746932983,0.6851292997598648,0.37937816977500916,0.3500896381860274
00032,/Users/nikko/Downloads/moi-main/project_root/data/temp_frames/video1/frame_00032.png,"[0, 212, 532, 360]",RIGHT_ELBOW,0.28188804633751857,0.696216902371081,0.8917633891105652,0.6851292997598648,0.37937816977500916,0.3500896381860274
00032,/Users/nikko/Downloads/moi-main/project_root/data/temp_frames/video1/frame_00032.png,"[0, 212, 532, 360]",RIGHT_WRIST,0.3593797830541119,1.682535438867189,0.954002320766449,0.6851292997598648,0.37937816977500916,0.3500896381860274
00032,/Users/nikko/Downloads/moi-main/project_root/data/temp_frames/video1/frame_00032.png,"[0, 212, 532, 360]",RIGHT_KNEE,-1.0440488588176833,0.3800264403032613,0.9609010815620422,0.6851292997598648,0.37937816977500916,0.3500896381860274
00032,/Users/nikko/Downloads/moi-main/project_root/data/temp_frames/video1/frame_00032.png,"[0, 212, 532, 360]",LEFT_ANKLE,-1.6182741414077877,0.1673758518587401,0.7775173187255859,0.6851292997598648,0.37937816977500916,0.3500896381860274
00032,/Users/nikko/Downloads/moi-main/project_root/data/temp_frames/video1/frame_00032.png,"[0, 212, 532, 360]",RIGHT_ANKLE,-1.6491206282844324,0.4381214922150401,0.96488356590271,0.6851292997598648,0.37937816977500916,0.3500896381860274
00032,/Users/nikko/Downloads/moi-main/project_root/data/temp_frames/video1/frame_00032.png,"[0, 212, 532, 360]",LEFT_EYE,0.7104950719617606,0.7623987443752793,0.9975447058677673,0.6851292997598648,0.37937816977500916,0.3500896381860274
00032,/Users/nikko/Downloads/moi-main/project_root/data/temp_frames/video1/frame_00032.png,"[0, 212, 532, 360]",RIGHT_EYE,0.712303184109251,0.7842566409695589,0.999352753162384,0.6851292997598648,0.37937816977500916,0.3500896381860274
00033,/Users/nikko/Downloads/moi-main/project_root/data/temp_frames/video1/frame_00033.png,"[0, 213, 534, 360]",LEFT_SHOULDER,0.3529086282888033,-0.3264598332380295,0.994654655456543,0.6809967011213303,0.3802105635404587,0.3526423263846431
00033,/Users/nikko/Downloads/moi-main/project_root/data/temp_frames/video1/frame_00033.png,"[0, 213, 534, 360]",RIGHT_SHOULDER,0.4422737640345667,0.3217757003445246,0.9972119927406311,0.6809967011213303,0.3802105635404587,0.3526423263846431
00033,/Users/nikko/Downloads/moi-main/project_root/data/temp_frames/video1/frame_00033.png,"[0, 213, 534, 360]",LEFT_HIP,-0.40772623454175166,-0.2787831083939793,0.9686195850372314,0.6809967011213303,0.3802105635404587,0.3526423263846431
00033,/Users/nikko/Downloads/moi-main/project_root/data/temp_frames/video1/frame_00033.png,"[0, 213, 534, 360]",RIGHT_HIP,-0.3874561577816183,0.2834672412874842,0.9827227592468262,0.6809967011213303,0.3802105635404587,0.3526423263846431
00033,/Users/nikko/Downloads/moi-main/project_root/data/temp_frames/video1/frame_00033.png,"[0, 213, 534, 360]",RIGHT_ELBOW,0.2806470934388886,0.7970279116114642,0.7947537302970886,0.6809967011213303,0.3802105635404587,0.3526423263846431
00033,/Users/nikko/Downloads/moi-main/project_root/data/temp_frames/video1/frame_00033.png,"[0, 213, 534, 360]",RIGHT_WRIST,0.3604223743158616,1.6598417087223873,0.857019305229187,0.6809967011213303,0.3802105635404587,0.3526423263846431
00033,/Users/nikko/Downloads/moi-main/project_root/data/temp_frames/video1/frame_00033.png,"[0, 213, 534, 360]",RIGHT_KNEE,-1.0530950544541766,0.3708314834023411,0.9206035137176514,0.6809967011213303,0.3802105635404587,0.3526423263846431
00033,/Users/nikko/Downloads/moi-main/project_root/data/temp_frames/video1/frame_00033.png,"[0, 213, 534, 360]",LEFT_ANKLE,-1.5581521381254861,0.18457225381864523,0.6077741980552673,0.6809967011213303,0.3802105635404587,0.3526423263846431
00033,/Users/nikko/Downloads/moi-main/project_root/data/temp_frames/video1/frame_00033.png,"[0, 213, 534, 360]",RIGHT_ANKLE,-1.583351219771672,0.4176396838400378,0.898331344127655,0.6809967011213303,0.3802105635404587,0.3526423263846431
00033,/Users/nikko/Downloads/moi-main/project_root/data/temp_frames/video1/frame_00033.png,"[0, 213, 534, 360]",LEFT_EYE,0.703846406775294,0.7607344596012943,0.9936569333076477,0.6809967011213303,0.3802105635404587,0.3526423263846431
00033,/Users/nikko/Downloads/moi-main/project_root/data/temp_frames/video1/frame_00033.png,"[0, 213, 534, 360]",RIGHT_EYE,0.7060524942622505,0.7765487534675304,0.9982767105102539,0.6809967011213303,0.3802105635404587,0.3526423263846431
00034,/Users/nikko/Downloads/moi-main/project_root/data/temp_frames/video1/frame_00034.png,"[0, 213, 533, 360]",LEFT_SHOULDER,0.3460953937214379,-0.3516517071633066,0.99905925989151,0.683762714266777,0.38636332750320435,0.3535768839378719
00034,/Users/nikko/Downloads/moi-main/project_root/data/temp_frames/video1/frame_00034.png,"[0, 213, 533, 360]",RIGHT_SHOULDER,0.4407603659580579,0.3308142568988446,0.9995338916778564,0.683762714266777,0.38636332750320435,0.3535768839378719
00034,/Users/nikko/Downloads/moi-main/project_root/data/temp_frames/video1/frame_00034.png,"[0, 213, 533, 360]",LEFT_HIP,-0.40405568159446437,-0.26327900988003783,0.9839107990264893,0.683762714266777,0.38636332750320435,0.3535768839378719
00034,/Users/nikko/Downloads/moi-main/project_root/data/temp_frames/video1/frame_00034.png,"[0, 213, 533, 360]",RIGHT_HIP,-0.38280007808503136,0.28411646014449987,0.9920071363449097,0.683762714266777,0.38636332750320435,0.3535768839378719
00034,/Users/nikko/Downloads/moi-main/project_root/data/temp_frames/video1/frame_00034.png,"[0, 213, 533, 360]",RIGHT_ELBOW,0.26894818508264356,0.7150924531819074,0.9290302395820618,0.683762714266777,0.38636332750320435,0.3535768839378719
00034,/Users/nikko/Downloads/moi-main/project_root/data/temp_frames/video1/frame_00034.png,"[0, 213, 533, 360]",RIGHT_WRIST,0.3499279734531112,1.6150504475366851,0.9703680872917175,0.683762714266777,0.38636332750320435,0.3535768839378719
00034,/Users/nikko/Downloads/moi-main/project_root/data/temp_frames/video1/frame_00034.png,"[0, 213, 533, 360]",RIGHT_KNEE,-1.0170917708126812,0.3853658498757066,0.9737823605537415,0.683762714266777,0.38636332750320435,0.3535768839378719
00034,/Users/nikko/Downloads/moi-main/project_root/data/temp_frames/video1/frame_00034.png,"[0, 213, 533, 360]",LEFT_ANKLE,-1.6016343534174728,0.14468793438385047,0.7847462892532349,0.683762714266777,0.38636332750320435,0.3535768839378719
00034,/Users/nikko/Downloads/moi-main/project_root/data/temp_frames/video1/frame_00034.png,"[0, 213, 533, 360]",RIGHT_ANKLE,-1.6469032772939585,0.4350391850001312,0.9813971519470215,0.683762714266777,0.38636332750320435,0.3535768839378719
00034,/Users/nikko/Downloads/moi-main/project_root/data/temp_frames/video1/frame_00034.png,"[0, 213, 533, 360]",LEFT_EYE,0.6988314672416387,0.7479415471635802,0.9994668364524841,0.683762714266777,0.38636332750320435,0.3535768839378719
00034,/Users/nikko/Downloads/moi-main/project_root/data/temp_frames/video1/frame_00034.png,"[0, 213, 533, 360]",RIGHT_EYE,0.7021338748485655,0.7592174400895488,0.999841570854187,0.683762714266777,0.38636332750320435,0.3535768839378719
00035,/Users/nikko/Downloads/moi-main/project_root/data/temp_frames/video1/frame_00035.png,"[0, 213, 533, 360]",LEFT_SHOULDER,0.35091280892703197,-0.34068054869843956,0.9980121850967407,0.6837365478277206,0.3901456668972969,0.35012250908109166
00035,/Users/nikko/Downloads/moi-main/project_root/data/temp_frames/video1/frame_00035.png,"[0, 213, 533, 360]",RIGHT_SHOULDER,0.4454130386064831,0.3185616417825049,0.998921275138855,0.6837365478277206,0.3901456668972969,0.35012250908109166
00035,/Users/nikko/Downloads/moi-main/project_root/data/temp_frames/video1/frame_00035.png,"[0, 213, 533, 360]",LEFT_HIP,-0.4104701256041341,-0.26180735933466076,0.9783287048339844,0.6837365478277206,0.3901456668972969,0.35012250908109166
00035,/Users/nikko/Downloads/moi-main/project_root/data/temp_frames/video1/frame_00035.png,"[0, 213, 533, 360]",RIGHT_HIP,-0.385855721929381,0.2839262662505954,0.9871906638145447,0.6837365478277206,0.3901456668972969,0.35012250908109166
00035,/Users/nikko/Downloads/moi-main/project_root/data/temp_frames/video1/frame_00035.png,"[0, 213, 533, 360]",RIGHT_ELBOW,0.2729782344778773,0.6930086428513221,0.8441044688224792,0.6837365478277206,0.3901456668972969,0.35012250908109166
00035,/Users/nikko/Downloads/moi-main/project_root/data/temp_frames/video1/frame_00035.png,"[0, 213, 533, 360]",RIGHT_WRIST,0.34848025818520495,1.615753330181302,0.9201677441596985,0.6837365478277206,0.3901456668972969,0.35012250908109166
00035,/Users/nikko/Downloads/moi-main/project_root/data/temp_frames/video1/frame_00035.png,"[0, 213, 533, 360]",RIGHT_KNEE,-1.0343168216461596,0.36667572156132855,0.9377705454826355,0.6837365478277206,0.3901456668972969,0.35012250908109166
00035,/Users/nikko/Downloads/moi-main/project_root/data/temp_frames/video1/frame_00035.png,"[0, 213, 533, 360]",LEFT_ANKLE,-1.625084215363335,0.14911062356278018,0.623304545879364,0.6837365478277206,0.3901456668972969,0.35012250908109166
00035,/Users/nikko/Downloads/moi-main/project_root/data/temp_frames/video1/frame_00035.png,"[0, 213, 533, 360]",RIGHT_ANKLE,-1.6691340849010634,0.4203864215121421,0.9425493478775024,0.6837365478277206,0.3901456668972969,0.35012250908109166
00035,/Users/nikko/Downloads/moi-main/project_root/data/temp_frames/video1/frame_00035.png,"[0, 213, 533, 360]",LEFT_EYE,0.7115053874000504,0.7297400058374534,0.9977828860282898,0.6837365478277206,0.3901456668972969,0.35012250908109166
00035,/Users/nikko/Downloads/moi-main/project_root/data/temp_frames/video1/frame_00035.png,"[0, 213, 533, 360]",RIGHT_EYE,0.7126791880414457,0.7578080561564394,0.9993358254432678,0.6837365478277206,0.3901456668972969,0.35012250908109166
00036,/Users/nikko/Downloads/moi-main/project_root/data/temp_frames/video1/frame_00036.png,"[0, 214, 537, 360]",LEFT_SHOULDER,0.3485285356254291,-0.34775263702940723,0.9981220364570618,0.6774791926145554,0.3818448409438133,0.3496757099806801
00036,/Users/nikko/Downloads/moi-main/project_root/data/temp_frames/video1/frame_00036.png,"[0, 214, 537, 360]",RIGHT_SHOULDER,0.4439861158002452,0.3012814354888729,0.9990383386611938,0.6774791926145554,0.3818448409438133,0.3496757099806801
00036,/Users/nikko/Downloads/moi-main/project_root/data/temp_frames/video1/frame_00036.png,"[0, 214, 537, 360]",LEFT_HIP,-0.40769558169266035,-0.25773220648339457,0.9917255640029907,0.6774791926145554,0.3818448409438133,0.3496757099806801
00036,/Users/nikko/Downloads/moi-main/project_root/data/temp_frames/video1/frame_00036.png,"[0, 214, 537, 360]",RIGHT_HIP,-0.384819069733014,0.30420340802392887,0.9954055547714233,0.6774791926145554,0.3818448409438133,0.3496757099806801
00036,/Users/nikko/Downloads/moi-main/project_root/data/temp_frames/video1/frame_00036.png,"[0, 214, 537, 360]",RIGHT_ELBOW,0.2698110182641846,0.7158777525459057,0.9094492793083191,0.6774791926145554,0.3818448409438133,0.3496757099806801
00036,/Users/nikko/Downloads/moi-main/project_root/data/temp_frames/video1/frame_00036.png,"[0, 214, 537, 360]",RIGHT_WRIST,0.35870464333574925,1.6871937875645586,0.9506571292877197,0.6774791926145554,0.3818448409438133,0.3496757099806801
00036,/Users/nikko/Downloads/moi-main/project_root/data/temp_frames/video1/frame_00036.png,"[0, 214, 537, 360]",LEFT_KNEE,-1.0170581923092494,0.02529301580340948,0.6179758310317993,0.6774791926145554,0.3818448409438133,0.3496757099806801
00036,/Users/nikko/Downloads/moi-main/project_root/data/temp_frames/video1/frame_00036.png,"[0, 214, 537, 360]",RIGHT_KNEE,-1.0292989594718427,0.38863370385478807,0.9764217138290405,0.6774791926145554,0.3818448409438133,0.3496757099806801
00036,/Users/nikko/Downloads/moi-main/project_root/data/temp_frames/video1/frame_00036.png,"[0, 214, 537, 360]",LEFT_ANKLE,-1.611847950709471,0.14508562258004937,0.8414204120635986,0.6774791926145554,0.3818448409438133,0.3496757099806801
00036,/Users/nikko/Downloads/moi-main/project_root/data/temp_frames/video1/frame_00036.png,"[0, 214, 537, 360]",RIGHT_ANKLE,-1.639902794770916,0.3970854693550611,0.965377926826477,0.6774791926145554,0.3818448409438133,0.3496757099806801
00036,/Users/nikko/Downloads/moi-main/project_root/data/temp_frames/video1/frame_00036.png,"[0, 214, 537, 360]",LEFT_EYE,0.7089085574207473,0.7558110362778292,0.9973621964454651,0.6774791926145554,0.3818448409438133,0.3496757099806801
00036,/Users/nikko/Downloads/moi-main/project_root/data/temp_frames/video1/frame_00036.png,"[0, 214, 537, 360]",RIGHT_EYE,0.7101041422627076,0.7774803723249061,0.9992386102676392,0.6774791926145554,0.3818448409438133,0.3496757099806801
00037,/Users/nikko/Downloads/moi-main/project_root/data/temp_frames/video1/frame_00037.png,"[0, 214, 539, 360]",LEFT_SHOULDER,0.348223363429704,-0.3458672873014122,0.9956845045089722,0.6752436757087708,0.3728526085615158,0.35406823111441
00037,/Users/nikko/Downloads/moi-main/project_root/data/temp_frames/video1/frame_00037.png,"[0, 214, 539, 360]",RIGHT_SHOULDER,0.4330680287556213,0.3020996475002692,0.9980247020721436,0.6752436757087708,0.3728526085615158,0.35406823111441
00037,/Users/nikko/Downloads/moi-main/project_root/data/temp_frames/video1/frame_00037.png,"[0, 214, 539, 360]",LEFT_HIP,-0.40227469496048573,-0.2745953005301699,0.9839473962783813,0.6752436757087708,0.3728526085615158,0.35406823111441
00037,/Users/nikko/Downloads/moi-main/project_root/data/temp_frames/video1/frame_00037.png,"[0, 214, 539, 360]",RIGHT_HIP,-0.37901669722483955,0.3183629403313129,0.9915939569473267,0.6752436757087708,0.3728526085615158,0.35406823111441
00037,/Users/nikko/Downloads/moi-main/project_root/data/temp_frames/video1/frame_00037.png,"[0, 214, 539, 360]",RIGHT_ELBOW,0.2611320023562789,0.72960749988511,0.8995940089225769,0.6752436757087708,0.3728526085615158,0.35406823111441
00037,/Users/nikko/Downloads/moi-main/project_root/data/temp_frames/video1/frame_00037.png,"[0, 214, 539, 360]",RIGHT_WRIST,0.3599943589903956,1.7643236809239304,0.9409142136573792,0.6752436757087708,0.3728526085615158,0.35406823111441
00037,/Users/nikko/Downloads/moi-main/project_root/data/temp_frames/video1/frame_00037.png,"[0, 214, 539, 360]",RIGHT_KNEE,-1.0348704667163713,0.3728207342390134,0.96147620677948,0.6752436757087708,0.3728526085615158,0.35406823111441
00037,/Users/nikko/Downloads/moi-main/project_root/data/temp_frames/video1/frame_00037.png,"[0, 214, 539, 360]",LEFT_ANKLE,-1.5379851610479573,0.21419401493495918,0.7950689792633057,0.6752436757087708,0.3728526085615158,0.35406823111441
00037,/Users/nikko/Downloads/moi-main/project_root/data/temp_frames/video1/frame_00037.png,"[0, 214, 539, 360]",RIGHT_ANKLE,-1.5511026842281888,0.41791760449290044,0.9456550478935242,0.6752436757087708,0.3728526085615158,0.35406823111441
00037,/Users/nikko/Downloads/moi-main/project_root/data/temp_frames/video1/frame_00037.png,"[0, 214, 539, 360]",LEFT_EYE,0.6859154036713111,0.7655815666061824,0.9911302328109741,0.6752436757087708,0.3728526085615158,0.35406823111441
00037,/Users/nikko/Downloads/moi-main/project_root/data/temp_frames/video1/frame_00037.png,"[0, 214, 539, 360]",RIGHT_EYE,0.6862953521429224,0.7806328793657304,0.9977018237113953,0.6752436757087708,0.3728526085615158,0.35406823111441
00040,/Users/nikko/Downloads/moi-main/project_root/data/temp_frames/video1/frame_00040.png,"[4, 212, 547, 360]",LEFT_SHOULDER,0.37748553821686637,-0.3254852306633912,0.9928880333900452,0.6623976528644562,0.31476449593901634,0.31737831333792055
00040,/Users/nikko/Downloads/moi-main/project_root/data/temp_frames/video1/frame_00040.png,"[4, 212, 547, 360]",RIGHT_SHOULDER,0.47931597062910536,0.22466055450827285,0.9900767207145691,0.6623976528644562,0.31476449593901634,0.31737831333792055
00040,/Users/nikko/Downloads/moi-main/project_root/data/temp_frames/video1/frame_00040.png,"[4, 212, 547, 360]",LEFT_HIP,-0.441211464120271,-0.1761926714851957,0.9621418714523315,0.6623976528644562,0.31476449593901634,0.31737831333792055
00040,/Users/nikko/Downloads/moi-main/project_root/data/temp_frames/video1/frame_00040.png,"[4, 212, 547, 360]",RIGHT_HIP,-0.4155900447257007,0.27701734764031405,0.9779887795448303,0.6623976528644562,0.31476449593901634,0.31737831333792055
00040,/Users/nikko/Downloads/moi-main/project_root/data/temp_frames/video1/frame_00040.png,"[4, 212, 547, 360]",RIGHT_ELBOW,0.2500299303471964,1.1995907098298926,0.7770172953605652,0.6623976528644562,0.31476449593901634,0.31737831333792055
00040,/Users/nikko/Downloads/moi-main/project_root/data/temp_frames/video1/frame_00040.png,"[4, 212, 547, 360]",RIGHT_WRIST,0.4022659751369347,2.2112129981231665,0.5163753628730774,0.6623976528644562,0.31476449593901634,0.31737831333792055
00040,/Users/nikko/Downloads/moi-main/project_root/data/temp_frames/video1/frame_00040.png,"[4, 212, 547, 360]",RIGHT_KNEE,-1.1403554270434262,0.5184814827322014,0.8866975903511047,0.6623976528644562,0.31476449593901634,0.31737831333792055
00040,/Users/nikko/Downloads/moi-main/project_root/data/temp_frames/video1/frame_00040.png,"[4, 212, 547, 360]",LEFT_ANKLE,-1.7952948495688905,0.526737590604649,0.5730769634246826,0.6623976528644562,0.31476449593901634,0.31737831333792055
00040,/Users/nikko/Downloads/moi-main/project_root/data/temp_frames/video1/frame_00040.png,"[4, 212, 547, 360]",RIGHT_ANKLE,-1.8316558855993776,0.7304599609584702,0.969111979007721,0.6623976528644562,0.31476449593901634,0.31737831333792055
00040,/Users/nikko/Downloads/moi-main/project_root/data/temp_frames/video1/frame_00040.png,"[4, 212, 547, 360]",LEFT_EYE,0.7443405734239182,0.7889035478577843,0.9566469192504883,0.6623976528644562,0.31476449593901634,0.31737831333792055
00040,/Users/nikko/Downloads/moi-main/project_root/data/temp_frames/video1/frame_00040.png,"[4, 212, 547, 360]",RIGHT_EYE,0.7470823115090578,0.7915797426460053,0.9828663468360901,0.6623976528644562,0.31476449593901634,0.31737831333792055
00041,/Users/nikko/Downloads/moi-main/project_root/data/temp_frames/video1/frame_00041.png,"[0, 212, 544, 360]",LEFT_SHOULDER,0.4063466576158918,-0.24352153785912142,0.9902856945991516,0.6642308831214905,0.29096272215247154,0.3107946837700366
00041,/Users/nikko/Downloads/moi-main/project_root/data/temp_frames/video1/frame_00041.png,"[0, 212, 544, 360]",RIGHT_SHOULDER,0.4887938722445366,0.16846473998877035,0.9854539632797241,0.6642308831214905,0.29096272215247154,0.3107946837700366
00041,/Users/nikko/Downloads/moi-main/project_root/data/temp_frames/video1/frame_00041.png,"[0, 212, 544, 360]",LEFT_HIP,-0.4526187189450465,-0.19354028009373483,0.9773052930831909,0.6642308831214905,0.29096272215247154,0.3107946837700366
00041,/Users/nikko/Downloads/moi-main/project_root/data/temp_frames/video1/frame_00041.png,"[0, 212, 544, 360]",RIGHT_HIP,-0.44252181091538184,0.2685970779640859,0.9876540303230286,0.6642308831214905,0.29096272215247154,0.3107946837700366
00041,/Users/nikko/Downloads/moi-main/project_root/data/temp_frames/video1/frame_00041.png,"[0, 212, 544, 360]",RIGHT_ELBOW,0.2858444482406598,1.3528582492099623,0.8757146596908569,0.6642308831214905,0.29096272215247154,0.3107946837700366
00041,/Users/nikko/Downloads/moi-main/project_root/data/temp_frames/video1/frame_00041.png,"[0, 212, 544, 360]",RIGHT_KNEE,-1.1816723226987618,0.5762026758925591,0.9504041075706482,0.6642308831214905,0.29096272215247154,0.3107946837700366
00041,/Users/nikko/Downloads/moi-main/project_root/data/temp_frames/video1/frame_00041.png,"[0, 212, 544, 360]",LEFT_ANKLE,-1.8853891321125291,0.32563756995369597,0.7135599255561829,0.6642308831214905,0.29096272215247154,0.3107946837700366
00041,/Users/nikko/Downloads/moi-main/project_root/data/temp_frames/video1/frame_00041.png,"[0, 212, 544, 360]",RIGHT_ANKLE,-1.779570954583774,0.7500888727654246,0.9715705513954163,0.6642308831214905,0.29096272215247154,0.3107946837700366
00041,/Users/nikko/Downloads/moi-main/project_root/data/temp_frames/video1/frame_00041.png,"[0, 212, 544, 360]",LEFT_EYE,0.7754645148286053,0.7677394754570783,0.9682809114456177,0.6642308831214905,0.29096272215247154,0.3107946837700366
00041,/Users/nikko/Downloads/moi-main/project_root/data/temp_frames/video1/frame_00041.png,"[0, 212, 544, 360]",RIGHT_EYE,0.7766541349567775,0.7887556502314813,0.9901229739189148,0.6642308831214905,0.29096272215247154,0.3107946837700366
00042,/Users/nikko/Downloads/moi-main/project_root/data/temp_frames/video1/frame_00042.png,"[0, 207, 534, 360]",LEFT_SHOULDER,0.41957725343177676,-0.19950901003930246,0.992925763130188,0.6743082404136658,0.2916618399322033,0.3090993691793288
00042,/Users/nikko/Downloads/moi-main/project_root/data/temp_frames/video1/frame_00042.png,"[0, 207, 534, 360]",RIGHT_SHOULDER,0.4969944154622256,0.17878321694173052,0.9876790642738342,0.6743082404136658,0.2916618399322033,0.3090993691793288
00042,/Users/nikko/Downloads/moi-main/project_root/data/temp_frames/video1/frame_00042.png,"[0, 207, 534, 360]",LEFT_HIP,-0.4664230131378212,-0.19858075884438958,0.9737969040870667,0.6743082404136658,0.2916618399322033,0.3090993691793288
00042,/Users/nikko/Downloads/moi-main/project_root/data/temp_frames/video1/frame_00042.png,"[0, 207, 534, 360]",RIGHT_HIP,-0.45014865575618124,0.21930655194196153,0.9855884909629822,0.6743082404136658,0.2916618399322033,0.3090993691793288
00042,/Users/nikko/Downloads/moi-main/project_root/data/temp_frames/video1/frame_00042.png,"[0, 207, 534, 360]",RIGHT_ELBOW,0.30414628868893834,1.456974072631598,0.9056084156036377,0.6743082404136658,0.2916618399322033,0.3090993691793288
00042,/Users/nikko/Downloads/moi-main/project_root/data/temp_frames/video1/frame_00042.png,"[0, 207, 534, 360]",RIGHT_WRIST,0.46514626400013886,2.5178966843948203,0.5870786905288696,0.6743082404136658,0.2916618399322033,0.3090993691793288
00042,/Users/nikko/Downloads/moi-main/project_root/data/temp_frames/video1/frame_00042.png,"[0, 207, 534, 360]",RIGHT_KNEE,-1.1957650420807808,0.6042805484434992,0.9655784964561462,0.6743082404136658,0.2916618399322033,0.3090993691793288
00042,/Users/nikko/Downloads/moi-main/project_root/data/temp_frames/video1/frame_00042.png,"[0, 207, 534, 360]",LEFT_ANKLE,-1.9084367305044734,0.4564209076533161,0.7253886461257935,0.6743082404136658,0.2916618399322033,0.3090993691793288
00042,/Users/nikko/Downloads/moi-main/project_root/data/temp_frames/video1/frame_00042.png,"[0, 207, 534, 360]",RIGHT_ANKLE,-1.8153705212065998,0.8605650388813927,0.9773624539375305,0.6743082404136658,0.2916618399322033,0.3090993691793288
00042,/Users/nikko/Downloads/moi-main/project_root/data/temp_frames/video1/frame_00042.png,"[0, 207, 534, 360]",LEFT_EYE,0.7985511460526991,0.6909905390034828,0.9810189604759216,0.6743082404136658,0.2916618399322033,0.3090993691793288
00042,/Users/nikko/Downloads/moi-main/project_root/data/temp_frames/video1/frame_00042.png,"[0, 207, 534, 360]",RIGHT_EYE,0.8000180288030917,0.7167511366931042,0.9938750863075256,0.6743082404136658,0.2916618399322033,0.3090993691793288
00043,/Users/nikko/Downloads/moi-main/project_root/data/temp_frames/video1/frame_00043.png,"[0, 200, 548, 360]",LEFT_SHOULDER,0.4124576320631809,-0.25347895604570614,0.9941869974136353,0.6599099338054657,0.29724597558379173,0.29323056726556285
00043,/Users/nikko/Downloads/moi-main/project_root/data/temp_frames/video1/frame_00043.png,"[0, 200, 548, 360]",RIGHT_SHOULDER,0.5012930374838466,0.12459071649215231,0.9916395545005798,0.6599099338054657,0.29724597558379173,0.29323056726556285
00043,/Users/nikko/Downloads/moi-main/project_root/data/temp_frames/video1/frame_00043.png,"[0, 200, 548, 360]",LEFT_HIP,-0.46418264722395813,-0.12832707773707672,0.9693676233291626,0.6599099338054657,0.29724597558379173,0.29323056726556285
00043,/Users/nikko/Downloads/moi-main/project_root/data/temp_frames/video1/frame_00043.png,"[0, 200, 548, 360]",RIGHT_HIP,-0.44956802232306936,0.2572153172906305,0.982526957988739,0.6599099338054657,0.29724597558379173,0.29323056726556285
00043,/Users/nikko/Downloads/moi-main/project_root/data/temp_frames/video1/frame_00043.png,"[0, 200, 548, 360]",RIGHT_ELBOW,0.3040407270100175,1.4357538697440728,0.876305878162384,0.6599099338054657,0.29724597558379173,0.29323056726556285
00043,/Users/nikko/Downloads/moi-main/project_root/data/temp_frames/video1/frame_00043.png,"[0, 200, 548, 360]",RIGHT_WRIST,0.46007072134117866,2.567100404374665,0.5304742455482483,0.6599099338054657,0.29724597558379173,0.29323056726556285
00043,/Users/nikko/Downloads/moi-main/project_root/data/temp_frames/video1/frame_00043.png,"[0, 200, 548, 360]",RIGHT_KNEE,-1.2471602920695086,0.626496609605866,0.8880579471588135,0.6599099338054657,0.29724597558379173,0.29323056726556285
00043,/Users/nikko/Downloads/moi-main/project_root/data/temp_frames/video1/frame_00043.png,"[0, 200, 548, 360]",RIGHT_ANKLE,-1.9573799553781626,0.9069072293522493,0.9682216048240662,0.6599099338054657,0.29724597558379173,0.29323056726556285
00043,/Users/nikko/Downloads/moi-main/project_root/data/temp_frames/video1/frame_00043.png,"[0, 200, 548, 360]",LEFT_EYE,0.8144039261814633,0.6507867308761928,0.9732025861740112,0.6599099338054657,0.29724597558379173,0.29323056726556285
00043,/Users/nikko/Downloads/moi-main/project_root/data/temp_frames/video1/frame_00043.png,"[0, 200, 548, 360]",RIGHT_EYE,0.8179355194528762,0.645161061751085,0.9882805347442627,0.6599099338054657,0.29724597558379173,0.29323056726556285
00044,/Users/nikko/Downloads/moi-main/project_root/data/temp_frames/video1/frame_00044.png,"[1, 191, 536, 360]",LEFT_SHOULDER,0.4018772905414362,-0.34578861474221656,0.9966710209846497,0.6676338464021683,0.27898745238780975,0.31163210806813313
00044,/Users/nikko/Downloads/moi-main/project_root/data/temp_frames/video1/frame_00044.png,"[1, 191, 536, 360]",RIGHT_SHOULDER,0.48358557660978163,0.11777164470476156,0.9959445595741272,0.6676338464021683,0.27898745238780975,0.31163210806813313
00044,/Users/nikko/Downloads/moi-main/project_root/data/temp_frames/video1/frame_00044.png,"[1, 191, 536, 360]",LEFT_HIP,-0.4494081491191961,-0.059472602709269816,0.9812642335891724,0.6676338464021683,0.27898745238780975,0.31163210806813313
00044,/Users/nikko/Downloads/moi-main/project_root/data/temp_frames/video1/frame_00044.png,"[1, 191, 536, 360]",RIGHT_HIP,-0.4360547180320218,0.2874895727467248,0.9901887774467468,0.6676338464021683,0.27898745238780975,0.31163210806813313
00044,/Users/nikko/Downloads/moi-main/project_root/data/temp_frames/video1/frame_00044.png,"[1, 191, 536, 360]",RIGHT_ELBOW,0.32514957261663985,1.455843259368882,0.9271553754806519,0.6676338464021683,0.27898745238780975,0.31163210806813313
00044,/Users/nikko/Downloads/moi-main/project_root/data/temp_frames/video1/frame_00044.png,"[1, 191, 536, 360]",RIGHT_WRIST,0.4664766364788828,2.498256662675804,0.6574692726135254,0.6676338464021683,0.27898745238780975,0.31163210806813313
00044,/Users/nikko/Downloads/moi-main/project_root/data/temp_frames/video1/frame_00044.png,"[1, 191, 536, 360]",RIGHT_KNEE,-1.202617136022211,0.6927185618674819,0.9286457896232605,0.6676338464021683,0.27898745238780975,0.31163210806813313
00044,/Users/nikko/Downloads/moi-main/project_root/data/temp_frames/video1/frame_00044.png,"[1, 191, 536, 360]",LEFT_ANKLE,-1.82599634869282,0.816249753552453,0.5242241621017456,0.6676338464021683,0.27898745238780975,0.31163210806813313
00044,/Users/nikko/Downloads/moi-main/project_root/data/temp_frames/video1/frame_00044.png,"[1, 191, 536, 360]",RIGHT_ANKLE,-1.889909599372896,1.0604961267542896,0.9842128157615662,0.6676338464021683,0.27898745238780975,0.31163210806813313
00044,/Users/nikko/Downloads/moi-main/project_root/data/temp_frames/video1/frame_00044.png,"[1, 191, 536, 360]",LEFT_EYE,0.7976149884459336,0.48499281662960353,0.9887728095054626,0.6676338464021683,0.27898745238780975,0.31163210806813313
00044,/Users/nikko/Downloads/moi-main/project_root/data/temp_frames/video1/frame_00044.png,"[1, 191, 536, 360]",RIGHT_EYE,0.8014546545550637,0.47315124809583486,0.9945479035377502,0.6676338464021683,0.27898745238780975,0.31163210806813313
00045,/Users/nikko/Downloads/moi-main/project_root/data/temp_frames/video1/frame_00045.png,"[0, 184, 527, 360]",LEFT_SHOULDER,0.4250359499726494,-0.28253276007381456,0.9970667958259583,0.6776895970106125,0.29285523667931557,0.2982030744638987
00045,/Users/nikko/Downloads/moi-main/project_root/data/temp_frames/video1/frame_00045.png,"[0, 184, 527, 360]",RIGHT_SHOULDER,0.5036221249112577,0.06527169743857275,0.996403694152832,0.6776895970106125,0.29285523667931557,0.2982030744638987
00045,/Users/nikko/Downloads/moi-main/project_root/data/temp_frames/video1/frame_00045.png,"[0, 184, 527, 360]",LEFT_HIP,-0.4716467213775483,-0.015255306251749546,0.9839203953742981,0.6776895970106125,0.29285523667931557,0.2982030744638987
00045,/Users/nikko/Downloads/moi-main/project_root/data/temp_frames/video1/frame_00045.png,"[0, 184, 527, 360]",RIGHT_HIP,-0.4570113535063588,0.23251636888699134,0.9910180568695068,0.6776895970106125,0.29285523667931557,0.2982030744638987
00045,/Users/nikko/Downloads/moi-main/project_root/data/temp_frames/video1/frame_00045.png,"[0, 184, 527, 360]",RIGHT_ELBOW,0.3605794480811486,1.4935085872840739,0.9353185296058655,0.6776895970106125,0.29285523667931557,0.2982030744638987
00045,/Users/nikko/Downloads/moi-main/project_root/data/temp_frames/video1/frame_00045.png,"[0, 184, 527, 360]",RIGHT_WRIST,0.5007926324489237,2.5464125824352104,0.6261460781097412,0.6776895970106125,0.29285523667931557,0.2982030744638987
00045,/Users/nikko/Downloads/moi-main/project_root/data/temp_frames/video1/frame_00045.png,"[0, 184, 527, 360]",RIGHT_KNEE,-1.2537066650713578,0.6844335466185437,0.901303768157959,0.6776895970106125,0.29285523667931557,0.2982030744638987
00045,/Users/nikko/Downloads/moi-main/project_root/data/temp_frames/video1/frame_00045.png,"[0, 184, 527, 360]",RIGHT_ANKLE,-2.000664866909197,1.073488660249782,0.9768228530883789,0.6776895970106125,0.29285523667931557,0.2982030744638987
00045,/Users/nikko/Downloads/moi-main/project_root/data/temp_frames/video1/frame_00045.png,"[0, 184, 527, 360]",LEFT_EYE,0.8636608493074862,0.4000664560236302,0.9938616752624512,0.6776895970106125,0.29285523667931557,0.2982030744638987
00045,/Users/nikko/Downloads/moi-main/project_root/data/temp_frames/video1/frame_00045.png,"[0, 184, 527, 360]",RIGHT_EYE,0.8683182386734685,0.37655324573883325,0.9966769218444824,0.6776895970106125,0.29285523667931557,0.2982030744638987
00046,/Users/nikko/Downloads/moi-main/project_root/data/temp_frames/video1/frame_00046.png,"[0, 179, 531, 359]",LEFT_SHOULDER,0.40994310736061984,-0.34401915144457346,0.9968279004096985,0.6697390526533127,0.2758100926876068,0.30775448195581134
00046,/Users/nikko/Downloads/moi-main/project_root/data/temp_frames/video1/frame_00046.png,"[0, 179, 531, 359]",RIGHT_SHOULDER,0.48692639637068186,0.08459998349387578,0.9967886209487915,0.6697390526533127,0.2758100926876068,0.30775448195581134
00046,/Users/nikko/Downloads/moi-main/project_root/data/temp_frames/video1/frame_00046.png,"[0, 179, 531, 359]",LEFT_HIP,-0.4557986992215022,-0.015049687319449475,0.986070454120636,0.6697390526533127,0.2758100926876068,0.30775448195581134
00046,/Users/nikko/Downloads/moi-main/project_root/data/temp_frames/video1/frame_00046.png,"[0, 179, 531, 359]",RIGHT_HIP,-0.44107080450979946,0.2744688552701472,0.9930665493011475,0.6697390526533127,0.2758100926876068,0.30775448195581134
00046,/Users/nikko/Downloads/moi-main/project_root/data/temp_frames/video1/frame_00046.png,"[0, 179, 531, 359]",RIGHT_ELBOW,0.37059202578253664,1.4557530558518663,0.9262046813964844,0.6697390526533127,0.2758100926876068,0.30775448195581134
00046,/Users/nikko/Downloads/moi-main/project_root/data/temp_frames/video1/frame_00046.png,"[0, 179, 531, 359]",RIGHT_WRIST,0.48635679537195586,2.51441529263798,0.6832997798919678,0.6697390526533127,0.2758100926876068,0.30775448195581134
00046,/Users/nikko/Downloads/moi-main/project_root/data/temp_frames/video1/frame_00046.png,"[0, 179, 531, 359]",RIGHT_KNEE,-1.2048520955603716,0.777737483899159,0.9027463793754578,0.6697390526533127,0.2758100926876068,0.30775448195581134
00046,/Users/nikko/Downloads/moi-main/project_root/data/temp_frames/video1/frame_00046.png,"[0, 179, 531, 359]",RIGHT_ANKLE,-1.9127444600548047,1.1713381653254886,0.9772521257400513,0.6697390526533127,0.2758100926876068,0.30775448195581134
00046,/Users/nikko/Downloads/moi-main/project_root/data/temp_frames/video1/frame_00046.png,"[0, 179, 531, 359]",LEFT_EYE,0.8200562137952389,0.38912850983109637,0.9884678721427917,0.6697390526533127,0.2758100926876068,0.30775448195581134
00046,/Users/nikko/Downloads/moi-main/project_root/data/temp_frames/video1/frame_00046.png,"[0, 179, 531, 359]",RIGHT_EYE,0.8240769267274222,0.3735620950500349,0.994796097278595,0.6697390526533127,0.2758100926876068,0.30775448195581134
00047,/Users/nikko/Downloads/moi-main/project_root/data/temp_frames/video1/frame_00047.png,"[2, 171, 536, 360]",LEFT_SHOULDER,0.42516524287116114,-0.29959853824487986,0.9979010820388794,0.6606254428625107,0.29777510091662407,0.29893167119051
00047,/Users/nikko/Downloads/moi-main/project_root/data/temp_frames/video1/frame_00047.png,"[2, 171, 536, 360]",RIGHT_SHOULDER,0.49945179936851897,0.012750495885569488,0.9967173933982849,0.6606254428625107,0.29777510091662407,0.29893167119051
00047,/Users/nikko/Downloads/moi-main/project_root/data/temp_frames/video1/frame_00047.png,"[2, 171, 536, 360]",LEFT_HIP,-0.46725265021116236,0.05041897319968406,0.9872704744338989,0.6606254428625107,0.29777510091662407,0.29893167119051
00047,/Users/nikko/Downloads/moi-main/project_root/data/temp_frames/video1/frame_00047.png,"[2, 171, 536, 360]",RIGHT_HIP,-0.4573643920285178,0.2364290691596263,0.9925375580787659,0.6606254428625107,0.29777510091662407,0.29893167119051
00047,/Users/nikko/Downloads/moi-main/project_root/data/temp_frames/video1/frame_00047.png,"[2, 171, 536, 360]",RIGHT_ELBOW,0.3758918401937382,1.4300097447895193,0.9421154260635376,0.6606254428625107,0.29777510091662407,0.29893167119051
00047,/Users/nikko/Downloads/moi-main/project_root/data/temp_frames/video1/frame_00047.png,"[2, 171, 536, 360]",RIGHT_WRIST,0.5029840322630493,2.4670870806857037,0.6745283603668213,0.6606254428625107,0.29777510091662407,0.29893167119051
00047,/Users/nikko/Downloads/moi-main/project_root/data/temp_frames/video1/frame_00047.png,"[2, 171, 536, 360]",RIGHT_KNEE,-1.2404923274985387,0.719912892804132,0.9090346097946167,0.6606254428625107,0.29777510091662407,0.29893167119051
00047,/Users/nikko/Downloads/moi-main/project_root/data/temp_frames/video1/frame_00047.png,"[2, 171, 536, 360]",RIGHT_ANKLE,-1.9577133383140706,1.1506022468401105,0.9788380861282349,0.6606254428625107,0.29777510091662407,0.29893167119051
00047,/Users/nikko/Downloads/moi-main/project_root/data/temp_frames/video1/frame_00047.png,"[2, 171, 536, 360]",LEFT_EYE,0.8669816788534713,0.2928702227878015,0.9951504468917847,0.6606254428625107,0.29777510091662407,0.29893167119051
00047,/Users/nikko/Downloads/moi-main/project_root/data/temp_frames/video1/frame_00047.png,"[2, 171, 536, 360]",RIGHT_EYE,0.8718109580352678,0.27639863220443955,0.9972314238548279,0.6606254428625107,0.29777510091662407,0.29893167119051
00048,/Users/nikko/Downloads/moi-main/project_root/data/temp_frames/video1/frame_00048.png,"[4, 160, 529, 360]",LEFT_SHOULDER,0.38477266441287034,-0.36910116183096203,0.9974510073661804,0.663617417216301,0.28703923150897026,0.3119713496697254
00048,/Users/nikko/Downloads/moi-main/project_root/data/temp_frames/video1/frame_00048.png,"[4, 160, 529, 360]",RIGHT_SHOULDER,0.4995628381879591,0.03414930195760451,0.9979648590087891,0.663617417216301,0.28703923150897026,0.3119713496697254
00048,/Users/nikko/Downloads/moi-main/project_root/data/temp_frames/video1/frame_00048.png,"[4, 160, 529, 360]",LEFT_HIP,-0.4528943246705895,0.047591097126583014,0.9840213656425476,0.663617417216301,0.28703923150897026,0.3119713496697254
00048,/Users/nikko/Downloads/moi-main/project_root/data/temp_frames/video1/frame_00048.png,"[4, 160, 529, 360]",RIGHT_HIP,-0.43144117793023995,0.2873607627467745,0.992656409740448,0.663617417216301,0.28703923150897026,0.3119713496697254
00048,/Users/nikko/Downloads/moi-main/project_root/data/temp_frames/video1/frame_00048.png,"[4, 160, 529, 360]",RIGHT_ELBOW,0.399920130525016,1.33330999626598,0.9645372033119202,0.663617417216301,0.28703923150897026,0.3119713496697254
00048,/Users/nikko/Downloads/moi-main/project_root/data/temp_frames/video1/frame_00048.png,"[4, 160, 529, 360]",RIGHT_WRIST,0.5128595247507953,2.3511711138285003,0.8296866416931152,0.663617417216301,0.28703923150897026,0.3119713496697254
00048,/Users/nikko/Downloads/moi-main/project_root/data/temp_frames/video1/frame_00048.png,"[4, 160, 529, 360]",RIGHT_KNEE,-1.203940360087466,0.8062912055190622,0.9163729548454285,0.663617417216301,0.28703923150897026,0.3119713496697254
00048,/Users/nikko/Downloads/moi-main/project_root/data/temp_frames/video1/frame_00048.png,"[4, 160, 529, 360]",RIGHT_ANKLE,-1.8995671834391448,1.2248146128089568,0.9812412858009338,0.663617417216301,0.28703923150897026,0.3119713496697254
00048,/Users/nikko/Downloads/moi-main/project_root/data/temp_frames/video1/frame_00048.png,"[4, 160, 529, 360]",LEFT_EYE,0.8566996688665146,0.2497944468663052,0.9939221143722534,0.663617417216301,0.28703923150897026,0.3119713496697254
00048,/Users/nikko/Downloads/moi-main/project_root/data/temp_frames/video1/frame_00048.png,"[4, 160, 529, 360]",RIGHT_EYE,0.8599218632609715,0.2398430916257189,0.9969789981842041,0.663617417216301,0.28703923150897026,0.3119713496697254
00049,/Users/nikko/Downloads/moi-main/project_root/data/temp_frames/video1/frame_00049.png,"[4, 154, 530, 360]",LEFT_SHOULDER,0.38702633307938117,-0.3616039068818366,0.9981556534767151,0.6617728173732758,0.29035989567637444,0.31002139765790904
00049,/Users/nikko/Downloads/moi-main/project_root/data/temp_frames/video1/frame_00049.png,"[4, 154, 530, 360]",RIGHT_SHOULDER,0.49905437479262094,0.01700534122592976,0.998201847076416,0.6617728173732758,0.29035989567637444,0.31002139765790904
00049,/Users/nikko/Downloads/moi-main/project_root/data/temp_frames/video1/frame_00049.png,"[4, 154, 530, 360]",LEFT_HIP,-0.4539792623374305,0.05539490832600856,0.9865580201148987,0.6617728173732758,0.29035989567637444,0.31002139765790904
00049,/Users/nikko/Downloads/moi-main/project_root/data/temp_frames/video1/frame_00049.png,"[4, 154, 530, 360]",RIGHT_HIP,-0.4321014455345716,0.2892036573298983,0.9931835532188416,0.6617728173732758,0.29035989567637444,0.31002139765790904
00049,/Users/nikko/Downloads/moi-main/project_root/data/temp_frames/video1/frame_00049.png,"[4, 154, 530, 360]",RIGHT_ELBOW,0.41017979350255923,1.3611842848975653,0.9631606340408325,0.6617728173732758,0.29035989567637444,0.31002139765790904
00049,/Users/nikko/Downloads/moi-main/project_root/data/temp_frames/video1/frame_00049.png,"[4, 154, 530, 360]",RIGHT_WRIST,0.5240823680414375,2.3761269160363714,0.7820923328399658,0.6617728173732758,0.29035989567637444,0.31002139765790904
00049,/Users/nikko/Downloads/moi-main/project_root/data/temp_frames/video1/frame_00049.png,"[4, 154, 530, 360]",RIGHT_KNEE,-1.201557084295649,0.821934446919612,0.9109545350074768,0.6617728173732758,0.29035989567637444,0.31002139765790904
00049,/Users/nikko/Downloads/moi-main/project_root/data/temp_frames/video1/frame_00049.png,"[4, 154, 530, 360]",RIGHT_ANKLE,-1.8900501362716584,1.232496933508267,0.9809176921844482,0.6617728173732758,0.29035989567637444,0.31002139765790904
00049,/Users/nikko/Downloads/moi-main/project_root/data/temp_frames/video1/frame_00049.png,"[4, 154, 530, 360]",LEFT_EYE,0.8683294587925371,0.22280789690556171,0.9979244470596313,0.6617728173732758,0.29035989567637444,0.31002139765790904
00049,/Users/nikko/Downloads/moi-main/project_root/data/temp_frames/video1/frame_00049.png,"[4, 154, 530, 360]",RIGHT_EYE,0.8730598183455636,0.20420512927381432,0.9989508390426636,0.6617728173732758,0.29035989567637444,0.31002139765790904
00050,/Users/nikko/Downloads/moi-main/project_root/data/temp_frames/video1/frame_00050.png,"[9, 149, 523, 360]",LEFT_SHOULDER,0.3804599325334976,-0.3576498602977867,0.9979004859924316,0.6643624305725098,0.293865155428648,0.31352979299849526
00050,/Users/nikko/Downloads/moi-main/project_root/data/temp_frames/video1/frame_00050.png,"[9, 149, 523, 360]",RIGHT_SHOULDER,0.5070487382400521,0.0032593727346609176,0.9985950589179993,0.6643624305725098,0.293865155428648,0.31352979299849526
00050,/Users/nikko/Downloads/moi-main/project_root/data/temp_frames/video1/frame_00050.png,"[9, 149, 523, 360]",LEFT_HIP,-0.45767720863382816,0.07155020434517063,0.9870545268058777,0.6643624305725098,0.293865155428648,0.31352979299849526
00050,/Users/nikko/Downloads/moi-main/project_root/data/temp_frames/video1/frame_00050.png,"[9, 149, 523, 360]",RIGHT_HIP,-0.4298314621397216,0.2828402832179552,0.9941722750663757,0.6643624305725098,0.293865155428648,0.31352979299849526
00050,/Users/nikko/Downloads/moi-main/project_root/data/temp_frames/video1/frame_00050.png,"[9, 149, 523, 360]",RIGHT_ELBOW,0.43044703311285604,1.3147738240850135,0.973355233669281,0.6643624305725098,0.293865155428648,0.31352979299849526
00050,/Users/nikko/Downloads/moi-main/project_root/data/temp_frames/video1/frame_00050.png,"[9, 149, 523, 360]",RIGHT_WRIST,0.535243333633387,2.326291909903139,0.8497623205184937,0.6643624305725098,0.293865155428648,0.31352979299849526
00050,/Users/nikko/Downloads/moi-main/project_root/data/temp_frames/video1/frame_00050.png,"[9, 149, 523, 360]",RIGHT_KNEE,-1.209623007058819,0.8196443116950566,0.9092732667922974,0.6643624305725098,0.293865155428648,0.31352979299849526
00050,/Users/nikko/Downloads/moi-main/project_root/data/temp_frames/video1/frame_00050.png,"[9, 149, 523, 360]",RIGHT_ANKLE,-1.902646349083758,1.2201080195547191,0.9789862036705017,0.6643624305725098,0.293865155428648,0.31352979299849526
00050,/Users/nikko/Downloads/moi-main/project_root/data/temp_frames/video1/frame_00050.png,"[9, 149, 523, 360]",LEFT_EYE,0.8961886397332073,0.19151249688771663,0.9970858693122864,0.6643624305725098,0.293865155428648,0.31352979299849526
00050,/Users/nikko/Downloads/moi-main/project_root/data/temp_frames/video1/frame_00050.png,"[9, 149, 523, 360]",RIGHT_EYE,0.9009082706717604,0.1767705416339464,0.9985849857330322,0.6643624305725098,0.293865155428648,0.31352979299849526
00051,/Users/nikko/Downloads/moi-main/project_root/data/temp_frames/video1/frame_00051.png,"[4, 149, 526, 360]",LEFT_SHOULDER,0.374863809489705,-0.3625098017055244,0.9982941746711731,0.6628379821777344,0.2809472680091858,0.308924493922763
00051,/Users/nikko/Downloads/moi-main/project_root/data/temp_frames/video1/frame_00051.png,"[4, 149, 526, 360]",RIGHT_SHOULDER,0.5058570607390048,-0.013040593447039256,0.9985896944999695,0.6628379821777344,0.2809472680091858,0.308924493922763
00051,/Users/nikko/Downloads/moi-main/project_root/data/temp_frames/video1/frame_00051.png,"[4, 149, 526, 360]",LEFT_HIP,-0.45353126470651983,0.08252717220224562,0.98784339427948,0.6628379821777344,0.2809472680091858,0.308924493922763
00051,/Users/nikko/Downloads/moi-main/project_root/data/temp_frames/video1/frame_00051.png,"[4, 149, 526, 360]",RIGHT_HIP,-0.42718960552219004,0.293023222950318,0.9942635893821716,0.6628379821777344,0.2809472680091858,0.308924493922763
00051,/Users/nikko/Downloads/moi-main/project_root/data/temp_frames/video1/frame_00051.png,"[4, 149, 526, 360]",RIGHT_ELBOW,0.4365843586754604,1.355452649937311,0.9651899933815002,0.6628379821777344,0.2809472680091858,0.308924493922763
00051,/Users/nikko/Downloads/moi-main/project_root/data/temp_frames/video1/frame_00051.png,"[4, 149, 526, 360]",RIGHT_WRIST,0.5371830019041207,2.4121229381156297,0.8079591393470764,0.6628379821777344,0.2809472680091858,0.308924493922763
00051,/Users/nikko/Downloads/moi-main/project_root/data/temp_frames/video1/frame_00051.png,"[4, 149, 526, 360]",RIGHT_KNEE,-1.2086451612346703,0.8744023912945257,0.9001564979553223,0.6628379821777344,0.2809472680091858,0.308924493922763
00051,/Users/nikko/Downloads/moi-main/project_root/data/temp_frames/video1/frame_00051.png,"[4, 149, 526, 360]",RIGHT_ANKLE,-1.8948422139069299,1.2971703349828725,0.9773167967796326,0.6628379821777344,0.2809472680091858,0.308924493922763
00051,/Users/nikko/Downloads/moi-main/project_root/data/temp_frames/video1/frame_00051.png,"[4, 149, 526, 360]",LEFT_EYE,0.8898883371909313,0.20487390106982659,0.9973031282424927,0.6628379821777344,0.2809472680091858,0.308924493922763
00051,/Users/nikko/Downloads/moi-main/project_root/data/temp_frames/video1/frame_00051.png,"[4, 149, 526, 360]",RIGHT_EYE,0.895019255424007,0.17807467889562206,0.998723566532135,0.6628379821777344,0.2809472680091858,0.308924493922763
00052,/Users/nikko/Downloads/moi-main/project_root/data/temp_frames/video1/frame_00052.png,"[5, 141, 525, 360]",LEFT_SHOULDER,0.35789942838180855,-0.3723425023407725,0.9978985786437988,0.662555068731308,0.28507325798273087,0.31312448329492526
00052,/Users/nikko/Downloads/moi-main/project_root/data/temp_frames/video1/frame_00052.png,"[5, 141, 525, 360]",RIGHT_SHOULDER,0.5104426471463319,-0.01939095767391277,0.9988687634468079,0.662555068731308,0.28507325798273087,0.31312448329492526
00052,/Users/nikko/Downloads/moi-main/project_root/data/temp_frames/video1/frame_00052.png,"[5, 141, 525, 360]",LEFT_HIP,-0.45497887513431495,0.08259163949330733,0.9896373748779297,0.662555068731308,0.28507325798273087,0.31312448329492526
00052,/Users/nikko/Downloads/moi-main/project_root/data/temp_frames/video1/frame_00052.png,"[5, 141, 525, 360]",RIGHT_HIP,-0.41336320039382546,0.3091418205213779,0.995510458946228,0.662555068731308,0.28507325798273087,0.31312448329492526
00052,/Users/nikko/Downloads/moi-main/project_root/data/temp_frames/video1/frame_00052.png,"[5, 141, 525, 360]",RIGHT_ELBOW,0.4634092938611897,1.337392119577443,0.9829311966896057,0.662555068731308,0.28507325798273087,0.31312448329492526
00052,/Users/nikko/Downloads/moi-main/project_root/data/temp_frames/video1/frame_00052.png,"[5, 141, 525, 360]",RIGHT_WRIST,0.5500931023479789,2.452580731045465,0.9027552008628845,0.662555068731308,0.28507325798273087,0.31312448329492526
00052,/Users/nikko/Downloads/moi-main/project_root/data/temp_frames/video1/frame_00052.png,"[5, 141, 525, 360]",RIGHT_KNEE,-1.1994081861752603,0.8671046525075392,0.9252749085426331,0.662555068731308,0.28507325798273087,0.31312448329492526
00052,/Users/nikko/Downloads/moi-main/project_root/data/temp_frames/video1/frame_00052.png,"[5, 141, 525, 360]",RIGHT_ANKLE,-1.8772302556123592,1.3014027518797242,0.9834036231040955,0.662555068731308,0.28507325798273087,0.31312448329492526
00052,/Users/nikko/Downloads/moi-main/project_root/data/temp_frames/video1/frame_00052.png,"[5, 141, 525, 360]",LEFT_EYE,0.881816982863025,0.18215150015523712,0.9979615211486816,0.662555068731308,0.28507325798273087,0.31312448329492526
00052,/Users/nikko/Downloads/moi-main/project_root/data/temp_frames/video1/frame_00052.png,"[5, 141, 525, 360]",RIGHT_EYE,0.89041186785119,0.16047897760916982,0.9990235567092896,0.662555068731308,0.28507325798273087,0.31312448329492526
00053,/Users/nikko/Downloads/moi-main/project_root/data/temp_frames/video1/frame_00053.png,"[5, 141, 526, 360]",LEFT_SHOULDER,0.35768203035568913,-0.37074115386440554,0.9979233145713806,0.6595644652843475,0.27940844371914864,0.3155837890838824
00053,/Users/nikko/Downloads/moi-main/project_root/data/temp_frames/video1/frame_00053.png,"[5, 141, 526, 360]",RIGHT_SHOULDER,0.5078653090694643,-0.031525094266492464,0.9987112283706665,0.6595644652843475,0.27940844371914864,0.3155837890838824
00053,/Users/nikko/Downloads/moi-main/project_root/data/temp_frames/video1/frame_00053.png,"[5, 141, 526, 360]",LEFT_HIP,-0.4524265534294027,0.0859738586364772,0.9858912825584412,0.6595644652843475,0.27940844371914864,0.3155837890838824
00053,/Users/nikko/Downloads/moi-main/project_root/data/temp_frames/video1/frame_00053.png,"[5, 141, 526, 360]",RIGHT_HIP,-0.4131207859957507,0.3162923894944208,0.9933601021766663,0.6595644652843475,0.27940844371914864,0.3155837890838824
00053,/Users/nikko/Downloads/moi-main/project_root/data/temp_frames/video1/frame_00053.png,"[5, 141, 526, 360]",RIGHT_ELBOW,0.4789261075081717,1.3506455052821327,0.9793081879615784,0.6595644652843475,0.27940844371914864,0.3155837890838824
00053,/Users/nikko/Downloads/moi-main/project_root/data/temp_frames/video1/frame_00053.png,"[5, 141, 526, 360]",RIGHT_WRIST,0.5633467495690946,2.4731747752885824,0.8820481896400452,0.6595644652843475,0.27940844371914864,0.3155837890838824
00053,/Users/nikko/Downloads/moi-main/project_root/data/temp_frames/video1/frame_00053.png,"[5, 141, 526, 360]",RIGHT_KNEE,-1.1857175941109708,0.8813250965809534,0.9031020402908325,0.6595644652843475,0.27940844371914864,0.3155837890838824
00053,/Users/nikko/Downloads/moi-main/project_root/data/temp_frames/video1/frame_00053.png,"[5, 141, 526, 360]",RIGHT_ANKLE,-1.8555700093157013,1.324471564910871,0.9758235812187195,0.6595644652843475,0.27940844371914864,0.3155837890838824
00053,/Users/nikko/Downloads/moi-main/project_root/data/temp_frames/video1/frame_00053.png,"[5, 141, 526, 360]",LEFT_EYE,0.8771097424141496,0.16388930921200756,0.9989181756973267,0.6595644652843475,0.27940844371914864,0.3155837890838824
00053,/Users/nikko/Downloads/moi-main/project_root/data/temp_frames/video1/frame_00053.png,"[5, 141, 526, 360]",RIGHT_EYE,0.8860624195310574,0.1355625220628914,0.9994869232177734,0.6595644652843475,0.27940844371914864,0.3155837890838824
00054,/Users/nikko/Downloads/moi-main/project_root/data/temp_frames/video1/frame_00054.png,"[8, 138, 528, 359]",LEFT_SHOULDER,0.3616884239187769,-0.3442905033264741,0.9984377026557922,0.6527754664421082,0.2884155847132206,0.3105180031943414
00054,/Users/nikko/Downloads/moi-main/project_root/data/temp_frames/video1/frame_00054.png,"[8, 138, 528, 359]",RIGHT_SHOULDER,0.5151339404924418,-0.05713778118114419,0.998505711555481,0.6527754664421082,0.2884155847132206,0.3105180031943414
00054,/Users/nikko/Downloads/moi-main/project_root/data/temp_frames/video1/frame_00054.png,"[8, 138, 528, 359]",LEFT_HIP,-0.4547630227502729,0.09589004718862579,0.9858965277671814,0.6527754664421082,0.2884155847132206,0.3105180031943414
00054,/Users/nikko/Downloads/moi-main/project_root/data/temp_frames/video1/frame_00054.png,"[8, 138, 528, 359]",RIGHT_HIP,-0.4220593416609458,0.3055382373189925,0.9924627542495728,0.6527754664421082,0.2884155847132206,0.3105180031943414
00054,/Users/nikko/Downloads/moi-main/project_root/data/temp_frames/video1/frame_00054.png,"[8, 138, 528, 359]",RIGHT_ELBOW,0.5119131728577215,1.3882102478041098,0.9700644612312317,0.6527754664421082,0.2884155847132206,0.3105180031943414
00054,/Users/nikko/Downloads/moi-main/project_root/data/temp_frames/video1/frame_00054.png,"[8, 138, 528, 359]",RIGHT_WRIST,0.5901650231630402,2.4908662202466196,0.8557937145233154,0.6527754664421082,0.2884155847132206,0.3105180031943414
00054,/Users/nikko/Downloads/moi-main/project_root/data/temp_frames/video1/frame_00054.png,"[8, 138, 528, 359]",RIGHT_KNEE,-1.2032035622252606,0.887379632915171,0.836673378944397,0.6527754664421082,0.2884155847132206,0.3105180031943414
00054,/Users/nikko/Downloads/moi-main/project_root/data/temp_frames/video1/frame_00054.png,"[8, 138, 528, 359]",RIGHT_ANKLE,-1.8772139496975353,1.3328492850810838,0.9605981707572937,0.6527754664421082,0.2884155847132206,0.3105180031943414
00054,/Users/nikko/Downloads/moi-main/project_root/data/temp_frames/video1/frame_00054.png,"[8, 138, 528, 359]",LEFT_EYE,0.901650050696314,0.14953821954246363,0.9989897608757019,0.6527754664421082,0.2884155847132206,0.3105180031943414
00054,/Users/nikko/Downloads/moi-main/project_root/data/temp_frames/video1/frame_00054.png,"[8, 138, 528, 359]",RIGHT_EYE,0.9111584078562083,0.11286141378019676,0.9994972944259644,0.6527754664421082,0.2884155847132206,0.3105180031943414
00055,/Users/nikko/Downloads/moi-main/project_root/data/temp_frames/video1/frame_00055.png,"[5, 141, 525, 360]",LEFT_SHOULDER,0.3573807612861421,-0.3705355765574537,0.9980595707893372,0.6607232093811035,0.27962320670485497,0.31487456644718953
00055,/Users/nikko/Downloads/moi-main/project_root/data/temp_frames/video1/frame_00055.png,"[5, 141, 525, 360]",RIGHT_SHOULDER,0.5085676895193683,-0.03385045666063553,0.9985461235046387,0.6607232093811035,0.27962320670485497,0.31487456644718953
00055,/Users/nikko/Downloads/moi-main/project_root/data/temp_frames/video1/frame_00055.png,"[5, 141, 525, 360]",LEFT_HIP,-0.45265670474600256,0.0904016657667746,0.9832888245582581,0.6607232093811035,0.27962320670485497,0.31487456644718953
00055,/Users/nikko/Downloads/moi-main/project_root/data/temp_frames/video1/frame_00055.png,"[5, 141, 525, 360]",RIGHT_HIP,-0.41329174605950775,0.31398436745131464,0.9918324947357178,0.6607232093811035,0.27962320670485497,0.31487456644718953
00055,/Users/nikko/Downloads/moi-main/project_root/data/temp_frames/video1/frame_00055.png,"[5, 141, 525, 360]",RIGHT_ELBOW,0.48369791893437497,1.3659921319896555,0.9791947603225708,0.6607232093811035,0.27962320670485497,0.31487456644718953
00055,/Users/nikko/Downloads/moi-main/project_root/data/temp_frames/video1/frame_00055.png,"[5, 141, 525, 360]",RIGHT_WRIST,0.5572371377291099,2.453370699640254,0.900460958480835,0.6607232093811035,0.27962320670485497,0.31487456644718953
00055,/Users/nikko/Downloads/moi-main/project_root/data/temp_frames/video1/frame_00055.png,"[5, 141, 525, 360]",RIGHT_KNEE,-1.1875996921636047,0.8810840407052284,0.8704962134361267,0.6607232093811035,0.27962320670485497,0.31487456644718953
00055,/Users/nikko/Downloads/moi-main/project_root/data/temp_frames/video1/frame_00055.png,"[5, 141, 525, 360]",RIGHT_ANKLE,-1.8559120248545944,1.3165677694467357,0.9672557711601257,0.6607232093811035,0.27962320670485497,0.31487456644718953
00055,/Users/nikko/Downloads/moi-main/project_root/data/temp_frames/video1/frame_00055.png,"[5, 141, 525, 360]",LEFT_EYE,0.8806530008058321,0.1629176424782611,0.9987555742263794,0.6607232093811035,0.27962320670485497,0.31487456644718953
00055,/Users/nikko/Downloads/moi-main/project_root/data/temp_frames/video1/frame_00055.png,"[5, 141, 525, 360]",RIGHT_EYE,0.8896256536124136,0.13302460604512753,0.9993929862976074,0.6607232093811035,0.27962320670485497,0.31487456644718953
00056,/Users/nikko/Downloads/moi-main/project_root/data/temp_frames/video1/frame_00056.png,"[5, 141, 525, 360]",LEFT_SHOULDER,0.3576701860672856,-0.370720600477059,0.9980620741844177,0.6608255058526993,0.27973854914307594,0.3145840675415714
00056,/Users/nikko/Downloads/moi-main/project_root/data/temp_frames/video1/frame_00056.png,"[5, 141, 525, 360]",RIGHT_SHOULDER,0.5087462450391721,-0.03365683674011888,0.9985585808753967,0.6608255058526993,0.27973854914307594,0.3145840675415714
00056,/Users/nikko/Downloads/moi-main/project_root/data/temp_frames/video1/frame_00056.png,"[5, 141, 525, 360]",LEFT_HIP,-0.45283905028199334,0.09204807098109606,0.983749508857727,0.6608255058526993,0.27973854914307594,0.3145840675415714
00056,/Users/nikko/Downloads/moi-main/project_root/data/temp_frames/video1/frame_00056.png,"[5, 141, 525, 360]",RIGHT_HIP,-0.41357738082446444,0.3123293662360818,0.9919943809509277,0.6608255058526993,0.27973854914307594,0.3145840675415714
00056,/Users/nikko/Downloads/moi-main/project_root/data/temp_frames/video1/frame_00056.png,"[5, 141, 525, 360]",RIGHT_ELBOW,0.4840412747959115,1.3674312415071292,0.9793581366539001,0.6608255058526993,0.27973854914307594,0.3145840675415714
00056,/Users/nikko/Downloads/moi-main/project_root/data/temp_frames/video1/frame_00056.png,"[5, 141, 525, 360]",RIGHT_WRIST,0.5594101064321341,2.459478120940594,0.9018060564994812,0.6608255058526993,0.27973854914307594,0.3145840675415714
00056,/Users/nikko/Downloads/moi-main/project_root/data/temp_frames/video1/frame_00056.png,"[5, 141, 525, 360]",RIGHT_KNEE,-1.1880123282614847,0.88290203080697,0.8704050779342651,0.6608255058526993,0.27973854914307594,0.3145840675415714
00056,/Users/nikko/Downloads/moi-main/project_root/data/temp_frames/video1/frame_00056.png,"[5, 141, 525, 360]",RIGHT_ANKLE,-1.8580407157247116,1.3200154862034863,0.9667496085166931,0.6608255058526993,0.27973854914307594,0.3145840675415714
00056,/Users/nikko/Downloads/moi-main/project_root/data/temp_frames/video1/frame_00056.png,"[5, 141, 525, 360]",LEFT_EYE,0.8807717697218563,0.163389690639924,0.9987467527389526,0.6608255058526993,0.27973854914307594,0.3145840675415714
00056,/Users/nikko/Downloads/moi-main/project_root/data/temp_frames/video1/frame_00056.png,"[5, 141, 525, 360]",RIGHT_EYE,0.8898694225238596,0.13229925417901278,0.9993877410888672,0.6608255058526993,0.27973854914307594,0.3145840675415714
00057,/Users/nikko/Downloads/moi-main/project_root/data/temp_frames/video1/frame_00057.png,"[5, 141, 525, 360]",LEFT_SHOULDER,0.3572409472069223,-0.3715319854472896,0.9980214834213257,0.6608193218708038,0.2793920375406742,0.3146546782876233
00057,/Users/nikko/Downloads/moi-main/project_root/data/temp_frames/video1/frame_00057.png,"[5, 141, 525, 360]",RIGHT_SHOULDER,0.5082834824949963,-0.03270744412405823,0.9986502528190613,0.6608193218708038,0.2793920375406742,0.3146546782876233
00057,/Users/nikko/Downloads/moi-main/project_root/data/temp_frames/video1/frame_00057.png,"[5, 141, 525, 360]",LEFT_HIP,-0.45296024555689834,0.09001122975846013,0.9841519594192505,0.6608193218708038,0.2793920375406742,0.3146546782876233
00057,/Users/nikko/Downloads/moi-main/project_root/data/temp_frames/video1/frame_00057.png,"[5, 141, 525, 360]",RIGHT_HIP,-0.41256418414502016,0.3142281998128877,0.9923896193504333,0.6608193218708038,0.2793920375406742,0.3146546782876233
00057,/Users/nikko/Downloads/moi-main/project_root/data/temp_frames/video1/frame_00057.png,"[5, 141, 525, 360]",RIGHT_ELBOW,0.48227737665283527,1.3683904273195298,0.9801504611968994,0.6608193218708038,0.2793920375406742,0.3146546782876233
00057,/Users/nikko/Downloads/moi-main/project_root/data/temp_frames/video1/frame_00057.png,"[5, 141, 525, 360]",RIGHT_WRIST,0.5589380582737281,2.4600009206269373,0.9056296348571777,0.6608193218708038,0.2793920375406742,0.3146546782876233
00057,/Users/nikko/Downloads/moi-main/project_root/data/temp_frames/video1/frame_00057.png,"[5, 141, 525, 360]",RIGHT_KNEE,-1.18713581660962,0.887178682142472,0.875472903251648,0.6608193218708038,0.2793920375406742,0.3146546782876233
00057,/Users/nikko/Downloads/moi-main/project_root/data/temp_frames/video1/frame_00057.png,"[5, 141, 525, 360]",RIGHT_ANKLE,-1.8587297616627843,1.324584837699933,0.9673318266868591,0.6608193218708038,0.2793920375406742,0.3146546782876233
00057,/Users/nikko/Downloads/moi-main/project_root/data/temp_frames/video1/frame_00057.png,"[5, 141, 525, 360]",LEFT_EYE,0.8805627051944601,0.16614065842871417,0.9988031387329102,0.6608193218708038,0.2793920375406742,0.3146546782876233
00057,/Users/nikko/Downloads/moi-main/project_root/data/temp_frames/video1/frame_00057.png,"[5, 141, 525, 360]",RIGHT_EYE,0.8897350350653385,0.13424748565841954,0.9994276165962219,0.6608193218708038,0.2793920375406742,0.3146546782876233
00058,/Users/nikko/Downloads/moi-main/project_root/data/temp_frames/video1/frame_00058.png,"[5, 141, 526, 360]",LEFT_SHOULDER,0.3602538734541296,-0.3664768256210156,0.9976882934570312,0.6574785113334656,0.27868834137916565,0.3196913900856411
00058,/Users/nikko/Downloads/moi-main/project_root/data/temp_frames/video1/frame_00058.png,"[5, 141, 526, 360]",RIGHT_SHOULDER,0.5044773201341219,-0.04411039625440043,0.9982913136482239,0.6574785113334656,0.27868834137916565,0.3196913900856411
00058,/Users/nikko/Downloads/moi-main/project_root/data/temp_frames/video1/frame_00058.png,"[5, 141, 526, 360]",LEFT_HIP,-0.44887719925616554,0.08861614769560258,0.9819765090942383,0.6574785113334656,0.27868834137916565,0.3196913900856411
00058,/Users/nikko/Downloads/moi-main/project_root/data/temp_frames/video1/frame_00058.png,"[5, 141, 526, 360]",RIGHT_HIP,-0.4158539943320861,0.3219710741798134,0.9911038875579834,0.6574785113334656,0.27868834137916565,0.3196913900856411
00058,/Users/nikko/Downloads/moi-main/project_root/data/temp_frames/video1/frame_00058.png,"[5, 141, 526, 360]",RIGHT_ELBOW,0.48160433059541075,1.353571335134939,0.9775017499923706,0.6574785113334656,0.27868834137916565,0.3196913900856411
00058,/Users/nikko/Downloads/moi-main/project_root/data/temp_frames/video1/frame_00058.png,"[5, 141, 526, 360]",RIGHT_WRIST,0.5572610130696936,2.428958138555512,0.8819954991340637,0.6574785113334656,0.27868834137916565,0.3196913900856411
00058,/Users/nikko/Downloads/moi-main/project_root/data/temp_frames/video1/frame_00058.png,"[5, 141, 526, 360]",RIGHT_KNEE,-1.1592038742436095,0.8514439592471972,0.8462700843811035,0.6574785113334656,0.27868834137916565,0.3196913900856411
00058,/Users/nikko/Downloads/moi-main/project_root/data/temp_frames/video1/frame_00058.png,"[5, 141, 526, 360]",RIGHT_ANKLE,-1.8234962107026582,1.3050450983137827,0.9552826285362244,0.6574785113334656,0.27868834137916565,0.3196913900856411
00058,/Users/nikko/Downloads/moi-main/project_root/data/temp_frames/video1/frame_00058.png,"[5, 141, 526, 360]",LEFT_EYE,0.8800280180641529,0.16244912502501335,0.9989301562309265,0.6574785113334656,0.27868834137916565,0.3196913900856411
00058,/Users/nikko/Downloads/moi-main/project_root/data/temp_frames/video1/frame_00058.png,"[5, 141, 526, 360]",RIGHT_EYE,0.8879796819933711,0.12693194761507984,0.9994844198226929,0.6574785113334656,0.27868834137916565,0.3196913900856411
00059,/Users/nikko/Downloads/moi-main/project_root/data/temp_frames/video1/frame_00059.png,"[5, 141, 525, 360]",LEFT_SHOULDER,0.35831246008128315,-0.3698819924035948,0.9980838298797607,0.6608955264091492,0.27982841432094574,0.3147105632966149
00059,/Users/nikko/Downloads/moi-main/project_root/data/temp_frames/video1/frame_00059.png,"[5, 141, 525, 360]",RIGHT_SHOULDER,0.5083857437412905,-0.035232463867752466,0.9985532164573669,0.6608955264091492,0.27982841432094574,0.3147105632966149
00059,/Users/nikko/Downloads/moi-main/project_root/data/temp_frames/video1/frame_00059.png,"[5, 141, 525, 360]",LEFT_HIP,-0.4527056619247905,0.09287827763059553,0.9836052060127258,0.6608955264091492,0.27982841432094574,0.3147105632966149
00059,/Users/nikko/Downloads/moi-main/project_root/data/temp_frames/video1/frame_00059.png,"[5, 141, 525, 360]",RIGHT_HIP,-0.4139925418977832,0.31223617864075176,0.9919092059135437,0.6608955264091492,0.27982841432094574,0.3147105632966149
00059,/Users/nikko/Downloads/moi-main/project_root/data/temp_frames/video1/frame_00059.png,"[5, 141, 525, 360]",RIGHT_ELBOW,0.4830658889920167,1.368146072891405,0.9790254235267639,0.6608955264091492,0.27982841432094574,0.3147105632966149
00059,/Users/nikko/Downloads/moi-main/project_root/data/temp_frames/video1/frame_00059.png,"[5, 141, 525, 360]",RIGHT_WRIST,0.5589415512018546,2.4590399919616734,0.8995538949966431,0.6608955264091492,0.27982841432094574,0.3147105632966149
00059,/Users/nikko/Downloads/moi-main/project_root/data/temp_frames/video1/frame_00059.png,"[5, 141, 525, 360]",RIGHT_KNEE,-1.1876331582602786,0.8822038402180017,0.8731825351715088,0.6608955264091492,0.27982841432094574,0.3147105632966149
00059,/Users/nikko/Downloads/moi-main/project_root/data/temp_frames/video1/frame_00059.png,"[5, 141, 525, 360]",RIGHT_ANKLE,-1.8599788962490416,1.3202452062174135,0.9669891595840454,0.6608955264091492,0.27982841432094574,0.3147105632966149
00059,/Users/nikko/Downloads/moi-main/project_root/data/temp_frames/video1/frame_00059.png,"[5, 141, 525, 360]",LEFT_EYE,0.8802134395573306,0.16274339102232277,0.9987239241600037,0.6608955264091492,0.27982841432094574,0.3147105632966149
00059,/Users/nikko/Downloads/moi-main/project_root/data/temp_frames/video1/frame_00059.png,"[5, 141, 525, 360]",RIGHT_EYE,0.8894691790522516,0.13206791577852003,0.999373733997345,0.6608955264091492,0.27982841432094574,0.3147105632966149
00060,/Users/nikko/Downloads/moi-main/project_root/data/temp_frames/video1/frame_00060.png,"[5, 141, 526, 360]",LEFT_SHOULDER,0.360493338502781,-0.36735091078233884,0.9976669549942017,0.6575153023004532,0.27938187494874,0.31976750880063753
00060,/Users/nikko/Downloads/moi-main/project_root/data/temp_frames/video1/frame_00060.png,"[5, 141, 526, 360]",RIGHT_SHOULDER,0.5046571032745185,-0.04265838374849405,0.998299777507782,0.6575153023004532,0.27938187494874,0.31976750880063753
00060,/Users/nikko/Downloads/moi-main/project_root/data/temp_frames/video1/frame_00060.png,"[5, 141, 526, 360]",LEFT_HIP,-0.44898699009427573,0.08993702788466187,0.9831017851829529,0.6575153023004532,0.27938187494874,0.31976750880063753
00060,/Users/nikko/Downloads/moi-main/project_root/data/temp_frames/video1/frame_00060.png,"[5, 141, 526, 360]",RIGHT_HIP,-0.41616345168302377,0.320072266646171,0.9917347431182861,0.6575153023004532,0.27938187494874,0.31976750880063753
00060,/Users/nikko/Downloads/moi-main/project_root/data/temp_frames/video1/frame_00060.png,"[5, 141, 526, 360]",RIGHT_ELBOW,0.48150045220366783,1.3527943913865321,0.9771148562431335,0.6575153023004532,0.27938187494874,0.31976750880063753
00060,/Users/nikko/Downloads/moi-main/project_root/data/temp_frames/video1/frame_00060.png,"[5, 141, 526, 360]",RIGHT_WRIST,0.5588129965340165,2.432939736717302,0.8777119517326355,0.6575153023004532,0.27938187494874,0.31976750880063753
00060,/Users/nikko/Downloads/moi-main/project_root/data/temp_frames/video1/frame_00060.png,"[5, 141, 526, 360]",RIGHT_KNEE,-1.1596372311713505,0.848894398072386,0.8496893048286438,0.6575153023004532,0.27938187494874,0.31976750880063753
00060,/Users/nikko/Downloads/moi-main/project_root/data/temp_frames/video1/frame_00060.png,"[5, 141, 526, 360]",RIGHT_ANKLE,-1.8225349994622257,1.3017942491282295,0.9573256373405457,0.6575153023004532,0.27938187494874,0.31976750880063753
00060,/Users/nikko/Downloads/moi-main/project_root/data/temp_frames/video1/frame_00060.png,"[5, 141, 526, 360]",LEFT_EYE,0.8798732877174748,0.16213130943495602,0.9988613128662109,0.6575153023004532,0.27938187494874,0.31976750880063753
00060,/Users/nikko/Downloads/moi-main/project_root/data/temp_frames/video1/frame_00060.png,"[5, 141, 526, 360]",RIGHT_EYE,0.8879800075516737,0.12483091044064376,0.9994537234306335,0.6575153023004532,0.27938187494874,0.31976750880063753
