frame_id,image_path,bbox,landmark,x_norm,y_norm,visibility,center_x,center_y,unit_length
00000,/Users/nikko/Downloads/moi-main/project_root/data/temp_frames/video10/frame_00000.png,"[671, 152, 2014, 1359]",LEFT_SHOULDER,0.6133760520252903,-0.26018837248909893,0.9995290040969849,0.5508608818054199,0.5088633149862289,0.45323036638314534
00000,/Users/nikko/Downloads/moi-main/project_root/data/temp_frames/video10/frame_00000.png,"[671, 152, 2014, 1359]",RIGHT_SHOULDER,-0.042515043566141796,-0.40769972136329274,0.999688982963562,0.5508608818054199,0.5088633149862289,0.45323036638314534
00000,/Users/nikko/Downloads/moi-main/project_root/data/temp_frames/video10/frame_00000.png,"[671, 152, 2014, 1359]",LEFT_HIP,-0.10910575180168547,0.385000513482345,0.9997369647026062,0.5508608818054199,0.5088633149862289,0.45323036638314534
00000,/Users/nikko/Downloads/moi-main/project_root/data/temp_frames/video10/frame_00000.png,"[671, 152, 2014, 1359]",RIGHT_HIP,-0.46175525665746314,0.2828875803700467,0.9998440742492676,0.5508608818054199,0.5088633149862289,0.45323036638314534
00000,/Users/nikko/Downloads/moi-main/project_root/data/temp_frames/video10/frame_00000.png,"[671, 152, 2014, 1359]",RIGHT_ELBOW,-0.28513914226379583,0.3431175103619406,0.9944830536842346,0.5508608818054199,0.5088633149862289,0.45323036638314534
00000,/Users/nikko/Downloads/moi-main/project_root/data/temp_frames/video10/frame_00000.png,"[671, 152, 2014, 1359]",RIGHT_WRIST,-0.266289976011892,0.9763994171496425,0.9979363679885864,0.5508608818054199,0.5088633149862289,0.45323036638314534
00000,/Users/nikko/Downloads/moi-main/project_root/data/temp_frames/video10/frame_00000.png,"[671, 152, 2014, 1359]",RIGHT_KNEE,-0.8537490162389848,0.5925574143407499,0.6735836863517761,0.5508608818054199,0.5088633149862289,0.45323036638314534
00000,/Users/nikko/Downloads/moi-main/project_root/data/temp_frames/video10/frame_00000.png,"[671, 152, 2014, 1359]",RIGHT_ANKLE,-1.0711794284519267,0.6825875384574146,0.8328314423561096,0.5508608818054199,0.5088633149862289,0.45323036638314534
00000,/Users/nikko/Downloads/moi-main/project_root/data/temp_frames/video10/frame_00000.png,"[671, 152, 2014, 1359]",LEFT_EYE,0.8130858406579973,-0.6508400982090645,0.9676640629768372,0.5508608818054199,0.5088633149862289,0.45323036638314534
00000,/Users/nikko/Downloads/moi-main/project_root/data/temp_frames/video10/frame_00000.png,"[671, 152, 2014, 1359]",RIGHT_EYE,0.7325786696742365,-0.6623959438118413,0.990257978439331,0.5508608818054199,0.5088633149862289,0.45323036638314534
00001,/Users/nikko/Downloads/moi-main/project_root/data/temp_frames/video10/frame_00001.png,"[669, 158, 2015, 1360]",LEFT_SHOULDER,0.6283129241476816,-0.2349913051111364,0.9997040629386902,0.5545568466186523,0.5126749128103256,0.4402097149212174
00001,/Users/nikko/Downloads/moi-main/project_root/data/temp_frames/video10/frame_00001.png,"[669, 158, 2015, 1360]",RIGHT_SHOULDER,-0.06448776940516841,-0.42021819686696427,0.9996628761291504,0.5545568466186523,0.5126749128103256,0.4402097149212174
00001,/Users/nikko/Downloads/moi-main/project_root/data/temp_frames/video10/frame_00001.png,"[669, 158, 2015, 1360]",LEFT_HIP,-0.11450893608468646,0.3903112582417399,0.9998371601104736,0.5545568466186523,0.5126749128103256,0.4402097149212174
00001,/Users/nikko/Downloads/moi-main/project_root/data/temp_frames/video10/frame_00001.png,"[669, 158, 2015, 1360]",RIGHT_HIP,-0.4493162186578268,0.26489824373636073,0.9998985528945923,0.5545568466186523,0.5126749128103256,0.4402097149212174
00001,/Users/nikko/Downloads/moi-main/project_root/data/temp_frames/video10/frame_00001.png,"[669, 158, 2015, 1360]",RIGHT_ELBOW,-0.30085457502115026,0.31811107256921617,0.9924898743629456,0.5545568466186523,0.5126749128103256,0.4402097149212174
00001,/Users/nikko/Downloads/moi-main/project_root/data/temp_frames/video10/frame_00001.png,"[669, 158, 2015, 1360]",RIGHT_WRIST,-0.29756542445993894,0.9703835331592666,0.9965728521347046,0.5545568466186523,0.5126749128103256,0.4402097149212174
00001,/Users/nikko/Downloads/moi-main/project_root/data/temp_frames/video10/frame_00001.png,"[669, 158, 2015, 1360]",RIGHT_KNEE,-0.8801071687592791,0.5749612081837475,0.6072317361831665,0.5545568466186523,0.5126749128103256,0.4402097149212174
00001,/Users/nikko/Downloads/moi-main/project_root/data/temp_frames/video10/frame_00001.png,"[669, 158, 2015, 1360]",RIGHT_ANKLE,-1.101186658040893,0.6788371377818572,0.7897378206253052,0.5545568466186523,0.5126749128103256,0.4402097149212174
00001,/Users/nikko/Downloads/moi-main/project_root/data/temp_frames/video10/frame_00001.png,"[669, 158, 2015, 1360]",LEFT_EYE,0.8339259959956014,-0.6780911145106306,0.9693450331687927,0.5545568466186523,0.5126749128103256,0.4402097149212174
00001,/Users/nikko/Downloads/moi-main/project_root/data/temp_frames/video10/frame_00001.png,"[669, 158, 2015, 1360]",RIGHT_EYE,0.7423647479198928,-0.6908876527990334,0.9898005127906799,0.5545568466186523,0.5126749128103256,0.4402097149212174
00002,/Users/nikko/Downloads/moi-main/project_root/data/temp_frames/video10/frame_00002.png,"[670, 167, 2014, 1360]",LEFT_SHOULDER,0.6343787846838619,-0.21242486279208217,0.9997493624687195,0.5567477345466614,0.5119179785251617,0.440910790704268
00002,/Users/nikko/Downloads/moi-main/project_root/data/temp_frames/video10/frame_00002.png,"[670, 167, 2014, 1360]",RIGHT_SHOULDER,-0.06776743010907821,-0.4308793942313532,0.9996297359466553,0.5567477345466614,0.5119179785251617,0.440910790704268
00002,/Users/nikko/Downloads/moi-main/project_root/data/temp_frames/video10/frame_00002.png,"[670, 167, 2014, 1360]",LEFT_HIP,-0.11633368505119213,0.38546342925448296,0.9998526573181152,0.5567477345466614,0.5119179785251617,0.440910790704268
00002,/Users/nikko/Downloads/moi-main/project_root/data/temp_frames/video10/frame_00002.png,"[670, 167, 2014, 1360]",RIGHT_HIP,-0.45027766952359155,0.2578408277689524,0.9999005794525146,0.5567477345466614,0.5119179785251617,0.440910790704268
00002,/Users/nikko/Downloads/moi-main/project_root/data/temp_frames/video10/frame_00002.png,"[670, 167, 2014, 1360]",LEFT_ELBOW,0.5719653672369793,0.3029287656854813,0.5884191989898682,0.5567477345466614,0.5119179785251617,0.440910790704268
00002,/Users/nikko/Downloads/moi-main/project_root/data/temp_frames/video10/frame_00002.png,"[670, 167, 2014, 1360]",RIGHT_ELBOW,-0.321369726480375,0.3175025490224505,0.9928304553031921,0.5567477345466614,0.5119179785251617,0.440910790704268
00002,/Users/nikko/Downloads/moi-main/project_root/data/temp_frames/video10/frame_00002.png,"[670, 167, 2014, 1360]",RIGHT_WRIST,-0.30121955071023904,0.982573256917378,0.9951689839363098,0.5567477345466614,0.5119179785251617,0.440910790704268
00002,/Users/nikko/Downloads/moi-main/project_root/data/temp_frames/video10/frame_00002.png,"[670, 167, 2014, 1360]",RIGHT_KNEE,-0.9093436997255362,0.595864162982279,0.6311308145523071,0.5567477345466614,0.5119179785251617,0.440910790704268
00002,/Users/nikko/Downloads/moi-main/project_root/data/temp_frames/video10/frame_00002.png,"[670, 167, 2014, 1360]",RIGHT_ANKLE,-1.110601515605183,0.6710008125899459,0.7650856971740723,0.5567477345466614,0.5119179785251617,0.440910790704268
00002,/Users/nikko/Downloads/moi-main/project_root/data/temp_frames/video10/frame_00002.png,"[670, 167, 2014, 1360]",LEFT_EYE,0.8368782096859917,-0.6744095092009108,0.9796277284622192,0.5567477345466614,0.5119179785251617,0.440910790704268
00002,/Users/nikko/Downloads/moi-main/project_root/data/temp_frames/video10/frame_00002.png,"[670, 167, 2014, 1360]",RIGHT_EYE,0.7389870400603109,-0.6929934284200001,0.992965817451477,0.5567477345466614,0.5119179785251617,0.440910790704268
00003,/Users/nikko/Downloads/moi-main/project_root/data/temp_frames/video10/frame_00003.png,"[671, 166, 2014, 1361]",LEFT_SHOULDER,0.6357566513402076,-0.2162824712870742,0.9997676014900208,0.5608780980110168,0.5101816803216934,0.43557006116592006
00003,/Users/nikko/Downloads/moi-main/project_root/data/temp_frames/video10/frame_00003.png,"[671, 166, 2014, 1361]",RIGHT_SHOULDER,-0.08287571947612522,-0.426192137241934,0.9996546506881714,0.5608780980110168,0.5101816803216934,0.43557006116592006
00003,/Users/nikko/Downloads/moi-main/project_root/data/temp_frames/video10/frame_00003.png,"[671, 166, 2014, 1361]",LEFT_HIP,-0.10338449295155873,0.39229814966161836,0.9997437596321106,0.5608780980110168,0.5101816803216934,0.43557006116592006
00003,/Users/nikko/Downloads/moi-main/project_root/data/temp_frames/video10/frame_00003.png,"[671, 166, 2014, 1361]",RIGHT_HIP,-0.4494964389125237,0.2501764588673898,0.9998345375061035,0.5608780980110168,0.5101816803216934,0.43557006116592006
00003,/Users/nikko/Downloads/moi-main/project_root/data/temp_frames/video10/frame_00003.png,"[671, 166, 2014, 1361]",LEFT_ELBOW,0.5694724421631325,0.3123395090344753,0.5997797846794128,0.5608780980110168,0.5101816803216934,0.43557006116592006
00003,/Users/nikko/Downloads/moi-main/project_root/data/temp_frames/video10/frame_00003.png,"[671, 166, 2014, 1361]",RIGHT_ELBOW,-0.32755126717493954,0.3271532939815937,0.9936095476150513,0.5608780980110168,0.5101816803216934,0.43557006116592006
00003,/Users/nikko/Downloads/moi-main/project_root/data/temp_frames/video10/frame_00003.png,"[671, 166, 2014, 1361]",LEFT_WRIST,0.6568007540109885,0.9131155722126559,0.5499721169471741,0.5608780980110168,0.5101816803216934,0.43557006116592006
00003,/Users/nikko/Downloads/moi-main/project_root/data/temp_frames/video10/frame_00003.png,"[671, 166, 2014, 1361]",RIGHT_WRIST,-0.3180034000270945,1.000798991233806,0.995899498462677,0.5608780980110168,0.5101816803216934,0.43557006116592006
00003,/Users/nikko/Downloads/moi-main/project_root/data/temp_frames/video10/frame_00003.png,"[671, 166, 2014, 1361]",RIGHT_KNEE,-0.9222785346585037,0.599340137033222,0.5574411749839783,0.5608780980110168,0.5101816803216934,0.43557006116592006
00003,/Users/nikko/Downloads/moi-main/project_root/data/temp_frames/video10/frame_00003.png,"[671, 166, 2014, 1361]",RIGHT_ANKLE,-1.1319756494700421,0.6941310363910651,0.7285678386688232,0.5608780980110168,0.5101816803216934,0.43557006116592006
00003,/Users/nikko/Downloads/moi-main/project_root/data/temp_frames/video10/frame_00003.png,"[671, 166, 2014, 1361]",LEFT_EYE,0.8354642729441657,-0.6784211018866791,0.9667744636535645,0.5608780980110168,0.5101816803216934,0.43557006116592006
00003,/Users/nikko/Downloads/moi-main/project_root/data/temp_frames/video10/frame_00003.png,"[671, 166, 2014, 1361]",RIGHT_EYE,0.7405328359882598,-0.6877149202995645,0.9880369901657104,0.5608780980110168,0.5101816803216934,0.43557006116592006
00004,/Users/nikko/Downloads/moi-main/project_root/data/temp_frames/video10/frame_00004.png,"[643, 189, 2001, 1352]",LEFT_SHOULDER,0.6348082637881627,-0.22451365223979283,0.9997310042381287,0.560292087495327,0.5066807121038437,0.442004153474168
00004,/Users/nikko/Downloads/moi-main/project_root/data/temp_frames/video10/frame_00004.png,"[643, 189, 2001, 1352]",RIGHT_SHOULDER,-0.047685206221888085,-0.4253543353353087,0.9991436004638672,0.560292087495327,0.5066807121038437,0.442004153474168
00004,/Users/nikko/Downloads/moi-main/project_root/data/temp_frames/video10/frame_00004.png,"[643, 189, 2001, 1352]",LEFT_HIP,-0.14392395713228992,0.38510607032906896,0.9997499585151672,0.560292087495327,0.5066807121038437,0.442004153474168
00004,/Users/nikko/Downloads/moi-main/project_root/data/temp_frames/video10/frame_00004.png,"[643, 189, 2001, 1352]",RIGHT_HIP,-0.44319910043398464,0.26476191724603254,0.9997676014900208,0.560292087495327,0.5066807121038437,0.442004153474168
00004,/Users/nikko/Downloads/moi-main/project_root/data/temp_frames/video10/frame_00004.png,"[643, 189, 2001, 1352]",LEFT_ELBOW,0.5807999508266461,0.2854622000925399,0.5351589918136597,0.560292087495327,0.5066807121038437,0.442004153474168
00004,/Users/nikko/Downloads/moi-main/project_root/data/temp_frames/video10/frame_00004.png,"[643, 189, 2001, 1352]",RIGHT_ELBOW,-0.30077790454403946,0.3492828017810899,0.9835376143455505,0.560292087495327,0.5066807121038437,0.442004153474168
00004,/Users/nikko/Downloads/moi-main/project_root/data/temp_frames/video10/frame_00004.png,"[643, 189, 2001, 1352]",RIGHT_WRIST,-0.2779461688414564,1.0112696347943944,0.9808432459831238,0.560292087495327,0.5066807121038437,0.442004153474168
00004,/Users/nikko/Downloads/moi-main/project_root/data/temp_frames/video10/frame_00004.png,"[643, 189, 2001, 1352]",RIGHT_KNEE,-0.8495719621157216,0.6020186847004083,0.6465728878974915,0.560292087495327,0.5066807121038437,0.442004153474168
00004,/Users/nikko/Downloads/moi-main/project_root/data/temp_frames/video10/frame_00004.png,"[643, 189, 2001, 1352]",RIGHT_ANKLE,-1.0591715295085073,0.707943503923236,0.8041487336158752,0.560292087495327,0.5066807121038437,0.442004153474168
00004,/Users/nikko/Downloads/moi-main/project_root/data/temp_frames/video10/frame_00004.png,"[643, 189, 2001, 1352]",LEFT_EYE,0.839792509575608,-0.650314141679513,0.9731889963150024,0.560292087495327,0.5066807121038437,0.442004153474168
00004,/Users/nikko/Downloads/moi-main/project_root/data/temp_frames/video10/frame_00004.png,"[643, 189, 2001, 1352]",RIGHT_EYE,0.7600000359570025,-0.6595765759828687,0.9877302050590515,0.560292087495327,0.5066807121038437,0.442004153474168
00005,/Users/nikko/Downloads/moi-main/project_root/data/temp_frames/video10/frame_00005.png,"[644, 208, 2002, 1350]",LEFT_SHOULDER,0.6371184112146491,-0.21422908884804762,0.9998244643211365,0.5615281909704208,0.5164278447628021,0.44853151991394935
00005,/Users/nikko/Downloads/moi-main/project_root/data/temp_frames/video10/frame_00005.png,"[644, 208, 2002, 1350]",RIGHT_SHOULDER,-0.052507104865894313,-0.4282728647951084,0.9987190961837769,0.5615281909704208,0.5164278447628021,0.44853151991394935
00005,/Users/nikko/Downloads/moi-main/project_root/data/temp_frames/video10/frame_00005.png,"[644, 208, 2002, 1350]",LEFT_HIP,-0.13872743698207718,0.38649221415196705,0.9997703433036804,0.5615281909704208,0.5164278447628021,0.44853151991394935
00005,/Users/nikko/Downloads/moi-main/project_root/data/temp_frames/video10/frame_00005.png,"[644, 208, 2002, 1350]",RIGHT_HIP,-0.4458838693666776,0.25600973949118894,0.9997280240058899,0.5615281909704208,0.5164278447628021,0.44853151991394935
00005,/Users/nikko/Downloads/moi-main/project_root/data/temp_frames/video10/frame_00005.png,"[644, 208, 2002, 1350]",LEFT_ELBOW,0.5690495076500197,0.37234504590086914,0.7349344491958618,0.5615281909704208,0.5164278447628021,0.44853151991394935
00005,/Users/nikko/Downloads/moi-main/project_root/data/temp_frames/video10/frame_00005.png,"[644, 208, 2002, 1350]",RIGHT_ELBOW,-0.32514969049484915,0.33381644065962773,0.9793938398361206,0.5615281909704208,0.5164278447628021,0.44853151991394935
00005,/Users/nikko/Downloads/moi-main/project_root/data/temp_frames/video10/frame_00005.png,"[644, 208, 2002, 1350]",LEFT_WRIST,0.6504465881363947,0.9456733945481276,0.7637357711791992,0.5615281909704208,0.5164278447628021,0.44853151991394935
00005,/Users/nikko/Downloads/moi-main/project_root/data/temp_frames/video10/frame_00005.png,"[644, 208, 2002, 1350]",RIGHT_WRIST,-0.2674412332235766,0.9843239913584662,0.9703725576400757,0.5615281909704208,0.5164278447628021,0.44853151991394935
00005,/Users/nikko/Downloads/moi-main/project_root/data/temp_frames/video10/frame_00005.png,"[644, 208, 2002, 1350]",RIGHT_KNEE,-0.8124744148160175,0.5832853456990262,0.6911324858665466,0.5615281909704208,0.5164278447628021,0.44853151991394935
00005,/Users/nikko/Downloads/moi-main/project_root/data/temp_frames/video10/frame_00005.png,"[644, 208, 2002, 1350]",RIGHT_ANKLE,-1.0592333761497965,0.6486091731821318,0.8149482607841492,0.5615281909704208,0.5164278447628021,0.44853151991394935
00005,/Users/nikko/Downloads/moi-main/project_root/data/temp_frames/video10/frame_00005.png,"[644, 208, 2002, 1350]",LEFT_EYE,0.8308322523051528,-0.6562315200359885,0.9498720765113831,0.5615281909704208,0.5164278447628021,0.44853151991394935
00005,/Users/nikko/Downloads/moi-main/project_root/data/temp_frames/video10/frame_00005.png,"[644, 208, 2002, 1350]",RIGHT_EYE,0.7500933681605403,-0.6613578569285614,0.9698505401611328,0.5615281909704208,0.5164278447628021,0.44853151991394935
00006,/Users/nikko/Downloads/moi-main/project_root/data/temp_frames/video10/frame_00006.png,"[644, 208, 2002, 1350]",LEFT_SHOULDER,0.637512061645661,-0.21594466317617386,0.999803364276886,0.5627450570464134,0.5160793215036392,0.44599059740426483
00006,/Users/nikko/Downloads/moi-main/project_root/data/temp_frames/video10/frame_00006.png,"[644, 208, 2002, 1350]",RIGHT_SHOULDER,-0.054743927532862884,-0.42805092681792645,0.9986163377761841,0.5627450570464134,0.5160793215036392,0.44599059740426483
00006,/Users/nikko/Downloads/moi-main/project_root/data/temp_frames/video10/frame_00006.png,"[644, 208, 2002, 1350]",LEFT_HIP,-0.13790832639715225,0.38621025695239924,0.9997509121894836,0.5627450570464134,0.5160793215036392,0.44599059740426483
00006,/Users/nikko/Downloads/moi-main/project_root/data/temp_frames/video10/frame_00006.png,"[644, 208, 2002, 1350]",RIGHT_HIP,-0.44485980771564587,0.25778533304170104,0.9997095465660095,0.5627450570464134,0.5160793215036392,0.44599059740426483
00006,/Users/nikko/Downloads/moi-main/project_root/data/temp_frames/video10/frame_00006.png,"[644, 208, 2002, 1350]",LEFT_ELBOW,0.5695229777969615,0.3630109986328525,0.7308523654937744,0.5627450570464134,0.5160793215036392,0.44599059740426483
00006,/Users/nikko/Downloads/moi-main/project_root/data/temp_frames/video10/frame_00006.png,"[644, 208, 2002, 1350]",RIGHT_ELBOW,-0.32937150273491683,0.3380468175918738,0.9792642593383789,0.5627450570464134,0.5160793215036392,0.44599059740426483
00006,/Users/nikko/Downloads/moi-main/project_root/data/temp_frames/video10/frame_00006.png,"[644, 208, 2002, 1350]",LEFT_WRIST,0.6552363976415532,0.9522891062011248,0.7389310598373413,0.5627450570464134,0.5160793215036392,0.44599059740426483
00006,/Users/nikko/Downloads/moi-main/project_root/data/temp_frames/video10/frame_00006.png,"[644, 208, 2002, 1350]",RIGHT_WRIST,-0.2764367847072823,0.9944510598938763,0.9683778285980225,0.5627450570464134,0.5160793215036392,0.44599059740426483
00006,/Users/nikko/Downloads/moi-main/project_root/data/temp_frames/video10/frame_00006.png,"[644, 208, 2002, 1350]",RIGHT_KNEE,-0.8138340025751328,0.5862877556734729,0.7190394997596741,0.5627450570464134,0.5160793215036392,0.44599059740426483
00006,/Users/nikko/Downloads/moi-main/project_root/data/temp_frames/video10/frame_00006.png,"[644, 208, 2002, 1350]",RIGHT_ANKLE,-1.0660493078008546,0.6490125425361657,0.8371224403381348,0.5627450570464134,0.5160793215036392,0.44599059740426483
00006,/Users/nikko/Downloads/moi-main/project_root/data/temp_frames/video10/frame_00006.png,"[644, 208, 2002, 1350]",LEFT_EYE,0.8335387646915413,-0.6608044541861299,0.9517263174057007,0.5627450570464134,0.5160793215036392,0.44599059740426483
00006,/Users/nikko/Downloads/moi-main/project_root/data/temp_frames/video10/frame_00006.png,"[644, 208, 2002, 1350]",RIGHT_EYE,0.7529896749848851,-0.6661173981409843,0.9720665812492371,0.5627450570464134,0.5160793215036392,0.44599059740426483
00007,/Users/nikko/Downloads/moi-main/project_root/data/temp_frames/video10/frame_00007.png,"[649, 228, 2008, 1351]",LEFT_SHOULDER,0.6268397515791576,-0.23122289167030072,0.9997207522392273,0.5643237456679344,0.5133153945207596,0.4547044523682502
00007,/Users/nikko/Downloads/moi-main/project_root/data/temp_frames/video10/frame_00007.png,"[649, 228, 2008, 1351]",RIGHT_SHOULDER,-0.048578211033725574,-0.41864286105497195,0.9993425011634827,0.5643237456679344,0.5133153945207596,0.4547044523682502
00007,/Users/nikko/Downloads/moi-main/project_root/data/temp_frames/video10/frame_00007.png,"[649, 228, 2008, 1351]",LEFT_HIP,-0.12957982862829479,0.3985393039171424,0.9996970891952515,0.5643237456679344,0.5133153945207596,0.4547044523682502
00007,/Users/nikko/Downloads/moi-main/project_root/data/temp_frames/video10/frame_00007.png,"[649, 228, 2008, 1351]",RIGHT_HIP,-0.44868171191713724,0.25132644880813027,0.9997636675834656,0.5643237456679344,0.5133153945207596,0.4547044523682502
00007,/Users/nikko/Downloads/moi-main/project_root/data/temp_frames/video10/frame_00007.png,"[649, 228, 2008, 1351]",LEFT_ELBOW,0.5501837117959724,0.36578302499483806,0.5959089398384094,0.5643237456679344,0.5133153945207596,0.4547044523682502
00007,/Users/nikko/Downloads/moi-main/project_root/data/temp_frames/video10/frame_00007.png,"[649, 228, 2008, 1351]",RIGHT_ELBOW,-0.3485656998092356,0.302429557739693,0.9895076155662537,0.5643237456679344,0.5133153945207596,0.4547044523682502
00007,/Users/nikko/Downloads/moi-main/project_root/data/temp_frames/video10/frame_00007.png,"[649, 228, 2008, 1351]",LEFT_WRIST,0.6305833899826844,0.9426125671569329,0.6427952647209167,0.5643237456679344,0.5133153945207596,0.4547044523682502
00007,/Users/nikko/Downloads/moi-main/project_root/data/temp_frames/video10/frame_00007.png,"[649, 228, 2008, 1351]",RIGHT_WRIST,-0.2688972102150819,0.9481304324518681,0.9952104687690735,0.5643237456679344,0.5133153945207596,0.4547044523682502
00007,/Users/nikko/Downloads/moi-main/project_root/data/temp_frames/video10/frame_00007.png,"[649, 228, 2008, 1351]",RIGHT_KNEE,-0.8008337980475496,0.5948963431948647,0.5768986344337463,0.5643237456679344,0.5133153945207596,0.4547044523682502
00007,/Users/nikko/Downloads/moi-main/project_root/data/temp_frames/video10/frame_00007.png,"[649, 228, 2008, 1351]",RIGHT_ANKLE,-1.0538785334939735,0.6446162498982677,0.7425331473350525,0.5643237456679344,0.5133153945207596,0.4547044523682502
00007,/Users/nikko/Downloads/moi-main/project_root/data/temp_frames/video10/frame_00007.png,"[649, 228, 2008, 1351]",LEFT_EYE,0.8169620251652611,-0.6360332388773033,0.8907262086868286,0.5643237456679344,0.5133153945207596,0.4547044523682502
00007,/Users/nikko/Downloads/moi-main/project_root/data/temp_frames/video10/frame_00007.png,"[649, 228, 2008, 1351]",RIGHT_EYE,0.7342251127359327,-0.6419836498083616,0.9552580118179321,0.5643237456679344,0.5133153945207596,0.4547044523682502
00008,/Users/nikko/Downloads/moi-main/project_root/data/temp_frames/video10/frame_00008.png,"[640, 247, 2015, 1350]",LEFT_SHOULDER,0.6261740407217108,-0.22461605759477038,0.9996421337127686,0.5598789751529694,0.5209611654281616,0.4635537928070892
00008,/Users/nikko/Downloads/moi-main/project_root/data/temp_frames/video10/frame_00008.png,"[640, 247, 2015, 1350]",RIGHT_SHOULDER,-0.017965275422773017,-0.41761883147465406,0.9982715845108032,0.5598789751529694,0.5209611654281616,0.4635537928070892
00008,/Users/nikko/Downloads/moi-main/project_root/data/temp_frames/video10/frame_00008.png,"[640, 247, 2015, 1350]",LEFT_HIP,-0.15830262359346556,0.395627205554624,0.9994725584983826,0.5598789751529694,0.5209611654281616,0.4635537928070892
00008,/Users/nikko/Downloads/moi-main/project_root/data/temp_frames/video10/frame_00008.png,"[640, 247, 2015, 1350]",RIGHT_HIP,-0.4499061417054722,0.2466076835148004,0.9994791150093079,0.5598789751529694,0.5209611654281616,0.4635537928070892
00008,/Users/nikko/Downloads/moi-main/project_root/data/temp_frames/video10/frame_00008.png,"[640, 247, 2015, 1350]",LEFT_ELBOW,0.5208997653557913,0.3392648562718341,0.5958698391914368,0.5598789751529694,0.5209611654281616,0.4635537928070892
00008,/Users/nikko/Downloads/moi-main/project_root/data/temp_frames/video10/frame_00008.png,"[640, 247, 2015, 1350]",RIGHT_ELBOW,-0.35919479940734567,0.2649052789548235,0.9761618971824646,0.5598789751529694,0.5209611654281616,0.4635537928070892
00008,/Users/nikko/Downloads/moi-main/project_root/data/temp_frames/video10/frame_00008.png,"[640, 247, 2015, 1350]",LEFT_WRIST,0.6037970547352468,0.8957742962483514,0.6667875051498413,0.5598789751529694,0.5209611654281616,0.4635537928070892
00008,/Users/nikko/Downloads/moi-main/project_root/data/temp_frames/video10/frame_00008.png,"[640, 247, 2015, 1350]",RIGHT_WRIST,-0.2691236022846417,0.9552583578077123,0.9765863418579102,0.5598789751529694,0.5209611654281616,0.4635537928070892
00008,/Users/nikko/Downloads/moi-main/project_root/data/temp_frames/video10/frame_00008.png,"[640, 247, 2015, 1350]",RIGHT_KNEE,-0.8060793941654936,0.578213428102549,0.5964000821113586,0.5598789751529694,0.5209611654281616,0.4635537928070892
00008,/Users/nikko/Downloads/moi-main/project_root/data/temp_frames/video10/frame_00008.png,"[640, 247, 2015, 1350]",RIGHT_ANKLE,-1.0049870524300466,0.6191993063995188,0.7581171989440918,0.5598789751529694,0.5209611654281616,0.4635537928070892
00008,/Users/nikko/Downloads/moi-main/project_root/data/temp_frames/video10/frame_00008.png,"[640, 247, 2015, 1350]",LEFT_EYE,0.8059048441854522,-0.6058039937599107,0.8219138383865356,0.5598789751529694,0.5209611654281616,0.4635537928070892
00008,/Users/nikko/Downloads/moi-main/project_root/data/temp_frames/video10/frame_00008.png,"[640, 247, 2015, 1350]",RIGHT_EYE,0.7350330519208341,-0.6014538417987574,0.9015975594520569,0.5598789751529694,0.5209611654281616,0.4635537928070892
00009,/Users/nikko/Downloads/moi-main/project_root/data/temp_frames/video10/frame_00009.png,"[639, 247, 2015, 1350]",LEFT_SHOULDER,0.6276420744417631,-0.2284095858934354,0.9996071457862854,0.5636037737131119,0.5207275226712227,0.45676630290186315
00009,/Users/nikko/Downloads/moi-main/project_root/data/temp_frames/video10/frame_00009.png,"[639, 247, 2015, 1350]",RIGHT_SHOULDER,-0.0259922108862268,-0.41459825893682273,0.9977847933769226,0.5636037737131119,0.5207275226712227,0.45676630290186315
00009,/Users/nikko/Downloads/moi-main/project_root/data/temp_frames/video10/frame_00009.png,"[639, 247, 2015, 1350]",LEFT_HIP,-0.1494483046412051,0.3963212954217606,0.9994118213653564,0.5636037737131119,0.5207275226712227,0.45676630290186315
00009,/Users/nikko/Downloads/moi-main/project_root/data/temp_frames/video10/frame_00009.png,"[639, 247, 2015, 1350]",RIGHT_HIP,-0.45220155891433117,0.24668654940849755,0.9993864297866821,0.5636037737131119,0.5207275226712227,0.45676630290186315
00009,/Users/nikko/Downloads/moi-main/project_root/data/temp_frames/video10/frame_00009.png,"[639, 247, 2015, 1350]",LEFT_ELBOW,0.5223275907018176,0.3264304766338434,0.5475288033485413,0.5636037737131119,0.5207275226712227,0.45676630290186315
00009,/Users/nikko/Downloads/moi-main/project_root/data/temp_frames/video10/frame_00009.png,"[639, 247, 2015, 1350]",RIGHT_ELBOW,-0.37715941232003936,0.29514590801098706,0.9684020280838013,0.5636037737131119,0.5207275226712227,0.45676630290186315
00009,/Users/nikko/Downloads/moi-main/project_root/data/temp_frames/video10/frame_00009.png,"[639, 247, 2015, 1350]",LEFT_WRIST,0.6038105934585128,0.8908605091721257,0.5776823163032532,0.5636037737131119,0.5207275226712227,0.45676630290186315
00009,/Users/nikko/Downloads/moi-main/project_root/data/temp_frames/video10/frame_00009.png,"[639, 247, 2015, 1350]",RIGHT_WRIST,-0.27659048949484,0.9698012541437417,0.9645289778709412,0.5636037737131119,0.5207275226712227,0.45676630290186315
00009,/Users/nikko/Downloads/moi-main/project_root/data/temp_frames/video10/frame_00009.png,"[639, 247, 2015, 1350]",RIGHT_KNEE,-0.8098583881380584,0.5818599193348547,0.6070179343223572,0.5636037737131119,0.5207275226712227,0.45676630290186315
00009,/Users/nikko/Downloads/moi-main/project_root/data/temp_frames/video10/frame_00009.png,"[639, 247, 2015, 1350]",RIGHT_ANKLE,-1.014716089860006,0.6121275587451495,0.7741724252700806,0.5636037737131119,0.5207275226712227,0.45676630290186315
00009,/Users/nikko/Downloads/moi-main/project_root/data/temp_frames/video10/frame_00009.png,"[639, 247, 2015, 1350]",LEFT_EYE,0.8193263801455407,-0.6127860898976185,0.820120632648468,0.5636037737131119,0.5207275226712227,0.45676630290186315
00009,/Users/nikko/Downloads/moi-main/project_root/data/temp_frames/video10/frame_00009.png,"[639, 247, 2015, 1350]",RIGHT_EYE,0.7376673428055339,-0.6122771359439045,0.8978910446166992,0.5636037737131119,0.5207275226712227,0.45676630290186315
00010,/Users/nikko/Downloads/moi-main/project_root/data/temp_frames/video10/frame_00010.png,"[651, 276, 2019, 1351]",LEFT_SHOULDER,0.6592855074937461,-0.20963375997133504,0.9998512268066406,0.5536011159420013,0.5181067958474159,0.4453574244126355
00010,/Users/nikko/Downloads/moi-main/project_root/data/temp_frames/video10/frame_00010.png,"[651, 276, 2019, 1351]",RIGHT_SHOULDER,-0.02094398824837157,-0.39719789128058997,0.9981037378311157,0.5536011159420013,0.5181067958474159,0.4453574244126355
00010,/Users/nikko/Downloads/moi-main/project_root/data/temp_frames/video10/frame_00010.png,"[651, 276, 2019, 1351]",LEFT_HIP,-0.1661901964363413,0.374593238377285,0.9992213249206543,0.5536011159420013,0.5181067958474159,0.4453574244126355
00010,/Users/nikko/Downloads/moi-main/project_root/data/temp_frames/video10/frame_00010.png,"[651, 276, 2019, 1351]",RIGHT_HIP,-0.47215132280903327,0.23223841287464003,0.9990226030349731,0.5536011159420013,0.5181067958474159,0.4453574244126355
00010,/Users/nikko/Downloads/moi-main/project_root/data/temp_frames/video10/frame_00010.png,"[651, 276, 2019, 1351]",LEFT_ELBOW,0.5475929361448991,0.3681343359335813,0.804879903793335,0.5536011159420013,0.5181067958474159,0.4453574244126355
00010,/Users/nikko/Downloads/moi-main/project_root/data/temp_frames/video10/frame_00010.png,"[651, 276, 2019, 1351]",RIGHT_ELBOW,-0.3905008117904425,0.2997731572202123,0.9727575778961182,0.5536011159420013,0.5181067958474159,0.4453574244126355
00010,/Users/nikko/Downloads/moi-main/project_root/data/temp_frames/video10/frame_00010.png,"[651, 276, 2019, 1351]",LEFT_WRIST,0.6298673883817357,0.9783202065756785,0.8955450654029846,0.5536011159420013,0.5181067958474159,0.4453574244126355
00010,/Users/nikko/Downloads/moi-main/project_root/data/temp_frames/video10/frame_00010.png,"[651, 276, 2019, 1351]",RIGHT_WRIST,-0.2751845766804165,1.0061931945498406,0.9761288166046143,0.5536011159420013,0.5181067958474159,0.4453574244126355
00010,/Users/nikko/Downloads/moi-main/project_root/data/temp_frames/video10/frame_00010.png,"[651, 276, 2019, 1351]",RIGHT_KNEE,-0.8363591084585821,0.5919829510548672,0.5208864212036133,0.5536011159420013,0.5181067958474159,0.4453574244126355
00010,/Users/nikko/Downloads/moi-main/project_root/data/temp_frames/video10/frame_00010.png,"[651, 276, 2019, 1351]",RIGHT_ANKLE,-1.0387273560055794,0.6270253742757504,0.6491073966026306,0.5536011159420013,0.5181067958474159,0.4453574244126355
00010,/Users/nikko/Downloads/moi-main/project_root/data/temp_frames/video10/frame_00010.png,"[651, 276, 2019, 1351]",LEFT_EYE,0.8654389248218963,-0.5956145445709113,0.9266416430473328,0.5536011159420013,0.5181067958474159,0.4453574244126355
00010,/Users/nikko/Downloads/moi-main/project_root/data/temp_frames/video10/frame_00010.png,"[651, 276, 2019, 1351]",RIGHT_EYE,0.7845034970141782,-0.6005127909558494,0.9494327902793884,0.5536011159420013,0.5181067958474159,0.4453574244126355
00011,/Users/nikko/Downloads/moi-main/project_root/data/temp_frames/video10/frame_00011.png,"[662, 304, 2021, 1351]",LEFT_SHOULDER,0.6746411285116753,-0.16139494350664432,0.9999033212661743,0.5568770095705986,0.5216225907206535,0.42306788403845597
00011,/Users/nikko/Downloads/moi-main/project_root/data/temp_frames/video10/frame_00011.png,"[662, 304, 2021, 1351]",RIGHT_SHOULDER,-0.032280932938007975,-0.4195110301481524,0.9988693594932556,0.5568770095705986,0.5216225907206535,0.42306788403845597
00011,/Users/nikko/Downloads/moi-main/project_root/data/temp_frames/video10/frame_00011.png,"[662, 304, 2021, 1351]",LEFT_HIP,-0.1759859466798481,0.36598059412533906,0.9995798468589783,0.5568770095705986,0.5216225907206535,0.42306788403845597
00011,/Users/nikko/Downloads/moi-main/project_root/data/temp_frames/video10/frame_00011.png,"[662, 304, 2021, 1351]",RIGHT_HIP,-0.46637424889381923,0.21492537952945764,0.9995388984680176,0.5568770095705986,0.5216225907206535,0.42306788403845597
00011,/Users/nikko/Downloads/moi-main/project_root/data/temp_frames/video10/frame_00011.png,"[662, 304, 2021, 1351]",LEFT_ELBOW,0.57121774013993,0.41340996613875935,0.7669843435287476,0.5568770095705986,0.5216225907206535,0.42306788403845597
00011,/Users/nikko/Downloads/moi-main/project_root/data/temp_frames/video10/frame_00011.png,"[662, 304, 2021, 1351]",RIGHT_ELBOW,-0.44101541491281954,0.276017804361955,0.983954906463623,0.5568770095705986,0.5216225907206535,0.42306788403845597
00011,/Users/nikko/Downloads/moi-main/project_root/data/temp_frames/video10/frame_00011.png,"[662, 304, 2021, 1351]",LEFT_WRIST,0.6697927939581854,0.9892801906862702,0.8521180748939514,0.5568770095705986,0.5216225907206535,0.42306788403845597
00011,/Users/nikko/Downloads/moi-main/project_root/data/temp_frames/video10/frame_00011.png,"[662, 304, 2021, 1351]",RIGHT_WRIST,-0.3455967166337241,1.0018186857392137,0.9829803705215454,0.5568770095705986,0.5216225907206535,0.42306788403845597
00011,/Users/nikko/Downloads/moi-main/project_root/data/temp_frames/video10/frame_00011.png,"[662, 304, 2021, 1351]",RIGHT_KNEE,-0.9124041214089876,0.6126146247529106,0.8276765942573547,0.5568770095705986,0.5216225907206535,0.42306788403845597
00011,/Users/nikko/Downloads/moi-main/project_root/data/temp_frames/video10/frame_00011.png,"[662, 304, 2021, 1351]",RIGHT_ANKLE,-1.1248179838978563,0.6336305552736307,0.8540065288543701,0.5568770095705986,0.5216225907206535,0.42306788403845597
00011,/Users/nikko/Downloads/moi-main/project_root/data/temp_frames/video10/frame_00011.png,"[662, 304, 2021, 1351]",LEFT_EYE,0.914253083446484,-0.6033450889467922,0.9787617921829224,0.5568770095705986,0.5216225907206535,0.42306788403845597
00011,/Users/nikko/Downloads/moi-main/project_root/data/temp_frames/video10/frame_00011.png,"[662, 304, 2021, 1351]",RIGHT_EYE,0.8333893213413278,-0.6154452854266409,0.9876760244369507,0.5568770095705986,0.5216225907206535,0.42306788403845597
00012,/Users/nikko/Downloads/moi-main/project_root/data/temp_frames/video10/frame_00012.png,"[663, 305, 2021, 1351]",LEFT_SHOULDER,0.6742756078339689,-0.17022968188414664,0.9999284744262695,0.5547288358211517,0.522908516228199,0.4290236849799754
00012,/Users/nikko/Downloads/moi-main/project_root/data/temp_frames/video10/frame_00012.png,"[663, 305, 2021, 1351]",RIGHT_SHOULDER,-0.024141396534323185,-0.41280073319114063,0.9992608428001404,0.5547288358211517,0.522908516228199,0.4290236849799754
00012,/Users/nikko/Downloads/moi-main/project_root/data/temp_frames/video10/frame_00012.png,"[663, 305, 2021, 1351]",LEFT_HIP,-0.1826630071551102,0.3653843479199982,0.9997305274009705,0.5547288358211517,0.522908516228199,0.4290236849799754
00012,/Users/nikko/Downloads/moi-main/project_root/data/temp_frames/video10/frame_00012.png,"[663, 305, 2021, 1351]",RIGHT_HIP,-0.4674712041445356,0.21764606715528906,0.9997119307518005,0.5547288358211517,0.522908516228199,0.4290236849799754
00012,/Users/nikko/Downloads/moi-main/project_root/data/temp_frames/video10/frame_00012.png,"[663, 305, 2021, 1351]",LEFT_ELBOW,0.5659175672806191,0.40460731835757135,0.7812890410423279,0.5547288358211517,0.522908516228199,0.4290236849799754
00012,/Users/nikko/Downloads/moi-main/project_root/data/temp_frames/video10/frame_00012.png,"[663, 305, 2021, 1351]",RIGHT_ELBOW,-0.42705773486281545,0.26940338299126776,0.9865662455558777,0.5547288358211517,0.522908516228199,0.4290236849799754
00012,/Users/nikko/Downloads/moi-main/project_root/data/temp_frames/video10/frame_00012.png,"[663, 305, 2021, 1351]",LEFT_WRIST,0.6606181450757683,0.96426736863623,0.8762568831443787,0.5547288358211517,0.522908516228199,0.4290236849799754
00012,/Users/nikko/Downloads/moi-main/project_root/data/temp_frames/video10/frame_00012.png,"[663, 305, 2021, 1351]",RIGHT_WRIST,-0.3298828672829966,0.9776087636070068,0.9892756938934326,0.5547288358211517,0.522908516228199,0.4290236849799754
00012,/Users/nikko/Downloads/moi-main/project_root/data/temp_frames/video10/frame_00012.png,"[663, 305, 2021, 1351]",RIGHT_KNEE,-0.9050120044653762,0.5973587924945616,0.8606141209602356,0.5547288358211517,0.522908516228199,0.4290236849799754
00012,/Users/nikko/Downloads/moi-main/project_root/data/temp_frames/video10/frame_00012.png,"[663, 305, 2021, 1351]",RIGHT_ANKLE,-1.106039696249696,0.61582812682086,0.8770329356193542,0.5547288358211517,0.522908516228199,0.4290236849799754
00012,/Users/nikko/Downloads/moi-main/project_root/data/temp_frames/video10/frame_00012.png,"[663, 305, 2021, 1351]",LEFT_EYE,0.9134358361892498,-0.6027519161970041,0.9848376512527466,0.5547288358211517,0.522908516228199,0.4290236849799754
00012,/Users/nikko/Downloads/moi-main/project_root/data/temp_frames/video10/frame_00012.png,"[663, 305, 2021, 1351]",RIGHT_EYE,0.8283392733431251,-0.6189414639924319,0.9915590286254883,0.5547288358211517,0.522908516228199,0.4290236849799754
00013,/Users/nikko/Downloads/moi-main/project_root/data/temp_frames/video10/frame_00013.png,"[703, 337, 2024, 1361]",LEFT_SHOULDER,0.6833383687432827,-0.21094580729411577,0.9998741149902344,0.5400157570838928,0.5153046920895576,0.4417354608847534
00013,/Users/nikko/Downloads/moi-main/project_root/data/temp_frames/video10/frame_00013.png,"[703, 337, 2024, 1361]",RIGHT_SHOULDER,-0.023827125349142726,-0.3740149776115756,0.9991840720176697,0.5400157570838928,0.5153046920895576,0.4417354608847534
00013,/Users/nikko/Downloads/moi-main/project_root/data/temp_frames/video10/frame_00013.png,"[703, 337, 2024, 1361]",LEFT_HIP,-0.17558399397431043,0.3670529462029299,0.9996102452278137,0.5400157570838928,0.5153046920895576,0.4417354608847534
00013,/Users/nikko/Downloads/moi-main/project_root/data/temp_frames/video10/frame_00013.png,"[703, 337, 2024, 1361]",RIGHT_HIP,-0.48392724941982956,0.2179078387027615,0.9995689988136292,0.5400157570838928,0.5153046920895576,0.4417354608847534
00013,/Users/nikko/Downloads/moi-main/project_root/data/temp_frames/video10/frame_00013.png,"[703, 337, 2024, 1361]",LEFT_ELBOW,0.5537767470292674,0.3422818303169771,0.5796687006950378,0.5400157570838928,0.5153046920895576,0.4417354608847534
00013,/Users/nikko/Downloads/moi-main/project_root/data/temp_frames/video10/frame_00013.png,"[703, 337, 2024, 1361]",RIGHT_ELBOW,-0.4427355422843298,0.2565632796682855,0.9756484627723694,0.5400157570838928,0.5153046920895576,0.4417354608847534
00013,/Users/nikko/Downloads/moi-main/project_root/data/temp_frames/video10/frame_00013.png,"[703, 337, 2024, 1361]",LEFT_WRIST,0.6599566568821346,0.9339960403748951,0.7869876623153687,0.5400157570838928,0.5153046920895576,0.4417354608847534
00013,/Users/nikko/Downloads/moi-main/project_root/data/temp_frames/video10/frame_00013.png,"[703, 337, 2024, 1361]",RIGHT_WRIST,-0.31344102023692616,0.9738813946827609,0.9859681129455566,0.5400157570838928,0.5153046920895576,0.4417354608847534
00013,/Users/nikko/Downloads/moi-main/project_root/data/temp_frames/video10/frame_00013.png,"[703, 337, 2024, 1361]",RIGHT_ANKLE,-1.0722966247981924,0.6004076497815859,0.5845727324485779,0.5400157570838928,0.5153046920895576,0.4417354608847534
00013,/Users/nikko/Downloads/moi-main/project_root/data/temp_frames/video10/frame_00013.png,"[703, 337, 2024, 1361]",LEFT_EYE,0.927539113393884,-0.5313132703885036,0.9402434825897217,0.5400157570838928,0.5153046920895576,0.4417354608847534
00013,/Users/nikko/Downloads/moi-main/project_root/data/temp_frames/video10/frame_00013.png,"[703, 337, 2024, 1361]",RIGHT_EYE,0.8392545438717622,-0.5335461399429823,0.9651556611061096,0.5400157570838928,0.5153046920895576,0.4417354608847534
00014,/Users/nikko/Downloads/moi-main/project_root/data/temp_frames/video10/frame_00014.png,"[660, 374, 2031, 1359]",LEFT_SHOULDER,0.6338321745392229,-0.1952486068467499,0.9999065399169922,0.5642250701785088,0.5230866521596909,0.4430481491466244
00014,/Users/nikko/Downloads/moi-main/project_root/data/temp_frames/video10/frame_00014.png,"[660, 374, 2031, 1359]",RIGHT_SHOULDER,-0.016725139247661436,-0.41837338189914974,0.9988658428192139,0.5642250701785088,0.5230866521596909,0.4430481491466244
00014,/Users/nikko/Downloads/moi-main/project_root/data/temp_frames/video10/frame_00014.png,"[660, 374, 2031, 1359]",LEFT_HIP,-0.15555604256112784,0.40114614827346,0.9995463490486145,0.5642250701785088,0.5230866521596909,0.4430481491466244
00014,/Users/nikko/Downloads/moi-main/project_root/data/temp_frames/video10/frame_00014.png,"[660, 374, 2031, 1359]",RIGHT_HIP,-0.46155099273043365,0.21247584047243964,0.9994433522224426,0.5642250701785088,0.5230866521596909,0.4430481491466244
00014,/Users/nikko/Downloads/moi-main/project_root/data/temp_frames/video10/frame_00014.png,"[660, 374, 2031, 1359]",LEFT_ELBOW,0.49848608233847824,0.34465973195494615,0.5594730377197266,0.5642250701785088,0.5230866521596909,0.4430481491466244
00014,/Users/nikko/Downloads/moi-main/project_root/data/temp_frames/video10/frame_00014.png,"[660, 374, 2031, 1359]",RIGHT_ELBOW,-0.4837548751103913,0.23326914320846076,0.9656809568405151,0.5642250701785088,0.5230866521596909,0.4430481491466244
00014,/Users/nikko/Downloads/moi-main/project_root/data/temp_frames/video10/frame_00014.png,"[660, 374, 2031, 1359]",LEFT_WRIST,0.6038851045592263,0.9272891266671675,0.7694867253303528,0.5642250701785088,0.5230866521596909,0.4430481491466244
00014,/Users/nikko/Downloads/moi-main/project_root/data/temp_frames/video10/frame_00014.png,"[660, 374, 2031, 1359]",RIGHT_WRIST,-0.3257166798784876,0.971014539500135,0.9581429958343506,0.5642250701785088,0.5230866521596909,0.4430481491466244
00014,/Users/nikko/Downloads/moi-main/project_root/data/temp_frames/video10/frame_00014.png,"[660, 374, 2031, 1359]",RIGHT_ANKLE,-1.0881568895062332,0.5763156550246035,0.6177233457565308,0.5642250701785088,0.5230866521596909,0.4430481491466244
00014,/Users/nikko/Downloads/moi-main/project_root/data/temp_frames/video10/frame_00014.png,"[660, 374, 2031, 1359]",LEFT_EYE,0.8727425264252835,-0.541876659080716,0.9220294952392578,0.5642250701785088,0.5230866521596909,0.4430481491466244
00014,/Users/nikko/Downloads/moi-main/project_root/data/temp_frames/video10/frame_00014.png,"[660, 374, 2031, 1359]",RIGHT_EYE,0.79404361760786,-0.5377421875864425,0.9434137940406799,0.5642250701785088,0.5230866521596909,0.4430481491466244
00015,/Users/nikko/Downloads/moi-main/project_root/data/temp_frames/video10/frame_00015.png,"[671, 404, 2043, 1358]",LEFT_SHOULDER,0.6366740765091774,-0.229394889088263,0.9999380111694336,0.5498133525252342,0.5320196449756622,0.45115069626935056
00015,/Users/nikko/Downloads/moi-main/project_root/data/temp_frames/video10/frame_00015.png,"[671, 404, 2043, 1358]",RIGHT_SHOULDER,0.006014045208208832,-0.3900921455938539,0.9994184970855713,0.5498133525252342,0.5320196449756622,0.45115069626935056
00015,/Users/nikko/Downloads/moi-main/project_root/data/temp_frames/video10/frame_00015.png,"[671, 404, 2043, 1358]",LEFT_HIP,-0.17741709984037393,0.39837224386384623,0.9997726082801819,0.5498133525252342,0.5320196449756622,0.45115069626935056
00015,/Users/nikko/Downloads/moi-main/project_root/data/temp_frames/video10/frame_00015.png,"[671, 404, 2043, 1358]",RIGHT_HIP,-0.4652710218770123,0.22111479081827068,0.9997270703315735,0.5498133525252342,0.5320196449756622,0.45115069626935056
00015,/Users/nikko/Downloads/moi-main/project_root/data/temp_frames/video10/frame_00015.png,"[671, 404, 2043, 1358]",RIGHT_ELBOW,-0.47148243326341865,0.18941333356214318,0.9746192097663879,0.5498133525252342,0.5320196449756622,0.45115069626935056
00015,/Users/nikko/Downloads/moi-main/project_root/data/temp_frames/video10/frame_00015.png,"[671, 404, 2043, 1358]",LEFT_WRIST,0.6181747997935387,0.8720988978664329,0.7920904159545898,0.5498133525252342,0.5320196449756622,0.45115069626935056
00015,/Users/nikko/Downloads/moi-main/project_root/data/temp_frames/video10/frame_00015.png,"[671, 404, 2043, 1358]",RIGHT_WRIST,-0.3165953490290565,0.9187059192363073,0.9745780825614929,0.5498133525252342,0.5320196449756622,0.45115069626935056
00015,/Users/nikko/Downloads/moi-main/project_root/data/temp_frames/video10/frame_00015.png,"[671, 404, 2043, 1358]",RIGHT_KNEE,-0.8276488009744971,0.5564613800623182,0.5623975992202759,0.5498133525252342,0.5320196449756622,0.45115069626935056
00015,/Users/nikko/Downloads/moi-main/project_root/data/temp_frames/video10/frame_00015.png,"[671, 404, 2043, 1358]",RIGHT_ANKLE,-1.0588104071891424,0.526904312690434,0.6793276071548462,0.5498133525252342,0.5320196449756622,0.45115069626935056
00015,/Users/nikko/Downloads/moi-main/project_root/data/temp_frames/video10/frame_00015.png,"[671, 404, 2043, 1358]",LEFT_EYE,0.8908072000793057,-0.5190087407440256,0.9397258162498474,0.5498133525252342,0.5320196449756622,0.45115069626935056
00015,/Users/nikko/Downloads/moi-main/project_root/data/temp_frames/video10/frame_00015.png,"[671, 404, 2043, 1358]",RIGHT_EYE,0.8087777802482129,-0.5150447704469462,0.9558553099632263,0.5498133525252342,0.5320196449756622,0.45115069626935056
00016,/Users/nikko/Downloads/moi-main/project_root/data/temp_frames/video10/frame_00016.png,"[679, 433, 2054, 1358]",LEFT_SHOULDER,0.6641291220597102,-0.24808210267787278,0.9997981190681458,0.5306339040398598,0.5385126546025276,0.4656940104390582
00016,/Users/nikko/Downloads/moi-main/project_root/data/temp_frames/video10/frame_00016.png,"[679, 433, 2054, 1358]",RIGHT_SHOULDER,0.02334445552933027,-0.35617428278209934,0.9986857771873474,0.5306339040398598,0.5385126546025276,0.4656940104390582
00016,/Users/nikko/Downloads/moi-main/project_root/data/temp_frames/video10/frame_00016.png,"[679, 433, 2054, 1358]",LEFT_HIP,-0.2129239333264407,0.36952179282067615,0.9981635212898254,0.5306339040398598,0.5385126546025276,0.4656940104390582
00016,/Users/nikko/Downloads/moi-main/project_root/data/temp_frames/video10/frame_00016.png,"[679, 433, 2054, 1358]",RIGHT_HIP,-0.4745496442625998,0.23473459263929597,0.9979879856109619,0.5306339040398598,0.5385126546025276,0.4656940104390582
00016,/Users/nikko/Downloads/moi-main/project_root/data/temp_frames/video10/frame_00016.png,"[679, 433, 2054, 1358]",RIGHT_ELBOW,-0.44027698068456117,0.18564940197292917,0.9771151542663574,0.5306339040398598,0.5385126546025276,0.4656940104390582
00016,/Users/nikko/Downloads/moi-main/project_root/data/temp_frames/video10/frame_00016.png,"[679, 433, 2054, 1358]",LEFT_WRIST,0.6142996636948129,0.836288608001272,0.8453530073165894,0.5306339040398598,0.5385126546025276,0.4656940104390582
00016,/Users/nikko/Downloads/moi-main/project_root/data/temp_frames/video10/frame_00016.png,"[679, 433, 2054, 1358]",RIGHT_WRIST,-0.2913363430990459,0.8771835262176538,0.9833399057388306,0.5306339040398598,0.5385126546025276,0.4656940104390582
00016,/Users/nikko/Downloads/moi-main/project_root/data/temp_frames/video10/frame_00016.png,"[679, 433, 2054, 1358]",LEFT_EYE,0.8982034250991341,-0.4465418844348052,0.9490591883659363,0.5306339040398598,0.5385126546025276,0.4656940104390582
00016,/Users/nikko/Downloads/moi-main/project_root/data/temp_frames/video10/frame_00016.png,"[679, 433, 2054, 1358]",RIGHT_EYE,0.8144874520205948,-0.4674580466061119,0.9679049849510193,0.5306339040398598,0.5385126546025276,0.4656940104390582
00017,/Users/nikko/Downloads/moi-main/project_root/data/temp_frames/video10/frame_00017.png,"[669, 456, 2066, 1360]",LEFT_SHOULDER,0.6922825215128208,-0.25732739129943444,0.9999057054519653,0.5346675366163254,0.5455783978104591,0.4351177677818747
00017,/Users/nikko/Downloads/moi-main/project_root/data/temp_frames/video10/frame_00017.png,"[669, 456, 2066, 1360]",RIGHT_SHOULDER,0.013170054370267687,-0.32738916687648245,0.9995238780975342,0.5346675366163254,0.5455783978104591,0.4351177677818747
00017,/Users/nikko/Downloads/moi-main/project_root/data/temp_frames/video10/frame_00017.png,"[669, 456, 2066, 1360]",LEFT_HIP,-0.21053782360331305,0.3526463742670852,0.9997285008430481,0.5346675366163254,0.5455783978104591,0.4351177677818747
00017,/Users/nikko/Downloads/moi-main/project_root/data/temp_frames/video10/frame_00017.png,"[669, 456, 2066, 1360]",RIGHT_HIP,-0.4949147522797754,0.2320701839088317,0.9997406601905823,0.5346675366163254,0.5455783978104591,0.4351177677818747
00017,/Users/nikko/Downloads/moi-main/project_root/data/temp_frames/video10/frame_00017.png,"[669, 456, 2066, 1360]",RIGHT_ELBOW,-0.4908588978578653,0.1723579740306273,0.948236882686615,0.5346675366163254,0.5455783978104591,0.4351177677818747
00017,/Users/nikko/Downloads/moi-main/project_root/data/temp_frames/video10/frame_00017.png,"[669, 456, 2066, 1360]",LEFT_WRIST,0.6339248201635223,0.8668485238960272,0.6648909449577332,0.5346675366163254,0.5455783978104591,0.4351177677818747
00017,/Users/nikko/Downloads/moi-main/project_root/data/temp_frames/video10/frame_00017.png,"[669, 456, 2066, 1360]",RIGHT_WRIST,-0.32343456155615286,0.8521604350506176,0.9699241518974304,0.5346675366163254,0.5455783978104591,0.4351177677818747
00017,/Users/nikko/Downloads/moi-main/project_root/data/temp_frames/video10/frame_00017.png,"[669, 456, 2066, 1360]",LEFT_EYE,0.9672511775078724,-0.4547195438777615,0.9903144240379333,0.5346675366163254,0.5455783978104591,0.4351177677818747
00017,/Users/nikko/Downloads/moi-main/project_root/data/temp_frames/video10/frame_00017.png,"[669, 456, 2066, 1360]",RIGHT_EYE,0.8561887383471356,-0.48634611255895965,0.9944926500320435,0.5346675366163254,0.5455783978104591,0.4351177677818747
00018,/Users/nikko/Downloads/moi-main/project_root/data/temp_frames/video10/frame_00018.png,"[674, 487, 2075, 1362]",LEFT_SHOULDER,0.6960374793765562,-0.28050981296770194,0.9998664855957031,0.526505634188652,0.5542866736650467,0.4412101789125197
00018,/Users/nikko/Downloads/moi-main/project_root/data/temp_frames/video10/frame_00018.png,"[674, 487, 2075, 1362]",RIGHT_SHOULDER,0.007805873584822484,-0.3161730213922982,0.9991866946220398,0.526505634188652,0.5542866736650467,0.4412101789125197
00018,/Users/nikko/Downloads/moi-main/project_root/data/temp_frames/video10/frame_00018.png,"[674, 487, 2075, 1362]",LEFT_HIP,-0.2087450175825181,0.3443492107589051,0.9996032118797302,0.526505634188652,0.5542866736650467,0.4412101789125197
00018,/Users/nikko/Downloads/moi-main/project_root/data/temp_frames/video10/frame_00018.png,"[674, 487, 2075, 1362]",RIGHT_HIP,-0.49509833537886067,0.252333623601095,0.9996438026428223,0.526505634188652,0.5542866736650467,0.4412101789125197
00018,/Users/nikko/Downloads/moi-main/project_root/data/temp_frames/video10/frame_00018.png,"[674, 487, 2075, 1362]",RIGHT_ELBOW,-0.497458824796234,0.1813273784407467,0.8999013900756836,0.526505634188652,0.5542866736650467,0.4412101789125197
00018,/Users/nikko/Downloads/moi-main/project_root/data/temp_frames/video10/frame_00018.png,"[674, 487, 2075, 1362]",LEFT_WRIST,0.6468754542883774,0.8232974174394431,0.5243003964424133,0.526505634188652,0.5542866736650467,0.4412101789125197
00018,/Users/nikko/Downloads/moi-main/project_root/data/temp_frames/video10/frame_00018.png,"[674, 487, 2075, 1362]",RIGHT_WRIST,-0.30393692404332606,0.8438533855180183,0.9259490966796875,0.526505634188652,0.5542866736650467,0.4412101789125197
00018,/Users/nikko/Downloads/moi-main/project_root/data/temp_frames/video10/frame_00018.png,"[674, 487, 2075, 1362]",LEFT_EYE,0.9789591510800632,-0.4291979505475701,0.9888929724693298,0.526505634188652,0.5542866736650467,0.4412101789125197
00018,/Users/nikko/Downloads/moi-main/project_root/data/temp_frames/video10/frame_00018.png,"[674, 487, 2075, 1362]",RIGHT_EYE,0.8740625300152463,-0.44600412724755933,0.9934200644493103,0.526505634188652,0.5542866736650467,0.4412101789125197
00019,/Users/nikko/Downloads/moi-main/project_root/data/temp_frames/video10/frame_00019.png,"[662, 526, 2084, 1363]",LEFT_SHOULDER,0.686432477774956,-0.25804560751477285,0.9998762607574463,0.5344959199428558,0.5523545816540718,0.44304504909553355
00019,/Users/nikko/Downloads/moi-main/project_root/data/temp_frames/video10/frame_00019.png,"[662, 526, 2084, 1363]",RIGHT_SHOULDER,0.02936373808227225,-0.3321255040590323,0.9995230436325073,0.5344959199428558,0.5523545816540718,0.44304504909553355
00019,/Users/nikko/Downloads/moi-main/project_root/data/temp_frames/video10/frame_00019.png,"[662, 526, 2084, 1363]",LEFT_HIP,-0.22723507344233274,0.3406804233962897,0.9996744394302368,0.5344959199428558,0.5523545816540718,0.44304504909553355
00019,/Users/nikko/Downloads/moi-main/project_root/data/temp_frames/video10/frame_00019.png,"[662, 526, 2084, 1363]",RIGHT_HIP,-0.48856114241489546,0.24949068817751552,0.9997393488883972,0.5344959199428558,0.5523545816540718,0.44304504909553355
00019,/Users/nikko/Downloads/moi-main/project_root/data/temp_frames/video10/frame_00019.png,"[662, 526, 2084, 1363]",RIGHT_ELBOW,-0.4938558644856401,0.1328526265998637,0.9233538508415222,0.5344959199428558,0.5523545816540718,0.44304504909553355
00019,/Users/nikko/Downloads/moi-main/project_root/data/temp_frames/video10/frame_00019.png,"[662, 526, 2084, 1363]",RIGHT_WRIST,-0.32549067149974853,0.8186182863561275,0.9528761506080627,0.5344959199428558,0.5523545816540718,0.44304504909553355
00019,/Users/nikko/Downloads/moi-main/project_root/data/temp_frames/video10/frame_00019.png,"[662, 526, 2084, 1363]",RIGHT_ANKLE,-1.0606914565051277,0.4539170605884694,0.505972683429718,0.5344959199428558,0.5523545816540718,0.44304504909553355
00019,/Users/nikko/Downloads/moi-main/project_root/data/temp_frames/video10/frame_00019.png,"[662, 526, 2084, 1363]",LEFT_EYE,0.9585791203868619,-0.43012407481397436,0.9963909983634949,0.5344959199428558,0.5523545816540718,0.44304504909553355
00019,/Users/nikko/Downloads/moi-main/project_root/data/temp_frames/video10/frame_00019.png,"[662, 526, 2084, 1363]",RIGHT_EYE,0.8561524286440775,-0.45315199907978443,0.9981766939163208,0.5344959199428558,0.5523545816540718,0.44304504909553355
00020,/Users/nikko/Downloads/moi-main/project_root/data/temp_frames/video10/frame_00020.png,"[661, 548, 2091, 1364]",LEFT_SHOULDER,0.6612674345119969,-0.23119226933026665,0.9996254444122314,0.5323282331228256,0.5675999745726585,0.46671078974834324
00020,/Users/nikko/Downloads/moi-main/project_root/data/temp_frames/video10/frame_00020.png,"[661, 548, 2091, 1364]",RIGHT_SHOULDER,0.05702530098511493,-0.34596865952673655,0.9986045956611633,0.5323282331228256,0.5675999745726585,0.46671078974834324
00020,/Users/nikko/Downloads/moi-main/project_root/data/temp_frames/video10/frame_00020.png,"[661, 548, 2091, 1364]",LEFT_HIP,-0.23834994543623333,0.3752654148122782,0.9996377229690552,0.5323282331228256,0.5675999745726585,0.46671078974834324
00020,/Users/nikko/Downloads/moi-main/project_root/data/temp_frames/video10/frame_00020.png,"[661, 548, 2091, 1364]",RIGHT_HIP,-0.4799427900608784,0.201895514044725,0.9997072815895081,0.5323282331228256,0.5675999745726585,0.46671078974834324
00020,/Users/nikko/Downloads/moi-main/project_root/data/temp_frames/video10/frame_00020.png,"[661, 548, 2091, 1364]",RIGHT_ELBOW,-0.450848298914578,0.08072055287923063,0.8931915760040283,0.5323282331228256,0.5675999745726585,0.46671078974834324
00020,/Users/nikko/Downloads/moi-main/project_root/data/temp_frames/video10/frame_00020.png,"[661, 548, 2091, 1364]",RIGHT_WRIST,-0.2758277822874366,0.7459781943054608,0.8999911546707153,0.5323282331228256,0.5675999745726585,0.46671078974834324
00020,/Users/nikko/Downloads/moi-main/project_root/data/temp_frames/video10/frame_00020.png,"[661, 548, 2091, 1364]",LEFT_EYE,0.9194527711551769,-0.40549178693730625,0.9488183259963989,0.5323282331228256,0.5675999745726585,0.46671078974834324
00020,/Users/nikko/Downloads/moi-main/project_root/data/temp_frames/video10/frame_00020.png,"[661, 548, 2091, 1364]",RIGHT_EYE,0.8231945808374145,-0.43181933020122,0.9682255983352661,0.5323282331228256,0.5675999745726585,0.46671078974834324
00021,/Users/nikko/Downloads/moi-main/project_root/data/temp_frames/video10/frame_00021.png,"[660, 548, 2091, 1364]",LEFT_SHOULDER,0.6727199026223208,-0.24912922689060457,0.9996299743652344,0.526887558400631,0.5691282078623772,0.4672170922524197
00021,/Users/nikko/Downloads/moi-main/project_root/data/temp_frames/video10/frame_00021.png,"[660, 548, 2091, 1364]",RIGHT_SHOULDER,0.03992645907792354,-0.33351972070814623,0.9984063506126404,0.526887558400631,0.5691282078623772,0.4672170922524197
00021,/Users/nikko/Downloads/moi-main/project_root/data/temp_frames/video10/frame_00021.png,"[660, 548, 2091, 1364]",LEFT_HIP,-0.2366770065765131,0.3807126699651317,0.9995936751365662,0.526887558400631,0.5691282078623772,0.4672170922524197
00021,/Users/nikko/Downloads/moi-main/project_root/data/temp_frames/video10/frame_00021.png,"[660, 548, 2091, 1364]",RIGHT_HIP,-0.47596935512373123,0.20193627763361913,0.9996647834777832,0.526887558400631,0.5691282078623772,0.4672170922524197
00021,/Users/nikko/Downloads/moi-main/project_root/data/temp_frames/video10/frame_00021.png,"[660, 548, 2091, 1364]",RIGHT_ELBOW,-0.42334944968378563,0.10909242703627986,0.8380457162857056,0.526887558400631,0.5691282078623772,0.4672170922524197
00021,/Users/nikko/Downloads/moi-main/project_root/data/temp_frames/video10/frame_00021.png,"[660, 548, 2091, 1364]",RIGHT_WRIST,-0.22142626430807294,0.7465493296576136,0.8443419337272644,0.526887558400631,0.5691282078623772,0.4672170922524197
00021,/Users/nikko/Downloads/moi-main/project_root/data/temp_frames/video10/frame_00021.png,"[660, 548, 2091, 1364]",LEFT_EYE,0.9326910021045224,-0.40801004364681936,0.9456734657287598,0.526887558400631,0.5691282078623772,0.4672170922524197
00021,/Users/nikko/Downloads/moi-main/project_root/data/temp_frames/video10/frame_00021.png,"[660, 548, 2091, 1364]",RIGHT_EYE,0.8358660845134783,-0.43292092675026933,0.9671526551246643,0.526887558400631,0.5691282078623772,0.4672170922524197
00022,/Users/nikko/Downloads/moi-main/project_root/data/temp_frames/video10/frame_00022.png,"[685, 603, 2130, 1364]",LEFT_SHOULDER,0.6707385778073112,-0.17873564689601404,0.9993939399719238,0.51436697691679,0.5650428608059883,0.457454322049864
00022,/Users/nikko/Downloads/moi-main/project_root/data/temp_frames/video10/frame_00022.png,"[685, 603, 2130, 1364]",RIGHT_SHOULDER,0.04732913601311,-0.3810226749570504,0.9982559084892273,0.51436697691679,0.5650428608059883,0.457454322049864
00022,/Users/nikko/Downloads/moi-main/project_root/data/temp_frames/video10/frame_00022.png,"[685, 603, 2130, 1364]",LEFT_HIP,-0.24887116191494202,0.3613729701999793,0.9993830919265747,0.51436697691679,0.5650428608059883,0.457454322049864
00022,/Users/nikko/Downloads/moi-main/project_root/data/temp_frames/video10/frame_00022.png,"[685, 603, 2130, 1364]",RIGHT_HIP,-0.4691965519054791,0.19838535165308507,0.9995267391204834,0.51436697691679,0.5650428608059883,0.457454322049864
00022,/Users/nikko/Downloads/moi-main/project_root/data/temp_frames/video10/frame_00022.png,"[685, 603, 2130, 1364]",RIGHT_ELBOW,-0.4725831504138012,0.040591347039273515,0.8628475069999695,0.51436697691679,0.5650428608059883,0.457454322049864
00022,/Users/nikko/Downloads/moi-main/project_root/data/temp_frames/video10/frame_00022.png,"[685, 603, 2130, 1364]",RIGHT_WRIST,-0.2723651638091218,0.7413086312724717,0.8897328972816467,0.51436697691679,0.5650428608059883,0.457454322049864
00022,/Users/nikko/Downloads/moi-main/project_root/data/temp_frames/video10/frame_00022.png,"[685, 603, 2130, 1364]",LEFT_EYE,0.9374528036566724,-0.37846091771825613,0.9648413062095642,0.51436697691679,0.5650428608059883,0.457454322049864
00022,/Users/nikko/Downloads/moi-main/project_root/data/temp_frames/video10/frame_00022.png,"[685, 603, 2130, 1364]",RIGHT_EYE,0.8475244533010072,-0.415345739761226,0.9815332293510437,0.51436697691679,0.5650428608059883,0.457454322049864
00023,/Users/nikko/Downloads/moi-main/project_root/data/temp_frames/video10/frame_00023.png,"[686, 602, 2131, 1364]",LEFT_SHOULDER,0.6697742926632156,-0.20874486758107438,0.9994342923164368,0.5126292780041695,0.5571221113204956,0.4541612975712107
00023,/Users/nikko/Downloads/moi-main/project_root/data/temp_frames/video10/frame_00023.png,"[686, 602, 2131, 1364]",RIGHT_SHOULDER,0.04575549964540733,-0.36482863862017195,0.998599112033844,0.5126292780041695,0.5571221113204956,0.4541612975712107
00023,/Users/nikko/Downloads/moi-main/project_root/data/temp_frames/video10/frame_00023.png,"[686, 602, 2131, 1364]",LEFT_HIP,-0.2449811523151055,0.36518318654999743,0.9993858337402344,0.5126292780041695,0.5571221113204956,0.4541612975712107
00023,/Users/nikko/Downloads/moi-main/project_root/data/temp_frames/video10/frame_00023.png,"[686, 602, 2131, 1364]",RIGHT_HIP,-0.4705486399935174,0.2083903196512489,0.9995620846748352,0.5126292780041695,0.5571221113204956,0.4541612975712107
00023,/Users/nikko/Downloads/moi-main/project_root/data/temp_frames/video10/frame_00023.png,"[686, 602, 2131, 1364]",RIGHT_ELBOW,-0.4861887118318536,0.050746091501055746,0.8848779797554016,0.5126292780041695,0.5571221113204956,0.4541612975712107
00023,/Users/nikko/Downloads/moi-main/project_root/data/temp_frames/video10/frame_00023.png,"[686, 602, 2131, 1364]",RIGHT_WRIST,-0.2945941078449923,0.7498967603223218,0.9112810492515564,0.5126292780041695,0.5571221113204956,0.4541612975712107
00023,/Users/nikko/Downloads/moi-main/project_root/data/temp_frames/video10/frame_00023.png,"[686, 602, 2131, 1364]",LEFT_EYE,0.9496629460171828,-0.34404962322669586,0.9452149868011475,0.5126292780041695,0.5571221113204956,0.4541612975712107
00023,/Users/nikko/Downloads/moi-main/project_root/data/temp_frames/video10/frame_00023.png,"[686, 602, 2131, 1364]",RIGHT_EYE,0.865520578757091,-0.3678192303939764,0.9718257188796997,0.5126292780041695,0.5571221113204956,0.4541612975712107
00024,/Users/nikko/Downloads/moi-main/project_root/data/temp_frames/video10/frame_00024.png,"[697, 630, 2138, 1367]",LEFT_SHOULDER,0.6838394268146899,-0.22677229814078542,0.9987509250640869,0.5052442848682404,0.5585484281182289,0.44591182623120057
00024,/Users/nikko/Downloads/moi-main/project_root/data/temp_frames/video10/frame_00024.png,"[697, 630, 2138, 1367]",RIGHT_SHOULDER,0.04710453270575593,-0.33913075718699137,0.9971127510070801,0.5052442848682404,0.5585484281182289,0.44591182623120057
00024,/Users/nikko/Downloads/moi-main/project_root/data/temp_frames/video10/frame_00024.png,"[697, 630, 2138, 1367]",LEFT_HIP,-0.24521327426858322,0.3515721783198747,0.9977269768714905,0.5052442848682404,0.5585484281182289,0.44591182623120057
00024,/Users/nikko/Downloads/moi-main/project_root/data/temp_frames/video10/frame_00024.png,"[697, 630, 2138, 1367]",RIGHT_HIP,-0.48573068525186264,0.2143308770079021,0.9983844757080078,0.5052442848682404,0.5585484281182289,0.44591182623120057
00024,/Users/nikko/Downloads/moi-main/project_root/data/temp_frames/video10/frame_00024.png,"[697, 630, 2138, 1367]",RIGHT_ELBOW,-0.4815201077341197,-0.022559154861123643,0.9188272356987,0.5052442848682404,0.5585484281182289,0.44591182623120057
00024,/Users/nikko/Downloads/moi-main/project_root/data/temp_frames/video10/frame_00024.png,"[697, 630, 2138, 1367]",RIGHT_WRIST,-0.31278916702365905,0.7828088341569063,0.9431145787239075,0.5052442848682404,0.5585484281182289,0.44591182623120057
00024,/Users/nikko/Downloads/moi-main/project_root/data/temp_frames/video10/frame_00024.png,"[697, 630, 2138, 1367]",LEFT_EYE,0.9794540491508581,-0.3351074501169423,0.9233156442642212,0.5052442848682404,0.5585484281182289,0.44591182623120057
00024,/Users/nikko/Downloads/moi-main/project_root/data/temp_frames/video10/frame_00024.png,"[697, 630, 2138, 1367]",RIGHT_EYE,0.8914978918568859,-0.355774100761609,0.9590246677398682,0.5052442848682404,0.5585484281182289,0.44591182623120057
00025,/Users/nikko/Downloads/moi-main/project_root/data/temp_frames/video10/frame_00025.png,"[702, 648, 2149, 1364]",LEFT_SHOULDER,0.74382202107873,-0.2076924157767013,0.9995985627174377,0.5021461397409439,0.566922627389431,0.4018961588730093
00025,/Users/nikko/Downloads/moi-main/project_root/data/temp_frames/video10/frame_00025.png,"[702, 648, 2149, 1364]",RIGHT_SHOULDER,0.11731278365935889,-0.22851293689644755,0.998418927192688,0.5021461397409439,0.566922627389431,0.4018961588730093
00025,/Users/nikko/Downloads/moi-main/project_root/data/temp_frames/video10/frame_00025.png,"[702, 648, 2149, 1364]",LEFT_HIP,-0.29713677697190094,0.2523585450039721,0.9996071457862854,0.5021461397409439,0.566922627389431,0.4018961588730093
00025,/Users/nikko/Downloads/moi-main/project_root/data/temp_frames/video10/frame_00025.png,"[702, 648, 2149, 1364]",RIGHT_HIP,-0.563998027766188,0.18384680766917674,0.9997022747993469,0.5021461397409439,0.566922627389431,0.4018961588730093
00025,/Users/nikko/Downloads/moi-main/project_root/data/temp_frames/video10/frame_00025.png,"[702, 648, 2149, 1364]",RIGHT_ELBOW,-0.5171382293968526,0.01799555800916376,0.7664821147918701,0.5021461397409439,0.566922627389431,0.4018961588730093
00025,/Users/nikko/Downloads/moi-main/project_root/data/temp_frames/video10/frame_00025.png,"[702, 648, 2149, 1364]",RIGHT_WRIST,-0.22859878902014316,0.8661420172308144,0.7754347324371338,0.5021461397409439,0.566922627389431,0.4018961588730093
00025,/Users/nikko/Downloads/moi-main/project_root/data/temp_frames/video10/frame_00025.png,"[702, 648, 2149, 1364]",LEFT_EYE,1.0856780217461082,-0.35254814020388525,0.9638524055480957,0.5021461397409439,0.566922627389431,0.4018961588730093
00025,/Users/nikko/Downloads/moi-main/project_root/data/temp_frames/video10/frame_00025.png,"[702, 648, 2149, 1364]",RIGHT_EYE,0.99239430389587,-0.37927208396876827,0.9746652841567993,0.5021461397409439,0.566922627389431,0.4018961588730093
00026,/Users/nikko/Downloads/moi-main/project_root/data/temp_frames/video10/frame_00026.png,"[706, 664, 2156, 1364]",LEFT_SHOULDER,0.7819897065310827,-0.255769876171203,0.999729335308075,0.5010008290410042,0.5604144483804703,0.39605665026272197
00026,/Users/nikko/Downloads/moi-main/project_root/data/temp_frames/video10/frame_00026.png,"[706, 664, 2156, 1364]",RIGHT_SHOULDER,0.09876655267050886,-0.17091343019303093,0.9988102912902832,0.5010008290410042,0.5604144483804703,0.39605665026272197
00026,/Users/nikko/Downloads/moi-main/project_root/data/temp_frames/video10/frame_00026.png,"[706, 664, 2156, 1364]",LEFT_HIP,-0.30035527926839506,0.22675702555049146,0.9996142387390137,0.5010008290410042,0.5604144483804703,0.39605665026272197
00026,/Users/nikko/Downloads/moi-main/project_root/data/temp_frames/video10/frame_00026.png,"[706, 664, 2156, 1364]",RIGHT_HIP,-0.5804009799331965,0.19992628081374245,0.9996979236602783,0.5010008290410042,0.5604144483804703,0.39605665026272197
00026,/Users/nikko/Downloads/moi-main/project_root/data/temp_frames/video10/frame_00026.png,"[706, 664, 2156, 1364]",RIGHT_ELBOW,-0.5221409575868161,0.008166737637341962,0.8655340671539307,0.5010008290410042,0.5604144483804703,0.39605665026272197
00026,/Users/nikko/Downloads/moi-main/project_root/data/temp_frames/video10/frame_00026.png,"[706, 664, 2156, 1364]",RIGHT_WRIST,-0.24823681759780528,0.8914877745209888,0.862098217010498,0.5010008290410042,0.5604144483804703,0.39605665026272197
00026,/Users/nikko/Downloads/moi-main/project_root/data/temp_frames/video10/frame_00026.png,"[706, 664, 2156, 1364]",LEFT_EYE,1.106412618925979,-0.30192865067617614,0.9854027032852173,0.5010008290410042,0.5604144483804703,0.39605665026272197
00026,/Users/nikko/Downloads/moi-main/project_root/data/temp_frames/video10/frame_00026.png,"[706, 664, 2156, 1364]",RIGHT_EYE,1.0077802892069692,-0.28849920700188414,0.9888558983802795,0.5010008290410042,0.5604144483804703,0.39605665026272197
00027,/Users/nikko/Downloads/moi-main/project_root/data/temp_frames/video10/frame_00027.png,"[688, 694, 2173, 1383]",LEFT_SHOULDER,0.7429696489500585,-0.11273258691944602,0.9992610812187195,0.5119165852665901,0.5251362174749374,0.3958170721601365
00027,/Users/nikko/Downloads/moi-main/project_root/data/temp_frames/video10/frame_00027.png,"[688, 694, 2173, 1383]",RIGHT_SHOULDER,0.0896419220261112,-0.3099374479401358,0.9987919926643372,0.5119165852665901,0.5251362174749374,0.3958170721601365
00027,/Users/nikko/Downloads/moi-main/project_root/data/temp_frames/video10/frame_00027.png,"[688, 694, 2173, 1383]",LEFT_HIP,-0.27901783680201225,0.25320449556230334,0.9993895292282104,0.5119165852665901,0.5251362174749374,0.3958170721601365
00027,/Users/nikko/Downloads/moi-main/project_root/data/temp_frames/video10/frame_00027.png,"[688, 694, 2173, 1383]",RIGHT_HIP,-0.5535937341741574,0.16946553929727845,0.9996021389961243,0.5119165852665901,0.5251362174749374,0.3958170721601365
00027,/Users/nikko/Downloads/moi-main/project_root/data/temp_frames/video10/frame_00027.png,"[688, 694, 2173, 1383]",RIGHT_ELBOW,-0.5187826896238795,-0.08984557122961374,0.9113616347312927,0.5119165852665901,0.5251362174749374,0.3958170721601365
00027,/Users/nikko/Downloads/moi-main/project_root/data/temp_frames/video10/frame_00027.png,"[688, 694, 2173, 1383]",RIGHT_WRIST,-0.36397684360536975,0.9206683647024239,0.9327150583267212,0.5119165852665901,0.5251362174749374,0.3958170721601365
00027,/Users/nikko/Downloads/moi-main/project_root/data/temp_frames/video10/frame_00027.png,"[688, 694, 2173, 1383]",LEFT_EYE,1.0726611260998185,-0.23248983843405913,0.9404072761535645,0.5119165852665901,0.5251362174749374,0.3958170721601365
00027,/Users/nikko/Downloads/moi-main/project_root/data/temp_frames/video10/frame_00027.png,"[688, 694, 2173, 1383]",RIGHT_EYE,0.9766272468153857,-0.26448484310627113,0.9654800295829773,0.5119165852665901,0.5251362174749374,0.3958170721601365
00028,/Users/nikko/Downloads/moi-main/project_root/data/temp_frames/video10/frame_00028.png,"[685, 707, 2170, 1381]",LEFT_SHOULDER,0.7573384447002643,-0.09322689017438958,0.9994292855262756,0.5087539255619049,0.5403200164437294,0.39021765554118937
00028,/Users/nikko/Downloads/moi-main/project_root/data/temp_frames/video10/frame_00028.png,"[685, 707, 2170, 1381]",RIGHT_SHOULDER,0.06626439787555598,-0.3161933935789984,0.9985318183898926,0.5087539255619049,0.5403200164437294,0.39021765554118937
00028,/Users/nikko/Downloads/moi-main/project_root/data/temp_frames/video10/frame_00028.png,"[685, 707, 2170, 1381]",LEFT_HIP,-0.279828396135426,0.26636104043229547,0.999494194984436,0.5087539255619049,0.5403200164437294,0.39021765554118937
00028,/Users/nikko/Downloads/moi-main/project_root/data/temp_frames/video10/frame_00028.png,"[685, 707, 2170, 1381]",RIGHT_HIP,-0.5437744464403943,0.1430592433210925,0.9996299743652344,0.5087539255619049,0.5403200164437294,0.39021765554118937
00028,/Users/nikko/Downloads/moi-main/project_root/data/temp_frames/video10/frame_00028.png,"[685, 707, 2170, 1381]",RIGHT_ELBOW,-0.5423147180562288,-0.15860390333296656,0.809997022151947,0.5087539255619049,0.5403200164437294,0.39021765554118937
00028,/Users/nikko/Downloads/moi-main/project_root/data/temp_frames/video10/frame_00028.png,"[685, 707, 2170, 1381]",RIGHT_WRIST,-0.37476068943262836,0.837250860000959,0.7838036417961121,0.5087539255619049,0.5403200164437294,0.39021765554118937
00028,/Users/nikko/Downloads/moi-main/project_root/data/temp_frames/video10/frame_00028.png,"[685, 707, 2170, 1381]",LEFT_EYE,1.080095212576669,-0.2644767894601853,0.9479247331619263,0.5087539255619049,0.5403200164437294,0.39021765554118937
00028,/Users/nikko/Downloads/moi-main/project_root/data/temp_frames/video10/frame_00028.png,"[685, 707, 2170, 1381]",RIGHT_EYE,0.9831355823905598,-0.3008597156035005,0.9691072702407837,0.5087539255619049,0.5403200164437294,0.39021765554118937
00029,/Users/nikko/Downloads/moi-main/project_root/data/temp_frames/video10/frame_00029.png,"[685, 713, 2162, 1380]",LEFT_SHOULDER,0.778194009121835,-0.11158206475946306,0.9988162517547607,0.5114593207836151,0.5720476657152176,0.3962942436001437
00029,/Users/nikko/Downloads/moi-main/project_root/data/temp_frames/video10/frame_00029.png,"[685, 713, 2162, 1380]",RIGHT_SHOULDER,0.10212884586274452,-0.23672325513521125,0.9949092268943787,0.5114593207836151,0.5720476657152176,0.3962942436001437
00029,/Users/nikko/Downloads/moi-main/project_root/data/temp_frames/video10/frame_00029.png,"[685, 713, 2162, 1380]",LEFT_HIP,-0.2955284229740605,0.23766997955172145,0.998586893081665,0.5114593207836151,0.5720476657152176,0.3962942436001437
00029,/Users/nikko/Downloads/moi-main/project_root/data/temp_frames/video10/frame_00029.png,"[685, 713, 2162, 1380]",RIGHT_HIP,-0.5847944320105191,0.11063534034295286,0.9987794756889343,0.5114593207836151,0.5720476657152176,0.3962942436001437
00029,/Users/nikko/Downloads/moi-main/project_root/data/temp_frames/video10/frame_00029.png,"[685, 713, 2162, 1380]",RIGHT_ELBOW,-0.5208524438240367,-0.2704945973523109,0.7174627184867859,0.5114593207836151,0.5720476657152176,0.3962942436001437
00029,/Users/nikko/Downloads/moi-main/project_root/data/temp_frames/video10/frame_00029.png,"[685, 713, 2162, 1380]",RIGHT_WRIST,-0.32327484078468377,0.8252136649754409,0.6194666028022766,0.5114593207836151,0.5720476657152176,0.3962942436001437
00029,/Users/nikko/Downloads/moi-main/project_root/data/temp_frames/video10/frame_00029.png,"[685, 713, 2162, 1380]",LEFT_EYE,1.074541838660539,-0.2559927706538776,0.8732370138168335,0.5114593207836151,0.5720476657152176,0.3962942436001437
00029,/Users/nikko/Downloads/moi-main/project_root/data/temp_frames/video10/frame_00029.png,"[685, 713, 2162, 1380]",RIGHT_EYE,0.9832899080398273,-0.29036836505039254,0.9068136811256409,0.5114593207836151,0.5720476657152176,0.3962942436001437
00030,/Users/nikko/Downloads/moi-main/project_root/data/temp_frames/video10/frame_00030.png,"[703, 715, 2152, 1368]",LEFT_SHOULDER,0.7571018177596952,-0.10410379279342882,0.9975547194480896,0.5119611471891403,0.5867529436945915,0.41828962738482967
00030,/Users/nikko/Downloads/moi-main/project_root/data/temp_frames/video10/frame_00030.png,"[703, 715, 2152, 1368]",RIGHT_SHOULDER,0.1218364896520618,-0.24762665856147678,0.9966081380844116,0.5119611471891403,0.5867529436945915,0.41828962738482967
00030,/Users/nikko/Downloads/moi-main/project_root/data/temp_frames/video10/frame_00030.png,"[703, 715, 2152, 1368]",LEFT_HIP,-0.3028810036293829,0.2447292495318615,0.9982910752296448,0.5119611471891403,0.5867529436945915,0.41828962738482967
00030,/Users/nikko/Downloads/moi-main/project_root/data/temp_frames/video10/frame_00030.png,"[703, 715, 2152, 1368]",RIGHT_HIP,-0.5760573037823742,0.1070012018230441,0.9989086389541626,0.5119611471891403,0.5867529436945915,0.41828962738482967
00030,/Users/nikko/Downloads/moi-main/project_root/data/temp_frames/video10/frame_00030.png,"[703, 715, 2152, 1368]",RIGHT_ELBOW,-0.5280676775848757,-0.3057048668542001,0.8988019227981567,0.5119611471891403,0.5867529436945915,0.41828962738482967
00030,/Users/nikko/Downloads/moi-main/project_root/data/temp_frames/video10/frame_00030.png,"[703, 715, 2152, 1368]",RIGHT_WRIST,-0.3383380257001836,0.8131818565372694,0.9033125042915344,0.5119611471891403,0.5867529436945915,0.41828962738482967
00030,/Users/nikko/Downloads/moi-main/project_root/data/temp_frames/video10/frame_00030.png,"[703, 715, 2152, 1368]",LEFT_EYE,1.0361676246370433,-0.2470885220018839,0.7208055853843689,0.5119611471891403,0.5867529436945915,0.41828962738482967
00030,/Users/nikko/Downloads/moi-main/project_root/data/temp_frames/video10/frame_00030.png,"[703, 715, 2152, 1368]",RIGHT_EYE,0.952980818025415,-0.27770345500522897,0.8243328332901001,0.5119611471891403,0.5867529436945915,0.41828962738482967
00031,/Users/nikko/Downloads/moi-main/project_root/data/temp_frames/video10/frame_00031.png,"[688, 731, 2171, 1376]",LEFT_SHOULDER,0.7818024061347107,-0.11175031742694502,0.9991201758384705,0.5121361091732979,0.5614544525742531,0.3846073453367883
00031,/Users/nikko/Downloads/moi-main/project_root/data/temp_frames/video10/frame_00031.png,"[688, 731, 2171, 1376]",RIGHT_SHOULDER,0.12412436025518281,-0.20908031732867657,0.9988272786140442,0.5121361091732979,0.5614544525742531,0.3846073453367883
00031,/Users/nikko/Downloads/moi-main/project_root/data/temp_frames/video10/frame_00031.png,"[688, 731, 2171, 1376]",LEFT_HIP,-0.3193760170702716,0.21655109614255388,0.9993402361869812,0.5121361091732979,0.5614544525742531,0.3846073453367883
00031,/Users/nikko/Downloads/moi-main/project_root/data/temp_frames/video10/frame_00031.png,"[688, 731, 2171, 1376]",RIGHT_HIP,-0.586550749319622,0.10427953861306771,0.9996088147163391,0.5121361091732979,0.5614544525742531,0.3846073453367883
00031,/Users/nikko/Downloads/moi-main/project_root/data/temp_frames/video10/frame_00031.png,"[688, 731, 2171, 1376]",RIGHT_ELBOW,-0.539438098362588,-0.2870649810308887,0.8869838714599609,0.5121361091732979,0.5614544525742531,0.3846073453367883
00031,/Users/nikko/Downloads/moi-main/project_root/data/temp_frames/video10/frame_00031.png,"[688, 731, 2171, 1376]",RIGHT_WRIST,-0.3962741488339053,0.865768729585786,0.8698189854621887,0.5121361091732979,0.5614544525742531,0.3846073453367883
00031,/Users/nikko/Downloads/moi-main/project_root/data/temp_frames/video10/frame_00031.png,"[688, 731, 2171, 1376]",LEFT_EYE,1.1046296266267024,-0.27501030358454015,0.931659460067749,0.5121361091732979,0.5614544525742531,0.3846073453367883
00031,/Users/nikko/Downloads/moi-main/project_root/data/temp_frames/video10/frame_00031.png,"[688, 731, 2171, 1376]",RIGHT_EYE,1.0232722351282728,-0.3106587330481543,0.9615547060966492,0.5121361091732979,0.5614544525742531,0.3846073453367883
00032,/Users/nikko/Downloads/moi-main/project_root/data/temp_frames/video10/frame_00032.png,"[686, 744, 2165, 1381]",LEFT_SHOULDER,0.7809740666940712,-0.08209579715894566,0.9987908005714417,0.5156535431742668,0.5576317682862282,0.3859584715515989
00032,/Users/nikko/Downloads/moi-main/project_root/data/temp_frames/video10/frame_00032.png,"[686, 744, 2165, 1381]",RIGHT_SHOULDER,0.14689880857563706,-0.18741409740791862,0.9983620047569275,0.5156535431742668,0.5576317682862282,0.3859584715515989
00032,/Users/nikko/Downloads/moi-main/project_root/data/temp_frames/video10/frame_00032.png,"[686, 744, 2165, 1381]",LEFT_HIP,-0.33310248105547774,0.19823585955854814,0.9986662864685059,0.5156535431742668,0.5576317682862282,0.3859584715515989
00032,/Users/nikko/Downloads/moi-main/project_root/data/temp_frames/video10/frame_00032.png,"[686, 744, 2165, 1381]",RIGHT_HIP,-0.5947703942142306,0.07127403500831614,0.9991812109947205,0.5156535431742668,0.5576317682862282,0.3859584715515989
00032,/Users/nikko/Downloads/moi-main/project_root/data/temp_frames/video10/frame_00032.png,"[686, 744, 2165, 1381]",RIGHT_ELBOW,-0.5217429871855583,-0.37844792574878816,0.8835012912750244,0.5156535431742668,0.5576317682862282,0.3859584715515989
00032,/Users/nikko/Downloads/moi-main/project_root/data/temp_frames/video10/frame_00032.png,"[686, 744, 2165, 1381]",RIGHT_WRIST,-0.388281086374503,0.882454518993964,0.859251081943512,0.5156535431742668,0.5576317682862282,0.3859584715515989
00032,/Users/nikko/Downloads/moi-main/project_root/data/temp_frames/video10/frame_00032.png,"[686, 744, 2165, 1381]",LEFT_EYE,1.101789816819644,-0.2352119734635702,0.8583807349205017,0.5156535431742668,0.5576317682862282,0.3859584715515989
00032,/Users/nikko/Downloads/moi-main/project_root/data/temp_frames/video10/frame_00032.png,"[686, 744, 2165, 1381]",RIGHT_EYE,1.0105144765276042,-0.2731980392271506,0.9110662341117859,0.5156535431742668,0.5576317682862282,0.3859584715515989
00033,/Users/nikko/Downloads/moi-main/project_root/data/temp_frames/video10/frame_00033.png,"[683, 757, 2164, 1378]",LEFT_SHOULDER,0.770107101013931,-0.0313124421319737,0.9979935884475708,0.5242374613881111,0.5608956441283226,0.38883215415651357
00033,/Users/nikko/Downloads/moi-main/project_root/data/temp_frames/video10/frame_00033.png,"[683, 757, 2164, 1378]",RIGHT_SHOULDER,0.1473130644322005,-0.2196191085531996,0.9975098371505737,0.5242374613881111,0.5608956441283226,0.38883215415651357
00033,/Users/nikko/Downloads/moi-main/project_root/data/temp_frames/video10/frame_00033.png,"[683, 757, 2164, 1378]",LEFT_HIP,-0.32004650752697983,0.2031964973014749,0.9982055425643921,0.5242374613881111,0.5608956441283226,0.38883215415651357
00033,/Users/nikko/Downloads/moi-main/project_root/data/temp_frames/video10/frame_00033.png,"[683, 757, 2164, 1378]",RIGHT_HIP,-0.5973736579191516,0.04773505338369841,0.9990149736404419,0.5242374613881111,0.5608956441283226,0.38883215415651357
00033,/Users/nikko/Downloads/moi-main/project_root/data/temp_frames/video10/frame_00033.png,"[683, 757, 2164, 1378]",RIGHT_ELBOW,-0.5565895478581867,-0.40776129324841515,0.8775748610496521,0.5242374613881111,0.5608956441283226,0.38883215415651357
00033,/Users/nikko/Downloads/moi-main/project_root/data/temp_frames/video10/frame_00033.png,"[683, 757, 2164, 1378]",RIGHT_WRIST,-0.4017181227320355,0.8657235244704955,0.7988207340240479,0.5242374613881111,0.5608956441283226,0.38883215415651357
00033,/Users/nikko/Downloads/moi-main/project_root/data/temp_frames/video10/frame_00033.png,"[683, 757, 2164, 1378]",RIGHT_ANKLE,-1.1856017946309363,0.23491679049800251,0.5864561200141907,0.5242374613881111,0.5608956441283226,0.38883215415651357
00033,/Users/nikko/Downloads/moi-main/project_root/data/temp_frames/video10/frame_00033.png,"[683, 757, 2164, 1378]",LEFT_EYE,1.0622340043979577,-0.2437891080183406,0.740948498249054,0.5242374613881111,0.5608956441283226,0.38883215415651357
00033,/Users/nikko/Downloads/moi-main/project_root/data/temp_frames/video10/frame_00033.png,"[683, 757, 2164, 1378]",RIGHT_EYE,0.9715202630686609,-0.27262062383680163,0.8439834713935852,0.5242374613881111,0.5608956441283226,0.38883215415651357
00034,/Users/nikko/Downloads/moi-main/project_root/data/temp_frames/video10/frame_00034.png,"[685, 760, 2163, 1378]",LEFT_SHOULDER,0.7657463861967376,-0.025577583251825603,0.9974682331085205,0.523632176220417,0.5612258464097977,0.38733222060224576
00034,/Users/nikko/Downloads/moi-main/project_root/data/temp_frames/video10/frame_00034.png,"[685, 760, 2163, 1378]",RIGHT_SHOULDER,0.1592884142736113,-0.2159740369698082,0.9969636797904968,0.523632176220417,0.5612258464097977,0.38733222060224576
00034,/Users/nikko/Downloads/moi-main/project_root/data/temp_frames/video10/frame_00034.png,"[685, 760, 2163, 1378]",LEFT_HIP,-0.32624713354097434,0.19066602188435652,0.9976744055747986,0.523632176220417,0.5612258464097977,0.38733222060224576
00034,/Users/nikko/Downloads/moi-main/project_root/data/temp_frames/video10/frame_00034.png,"[685, 760, 2163, 1378]",RIGHT_HIP,-0.5987876669293746,0.05088559833727727,0.99875807762146,0.523632176220417,0.5612258464097977,0.38733222060224576
00034,/Users/nikko/Downloads/moi-main/project_root/data/temp_frames/video10/frame_00034.png,"[685, 760, 2163, 1378]",RIGHT_ELBOW,-0.5582269487010268,-0.3958140520240725,0.8890674114227295,0.523632176220417,0.5612258464097977,0.38733222060224576
00034,/Users/nikko/Downloads/moi-main/project_root/data/temp_frames/video10/frame_00034.png,"[685, 760, 2163, 1378]",RIGHT_WRIST,-0.3774183810341423,0.8974493633336622,0.8025972843170166,0.523632176220417,0.5612258464097977,0.38733222060224576
00034,/Users/nikko/Downloads/moi-main/project_root/data/temp_frames/video10/frame_00034.png,"[685, 760, 2163, 1378]",RIGHT_ANKLE,-1.2114262594537408,0.2772400679252549,0.6370356678962708,0.523632176220417,0.5612258464097977,0.38733222060224576
00034,/Users/nikko/Downloads/moi-main/project_root/data/temp_frames/video10/frame_00034.png,"[685, 760, 2163, 1378]",LEFT_EYE,1.080273767673266,-0.25224736334238645,0.7534255385398865,0.523632176220417,0.5612258464097977,0.38733222060224576
00034,/Users/nikko/Downloads/moi-main/project_root/data/temp_frames/video10/frame_00034.png,"[685, 760, 2163, 1378]",RIGHT_EYE,0.988557190458465,-0.2992712543908884,0.848082423210144,0.523632176220417,0.5612258464097977,0.38733222060224576
00035,/Users/nikko/Downloads/moi-main/project_root/data/temp_frames/video10/frame_00035.png,"[682, 750, 2164, 1382]",LEFT_SHOULDER,0.7730985171082387,-0.028456323617690443,0.9981268048286438,0.5206555724143982,0.553355947136879,0.3936514629284416
00035,/Users/nikko/Downloads/moi-main/project_root/data/temp_frames/video10/frame_00035.png,"[682, 750, 2164, 1382]",RIGHT_SHOULDER,0.13104690730824722,-0.23715220629175912,0.9976462721824646,0.5206555724143982,0.553355947136879,0.3936514629284416
00035,/Users/nikko/Downloads/moi-main/project_root/data/temp_frames/video10/frame_00035.png,"[682, 750, 2164, 1382]",LEFT_HIP,-0.3209491890275893,0.2181825856696955,0.9979816675186157,0.5206555724143982,0.553355947136879,0.3936514629284416
00035,/Users/nikko/Downloads/moi-main/project_root/data/temp_frames/video10/frame_00035.png,"[682, 750, 2164, 1382]",RIGHT_HIP,-0.5831962353888966,0.047425944239754055,0.9988352656364441,0.5206555724143982,0.553355947136879,0.3936514629284416
00035,/Users/nikko/Downloads/moi-main/project_root/data/temp_frames/video10/frame_00035.png,"[682, 750, 2164, 1382]",RIGHT_ELBOW,-0.534621999405343,-0.3861721222217154,0.9096858501434326,0.5206555724143982,0.553355947136879,0.3936514629284416
00035,/Users/nikko/Downloads/moi-main/project_root/data/temp_frames/video10/frame_00035.png,"[682, 750, 2164, 1382]",RIGHT_WRIST,-0.3983743733668954,0.8657832438727553,0.8827362060546875,0.5206555724143982,0.553355947136879,0.3936514629284416
00035,/Users/nikko/Downloads/moi-main/project_root/data/temp_frames/video10/frame_00035.png,"[682, 750, 2164, 1382]",RIGHT_ANKLE,-1.169535207303866,0.28021418766077183,0.5051335692405701,0.5206555724143982,0.553355947136879,0.3936514629284416
00035,/Users/nikko/Downloads/moi-main/project_root/data/temp_frames/video10/frame_00035.png,"[682, 750, 2164, 1382]",LEFT_EYE,1.070369767607805,-0.1725988670536598,0.8079460859298706,0.5206555724143982,0.553355947136879,0.3936514629284416
00035,/Users/nikko/Downloads/moi-main/project_root/data/temp_frames/video10/frame_00035.png,"[682, 750, 2164, 1382]",RIGHT_EYE,0.9744099015663712,-0.24268967146510576,0.8814969658851624,0.5206555724143982,0.553355947136879,0.3936514629284416
00036,/Users/nikko/Downloads/moi-main/project_root/data/temp_frames/video10/frame_00036.png,"[680, 732, 2184, 1377]",LEFT_SHOULDER,0.7829524882516976,-0.08933835908950356,0.99896240234375,0.5140845403075218,0.5695300847291946,0.36948836699827253
00036,/Users/nikko/Downloads/moi-main/project_root/data/temp_frames/video10/frame_00036.png,"[680, 732, 2184, 1377]",RIGHT_SHOULDER,0.13966745610991957,-0.1987744804797627,0.9991264939308167,0.5140845403075218,0.5695300847291946,0.36948836699827253
00036,/Users/nikko/Downloads/moi-main/project_root/data/temp_frames/video10/frame_00036.png,"[680, 732, 2184, 1377]",LEFT_HIP,-0.32236987291542235,0.1906125812859313,0.9996315240859985,0.5140845403075218,0.5695300847291946,0.36948836699827253
00036,/Users/nikko/Downloads/moi-main/project_root/data/temp_frames/video10/frame_00036.png,"[680, 732, 2184, 1377]",RIGHT_HIP,-0.6002500714461948,0.09750025828333495,0.9998061060905457,0.5140845403075218,0.5695300847291946,0.36948836699827253
00036,/Users/nikko/Downloads/moi-main/project_root/data/temp_frames/video10/frame_00036.png,"[680, 732, 2184, 1377]",RIGHT_ELBOW,-0.5646477979578371,-0.34423899342659714,0.9070901274681091,0.5140845403075218,0.5695300847291946,0.36948836699827253
00036,/Users/nikko/Downloads/moi-main/project_root/data/temp_frames/video10/frame_00036.png,"[680, 732, 2184, 1377]",RIGHT_WRIST,-0.3853539627354961,0.8983607354296698,0.9146929383277893,0.5140845403075218,0.5695300847291946,0.36948836699827253
00036,/Users/nikko/Downloads/moi-main/project_root/data/temp_frames/video10/frame_00036.png,"[680, 732, 2184, 1377]",LEFT_EYE,1.1244281669029583,-0.32040719309648297,0.8531545400619507,0.5140845403075218,0.5695300847291946,0.36948836699827253
00036,/Users/nikko/Downloads/moi-main/project_root/data/temp_frames/video10/frame_00036.png,"[680, 732, 2184, 1377]",RIGHT_EYE,1.0519663175511955,-0.3336882358518455,0.9214986562728882,0.5140845403075218,0.5695300847291946,0.36948836699827253
00037,/Users/nikko/Downloads/moi-main/project_root/data/temp_frames/video10/frame_00037.png,"[680, 717, 2171, 1387]",LEFT_SHOULDER,0.7530653451529828,-0.09839739933932223,0.9993826150894165,0.5201603025197983,0.5521318912506104,0.39698530091592904
00037,/Users/nikko/Downloads/moi-main/project_root/data/temp_frames/video10/frame_00037.png,"[680, 717, 2171, 1387]",RIGHT_SHOULDER,0.11605547873856394,-0.2602666367630836,0.9985774755477905,0.5201603025197983,0.5521318912506104,0.39698530091592904
00037,/Users/nikko/Downloads/moi-main/project_root/data/temp_frames/video10/frame_00037.png,"[680, 717, 2171, 1387]",LEFT_HIP,-0.3064168663670618,0.2589824619445507,0.9991809725761414,0.5201603025197983,0.5521318912506104,0.39698530091592904
00037,/Users/nikko/Downloads/moi-main/project_root/data/temp_frames/video10/frame_00037.png,"[680, 717, 2171, 1387]",RIGHT_HIP,-0.562703957524485,0.09968157415785507,0.999441921710968,0.5201603025197983,0.5521318912506104,0.39698530091592904
00037,/Users/nikko/Downloads/moi-main/project_root/data/temp_frames/video10/frame_00037.png,"[680, 717, 2171, 1387]",RIGHT_ELBOW,-0.5422073082578895,-0.2770439385954811,0.852340579032898,0.5201603025197983,0.5521318912506104,0.39698530091592904
00037,/Users/nikko/Downloads/moi-main/project_root/data/temp_frames/video10/frame_00037.png,"[680, 717, 2171, 1387]",RIGHT_WRIST,-0.3738780844369828,0.8344022350425268,0.807216465473175,0.5201603025197983,0.5521318912506104,0.39698530091592904
00037,/Users/nikko/Downloads/moi-main/project_root/data/temp_frames/video10/frame_00037.png,"[680, 717, 2171, 1387]",LEFT_EYE,1.0506062333014663,-0.2772382239006584,0.925196647644043,0.5201603025197983,0.5521318912506104,0.39698530091592904
00037,/Users/nikko/Downloads/moi-main/project_root/data/temp_frames/video10/frame_00037.png,"[680, 717, 2171, 1387]",RIGHT_EYE,0.9704515334595574,-0.3204206854107719,0.9515817761421204,0.5201603025197983,0.5521318912506104,0.39698530091592904
00038,/Users/nikko/Downloads/moi-main/project_root/data/temp_frames/video10/frame_00038.png,"[686, 695, 2174, 1387]",LEFT_SHOULDER,0.7801695007541454,-0.15141563793657792,0.9993062019348145,0.5158187597990036,0.5436637848615646,0.3846010749461643
00038,/Users/nikko/Downloads/moi-main/project_root/data/temp_frames/video10/frame_00038.png,"[686, 695, 2174, 1387]",RIGHT_SHOULDER,0.11268969719165972,-0.2068327697956409,0.9968505501747131,0.5158187597990036,0.5436637848615646,0.3846010749461643
00038,/Users/nikko/Downloads/moi-main/project_root/data/temp_frames/video10/frame_00038.png,"[686, 695, 2174, 1387]",LEFT_HIP,-0.3075386890912409,0.23003442509067723,0.9975798726081848,0.5158187597990036,0.5436637848615646,0.3846010749461643
00038,/Users/nikko/Downloads/moi-main/project_root/data/temp_frames/video10/frame_00038.png,"[686, 695, 2174, 1387]",RIGHT_HIP,-0.5853205088545642,0.12821398264154157,0.9979912042617798,0.5158187597990036,0.5436637848615646,0.3846010749461643
00038,/Users/nikko/Downloads/moi-main/project_root/data/temp_frames/video10/frame_00038.png,"[686, 695, 2174, 1387]",RIGHT_ELBOW,-0.5544665126359191,-0.16913696676907797,0.8058485984802246,0.5158187597990036,0.5436637848615646,0.3846010749461643
00038,/Users/nikko/Downloads/moi-main/project_root/data/temp_frames/video10/frame_00038.png,"[686, 695, 2174, 1387]",RIGHT_WRIST,-0.39958134699733294,0.8596791780352141,0.7387903332710266,0.5158187597990036,0.5436637848615646,0.3846010749461643
00038,/Users/nikko/Downloads/moi-main/project_root/data/temp_frames/video10/frame_00038.png,"[686, 695, 2174, 1387]",LEFT_EYE,1.0922381534339367,-0.34578280372417375,0.9355160593986511,0.5158187597990036,0.5436637848615646,0.3846010749461643
00038,/Users/nikko/Downloads/moi-main/project_root/data/temp_frames/video10/frame_00038.png,"[686, 695, 2174, 1387]",RIGHT_EYE,0.999991312220498,-0.3844035920030314,0.951705276966095,0.5158187597990036,0.5436637848615646,0.3846010749461643
00039,/Users/nikko/Downloads/moi-main/project_root/data/temp_frames/video10/frame_00039.png,"[716, 647, 2145, 1364]",LEFT_SHOULDER,0.7616356213981198,-0.21065460807103217,0.9996953010559082,0.5100359544157982,0.5685301050543785,0.40594879840508225
00039,/Users/nikko/Downloads/moi-main/project_root/data/temp_frames/video10/frame_00039.png,"[716, 647, 2145, 1364]",RIGHT_SHOULDER,0.09639442697558268,-0.2197367266027027,0.99757319688797,0.5100359544157982,0.5685301050543785,0.40594879840508225
00039,/Users/nikko/Downloads/moi-main/project_root/data/temp_frames/video10/frame_00039.png,"[716, 647, 2145, 1364]",LEFT_HIP,-0.2884252080313868,0.2605779221937858,0.9992066025733948,0.5100359544157982,0.5685301050543785,0.40594879840508225
00039,/Users/nikko/Downloads/moi-main/project_root/data/temp_frames/video10/frame_00039.png,"[716, 647, 2145, 1364]",RIGHT_HIP,-0.5696048403423156,0.16981341247994905,0.9992203712463379,0.5100359544157982,0.5685301050543785,0.40594879840508225
00039,/Users/nikko/Downloads/moi-main/project_root/data/temp_frames/video10/frame_00039.png,"[716, 647, 2145, 1364]",RIGHT_ELBOW,-0.5437518823411406,-0.032873960315966844,0.767445981502533,0.5100359544157982,0.5685301050543785,0.40594879840508225
00039,/Users/nikko/Downloads/moi-main/project_root/data/temp_frames/video10/frame_00039.png,"[716, 647, 2145, 1364]",RIGHT_WRIST,-0.3567259167471814,0.7795314569017628,0.6718583106994629,0.5100359544157982,0.5685301050543785,0.40594879840508225
00039,/Users/nikko/Downloads/moi-main/project_root/data/temp_frames/video10/frame_00039.png,"[716, 647, 2145, 1364]",LEFT_EYE,1.08675242752081,-0.3932224355046481,0.9638504385948181,0.5100359544157982,0.5685301050543785,0.40594879840508225
00039,/Users/nikko/Downloads/moi-main/project_root/data/temp_frames/video10/frame_00039.png,"[716, 647, 2145, 1364]",RIGHT_EYE,0.9922981305010606,-0.4039344181027445,0.9680706262588501,0.5100359544157982,0.5685301050543785,0.40594879840508225
00040,/Users/nikko/Downloads/moi-main/project_root/data/temp_frames/video10/frame_00040.png,"[681, 592, 2149, 1362]",LEFT_SHOULDER,0.6825550359579677,-0.14298666599843443,0.9993409514427185,0.5269274190068245,0.5752647519111633,0.43244201006934324
00040,/Users/nikko/Downloads/moi-main/project_root/data/temp_frames/video10/frame_00040.png,"[681, 592, 2149, 1362]",RIGHT_SHOULDER,0.041868040164480765,-0.3780011856458743,0.9972994923591614,0.5269274190068245,0.5752647519111633,0.43244201006934324
00040,/Users/nikko/Downloads/moi-main/project_root/data/temp_frames/video10/frame_00040.png,"[681, 592, 2149, 1362]",LEFT_HIP,-0.24693527258826353,0.37213447510169545,0.9989209175109863,0.5269274190068245,0.5752647519111633,0.43244201006934324
00040,/Users/nikko/Downloads/moi-main/project_root/data/temp_frames/video10/frame_00040.png,"[681, 592, 2149, 1362]",RIGHT_HIP,-0.47748780353418496,0.14885337654261332,0.9990960359573364,0.5269274190068245,0.5752647519111633,0.43244201006934324
00040,/Users/nikko/Downloads/moi-main/project_root/data/temp_frames/video10/frame_00040.png,"[681, 592, 2149, 1362]",RIGHT_ELBOW,-0.5207173033062906,-0.014548378081210065,0.8848145008087158,0.5269274190068245,0.5752647519111633,0.43244201006934324
00040,/Users/nikko/Downloads/moi-main/project_root/data/temp_frames/video10/frame_00040.png,"[681, 592, 2149, 1362]",RIGHT_WRIST,-0.3582884407127296,0.7885776110084269,0.8570621609687805,0.5269274190068245,0.5752647519111633,0.43244201006934324
00040,/Users/nikko/Downloads/moi-main/project_root/data/temp_frames/video10/frame_00040.png,"[681, 592, 2149, 1362]",RIGHT_ANKLE,-1.087950830211368,0.3641229500951078,0.5037382245063782,0.5269274190068245,0.5752647519111633,0.43244201006934324
00040,/Users/nikko/Downloads/moi-main/project_root/data/temp_frames/video10/frame_00040.png,"[681, 592, 2149, 1362]",LEFT_EYE,0.9533707693914052,-0.43628601212670365,0.944439709186554,0.5269274190068245,0.5752647519111633,0.43244201006934324
00040,/Users/nikko/Downloads/moi-main/project_root/data/temp_frames/video10/frame_00040.png,"[681, 592, 2149, 1362]",RIGHT_EYE,0.8579325215361546,-0.48296884098745535,0.9663538932800293,0.5269274190068245,0.5752647519111633,0.43244201006934324
00041,/Users/nikko/Downloads/moi-main/project_root/data/temp_frames/video10/frame_00041.png,"[665, 545, 2135, 1359]",LEFT_SHOULDER,0.6889920779148624,-0.20108302803721062,0.9997245669364929,0.5212349221110344,0.577200211584568,0.4379257347780192
00041,/Users/nikko/Downloads/moi-main/project_root/data/temp_frames/video10/frame_00041.png,"[665, 545, 2135, 1359]",RIGHT_SHOULDER,0.05736628641668307,-0.33359866120668,0.9990702271461487,0.5212349221110344,0.577200211584568,0.4379257347780192
00041,/Users/nikko/Downloads/moi-main/project_root/data/temp_frames/video10/frame_00041.png,"[665, 545, 2135, 1359]",LEFT_HIP,-0.25781153527661277,0.36346779602701146,0.9997325539588928,0.5212349221110344,0.577200211584568,0.4379257347780192
00041,/Users/nikko/Downloads/moi-main/project_root/data/temp_frames/video10/frame_00041.png,"[665, 545, 2135, 1359]",RIGHT_HIP,-0.4885468290549327,0.17121389321687916,0.9997857213020325,0.5212349221110344,0.577200211584568,0.4379257347780192
00041,/Users/nikko/Downloads/moi-main/project_root/data/temp_frames/video10/frame_00041.png,"[665, 545, 2135, 1359]",RIGHT_ELBOW,-0.49101723446635276,0.0787252791719615,0.8954220414161682,0.5212349221110344,0.577200211584568,0.4379257347780192
00041,/Users/nikko/Downloads/moi-main/project_root/data/temp_frames/video10/frame_00041.png,"[665, 545, 2135, 1359]",RIGHT_WRIST,-0.26761251367796,0.808823209284456,0.9041837453842163,0.5212349221110344,0.577200211584568,0.4379257347780192
00041,/Users/nikko/Downloads/moi-main/project_root/data/temp_frames/video10/frame_00041.png,"[665, 545, 2135, 1359]",LEFT_EYE,0.9636071643491005,-0.4836772360845774,0.9546891450881958,0.5212349221110344,0.577200211584568,0.4379257347780192
00041,/Users/nikko/Downloads/moi-main/project_root/data/temp_frames/video10/frame_00041.png,"[665, 545, 2135, 1359]",RIGHT_EYE,0.8850189957058479,-0.5067528410902171,0.9726717472076416,0.5212349221110344,0.577200211584568,0.4379257347780192
00042,/Users/nikko/Downloads/moi-main/project_root/data/temp_frames/video10/frame_00042.png,"[692, 504, 2096, 1360]",LEFT_SHOULDER,0.7065561876911332,-0.21114826789895116,0.9996517896652222,0.5268664211034775,0.5716554373502731,0.4484628581661871
00042,/Users/nikko/Downloads/moi-main/project_root/data/temp_frames/video10/frame_00042.png,"[692, 504, 2096, 1360]",RIGHT_SHOULDER,0.05558208016205035,-0.31066157939981015,0.998958945274353,0.5268664211034775,0.5716554373502731,0.4484628581661871
00042,/Users/nikko/Downloads/moi-main/project_root/data/temp_frames/video10/frame_00042.png,"[692, 504, 2096, 1360]",LEFT_HIP,-0.2558561848351591,0.34625873338138746,0.9996939897537231,0.5268664211034775,0.5716554373502731,0.4484628581661871
00042,/Users/nikko/Downloads/moi-main/project_root/data/temp_frames/video10/frame_00042.png,"[692, 504, 2096, 1360]",RIGHT_HIP,-0.5062820830180245,0.17555111391737382,0.9997724890708923,0.5268664211034775,0.5716554373502731,0.4484628581661871
00042,/Users/nikko/Downloads/moi-main/project_root/data/temp_frames/video10/frame_00042.png,"[692, 504, 2096, 1360]",RIGHT_ELBOW,-0.4901996572323727,0.06055552616071228,0.8979457020759583,0.5268664211034775,0.5716554373502731,0.4484628581661871
00042,/Users/nikko/Downloads/moi-main/project_root/data/temp_frames/video10/frame_00042.png,"[692, 504, 2096, 1360]",RIGHT_WRIST,-0.3105033515146844,0.7417645170797366,0.9373570680618286,0.5268664211034775,0.5716554373502731,0.4484628581661871
00042,/Users/nikko/Downloads/moi-main/project_root/data/temp_frames/video10/frame_00042.png,"[692, 504, 2096, 1360]",RIGHT_ANKLE,-1.0356943449208735,0.41063934058111606,0.5216172933578491,0.5268664211034775,0.5716554373502731,0.4484628581661871
00042,/Users/nikko/Downloads/moi-main/project_root/data/temp_frames/video10/frame_00042.png,"[692, 504, 2096, 1360]",LEFT_EYE,0.9663576030891672,-0.5387986776367748,0.9252343773841858,0.5268664211034775,0.5716554373502731,0.4484628581661871
00042,/Users/nikko/Downloads/moi-main/project_root/data/temp_frames/video10/frame_00042.png,"[692, 504, 2096, 1360]",RIGHT_EYE,0.885245111422,-0.5605919272511413,0.9579185843467712,0.5268664211034775,0.5716554373502731,0.4484628581661871
00043,/Users/nikko/Downloads/moi-main/project_root/data/temp_frames/video10/frame_00043.png,"[701, 449, 2079, 1359]",LEFT_SHOULDER,0.7057622310252541,-0.2124532171990853,0.9996645450592041,0.5476816222071648,0.553294338285923,0.4430843508467532
00043,/Users/nikko/Downloads/moi-main/project_root/data/temp_frames/video10/frame_00043.png,"[701, 449, 2079, 1359]",RIGHT_SHOULDER,0.03340522145759266,-0.324307617406355,0.9991928935050964,0.5476816222071648,0.553294338285923,0.4430843508467532
00043,/Users/nikko/Downloads/moi-main/project_root/data/temp_frames/video10/frame_00043.png,"[701, 449, 2079, 1359]",LEFT_HIP,-0.22601987356506645,0.3417372108769736,0.9995220899581909,0.5476816222071648,0.553294338285923,0.4430843508467532
00043,/Users/nikko/Downloads/moi-main/project_root/data/temp_frames/video10/frame_00043.png,"[701, 449, 2079, 1359]",RIGHT_HIP,-0.5131475789177804,0.1950236237284667,0.9996675252914429,0.5476816222071648,0.553294338285923,0.4430843508467532
00043,/Users/nikko/Downloads/moi-main/project_root/data/temp_frames/video10/frame_00043.png,"[701, 449, 2079, 1359]",RIGHT_ELBOW,-0.5007556705668613,0.09437767354999431,0.943244993686676,0.5476816222071648,0.553294338285923,0.4430843508467532
00043,/Users/nikko/Downloads/moi-main/project_root/data/temp_frames/video10/frame_00043.png,"[701, 449, 2079, 1359]",RIGHT_WRIST,-0.38951274064128577,0.8173119050075525,0.9678041338920593,0.5476816222071648,0.553294338285923,0.4430843508467532
00043,/Users/nikko/Downloads/moi-main/project_root/data/temp_frames/video10/frame_00043.png,"[701, 449, 2079, 1359]",RIGHT_ANKLE,-1.0928966374576372,0.47428723339694356,0.5572386980056763,0.5476816222071648,0.553294338285923,0.4430843508467532
00043,/Users/nikko/Downloads/moi-main/project_root/data/temp_frames/video10/frame_00043.png,"[701, 449, 2079, 1359]",LEFT_EYE,0.913830817535675,-0.5483729686913444,0.9350349307060242,0.5476816222071648,0.553294338285923,0.4430843508467532
00043,/Users/nikko/Downloads/moi-main/project_root/data/temp_frames/video10/frame_00043.png,"[701, 449, 2079, 1359]",RIGHT_EYE,0.8192499315130628,-0.5665828913307096,0.9687439799308777,0.5476816222071648,0.553294338285923,0.4430843508467532
00044,/Users/nikko/Downloads/moi-main/project_root/data/temp_frames/video10/frame_00044.png,"[674, 404, 2064, 1357]",LEFT_SHOULDER,0.693032778178209,-0.193767194010966,0.9998674392700195,0.5459746792912483,0.5383803471922874,0.44847027127699113
00044,/Users/nikko/Downloads/moi-main/project_root/data/temp_frames/video10/frame_00044.png,"[674, 404, 2064, 1357]",RIGHT_SHOULDER,0.0038433755310607162,-0.3577440618659588,0.9995349645614624,0.5459746792912483,0.5383803471922874,0.44847027127699113
00044,/Users/nikko/Downloads/moi-main/project_root/data/temp_frames/video10/frame_00044.png,"[674, 404, 2064, 1357]",LEFT_HIP,-0.2110656816449671,0.37615371486489196,0.9997286200523376,0.5459746792912483,0.5383803471922874,0.44847027127699113
00044,/Users/nikko/Downloads/moi-main/project_root/data/temp_frames/video10/frame_00044.png,"[674, 404, 2064, 1357]",RIGHT_HIP,-0.48581047206430256,0.17535754101203285,0.9997561573982239,0.5459746792912483,0.5383803471922874,0.44847027127699113
00044,/Users/nikko/Downloads/moi-main/project_root/data/temp_frames/video10/frame_00044.png,"[674, 404, 2064, 1357]",RIGHT_ELBOW,-0.47112781828249334,0.1830807417005322,0.9738194346427917,0.5459746792912483,0.5383803471922874,0.44847027127699113
00044,/Users/nikko/Downloads/moi-main/project_root/data/temp_frames/video10/frame_00044.png,"[674, 404, 2064, 1357]",LEFT_WRIST,0.6011934090823929,0.8793402421591657,0.7318843007087708,0.5459746792912483,0.5383803471922874,0.44847027127699113
00044,/Users/nikko/Downloads/moi-main/project_root/data/temp_frames/video10/frame_00044.png,"[674, 404, 2064, 1357]",RIGHT_WRIST,-0.3387238360918929,0.881565098113829,0.9876164793968201,0.5459746792912483,0.5383803471922874,0.44847027127699113
00044,/Users/nikko/Downloads/moi-main/project_root/data/temp_frames/video10/frame_00044.png,"[674, 404, 2064, 1357]",RIGHT_KNEE,-0.8511593647062983,0.47435917567949015,0.6099528074264526,0.5459746792912483,0.5383803471922874,0.44847027127699113
00044,/Users/nikko/Downloads/moi-main/project_root/data/temp_frames/video10/frame_00044.png,"[674, 404, 2064, 1357]",RIGHT_ANKLE,-1.0736573038701576,0.541704794569049,0.6833082437515259,0.5459746792912483,0.5383803471922874,0.44847027127699113
00044,/Users/nikko/Downloads/moi-main/project_root/data/temp_frames/video10/frame_00044.png,"[674, 404, 2064, 1357]",LEFT_EYE,0.9195215194841032,-0.5477926131602877,0.96357661485672,0.5459746792912483,0.5383803471922874,0.44847027127699113
00044,/Users/nikko/Downloads/moi-main/project_root/data/temp_frames/video10/frame_00044.png,"[674, 404, 2064, 1357]",RIGHT_EYE,0.830405273067803,-0.5588895141805177,0.9811456799507141,0.5459746792912483,0.5383803471922874,0.44847027127699113
00045,/Users/nikko/Downloads/moi-main/project_root/data/temp_frames/video10/frame_00045.png,"[650, 361, 2047, 1356]",LEFT_SHOULDER,0.6877975308301564,-0.1892685206978317,0.9999457597732544,0.5623766630887985,0.5257495567202568,0.42420714280036803
00045,/Users/nikko/Downloads/moi-main/project_root/data/temp_frames/video10/frame_00045.png,"[650, 361, 2047, 1356]",RIGHT_SHOULDER,0.011491369846560517,-0.3639910025035904,0.9996362924575806,0.5623766630887985,0.5257495567202568,0.42420714280036803
00045,/Users/nikko/Downloads/moi-main/project_root/data/temp_frames/video10/frame_00045.png,"[650, 361, 2047, 1356]",LEFT_HIP,-0.21258572294943445,0.3706153739436107,0.9998648166656494,0.5623766630887985,0.5257495567202568,0.42420714280036803
00045,/Users/nikko/Downloads/moi-main/project_root/data/temp_frames/video10/frame_00045.png,"[650, 361, 2047, 1356]",RIGHT_HIP,-0.4867031777272825,0.18264414925781142,0.9998704195022583,0.5623766630887985,0.5257495567202568,0.42420714280036803
00045,/Users/nikko/Downloads/moi-main/project_root/data/temp_frames/video10/frame_00045.png,"[650, 361, 2047, 1356]",LEFT_ELBOW,0.5654896508138209,0.34367627044627885,0.702484667301178,0.5623766630887985,0.5257495567202568,0.42420714280036803
00045,/Users/nikko/Downloads/moi-main/project_root/data/temp_frames/video10/frame_00045.png,"[650, 361, 2047, 1356]",RIGHT_ELBOW,-0.4546968514277432,0.23761804034890538,0.9845671653747559,0.5623766630887985,0.5257495567202568,0.42420714280036803
00045,/Users/nikko/Downloads/moi-main/project_root/data/temp_frames/video10/frame_00045.png,"[650, 361, 2047, 1356]",LEFT_WRIST,0.6451994745081678,0.9666231217637719,0.8938204050064087,0.5623766630887985,0.5257495567202568,0.42420714280036803
00045,/Users/nikko/Downloads/moi-main/project_root/data/temp_frames/video10/frame_00045.png,"[650, 361, 2047, 1356]",RIGHT_WRIST,-0.3155664689583154,0.9977759301043774,0.9936988353729248,0.5623766630887985,0.5257495567202568,0.42420714280036803
00045,/Users/nikko/Downloads/moi-main/project_root/data/temp_frames/video10/frame_00045.png,"[650, 361, 2047, 1356]",RIGHT_KNEE,-0.8443937332232465,0.5401614579608929,0.8790445923805237,0.5623766630887985,0.5257495567202568,0.42420714280036803
00045,/Users/nikko/Downloads/moi-main/project_root/data/temp_frames/video10/frame_00045.png,"[650, 361, 2047, 1356]",RIGHT_ANKLE,-1.1005980597520943,0.5752454088572725,0.9264177680015564,0.5623766630887985,0.5257495567202568,0.42420714280036803
00045,/Users/nikko/Downloads/moi-main/project_root/data/temp_frames/video10/frame_00045.png,"[650, 361, 2047, 1356]",LEFT_EYE,0.9282706832435593,-0.6013712851644126,0.9818286895751953,0.5623766630887985,0.5257495567202568,0.42420714280036803
00045,/Users/nikko/Downloads/moi-main/project_root/data/temp_frames/video10/frame_00045.png,"[650, 361, 2047, 1356]",RIGHT_EYE,0.8529818142055451,-0.6252952200255176,0.9900273680686951,0.5623766630887985,0.5257495567202568,0.42420714280036803
00046,/Users/nikko/Downloads/moi-main/project_root/data/temp_frames/video10/frame_00046.png,"[668, 309, 2035, 1356]",LEFT_SHOULDER,0.6890937955222887,-0.15955607658539153,0.9999207258224487,0.5617938861250877,0.5200633332133293,0.42424371724543797
00046,/Users/nikko/Downloads/moi-main/project_root/data/temp_frames/video10/frame_00046.png,"[668, 309, 2035, 1356]",RIGHT_SHOULDER,0.007765736178638903,-0.38154708162966555,0.9993784427642822,0.5617938861250877,0.5200633332133293,0.42424371724543797
00046,/Users/nikko/Downloads/moi-main/project_root/data/temp_frames/video10/frame_00046.png,"[668, 309, 2035, 1356]",LEFT_HIP,-0.20200413366115022,0.35615544304024616,0.9995235204696655,0.5617938861250877,0.5200633332133293,0.42424371724543797
00046,/Users/nikko/Downloads/moi-main/project_root/data/temp_frames/video10/frame_00046.png,"[668, 309, 2035, 1356]",RIGHT_HIP,-0.4948553980397773,0.18494771517481093,0.9995120763778687,0.5617938861250877,0.5200633332133293,0.42424371724543797
00046,/Users/nikko/Downloads/moi-main/project_root/data/temp_frames/video10/frame_00046.png,"[668, 309, 2035, 1356]",LEFT_ELBOW,0.5605352450922723,0.41956715400733147,0.7347597479820251,0.5617938861250877,0.5200633332133293,0.42424371724543797
00046,/Users/nikko/Downloads/moi-main/project_root/data/temp_frames/video10/frame_00046.png,"[668, 309, 2035, 1356]",RIGHT_ELBOW,-0.46694497808263336,0.243869868969042,0.9877001047134399,0.5617938861250877,0.5200633332133293,0.42424371724543797
00046,/Users/nikko/Downloads/moi-main/project_root/data/temp_frames/video10/frame_00046.png,"[668, 309, 2035, 1356]",LEFT_WRIST,0.6425510459406858,0.9842802478142316,0.8871353268623352,0.5617938861250877,0.5200633332133293,0.42424371724543797
00046,/Users/nikko/Downloads/moi-main/project_root/data/temp_frames/video10/frame_00046.png,"[668, 309, 2035, 1356]",RIGHT_WRIST,-0.354685325566691,0.9848218607981576,0.9926877021789551,0.5617938861250877,0.5200633332133293,0.42424371724543797
00046,/Users/nikko/Downloads/moi-main/project_root/data/temp_frames/video10/frame_00046.png,"[668, 309, 2035, 1356]",RIGHT_KNEE,-0.9046691453911437,0.5596892470163423,0.813648521900177,0.5617938861250877,0.5200633332133293,0.42424371724543797
00046,/Users/nikko/Downloads/moi-main/project_root/data/temp_frames/video10/frame_00046.png,"[668, 309, 2035, 1356]",RIGHT_ANKLE,-1.1008487442214265,0.6194935766668823,0.8147397637367249,0.5617938861250877,0.5200633332133293,0.42424371724543797
00046,/Users/nikko/Downloads/moi-main/project_root/data/temp_frames/video10/frame_00046.png,"[668, 309, 2035, 1356]",LEFT_EYE,0.9282408660072079,-0.655115483694126,0.9890581965446472,0.5617938861250877,0.5200633332133293,0.42424371724543797
00046,/Users/nikko/Downloads/moi-main/project_root/data/temp_frames/video10/frame_00046.png,"[668, 309, 2035, 1356]",RIGHT_EYE,0.8380872422651607,-0.6813602856674339,0.9935185313224792,0.5617938861250877,0.5200633332133293,0.42424371724543797
00047,/Users/nikko/Downloads/moi-main/project_root/data/temp_frames/video10/frame_00047.png,"[665, 265, 2030, 1353]",LEFT_SHOULDER,0.6483077806577577,-0.1943844464653679,0.9998227953910828,0.5712244883179665,0.5193472728133202,0.4524377136698221
00047,/Users/nikko/Downloads/moi-main/project_root/data/temp_frames/video10/frame_00047.png,"[665, 265, 2030, 1353]",RIGHT_SHOULDER,-0.009566462747238196,-0.4056350644884827,0.9990721940994263,0.5712244883179665,0.5193472728133202,0.4524377136698221
00047,/Users/nikko/Downloads/moi-main/project_root/data/temp_frames/video10/frame_00047.png,"[665, 265, 2030, 1353]",LEFT_HIP,-0.16465644013598152,0.38432419503032983,0.999618411064148,0.5712244883179665,0.5193472728133202,0.4524377136698221
00047,/Users/nikko/Downloads/moi-main/project_root/data/temp_frames/video10/frame_00047.png,"[665, 265, 2030, 1353]",RIGHT_HIP,-0.47408487777453806,0.21569531592352073,0.9996272325515747,0.5712244883179665,0.5193472728133202,0.4524377136698221
00047,/Users/nikko/Downloads/moi-main/project_root/data/temp_frames/video10/frame_00047.png,"[665, 265, 2030, 1353]",LEFT_ELBOW,0.4973671211422272,0.33549435410747286,0.6033508777618408,0.5712244883179665,0.5193472728133202,0.4524377136698221
00047,/Users/nikko/Downloads/moi-main/project_root/data/temp_frames/video10/frame_00047.png,"[665, 265, 2030, 1353]",RIGHT_ELBOW,-0.417457346660656,0.2964837047759938,0.9731841683387756,0.5712244883179665,0.5193472728133202,0.4524377136698221
00047,/Users/nikko/Downloads/moi-main/project_root/data/temp_frames/video10/frame_00047.png,"[665, 265, 2030, 1353]",LEFT_WRIST,0.5788434620500063,0.9131644804649138,0.7195612192153931,0.5712244883179665,0.5193472728133202,0.4524377136698221
00047,/Users/nikko/Downloads/moi-main/project_root/data/temp_frames/video10/frame_00047.png,"[665, 265, 2030, 1353]",RIGHT_WRIST,-0.32151905997592545,0.9706396997250744,0.9786271452903748,0.5712244883179665,0.5193472728133202,0.4524377136698221
00047,/Users/nikko/Downloads/moi-main/project_root/data/temp_frames/video10/frame_00047.png,"[665, 265, 2030, 1353]",RIGHT_KNEE,-0.8781883036975296,0.5609423817667781,0.7715939879417419,0.5712244883179665,0.5193472728133202,0.4524377136698221
00047,/Users/nikko/Downloads/moi-main/project_root/data/temp_frames/video10/frame_00047.png,"[665, 265, 2030, 1353]",RIGHT_ANKLE,-1.0856875772608887,0.6112796044239919,0.8607332110404968,0.5712244883179665,0.5193472728133202,0.4524377136698221
00047,/Users/nikko/Downloads/moi-main/project_root/data/temp_frames/video10/frame_00047.png,"[665, 265, 2030, 1353]",LEFT_EYE,0.8383320740774675,-0.6334729746156722,0.9182908535003662,0.5712244883179665,0.5193472728133202,0.4524377136698221
00047,/Users/nikko/Downloads/moi-main/project_root/data/temp_frames/video10/frame_00047.png,"[665, 265, 2030, 1353]",RIGHT_EYE,0.7654992671315086,-0.6351841269056675,0.9525815844535828,0.5712244883179665,0.5193472728133202,0.4524377136698221
00048,/Users/nikko/Downloads/moi-main/project_root/data/temp_frames/video10/frame_00048.png,"[662, 225, 2026, 1354]",LEFT_SHOULDER,0.6677719716369996,-0.20614384236189986,0.9998351335525513,0.5508975088596344,0.5192558541893959,0.4622931864363431
00048,/Users/nikko/Downloads/moi-main/project_root/data/temp_frames/video10/frame_00048.png,"[662, 225, 2026, 1354]",RIGHT_SHOULDER,-0.0018800301481666662,-0.3890781958474413,0.999464213848114,0.5508975088596344,0.5192558541893959,0.4622931864363431
00048,/Users/nikko/Downloads/moi-main/project_root/data/temp_frames/video10/frame_00048.png,"[662, 225, 2026, 1354]",LEFT_HIP,-0.19330272329832604,0.366641834960639,0.9996053576469421,0.5508975088596344,0.5192558541893959,0.4622931864363431
00048,/Users/nikko/Downloads/moi-main/project_root/data/temp_frames/video10/frame_00048.png,"[662, 225, 2026, 1354]",RIGHT_HIP,-0.4725892181905069,0.22858020324870215,0.9996477365493774,0.5508975088596344,0.5192558541893959,0.4622931864363431
00048,/Users/nikko/Downloads/moi-main/project_root/data/temp_frames/video10/frame_00048.png,"[662, 225, 2026, 1354]",LEFT_ELBOW,0.5432803631095358,0.3567258895067967,0.7110959887504578,0.5508975088596344,0.5192558541893959,0.4622931864363431
00048,/Users/nikko/Downloads/moi-main/project_root/data/temp_frames/video10/frame_00048.png,"[662, 225, 2026, 1354]",RIGHT_ELBOW,-0.34753159571725895,0.3134681125345405,0.983157217502594,0.5508975088596344,0.5192558541893959,0.4622931864363431
00048,/Users/nikko/Downloads/moi-main/project_root/data/temp_frames/video10/frame_00048.png,"[662, 225, 2026, 1354]",LEFT_WRIST,0.615444562545782,0.9229612124993604,0.8269780874252319,0.5508975088596344,0.5192558541893959,0.4622931864363431
00048,/Users/nikko/Downloads/moi-main/project_root/data/temp_frames/video10/frame_00048.png,"[662, 225, 2026, 1354]",RIGHT_WRIST,-0.260442485272104,0.9333992058954532,0.9945829510688782,0.5508975088596344,0.5192558541893959,0.4622931864363431
00048,/Users/nikko/Downloads/moi-main/project_root/data/temp_frames/video10/frame_00048.png,"[662, 225, 2026, 1354]",RIGHT_KNEE,-0.8509622562574799,0.5529910318086101,0.5556118488311768,0.5508975088596344,0.5192558541893959,0.4622931864363431
00048,/Users/nikko/Downloads/moi-main/project_root/data/temp_frames/video10/frame_00048.png,"[662, 225, 2026, 1354]",RIGHT_ANKLE,-1.0387411379322324,0.6078348177061761,0.6380064487457275,0.5508975088596344,0.5192558541893959,0.4622931864363431
00048,/Users/nikko/Downloads/moi-main/project_root/data/temp_frames/video10/frame_00048.png,"[662, 225, 2026, 1354]",LEFT_EYE,0.8551485031364532,-0.6400892964656445,0.9560858011245728,0.5508975088596344,0.5192558541893959,0.4622931864363431
00048,/Users/nikko/Downloads/moi-main/project_root/data/temp_frames/video10/frame_00048.png,"[662, 225, 2026, 1354]",RIGHT_EYE,0.7701286958400142,-0.6594012023520655,0.97923344373703,0.5508975088596344,0.5192558541893959,0.4622931864363431
00049,/Users/nikko/Downloads/moi-main/project_root/data/temp_frames/video10/frame_00049.png,"[645, 182, 2010, 1349]",LEFT_SHOULDER,0.6484055265588942,-0.22334120336823915,0.9996985197067261,0.5755286514759064,0.5154168978333473,0.4450338182023533
00049,/Users/nikko/Downloads/moi-main/project_root/data/temp_frames/video10/frame_00049.png,"[645, 182, 2010, 1349]",RIGHT_SHOULDER,-0.033050406918891995,-0.3994705938566557,0.9995146989822388,0.5755286514759064,0.5154168978333473,0.4450338182023533
00049,/Users/nikko/Downloads/moi-main/project_root/data/temp_frames/video10/frame_00049.png,"[645, 182, 2010, 1349]",LEFT_HIP,-0.14902459732957457,0.38606281126512487,0.9997885823249817,0.5755286514759064,0.5154168978333473,0.4450338182023533
00049,/Users/nikko/Downloads/moi-main/project_root/data/temp_frames/video10/frame_00049.png,"[645, 182, 2010, 1349]",RIGHT_HIP,-0.4663305223104276,0.23674898595976995,0.9998513460159302,0.5755286514759064,0.5154168978333473,0.4450338182023533
00049,/Users/nikko/Downloads/moi-main/project_root/data/temp_frames/video10/frame_00049.png,"[645, 182, 2010, 1349]",RIGHT_ELBOW,-0.338924627966078,0.3420570325708723,0.9877853393554688,0.5755286514759064,0.5154168978333473,0.4450338182023533
00049,/Users/nikko/Downloads/moi-main/project_root/data/temp_frames/video10/frame_00049.png,"[645, 182, 2010, 1349]",RIGHT_WRIST,-0.29092162355422235,0.9853896517786929,0.9938143491744995,0.5755286514759064,0.5154168978333473,0.4450338182023533
00049,/Users/nikko/Downloads/moi-main/project_root/data/temp_frames/video10/frame_00049.png,"[645, 182, 2010, 1349]",RIGHT_KNEE,-0.8427511900734139,0.5774884709232136,0.6150069832801819,0.5755286514759064,0.5154168978333473,0.4450338182023533
00049,/Users/nikko/Downloads/moi-main/project_root/data/temp_frames/video10/frame_00049.png,"[645, 182, 2010, 1349]",RIGHT_ANKLE,-1.0666698616384922,0.6747593415219976,0.7504138946533203,0.5755286514759064,0.5154168978333473,0.4450338182023533
00049,/Users/nikko/Downloads/moi-main/project_root/data/temp_frames/video10/frame_00049.png,"[645, 182, 2010, 1349]",LEFT_EYE,0.8333440150037874,-0.6777935566108187,0.9440490007400513,0.5755286514759064,0.5154168978333473,0.4450338182023533
00049,/Users/nikko/Downloads/moi-main/project_root/data/temp_frames/video10/frame_00049.png,"[645, 182, 2010, 1349]",RIGHT_EYE,0.7572414982035828,-0.6906593799506733,0.9791005849838257,0.5755286514759064,0.5154168978333473,0.4450338182023533
00050,/Users/nikko/Downloads/moi-main/project_root/data/temp_frames/video10/frame_00050.png,"[661, 147, 2015, 1356]",LEFT_SHOULDER,0.6238429127076957,-0.31719761781486155,0.9996902942657471,0.5583184733986855,0.506473496556282,0.4644079006048944
00050,/Users/nikko/Downloads/moi-main/project_root/data/temp_frames/video10/frame_00050.png,"[661, 147, 2015, 1356]",RIGHT_SHOULDER,-0.021479462711423408,-0.3595881974626196,0.9997615218162537,0.5583184733986855,0.506473496556282,0.4644079006048944
00050,/Users/nikko/Downloads/moi-main/project_root/data/temp_frames/video10/frame_00050.png,"[661, 147, 2015, 1356]",LEFT_HIP,-0.13700211866316217,0.38222506347253077,0.9998291730880737,0.5583184733986855,0.506473496556282,0.4644079006048944
00050,/Users/nikko/Downloads/moi-main/project_root/data/temp_frames/video10/frame_00050.png,"[661, 147, 2015, 1356]",RIGHT_HIP,-0.4653613313331101,0.2945607518049504,0.9998927116394043,0.5583184733986855,0.506473496556282,0.4644079006048944
00050,/Users/nikko/Downloads/moi-main/project_root/data/temp_frames/video10/frame_00050.png,"[661, 147, 2015, 1356]",RIGHT_ELBOW,-0.2817694423653544,0.3581167809575657,0.9903035759925842,0.5583184733986855,0.506473496556282,0.4644079006048944
00050,/Users/nikko/Downloads/moi-main/project_root/data/temp_frames/video10/frame_00050.png,"[661, 147, 2015, 1356]",RIGHT_WRIST,-0.275147779315331,0.9754888525717561,0.9934607744216919,0.5583184733986855,0.506473496556282,0.4644079006048944
00050,/Users/nikko/Downloads/moi-main/project_root/data/temp_frames/video10/frame_00050.png,"[661, 147, 2015, 1356]",RIGHT_ANKLE,-1.041846983939609,0.6873312235879503,0.7156224846839905,0.5583184733986855,0.506473496556282,0.4644079006048944
00050,/Users/nikko/Downloads/moi-main/project_root/data/temp_frames/video10/frame_00050.png,"[661, 147, 2015, 1356]",LEFT_EYE,0.8116913787952658,-0.6610223298474059,0.9701877236366272,0.5583184733986855,0.506473496556282,0.4644079006048944
00050,/Users/nikko/Downloads/moi-main/project_root/data/temp_frames/video10/frame_00050.png,"[661, 147, 2015, 1356]",RIGHT_EYE,0.725714168175174,-0.6742924159754786,0.989837646484375,0.5583184733986855,0.506473496556282,0.4644079006048944
00051,/Users/nikko/Downloads/moi-main/project_root/data/temp_frames/video10/frame_00051.png,"[673, 113, 2008, 1355]",LEFT_SHOULDER,0.6286392459292748,-0.3012292410716342,0.999794065952301,0.5635127797722816,0.5083508491516113,0.45228628121382464
00051,/Users/nikko/Downloads/moi-main/project_root/data/temp_frames/video10/frame_00051.png,"[673, 113, 2008, 1355]",RIGHT_SHOULDER,-0.04615706318040052,-0.3715457464115894,0.99967360496521,0.5635127797722816,0.5083508491516113,0.45228628121382464
00051,/Users/nikko/Downloads/moi-main/project_root/data/temp_frames/video10/frame_00051.png,"[673, 113, 2008, 1355]",LEFT_HIP,-0.11765989902507076,0.38129864302700134,0.9998656511306763,0.5635127797722816,0.5083508491516113,0.45228628121382464
00051,/Users/nikko/Downloads/moi-main/project_root/data/temp_frames/video10/frame_00051.png,"[673, 113, 2008, 1355]",RIGHT_HIP,-0.4648222837238035,0.2914763444562222,0.9998911619186401,0.5635127797722816,0.5083508491516113,0.45228628121382464
00051,/Users/nikko/Downloads/moi-main/project_root/data/temp_frames/video10/frame_00051.png,"[673, 113, 2008, 1355]",RIGHT_ELBOW,-0.26844458838074287,0.3755272413247698,0.9821009039878845,0.5635127797722816,0.5083508491516113,0.45228628121382464
00051,/Users/nikko/Downloads/moi-main/project_root/data/temp_frames/video10/frame_00051.png,"[673, 113, 2008, 1355]",RIGHT_WRIST,-0.29018354797100326,0.990106405039928,0.9847850799560547,0.5635127797722816,0.5083508491516113,0.45228628121382464
00051,/Users/nikko/Downloads/moi-main/project_root/data/temp_frames/video10/frame_00051.png,"[673, 113, 2008, 1355]",RIGHT_ANKLE,-1.0624865021140206,0.6873288194781919,0.6291252970695496,0.5635127797722816,0.5083508491516113,0.45228628121382464
00051,/Users/nikko/Downloads/moi-main/project_root/data/temp_frames/video10/frame_00051.png,"[673, 113, 2008, 1355]",LEFT_EYE,0.8132716498851469,-0.6820571143646355,0.9329514503479004,0.5635127797722816,0.5083508491516113,0.45228628121382464
00051,/Users/nikko/Downloads/moi-main/project_root/data/temp_frames/video10/frame_00051.png,"[673, 113, 2008, 1355]",RIGHT_EYE,0.7357986802341449,-0.6898879236204308,0.970057487487793,0.5635127797722816,0.5083508491516113,0.45228628121382464
00052,/Users/nikko/Downloads/moi-main/project_root/data/temp_frames/video10/frame_00052.png,"[675, 92, 2006, 1356]",LEFT_SHOULDER,0.6223727044915934,-0.31194087833299017,0.999727189540863,0.5541236326098442,0.5206266269087791,0.4621915751211313
00052,/Users/nikko/Downloads/moi-main/project_root/data/temp_frames/video10/frame_00052.png,"[675, 92, 2006, 1356]",RIGHT_SHOULDER,-0.03930146511905358,-0.3764596977461323,0.9995458722114563,0.5541236326098442,0.5206266269087791,0.4621915751211313
00052,/Users/nikko/Downloads/moi-main/project_root/data/temp_frames/video10/frame_00052.png,"[675, 92, 2006, 1356]",LEFT_HIP,-0.13755871464191588,0.38447213562410104,0.9998507499694824,0.5541236326098442,0.5206266269087791,0.4621915751211313
00052,/Users/nikko/Downloads/moi-main/project_root/data/temp_frames/video10/frame_00052.png,"[675, 92, 2006, 1356]",RIGHT_HIP,-0.44551252473062397,0.3039284404550214,0.9998801946640015,0.5541236326098442,0.5206266269087791,0.4621915751211313
00052,/Users/nikko/Downloads/moi-main/project_root/data/temp_frames/video10/frame_00052.png,"[675, 92, 2006, 1356]",RIGHT_ELBOW,-0.21596913848596955,0.34493749306492155,0.9810250401496887,0.5541236326098442,0.5206266269087791,0.4621915751211313
00052,/Users/nikko/Downloads/moi-main/project_root/data/temp_frames/video10/frame_00052.png,"[675, 92, 2006, 1356]",RIGHT_WRIST,-0.2560576036606323,0.9541556530699433,0.9892653226852417,0.5541236326098442,0.5206266269087791,0.4621915751211313
00052,/Users/nikko/Downloads/moi-main/project_root/data/temp_frames/video10/frame_00052.png,"[675, 92, 2006, 1356]",RIGHT_KNEE,-0.852319287012254,0.539288672894269,0.6083827614784241,0.5541236326098442,0.5206266269087791,0.4621915751211313
00052,/Users/nikko/Downloads/moi-main/project_root/data/temp_frames/video10/frame_00052.png,"[675, 92, 2006, 1356]",RIGHT_ANKLE,-1.0464105300132551,0.6935591896838323,0.8026895523071289,0.5541236326098442,0.5206266269087791,0.4621915751211313
00052,/Users/nikko/Downloads/moi-main/project_root/data/temp_frames/video10/frame_00052.png,"[675, 92, 2006, 1356]",LEFT_EYE,0.8062935261557792,-0.7018518596129003,0.97995525598526,0.5541236326098442,0.5206266269087791,0.4621915751211313
00052,/Users/nikko/Downloads/moi-main/project_root/data/temp_frames/video10/frame_00052.png,"[675, 92, 2006, 1356]",RIGHT_EYE,0.7252288289220699,-0.7153917876501867,0.9919969439506531,0.5541236326098442,0.5206266269087791,0.4621915751211313
00053,/Users/nikko/Downloads/moi-main/project_root/data/temp_frames/video10/frame_00053.png,"[663, 89, 2005, 1356]",LEFT_SHOULDER,0.6056984094759991,-0.3388016734765822,0.999736487865448,0.5566263422369957,0.5123734772205353,0.4522847773064014
00053,/Users/nikko/Downloads/moi-main/project_root/data/temp_frames/video10/frame_00053.png,"[663, 89, 2005, 1356]",RIGHT_SHOULDER,-0.030709796595811568,-0.3693955810636778,0.9996466636657715,0.5566263422369957,0.5123734772205353,0.4522847773064014
00053,/Users/nikko/Downloads/moi-main/project_root/data/temp_frames/video10/frame_00053.png,"[663, 89, 2005, 1356]",LEFT_HIP,-0.13552037616755466,0.3875818035163173,0.9998828172683716,0.5566263422369957,0.5123734772205353,0.4522847773064014
00053,/Users/nikko/Downloads/moi-main/project_root/data/temp_frames/video10/frame_00053.png,"[663, 89, 2005, 1356]",RIGHT_HIP,-0.43946823671263285,0.3206154510239427,0.9999098777770996,0.5566263422369957,0.5123734772205353,0.4522847773064014
00053,/Users/nikko/Downloads/moi-main/project_root/data/temp_frames/video10/frame_00053.png,"[663, 89, 2005, 1356]",RIGHT_ELBOW,-0.19364957811838976,0.3595540261668533,0.9848538637161255,0.5566263422369957,0.5123734772205353,0.4522847773064014
00053,/Users/nikko/Downloads/moi-main/project_root/data/temp_frames/video10/frame_00053.png,"[663, 89, 2005, 1356]",RIGHT_WRIST,-0.2503794800043536,0.9671309577621025,0.9930693507194519,0.5566263422369957,0.5123734772205353,0.4522847773064014
00053,/Users/nikko/Downloads/moi-main/project_root/data/temp_frames/video10/frame_00053.png,"[663, 89, 2005, 1356]",RIGHT_ANKLE,-1.0438165845384093,0.6853566263905851,0.7238495945930481,0.5566263422369957,0.5123734772205353,0.4522847773064014
00053,/Users/nikko/Downloads/moi-main/project_root/data/temp_frames/video10/frame_00053.png,"[663, 89, 2005, 1356]",LEFT_EYE,0.8214034532959572,-0.7075231709245304,0.9759873151779175,0.5566263422369957,0.5123734772205353,0.4522847773064014
00053,/Users/nikko/Downloads/moi-main/project_root/data/temp_frames/video10/frame_00053.png,"[663, 89, 2005, 1356]",RIGHT_EYE,0.7289198401461316,-0.7287086042173805,0.990675687789917,0.5566263422369957,0.5123734772205353,0.4522847773064014
00054,/Users/nikko/Downloads/moi-main/project_root/data/temp_frames/video10/frame_00054.png,"[662, 89, 2006, 1356]",LEFT_SHOULDER,0.6014413212919345,-0.3425875211735541,0.9997493624687195,0.5590068101882935,0.5095320343971252,0.4456774308489566
00054,/Users/nikko/Downloads/moi-main/project_root/data/temp_frames/video10/frame_00054.png,"[662, 89, 2006, 1356]",RIGHT_SHOULDER,-0.032389817164569464,-0.368224032170376,0.9996870756149292,0.5590068101882935,0.5095320343971252,0.4456774308489566
00054,/Users/nikko/Downloads/moi-main/project_root/data/temp_frames/video10/frame_00054.png,"[662, 89, 2006, 1356]",LEFT_HIP,-0.1224935471861922,0.3814802174265161,0.9999161958694458,0.5590068101882935,0.5095320343971252,0.4456774308489566
00054,/Users/nikko/Downloads/moi-main/project_root/data/temp_frames/video10/frame_00054.png,"[662, 89, 2006, 1356]",RIGHT_HIP,-0.4465579569411729,0.32933133591741404,0.9999359846115112,0.5590068101882935,0.5095320343971252,0.4456774308489566
00054,/Users/nikko/Downloads/moi-main/project_root/data/temp_frames/video10/frame_00054.png,"[662, 89, 2006, 1356]",RIGHT_ELBOW,-0.19385764165494213,0.367908741468331,0.9844277501106262,0.5590068101882935,0.5095320343971252,0.4456774308489566
00054,/Users/nikko/Downloads/moi-main/project_root/data/temp_frames/video10/frame_00054.png,"[662, 89, 2006, 1356]",RIGHT_WRIST,-0.2540671991124242,0.9825960169501463,0.9922292828559875,0.5590068101882935,0.5095320343971252,0.4456774308489566
00054,/Users/nikko/Downloads/moi-main/project_root/data/temp_frames/video10/frame_00054.png,"[662, 89, 2006, 1356]",RIGHT_KNEE,-0.8659876398682235,0.5782990506315451,0.5651571750640869,0.5590068101882935,0.5095320343971252,0.4456774308489566
00054,/Users/nikko/Downloads/moi-main/project_root/data/temp_frames/video10/frame_00054.png,"[662, 89, 2006, 1356]",RIGHT_ANKLE,-1.0485578242376687,0.680360155452082,0.7872295379638672,0.5590068101882935,0.5095320343971252,0.4456774308489566
00054,/Users/nikko/Downloads/moi-main/project_root/data/temp_frames/video10/frame_00054.png,"[662, 89, 2006, 1356]",LEFT_EYE,0.8258457839207648,-0.7198090071173256,0.9826535582542419,0.5590068101882935,0.5095320343971252,0.4456774308489566
00054,/Users/nikko/Downloads/moi-main/project_root/data/temp_frames/video10/frame_00054.png,"[662, 89, 2006, 1356]",RIGHT_EYE,0.7282529133972899,-0.7391049318219085,0.9931578040122986,0.5590068101882935,0.5095320343971252,0.4456774308489566
00055,/Users/nikko/Downloads/moi-main/project_root/data/temp_frames/video10/frame_00055.png,"[660, 88, 2007, 1356]",LEFT_SHOULDER,0.5914415644760274,-0.33595540457669626,0.9996442794799805,0.5490407794713974,0.5155007541179657,0.46183311470126
00055,/Users/nikko/Downloads/moi-main/project_root/data/temp_frames/video10/frame_00055.png,"[660, 88, 2007, 1356]",RIGHT_SHOULDER,-0.01743030142865852,-0.3777196740497457,0.999445378780365,0.5490407794713974,0.5155007541179657,0.46183311470126
00055,/Users/nikko/Downloads/moi-main/project_root/data/temp_frames/video10/frame_00055.png,"[660, 88, 2007, 1356]",LEFT_HIP,-0.13718852234669437,0.39298707440259956,0.9998643398284912,0.5490407794713974,0.5155007541179657,0.46183311470126
00055,/Users/nikko/Downloads/moi-main/project_root/data/temp_frames/video10/frame_00055.png,"[660, 88, 2007, 1356]",RIGHT_HIP,-0.4368227407006745,0.3206880042238424,0.9998868703842163,0.5490407794713974,0.5155007541179657,0.46183311470126
00055,/Users/nikko/Downloads/moi-main/project_root/data/temp_frames/video10/frame_00055.png,"[660, 88, 2007, 1356]",RIGHT_ELBOW,-0.17696634939962017,0.35657715874065826,0.9789636135101318,0.5490407794713974,0.5155007541179657,0.46183311470126
00055,/Users/nikko/Downloads/moi-main/project_root/data/temp_frames/video10/frame_00055.png,"[660, 88, 2007, 1356]",RIGHT_WRIST,-0.2278227729079542,0.960889686609694,0.9884648323059082,0.5490407794713974,0.5155007541179657,0.46183311470126
00055,/Users/nikko/Downloads/moi-main/project_root/data/temp_frames/video10/frame_00055.png,"[660, 88, 2007, 1356]",RIGHT_KNEE,-0.8299374564347559,0.5340205498708038,0.6616648435592651,0.5490407794713974,0.5155007541179657,0.46183311470126
00055,/Users/nikko/Downloads/moi-main/project_root/data/temp_frames/video10/frame_00055.png,"[660, 88, 2007, 1356]",RIGHT_ANKLE,-1.0011269224336774,0.6535072909700611,0.8557836413383484,0.5490407794713974,0.5155007541179657,0.46183311470126
00055,/Users/nikko/Downloads/moi-main/project_root/data/temp_frames/video10/frame_00055.png,"[660, 88, 2007, 1356]",LEFT_EYE,0.8080057976258246,-0.7186723851741078,0.9796881079673767,0.5490407794713974,0.5155007541179657,0.46183311470126
00055,/Users/nikko/Downloads/moi-main/project_root/data/temp_frames/video10/frame_00055.png,"[660, 88, 2007, 1356]",RIGHT_EYE,0.7221360920942048,-0.7355824739669015,0.9915428161621094,0.5490407794713974,0.5155007541179657,0.46183311470126
00056,/Users/nikko/Downloads/moi-main/project_root/data/temp_frames/video10/frame_00056.png,"[657, 87, 2008, 1356]",LEFT_SHOULDER,0.606579208381551,-0.33938573370005276,0.9998212456703186,0.5495819374918938,0.5072914883494377,0.4535422492658061
00056,/Users/nikko/Downloads/moi-main/project_root/data/temp_frames/video10/frame_00056.png,"[657, 87, 2008, 1356]",RIGHT_SHOULDER,-0.014585530798685159,-0.36285246563061674,0.9996291399002075,0.5495819374918938,0.5072914883494377,0.4535422492658061
00056,/Users/nikko/Downloads/moi-main/project_root/data/temp_frames/video10/frame_00056.png,"[657, 87, 2008, 1356]",LEFT_HIP,-0.13944904623137805,0.3754534025071461,0.9998164772987366,0.5495819374918938,0.5072914883494377,0.4535422492658061
00056,/Users/nikko/Downloads/moi-main/project_root/data/temp_frames/video10/frame_00056.png,"[657, 87, 2008, 1356]",RIGHT_HIP,-0.4525446313514878,0.32678479682352335,0.9998422861099243,0.5495819374918938,0.5072914883494377,0.4535422492658061
00056,/Users/nikko/Downloads/moi-main/project_root/data/temp_frames/video10/frame_00056.png,"[657, 87, 2008, 1356]",RIGHT_ELBOW,-0.1709238065935721,0.3591183886490215,0.9786641597747803,0.5495819374918938,0.5072914883494377,0.4535422492658061
00056,/Users/nikko/Downloads/moi-main/project_root/data/temp_frames/video10/frame_00056.png,"[657, 87, 2008, 1356]",LEFT_WRIST,0.5878845435787248,0.611079038420347,0.5580987930297852,0.5495819374918938,0.5072914883494377,0.4535422492658061
00056,/Users/nikko/Downloads/moi-main/project_root/data/temp_frames/video10/frame_00056.png,"[657, 87, 2008, 1356]",RIGHT_WRIST,-0.23326583712069576,0.9688143437222002,0.9826777577400208,0.5495819374918938,0.5072914883494377,0.4535422492658061
00056,/Users/nikko/Downloads/moi-main/project_root/data/temp_frames/video10/frame_00056.png,"[657, 87, 2008, 1356]",RIGHT_ANKLE,-1.040928769085951,0.7251704943064577,0.703709065914154,0.5495819374918938,0.5072914883494377,0.4535422492658061
00056,/Users/nikko/Downloads/moi-main/project_root/data/temp_frames/video10/frame_00056.png,"[657, 87, 2008, 1356]",LEFT_EYE,0.8176536980077298,-0.7064634102881331,0.9925664663314819,0.5495819374918938,0.5072914883494377,0.4535422492658061
00056,/Users/nikko/Downloads/moi-main/project_root/data/temp_frames/video10/frame_00056.png,"[657, 87, 2008, 1356]",RIGHT_EYE,0.7243004921202186,-0.7279229275825978,0.9964863061904907,0.5495819374918938,0.5072914883494377,0.4535422492658061
00057,/Users/nikko/Downloads/moi-main/project_root/data/temp_frames/video10/frame_00057.png,"[657, 88, 2008, 1356]",LEFT_SHOULDER,0.6046719217585909,-0.36583858031371835,0.9997523427009583,0.5455298647284508,0.5020820498466492,0.4518481035063896
00057,/Users/nikko/Downloads/moi-main/project_root/data/temp_frames/video10/frame_00057.png,"[657, 88, 2008, 1356]",RIGHT_SHOULDER,-0.005381308921825964,-0.3450678211045658,0.9995813965797424,0.5455298647284508,0.5020820498466492,0.4518481035063896
00057,/Users/nikko/Downloads/moi-main/project_root/data/temp_frames/video10/frame_00057.png,"[657, 88, 2008, 1356]",LEFT_HIP,-0.1537483597439308,0.379037136834643,0.999687910079956,0.5455298647284508,0.5020820498466492,0.4518481035063896
00057,/Users/nikko/Downloads/moi-main/project_root/data/temp_frames/video10/frame_00057.png,"[657, 88, 2008, 1356]",RIGHT_HIP,-0.445542253092834,0.33186926458364113,0.9997491240501404,0.5455298647284508,0.5020820498466492,0.4518481035063896
00057,/Users/nikko/Downloads/moi-main/project_root/data/temp_frames/video10/frame_00057.png,"[657, 88, 2008, 1356]",RIGHT_ELBOW,-0.16511174242727514,0.38351743040994346,0.9832543730735779,0.5455298647284508,0.5020820498466492,0.4518481035063896
00057,/Users/nikko/Downloads/moi-main/project_root/data/temp_frames/video10/frame_00057.png,"[657, 88, 2008, 1356]",RIGHT_WRIST,-0.2254918241960526,1.0005303916589874,0.9799972772598267,0.5455298647284508,0.5020820498466492,0.4518481035063896
00057,/Users/nikko/Downloads/moi-main/project_root/data/temp_frames/video10/frame_00057.png,"[657, 88, 2008, 1356]",RIGHT_KNEE,-0.8448819568750545,0.5756487339202808,0.5635287761688232,0.5455298647284508,0.5020820498466492,0.4518481035063896
00057,/Users/nikko/Downloads/moi-main/project_root/data/temp_frames/video10/frame_00057.png,"[657, 88, 2008, 1356]",RIGHT_ANKLE,-1.0274843095289294,0.7432944758609062,0.7489680051803589,0.5455298647284508,0.5020820498466492,0.4518481035063896
00057,/Users/nikko/Downloads/moi-main/project_root/data/temp_frames/video10/frame_00057.png,"[657, 88, 2008, 1356]",LEFT_EYE,0.8304796941100298,-0.7059660941882179,0.9942063093185425,0.5455298647284508,0.5020820498466492,0.4518481035063896
00057,/Users/nikko/Downloads/moi-main/project_root/data/temp_frames/video10/frame_00057.png,"[657, 88, 2008, 1356]",RIGHT_EYE,0.7376800766450172,-0.7217299960522194,0.9972051978111267,0.5455298647284508,0.5020820498466492,0.4518481035063896
00058,/Users/nikko/Downloads/moi-main/project_root/data/temp_frames/video10/frame_00058.png,"[653, 87, 2008, 1356]",LEFT_SHOULDER,0.6143564051498455,-0.33974667261988734,0.9997672438621521,0.5517406091094017,0.5078949481248856,0.4543872359910405
00058,/Users/nikko/Downloads/moi-main/project_root/data/temp_frames/video10/frame_00058.png,"[653, 87, 2008, 1356]",RIGHT_SHOULDER,-0.017225540827518575,-0.35572284519139746,0.9997598528862,0.5517406091094017,0.5078949481248856,0.4543872359910405
00058,/Users/nikko/Downloads/moi-main/project_root/data/temp_frames/video10/frame_00058.png,"[653, 87, 2008, 1356]",LEFT_HIP,-0.1388615878023675,0.374338538786324,0.9998798370361328,0.5517406091094017,0.5078949481248856,0.4543872359910405
00058,/Users/nikko/Downloads/moi-main/project_root/data/temp_frames/video10/frame_00058.png,"[653, 87, 2008, 1356]",RIGHT_HIP,-0.45826927651995936,0.3211309790249608,0.9999178647994995,0.5517406091094017,0.5078949481248856,0.4543872359910405
00058,/Users/nikko/Downloads/moi-main/project_root/data/temp_frames/video10/frame_00058.png,"[653, 87, 2008, 1356]",RIGHT_ELBOW,-0.18048021783034163,0.3707124439821147,0.9849249720573425,0.5517406091094017,0.5078949481248856,0.4543872359910405
00058,/Users/nikko/Downloads/moi-main/project_root/data/temp_frames/video10/frame_00058.png,"[653, 87, 2008, 1356]",RIGHT_WRIST,-0.23283316674449497,0.9792516416473631,0.9876068234443665,0.5517406091094017,0.5078949481248856,0.4543872359910405
00058,/Users/nikko/Downloads/moi-main/project_root/data/temp_frames/video10/frame_00058.png,"[653, 87, 2008, 1356]",RIGHT_KNEE,-0.8052503644167538,0.5638312773210917,0.6032450199127197,0.5517406091094017,0.5078949481248856,0.4543872359910405
00058,/Users/nikko/Downloads/moi-main/project_root/data/temp_frames/video10/frame_00058.png,"[653, 87, 2008, 1356]",RIGHT_ANKLE,-1.0242121739391812,0.7130064537769338,0.7941511273384094,0.5517406091094017,0.5078949481248856,0.4543872359910405
00058,/Users/nikko/Downloads/moi-main/project_root/data/temp_frames/video10/frame_00058.png,"[653, 87, 2008, 1356]",LEFT_EYE,0.8102157649385399,-0.7165693218077962,0.9933092594146729,0.5517406091094017,0.5078949481248856,0.4543872359910405
00058,/Users/nikko/Downloads/moi-main/project_root/data/temp_frames/video10/frame_00058.png,"[653, 87, 2008, 1356]",RIGHT_EYE,0.7137629286701808,-0.734845105908044,0.997289776802063,0.5517406091094017,0.5078949481248856,0.4543872359910405
00059,/Users/nikko/Downloads/moi-main/project_root/data/temp_frames/video10/frame_00059.png,"[654, 87, 2007, 1356]",LEFT_SHOULDER,0.6204191466472898,-0.33908038805876684,0.9997721314430237,0.5510205775499344,0.5054241344332695,0.4513030221167473
00059,/Users/nikko/Downloads/moi-main/project_root/data/temp_frames/video10/frame_00059.png,"[654, 87, 2007, 1356]",RIGHT_SHOULDER,-0.01589890093261233,-0.35452076685578965,0.9997898936271667,0.5510205775499344,0.5054241344332695,0.4513030221167473
00059,/Users/nikko/Downloads/moi-main/project_root/data/temp_frames/video10/frame_00059.png,"[654, 87, 2007, 1356]",LEFT_HIP,-0.15030548430235383,0.3712787323036873,0.9998984336853027,0.5510205775499344,0.5054241344332695,0.4513030221167473
00059,/Users/nikko/Downloads/moi-main/project_root/data/temp_frames/video10/frame_00059.png,"[654, 87, 2007, 1356]",RIGHT_HIP,-0.4542147614123237,0.32232242261086913,0.9999338388442993,0.5510205775499344,0.5054241344332695,0.4513030221167473
00059,/Users/nikko/Downloads/moi-main/project_root/data/temp_frames/video10/frame_00059.png,"[654, 87, 2007, 1356]",RIGHT_ELBOW,-0.1847681097089594,0.37509232103131646,0.9885923266410828,0.5510205775499344,0.5054241344332695,0.4513030221167473
00059,/Users/nikko/Downloads/moi-main/project_root/data/temp_frames/video10/frame_00059.png,"[654, 87, 2007, 1356]",RIGHT_WRIST,-0.2296330825496738,0.977329102077376,0.991381824016571,0.5510205775499344,0.5054241344332695,0.4513030221167473
00059,/Users/nikko/Downloads/moi-main/project_root/data/temp_frames/video10/frame_00059.png,"[654, 87, 2007, 1356]",RIGHT_KNEE,-0.838147624966927,0.5716756550163239,0.6112247109413147,0.5510205775499344,0.5054241344332695,0.4513030221167473
00059,/Users/nikko/Downloads/moi-main/project_root/data/temp_frames/video10/frame_00059.png,"[654, 87, 2007, 1356]",RIGHT_ANKLE,-1.0464961938484705,0.7136660961148246,0.8049763441085815,0.5510205775499344,0.5054241344332695,0.4513030221167473
00059,/Users/nikko/Downloads/moi-main/project_root/data/temp_frames/video10/frame_00059.png,"[654, 87, 2007, 1356]",LEFT_EYE,0.8225818765041135,-0.7087406234010231,0.9880203604698181,0.5510205775499344,0.5054241344332695,0.4513030221167473
00059,/Users/nikko/Downloads/moi-main/project_root/data/temp_frames/video10/frame_00059.png,"[654, 87, 2007, 1356]",RIGHT_EYE,0.7322097951207373,-0.7244160249215373,0.9951227307319641,0.5510205775499344,0.5054241344332695,0.4513030221167473
00060,/Users/nikko/Downloads/moi-main/project_root/data/temp_frames/video10/frame_00060.png,"[652, 86, 2006, 1357]",LEFT_SHOULDER,0.6165013275277916,-0.3408320521912988,0.9998261332511902,0.5536808669567108,0.5115982070565224,0.4496983836184877
00060,/Users/nikko/Downloads/moi-main/project_root/data/temp_frames/video10/frame_00060.png,"[652, 86, 2006, 1357]",RIGHT_SHOULDER,-0.023578513192303734,-0.3549959931444731,0.9995844960212708,0.5536808669567108,0.5115982070565224,0.4496983836184877
00060,/Users/nikko/Downloads/moi-main/project_root/data/temp_frames/video10/frame_00060.png,"[652, 86, 2006, 1357]",LEFT_HIP,-0.1446827432383831,0.38891983290374277,0.999902606010437,0.5536808669567108,0.5115982070565224,0.4496983836184877
00060,/Users/nikko/Downloads/moi-main/project_root/data/temp_frames/video10/frame_00060.png,"[652, 86, 2006, 1357]",RIGHT_HIP,-0.44824007109710484,0.30690821243202915,0.9999088048934937,0.5536808669567108,0.5115982070565224,0.4496983836184877
00060,/Users/nikko/Downloads/moi-main/project_root/data/temp_frames/video10/frame_00060.png,"[652, 86, 2006, 1357]",RIGHT_ELBOW,-0.18857813659947237,0.37793064264123083,0.9776192903518677,0.5536808669567108,0.5115982070565224,0.4496983836184877
00060,/Users/nikko/Downloads/moi-main/project_root/data/temp_frames/video10/frame_00060.png,"[652, 86, 2006, 1357]",RIGHT_WRIST,-0.22413143429855334,0.9869093916146383,0.9767530560493469,0.5536808669567108,0.5115982070565224,0.4496983836184877
00060,/Users/nikko/Downloads/moi-main/project_root/data/temp_frames/video10/frame_00060.png,"[652, 86, 2006, 1357]",RIGHT_KNEE,-0.8136603702289718,0.6087012523690973,0.5000829696655273,0.5536808669567108,0.5115982070565224,0.4496983836184877
00060,/Users/nikko/Downloads/moi-main/project_root/data/temp_frames/video10/frame_00060.png,"[652, 86, 2006, 1357]",RIGHT_ANKLE,-1.031803915235619,0.6884070117505092,0.716084361076355,0.5536808669567108,0.5115982070565224,0.4496983836184877
00060,/Users/nikko/Downloads/moi-main/project_root/data/temp_frames/video10/frame_00060.png,"[652, 86, 2006, 1357]",LEFT_EYE,0.8200963894482395,-0.7153949109496279,0.974855363368988,0.5536808669567108,0.5115982070565224,0.4496983836184877
00060,/Users/nikko/Downloads/moi-main/project_root/data/temp_frames/video10/frame_00060.png,"[652, 86, 2006, 1357]",RIGHT_EYE,0.7396171055900213,-0.7332760041596419,0.9869705438613892,0.5536808669567108,0.5115982070565224,0.4496983836184877
00061,/Users/nikko/Downloads/moi-main/project_root/data/temp_frames/video10/frame_00061.png,"[655, 88, 2005, 1356]",LEFT_SHOULDER,0.6043588042170472,-0.3099462518989219,0.9997523427009583,0.5500780418515205,0.5168278589844704,0.463114772253704
00061,/Users/nikko/Downloads/moi-main/project_root/data/temp_frames/video10/frame_00061.png,"[655, 88, 2005, 1356]",RIGHT_SHOULDER,-0.009157550978131795,-0.3836247541147265,0.9996761083602905,0.5500780418515205,0.5168278589844704,0.463114772253704
00061,/Users/nikko/Downloads/moi-main/project_root/data/temp_frames/video10/frame_00061.png,"[655, 88, 2005, 1356]",LEFT_HIP,-0.14716280644058466,0.38161308108070335,0.9998898506164551,0.5500780418515205,0.5168278589844704,0.463114772253704
00061,/Users/nikko/Downloads/moi-main/project_root/data/temp_frames/video10/frame_00061.png,"[655, 88, 2005, 1356]",RIGHT_HIP,-0.4480384467983308,0.31195792493294505,0.99991774559021,0.5500780418515205,0.5168278589844704,0.463114772253704
00061,/Users/nikko/Downloads/moi-main/project_root/data/temp_frames/video10/frame_00061.png,"[655, 88, 2005, 1356]",RIGHT_ELBOW,-0.1821652930190135,0.3289609878733841,0.9824624061584473,0.5500780418515205,0.5168278589844704,0.463114772253704
00061,/Users/nikko/Downloads/moi-main/project_root/data/temp_frames/video10/frame_00061.png,"[655, 88, 2005, 1356]",RIGHT_WRIST,-0.2281098574381719,0.9397250116706275,0.9897162318229675,0.5500780418515205,0.5168278589844704,0.463114772253704
00061,/Users/nikko/Downloads/moi-main/project_root/data/temp_frames/video10/frame_00061.png,"[655, 88, 2005, 1356]",RIGHT_KNEE,-0.8360927845315437,0.542128507652231,0.6082273125648499,0.5500780418515205,0.5168278589844704,0.463114772253704
00061,/Users/nikko/Downloads/moi-main/project_root/data/temp_frames/video10/frame_00061.png,"[655, 88, 2005, 1356]",RIGHT_ANKLE,-1.0137143014591778,0.6897474243772608,0.7920272946357727,0.5500780418515205,0.5168278589844704,0.463114772253704
00061,/Users/nikko/Downloads/moi-main/project_root/data/temp_frames/video10/frame_00061.png,"[655, 88, 2005, 1356]",LEFT_EYE,0.8119526759473084,-0.7093661996004189,0.9875922799110413,0.5500780418515205,0.5168278589844704,0.463114772253704
00061,/Users/nikko/Downloads/moi-main/project_root/data/temp_frames/video10/frame_00061.png,"[655, 88, 2005, 1356]",RIGHT_EYE,0.7256796674213752,-0.7267239702954856,0.9951991438865662,0.5500780418515205,0.5168278589844704,0.463114772253704
00062,/Users/nikko/Downloads/moi-main/project_root/data/temp_frames/video10/frame_00062.png,"[657, 90, 2006, 1356]",LEFT_SHOULDER,0.6141409433516672,-0.317644301542396,0.9996727705001831,0.559549905359745,0.5144543051719666,0.45294572580452863
00062,/Users/nikko/Downloads/moi-main/project_root/data/temp_frames/video10/frame_00062.png,"[657, 90, 2006, 1356]",RIGHT_SHOULDER,-0.030951758981027387,-0.3733060508971284,0.99956876039505,0.559549905359745,0.5144543051719666,0.45294572580452863
00062,/Users/nikko/Downloads/moi-main/project_root/data/temp_frames/video10/frame_00062.png,"[657, 90, 2006, 1356]",LEFT_HIP,-0.12933160433260127,0.38214918971715833,0.9999173879623413,0.559549905359745,0.5144543051719666,0.45294572580452863
00062,/Users/nikko/Downloads/moi-main/project_root/data/temp_frames/video10/frame_00062.png,"[657, 90, 2006, 1356]",RIGHT_HIP,-0.4538575800380386,0.3088011627223661,0.9999364614486694,0.559549905359745,0.5144543051719666,0.45294572580452863
00062,/Users/nikko/Downloads/moi-main/project_root/data/temp_frames/video10/frame_00062.png,"[657, 90, 2006, 1356]",RIGHT_ELBOW,-0.23180808221825375,0.3773493223283652,0.9839682579040527,0.559549905359745,0.5144543051719666,0.45294572580452863
00062,/Users/nikko/Downloads/moi-main/project_root/data/temp_frames/video10/frame_00062.png,"[657, 90, 2006, 1356]",RIGHT_WRIST,-0.25953874856069015,0.9741695050147717,0.9918560981750488,0.559549905359745,0.5144543051719666,0.45294572580452863
00062,/Users/nikko/Downloads/moi-main/project_root/data/temp_frames/video10/frame_00062.png,"[657, 90, 2006, 1356]",RIGHT_KNEE,-0.8625076962553229,0.5543096094002472,0.673793375492096,0.559549905359745,0.5144543051719666,0.45294572580452863
00062,/Users/nikko/Downloads/moi-main/project_root/data/temp_frames/video10/frame_00062.png,"[657, 90, 2006, 1356]",RIGHT_ANKLE,-1.040936597995492,0.6641611049126994,0.8507707118988037,0.559549905359745,0.5144543051719666,0.45294572580452863
00062,/Users/nikko/Downloads/moi-main/project_root/data/temp_frames/video10/frame_00062.png,"[657, 90, 2006, 1356]",LEFT_EYE,0.8156290462553389,-0.7038327161953228,0.9808968305587769,0.559549905359745,0.5144543051719666,0.45294572580452863
00062,/Users/nikko/Downloads/moi-main/project_root/data/temp_frames/video10/frame_00062.png,"[657, 90, 2006, 1356]",RIGHT_EYE,0.7286599233442593,-0.7244733303072701,0.9925387501716614,0.559549905359745,0.5144543051719666,0.45294572580452863
00063,/Users/nikko/Downloads/moi-main/project_root/data/temp_frames/video10/frame_00063.png,"[659, 93, 2007, 1356]",LEFT_SHOULDER,0.6063081885443838,-0.2782189893381006,0.9998040795326233,0.57449721544981,0.5280784219503403,0.4625019202579525
00063,/Users/nikko/Downloads/moi-main/project_root/data/temp_frames/video10/frame_00063.png,"[659, 93, 2007, 1356]",RIGHT_SHOULDER,-0.05525938172360663,-0.40547946811847246,0.9997468590736389,0.57449721544981,0.5280784219503403,0.4625019202579525
00063,/Users/nikko/Downloads/moi-main/project_root/data/temp_frames/video10/frame_00063.png,"[659, 93, 2007, 1356]",LEFT_HIP,-0.09941238613034148,0.39125901879124564,0.9999499320983887,0.57449721544981,0.5280784219503403,0.4625019202579525
00063,/Users/nikko/Downloads/moi-main/project_root/data/temp_frames/video10/frame_00063.png,"[659, 93, 2007, 1356]",RIGHT_HIP,-0.4516364206904357,0.2924394386653274,0.9999629259109497,0.57449721544981,0.5280784219503403,0.4625019202579525
00063,/Users/nikko/Downloads/moi-main/project_root/data/temp_frames/video10/frame_00063.png,"[659, 93, 2007, 1356]",LEFT_ELBOW,0.5411212111710069,0.2800690453932103,0.5086964964866638,0.57449721544981,0.5280784219503403,0.4625019202579525
00063,/Users/nikko/Downloads/moi-main/project_root/data/temp_frames/video10/frame_00063.png,"[659, 93, 2007, 1356]",RIGHT_ELBOW,-0.26763448879286106,0.32778065784910726,0.9930659532546997,0.57449721544981,0.5280784219503403,0.4625019202579525
00063,/Users/nikko/Downloads/moi-main/project_root/data/temp_frames/video10/frame_00063.png,"[659, 93, 2007, 1356]",LEFT_WRIST,0.6002862757383433,0.8271282560444325,0.8496087193489075,0.57449721544981,0.5280784219503403,0.4625019202579525
00063,/Users/nikko/Downloads/moi-main/project_root/data/temp_frames/video10/frame_00063.png,"[659, 93, 2007, 1356]",RIGHT_WRIST,-0.2996746553610156,0.9266938899130298,0.9760036468505859,0.57449721544981,0.5280784219503403,0.4625019202579525
00063,/Users/nikko/Downloads/moi-main/project_root/data/temp_frames/video10/frame_00063.png,"[659, 93, 2007, 1356]",LEFT_KNEE,-0.6480160272621763,0.5436742286004751,0.6763160228729248,0.57449721544981,0.5280784219503403,0.4625019202579525
00063,/Users/nikko/Downloads/moi-main/project_root/data/temp_frames/video10/frame_00063.png,"[659, 93, 2007, 1356]",RIGHT_KNEE,-0.8911579254430337,0.5389856500528141,0.9709497690200806,0.57449721544981,0.5280784219503403,0.4625019202579525
00063,/Users/nikko/Downloads/moi-main/project_root/data/temp_frames/video10/frame_00063.png,"[659, 93, 2007, 1356]",LEFT_ANKLE,-0.9216202186308994,0.6631376789673332,0.8334885239601135,0.57449721544981,0.5280784219503403,0.4625019202579525
00063,/Users/nikko/Downloads/moi-main/project_root/data/temp_frames/video10/frame_00063.png,"[659, 93, 2007, 1356]",RIGHT_ANKLE,-1.073350283947775,0.6487617427096275,0.989255428314209,0.57449721544981,0.5280784219503403,0.4625019202579525
00063,/Users/nikko/Downloads/moi-main/project_root/data/temp_frames/video10/frame_00063.png,"[659, 93, 2007, 1356]",LEFT_EYE,0.7795707612288062,-0.7099625713029151,0.9809338450431824,0.57449721544981,0.5280784219503403,0.4625019202579525
00063,/Users/nikko/Downloads/moi-main/project_root/data/temp_frames/video10/frame_00063.png,"[659, 93, 2007, 1356]",RIGHT_EYE,0.6895058749788042,-0.7269960259969288,0.9924389123916626,0.57449721544981,0.5280784219503403,0.4625019202579525
00064,/Users/nikko/Downloads/moi-main/project_root/data/temp_frames/video10/frame_00064.png,"[659, 108, 2014, 1357]",LEFT_SHOULDER,0.6155549052528264,-0.26865691417035603,0.9998570680618286,0.569745160639286,0.5319882854819298,0.467442554626198
00064,/Users/nikko/Downloads/moi-main/project_root/data/temp_frames/video10/frame_00064.png,"[659, 108, 2014, 1357]",RIGHT_SHOULDER,-0.04898301210330714,-0.41124676940472743,0.999734103679657,0.569745160639286,0.5319882854819298,0.467442554626198
00064,/Users/nikko/Downloads/moi-main/project_root/data/temp_frames/video10/frame_00064.png,"[659, 108, 2014, 1357]",LEFT_HIP,-0.12455390312381437,0.38845271419208616,0.9999517202377319,0.569745160639286,0.5319882854819298,0.467442554626198
00064,/Users/nikko/Downloads/moi-main/project_root/data/temp_frames/video10/frame_00064.png,"[659, 108, 2014, 1357]",RIGHT_HIP,-0.4420179900257049,0.2914509693829973,0.9999595880508423,0.569745160639286,0.5319882854819298,0.467442554626198
00064,/Users/nikko/Downloads/moi-main/project_root/data/temp_frames/video10/frame_00064.png,"[659, 108, 2014, 1357]",LEFT_ELBOW,0.5393654523813627,0.2867733105620349,0.623067319393158,0.569745160639286,0.5319882854819298,0.467442554626198
00064,/Users/nikko/Downloads/moi-main/project_root/data/temp_frames/video10/frame_00064.png,"[659, 108, 2014, 1357]",RIGHT_ELBOW,-0.27977346267723113,0.3102249782475365,0.9943225383758545,0.569745160639286,0.5319882854819298,0.467442554626198
00064,/Users/nikko/Downloads/moi-main/project_root/data/temp_frames/video10/frame_00064.png,"[659, 108, 2014, 1357]",LEFT_WRIST,0.5781211384861181,0.8208484875294257,0.9459660053253174,0.569745160639286,0.5319882854819298,0.467442554626198
00064,/Users/nikko/Downloads/moi-main/project_root/data/temp_frames/video10/frame_00064.png,"[659, 108, 2014, 1357]",RIGHT_WRIST,-0.28293353463586435,0.8971978407433135,0.9759612083435059,0.569745160639286,0.5319882854819298,0.467442554626198
00064,/Users/nikko/Downloads/moi-main/project_root/data/temp_frames/video10/frame_00064.png,"[659, 108, 2014, 1357]",LEFT_KNEE,-0.5947409875342078,0.5277076781939299,0.5338123440742493,0.569745160639286,0.5319882854819298,0.467442554626198
00064,/Users/nikko/Downloads/moi-main/project_root/data/temp_frames/video10/frame_00064.png,"[659, 108, 2014, 1357]",RIGHT_KNEE,-0.8594393959487763,0.5239163569169789,0.9628605842590332,0.569745160639286,0.5319882854819298,0.467442554626198
00064,/Users/nikko/Downloads/moi-main/project_root/data/temp_frames/video10/frame_00064.png,"[659, 108, 2014, 1357]",LEFT_ANKLE,-0.8886354579334178,0.6273278867443901,0.7669152617454529,0.569745160639286,0.5319882854819298,0.467442554626198
00064,/Users/nikko/Downloads/moi-main/project_root/data/temp_frames/video10/frame_00064.png,"[659, 108, 2014, 1357]",RIGHT_ANKLE,-1.0467607503541538,0.6107594570049787,0.9853675365447998,0.569745160639286,0.5319882854819298,0.467442554626198
00064,/Users/nikko/Downloads/moi-main/project_root/data/temp_frames/video10/frame_00064.png,"[659, 108, 2014, 1357]",LEFT_EYE,0.7811665206731117,-0.7085487492541768,0.9400557279586792,0.569745160639286,0.5319882854819298,0.467442554626198
00064,/Users/nikko/Downloads/moi-main/project_root/data/temp_frames/video10/frame_00064.png,"[659, 108, 2014, 1357]",RIGHT_EYE,0.6982139463807281,-0.7199880949834176,0.9730384349822998,0.569745160639286,0.5319882854819298,0.467442554626198
00065,/Users/nikko/Downloads/moi-main/project_root/data/temp_frames/video10/frame_00065.png,"[636, 144, 2008, 1351]",LEFT_SHOULDER,0.6115072939081945,-0.2646132939388338,0.9998457431793213,0.5812302306294441,0.523156501352787,0.46307849644271
00065,/Users/nikko/Downloads/moi-main/project_root/data/temp_frames/video10/frame_00065.png,"[636, 144, 2008, 1351]",RIGHT_SHOULDER,-0.03573421586937288,-0.4064016431807985,0.9995988011360168,0.5812302306294441,0.523156501352787,0.46307849644271
00065,/Users/nikko/Downloads/moi-main/project_root/data/temp_frames/video10/frame_00065.png,"[636, 144, 2008, 1351]",LEFT_HIP,-0.1181278522683179,0.38817507751338454,0.9999313354492188,0.5812302306294441,0.523156501352787,0.46307849644271
00065,/Users/nikko/Downloads/moi-main/project_root/data/temp_frames/video10/frame_00065.png,"[636, 144, 2008, 1351]",RIGHT_HIP,-0.4576452257705037,0.2828398596062478,0.9999377727508545,0.5812302306294441,0.523156501352787,0.46307849644271
00065,/Users/nikko/Downloads/moi-main/project_root/data/temp_frames/video10/frame_00065.png,"[636, 144, 2008, 1351]",LEFT_ELBOW,0.501095728031211,0.26323055256219974,0.5945294499397278,0.5812302306294441,0.523156501352787,0.46307849644271
00065,/Users/nikko/Downloads/moi-main/project_root/data/temp_frames/video10/frame_00065.png,"[636, 144, 2008, 1351]",RIGHT_ELBOW,-0.3046926823124937,0.33899001651605637,0.9902787804603577,0.5812302306294441,0.523156501352787,0.46307849644271
00065,/Users/nikko/Downloads/moi-main/project_root/data/temp_frames/video10/frame_00065.png,"[636, 144, 2008, 1351]",LEFT_WRIST,0.5560375187364779,0.8470168760762558,0.8928155899047852,0.5812302306294441,0.523156501352787,0.46307849644271
00065,/Users/nikko/Downloads/moi-main/project_root/data/temp_frames/video10/frame_00065.png,"[636, 144, 2008, 1351]",RIGHT_WRIST,-0.29821007049862047,0.9569415172246729,0.933355987071991,0.5812302306294441,0.523156501352787,0.46307849644271
00065,/Users/nikko/Downloads/moi-main/project_root/data/temp_frames/video10/frame_00065.png,"[636, 144, 2008, 1351]",LEFT_KNEE,-0.6300436739614554,0.5384169059876228,0.5824641585350037,0.5812302306294441,0.523156501352787,0.46307849644271
00065,/Users/nikko/Downloads/moi-main/project_root/data/temp_frames/video10/frame_00065.png,"[636, 144, 2008, 1351]",RIGHT_KNEE,-0.8325274544827411,0.5425460482800918,0.9682137966156006,0.5812302306294441,0.523156501352787,0.46307849644271
00065,/Users/nikko/Downloads/moi-main/project_root/data/temp_frames/video10/frame_00065.png,"[636, 144, 2008, 1351]",LEFT_ANKLE,-0.8972995127784922,0.6580821011299577,0.7848210334777832,0.5812302306294441,0.523156501352787,0.46307849644271
00065,/Users/nikko/Downloads/moi-main/project_root/data/temp_frames/video10/frame_00065.png,"[636, 144, 2008, 1351]",RIGHT_ANKLE,-1.03335703598728,0.6517695847506074,0.9882020354270935,0.5812302306294441,0.523156501352787,0.46307849644271
00065,/Users/nikko/Downloads/moi-main/project_root/data/temp_frames/video10/frame_00065.png,"[636, 144, 2008, 1351]",LEFT_EYE,0.7863789155585803,-0.6987123850463783,0.9776000380516052,0.5812302306294441,0.523156501352787,0.46307849644271
00065,/Users/nikko/Downloads/moi-main/project_root/data/temp_frames/video10/frame_00065.png,"[636, 144, 2008, 1351]",RIGHT_EYE,0.7054400037914771,-0.7201918408727963,0.989687979221344,0.5812302306294441,0.523156501352787,0.46307849644271
00066,/Users/nikko/Downloads/moi-main/project_root/data/temp_frames/video10/frame_00066.png,"[637, 158, 2016, 1351]",LEFT_SHOULDER,0.6091473789138063,-0.23432439876801592,0.999583899974823,0.5772407278418541,0.5384163707494736,0.47637918372076515
00066,/Users/nikko/Downloads/moi-main/project_root/data/temp_frames/video10/frame_00066.png,"[637, 158, 2016, 1351]",RIGHT_SHOULDER,-0.02352939549706128,-0.42134739853096137,0.998647153377533,0.5772407278418541,0.5384163707494736,0.47637918372076515
00066,/Users/nikko/Downloads/moi-main/project_root/data/temp_frames/video10/frame_00066.png,"[637, 158, 2016, 1351]",LEFT_HIP,-0.12398037284485597,0.3912101409399433,0.9997588992118835,0.5772407278418541,0.5384163707494736,0.47637918372076515
00066,/Users/nikko/Downloads/moi-main/project_root/data/temp_frames/video10/frame_00066.png,"[637, 158, 2016, 1351]",RIGHT_HIP,-0.46163761057188907,0.264461656359034,0.9997697472572327,0.5772407278418541,0.5384163707494736,0.47637918372076515
00066,/Users/nikko/Downloads/moi-main/project_root/data/temp_frames/video10/frame_00066.png,"[637, 158, 2016, 1351]",RIGHT_ELBOW,-0.3180127922495333,0.27216230238368583,0.9608328342437744,0.5772407278418541,0.5384163707494736,0.47637918372076515
00066,/Users/nikko/Downloads/moi-main/project_root/data/temp_frames/video10/frame_00066.png,"[637, 158, 2016, 1351]",RIGHT_WRIST,-0.2917985524900061,0.9056823867449345,0.957542359828949,0.5772407278418541,0.5384163707494736,0.47637918372076515
00066,/Users/nikko/Downloads/moi-main/project_root/data/temp_frames/video10/frame_00066.png,"[637, 158, 2016, 1351]",RIGHT_ANKLE,-1.0190975028974487,0.6123900714572477,0.6925241947174072,0.5772407278418541,0.5384163707494736,0.47637918372076515
00066,/Users/nikko/Downloads/moi-main/project_root/data/temp_frames/video10/frame_00066.png,"[637, 158, 2016, 1351]",LEFT_EYE,0.7722975752312388,-0.6905313716518306,0.7062798142433167,0.5772407278418541,0.5384163707494736,0.47637918372076515
00066,/Users/nikko/Downloads/moi-main/project_root/data/temp_frames/video10/frame_00066.png,"[637, 158, 2016, 1351]",RIGHT_EYE,0.6979559243798564,-0.7030256529356053,0.8180948495864868,0.5772407278418541,0.5384163707494736,0.47637918372076515
00067,/Users/nikko/Downloads/moi-main/project_root/data/temp_frames/video10/frame_00067.png,"[641, 197, 2026, 1349]",LEFT_SHOULDER,0.6000897322238592,-0.24036421367986116,0.9998025298118591,0.5727070346474648,0.5410196706652641,0.48507175052019846
00067,/Users/nikko/Downloads/moi-main/project_root/data/temp_frames/video10/frame_00067.png,"[641, 197, 2026, 1349]",RIGHT_SHOULDER,-0.018552442439144435,-0.424285602450813,0.9988263249397278,0.5727070346474648,0.5410196706652641,0.48507175052019846
00067,/Users/nikko/Downloads/moi-main/project_root/data/temp_frames/video10/frame_00067.png,"[641, 197, 2026, 1349]",LEFT_HIP,-0.12590332938821733,0.39724172215521875,0.9999024868011475,0.5727070346474648,0.5410196706652641,0.48507175052019846
00067,/Users/nikko/Downloads/moi-main/project_root/data/temp_frames/video10/frame_00067.png,"[641, 197, 2026, 1349]",RIGHT_HIP,-0.4556339603964974,0.2674080939754554,0.9998887777328491,0.5727070346474648,0.5410196706652641,0.48507175052019846
00067,/Users/nikko/Downloads/moi-main/project_root/data/temp_frames/video10/frame_00067.png,"[641, 197, 2026, 1349]",LEFT_ELBOW,0.49877215489410165,0.31430484990499885,0.5199705362319946,0.5727070346474648,0.5410196706652641,0.48507175052019846
00067,/Users/nikko/Downloads/moi-main/project_root/data/temp_frames/video10/frame_00067.png,"[641, 197, 2026, 1349]",RIGHT_ELBOW,-0.33259038597638657,0.25695351117054754,0.9415632486343384,0.5727070346474648,0.5410196706652641,0.48507175052019846
00067,/Users/nikko/Downloads/moi-main/project_root/data/temp_frames/video10/frame_00067.png,"[641, 197, 2026, 1349]",LEFT_WRIST,0.5546151662237241,0.8224922394318847,0.6964134573936462,0.5727070346474648,0.5410196706652641,0.48507175052019846
00067,/Users/nikko/Downloads/moi-main/project_root/data/temp_frames/video10/frame_00067.png,"[641, 197, 2026, 1349]",RIGHT_WRIST,-0.3007899906017397,0.8863298160800871,0.9158095717430115,0.5727070346474648,0.5410196706652641,0.48507175052019846
00067,/Users/nikko/Downloads/moi-main/project_root/data/temp_frames/video10/frame_00067.png,"[641, 197, 2026, 1349]",RIGHT_KNEE,-0.7961225599825995,0.5076848338816862,0.5214759707450867,0.5727070346474648,0.5410196706652641,0.48507175052019846
00067,/Users/nikko/Downloads/moi-main/project_root/data/temp_frames/video10/frame_00067.png,"[641, 197, 2026, 1349]",RIGHT_ANKLE,-0.9851911237024046,0.5945732167375669,0.7739678621292114,0.5727070346474648,0.5410196706652641,0.48507175052019846
00067,/Users/nikko/Downloads/moi-main/project_root/data/temp_frames/video10/frame_00067.png,"[641, 197, 2026, 1349]",LEFT_EYE,0.7694588642076196,-0.6868218757074188,0.8555945158004761,0.5727070346474648,0.5410196706652641,0.48507175052019846
00067,/Users/nikko/Downloads/moi-main/project_root/data/temp_frames/video10/frame_00067.png,"[641, 197, 2026, 1349]",RIGHT_EYE,0.698988824830045,-0.6970214866699626,0.8986747860908508,0.5727070346474648,0.5410196706652641,0.48507175052019846
00068,/Users/nikko/Downloads/moi-main/project_root/data/temp_frames/video10/frame_00068.png,"[672, 229, 2038, 1353]",LEFT_SHOULDER,0.6098194483967192,-0.24139072301192657,0.9998502731323242,0.5602202713489532,0.546260766685009,0.4881087928849211
00068,/Users/nikko/Downloads/moi-main/project_root/data/temp_frames/video10/frame_00068.png,"[672, 229, 2038, 1353]",RIGHT_SHOULDER,-0.004809621083796802,-0.4137486565902624,0.9993484616279602,0.5602202713489532,0.546260766685009,0.4881087928849211
00068,/Users/nikko/Downloads/moi-main/project_root/data/temp_frames/video10/frame_00068.png,"[672, 229, 2038, 1353]",LEFT_HIP,-0.14687395725145636,0.3932337509740866,0.999767005443573,0.5602202713489532,0.546260766685009,0.4881087928849211
00068,/Users/nikko/Downloads/moi-main/project_root/data/temp_frames/video10/frame_00068.png,"[672, 229, 2038, 1353]",RIGHT_HIP,-0.458135870061466,0.26190562862810235,0.999755322933197,0.5602202713489532,0.546260766685009,0.4881087928849211
00068,/Users/nikko/Downloads/moi-main/project_root/data/temp_frames/video10/frame_00068.png,"[672, 229, 2038, 1353]",RIGHT_ELBOW,-0.3545478309402498,0.21546173477399566,0.9594278931617737,0.5602202713489532,0.546260766685009,0.4881087928849211
00068,/Users/nikko/Downloads/moi-main/project_root/data/temp_frames/video10/frame_00068.png,"[672, 229, 2038, 1353]",LEFT_WRIST,0.5470775618910688,0.7860896676944085,0.6794421672821045,0.5602202713489532,0.546260766685009,0.4881087928849211
00068,/Users/nikko/Downloads/moi-main/project_root/data/temp_frames/video10/frame_00068.png,"[672, 229, 2038, 1353]",RIGHT_WRIST,-0.3122211138970121,0.825572606900076,0.9710936546325684,0.5602202713489532,0.546260766685009,0.4881087928849211
00068,/Users/nikko/Downloads/moi-main/project_root/data/temp_frames/video10/frame_00068.png,"[672, 229, 2038, 1353]",RIGHT_ANKLE,-1.0110271308132734,0.5538509045000373,0.6001376509666443,0.5602202713489532,0.546260766685009,0.4881087928849211
00068,/Users/nikko/Downloads/moi-main/project_root/data/temp_frames/video10/frame_00068.png,"[672, 229, 2038, 1353]",LEFT_EYE,0.7869214281404915,-0.668825747333607,0.7729011178016663,0.5602202713489532,0.546260766685009,0.4881087928849211
00068,/Users/nikko/Downloads/moi-main/project_root/data/temp_frames/video10/frame_00068.png,"[672, 229, 2038, 1353]",RIGHT_EYE,0.7301013108917602,-0.6683622962928119,0.8605442047119141,0.5602202713489532,0.546260766685009,0.4881087928849211
00069,/Users/nikko/Downloads/moi-main/project_root/data/temp_frames/video10/frame_00069.png,"[640, 264, 2048, 1346]",LEFT_SHOULDER,0.5957084746171591,-0.2191977001719525,0.9998158812522888,0.584755040705204,0.5535696521401405,0.462971053583759
00069,/Users/nikko/Downloads/moi-main/project_root/data/temp_frames/video10/frame_00069.png,"[640, 264, 2048, 1346]",RIGHT_SHOULDER,-0.017085281651803532,-0.4443321463081961,0.9991393089294434,0.584755040705204,0.5535696521401405,0.462971053583759
00069,/Users/nikko/Downloads/moi-main/project_root/data/temp_frames/video10/frame_00069.png,"[640, 264, 2048, 1346]",LEFT_HIP,-0.1415142165923794,0.4113798210495408,0.999764621257782,0.584755040705204,0.5535696521401405,0.462971053583759
00069,/Users/nikko/Downloads/moi-main/project_root/data/temp_frames/video10/frame_00069.png,"[640, 264, 2048, 1346]",RIGHT_HIP,-0.4371089763729762,0.2521500254306078,0.9997696280479431,0.584755040705204,0.5535696521401405,0.462971053583759
00069,/Users/nikko/Downloads/moi-main/project_root/data/temp_frames/video10/frame_00069.png,"[640, 264, 2048, 1346]",RIGHT_ELBOW,-0.4504409744312015,0.20599190320683833,0.9761151671409607,0.584755040705204,0.5535696521401405,0.462971053583759
00069,/Users/nikko/Downloads/moi-main/project_root/data/temp_frames/video10/frame_00069.png,"[640, 264, 2048, 1346]",LEFT_WRIST,0.5056457613441339,0.8190824138952053,0.6176446080207825,0.584755040705204,0.5535696521401405,0.462971053583759
00069,/Users/nikko/Downloads/moi-main/project_root/data/temp_frames/video10/frame_00069.png,"[640, 264, 2048, 1346]",RIGHT_WRIST,-0.35104407941602644,0.8526333011861451,0.977586030960083,0.584755040705204,0.5535696521401405,0.462971053583759
00069,/Users/nikko/Downloads/moi-main/project_root/data/temp_frames/video10/frame_00069.png,"[640, 264, 2048, 1346]",RIGHT_KNEE,-0.8449209048762022,0.5269301984953734,0.6144269704818726,0.584755040705204,0.5535696521401405,0.462971053583759
00069,/Users/nikko/Downloads/moi-main/project_root/data/temp_frames/video10/frame_00069.png,"[640, 264, 2048, 1346]",RIGHT_ANKLE,-1.0622876753407537,0.529709133047583,0.7071436643600464,0.584755040705204,0.5535696521401405,0.462971053583759
00069,/Users/nikko/Downloads/moi-main/project_root/data/temp_frames/video10/frame_00069.png,"[640, 264, 2048, 1346]",LEFT_EYE,0.8004824133595841,-0.6773934758965638,0.840027928352356,0.584755040705204,0.5535696521401405,0.462971053583759
00069,/Users/nikko/Downloads/moi-main/project_root/data/temp_frames/video10/frame_00069.png,"[640, 264, 2048, 1346]",RIGHT_EYE,0.7231681669491442,-0.6845474138625713,0.9074382781982422,0.584755040705204,0.5535696521401405,0.462971053583759
00070,/Users/nikko/Downloads/moi-main/project_root/data/temp_frames/video10/frame_00070.png,"[641, 264, 2048, 1346]",LEFT_SHOULDER,0.5956366690660457,-0.2185408415452167,0.9998635053634644,0.5829995647072792,0.5543576329946518,0.4644737606818008
00070,/Users/nikko/Downloads/moi-main/project_root/data/temp_frames/video10/frame_00070.png,"[641, 264, 2048, 1346]",RIGHT_SHOULDER,-0.021865505280609012,-0.4434797915082006,0.9990478157997131,0.5829995647072792,0.5543576329946518,0.4644737606818008
00070,/Users/nikko/Downloads/moi-main/project_root/data/temp_frames/video10/frame_00070.png,"[641, 264, 2048, 1346]",LEFT_HIP,-0.13380845351674847,0.4129633125663735,0.9998193383216858,0.5829995647072792,0.5543576329946518,0.4644737606818008
00070,/Users/nikko/Downloads/moi-main/project_root/data/temp_frames/video10/frame_00070.png,"[641, 264, 2048, 1346]",RIGHT_HIP,-0.4399627102686882,0.24905732048704385,0.9997959733009338,0.5829995647072792,0.5543576329946518,0.4644737606818008
00070,/Users/nikko/Downloads/moi-main/project_root/data/temp_frames/video10/frame_00070.png,"[641, 264, 2048, 1346]",LEFT_ELBOW,0.4421366061248807,0.27937425054049103,0.5065831542015076,0.5829995647072792,0.5543576329946518,0.4644737606818008
00070,/Users/nikko/Downloads/moi-main/project_root/data/temp_frames/video10/frame_00070.png,"[641, 264, 2048, 1346]",RIGHT_ELBOW,-0.44757533995131105,0.2093197579931695,0.9800606966018677,0.5829995647072792,0.5543576329946518,0.4644737606818008
00070,/Users/nikko/Downloads/moi-main/project_root/data/temp_frames/video10/frame_00070.png,"[641, 264, 2048, 1346]",LEFT_WRIST,0.5086982873256255,0.8212308419746613,0.8584898114204407,0.5829995647072792,0.5543576329946518,0.4644737606818008
00070,/Users/nikko/Downloads/moi-main/project_root/data/temp_frames/video10/frame_00070.png,"[641, 264, 2048, 1346]",RIGHT_WRIST,-0.34234827050904876,0.8583579713576508,0.9381599426269531,0.5829995647072792,0.5543576329946518,0.4644737606818008
00070,/Users/nikko/Downloads/moi-main/project_root/data/temp_frames/video10/frame_00070.png,"[641, 264, 2048, 1346]",RIGHT_KNEE,-0.8352056324015096,0.5290892161501879,0.7538247108459473,0.5829995647072792,0.5543576329946518,0.4644737606818008
00070,/Users/nikko/Downloads/moi-main/project_root/data/temp_frames/video10/frame_00070.png,"[641, 264, 2048, 1346]",RIGHT_ANKLE,-1.0384868068350517,0.5114395982001995,0.8334178924560547,0.5829995647072792,0.5543576329946518,0.4644737606818008
00070,/Users/nikko/Downloads/moi-main/project_root/data/temp_frames/video10/frame_00070.png,"[641, 264, 2048, 1346]",LEFT_EYE,0.7972636890849067,-0.6780258334195322,0.8046380877494812,0.5829995647072792,0.5543576329946518,0.4644737606818008
00070,/Users/nikko/Downloads/moi-main/project_root/data/temp_frames/video10/frame_00070.png,"[641, 264, 2048, 1346]",RIGHT_EYE,0.7234220024579257,-0.683469860745413,0.8755152225494385,0.5829995647072792,0.5543576329946518,0.4644737606818008
00071,/Users/nikko/Downloads/moi-main/project_root/data/temp_frames/video10/frame_00071.png,"[639, 305, 2057, 1356]",LEFT_SHOULDER,0.6105484669210277,-0.1946621446716062,0.9998822212219238,0.5836361348628998,0.556755967438221,0.4509267441300808
00071,/Users/nikko/Downloads/moi-main/project_root/data/temp_frames/video10/frame_00071.png,"[639, 305, 2057, 1356]",RIGHT_SHOULDER,-0.003552868543395104,-0.4380583910757751,0.9996383190155029,0.5836361348628998,0.556755967438221,0.4509267441300808
00071,/Users/nikko/Downloads/moi-main/project_root/data/temp_frames/video10/frame_00071.png,"[639, 305, 2057, 1356]",LEFT_HIP,-0.15494312384681355,0.40497531404901793,0.9996629953384399,0.5836361348628998,0.556755967438221,0.4509267441300808
00071,/Users/nikko/Downloads/moi-main/project_root/data/temp_frames/video10/frame_00071.png,"[639, 305, 2057, 1356]",RIGHT_HIP,-0.4520524745308191,0.22774522169836336,0.999739944934845,0.5836361348628998,0.556755967438221,0.4509267441300808
00071,/Users/nikko/Downloads/moi-main/project_root/data/temp_frames/video10/frame_00071.png,"[639, 305, 2057, 1356]",RIGHT_ELBOW,-0.48027285312733337,0.1721703923594852,0.9897326827049255,0.5836361348628998,0.556755967438221,0.4509267441300808
00071,/Users/nikko/Downloads/moi-main/project_root/data/temp_frames/video10/frame_00071.png,"[639, 305, 2057, 1356]",LEFT_WRIST,0.5223269281830086,0.8474275685897344,0.7078390717506409,0.5836361348628998,0.556755967438221,0.4509267441300808
00071,/Users/nikko/Downloads/moi-main/project_root/data/temp_frames/video10/frame_00071.png,"[639, 305, 2057, 1356]",RIGHT_WRIST,-0.3497493309699603,0.8486472169350627,0.9947435855865479,0.5836361348628998,0.556755967438221,0.4509267441300808
00071,/Users/nikko/Downloads/moi-main/project_root/data/temp_frames/video10/frame_00071.png,"[639, 305, 2057, 1356]",RIGHT_KNEE,-0.8462381074331853,0.5019111192673787,0.797100305557251,0.5836361348628998,0.556755967438221,0.4509267441300808
00071,/Users/nikko/Downloads/moi-main/project_root/data/temp_frames/video10/frame_00071.png,"[639, 305, 2057, 1356]",RIGHT_ANKLE,-1.0818126499940373,0.5041796361095294,0.8416588306427002,0.5836361348628998,0.556755967438221,0.4509267441300808
00071,/Users/nikko/Downloads/moi-main/project_root/data/temp_frames/video10/frame_00071.png,"[639, 305, 2057, 1356]",LEFT_EYE,0.829098029831946,-0.6480885906693717,0.9538381695747375,0.5836361348628998,0.556755967438221,0.4509267441300808
00071,/Users/nikko/Downloads/moi-main/project_root/data/temp_frames/video10/frame_00071.png,"[639, 305, 2057, 1356]",RIGHT_EYE,0.7498523468313841,-0.6647301087554389,0.9758219122886658,0.5836361348628998,0.556755967438221,0.4509267441300808
00072,/Users/nikko/Downloads/moi-main/project_root/data/temp_frames/video10/frame_00072.png,"[642, 358, 2075, 1358]",LEFT_SHOULDER,0.6009474191695038,-0.1838723845742092,0.9999033212661743,0.575823649764061,0.5594007298350334,0.45230912874608914
00072,/Users/nikko/Downloads/moi-main/project_root/data/temp_frames/video10/frame_00072.png,"[642, 358, 2075, 1358]",RIGHT_SHOULDER,0.02782230812548784,-0.44416475277198747,0.9996569156646729,0.575823649764061,0.5594007298350334,0.45230912874608914
00072,/Users/nikko/Downloads/moi-main/project_root/data/temp_frames/video10/frame_00072.png,"[642, 358, 2075, 1358]",LEFT_HIP,-0.17841416611706906,0.4031085170658533,0.9997718930244446,0.575823649764061,0.5594007298350334,0.45230912874608914
00072,/Users/nikko/Downloads/moi-main/project_root/data/temp_frames/video10/frame_00072.png,"[642, 358, 2075, 1358]",RIGHT_HIP,-0.45035556117792264,0.2249286202803434,0.9998067021369934,0.575823649764061,0.5594007298350334,0.45230912874608914
00072,/Users/nikko/Downloads/moi-main/project_root/data/temp_frames/video10/frame_00072.png,"[642, 358, 2075, 1358]",RIGHT_ELBOW,-0.49176618237127123,0.12810406120187162,0.9914608001708984,0.575823649764061,0.5594007298350334,0.45230912874608914
00072,/Users/nikko/Downloads/moi-main/project_root/data/temp_frames/video10/frame_00072.png,"[642, 358, 2075, 1358]",LEFT_WRIST,0.5094052035901454,0.8116979514454695,0.7580466866493225,0.575823649764061,0.5594007298350334,0.45230912874608914
00072,/Users/nikko/Downloads/moi-main/project_root/data/temp_frames/video10/frame_00072.png,"[642, 358, 2075, 1358]",RIGHT_WRIST,-0.3699347970045183,0.8178877220952601,0.9948474168777466,0.575823649764061,0.5594007298350334,0.45230912874608914
00072,/Users/nikko/Downloads/moi-main/project_root/data/temp_frames/video10/frame_00072.png,"[642, 358, 2075, 1358]",RIGHT_KNEE,-0.8518211784883466,0.47113840698368487,0.8044137358665466,0.575823649764061,0.5594007298350334,0.45230912874608914
00072,/Users/nikko/Downloads/moi-main/project_root/data/temp_frames/video10/frame_00072.png,"[642, 358, 2075, 1358]",RIGHT_ANKLE,-1.0753817726130166,0.49868658276380584,0.867944061756134,0.575823649764061,0.5594007298350334,0.45230912874608914
00072,/Users/nikko/Downloads/moi-main/project_root/data/temp_frames/video10/frame_00072.png,"[642, 358, 2075, 1358]",LEFT_EYE,0.8375013955894343,-0.6203511035314381,0.9744399785995483,0.575823649764061,0.5594007298350334,0.45230912874608914
00072,/Users/nikko/Downloads/moi-main/project_root/data/temp_frames/video10/frame_00072.png,"[642, 358, 2075, 1358]",RIGHT_EYE,0.7618746035790397,-0.6421176268560246,0.9856634140014648,0.575823649764061,0.5594007298350334,0.45230912874608914
00073,/Users/nikko/Downloads/moi-main/project_root/data/temp_frames/video10/frame_00073.png,"[651, 401, 2089, 1363]",LEFT_SHOULDER,0.6292147462676908,-0.24096383088644915,0.9998971223831177,0.5519689694046974,0.5723768696188927,0.4679895434204169
00073,/Users/nikko/Downloads/moi-main/project_root/data/temp_frames/video10/frame_00073.png,"[651, 401, 2089, 1363]",RIGHT_SHOULDER,0.01634927937001115,-0.391608065990999,0.9995647072792053,0.5519689694046974,0.5723768696188927,0.4679895434204169
00073,/Users/nikko/Downloads/moi-main/project_root/data/temp_frames/video10/frame_00073.png,"[651, 401, 2089, 1363]",LEFT_HIP,-0.1880832998269651,0.394764985733454,0.9997989535331726,0.5519689694046974,0.5723768696188927,0.4679895434204169
00073,/Users/nikko/Downloads/moi-main/project_root/data/temp_frames/video10/frame_00073.png,"[651, 401, 2089, 1363]",RIGHT_HIP,-0.45748072581073684,0.23780691114399416,0.9998044371604919,0.5519689694046974,0.5723768696188927,0.4679895434204169
00073,/Users/nikko/Downloads/moi-main/project_root/data/temp_frames/video10/frame_00073.png,"[651, 401, 2089, 1363]",RIGHT_ELBOW,-0.4751215476081873,0.08841994184628242,0.9784810543060303,0.5519689694046974,0.5723768696188927,0.4679895434204169
00073,/Users/nikko/Downloads/moi-main/project_root/data/temp_frames/video10/frame_00073.png,"[651, 401, 2089, 1363]",LEFT_WRIST,0.5388057256005535,0.7473014773737544,0.687454342842102,0.5519689694046974,0.5723768696188927,0.4679895434204169
00073,/Users/nikko/Downloads/moi-main/project_root/data/temp_frames/video10/frame_00073.png,"[651, 401, 2089, 1363]",RIGHT_WRIST,-0.316781773367663,0.7630142750832836,0.9864184260368347,0.5519689694046974,0.5723768696188927,0.4679895434204169
00073,/Users/nikko/Downloads/moi-main/project_root/data/temp_frames/video10/frame_00073.png,"[651, 401, 2089, 1363]",RIGHT_KNEE,-0.8048394576902822,0.45473840511783964,0.6444727182388306,0.5519689694046974,0.5723768696188927,0.4679895434204169
00073,/Users/nikko/Downloads/moi-main/project_root/data/temp_frames/video10/frame_00073.png,"[651, 401, 2089, 1363]",RIGHT_ANKLE,-1.015274584796406,0.442064620670425,0.7210835218429565,0.5519689694046974,0.5723768696188927,0.4679895434204169
00073,/Users/nikko/Downloads/moi-main/project_root/data/temp_frames/video10/frame_00073.png,"[651, 401, 2089, 1363]",LEFT_EYE,0.8604917940229484,-0.5486256828754187,0.9512302875518799,0.5519689694046974,0.5723768696188927,0.4679895434204169
00073,/Users/nikko/Downloads/moi-main/project_root/data/temp_frames/video10/frame_00073.png,"[651, 401, 2089, 1363]",RIGHT_EYE,0.7779772538067106,-0.553187386848535,0.971495509147644,0.5519689694046974,0.5723768696188927,0.4679895434204169
00074,/Users/nikko/Downloads/moi-main/project_root/data/temp_frames/video10/frame_00074.png,"[648, 439, 2125, 1360]",LEFT_SHOULDER,0.6579327719457653,-0.23310000222204494,0.9996780157089233,0.5274858251214027,0.5944046005606651,0.49356759044550624
00074,/Users/nikko/Downloads/moi-main/project_root/data/temp_frames/video10/frame_00074.png,"[648, 439, 2125, 1360]",RIGHT_SHOULDER,0.04791489252492773,-0.36282161844068445,0.998855710029602,0.5274858251214027,0.5944046005606651,0.49356759044550624
00074,/Users/nikko/Downloads/moi-main/project_root/data/temp_frames/video10/frame_00074.png,"[648, 439, 2125, 1360]",LEFT_HIP,-0.2482979203728874,0.3760837075900985,0.9996699094772339,0.5274858251214027,0.5944046005606651,0.49356759044550624
00074,/Users/nikko/Downloads/moi-main/project_root/data/temp_frames/video10/frame_00074.png,"[648, 439, 2125, 1360]",RIGHT_HIP,-0.45754974409780563,0.21983791307263084,0.9997352957725525,0.5274858251214027,0.5944046005606651,0.49356759044550624
00074,/Users/nikko/Downloads/moi-main/project_root/data/temp_frames/video10/frame_00074.png,"[648, 439, 2125, 1360]",RIGHT_ELBOW,-0.4162586805653744,0.08585294444276707,0.8764402866363525,0.5274858251214027,0.5944046005606651,0.49356759044550624
00074,/Users/nikko/Downloads/moi-main/project_root/data/temp_frames/video10/frame_00074.png,"[648, 439, 2125, 1360]",RIGHT_WRIST,-0.2630933660281272,0.6921047126197778,0.9113597273826599,0.5274858251214027,0.5944046005606651,0.49356759044550624
00074,/Users/nikko/Downloads/moi-main/project_root/data/temp_frames/video10/frame_00074.png,"[648, 439, 2125, 1360]",LEFT_EYE,0.8534208273179517,-0.5230536749362025,0.9314098954200745,0.5274858251214027,0.5944046005606651,0.49356759044550624
00074,/Users/nikko/Downloads/moi-main/project_root/data/temp_frames/video10/frame_00074.png,"[648, 439, 2125, 1360]",RIGHT_EYE,0.7762297968395997,-0.5485942395596325,0.9640663266181946,0.5274858251214027,0.5944046005606651,0.49356759044550624
00075,/Users/nikko/Downloads/moi-main/project_root/data/temp_frames/video10/frame_00075.png,"[675, 530, 2178, 1367]",LEFT_SHOULDER,0.6625838310909659,-0.1903911477543556,0.9994860887527466,0.5141222253441811,0.5845639184117317,0.45409991652278175
00075,/Users/nikko/Downloads/moi-main/project_root/data/temp_frames/video10/frame_00075.png,"[675, 530, 2178, 1367]",RIGHT_SHOULDER,0.03850680947085576,-0.38867769739973185,0.9981406927108765,0.5141222253441811,0.5845639184117317,0.45409991652278175
00075,/Users/nikko/Downloads/moi-main/project_root/data/temp_frames/video10/frame_00075.png,"[675, 530, 2178, 1367]",LEFT_HIP,-0.23846293920818024,0.36723751158129425,0.9987009763717651,0.5141222253441811,0.5845639184117317,0.45409991652278175
00075,/Users/nikko/Downloads/moi-main/project_root/data/temp_frames/video10/frame_00075.png,"[675, 530, 2178, 1367]",RIGHT_HIP,-0.4626277013536414,0.21183133357279316,0.999026894569397,0.5141222253441811,0.5845639184117317,0.45409991652278175
00075,/Users/nikko/Downloads/moi-main/project_root/data/temp_frames/video10/frame_00075.png,"[675, 530, 2178, 1367]",RIGHT_ELBOW,-0.4678545610671947,-0.009978841219975337,0.9091721773147583,0.5141222253441811,0.5845639184117317,0.45409991652278175
00075,/Users/nikko/Downloads/moi-main/project_root/data/temp_frames/video10/frame_00075.png,"[675, 530, 2178, 1367]",RIGHT_WRIST,-0.32160395219909105,0.7023030952096596,0.9148436188697815,0.5141222253441811,0.5845639184117317,0.45409991652278175
00075,/Users/nikko/Downloads/moi-main/project_root/data/temp_frames/video10/frame_00075.png,"[675, 530, 2178, 1367]",LEFT_EYE,0.9096299687020329,-0.44260442229025465,0.937417209148407,0.5141222253441811,0.5845639184117317,0.45409991652278175
00075,/Users/nikko/Downloads/moi-main/project_root/data/temp_frames/video10/frame_00075.png,"[675, 530, 2178, 1367]",RIGHT_EYE,0.8329238564927973,-0.47843599538095116,0.9651385545730591,0.5141222253441811,0.5845639184117317,0.45409991652278175
00076,/Users/nikko/Downloads/moi-main/project_root/data/temp_frames/video10/frame_00076.png,"[674, 529, 2182, 1367]",LEFT_SHOULDER,0.6635891522643488,-0.19107339650672014,0.9994514584541321,0.5175580903887749,0.5842481702566147,0.45045447764287705
00076,/Users/nikko/Downloads/moi-main/project_root/data/temp_frames/video10/frame_00076.png,"[674, 529, 2182, 1367]",RIGHT_SHOULDER,0.04979933785645016,-0.3762666074686707,0.9986132383346558,0.5175580903887749,0.5842481702566147,0.45045447764287705
00076,/Users/nikko/Downloads/moi-main/project_root/data/temp_frames/video10/frame_00076.png,"[674, 529, 2182, 1367]",LEFT_HIP,-0.2509069101721426,0.3770295049344718,0.999177873134613,0.5175580903887749,0.5842481702566147,0.45045447764287705
00076,/Users/nikko/Downloads/moi-main/project_root/data/temp_frames/video10/frame_00076.png,"[674, 529, 2182, 1367]",RIGHT_HIP,-0.4624815799486563,0.19031049904091904,0.9994229078292847,0.5175580903887749,0.5842481702566147,0.45045447764287705
00076,/Users/nikko/Downloads/moi-main/project_root/data/temp_frames/video10/frame_00076.png,"[674, 529, 2182, 1367]",RIGHT_ELBOW,-0.470891381585367,-0.03326788038026495,0.893229067325592,0.5175580903887749,0.5842481702566147,0.45045447764287705
00076,/Users/nikko/Downloads/moi-main/project_root/data/temp_frames/video10/frame_00076.png,"[674, 529, 2182, 1367]",RIGHT_WRIST,-0.34293360855309096,0.6946933671734091,0.9208906888961792,0.5175580903887749,0.5842481702566147,0.45045447764287705
00076,/Users/nikko/Downloads/moi-main/project_root/data/temp_frames/video10/frame_00076.png,"[674, 529, 2182, 1367]",LEFT_EYE,0.9002740717748686,-0.43113230630979565,0.8423056602478027,0.5175580903887749,0.5842481702566147,0.45045447764287705
00076,/Users/nikko/Downloads/moi-main/project_root/data/temp_frames/video10/frame_00076.png,"[674, 529, 2182, 1367]",RIGHT_EYE,0.821152653046957,-0.46572680524313587,0.9198246002197266,0.5175580903887749,0.5842481702566147,0.45045447764287705
00077,/Users/nikko/Downloads/moi-main/project_root/data/temp_frames/video10/frame_00077.png,"[691, 578, 2177, 1369]",LEFT_SHOULDER,0.7108065021358259,-0.17918687390595692,0.9994474053382874,0.5157245397567749,0.5744177475571632,0.43035082271701364
00077,/Users/nikko/Downloads/moi-main/project_root/data/temp_frames/video10/frame_00077.png,"[691, 578, 2177, 1369]",RIGHT_SHOULDER,0.05259672219163636,-0.3451739619300883,0.9984384179115295,0.5157245397567749,0.5744177475571632,0.43035082271701364
00077,/Users/nikko/Downloads/moi-main/project_root/data/temp_frames/video10/frame_00077.png,"[691, 578, 2177, 1369]",LEFT_HIP,-0.26882315139905727,0.3137766676374171,0.9993681311607361,0.5157245397567749,0.5744177475571632,0.43035082271701364
00077,/Users/nikko/Downloads/moi-main/project_root/data/temp_frames/video10/frame_00077.png,"[691, 578, 2177, 1369]",RIGHT_HIP,-0.494580072928405,0.21058416819862816,0.9995433688163757,0.5157245397567749,0.5744177475571632,0.43035082271701364
00077,/Users/nikko/Downloads/moi-main/project_root/data/temp_frames/video10/frame_00077.png,"[691, 578, 2177, 1369]",RIGHT_ELBOW,-0.5117323552617491,-0.040718007336094694,0.8244695067405701,0.5157245397567749,0.5744177475571632,0.43035082271701364
00077,/Users/nikko/Downloads/moi-main/project_root/data/temp_frames/video10/frame_00077.png,"[691, 578, 2177, 1369]",RIGHT_WRIST,-0.34702329862650294,0.7555331513554921,0.8172945976257324,0.5157245397567749,0.5744177475571632,0.43035082271701364
00077,/Users/nikko/Downloads/moi-main/project_root/data/temp_frames/video10/frame_00077.png,"[691, 578, 2177, 1369]",LEFT_EYE,0.9693826880214415,-0.4021683447713252,0.8816256523132324,0.5157245397567749,0.5744177475571632,0.43035082271701364
00077,/Users/nikko/Downloads/moi-main/project_root/data/temp_frames/video10/frame_00077.png,"[691, 578, 2177, 1369]",RIGHT_EYE,0.8787749370072829,-0.42997541309219095,0.9362502098083496,0.5157245397567749,0.5744177475571632,0.43035082271701364
00078,/Users/nikko/Downloads/moi-main/project_root/data/temp_frames/video10/frame_00078.png,"[694, 616, 2185, 1367]",LEFT_SHOULDER,0.7440165652086453,-0.17682273714165447,0.9989829659461975,0.5117515400052071,0.5681727081537247,0.3980969578874052
00078,/Users/nikko/Downloads/moi-main/project_root/data/temp_frames/video10/frame_00078.png,"[694, 616, 2185, 1367]",RIGHT_SHOULDER,0.05478681544498081,-0.29645920170190865,0.9973093271255493,0.5117515400052071,0.5681727081537247,0.3980969578874052
00078,/Users/nikko/Downloads/moi-main/project_root/data/temp_frames/video10/frame_00078.png,"[694, 616, 2185, 1367]",LEFT_HIP,-0.2680684547462155,0.29969533492686956,0.9973279237747192,0.5117515400052071,0.5681727081537247,0.3980969578874052
00078,/Users/nikko/Downloads/moi-main/project_root/data/temp_frames/video10/frame_00078.png,"[694, 616, 2185, 1367]",RIGHT_HIP,-0.5307349259074107,0.17358660391669356,0.9980765581130981,0.5117515400052071,0.5681727081537247,0.3980969578874052
00078,/Users/nikko/Downloads/moi-main/project_root/data/temp_frames/video10/frame_00078.png,"[694, 616, 2185, 1367]",RIGHT_ELBOW,-0.5433559802363036,-0.062851751584172,0.9087348580360413,0.5117515400052071,0.5681727081537247,0.3980969578874052
00078,/Users/nikko/Downloads/moi-main/project_root/data/temp_frames/video10/frame_00078.png,"[694, 616, 2185, 1367]",RIGHT_WRIST,-0.382733410762553,0.8156374420497238,0.9213587045669556,0.5117515400052071,0.5681727081537247,0.3980969578874052
00078,/Users/nikko/Downloads/moi-main/project_root/data/temp_frames/video10/frame_00078.png,"[694, 616, 2185, 1367]",LEFT_EYE,1.0661700792961406,-0.3734247927212087,0.926237940788269,0.5117515400052071,0.5681727081537247,0.3980969578874052
00078,/Users/nikko/Downloads/moi-main/project_root/data/temp_frames/video10/frame_00078.png,"[694, 616, 2185, 1367]",RIGHT_EYE,0.9706430617925421,-0.4049647394395817,0.955121636390686,0.5117515400052071,0.5681727081537247,0.3980969578874052
00079,/Users/nikko/Downloads/moi-main/project_root/data/temp_frames/video10/frame_00079.png,"[694, 616, 2185, 1367]",LEFT_SHOULDER,0.7269528549871084,-0.14678178816812382,0.9986876845359802,0.5225846171379089,0.5644407495856285,0.40496447649900846
00079,/Users/nikko/Downloads/moi-main/project_root/data/temp_frames/video10/frame_00079.png,"[694, 616, 2185, 1367]",RIGHT_SHOULDER,0.0553744814109182,-0.32666252882598107,0.9965992569923401,0.5225846171379089,0.5644407495856285,0.40496447649900846
00079,/Users/nikko/Downloads/moi-main/project_root/data/temp_frames/video10/frame_00079.png,"[694, 616, 2185, 1367]",LEFT_HIP,-0.2633449398076459,0.3161608513883658,0.9970775842666626,0.5225846171379089,0.5644407495856285,0.40496447649900846
00079,/Users/nikko/Downloads/moi-main/project_root/data/temp_frames/video10/frame_00079.png,"[694, 616, 2185, 1367]",RIGHT_HIP,-0.5189823965903807,0.1572834656057391,0.9979520440101624,0.5225846171379089,0.5644407495856285,0.40496447649900846
00079,/Users/nikko/Downloads/moi-main/project_root/data/temp_frames/video10/frame_00079.png,"[694, 616, 2185, 1367]",RIGHT_ELBOW,-0.5609910933366183,-0.06911733532042257,0.8896665573120117,0.5225846171379089,0.5644407495856285,0.40496447649900846
00079,/Users/nikko/Downloads/moi-main/project_root/data/temp_frames/video10/frame_00079.png,"[694, 616, 2185, 1367]",RIGHT_WRIST,-0.422211654687028,0.82059004935647,0.8985118269920349,0.5225846171379089,0.5644407495856285,0.40496447649900846
00079,/Users/nikko/Downloads/moi-main/project_root/data/temp_frames/video10/frame_00079.png,"[694, 616, 2185, 1367]",LEFT_EYE,1.0250429916834918,-0.3685507547542091,0.8092572093009949,0.5225846171379089,0.5644407495856285,0.40496447649900846
00079,/Users/nikko/Downloads/moi-main/project_root/data/temp_frames/video10/frame_00079.png,"[694, 616, 2185, 1367]",RIGHT_EYE,0.9315121567825043,-0.3930652783515259,0.8799764513969421,0.5225846171379089,0.5644407495856285,0.40496447649900846
00080,/Users/nikko/Downloads/moi-main/project_root/data/temp_frames/video10/frame_00080.png,"[705, 665, 2208, 1368]",LEFT_SHOULDER,0.71053102125254,-0.16085620249426075,0.9991951584815979,0.5127230510115623,0.5605732798576355,0.3989549851582353
00080,/Users/nikko/Downloads/moi-main/project_root/data/temp_frames/video10/frame_00080.png,"[705, 665, 2208, 1368]",RIGHT_SHOULDER,0.10620245533386287,-0.2906255236977845,0.9983654618263245,0.5127230510115623,0.5605732798576355,0.3989549851582353
00080,/Users/nikko/Downloads/moi-main/project_root/data/temp_frames/video10/frame_00080.png,"[705, 665, 2208, 1368]",LEFT_HIP,-0.28468685300504887,0.3175055454429019,0.9994358420372009,0.5127230510115623,0.5605732798576355,0.3989549851582353
00080,/Users/nikko/Downloads/moi-main/project_root/data/temp_frames/video10/frame_00080.png,"[705, 665, 2208, 1368]",RIGHT_HIP,-0.532046623581354,0.13397618074914336,0.9996404647827148,0.5127230510115623,0.5605732798576355,0.3989549851582353
00080,/Users/nikko/Downloads/moi-main/project_root/data/temp_frames/video10/frame_00080.png,"[705, 665, 2208, 1368]",RIGHT_ELBOW,-0.563183554518649,-0.15066407752897923,0.8533130288124084,0.5127230510115623,0.5605732798576355,0.3989549851582353
00080,/Users/nikko/Downloads/moi-main/project_root/data/temp_frames/video10/frame_00080.png,"[705, 665, 2208, 1368]",RIGHT_WRIST,-0.3868407214629115,0.8505505660968834,0.8271563053131104,0.5127230510115623,0.5605732798576355,0.3989549851582353
00080,/Users/nikko/Downloads/moi-main/project_root/data/temp_frames/video10/frame_00080.png,"[705, 665, 2208, 1368]",LEFT_EYE,1.057528059476416,-0.3385461180520609,0.9298254251480103,0.5127230510115623,0.5605732798576355,0.3989549851582353
00080,/Users/nikko/Downloads/moi-main/project_root/data/temp_frames/video10/frame_00080.png,"[705, 665, 2208, 1368]",RIGHT_EYE,0.9520577669758777,-0.36806226215148913,0.9598351716995239,0.5127230510115623,0.5605732798576355,0.3989549851582353
00081,/Users/nikko/Downloads/moi-main/project_root/data/temp_frames/video10/frame_00081.png,"[707, 695, 2207, 1370]",LEFT_SHOULDER,0.740026993213659,-0.12197671731903888,0.9990724325180054,0.5116615146398544,0.5512150302529335,0.385532721749833
00081,/Users/nikko/Downloads/moi-main/project_root/data/temp_frames/video10/frame_00081.png,"[707, 695, 2207, 1370]",RIGHT_SHOULDER,0.11910335635018382,-0.2766792309845728,0.9990529417991638,0.5116615146398544,0.5512150302529335,0.385532721749833
00081,/Users/nikko/Downloads/moi-main/project_root/data/temp_frames/video10/frame_00081.png,"[707, 695, 2207, 1370]",LEFT_HIP,-0.30468966424531707,0.25266055922260017,0.9993557333946228,0.5116615146398544,0.5512150302529335,0.385532721749833
00081,/Users/nikko/Downloads/moi-main/project_root/data/temp_frames/video10/frame_00081.png,"[707, 695, 2207, 1370]",RIGHT_HIP,-0.5544406853185257,0.1459953890810115,0.9996548891067505,0.5116615146398544,0.5512150302529335,0.385532721749833
00081,/Users/nikko/Downloads/moi-main/project_root/data/temp_frames/video10/frame_00081.png,"[707, 695, 2207, 1370]",RIGHT_ELBOW,-0.5842152779166783,-0.19424287718890607,0.9259124994277954,0.5116615146398544,0.5512150302529335,0.385532721749833
00081,/Users/nikko/Downloads/moi-main/project_root/data/temp_frames/video10/frame_00081.png,"[707, 695, 2207, 1370]",RIGHT_WRIST,-0.45534605401419004,0.8587714958964385,0.9442797303199768,0.5116615146398544,0.5512150302529335,0.385532721749833
00081,/Users/nikko/Downloads/moi-main/project_root/data/temp_frames/video10/frame_00081.png,"[707, 695, 2207, 1370]",LEFT_EYE,1.1158302881125872,-0.27029326290488426,0.9210923314094543,0.5116615146398544,0.5512150302529335,0.385532721749833
00081,/Users/nikko/Downloads/moi-main/project_root/data/temp_frames/video10/frame_00081.png,"[707, 695, 2207, 1370]",RIGHT_EYE,1.0316532553611104,-0.2753522705548972,0.9619683027267456,0.5116615146398544,0.5512150302529335,0.385532721749833
00082,/Users/nikko/Downloads/moi-main/project_root/data/temp_frames/video10/frame_00082.png,"[707, 720, 2215, 1370]",LEFT_SHOULDER,0.7502529135458571,-0.0254149910194763,0.9986498951911926,0.5050904378294945,0.5617392808198929,0.3850188190817599
00082,/Users/nikko/Downloads/moi-main/project_root/data/temp_frames/video10/frame_00082.png,"[707, 720, 2215, 1370]",RIGHT_SHOULDER,0.11923514073149576,-0.2988025597984245,0.9988743662834167,0.5050904378294945,0.5617392808198929,0.3850188190817599
00082,/Users/nikko/Downloads/moi-main/project_root/data/temp_frames/video10/frame_00082.png,"[707, 720, 2215, 1370]",LEFT_HIP,-0.306085910726611,0.23330822968990414,0.9989688396453857,0.5050904378294945,0.5617392808198929,0.3850188190817599
00082,/Users/nikko/Downloads/moi-main/project_root/data/temp_frames/video10/frame_00082.png,"[707, 720, 2215, 1370]",RIGHT_HIP,-0.5634021435507418,0.09090932112799668,0.9994632601737976,0.5050904378294945,0.5617392808198929,0.3850188190817599
00082,/Users/nikko/Downloads/moi-main/project_root/data/temp_frames/video10/frame_00082.png,"[707, 720, 2215, 1370]",RIGHT_ELBOW,-0.573542333182885,-0.3333750472279949,0.9324092268943787,0.5050904378294945,0.5617392808198929,0.3850188190817599
00082,/Users/nikko/Downloads/moi-main/project_root/data/temp_frames/video10/frame_00082.png,"[707, 720, 2215, 1370]",RIGHT_WRIST,-0.4443932765352364,0.8383082212467751,0.9479955434799194,0.5050904378294945,0.5617392808198929,0.3850188190817599
00082,/Users/nikko/Downloads/moi-main/project_root/data/temp_frames/video10/frame_00082.png,"[707, 720, 2215, 1370]",LEFT_EYE,1.098594690874213,-0.2500761318536317,0.8277982473373413,0.5050904378294945,0.5617392808198929,0.3850188190817599
00082,/Users/nikko/Downloads/moi-main/project_root/data/temp_frames/video10/frame_00082.png,"[707, 720, 2215, 1370]",RIGHT_EYE,1.0241600236509756,-0.28475358025434133,0.9094757437705994,0.5050904378294945,0.5617392808198929,0.3850188190817599
00083,/Users/nikko/Downloads/moi-main/project_root/data/temp_frames/video10/frame_00083.png,"[707, 736, 2218, 1366]",LEFT_SHOULDER,0.7789274024487277,-0.053956770630147664,0.9975280165672302,0.5059923455119133,0.5624503120779991,0.36853735482860733
00083,/Users/nikko/Downloads/moi-main/project_root/data/temp_frames/video10/frame_00083.png,"[707, 736, 2218, 1366]",RIGHT_SHOULDER,0.14732081297604444,-0.20481587666769044,0.9975513815879822,0.5059923455119133,0.5624503120779991,0.36853735482860733
00083,/Users/nikko/Downloads/moi-main/project_root/data/temp_frames/video10/frame_00083.png,"[707, 736, 2218, 1366]",LEFT_HIP,-0.32255368565454756,0.18676562695986273,0.9975984692573547,0.5059923455119133,0.5624503120779991,0.36853735482860733
00083,/Users/nikko/Downloads/moi-main/project_root/data/temp_frames/video10/frame_00083.png,"[707, 736, 2218, 1366]",RIGHT_HIP,-0.6036945297702246,0.07200702033797537,0.998719334602356,0.5059923455119133,0.5624503120779991,0.36853735482860733
00083,/Users/nikko/Downloads/moi-main/project_root/data/temp_frames/video10/frame_00083.png,"[707, 736, 2218, 1366]",RIGHT_ELBOW,-0.5964436359276304,-0.403307043621518,0.910140872001648,0.5059923455119133,0.5624503120779991,0.36853735482860733
00083,/Users/nikko/Downloads/moi-main/project_root/data/temp_frames/video10/frame_00083.png,"[707, 736, 2218, 1366]",RIGHT_WRIST,-0.44019089672761236,0.8969234990052413,0.9077210426330566,0.5059923455119133,0.5624503120779991,0.36853735482860733
00083,/Users/nikko/Downloads/moi-main/project_root/data/temp_frames/video10/frame_00083.png,"[707, 736, 2218, 1366]",LEFT_EYE,1.150966305725302,-0.1327741039555573,0.8281911015510559,0.5059923455119133,0.5624503120779991,0.36853735482860733
00083,/Users/nikko/Downloads/moi-main/project_root/data/temp_frames/video10/frame_00083.png,"[707, 736, 2218, 1366]",RIGHT_EYE,1.0719471296403862,-0.17027666657807045,0.9044920802116394,0.5059923455119133,0.5624503120779991,0.36853735482860733
00084,/Users/nikko/Downloads/moi-main/project_root/data/temp_frames/video10/frame_00084.png,"[901, 743, 2198, 1363]",LEFT_SHOULDER,0.7785201290930504,-0.09516788395210544,0.9966285824775696,0.430332787334919,0.5594851449131966,0.42438932423884485
00084,/Users/nikko/Downloads/moi-main/project_root/data/temp_frames/video10/frame_00084.png,"[901, 743, 2198, 1363]",RIGHT_SHOULDER,0.16896486201179392,-0.1819399777540303,0.9962471127510071,0.430332787334919,0.5594851449131966,0.42438932423884485
00084,/Users/nikko/Downloads/moi-main/project_root/data/temp_frames/video10/frame_00084.png,"[901, 743, 2198, 1363]",LEFT_HIP,-0.33099487428717855,0.11491456103923402,0.9930879473686218,0.430332787334919,0.5594851449131966,0.42438932423884485
00084,/Users/nikko/Downloads/moi-main/project_root/data/temp_frames/video10/frame_00084.png,"[901, 743, 2198, 1363]",RIGHT_HIP,-0.6164901168176657,0.16219330066690174,0.996410071849823,0.430332787334919,0.5594851449131966,0.42438932423884485
00084,/Users/nikko/Downloads/moi-main/project_root/data/temp_frames/video10/frame_00084.png,"[901, 743, 2198, 1363]",RIGHT_ELBOW,-0.5892438660192939,-0.34291645424025885,0.9563420414924622,0.430332787334919,0.5594851449131966,0.42438932423884485
00084,/Users/nikko/Downloads/moi-main/project_root/data/temp_frames/video10/frame_00084.png,"[901, 743, 2198, 1363]",RIGHT_WRIST,-0.38748770695901713,0.8245490216968621,0.9546164274215698,0.430332787334919,0.5594851449131966,0.42438932423884485
00084,/Users/nikko/Downloads/moi-main/project_root/data/temp_frames/video10/frame_00084.png,"[901, 743, 2198, 1363]",LEFT_EYE,1.1918478685005707,-0.06606606888612714,0.8731227517127991,0.430332787334919,0.5594851449131966,0.42438932423884485
00084,/Users/nikko/Downloads/moi-main/project_root/data/temp_frames/video10/frame_00084.png,"[901, 743, 2198, 1363]",RIGHT_EYE,1.1190544969551781,-0.10005645855142645,0.932087779045105,0.430332787334919,0.5594851449131966,0.42438932423884485
00085,/Users/nikko/Downloads/moi-main/project_root/data/temp_frames/video10/frame_00085.png,"[922, 752, 2200, 1363]",LEFT_SHOULDER,0.7611200265157995,-0.1188352981460138,0.9966033697128296,0.4138443358242512,0.5688266679644585,0.4477511525449226
00085,/Users/nikko/Downloads/moi-main/project_root/data/temp_frames/video10/frame_00085.png,"[922, 752, 2200, 1363]",RIGHT_SHOULDER,0.18490966400644687,-0.16409018292245744,0.9950502514839172,0.4138443358242512,0.5688266679644585,0.4477511525449226
00085,/Users/nikko/Downloads/moi-main/project_root/data/temp_frames/video10/frame_00085.png,"[922, 752, 2200, 1363]",LEFT_HIP,-0.3395470937691182,0.1441965599347496,0.9909069538116455,0.4138443358242512,0.5688266679644585,0.4477511525449226
00085,/Users/nikko/Downloads/moi-main/project_root/data/temp_frames/video10/frame_00085.png,"[922, 752, 2200, 1363]",RIGHT_HIP,-0.6064825967531281,0.13872892113372162,0.9946845173835754,0.4138443358242512,0.5688266679644585,0.4477511525449226
00085,/Users/nikko/Downloads/moi-main/project_root/data/temp_frames/video10/frame_00085.png,"[922, 752, 2200, 1363]",RIGHT_ELBOW,-0.5418568513285096,-0.3971977242656881,0.9252827763557434,0.4138443358242512,0.5688266679644585,0.4477511525449226
00085,/Users/nikko/Downloads/moi-main/project_root/data/temp_frames/video10/frame_00085.png,"[922, 752, 2200, 1363]",RIGHT_WRIST,-0.3989343997963478,0.7260518105588781,0.8741501569747925,0.4138443358242512,0.5688266679644585,0.4477511525449226
00085,/Users/nikko/Downloads/moi-main/project_root/data/temp_frames/video10/frame_00085.png,"[922, 752, 2200, 1363]",LEFT_EYE,1.1646944163155926,-0.07606236968212993,0.8991906642913818,0.4138443358242512,0.5688266679644585,0.4477511525449226
00085,/Users/nikko/Downloads/moi-main/project_root/data/temp_frames/video10/frame_00085.png,"[922, 752, 2200, 1363]",RIGHT_EYE,1.1011161590904137,-0.0943514637243385,0.9387165904045105,0.4138443358242512,0.5688266679644585,0.4477511525449226
00086,/Users/nikko/Downloads/moi-main/project_root/data/temp_frames/video10/frame_00086.png,"[991, 744, 2203, 1367]",LEFT_SHOULDER,0.7922389703987589,-0.14216865634101702,0.9926188588142395,0.3894466795027256,0.578938439488411,0.4881708259768983
00086,/Users/nikko/Downloads/moi-main/project_root/data/temp_frames/video10/frame_00086.png,"[991, 744, 2203, 1367]",RIGHT_SHOULDER,0.15115459810429668,-0.15157825500981914,0.9920033812522888,0.3894466795027256,0.578938439488411,0.4881708259768983
00086,/Users/nikko/Downloads/moi-main/project_root/data/temp_frames/video10/frame_00086.png,"[991, 744, 2203, 1367]",LEFT_HIP,-0.31668426565001806,0.1377086022967778,0.9756574630737305,0.3894466795027256,0.578938439488411,0.4881708259768983
00086,/Users/nikko/Downloads/moi-main/project_root/data/temp_frames/video10/frame_00086.png,"[991, 744, 2203, 1367]",RIGHT_HIP,-0.6267093028530376,0.15603830905405833,0.9870928525924683,0.3894466795027256,0.578938439488411,0.4881708259768983
00086,/Users/nikko/Downloads/moi-main/project_root/data/temp_frames/video10/frame_00086.png,"[991, 744, 2203, 1367]",RIGHT_ELBOW,-0.5905113431828295,-0.35789633685362104,0.941193699836731,0.3894466795027256,0.578938439488411,0.4881708259768983
00086,/Users/nikko/Downloads/moi-main/project_root/data/temp_frames/video10/frame_00086.png,"[991, 744, 2203, 1367]",RIGHT_WRIST,-0.4075136139347901,0.5996687867436614,0.9194800853729248,0.3894466795027256,0.578938439488411,0.4881708259768983
00086,/Users/nikko/Downloads/moi-main/project_root/data/temp_frames/video10/frame_00086.png,"[991, 744, 2203, 1367]",LEFT_EYE,1.1142934919664278,-0.15446245218826934,0.797017514705658,0.3894466795027256,0.578938439488411,0.4881708259768983
00086,/Users/nikko/Downloads/moi-main/project_root/data/temp_frames/video10/frame_00086.png,"[991, 744, 2203, 1367]",RIGHT_EYE,1.0376588515948633,-0.18819163760674934,0.8746545314788818,0.3894466795027256,0.578938439488411,0.4881708259768983
00087,/Users/nikko/Downloads/moi-main/project_root/data/temp_frames/video10/frame_00087.png,"[998, 721, 2199, 1363]",LEFT_SHOULDER,0.759847136649123,-0.168613964769625,0.992272138595581,0.3721406264230609,0.5765934884548187,0.5170877405247454
00087,/Users/nikko/Downloads/moi-main/project_root/data/temp_frames/video10/frame_00087.png,"[998, 721, 2199, 1363]",RIGHT_SHOULDER,0.19105140112457453,-0.12428093616863509,0.9920125603675842,0.3721406264230609,0.5765934884548187,0.5170877405247454
00087,/Users/nikko/Downloads/moi-main/project_root/data/temp_frames/video10/frame_00087.png,"[998, 721, 2199, 1363]",LEFT_HIP,-0.32777973789550024,0.13030586255725643,0.9842356443405151,0.3721406264230609,0.5765934884548187,0.5170877405247454
00087,/Users/nikko/Downloads/moi-main/project_root/data/temp_frames/video10/frame_00087.png,"[998, 721, 2199, 1363]",RIGHT_HIP,-0.6231187998781972,0.16258903838100366,0.9911376237869263,0.3721406264230609,0.5765934884548187,0.5170877405247454
00087,/Users/nikko/Downloads/moi-main/project_root/data/temp_frames/video10/frame_00087.png,"[998, 721, 2199, 1363]",RIGHT_ELBOW,-0.5140640574368192,-0.2888652962720509,0.932400643825531,0.3721406264230609,0.5765934884548187,0.5170877405247454
00087,/Users/nikko/Downloads/moi-main/project_root/data/temp_frames/video10/frame_00087.png,"[998, 721, 2199, 1363]",RIGHT_WRIST,-0.35115998645804825,0.5451828146976048,0.8925568461418152,0.3721406264230609,0.5765934884548187,0.5170877405247454
00087,/Users/nikko/Downloads/moi-main/project_root/data/temp_frames/video10/frame_00087.png,"[998, 721, 2199, 1363]",LEFT_EYE,1.0881097202840375,-0.12206521842466021,0.8182061910629272,0.3721406264230609,0.5765934884548187,0.5170877405247454
00087,/Users/nikko/Downloads/moi-main/project_root/data/temp_frames/video10/frame_00087.png,"[998, 721, 2199, 1363]",RIGHT_EYE,1.03072399089974,-0.16651495778497666,0.8898608684539795,0.3721406264230609,0.5765934884548187,0.5170877405247454
00088,/Users/nikko/Downloads/moi-main/project_root/data/temp_frames/video10/frame_00088.png,"[700, 696, 2201, 1364]",LEFT_SHOULDER,0.7386412525530138,-0.11578325422494372,0.9990590214729309,0.5283017531037331,0.5422873347997665,0.3647851797165659
00088,/Users/nikko/Downloads/moi-main/project_root/data/temp_frames/video10/frame_00088.png,"[700, 696, 2201, 1364]",RIGHT_SHOULDER,0.11788300218855861,-0.2707544373089618,0.9990346431732178,0.5283017531037331,0.5422873347997665,0.3647851797165659
00088,/Users/nikko/Downloads/moi-main/project_root/data/temp_frames/video10/frame_00088.png,"[700, 696, 2201, 1364]",LEFT_HIP,-0.28584106668566633,0.26257880855678417,0.9991932511329651,0.5283017531037331,0.5422873347997665,0.3647851797165659
00088,/Users/nikko/Downloads/moi-main/project_root/data/temp_frames/video10/frame_00088.png,"[700, 696, 2201, 1364]",RIGHT_HIP,-0.570683188055906,0.12395888297712139,0.9995772242546082,0.5283017531037331,0.5422873347997665,0.3647851797165659
00088,/Users/nikko/Downloads/moi-main/project_root/data/temp_frames/video10/frame_00088.png,"[700, 696, 2201, 1364]",RIGHT_ELBOW,-0.6525043440133858,-0.2123275843282294,0.9351447820663452,0.5283017531037331,0.5422873347997665,0.3647851797165659
00088,/Users/nikko/Downloads/moi-main/project_root/data/temp_frames/video10/frame_00088.png,"[700, 696, 2201, 1364]",RIGHT_WRIST,-0.4867995589758561,0.9649730865722923,0.9509425163269043,0.5283017531037331,0.5422873347997665,0.3647851797165659
00088,/Users/nikko/Downloads/moi-main/project_root/data/temp_frames/video10/frame_00088.png,"[700, 696, 2201, 1364]",LEFT_EYE,1.1627037001754363,-0.2644802543660414,0.9228600859642029,0.5283017531037331,0.5422873347997665,0.3647851797165659
00088,/Users/nikko/Downloads/moi-main/project_root/data/temp_frames/video10/frame_00088.png,"[700, 696, 2201, 1364]",RIGHT_EYE,1.0640288422808895,-0.25834610227802635,0.9634442329406738,0.5283017531037331,0.5422873347997665,0.3647851797165659
00089,/Users/nikko/Downloads/moi-main/project_root/data/temp_frames/video10/frame_00089.png,"[721, 644, 2191, 1365]",LEFT_SHOULDER,0.7128242720284448,-0.10577203098338364,0.999104917049408,0.5129791647195816,0.5587431192398071,0.4044506327405532
00089,/Users/nikko/Downloads/moi-main/project_root/data/temp_frames/video10/frame_00089.png,"[721, 644, 2191, 1365]",RIGHT_SHOULDER,0.11496578805073095,-0.30010114307365,0.9985754489898682,0.5129791647195816,0.5587431192398071,0.4044506327405532
00089,/Users/nikko/Downloads/moi-main/project_root/data/temp_frames/video10/frame_00089.png,"[721, 644, 2191, 1365]",LEFT_HIP,-0.2897059368622162,0.31123715081652037,0.9988428354263306,0.5129791647195816,0.5587431192398071,0.4044506327405532
00089,/Users/nikko/Downloads/moi-main/project_root/data/temp_frames/video10/frame_00089.png,"[721, 644, 2191, 1365]",RIGHT_HIP,-0.5380841232169595,0.09463602324051328,0.9992808699607849,0.5129791647195816,0.5587431192398071,0.4044506327405532
00089,/Users/nikko/Downloads/moi-main/project_root/data/temp_frames/video10/frame_00089.png,"[721, 644, 2191, 1365]",RIGHT_ELBOW,-0.5791244617412058,-0.1466168070403865,0.9360370635986328,0.5129791647195816,0.5587431192398071,0.4044506327405532
00089,/Users/nikko/Downloads/moi-main/project_root/data/temp_frames/video10/frame_00089.png,"[721, 644, 2191, 1365]",RIGHT_WRIST,-0.4127948990539263,0.8190132548659721,0.9400990009307861,0.5129791647195816,0.5587431192398071,0.4044506327405532
00089,/Users/nikko/Downloads/moi-main/project_root/data/temp_frames/video10/frame_00089.png,"[721, 644, 2191, 1365]",RIGHT_ANKLE,-1.1477141192701517,0.42027140544338737,0.5192195773124695,0.5129791647195816,0.5587431192398071,0.4044506327405532
00089,/Users/nikko/Downloads/moi-main/project_root/data/temp_frames/video10/frame_00089.png,"[721, 644, 2191, 1365]",LEFT_EYE,1.0708431482419367,-0.2893768923266187,0.8386591672897339,0.5129791647195816,0.5587431192398071,0.4044506327405532
00089,/Users/nikko/Downloads/moi-main/project_root/data/temp_frames/video10/frame_00089.png,"[721, 644, 2191, 1365]",RIGHT_EYE,0.9879218620652171,-0.30941312922113756,0.903404951095581,0.5129791647195816,0.5587431192398071,0.4044506327405532
00090,/Users/nikko/Downloads/moi-main/project_root/data/temp_frames/video10/frame_00090.png,"[715, 644, 2191, 1365]",LEFT_SHOULDER,0.7423244554744549,-0.10245410736521646,0.9992914199829102,0.5116280615329742,0.5578866600990295,0.4031206823151259
00090,/Users/nikko/Downloads/moi-main/project_root/data/temp_frames/video10/frame_00090.png,"[715, 644, 2191, 1365]",RIGHT_SHOULDER,0.06121479216611242,-0.313549295042951,0.9981983304023743,0.5116280615329742,0.5578866600990295,0.4031206823151259
00090,/Users/nikko/Downloads/moi-main/project_root/data/temp_frames/video10/frame_00090.png,"[715, 644, 2191, 1365]",LEFT_HIP,-0.2658714263958802,0.30863863292829224,0.9992081522941589,0.5116280615329742,0.5578866600990295,0.4031206823151259
00090,/Users/nikko/Downloads/moi-main/project_root/data/temp_frames/video10/frame_00090.png,"[715, 644, 2191, 1365]",RIGHT_HIP,-0.5376678212446871,0.10736476947987521,0.9994668364524841,0.5116280615329742,0.5578866600990295,0.4031206823151259
00090,/Users/nikko/Downloads/moi-main/project_root/data/temp_frames/video10/frame_00090.png,"[715, 644, 2191, 1365]",RIGHT_ELBOW,-0.5778081074332451,-0.1362081818614558,0.8373544216156006,0.5116280615329742,0.5578866600990295,0.4031206823151259
00090,/Users/nikko/Downloads/moi-main/project_root/data/temp_frames/video10/frame_00090.png,"[715, 644, 2191, 1365]",RIGHT_WRIST,-0.4068084788788605,0.8073735030289008,0.8176012635231018,0.5116280615329742,0.5578866600990295,0.4031206823151259
00090,/Users/nikko/Downloads/moi-main/project_root/data/temp_frames/video10/frame_00090.png,"[715, 644, 2191, 1365]",LEFT_EYE,1.079598464484336,-0.2660574318439182,0.9144713878631592,0.5116280615329742,0.5578866600990295,0.4031206823151259
00090,/Users/nikko/Downloads/moi-main/project_root/data/temp_frames/video10/frame_00090.png,"[715, 644, 2191, 1365]",RIGHT_EYE,0.9911475510518242,-0.31547019311782115,0.9486759305000305,0.5116280615329742,0.5578866600990295,0.4031206823151259
00091,/Users/nikko/Downloads/moi-main/project_root/data/temp_frames/video10/frame_00091.png,"[711, 597, 2218, 1366]",LEFT_SHOULDER,0.6549397456316279,-0.12489218825001024,0.9991829991340637,0.5096561759710312,0.568724513053894,0.44560766538913166
00091,/Users/nikko/Downloads/moi-main/project_root/data/temp_frames/video10/frame_00091.png,"[711, 597, 2218, 1366]",RIGHT_SHOULDER,0.06718345159619081,-0.3985344650551997,0.9991331696510315,0.5096561759710312,0.568724513053894,0.44560766538913166
00091,/Users/nikko/Downloads/moi-main/project_root/data/temp_frames/video10/frame_00091.png,"[711, 597, 2218, 1366]",LEFT_HIP,-0.24264655548607894,0.37477728630623797,0.9994341731071472,0.5096561759710312,0.568724513053894,0.44560766538913166
00091,/Users/nikko/Downloads/moi-main/project_root/data/temp_frames/video10/frame_00091.png,"[711, 597, 2218, 1366]",RIGHT_HIP,-0.4794766417417399,0.14864936699897197,0.9996770620346069,0.5096561759710312,0.568724513053894,0.44560766538913166
00091,/Users/nikko/Downloads/moi-main/project_root/data/temp_frames/video10/frame_00091.png,"[711, 597, 2218, 1366]",RIGHT_ELBOW,-0.5259730828482462,-0.10272261129470554,0.9320035576820374,0.5096561759710312,0.568724513053894,0.44560766538913166
00091,/Users/nikko/Downloads/moi-main/project_root/data/temp_frames/video10/frame_00091.png,"[711, 597, 2218, 1366]",RIGHT_WRIST,-0.39131745790410716,0.7742108885471283,0.9521346688270569,0.5096561759710312,0.568724513053894,0.44560766538913166
00091,/Users/nikko/Downloads/moi-main/project_root/data/temp_frames/video10/frame_00091.png,"[711, 597, 2218, 1366]",LEFT_EYE,0.922423828909294,-0.3380142526915118,0.8988738656044006,0.5096561759710312,0.568724513053894,0.44560766538913166
00091,/Users/nikko/Downloads/moi-main/project_root/data/temp_frames/video10/frame_00091.png,"[711, 597, 2218, 1366]",RIGHT_EYE,0.8413630402174858,-0.37284699045281605,0.9596298336982727,0.5096561759710312,0.568724513053894,0.44560766538913166
00092,/Users/nikko/Downloads/moi-main/project_root/data/temp_frames/video10/frame_00092.png,"[682, 548, 2183, 1364]",LEFT_SHOULDER,0.6533486663431828,-0.07265042312326839,0.9986376166343689,0.5160767585039139,0.5809994041919708,0.46794214182863725
00092,/Users/nikko/Downloads/moi-main/project_root/data/temp_frames/video10/frame_00092.png,"[682, 548, 2183, 1364]",RIGHT_SHOULDER,0.0636627973929692,-0.42502557517079703,0.9972425699234009,0.5160767585039139,0.5809994041919708,0.46794214182863725
00092,/Users/nikko/Downloads/moi-main/project_root/data/temp_frames/video10/frame_00092.png,"[682, 548, 2183, 1364]",LEFT_HIP,-0.25912588010010257,0.38688980788813343,0.9983605742454529,0.5160767585039139,0.5809994041919708,0.46794214182863725
00092,/Users/nikko/Downloads/moi-main/project_root/data/temp_frames/video10/frame_00092.png,"[682, 548, 2183, 1364]",RIGHT_HIP,-0.4578855836360494,0.11078619040593199,0.99882572889328,0.5160767585039139,0.5809994041919708,0.46794214182863725
00092,/Users/nikko/Downloads/moi-main/project_root/data/temp_frames/video10/frame_00092.png,"[682, 548, 2183, 1364]",RIGHT_ELBOW,-0.48237765109462916,-0.052416857108191876,0.8965002298355103,0.5160767585039139,0.5809994041919708,0.46794214182863725
00092,/Users/nikko/Downloads/moi-main/project_root/data/temp_frames/video10/frame_00092.png,"[682, 548, 2183, 1364]",RIGHT_WRIST,-0.32075508622197657,0.7190508824637951,0.9150856137275696,0.5160767585039139,0.5809994041919708,0.46794214182863725
00092,/Users/nikko/Downloads/moi-main/project_root/data/temp_frames/video10/frame_00092.png,"[682, 548, 2183, 1364]",LEFT_EYE,0.8964332144559943,-0.43160684347507955,0.6046528816223145,0.5160767585039139,0.5809994041919708,0.46794214182863725
00092,/Users/nikko/Downloads/moi-main/project_root/data/temp_frames/video10/frame_00092.png,"[682, 548, 2183, 1364]",RIGHT_EYE,0.8282769385601365,-0.46176574622028205,0.7685063481330872,0.5160767585039139,0.5809994041919708,0.46794214182863725
00093,/Users/nikko/Downloads/moi-main/project_root/data/temp_frames/video10/frame_00093.png,"[682, 548, 2182, 1364]",LEFT_SHOULDER,0.6395930849853014,-0.05330927807306421,0.9976447224617004,0.515562891960144,0.5790167078375816,0.47556941074608694
00093,/Users/nikko/Downloads/moi-main/project_root/data/temp_frames/video10/frame_00093.png,"[682, 548, 2182, 1364]",RIGHT_SHOULDER,0.06949501355122656,-0.4485250846796998,0.9975777268409729,0.515562891960144,0.5790167078375816,0.47556941074608694
00093,/Users/nikko/Downloads/moi-main/project_root/data/temp_frames/video10/frame_00093.png,"[682, 548, 2182, 1364]",LEFT_HIP,-0.2579907218843289,0.38573072964531574,0.9981263279914856,0.515562891960144,0.5790167078375816,0.47556941074608694
00093,/Users/nikko/Downloads/moi-main/project_root/data/temp_frames/video10/frame_00093.png,"[682, 548, 2182, 1364]",RIGHT_HIP,-0.451097376652199,0.11610363310744833,0.9988943934440613,0.515562891960144,0.5790167078375816,0.47556941074608694
00093,/Users/nikko/Downloads/moi-main/project_root/data/temp_frames/video10/frame_00093.png,"[682, 548, 2182, 1364]",RIGHT_ELBOW,-0.47052377482276725,-0.06303588781270678,0.924048125743866,0.515562891960144,0.5790167078375816,0.47556941074608694
00093,/Users/nikko/Downloads/moi-main/project_root/data/temp_frames/video10/frame_00093.png,"[682, 548, 2182, 1364]",RIGHT_WRIST,-0.3162447244191547,0.683352379156617,0.9489471912384033,0.515562891960144,0.5790167078375816,0.47556941074608694
00093,/Users/nikko/Downloads/moi-main/project_root/data/temp_frames/video10/frame_00093.png,"[682, 548, 2182, 1364]",RIGHT_ANKLE,-0.9630205543121759,0.3477117752055508,0.5172738432884216,0.515562891960144,0.5790167078375816,0.47556941074608694
00093,/Users/nikko/Downloads/moi-main/project_root/data/temp_frames/video10/frame_00093.png,"[682, 548, 2182, 1364]",LEFT_EYE,0.8835686077326961,-0.4051407404975908,0.5449345707893372,0.515562891960144,0.5790167078375816,0.47556941074608694
00093,/Users/nikko/Downloads/moi-main/project_root/data/temp_frames/video10/frame_00093.png,"[682, 548, 2182, 1364]",RIGHT_EYE,0.8141575674377327,-0.4431520496110392,0.7654309868812561,0.515562891960144,0.5790167078375816,0.47556941074608694
00094,/Users/nikko/Downloads/moi-main/project_root/data/temp_frames/video10/frame_00094.png,"[691, 490, 2185, 1359]",LEFT_SHOULDER,0.6474461190244365,-0.13720569580082087,0.9991864562034607,0.5161257907748222,0.5702160000801086,0.46718327197828635
00094,/Users/nikko/Downloads/moi-main/project_root/data/temp_frames/video10/frame_00094.png,"[691, 490, 2185, 1359]",RIGHT_SHOULDER,0.053918251581177155,-0.4160656515499497,0.9986961483955383,0.5161257907748222,0.5702160000801086,0.46718327197828635
00094,/Users/nikko/Downloads/moi-main/project_root/data/temp_frames/video10/frame_00094.png,"[691, 490, 2185, 1359]",LEFT_HIP,-0.2397732920544794,0.37971521267632813,0.9989732503890991,0.5161257907748222,0.5702160000801086,0.46718327197828635
00094,/Users/nikko/Downloads/moi-main/project_root/data/temp_frames/video10/frame_00094.png,"[691, 490, 2185, 1359]",RIGHT_HIP,-0.46159107855113424,0.17355613467444236,0.9993497729301453,0.5161257907748222,0.5702160000801086,0.46718327197828635
00094,/Users/nikko/Downloads/moi-main/project_root/data/temp_frames/video10/frame_00094.png,"[691, 490, 2185, 1359]",RIGHT_ELBOW,-0.4914400789680126,0.0017344909253495225,0.9261386394500732,0.5161257907748222,0.5702160000801086,0.46718327197828635
00094,/Users/nikko/Downloads/moi-main/project_root/data/temp_frames/video10/frame_00094.png,"[691, 490, 2185, 1359]",RIGHT_WRIST,-0.34305179674855085,0.7748594206505816,0.9607033729553223,0.5161257907748222,0.5702160000801086,0.46718327197828635
00094,/Users/nikko/Downloads/moi-main/project_root/data/temp_frames/video10/frame_00094.png,"[691, 490, 2185, 1359]",LEFT_EYE,0.8912007184259082,-0.440692934821355,0.7889449596405029,0.5161257907748222,0.5702160000801086,0.46718327197828635
00094,/Users/nikko/Downloads/moi-main/project_root/data/temp_frames/video10/frame_00094.png,"[691, 490, 2185, 1359]",RIGHT_EYE,0.8134051962041483,-0.4714266595723147,0.8989278674125671,0.5161257907748222,0.5702160000801086,0.46718327197828635
00095,/Users/nikko/Downloads/moi-main/project_root/data/temp_frames/video10/frame_00095.png,"[678, 438, 2188, 1356]",LEFT_SHOULDER,0.6424121989360407,-0.1168507171391684,0.9997521042823792,0.5209025591611862,0.5639184638857841,0.4563019348905897
00095,/Users/nikko/Downloads/moi-main/project_root/data/temp_frames/video10/frame_00095.png,"[678, 438, 2188, 1356]",RIGHT_SHOULDER,0.030212784454883384,-0.42910817332224943,0.9994378685951233,0.5209025591611862,0.5639184638857841,0.4563019348905897
00095,/Users/nikko/Downloads/moi-main/project_root/data/temp_frames/video10/frame_00095.png,"[678, 438, 2188, 1356]",LEFT_HIP,-0.20284156400926137,0.39443322355567273,0.9996410608291626,0.5209025591611862,0.5639184638857841,0.4563019348905897
00095,/Users/nikko/Downloads/moi-main/project_root/data/temp_frames/video10/frame_00095.png,"[678, 438, 2188, 1356]",RIGHT_HIP,-0.46978341938166274,0.15152566690574515,0.999729573726654,0.5209025591611862,0.5639184638857841,0.4563019348905897
00095,/Users/nikko/Downloads/moi-main/project_root/data/temp_frames/video10/frame_00095.png,"[678, 438, 2188, 1356]",RIGHT_ELBOW,-0.5019079399278213,0.07254703901960001,0.9615281224250793,0.5209025591611862,0.5639184638857841,0.4563019348905897
00095,/Users/nikko/Downloads/moi-main/project_root/data/temp_frames/video10/frame_00095.png,"[678, 438, 2188, 1356]",RIGHT_WRIST,-0.3232220583388057,0.8427154655633887,0.9824386239051819,0.5209025591611862,0.5639184638857841,0.4563019348905897
00095,/Users/nikko/Downloads/moi-main/project_root/data/temp_frames/video10/frame_00095.png,"[678, 438, 2188, 1356]",RIGHT_KNEE,-0.7969075537664939,0.4611999395372632,0.5634769797325134,0.5209025591611862,0.5639184638857841,0.4563019348905897
00095,/Users/nikko/Downloads/moi-main/project_root/data/temp_frames/video10/frame_00095.png,"[678, 438, 2188, 1356]",RIGHT_ANKLE,-0.9836792648984974,0.48039900666788565,0.5847664475440979,0.5209025591611862,0.5639184638857841,0.4563019348905897
00095,/Users/nikko/Downloads/moi-main/project_root/data/temp_frames/video10/frame_00095.png,"[678, 438, 2188, 1356]",LEFT_EYE,0.873512260069148,-0.5205084322700898,0.9285813570022583,0.5209025591611862,0.5639184638857841,0.4563019348905897
00095,/Users/nikko/Downloads/moi-main/project_root/data/temp_frames/video10/frame_00095.png,"[678, 438, 2188, 1356]",RIGHT_EYE,0.7962678156337651,-0.5512473433741001,0.968686580657959,0.5209025591611862,0.5639184638857841,0.4563019348905897
00096,/Users/nikko/Downloads/moi-main/project_root/data/temp_frames/video10/frame_00096.png,"[663, 402, 2164, 1354]",LEFT_SHOULDER,0.6524991465940843,-0.16145812368953635,0.9998918771743774,0.5446992963552475,0.5333189144730568,0.4203902596306811
00096,/Users/nikko/Downloads/moi-main/project_root/data/temp_frames/video10/frame_00096.png,"[663, 402, 2164, 1354]",RIGHT_SHOULDER,0.004457017894091217,-0.4118477395930486,0.9995699524879456,0.5446992963552475,0.5333189144730568,0.4203902596306811
00096,/Users/nikko/Downloads/moi-main/project_root/data/temp_frames/video10/frame_00096.png,"[663, 402, 2164, 1354]",LEFT_HIP,-0.18633748957865928,0.39135699850406463,0.9997565150260925,0.5446992963552475,0.5333189144730568,0.4203902596306811
00096,/Users/nikko/Downloads/moi-main/project_root/data/temp_frames/video10/frame_00096.png,"[663, 402, 2164, 1354]",RIGHT_HIP,-0.47061867490951614,0.18194886477852032,0.9997931122779846,0.5446992963552475,0.5333189144730568,0.4203902596306811
00096,/Users/nikko/Downloads/moi-main/project_root/data/temp_frames/video10/frame_00096.png,"[663, 402, 2164, 1354]",RIGHT_ELBOW,-0.5346116418284057,0.14489005175593925,0.9876253008842468,0.5446992963552475,0.5333189144730568,0.4203902596306811
00096,/Users/nikko/Downloads/moi-main/project_root/data/temp_frames/video10/frame_00096.png,"[663, 402, 2164, 1354]",LEFT_WRIST,0.5305150745030631,0.941935051536995,0.720844030380249,0.5446992963552475,0.5333189144730568,0.4203902596306811
00096,/Users/nikko/Downloads/moi-main/project_root/data/temp_frames/video10/frame_00096.png,"[663, 402, 2164, 1354]",RIGHT_WRIST,-0.39238023646191195,0.9925058870600141,0.9943536520004272,0.5446992963552475,0.5333189144730568,0.4203902596306811
00096,/Users/nikko/Downloads/moi-main/project_root/data/temp_frames/video10/frame_00096.png,"[663, 402, 2164, 1354]",RIGHT_KNEE,-0.824153973443818,0.5871647782494461,0.8498117923736572,0.5446992963552475,0.5333189144730568,0.4203902596306811
00096,/Users/nikko/Downloads/moi-main/project_root/data/temp_frames/video10/frame_00096.png,"[663, 402, 2164, 1354]",RIGHT_ANKLE,-1.0485575101252589,0.5678044461572131,0.8758655190467834,0.5446992963552475,0.5333189144730568,0.4203902596306811
00096,/Users/nikko/Downloads/moi-main/project_root/data/temp_frames/video10/frame_00096.png,"[663, 402, 2164, 1354]",LEFT_EYE,0.8901733538315626,-0.5487384223619926,0.9509417414665222,0.5446992963552475,0.5333189144730568,0.4203902596306811
00096,/Users/nikko/Downloads/moi-main/project_root/data/temp_frames/video10/frame_00096.png,"[663, 402, 2164, 1354]",RIGHT_EYE,0.8184623707026905,-0.5670126175353944,0.9756189584732056,0.5446992963552475,0.5333189144730568,0.4203902596306811
00097,/Users/nikko/Downloads/moi-main/project_root/data/temp_frames/video10/frame_00097.png,"[660, 330, 2125, 1359]",LEFT_SHOULDER,0.6779513824437446,-0.09859492320901703,0.9999922513961792,0.5710377395153046,0.5050367712974548,0.37395044406322
00097,/Users/nikko/Downloads/moi-main/project_root/data/temp_frames/video10/frame_00097.png,"[660, 330, 2125, 1359]",RIGHT_SHOULDER,-0.022790720189894434,-0.4177088386201764,0.9998706579208374,0.5710377395153046,0.5050367712974548,0.37395044406322
00097,/Users/nikko/Downloads/moi-main/project_root/data/temp_frames/video10/frame_00097.png,"[660, 330, 2125, 1359]",LEFT_HIP,-0.16319419951942302,0.37588274939860994,0.9999549388885498,0.5710377395153046,0.5050367712974548,0.37395044406322
00097,/Users/nikko/Downloads/moi-main/project_root/data/temp_frames/video10/frame_00097.png,"[660, 330, 2125, 1359]",RIGHT_HIP,-0.4919664627344272,0.1404210124305835,0.9999511241912842,0.5710377395153046,0.5050367712974548,0.37395044406322
00097,/Users/nikko/Downloads/moi-main/project_root/data/temp_frames/video10/frame_00097.png,"[660, 330, 2125, 1359]",LEFT_ELBOW,0.558107376803044,0.4842838563317303,0.9158626794815063,0.5710377395153046,0.5050367712974548,0.37395044406322
00097,/Users/nikko/Downloads/moi-main/project_root/data/temp_frames/video10/frame_00097.png,"[660, 330, 2125, 1359]",RIGHT_ELBOW,-0.5908073275336965,0.2692005239361829,0.997343122959137,0.5710377395153046,0.5050367712974548,0.37395044406322
00097,/Users/nikko/Downloads/moi-main/project_root/data/temp_frames/video10/frame_00097.png,"[660, 330, 2125, 1359]",LEFT_WRIST,0.5950419699180293,1.1426776224201078,0.9776723980903625,0.5710377395153046,0.5050367712974548,0.37395044406322
00097,/Users/nikko/Downloads/moi-main/project_root/data/temp_frames/video10/frame_00097.png,"[660, 330, 2125, 1359]",RIGHT_WRIST,-0.48097806982373886,1.1632428342147356,0.9981778860092163,0.5710377395153046,0.5050367712974548,0.37395044406322
00097,/Users/nikko/Downloads/moi-main/project_root/data/temp_frames/video10/frame_00097.png,"[660, 330, 2125, 1359]",LEFT_KNEE,-0.671211020830922,1.0227335187115665,0.7608946561813354,0.5710377395153046,0.5050367712974548,0.37395044406322
00097,/Users/nikko/Downloads/moi-main/project_root/data/temp_frames/video10/frame_00097.png,"[660, 330, 2125, 1359]",RIGHT_KNEE,-0.9923634381754145,0.7635700575620147,0.9867255687713623,0.5710377395153046,0.5050367712974548,0.37395044406322
00097,/Users/nikko/Downloads/moi-main/project_root/data/temp_frames/video10/frame_00097.png,"[660, 330, 2125, 1359]",LEFT_ANKLE,-1.0516994767889178,0.8613365417461868,0.7628335952758789,0.5710377395153046,0.5050367712974548,0.37395044406322
00097,/Users/nikko/Downloads/moi-main/project_root/data/temp_frames/video10/frame_00097.png,"[660, 330, 2125, 1359]",RIGHT_ANKLE,-1.236506012715517,0.7362691065175697,0.9917460680007935,0.5710377395153046,0.5050367712974548,0.37395044406322
00097,/Users/nikko/Downloads/moi-main/project_root/data/temp_frames/video10/frame_00097.png,"[660, 330, 2125, 1359]",LEFT_EYE,0.9696237632183641,-0.6033065158839217,0.998935878276825,0.5710377395153046,0.5050367712974548,0.37395044406322
00097,/Users/nikko/Downloads/moi-main/project_root/data/temp_frames/video10/frame_00097.png,"[660, 330, 2125, 1359]",RIGHT_EYE,0.9012808510490768,-0.5936346197747163,0.9992789626121521,0.5710377395153046,0.5050367712974548,0.37395044406322
00098,/Users/nikko/Downloads/moi-main/project_root/data/temp_frames/video10/frame_00098.png,"[670, 289, 2087, 1360]",LEFT_SHOULDER,0.6735525687274295,-0.13964326562267654,0.9999486207962036,0.5606163814663887,0.5101293921470642,0.41829902091149895
00098,/Users/nikko/Downloads/moi-main/project_root/data/temp_frames/video10/frame_00098.png,"[670, 289, 2087, 1360]",RIGHT_SHOULDER,0.0030641497268543297,-0.4056289386690543,0.9994256496429443,0.5606163814663887,0.5101293921470642,0.41829902091149895
00098,/Users/nikko/Downloads/moi-main/project_root/data/temp_frames/video10/frame_00098.png,"[670, 289, 2087, 1360]",LEFT_HIP,-0.181786416549393,0.3595067622862827,0.9998892545700073,0.5606163814663887,0.5101293921470642,0.41829902091149895
00098,/Users/nikko/Downloads/moi-main/project_root/data/temp_frames/video10/frame_00098.png,"[670, 289, 2087, 1360]",RIGHT_HIP,-0.4948303019048908,0.18576544200544814,0.9998542070388794,0.5606163814663887,0.5101293921470642,0.41829902091149895
00098,/Users/nikko/Downloads/moi-main/project_root/data/temp_frames/video10/frame_00098.png,"[670, 289, 2087, 1360]",LEFT_ELBOW,0.5651449601851232,0.4121801214566677,0.80287104845047,0.5606163814663887,0.5101293921470642,0.41829902091149895
00098,/Users/nikko/Downloads/moi-main/project_root/data/temp_frames/video10/frame_00098.png,"[670, 289, 2087, 1360]",RIGHT_ELBOW,-0.5071551549162389,0.22864882578844248,0.9884031414985657,0.5606163814663887,0.5101293921470642,0.41829902091149895
00098,/Users/nikko/Downloads/moi-main/project_root/data/temp_frames/video10/frame_00098.png,"[670, 289, 2087, 1360]",LEFT_WRIST,0.5991013056442016,1.0108459865792634,0.9144559502601624,0.5606163814663887,0.5101293921470642,0.41829902091149895
00098,/Users/nikko/Downloads/moi-main/project_root/data/temp_frames/video10/frame_00098.png,"[670, 289, 2087, 1360]",RIGHT_WRIST,-0.3942227552606381,1.0273103298750361,0.9913522005081177,0.5606163814663887,0.5101293921470642,0.41829902091149895
00098,/Users/nikko/Downloads/moi-main/project_root/data/temp_frames/video10/frame_00098.png,"[670, 289, 2087, 1360]",RIGHT_KNEE,-0.9304190873838692,0.6479333587561288,0.9057168364524841,0.5606163814663887,0.5101293921470642,0.41829902091149895
00098,/Users/nikko/Downloads/moi-main/project_root/data/temp_frames/video10/frame_00098.png,"[670, 289, 2087, 1360]",RIGHT_ANKLE,-1.1036565349230294,0.6666220163783284,0.9286693334579468,0.5606163814663887,0.5101293921470642,0.41829902091149895
00098,/Users/nikko/Downloads/moi-main/project_root/data/temp_frames/video10/frame_00098.png,"[670, 289, 2087, 1360]",LEFT_EYE,0.9213806552274943,-0.5866537840488841,0.9489564299583435,0.5606163814663887,0.5101293921470642,0.41829902091149895
00098,/Users/nikko/Downloads/moi-main/project_root/data/temp_frames/video10/frame_00098.png,"[670, 289, 2087, 1360]",RIGHT_EYE,0.8641687543779916,-0.5855085685305309,0.9667407870292664,0.5606163814663887,0.5101293921470642,0.41829902091149895
00099,/Users/nikko/Downloads/moi-main/project_root/data/temp_frames/video10/frame_00099.png,"[660, 245, 2082, 1357]",LEFT_SHOULDER,0.6689185737125944,-0.14332955354676571,0.9999293088912964,0.562295101583004,0.49927646666765213,0.42072748242573854
00099,/Users/nikko/Downloads/moi-main/project_root/data/temp_frames/video10/frame_00099.png,"[660, 245, 2082, 1357]",RIGHT_SHOULDER,0.005149100445671353,-0.41526063780242095,0.9995600581169128,0.562295101583004,0.49927646666765213,0.42072748242573854
00099,/Users/nikko/Downloads/moi-main/project_root/data/temp_frames/video10/frame_00099.png,"[660, 245, 2082, 1357]",LEFT_HIP,-0.18981371238173814,0.3567924353363434,0.999862551689148,0.562295101583004,0.49927646666765213,0.42072748242573854
00099,/Users/nikko/Downloads/moi-main/project_root/data/temp_frames/video10/frame_00099.png,"[660, 245, 2082, 1357]",RIGHT_HIP,-0.4842539617765277,0.20179775601284328,0.9998540878295898,0.562295101583004,0.49927646666765213,0.42072748242573854
00099,/Users/nikko/Downloads/moi-main/project_root/data/temp_frames/video10/frame_00099.png,"[660, 245, 2082, 1357]",LEFT_ELBOW,0.5668057837432471,0.4507805676210642,0.7625136375427246,0.562295101583004,0.49927646666765213,0.42072748242573854
00099,/Users/nikko/Downloads/moi-main/project_root/data/temp_frames/video10/frame_00099.png,"[660, 245, 2082, 1357]",RIGHT_ELBOW,-0.45711876114061134,0.28075904709805477,0.9891452193260193,0.562295101583004,0.49927646666765213,0.42072748242573854
00099,/Users/nikko/Downloads/moi-main/project_root/data/temp_frames/video10/frame_00099.png,"[660, 245, 2082, 1357]",LEFT_WRIST,0.590047526693454,1.049336023647884,0.843036949634552,0.562295101583004,0.49927646666765213,0.42072748242573854
00099,/Users/nikko/Downloads/moi-main/project_root/data/temp_frames/video10/frame_00099.png,"[660, 245, 2082, 1357]",RIGHT_WRIST,-0.37971456978881685,1.0649077293342208,0.991594135761261,0.562295101583004,0.49927646666765213,0.42072748242573854
00099,/Users/nikko/Downloads/moi-main/project_root/data/temp_frames/video10/frame_00099.png,"[660, 245, 2082, 1357]",RIGHT_KNEE,-0.8775757110606317,0.6324517895523725,0.8277180790901184,0.562295101583004,0.49927646666765213,0.42072748242573854
00099,/Users/nikko/Downloads/moi-main/project_root/data/temp_frames/video10/frame_00099.png,"[660, 245, 2082, 1357]",RIGHT_ANKLE,-1.104016879582863,0.6947092865180076,0.8782656788825989,0.562295101583004,0.49927646666765213,0.42072748242573854
00099,/Users/nikko/Downloads/moi-main/project_root/data/temp_frames/video10/frame_00099.png,"[660, 245, 2082, 1357]",LEFT_EYE,0.9126760130555663,-0.593615071547144,0.95896977186203,0.562295101583004,0.49927646666765213,0.42072748242573854
00099,/Users/nikko/Downloads/moi-main/project_root/data/temp_frames/video10/frame_00099.png,"[660, 245, 2082, 1357]",RIGHT_EYE,0.840207052921433,-0.601222738402713,0.9779004454612732,0.562295101583004,0.49927646666765213,0.42072748242573854
00100,/Users/nikko/Downloads/moi-main/project_root/data/temp_frames/video10/frame_00100.png,"[655, 204, 2064, 1353]",LEFT_SHOULDER,0.6722453206346509,-0.15099264587361935,0.9999020099639893,0.5544492602348328,0.508257158100605,0.43891667503190923
00100,/Users/nikko/Downloads/moi-main/project_root/data/temp_frames/video10/frame_00100.png,"[655, 204, 2064, 1353]",RIGHT_SHOULDER,0.0024287732329384866,-0.4139236782235416,0.9995850920677185,0.5544492602348328,0.508257158100605,0.43891667503190923
00100,/Users/nikko/Downloads/moi-main/project_root/data/temp_frames/video10/frame_00100.png,"[655, 204, 2064, 1353]",LEFT_HIP,-0.2000179971482164,0.3587776588375812,0.9997796416282654,0.5544492602348328,0.508257158100605,0.43891667503190923
00100,/Users/nikko/Downloads/moi-main/project_root/data/temp_frames/video10/frame_00100.png,"[655, 204, 2064, 1353]",RIGHT_HIP,-0.47465609671937303,0.2061386652595797,0.9997871518135071,0.5544492602348328,0.508257158100605,0.43891667503190923
00100,/Users/nikko/Downloads/moi-main/project_root/data/temp_frames/video10/frame_00100.png,"[655, 204, 2064, 1353]",LEFT_ELBOW,0.5708512015806622,0.4365747215847026,0.7599993944168091,0.5544492602348328,0.508257158100605,0.43891667503190923
00100,/Users/nikko/Downloads/moi-main/project_root/data/temp_frames/video10/frame_00100.png,"[655, 204, 2064, 1353]",RIGHT_ELBOW,-0.36581711210414464,0.3059853495364181,0.9869701862335205,0.5544492602348328,0.508257158100605,0.43891667503190923
00100,/Users/nikko/Downloads/moi-main/project_root/data/temp_frames/video10/frame_00100.png,"[655, 204, 2064, 1353]",LEFT_WRIST,0.6101951551630033,1.008952716425523,0.857705295085907,0.5544492602348328,0.508257158100605,0.43891667503190923
00100,/Users/nikko/Downloads/moi-main/project_root/data/temp_frames/video10/frame_00100.png,"[655, 204, 2064, 1353]",RIGHT_WRIST,-0.29241553818101745,1.0089074952073753,0.9928877949714661,0.5544492602348328,0.508257158100605,0.43891667503190923
00100,/Users/nikko/Downloads/moi-main/project_root/data/temp_frames/video10/frame_00100.png,"[655, 204, 2064, 1353]",RIGHT_KNEE,-0.8231885524819837,0.5792368008838379,0.6987556219100952,0.5544492602348328,0.508257158100605,0.43891667503190923
00100,/Users/nikko/Downloads/moi-main/project_root/data/temp_frames/video10/frame_00100.png,"[655, 204, 2064, 1353]",RIGHT_ANKLE,-1.0352139373437266,0.6889976600918425,0.7894484996795654,0.5544492602348328,0.508257158100605,0.43891667503190923
00100,/Users/nikko/Downloads/moi-main/project_root/data/temp_frames/video10/frame_00100.png,"[655, 204, 2064, 1353]",LEFT_EYE,0.8916267582147851,-0.6078297833001027,0.9647321105003357,0.5544492602348328,0.508257158100605,0.43891667503190923
00100,/Users/nikko/Downloads/moi-main/project_root/data/temp_frames/video10/frame_00100.png,"[655, 204, 2064, 1353]",RIGHT_EYE,0.8266065228869676,-0.6092809362644405,0.9818638563156128,0.5544492602348328,0.508257158100605,0.43891667503190923
00101,/Users/nikko/Downloads/moi-main/project_root/data/temp_frames/video10/frame_00101.png,"[667, 161, 2044, 1349]",LEFT_SHOULDER,0.6810792730680849,-0.14848855042852185,0.9999072551727295,0.54898551851511,0.5100065097212791,0.44320087654158524
00101,/Users/nikko/Downloads/moi-main/project_root/data/temp_frames/video10/frame_00101.png,"[667, 161, 2044, 1349]",RIGHT_SHOULDER,0.0006388624874444015,-0.41567962711435374,0.9990023970603943,0.54898551851511,0.5100065097212791,0.44320087654158524
00101,/Users/nikko/Downloads/moi-main/project_root/data/temp_frames/video10/frame_00101.png,"[667, 161, 2044, 1349]",LEFT_HIP,-0.21362535782467343,0.34980078908388923,0.9997591376304626,0.54898551851511,0.5100065097212791,0.44320087654158524
00101,/Users/nikko/Downloads/moi-main/project_root/data/temp_frames/video10/frame_00101.png,"[667, 161, 2044, 1349]",RIGHT_HIP,-0.46809277773085584,0.2143673884589864,0.9997007846832275,0.54898551851511,0.5100065097212791,0.44320087654158524
00101,/Users/nikko/Downloads/moi-main/project_root/data/temp_frames/video10/frame_00101.png,"[667, 161, 2044, 1349]",LEFT_ELBOW,0.6028007232131863,0.44613257107089554,0.8085864186286926,0.54898551851511,0.5100065097212791,0.44320087654158524
00101,/Users/nikko/Downloads/moi-main/project_root/data/temp_frames/video10/frame_00101.png,"[667, 161, 2044, 1349]",RIGHT_ELBOW,-0.2995886149700618,0.3200828488290563,0.9716895818710327,0.54898551851511,0.5100065097212791,0.44320087654158524
00101,/Users/nikko/Downloads/moi-main/project_root/data/temp_frames/video10/frame_00101.png,"[667, 161, 2044, 1349]",LEFT_WRIST,0.6413699088141557,0.9800367585387354,0.8444215655326843,0.54898551851511,0.5100065097212791,0.44320087654158524
00101,/Users/nikko/Downloads/moi-main/project_root/data/temp_frames/video10/frame_00101.png,"[667, 161, 2044, 1349]",RIGHT_WRIST,-0.2590821477583487,1.0377729955220854,0.9694310426712036,0.54898551851511,0.5100065097212791,0.44320087654158524
00101,/Users/nikko/Downloads/moi-main/project_root/data/temp_frames/video10/frame_00101.png,"[667, 161, 2044, 1349]",RIGHT_KNEE,-0.8175449939737283,0.5751657473393046,0.7119136452674866,0.54898551851511,0.5100065097212791,0.44320087654158524
00101,/Users/nikko/Downloads/moi-main/project_root/data/temp_frames/video10/frame_00101.png,"[667, 161, 2044, 1349]",RIGHT_ANKLE,-1.0420272820776884,0.6854066867931319,0.7942273020744324,0.54898551851511,0.5100065097212791,0.44320087654158524
00101,/Users/nikko/Downloads/moi-main/project_root/data/temp_frames/video10/frame_00101.png,"[667, 161, 2044, 1349]",LEFT_EYE,0.9042338071267503,-0.6311115286194797,0.9698208570480347,0.54898551851511,0.5100065097212791,0.44320087654158524
00101,/Users/nikko/Downloads/moi-main/project_root/data/temp_frames/video10/frame_00101.png,"[667, 161, 2044, 1349]",RIGHT_EYE,0.8306847527529363,-0.6509819120743203,0.9809470772743225,0.54898551851511,0.5100065097212791,0.44320087654158524
00102,/Users/nikko/Downloads/moi-main/project_root/data/temp_frames/video10/frame_00102.png,"[667, 161, 2045, 1349]",LEFT_SHOULDER,0.6754225384538812,-0.1622966543761675,0.9998319149017334,0.549564465880394,0.5123093351721764,0.4410196986919597
00102,/Users/nikko/Downloads/moi-main/project_root/data/temp_frames/video10/frame_00102.png,"[667, 161, 2045, 1349]",RIGHT_SHOULDER,0.0026569847475657916,-0.41469746732950535,0.9983645081520081,0.549564465880394,0.5123093351721764,0.4410196986919597
00102,/Users/nikko/Downloads/moi-main/project_root/data/temp_frames/video10/frame_00102.png,"[667, 161, 2045, 1349]",LEFT_HIP,-0.21026542121145853,0.34767763972708665,0.999323844909668,0.549564465880394,0.5123093351721764,0.4410196986919597
00102,/Users/nikko/Downloads/moi-main/project_root/data/temp_frames/video10/frame_00102.png,"[667, 161, 2045, 1349]",RIGHT_HIP,-0.46781410198998846,0.2293164819785862,0.9991769194602966,0.549564465880394,0.5123093351721764,0.4410196986919597
00102,/Users/nikko/Downloads/moi-main/project_root/data/temp_frames/video10/frame_00102.png,"[667, 161, 2045, 1349]",LEFT_ELBOW,0.6202246154053247,0.4225880061990424,0.8265863060951233,0.549564465880394,0.5123093351721764,0.4410196986919597
00102,/Users/nikko/Downloads/moi-main/project_root/data/temp_frames/video10/frame_00102.png,"[667, 161, 2045, 1349]",RIGHT_ELBOW,-0.2981454358552942,0.3120974186286766,0.9821357727050781,0.549564465880394,0.5123093351721764,0.4410196986919597
00102,/Users/nikko/Downloads/moi-main/project_root/data/temp_frames/video10/frame_00102.png,"[667, 161, 2045, 1349]",LEFT_WRIST,0.6447706309391524,0.9715274004272608,0.8530794978141785,0.549564465880394,0.5123093351721764,0.4410196986919597
00102,/Users/nikko/Downloads/moi-main/project_root/data/temp_frames/video10/frame_00102.png,"[667, 161, 2045, 1349]",RIGHT_WRIST,-0.2746390762173246,1.048001609391381,0.9818547964096069,0.549564465880394,0.5123093351721764,0.4410196986919597
00102,/Users/nikko/Downloads/moi-main/project_root/data/temp_frames/video10/frame_00102.png,"[667, 161, 2045, 1349]",RIGHT_KNEE,-0.834793171356101,0.5832038610182579,0.7621003985404968,0.549564465880394,0.5123093351721764,0.4410196986919597
00102,/Users/nikko/Downloads/moi-main/project_root/data/temp_frames/video10/frame_00102.png,"[667, 161, 2045, 1349]",RIGHT_ANKLE,-1.0485662232960848,0.6840250067856763,0.812507152557373,0.549564465880394,0.5123093351721764,0.4410196986919597
00102,/Users/nikko/Downloads/moi-main/project_root/data/temp_frames/video10/frame_00102.png,"[667, 161, 2045, 1349]",LEFT_EYE,0.9062972372273078,-0.6409531814021425,0.9415686130523682,0.549564465880394,0.5123093351721764,0.4410196986919597
00102,/Users/nikko/Downloads/moi-main/project_root/data/temp_frames/video10/frame_00102.png,"[667, 161, 2045, 1349]",RIGHT_EYE,0.8345851050250417,-0.6616485845045247,0.9650579690933228,0.549564465880394,0.5123093351721764,0.4410196986919597
00103,/Users/nikko/Downloads/moi-main/project_root/data/temp_frames/video10/frame_00103.png,"[687, 118, 2042, 1357]",LEFT_SHOULDER,0.6576183171439033,-0.245447328629854,0.9993705153465271,0.5344487503170967,0.4982517585158348,0.46777755329880427
00103,/Users/nikko/Downloads/moi-main/project_root/data/temp_frames/video10/frame_00103.png,"[687, 118, 2042, 1357]",RIGHT_SHOULDER,0.012735195039030152,-0.36585060230025895,0.9993637204170227,0.5344487503170967,0.4982517585158348,0.46777755329880427
00103,/Users/nikko/Downloads/moi-main/project_root/data/temp_frames/video10/frame_00103.png,"[687, 118, 2042, 1357]",LEFT_HIP,-0.18721721193233998,0.3651071331050172,0.9995336532592773,0.5344487503170967,0.4982517585158348,0.46777755329880427
00103,/Users/nikko/Downloads/moi-main/project_root/data/temp_frames/video10/frame_00103.png,"[687, 118, 2042, 1357]",RIGHT_HIP,-0.4831363002505935,0.24619079782509573,0.9996557235717773,0.5344487503170967,0.4982517585158348,0.46777755329880427
00103,/Users/nikko/Downloads/moi-main/project_root/data/temp_frames/video10/frame_00103.png,"[687, 118, 2042, 1357]",LEFT_ELBOW,0.5957567361682128,0.22436384959140637,0.5136615633964539,0.5344487503170967,0.4982517585158348,0.46777755329880427
00103,/Users/nikko/Downloads/moi-main/project_root/data/temp_frames/video10/frame_00103.png,"[687, 118, 2042, 1357]",RIGHT_ELBOW,-0.24184797442275177,0.3735285089279268,0.9892227649688721,0.5344487503170967,0.4982517585158348,0.46777755329880427
00103,/Users/nikko/Downloads/moi-main/project_root/data/temp_frames/video10/frame_00103.png,"[687, 118, 2042, 1357]",RIGHT_WRIST,-0.24388180338883444,0.9832028106788857,0.9922857284545898,0.5344487503170967,0.4982517585158348,0.46777755329880427
00103,/Users/nikko/Downloads/moi-main/project_root/data/temp_frames/video10/frame_00103.png,"[687, 118, 2042, 1357]",RIGHT_KNEE,-0.8145150688530295,0.5743321513350589,0.7553736567497253,0.5344487503170967,0.4982517585158348,0.46777755329880427
00103,/Users/nikko/Downloads/moi-main/project_root/data/temp_frames/video10/frame_00103.png,"[687, 118, 2042, 1357]",RIGHT_ANKLE,-1.0112539282624353,0.7183059373563974,0.8736752867698669,0.5344487503170967,0.4982517585158348,0.46777755329880427
00103,/Users/nikko/Downloads/moi-main/project_root/data/temp_frames/video10/frame_00103.png,"[687, 118, 2042, 1357]",LEFT_EYE,0.8708400198553629,-0.5994209794772777,0.9363017082214355,0.5344487503170967,0.4982517585158348,0.46777755329880427
00103,/Users/nikko/Downloads/moi-main/project_root/data/temp_frames/video10/frame_00103.png,"[687, 118, 2042, 1357]",RIGHT_EYE,0.8136030536398768,-0.6029915684123759,0.9761176705360413,0.5344487503170967,0.4982517585158348,0.46777755329880427
00104,/Users/nikko/Downloads/moi-main/project_root/data/temp_frames/video10/frame_00104.png,"[693, 94, 2039, 1356]",LEFT_SHOULDER,0.6515248219793724,-0.23423613337144883,0.9995782971382141,0.528129056096077,0.4949874132871628,0.46096043739750003
00104,/Users/nikko/Downloads/moi-main/project_root/data/temp_frames/video10/frame_00104.png,"[693, 94, 2039, 1356]",RIGHT_SHOULDER,0.0005157666635994231,-0.38579362600404,0.9992030262947083,0.528129056096077,0.4949874132871628,0.46096043739750003
00104,/Users/nikko/Downloads/moi-main/project_root/data/temp_frames/video10/frame_00104.png,"[693, 94, 2039, 1356]",LEFT_HIP,-0.17502935302366407,0.3631342880253501,0.9997785687446594,0.528129056096077,0.4949874132871628,0.46096043739750003
00104,/Users/nikko/Downloads/moi-main/project_root/data/temp_frames/video10/frame_00104.png,"[693, 94, 2039, 1356]",RIGHT_HIP,-0.4770112356193078,0.25689547135013874,0.9998027682304382,0.528129056096077,0.4949874132871628,0.46096043739750003
00104,/Users/nikko/Downloads/moi-main/project_root/data/temp_frames/video10/frame_00104.png,"[693, 94, 2039, 1356]",LEFT_ELBOW,0.6339802859174081,0.2461273107874138,0.6464365720748901,0.528129056096077,0.4949874132871628,0.46096043739750003
00104,/Users/nikko/Downloads/moi-main/project_root/data/temp_frames/video10/frame_00104.png,"[693, 94, 2039, 1356]",RIGHT_ELBOW,-0.19473787855568003,0.3887285985469117,0.9866762757301331,0.528129056096077,0.4949874132871628,0.46096043739750003
00104,/Users/nikko/Downloads/moi-main/project_root/data/temp_frames/video10/frame_00104.png,"[693, 94, 2039, 1356]",LEFT_WRIST,0.6690142739677064,0.9445888387343911,0.6292889714241028,0.528129056096077,0.4949874132871628,0.46096043739750003
00104,/Users/nikko/Downloads/moi-main/project_root/data/temp_frames/video10/frame_00104.png,"[693, 94, 2039, 1356]",RIGHT_WRIST,-0.22243702135554225,1.0077092390693478,0.9916828870773315,0.528129056096077,0.4949874132871628,0.46096043739750003
00104,/Users/nikko/Downloads/moi-main/project_root/data/temp_frames/video10/frame_00104.png,"[693, 94, 2039, 1356]",RIGHT_KNEE,-0.8002374355627585,0.5760392755150886,0.7127463817596436,0.528129056096077,0.4949874132871628,0.46096043739750003
00104,/Users/nikko/Downloads/moi-main/project_root/data/temp_frames/video10/frame_00104.png,"[693, 94, 2039, 1356]",RIGHT_ANKLE,-0.9801938876430923,0.7004800165863889,0.8592631220817566,0.528129056096077,0.4949874132871628,0.46096043739750003
00104,/Users/nikko/Downloads/moi-main/project_root/data/temp_frames/video10/frame_00104.png,"[693, 94, 2039, 1356]",LEFT_EYE,0.8836704436386112,-0.6274486530950794,0.9446529746055603,0.528129056096077,0.4949874132871628,0.46096043739750003
00104,/Users/nikko/Downloads/moi-main/project_root/data/temp_frames/video10/frame_00104.png,"[693, 94, 2039, 1356]",RIGHT_EYE,0.8059462985247342,-0.6372353861487552,0.9771997332572937,0.528129056096077,0.4949874132871628,0.46096043739750003
00105,/Users/nikko/Downloads/moi-main/project_root/data/temp_frames/video10/frame_00105.png,"[693, 94, 2040, 1356]",LEFT_SHOULDER,0.6537426976669696,-0.23939042399396285,0.9994605183601379,0.5295673385262489,0.49350013583898544,0.45798089112467943
00105,/Users/nikko/Downloads/moi-main/project_root/data/temp_frames/video10/frame_00105.png,"[693, 94, 2040, 1356]",RIGHT_SHOULDER,0.0012770470070086442,-0.38247220292227835,0.9992626309394836,0.5295673385262489,0.49350013583898544,0.45798089112467943
00105,/Users/nikko/Downloads/moi-main/project_root/data/temp_frames/video10/frame_00105.png,"[693, 94, 2040, 1356]",LEFT_HIP,-0.179532597422189,0.3606139879017194,0.9997813105583191,0.5295673385262489,0.49350013583898544,0.45798089112467943
00105,/Users/nikko/Downloads/moi-main/project_root/data/temp_frames/video10/frame_00105.png,"[693, 94, 2040, 1356]",RIGHT_HIP,-0.4754871472517892,0.2612486390145218,0.999825656414032,0.5295673385262489,0.49350013583898544,0.45798089112467943
00105,/Users/nikko/Downloads/moi-main/project_root/data/temp_frames/video10/frame_00105.png,"[693, 94, 2040, 1356]",LEFT_ELBOW,0.6205044335192026,0.22564378953186442,0.5382716059684753,0.5295673385262489,0.49350013583898544,0.45798089112467943
00105,/Users/nikko/Downloads/moi-main/project_root/data/temp_frames/video10/frame_00105.png,"[693, 94, 2040, 1356]",RIGHT_ELBOW,-0.19661882555672586,0.3903989428064165,0.9887247681617737,0.5295673385262489,0.49350013583898544,0.45798089112467943
00105,/Users/nikko/Downloads/moi-main/project_root/data/temp_frames/video10/frame_00105.png,"[693, 94, 2040, 1356]",RIGHT_WRIST,-0.2182920697563866,1.0085264606062723,0.9920686483383179,0.5295673385262489,0.49350013583898544,0.45798089112467943
00105,/Users/nikko/Downloads/moi-main/project_root/data/temp_frames/video10/frame_00105.png,"[693, 94, 2040, 1356]",RIGHT_KNEE,-0.8045977736665197,0.5868049624433386,0.8107080459594727,0.5295673385262489,0.49350013583898544,0.45798089112467943
00105,/Users/nikko/Downloads/moi-main/project_root/data/temp_frames/video10/frame_00105.png,"[693, 94, 2040, 1356]",RIGHT_ANKLE,-0.9877621112872413,0.707817461141743,0.900394856929779,0.5295673385262489,0.49350013583898544,0.45798089112467943
00105,/Users/nikko/Downloads/moi-main/project_root/data/temp_frames/video10/frame_00105.png,"[693, 94, 2040, 1356]",LEFT_EYE,0.8868412017207592,-0.6308741547782433,0.954595148563385,0.5295673385262489,0.49350013583898544,0.45798089112467943
00105,/Users/nikko/Downloads/moi-main/project_root/data/temp_frames/video10/frame_00105.png,"[693, 94, 2040, 1356]",RIGHT_EYE,0.8092718903275178,-0.6406422734905104,0.9828096628189087,0.5295673385262489,0.49350013583898544,0.45798089112467943
00106,/Users/nikko/Downloads/moi-main/project_root/data/temp_frames/video10/frame_00106.png,"[692, 93, 2041, 1356]",LEFT_SHOULDER,0.6631588125056797,-0.25881730299897104,0.9994885921478271,0.5262955576181412,0.4875381514430046,0.4550178473548028
00106,/Users/nikko/Downloads/moi-main/project_root/data/temp_frames/video10/frame_00106.png,"[692, 93, 2041, 1356]",RIGHT_SHOULDER,-0.002181215192076459,-0.36214798851544316,0.9984931945800781,0.5262955576181412,0.4875381514430046,0.4550178473548028
00106,/Users/nikko/Downloads/moi-main/project_root/data/temp_frames/video10/frame_00106.png,"[692, 93, 2041, 1356]",LEFT_HIP,-0.18311430075423904,0.36304434826354504,0.9996763467788696,0.5262955576181412,0.4875381514430046,0.4550178473548028
00106,/Users/nikko/Downloads/moi-main/project_root/data/temp_frames/video10/frame_00106.png,"[692, 93, 2041, 1356]",RIGHT_HIP,-0.4778632965593641,0.2579209432508692,0.9996782541275024,0.5262955576181412,0.4875381514430046,0.4550178473548028
00106,/Users/nikko/Downloads/moi-main/project_root/data/temp_frames/video10/frame_00106.png,"[692, 93, 2041, 1356]",LEFT_ELBOW,0.6380755418899859,0.24092943900976888,0.6098006963729858,0.5262955576181412,0.4875381514430046,0.4550178473548028
00106,/Users/nikko/Downloads/moi-main/project_root/data/temp_frames/video10/frame_00106.png,"[692, 93, 2041, 1356]",RIGHT_ELBOW,-0.1964360713117765,0.40140491694625985,0.9747257828712463,0.5262955576181412,0.4875381514430046,0.4550178473548028
00106,/Users/nikko/Downloads/moi-main/project_root/data/temp_frames/video10/frame_00106.png,"[692, 93, 2041, 1356]",RIGHT_WRIST,-0.22601473130388838,1.0398750457568873,0.9646236300468445,0.5262955576181412,0.4875381514430046,0.4550178473548028
00106,/Users/nikko/Downloads/moi-main/project_root/data/temp_frames/video10/frame_00106.png,"[692, 93, 2041, 1356]",RIGHT_KNEE,-0.8171104249721797,0.5995104095754522,0.803683340549469,0.5262955576181412,0.4875381514430046,0.4550178473548028
00106,/Users/nikko/Downloads/moi-main/project_root/data/temp_frames/video10/frame_00106.png,"[692, 93, 2041, 1356]",RIGHT_ANKLE,-0.9933480931961614,0.7423650877054807,0.9087390303611755,0.5262955576181412,0.4875381514430046,0.4550178473548028
00106,/Users/nikko/Downloads/moi-main/project_root/data/temp_frames/video10/frame_00106.png,"[692, 93, 2041, 1356]",LEFT_EYE,0.8937457284660015,-0.6222667995809422,0.9706977605819702,0.5262955576181412,0.4875381514430046,0.4550178473548028
00106,/Users/nikko/Downloads/moi-main/project_root/data/temp_frames/video10/frame_00106.png,"[692, 93, 2041, 1356]",RIGHT_EYE,0.8194225687482651,-0.6263063950523485,0.9862448573112488,0.5262955576181412,0.4875381514430046,0.4550178473548028
00107,/Users/nikko/Downloads/moi-main/project_root/data/temp_frames/video10/frame_00107.png,"[693, 97, 2035, 1356]",LEFT_SHOULDER,0.6572706573778804,-0.23169294683570776,0.9996237754821777,0.5274412259459496,0.49065937101840973,0.4574283162885646
00107,/Users/nikko/Downloads/moi-main/project_root/data/temp_frames/video10/frame_00107.png,"[693, 97, 2035, 1356]",RIGHT_SHOULDER,0.0020497601084852623,-0.3840282448996902,0.9993104934692383,0.5274412259459496,0.49065937101840973,0.4574283162885646
00107,/Users/nikko/Downloads/moi-main/project_root/data/temp_frames/video10/frame_00107.png,"[693, 97, 2035, 1356]",LEFT_HIP,-0.18511137672760422,0.3613826835101263,0.9997690320014954,0.5274412259459496,0.49065937101840973,0.4574283162885646
00107,/Users/nikko/Downloads/moi-main/project_root/data/temp_frames/video10/frame_00107.png,"[693, 97, 2035, 1356]",RIGHT_HIP,-0.4742090407587614,0.2543385082252716,0.9998024106025696,0.5274412259459496,0.49065937101840973,0.4574283162885646
00107,/Users/nikko/Downloads/moi-main/project_root/data/temp_frames/video10/frame_00107.png,"[693, 97, 2035, 1356]",LEFT_ELBOW,0.6476445949516105,0.32773211980169176,0.6705181002616882,0.5274412259459496,0.49065937101840973,0.4574283162885646
00107,/Users/nikko/Downloads/moi-main/project_root/data/temp_frames/video10/frame_00107.png,"[693, 97, 2035, 1356]",RIGHT_ELBOW,-0.18522167888863295,0.40085965103219257,0.9866819381713867,0.5274412259459496,0.49065937101840973,0.4574283162885646
00107,/Users/nikko/Downloads/moi-main/project_root/data/temp_frames/video10/frame_00107.png,"[693, 97, 2035, 1356]",LEFT_WRIST,0.6946811370419964,0.9445137889588646,0.6165717840194702,0.5274412259459496,0.49065937101840973,0.4574283162885646
00107,/Users/nikko/Downloads/moi-main/project_root/data/temp_frames/video10/frame_00107.png,"[693, 97, 2035, 1356]",RIGHT_WRIST,-0.21646064514256136,1.017928770357386,0.9917727112770081,0.5274412259459496,0.49065937101840973,0.4574283162885646
00107,/Users/nikko/Downloads/moi-main/project_root/data/temp_frames/video10/frame_00107.png,"[693, 97, 2035, 1356]",RIGHT_KNEE,-0.8054452901698861,0.5885874139134486,0.8010901212692261,0.5274412259459496,0.49065937101840973,0.4574283162885646
00107,/Users/nikko/Downloads/moi-main/project_root/data/temp_frames/video10/frame_00107.png,"[693, 97, 2035, 1356]",RIGHT_ANKLE,-0.9875244650514429,0.7181095147577863,0.9007299542427063,0.5274412259459496,0.49065937101840973,0.4574283162885646
00107,/Users/nikko/Downloads/moi-main/project_root/data/temp_frames/video10/frame_00107.png,"[693, 97, 2035, 1356]",LEFT_EYE,0.8904719683488846,-0.6311952232530906,0.9655565023422241,0.5274412259459496,0.49065937101840973,0.4574283162885646
00107,/Users/nikko/Downloads/moi-main/project_root/data/temp_frames/video10/frame_00107.png,"[693, 97, 2035, 1356]",RIGHT_EYE,0.8158562374951005,-0.6422311075709736,0.9865736961364746,0.5274412259459496,0.49065937101840973,0.4574283162885646
00108,/Users/nikko/Downloads/moi-main/project_root/data/temp_frames/video10/frame_00108.png,"[698, 96, 2028, 1356]",LEFT_SHOULDER,0.6656835016196097,-0.23873849873913083,0.9993682503700256,0.5224781706929207,0.4871251657605171,0.45498264224326923
00108,/Users/nikko/Downloads/moi-main/project_root/data/temp_frames/video10/frame_00108.png,"[698, 96, 2028, 1356]",RIGHT_SHOULDER,0.007329669563129016,-0.368032783152747,0.9986240863800049,0.5224781706929207,0.4871251657605171,0.45498264224326923
00108,/Users/nikko/Downloads/moi-main/project_root/data/temp_frames/video10/frame_00108.png,"[698, 96, 2028, 1356]",LEFT_HIP,-0.19023968958849616,0.3578611899846226,0.9995654225349426,0.5224781706929207,0.4871251657605171,0.45498264224326923
00108,/Users/nikko/Downloads/moi-main/project_root/data/temp_frames/video10/frame_00108.png,"[698, 96, 2028, 1356]",RIGHT_HIP,-0.4827734815942425,0.2489100919072553,0.9996047616004944,0.5224781706929207,0.4871251657605171,0.45498264224326923
00108,/Users/nikko/Downloads/moi-main/project_root/data/temp_frames/video10/frame_00108.png,"[698, 96, 2028, 1356]",LEFT_ELBOW,0.6761918738784722,0.32456411016949566,0.6791688799858093,0.5224781706929207,0.4871251657605171,0.45498264224326923
00108,/Users/nikko/Downloads/moi-main/project_root/data/temp_frames/video10/frame_00108.png,"[698, 96, 2028, 1356]",RIGHT_ELBOW,-0.17822679940000893,0.40901401356655726,0.9791077971458435,0.5224781706929207,0.4871251657605171,0.45498264224326923
00108,/Users/nikko/Downloads/moi-main/project_root/data/temp_frames/video10/frame_00108.png,"[698, 96, 2028, 1356]",LEFT_WRIST,0.7213038310081582,0.9526308152996171,0.5087799429893494,0.5224781706929207,0.4871251657605171,0.45498264224326923
00108,/Users/nikko/Downloads/moi-main/project_root/data/temp_frames/video10/frame_00108.png,"[698, 96, 2028, 1356]",RIGHT_WRIST,-0.1960974776475496,1.0254848804328691,0.9809609651565552,0.5224781706929207,0.4871251657605171,0.45498264224326923
00108,/Users/nikko/Downloads/moi-main/project_root/data/temp_frames/video10/frame_00108.png,"[698, 96, 2028, 1356]",RIGHT_KNEE,-0.8149939530928997,0.5941753738113577,0.7568125128746033,0.5224781706929207,0.4871251657605171,0.45498264224326923
00108,/Users/nikko/Downloads/moi-main/project_root/data/temp_frames/video10/frame_00108.png,"[698, 96, 2028, 1356]",RIGHT_ANKLE,-1.0138527621887266,0.7610118641884329,0.8961928486824036,0.5224781706929207,0.4871251657605171,0.45498264224326923
00108,/Users/nikko/Downloads/moi-main/project_root/data/temp_frames/video10/frame_00108.png,"[698, 96, 2028, 1356]",LEFT_EYE,0.9053424851136507,-0.6271845391086708,0.9590166807174683,0.5224781706929207,0.4871251657605171,0.45498264224326923
00108,/Users/nikko/Downloads/moi-main/project_root/data/temp_frames/video10/frame_00108.png,"[698, 96, 2028, 1356]",RIGHT_EYE,0.8359829574676846,-0.6354151082962751,0.9834027290344238,0.5224781706929207,0.4871251657605171,0.45498264224326923
00109,/Users/nikko/Downloads/moi-main/project_root/data/temp_frames/video10/frame_00109.png,"[693, 96, 2027, 1357]",LEFT_SHOULDER,0.6635692034148986,-0.2556150828013228,0.9993973970413208,0.5241245627403259,0.478996105492115,0.4521177216545688
00109,/Users/nikko/Downloads/moi-main/project_root/data/temp_frames/video10/frame_00109.png,"[693, 96, 2027, 1357]",RIGHT_SHOULDER,0.013805692858126502,-0.3583742217935905,0.9993032217025757,0.5241245627403259,0.478996105492115,0.4521177216545688
00109,/Users/nikko/Downloads/moi-main/project_root/data/temp_frames/video10/frame_00109.png,"[693, 96, 2027, 1357]",LEFT_HIP,-0.19664747433488705,0.35781079475145516,0.9998098015785217,0.5241245627403259,0.478996105492115,0.4521177216545688
00109,/Users/nikko/Downloads/moi-main/project_root/data/temp_frames/video10/frame_00109.png,"[693, 96, 2027, 1357]",RIGHT_HIP,-0.480727421938138,0.25617850984345814,0.9998546838760376,0.5241245627403259,0.478996105492115,0.4521177216545688
00109,/Users/nikko/Downloads/moi-main/project_root/data/temp_frames/video10/frame_00109.png,"[693, 96, 2027, 1357]",RIGHT_ELBOW,-0.18002876608943938,0.4181809064432496,0.9851881265640259,0.5241245627403259,0.478996105492115,0.4521177216545688
00109,/Users/nikko/Downloads/moi-main/project_root/data/temp_frames/video10/frame_00109.png,"[693, 96, 2027, 1357]",RIGHT_WRIST,-0.19615705056261595,1.0272947461617685,0.9882271885871887,0.5241245627403259,0.478996105492115,0.4521177216545688
00109,/Users/nikko/Downloads/moi-main/project_root/data/temp_frames/video10/frame_00109.png,"[693, 96, 2027, 1357]",RIGHT_KNEE,-0.8207537137895159,0.6026878216446527,0.8668145537376404,0.5241245627403259,0.478996105492115,0.4521177216545688
00109,/Users/nikko/Downloads/moi-main/project_root/data/temp_frames/video10/frame_00109.png,"[693, 96, 2027, 1357]",LEFT_ANKLE,-0.8630291328411304,0.7980839902713378,0.5744176506996155,0.5241245627403259,0.478996105492115,0.4521177216545688
00109,/Users/nikko/Downloads/moi-main/project_root/data/temp_frames/video10/frame_00109.png,"[693, 96, 2027, 1357]",RIGHT_ANKLE,-1.0223736089236521,0.7675242612101733,0.9471345543861389,0.5241245627403259,0.478996105492115,0.4521177216545688
00109,/Users/nikko/Downloads/moi-main/project_root/data/temp_frames/video10/frame_00109.png,"[693, 96, 2027, 1357]",LEFT_EYE,0.912992274108963,-0.614179755789004,0.9798494577407837,0.5241245627403259,0.478996105492115,0.4521177216545688
00109,/Users/nikko/Downloads/moi-main/project_root/data/temp_frames/video10/frame_00109.png,"[693, 96, 2027, 1357]",RIGHT_EYE,0.8317352512579672,-0.627666277692112,0.9931061863899231,0.5241245627403259,0.478996105492115,0.4521177216545688
00110,/Users/nikko/Downloads/moi-main/project_root/data/temp_frames/video10/frame_00110.png,"[695, 97, 2024, 1357]",LEFT_SHOULDER,0.662952820802434,-0.24786122628820192,0.999582827091217,0.5232916101813316,0.4795110374689102,0.45685119389575285
00110,/Users/nikko/Downloads/moi-main/project_root/data/temp_frames/video10/frame_00110.png,"[695, 97, 2024, 1357]",RIGHT_SHOULDER,0.009553238802835514,-0.3632222997561195,0.9995470643043518,0.5232916101813316,0.4795110374689102,0.45685119389575285
00110,/Users/nikko/Downloads/moi-main/project_root/data/temp_frames/video10/frame_00110.png,"[695, 97, 2024, 1357]",LEFT_HIP,-0.19064654328866434,0.3613526875693858,0.9998047947883606,0.5232916101813316,0.4795110374689102,0.45685119389575285
00110,/Users/nikko/Downloads/moi-main/project_root/data/temp_frames/video10/frame_00110.png,"[695, 97, 2024, 1357]",RIGHT_HIP,-0.48185951631660523,0.24973083847493563,0.999860405921936,0.5232916101813316,0.4795110374689102,0.45685119389575285
00110,/Users/nikko/Downloads/moi-main/project_root/data/temp_frames/video10/frame_00110.png,"[695, 97, 2024, 1357]",RIGHT_ELBOW,-0.17184819942912158,0.4139464570498577,0.9861634373664856,0.5232916101813316,0.4795110374689102,0.45685119389575285
00110,/Users/nikko/Downloads/moi-main/project_root/data/temp_frames/video10/frame_00110.png,"[695, 97, 2024, 1357]",RIGHT_WRIST,-0.1920499918785244,1.0458682004037974,0.9824085831642151,0.5232916101813316,0.4795110374689102,0.45685119389575285
00110,/Users/nikko/Downloads/moi-main/project_root/data/temp_frames/video10/frame_00110.png,"[695, 97, 2024, 1357]",RIGHT_KNEE,-0.8100820692590047,0.5910870582410367,0.7544612288475037,0.5232916101813316,0.4795110374689102,0.45685119389575285
00110,/Users/nikko/Downloads/moi-main/project_root/data/temp_frames/video10/frame_00110.png,"[695, 97, 2024, 1357]",RIGHT_ANKLE,-1.0030803217847521,0.7507952544972375,0.8960917592048645,0.5232916101813316,0.4795110374689102,0.45685119389575285
00110,/Users/nikko/Downloads/moi-main/project_root/data/temp_frames/video10/frame_00110.png,"[695, 97, 2024, 1357]",LEFT_EYE,0.9045645128300857,-0.6075014508598925,0.9726773500442505,0.5232916101813316,0.4795110374689102,0.45685119389575285
00110,/Users/nikko/Downloads/moi-main/project_root/data/temp_frames/video10/frame_00110.png,"[695, 97, 2024, 1357]",RIGHT_EYE,0.8322721022887761,-0.6164796012595459,0.9901579022407532,0.5232916101813316,0.4795110374689102,0.45685119389575285
00111,/Users/nikko/Downloads/moi-main/project_root/data/temp_frames/video10/frame_00111.png,"[694, 98, 2024, 1357]",LEFT_SHOULDER,0.6538451480936229,-0.2270108976619171,0.9990358352661133,0.5294748917222023,0.4860871061682701,0.4618839880519676
00111,/Users/nikko/Downloads/moi-main/project_root/data/temp_frames/video10/frame_00111.png,"[694, 98, 2024, 1357]",RIGHT_SHOULDER,0.007200213891395024,-0.3846841983437411,0.9989864230155945,0.5294748917222023,0.4860871061682701,0.4618839880519676
00111,/Users/nikko/Downloads/moi-main/project_root/data/temp_frames/video10/frame_00111.png,"[694, 98, 2024, 1357]",LEFT_HIP,-0.18555716590751456,0.3671836150656268,0.999723494052887,0.5294748917222023,0.4860871061682701,0.4618839880519676
00111,/Users/nikko/Downloads/moi-main/project_root/data/temp_frames/video10/frame_00111.png,"[694, 98, 2024, 1357]",RIGHT_HIP,-0.4754881960775034,0.2445114809400314,0.9998075366020203,0.5294748917222023,0.4860871061682701,0.4618839880519676
00111,/Users/nikko/Downloads/moi-main/project_root/data/temp_frames/video10/frame_00111.png,"[694, 98, 2024, 1357]",LEFT_ELBOW,0.6589199130052148,0.3373494173505344,0.5015604496002197,0.5294748917222023,0.4860871061682701,0.4618839880519676
00111,/Users/nikko/Downloads/moi-main/project_root/data/temp_frames/video10/frame_00111.png,"[694, 98, 2024, 1357]",RIGHT_ELBOW,-0.15988537231761973,0.3827805969221996,0.987102210521698,0.5294748917222023,0.4860871061682701,0.4618839880519676
00111,/Users/nikko/Downloads/moi-main/project_root/data/temp_frames/video10/frame_00111.png,"[694, 98, 2024, 1357]",RIGHT_WRIST,-0.21521998948903814,1.0226181840461979,0.9859014749526978,0.5294748917222023,0.4860871061682701,0.4618839880519676
00111,/Users/nikko/Downloads/moi-main/project_root/data/temp_frames/video10/frame_00111.png,"[694, 98, 2024, 1357]",LEFT_KNEE,-0.585745900215558,0.6108525979237525,0.5130926370620728,0.5294748917222023,0.4860871061682701,0.4618839880519676
00111,/Users/nikko/Downloads/moi-main/project_root/data/temp_frames/video10/frame_00111.png,"[694, 98, 2024, 1357]",RIGHT_KNEE,-0.806333639215963,0.5664909581254445,0.8975431323051453,0.5294748917222023,0.4860871061682701,0.4618839880519676
00111,/Users/nikko/Downloads/moi-main/project_root/data/temp_frames/video10/frame_00111.png,"[694, 98, 2024, 1357]",LEFT_ANKLE,-0.8400053980308568,0.7536480299713775,0.6438766121864319,0.5294748917222023,0.4860871061682701,0.4618839880519676
00111,/Users/nikko/Downloads/moi-main/project_root/data/temp_frames/video10/frame_00111.png,"[694, 98, 2024, 1357]",RIGHT_ANKLE,-0.9974898387394294,0.7210718461191838,0.9636784791946411,0.5294748917222023,0.4860871061682701,0.4618839880519676
00111,/Users/nikko/Downloads/moi-main/project_root/data/temp_frames/video10/frame_00111.png,"[694, 98, 2024, 1357]",LEFT_EYE,0.8805258956810151,-0.6144731668506654,0.9444159269332886,0.5294748917222023,0.4860871061682701,0.4618839880519676
00111,/Users/nikko/Downloads/moi-main/project_root/data/temp_frames/video10/frame_00111.png,"[694, 98, 2024, 1357]",RIGHT_EYE,0.8160422484285509,-0.6248102016558337,0.9814023375511169,0.5294748917222023,0.4860871061682701,0.4618839880519676
00112,/Users/nikko/Downloads/moi-main/project_root/data/temp_frames/video10/frame_00112.png,"[696, 98, 2028, 1357]",LEFT_SHOULDER,0.6631695619844713,-0.2522140555325934,0.9998165965080261,0.522569090127945,0.48058827966451645,0.4471031241153888
00112,/Users/nikko/Downloads/moi-main/project_root/data/temp_frames/video10/frame_00112.png,"[696, 98, 2028, 1357]",RIGHT_SHOULDER,0.0169421452793248,-0.3564264695504333,0.9996261596679688,0.522569090127945,0.48058827966451645,0.4471031241153888
00112,/Users/nikko/Downloads/moi-main/project_root/data/temp_frames/video10/frame_00112.png,"[696, 98, 2028, 1357]",LEFT_HIP,-0.19684673002005973,0.3623063380181466,0.999876856803894,0.522569090127945,0.48058827966451645,0.4471031241153888
00112,/Users/nikko/Downloads/moi-main/project_root/data/temp_frames/video10/frame_00112.png,"[696, 98, 2028, 1357]",RIGHT_HIP,-0.4832649772437364,0.24633418706488008,0.9998860359191895,0.522569090127945,0.48058827966451645,0.4471031241153888
00112,/Users/nikko/Downloads/moi-main/project_root/data/temp_frames/video10/frame_00112.png,"[696, 98, 2028, 1357]",LEFT_ELBOW,0.6579823543737012,0.24046734993985383,0.6533427834510803,0.522569090127945,0.48058827966451645,0.4471031241153888
00112,/Users/nikko/Downloads/moi-main/project_root/data/temp_frames/video10/frame_00112.png,"[696, 98, 2028, 1357]",RIGHT_ELBOW,-0.1728463296147461,0.41260505446965906,0.9890432357788086,0.522569090127945,0.48058827966451645,0.4471031241153888
00112,/Users/nikko/Downloads/moi-main/project_root/data/temp_frames/video10/frame_00112.png,"[696, 98, 2028, 1357]",LEFT_WRIST,0.7191627418925257,0.9261330087912185,0.6021656394004822,0.522569090127945,0.48058827966451645,0.4471031241153888
00112,/Users/nikko/Downloads/moi-main/project_root/data/temp_frames/video10/frame_00112.png,"[696, 98, 2028, 1357]",RIGHT_WRIST,-0.1876588668761257,1.03640003125045,0.9942283630371094,0.522569090127945,0.48058827966451645,0.4471031241153888
00112,/Users/nikko/Downloads/moi-main/project_root/data/temp_frames/video10/frame_00112.png,"[696, 98, 2028, 1357]",RIGHT_KNEE,-0.8266338247881801,0.6094180563086464,0.7943710684776306,0.522569090127945,0.48058827966451645,0.4471031241153888
00112,/Users/nikko/Downloads/moi-main/project_root/data/temp_frames/video10/frame_00112.png,"[696, 98, 2028, 1357]",RIGHT_ANKLE,-1.0181997281652244,0.7258358725161613,0.8778696656227112,0.522569090127945,0.48058827966451645,0.4471031241153888
00112,/Users/nikko/Downloads/moi-main/project_root/data/temp_frames/video10/frame_00112.png,"[696, 98, 2028, 1357]",LEFT_EYE,0.9250838190637009,-0.6112442773381513,0.9786517024040222,0.522569090127945,0.48058827966451645,0.4471031241153888
00112,/Users/nikko/Downloads/moi-main/project_root/data/temp_frames/video10/frame_00112.png,"[696, 98, 2028, 1357]",RIGHT_EYE,0.848645762281123,-0.6182164122863824,0.9914743900299072,0.522569090127945,0.48058827966451645,0.4471031241153888
00113,/Users/nikko/Downloads/moi-main/project_root/data/temp_frames/video10/frame_00113.png,"[697, 98, 2028, 1357]",LEFT_SHOULDER,0.660147559090469,-0.24453020108314436,0.9995192289352417,0.5223884731531143,0.4828242138028145,0.4527542534791463
00113,/Users/nikko/Downloads/moi-main/project_root/data/temp_frames/video10/frame_00113.png,"[697, 98, 2028, 1357]",RIGHT_SHOULDER,0.013446201014085628,-0.36777887598887954,0.9996209144592285,0.5223884731531143,0.4828242138028145,0.4527542534791463
00113,/Users/nikko/Downloads/moi-main/project_root/data/temp_frames/video10/frame_00113.png,"[697, 98, 2028, 1357]",LEFT_HIP,-0.18950975596770137,0.3546852968216436,0.9996998310089111,0.5223884731531143,0.4828242138028145,0.4527542534791463
00113,/Users/nikko/Downloads/moi-main/project_root/data/temp_frames/video10/frame_00113.png,"[697, 98, 2028, 1357]",RIGHT_HIP,-0.4840840041368532,0.25762378025038024,0.9998061060905457,0.5223884731531143,0.4828242138028145,0.4527542534791463
00113,/Users/nikko/Downloads/moi-main/project_root/data/temp_frames/video10/frame_00113.png,"[697, 98, 2028, 1357]",RIGHT_ELBOW,-0.17213524752646972,0.39838420767998317,0.9938514232635498,0.5223884731531143,0.4828242138028145,0.4527542534791463
00113,/Users/nikko/Downloads/moi-main/project_root/data/temp_frames/video10/frame_00113.png,"[697, 98, 2028, 1357]",RIGHT_WRIST,-0.20162903379722097,1.015368700254894,0.9969183206558228,0.5223884731531143,0.4828242138028145,0.4527542534791463
00113,/Users/nikko/Downloads/moi-main/project_root/data/temp_frames/video10/frame_00113.png,"[697, 98, 2028, 1357]",RIGHT_KNEE,-0.798309761853495,0.6033244442162381,0.788512110710144,0.5223884731531143,0.4828242138028145,0.4527542534791463
00113,/Users/nikko/Downloads/moi-main/project_root/data/temp_frames/video10/frame_00113.png,"[697, 98, 2028, 1357]",RIGHT_ANKLE,-0.993309363407266,0.7381848900559895,0.8893164396286011,0.5223884731531143,0.4828242138028145,0.4527542534791463
00113,/Users/nikko/Downloads/moi-main/project_root/data/temp_frames/video10/frame_00113.png,"[697, 98, 2028, 1357]",LEFT_EYE,0.9174476309056532,-0.6084983486581195,0.978615403175354,0.5223884731531143,0.4828242138028145,0.4527542534791463
00113,/Users/nikko/Downloads/moi-main/project_root/data/temp_frames/video10/frame_00113.png,"[697, 98, 2028, 1357]",RIGHT_EYE,0.8360453679529203,-0.6214590610719736,0.9935625791549683,0.5223884731531143,0.4828242138028145,0.4527542534791463
00114,/Users/nikko/Downloads/moi-main/project_root/data/temp_frames/video10/frame_00114.png,"[697, 98, 2028, 1357]",LEFT_SHOULDER,0.6598293060851126,-0.24079001075320577,0.9994915723800659,0.5222937911748886,0.4834258332848549,0.4537926304631444
00114,/Users/nikko/Downloads/moi-main/project_root/data/temp_frames/video10/frame_00114.png,"[697, 98, 2028, 1357]",RIGHT_SHOULDER,0.01454403877330364,-0.37026192611037384,0.9996519088745117,0.5222937911748886,0.4834258332848549,0.4537926304631444
00114,/Users/nikko/Downloads/moi-main/project_root/data/temp_frames/video10/frame_00114.png,"[697, 98, 2028, 1357]",LEFT_HIP,-0.19119449276326647,0.35464280593482567,0.999692440032959,0.5222937911748886,0.4834258332848549,0.4537926304631444
00114,/Users/nikko/Downloads/moi-main/project_root/data/temp_frames/video10/frame_00114.png,"[697, 98, 2028, 1357]",RIGHT_HIP,-0.48317885209514977,0.256409130928754,0.999809205532074,0.5222937911748886,0.4834258332848549,0.4537926304631444
00114,/Users/nikko/Downloads/moi-main/project_root/data/temp_frames/video10/frame_00114.png,"[697, 98, 2028, 1357]",RIGHT_ELBOW,-0.1694911802354004,0.39391197660195615,0.994479775428772,0.5222937911748886,0.4834258332848549,0.4537926304631444
00114,/Users/nikko/Downloads/moi-main/project_root/data/temp_frames/video10/frame_00114.png,"[697, 98, 2028, 1357]",RIGHT_WRIST,-0.20829905757514144,1.0168254369696836,0.9974257349967957,0.5222937911748886,0.4834258332848549,0.4537926304631444
00114,/Users/nikko/Downloads/moi-main/project_root/data/temp_frames/video10/frame_00114.png,"[697, 98, 2028, 1357]",RIGHT_KNEE,-0.7976307380500255,0.5989076052171951,0.7844879627227783,0.5222937911748886,0.4834258332848549,0.4537926304631444
00114,/Users/nikko/Downloads/moi-main/project_root/data/temp_frames/video10/frame_00114.png,"[697, 98, 2028, 1357]",RIGHT_ANKLE,-0.9920166037168365,0.7359566443852348,0.8845254778862,0.5222937911748886,0.4834258332848549,0.4537926304631444
00114,/Users/nikko/Downloads/moi-main/project_root/data/temp_frames/video10/frame_00114.png,"[697, 98, 2028, 1357]",LEFT_EYE,0.9156608516649117,-0.6091762087817313,0.9791539907455444,0.5222937911748886,0.4834258332848549,0.4537926304631444
00114,/Users/nikko/Downloads/moi-main/project_root/data/temp_frames/video10/frame_00114.png,"[697, 98, 2028, 1357]",RIGHT_EYE,0.834925062333149,-0.6222227189249383,0.9939654469490051,0.5222937911748886,0.4834258332848549,0.4537926304631444
00115,/Users/nikko/Downloads/moi-main/project_root/data/temp_frames/video10/frame_00115.png,"[696, 97, 2035, 1357]",LEFT_SHOULDER,0.6662565128370785,-0.22692986250972993,0.9997432827949524,0.5213295295834541,0.4866930991411209,0.44880994352665715
00115,/Users/nikko/Downloads/moi-main/project_root/data/temp_frames/video10/frame_00115.png,"[696, 97, 2035, 1357]",RIGHT_SHOULDER,0.016945495334660353,-0.3763571759183317,0.9991843104362488,0.5213295295834541,0.4866930991411209,0.44880994352665715
00115,/Users/nikko/Downloads/moi-main/project_root/data/temp_frames/video10/frame_00115.png,"[696, 97, 2035, 1357]",LEFT_HIP,-0.20528306865367818,0.34919655994916293,0.9996613264083862,0.5213295295834541,0.4866930991411209,0.44880994352665715
00115,/Users/nikko/Downloads/moi-main/project_root/data/temp_frames/video10/frame_00115.png,"[696, 97, 2035, 1357]",RIGHT_HIP,-0.4779189395180607,0.2540904784788987,0.9996565580368042,0.5213295295834541,0.4866930991411209,0.44880994352665715
00115,/Users/nikko/Downloads/moi-main/project_root/data/temp_frames/video10/frame_00115.png,"[696, 97, 2035, 1357]",LEFT_ELBOW,0.6307497714029677,0.39257909446695577,0.7521315217018127,0.5213295295834541,0.4866930991411209,0.44880994352665715
00115,/Users/nikko/Downloads/moi-main/project_root/data/temp_frames/video10/frame_00115.png,"[696, 97, 2035, 1357]",RIGHT_ELBOW,-0.19348252682026143,0.42281861789368225,0.9854975938796997,0.5213295295834541,0.4866930991411209,0.44880994352665715
00115,/Users/nikko/Downloads/moi-main/project_root/data/temp_frames/video10/frame_00115.png,"[696, 97, 2035, 1357]",LEFT_WRIST,0.7316460608332922,0.9661634776459681,0.6964846253395081,0.5213295295834541,0.4866930991411209,0.44880994352665715
00115,/Users/nikko/Downloads/moi-main/project_root/data/temp_frames/video10/frame_00115.png,"[696, 97, 2035, 1357]",RIGHT_WRIST,-0.20371476282555478,1.0363281974904335,0.9883748292922974,0.5213295295834541,0.4866930991411209,0.44880994352665715
00115,/Users/nikko/Downloads/moi-main/project_root/data/temp_frames/video10/frame_00115.png,"[696, 97, 2035, 1357]",RIGHT_KNEE,-0.8063356464535599,0.6087881609692577,0.8119934797286987,0.5213295295834541,0.4866930991411209,0.44880994352665715
00115,/Users/nikko/Downloads/moi-main/project_root/data/temp_frames/video10/frame_00115.png,"[696, 97, 2035, 1357]",RIGHT_ANKLE,-1.0032415628450146,0.728189370162395,0.8832449913024902,0.5213295295834541,0.4866930991411209,0.44880994352665715
00115,/Users/nikko/Downloads/moi-main/project_root/data/temp_frames/video10/frame_00115.png,"[696, 97, 2035, 1357]",LEFT_EYE,0.919193338961633,-0.611382525805602,0.9847321510314941,0.5213295295834541,0.4866930991411209,0.44880994352665715
00115,/Users/nikko/Downloads/moi-main/project_root/data/temp_frames/video10/frame_00115.png,"[696, 97, 2035, 1357]",RIGHT_EYE,0.8372917577515792,-0.6236609699611885,0.9931392073631287,0.5213295295834541,0.4866930991411209,0.44880994352665715
00116,/Users/nikko/Downloads/moi-main/project_root/data/temp_frames/video10/frame_00116.png,"[695, 100, 2038, 1357]",LEFT_SHOULDER,0.6654167186275157,-0.21302300719745254,0.9995803236961365,0.5191024765372276,0.49751394987106323,0.45249337294898395
00116,/Users/nikko/Downloads/moi-main/project_root/data/temp_frames/video10/frame_00116.png,"[695, 100, 2038, 1357]",RIGHT_SHOULDER,0.025443800764184735,-0.3806774557017598,0.999110758304596,0.5191024765372276,0.49751394987106323,0.45249337294898395
00116,/Users/nikko/Downloads/moi-main/project_root/data/temp_frames/video10/frame_00116.png,"[695, 100, 2038, 1357]",LEFT_HIP,-0.21105719417108934,0.3483931314294511,0.9995315074920654,0.5191024765372276,0.49751394987106323,0.45249337294898395
00116,/Users/nikko/Downloads/moi-main/project_root/data/temp_frames/video10/frame_00116.png,"[695, 100, 2038, 1357]",RIGHT_HIP,-0.4798033252206111,0.24530733146976125,0.9995967745780945,0.5191024765372276,0.49751394987106323,0.45249337294898395
00116,/Users/nikko/Downloads/moi-main/project_root/data/temp_frames/video10/frame_00116.png,"[695, 100, 2038, 1357]",LEFT_ELBOW,0.6580897844566691,0.3920316152722665,0.6735823154449463,0.5191024765372276,0.49751394987106323,0.45249337294898395
00116,/Users/nikko/Downloads/moi-main/project_root/data/temp_frames/video10/frame_00116.png,"[695, 100, 2038, 1357]",RIGHT_ELBOW,-0.20376253260099883,0.39313059612168805,0.9838861227035522,0.5191024765372276,0.49751394987106323,0.45249337294898395
00116,/Users/nikko/Downloads/moi-main/project_root/data/temp_frames/video10/frame_00116.png,"[695, 100, 2038, 1357]",LEFT_WRIST,0.707603198886108,0.9484939755455569,0.6015666127204895,0.5191024765372276,0.49751394987106323,0.45249337294898395
00116,/Users/nikko/Downloads/moi-main/project_root/data/temp_frames/video10/frame_00116.png,"[695, 100, 2038, 1357]",RIGHT_WRIST,-0.20596978090536558,0.9857603990252036,0.9902908205986023,0.5191024765372276,0.49751394987106323,0.45249337294898395
00116,/Users/nikko/Downloads/moi-main/project_root/data/temp_frames/video10/frame_00116.png,"[695, 100, 2038, 1357]",RIGHT_KNEE,-0.8180341110529887,0.5794181905033681,0.669667661190033,0.5191024765372276,0.49751394987106323,0.45249337294898395
00116,/Users/nikko/Downloads/moi-main/project_root/data/temp_frames/video10/frame_00116.png,"[695, 100, 2038, 1357]",RIGHT_ANKLE,-1.0034624803707626,0.7000753019131041,0.7545199394226074,0.5191024765372276,0.49751394987106323,0.45249337294898395
00116,/Users/nikko/Downloads/moi-main/project_root/data/temp_frames/video10/frame_00116.png,"[695, 100, 2038, 1357]",LEFT_EYE,0.9160599623888228,-0.6177311683218202,0.9536344408988953,0.5191024765372276,0.49751394987106323,0.45249337294898395
00116,/Users/nikko/Downloads/moi-main/project_root/data/temp_frames/video10/frame_00116.png,"[695, 100, 2038, 1357]",RIGHT_EYE,0.8360063931018169,-0.6333667823510046,0.9815492033958435,0.5191024765372276,0.49751394987106323,0.45249337294898395
00117,/Users/nikko/Downloads/moi-main/project_root/data/temp_frames/video10/frame_00117.png,"[693, 100, 2039, 1357]",LEFT_SHOULDER,0.6721160687452185,-0.2103982970565727,0.999738872051239,0.5186316221952438,0.4967404380440712,0.44755635152064444
00117,/Users/nikko/Downloads/moi-main/project_root/data/temp_frames/video10/frame_00117.png,"[693, 100, 2039, 1357]",RIGHT_SHOULDER,0.02710068404701325,-0.3750552065137911,0.9987977743148804,0.5186316221952438,0.4967404380440712,0.44755635152064444
00117,/Users/nikko/Downloads/moi-main/project_root/data/temp_frames/video10/frame_00117.png,"[693, 100, 2039, 1357]",LEFT_HIP,-0.2174217201214454,0.34619497517380166,0.9995972514152527,0.5186316221952438,0.4967404380440712,0.44755635152064444
00117,/Users/nikko/Downloads/moi-main/project_root/data/temp_frames/video10/frame_00117.png,"[693, 100, 2039, 1357]",RIGHT_HIP,-0.48179503267078627,0.23925852839656217,0.9995550513267517,0.5186316221952438,0.4967404380440712,0.44755635152064444
00117,/Users/nikko/Downloads/moi-main/project_root/data/temp_frames/video10/frame_00117.png,"[693, 100, 2039, 1357]",LEFT_ELBOW,0.6642413887659276,0.42742980573626665,0.759281575679779,0.5186316221952438,0.4967404380440712,0.44755635152064444
00117,/Users/nikko/Downloads/moi-main/project_root/data/temp_frames/video10/frame_00117.png,"[693, 100, 2039, 1357]",RIGHT_ELBOW,-0.21576991380334187,0.403147067576243,0.9762341380119324,0.5186316221952438,0.4967404380440712,0.44755635152064444
00117,/Users/nikko/Downloads/moi-main/project_root/data/temp_frames/video10/frame_00117.png,"[693, 100, 2039, 1357]",LEFT_WRIST,0.7141727383100714,0.9700150865086126,0.72352534532547,0.5186316221952438,0.4967404380440712,0.44755635152064444
00117,/Users/nikko/Downloads/moi-main/project_root/data/temp_frames/video10/frame_00117.png,"[693, 100, 2039, 1357]",RIGHT_WRIST,-0.19502857753865407,0.992619382757239,0.9776923060417175,0.5186316221952438,0.4967404380440712,0.44755635152064444
00117,/Users/nikko/Downloads/moi-main/project_root/data/temp_frames/video10/frame_00117.png,"[693, 100, 2039, 1357]",RIGHT_KNEE,-0.8217280963919796,0.5833036948938987,0.6807582378387451,0.5186316221952438,0.4967404380440712,0.44755635152064444
00117,/Users/nikko/Downloads/moi-main/project_root/data/temp_frames/video10/frame_00117.png,"[693, 100, 2039, 1357]",RIGHT_ANKLE,-1.0149395771088976,0.7084037518058531,0.7739070653915405,0.5186316221952438,0.4967404380440712,0.44755635152064444
00117,/Users/nikko/Downloads/moi-main/project_root/data/temp_frames/video10/frame_00117.png,"[693, 100, 2039, 1357]",LEFT_EYE,0.9251703195685047,-0.6217634939403819,0.9682894349098206,0.5186316221952438,0.4967404380440712,0.44755635152064444
00117,/Users/nikko/Downloads/moi-main/project_root/data/temp_frames/video10/frame_00117.png,"[693, 100, 2039, 1357]",RIGHT_EYE,0.8430823509528452,-0.6373154175636747,0.9837279319763184,0.5186316221952438,0.4967404380440712,0.44755635152064444
00118,/Users/nikko/Downloads/moi-main/project_root/data/temp_frames/video10/frame_00118.png,"[690, 105, 2041, 1356]",LEFT_SHOULDER,0.6670212610661088,-0.21894484088564417,0.9997580647468567,0.5211570933461189,0.493856780230999,0.4548971631984683
00118,/Users/nikko/Downloads/moi-main/project_root/data/temp_frames/video10/frame_00118.png,"[690, 105, 2041, 1356]",RIGHT_SHOULDER,0.02786418232265276,-0.3734873884956062,0.9992234706878662,0.5211570933461189,0.493856780230999,0.4548971631984683
00118,/Users/nikko/Downloads/moi-main/project_root/data/temp_frames/video10/frame_00118.png,"[690, 105, 2041, 1356]",LEFT_HIP,-0.21717886702141273,0.3533630302474431,0.9994729161262512,0.5211570933461189,0.493856780230999,0.4548971631984683
00118,/Users/nikko/Downloads/moi-main/project_root/data/temp_frames/video10/frame_00118.png,"[690, 105, 2041, 1356]",RIGHT_HIP,-0.4777065763673488,0.2390691991338073,0.9994783997535706,0.5211570933461189,0.493856780230999,0.4548971631984683
00118,/Users/nikko/Downloads/moi-main/project_root/data/temp_frames/video10/frame_00118.png,"[690, 105, 2041, 1356]",LEFT_ELBOW,0.654147678149024,0.37162530498181057,0.7882164120674133,0.5211570933461189,0.493856780230999,0.4548971631984683
00118,/Users/nikko/Downloads/moi-main/project_root/data/temp_frames/video10/frame_00118.png,"[690, 105, 2041, 1356]",RIGHT_ELBOW,-0.22880433478250065,0.41097758771195636,0.9843745827674866,0.5211570933461189,0.493856780230999,0.4548971631984683
00118,/Users/nikko/Downloads/moi-main/project_root/data/temp_frames/video10/frame_00118.png,"[690, 105, 2041, 1356]",LEFT_WRIST,0.7128040458707764,0.958687939998299,0.7893267869949341,0.5211570933461189,0.493856780230999,0.4548971631984683
00118,/Users/nikko/Downloads/moi-main/project_root/data/temp_frames/video10/frame_00118.png,"[690, 105, 2041, 1356]",RIGHT_WRIST,-0.20006112914995347,1.0048951271955207,0.9908730983734131,0.5211570933461189,0.493856780230999,0.4548971631984683
00118,/Users/nikko/Downloads/moi-main/project_root/data/temp_frames/video10/frame_00118.png,"[690, 105, 2041, 1356]",RIGHT_KNEE,-0.8024713024937808,0.5803919734682856,0.6895212531089783,0.5211570933461189,0.493856780230999,0.4548971631984683
00118,/Users/nikko/Downloads/moi-main/project_root/data/temp_frames/video10/frame_00118.png,"[690, 105, 2041, 1356]",RIGHT_ANKLE,-0.9949609468634201,0.7128605520553362,0.7755943536758423,0.5211570933461189,0.493856780230999,0.4548971631984683
00118,/Users/nikko/Downloads/moi-main/project_root/data/temp_frames/video10/frame_00118.png,"[690, 105, 2041, 1356]",LEFT_EYE,0.9083484637135268,-0.5966163895083663,0.9783815145492554,0.5211570933461189,0.493856780230999,0.4548971631984683
00118,/Users/nikko/Downloads/moi-main/project_root/data/temp_frames/video10/frame_00118.png,"[690, 105, 2041, 1356]",RIGHT_EYE,0.8259212380572323,-0.6144446967453151,0.9901560544967651,0.5211570933461189,0.493856780230999,0.4548971631984683
00119,/Users/nikko/Downloads/moi-main/project_root/data/temp_frames/video10/frame_00119.png,"[683, 112, 2045, 1357]",LEFT_SHOULDER,0.6584408982081755,-0.20495441912749254,0.9997410178184509,0.5271203443408012,0.4950021505355835,0.45791186193861144
00119,/Users/nikko/Downloads/moi-main/project_root/data/temp_frames/video10/frame_00119.png,"[683, 112, 2045, 1357]",RIGHT_SHOULDER,0.011329031064284142,-0.3891583291745605,0.9995149374008179,0.5271203443408012,0.4950021505355835,0.45791186193861144
00119,/Users/nikko/Downloads/moi-main/project_root/data/temp_frames/video10/frame_00119.png,"[683, 112, 2045, 1357]",LEFT_HIP,-0.17835064539659404,0.35404541228921754,0.9997808337211609,0.5271203443408012,0.4950021505355835,0.45791186193861144
00119,/Users/nikko/Downloads/moi-main/project_root/data/temp_frames/video10/frame_00119.png,"[683, 112, 2045, 1357]",RIGHT_HIP,-0.49141928387586564,0.24006733601283553,0.9998111128807068,0.5271203443408012,0.4950021505355835,0.45791186193861144
00119,/Users/nikko/Downloads/moi-main/project_root/data/temp_frames/video10/frame_00119.png,"[683, 112, 2045, 1357]",LEFT_ELBOW,0.6321846844890598,0.381517248104692,0.6186877489089966,0.5271203443408012,0.4950021505355835,0.45791186193861144
00119,/Users/nikko/Downloads/moi-main/project_root/data/temp_frames/video10/frame_00119.png,"[683, 112, 2045, 1357]",RIGHT_ELBOW,-0.2266372923928894,0.3991768957985562,0.9826821088790894,0.5271203443408012,0.4950021505355835,0.45791186193861144
00119,/Users/nikko/Downloads/moi-main/project_root/data/temp_frames/video10/frame_00119.png,"[683, 112, 2045, 1357]",LEFT_WRIST,0.6669917758989349,0.987118204456904,0.6487449407577515,0.5271203443408012,0.4950021505355835,0.45791186193861144
00119,/Users/nikko/Downloads/moi-main/project_root/data/temp_frames/video10/frame_00119.png,"[683, 112, 2045, 1357]",RIGHT_WRIST,-0.21177055566492334,1.0118962508640752,0.9935907125473022,0.5271203443408012,0.4950021505355835,0.45791186193861144
00119,/Users/nikko/Downloads/moi-main/project_root/data/temp_frames/video10/frame_00119.png,"[683, 112, 2045, 1357]",RIGHT_ANKLE,-0.9930042709885518,0.713939061559622,0.7107551097869873,0.5271203443408012,0.4950021505355835,0.45791186193861144
00119,/Users/nikko/Downloads/moi-main/project_root/data/temp_frames/video10/frame_00119.png,"[683, 112, 2045, 1357]",LEFT_EYE,0.892305945189059,-0.5961458466454038,0.9195716977119446,0.5271203443408012,0.4950021505355835,0.45791186193861144
00119,/Users/nikko/Downloads/moi-main/project_root/data/temp_frames/video10/frame_00119.png,"[683, 112, 2045, 1357]",RIGHT_EYE,0.8226420388827677,-0.6046956504650532,0.9665232300758362,0.5271203443408012,0.4950021505355835,0.45791186193861144
00120,/Users/nikko/Downloads/moi-main/project_root/data/temp_frames/video10/frame_00120.png,"[676, 146, 2035, 1349]",LEFT_SHOULDER,0.6576265509705891,-0.20874815335354563,0.9996967315673828,0.5379327908158302,0.49480724334716797,0.46321456335891087
00120,/Users/nikko/Downloads/moi-main/project_root/data/temp_frames/video10/frame_00120.png,"[676, 146, 2035, 1349]",RIGHT_SHOULDER,0.007346681667068268,-0.3874131206323879,0.9991451501846313,0.5379327908158302,0.49480724334716797,0.46321456335891087
00120,/Users/nikko/Downloads/moi-main/project_root/data/temp_frames/video10/frame_00120.png,"[676, 146, 2035, 1349]",LEFT_HIP,-0.18048279066767667,0.36596268561874695,0.9997288584709167,0.5379327908158302,0.49480724334716797,0.46321456335891087
00120,/Users/nikko/Downloads/moi-main/project_root/data/temp_frames/video10/frame_00120.png,"[676, 146, 2035, 1349]",RIGHT_HIP,-0.48449044196998065,0.2301985883671866,0.9997416138648987,0.5379327908158302,0.49480724334716797,0.46321456335891087
00120,/Users/nikko/Downloads/moi-main/project_root/data/temp_frames/video10/frame_00120.png,"[676, 146, 2035, 1349]",LEFT_ELBOW,0.6272866560707905,0.37594383356109945,0.7034527063369751,0.5379327908158302,0.49480724334716797,0.46321456335891087
00120,/Users/nikko/Downloads/moi-main/project_root/data/temp_frames/video10/frame_00120.png,"[676, 146, 2035, 1349]",RIGHT_ELBOW,-0.26512702483946116,0.40543896984598543,0.9787388443946838,0.5379327908158302,0.49480724334716797,0.46321456335891087
00120,/Users/nikko/Downloads/moi-main/project_root/data/temp_frames/video10/frame_00120.png,"[676, 146, 2035, 1349]",LEFT_WRIST,0.6925430688188413,0.9670777322104546,0.7076072692871094,0.5379327908158302,0.49480724334716797,0.46321456335891087
00120,/Users/nikko/Downloads/moi-main/project_root/data/temp_frames/video10/frame_00120.png,"[676, 146, 2035, 1349]",RIGHT_WRIST,-0.2533470493179508,1.037757971367825,0.9864751696586609,0.5379327908158302,0.49480724334716797,0.46321456335891087
00120,/Users/nikko/Downloads/moi-main/project_root/data/temp_frames/video10/frame_00120.png,"[676, 146, 2035, 1349]",RIGHT_KNEE,-0.8058963891325038,0.5677314471561674,0.6021175384521484,0.5379327908158302,0.49480724334716797,0.46321456335891087
00120,/Users/nikko/Downloads/moi-main/project_root/data/temp_frames/video10/frame_00120.png,"[676, 146, 2035, 1349]",RIGHT_ANKLE,-0.9819773150838484,0.6956546660833253,0.7966225147247314,0.5379327908158302,0.49480724334716797,0.46321456335891087
00120,/Users/nikko/Downloads/moi-main/project_root/data/temp_frames/video10/frame_00120.png,"[676, 146, 2035, 1349]",LEFT_EYE,0.8840019149712434,-0.5912882778036951,0.9536859393119812,0.5379327908158302,0.49480724334716797,0.46321456335891087
00120,/Users/nikko/Downloads/moi-main/project_root/data/temp_frames/video10/frame_00120.png,"[676, 146, 2035, 1349]",RIGHT_EYE,0.808741964638952,-0.6037275575069508,0.979164183139801,0.5379327908158302,0.49480724334716797,0.46321456335891087
00121,/Users/nikko/Downloads/moi-main/project_root/data/temp_frames/video10/frame_00121.png,"[678, 163, 2042, 1349]",LEFT_SHOULDER,0.6663754240112764,-0.20186994110287246,0.9994019269943237,0.5260785296559334,0.5092448070645332,0.4676512716819362
00121,/Users/nikko/Downloads/moi-main/project_root/data/temp_frames/video10/frame_00121.png,"[678, 163, 2042, 1349]",RIGHT_SHOULDER,0.028180101494371192,-0.37946714674321624,0.9978563189506531,0.5260785296559334,0.5092448070645332,0.4676512716819362
00121,/Users/nikko/Downloads/moi-main/project_root/data/temp_frames/video10/frame_00121.png,"[678, 163, 2042, 1349]",LEFT_HIP,-0.2099785214181306,0.354762704163312,0.9983909130096436,0.5260785296559334,0.5092448070645332,0.4676512716819362
00121,/Users/nikko/Downloads/moi-main/project_root/data/temp_frames/video10/frame_00121.png,"[678, 163, 2042, 1349]",RIGHT_HIP,-0.484577004087517,0.22657438368277674,0.9982339143753052,0.5260785296559334,0.5092448070645332,0.4676512716819362
00121,/Users/nikko/Downloads/moi-main/project_root/data/temp_frames/video10/frame_00121.png,"[678, 163, 2042, 1349]",LEFT_ELBOW,0.6219546941746905,0.3702102895420398,0.7345157265663147,0.5260785296559334,0.5092448070645332,0.4676512716819362
00121,/Users/nikko/Downloads/moi-main/project_root/data/temp_frames/video10/frame_00121.png,"[678, 163, 2042, 1349]",RIGHT_ELBOW,-0.28154870119614295,0.3782130819376251,0.9779726266860962,0.5260785296559334,0.5092448070645332,0.4676512716819362
00121,/Users/nikko/Downloads/moi-main/project_root/data/temp_frames/video10/frame_00121.png,"[678, 163, 2042, 1349]",LEFT_WRIST,0.6855872749558074,0.935055582396269,0.7579935789108276,0.5260785296559334,0.5092448070645332,0.4676512716819362
00121,/Users/nikko/Downloads/moi-main/project_root/data/temp_frames/video10/frame_00121.png,"[678, 163, 2042, 1349]",RIGHT_WRIST,-0.19867992550343774,0.992108664395037,0.9845975637435913,0.5260785296559334,0.5092448070645332,0.4676512716819362
00121,/Users/nikko/Downloads/moi-main/project_root/data/temp_frames/video10/frame_00121.png,"[678, 163, 2042, 1349]",RIGHT_KNEE,-0.7751236529242035,0.5601818140392915,0.6602036356925964,0.5260785296559334,0.5092448070645332,0.4676512716819362
00121,/Users/nikko/Downloads/moi-main/project_root/data/temp_frames/video10/frame_00121.png,"[678, 163, 2042, 1349]",RIGHT_ANKLE,-0.952705006308512,0.6603321297808112,0.7782989740371704,0.5260785296559334,0.5092448070645332,0.4676512716819362
00121,/Users/nikko/Downloads/moi-main/project_root/data/temp_frames/video10/frame_00121.png,"[678, 163, 2042, 1349]",LEFT_EYE,0.9022689746171936,-0.5831235813395632,0.842214822769165,0.5260785296559334,0.5092448070645332,0.4676512716819362
00121,/Users/nikko/Downloads/moi-main/project_root/data/temp_frames/video10/frame_00121.png,"[678, 163, 2042, 1349]",RIGHT_EYE,0.8386905623491621,-0.5933564595550462,0.9110429883003235,0.5260785296559334,0.5092448070645332,0.4676512716819362
00122,/Users/nikko/Downloads/moi-main/project_root/data/temp_frames/video10/frame_00122.png,"[673, 191, 2058, 1352]",LEFT_SHOULDER,0.6663732422499246,-0.16299380377740086,0.9997734427452087,0.5285825431346893,0.5134759619832039,0.4594947267683023
00122,/Users/nikko/Downloads/moi-main/project_root/data/temp_frames/video10/frame_00122.png,"[673, 191, 2058, 1352]",RIGHT_SHOULDER,0.02301978553389763,-0.40487242265453716,0.9988710284233093,0.5285825431346893,0.5134759619832039,0.4594947267683023
00122,/Users/nikko/Downloads/moi-main/project_root/data/temp_frames/video10/frame_00122.png,"[673, 191, 2058, 1352]",LEFT_HIP,-0.2111052113219006,0.35513462955634617,0.999021053314209,0.5285825431346893,0.5134759619832039,0.4594947267683023
00122,/Users/nikko/Downloads/moi-main/project_root/data/temp_frames/video10/frame_00122.png,"[673, 191, 2058, 1352]",RIGHT_HIP,-0.4782878164619216,0.21273159687559182,0.9988653659820557,0.5285825431346893,0.5134759619832039,0.4594947267683023
00122,/Users/nikko/Downloads/moi-main/project_root/data/temp_frames/video10/frame_00122.png,"[673, 191, 2058, 1352]",LEFT_ELBOW,0.6010237498511203,0.39735608691768426,0.8457702398300171,0.5285825431346893,0.5134759619832039,0.4594947267683023
00122,/Users/nikko/Downloads/moi-main/project_root/data/temp_frames/video10/frame_00122.png,"[673, 191, 2058, 1352]",RIGHT_ELBOW,-0.3311142171328856,0.3297858257937815,0.988004744052887,0.5285825431346893,0.5134759619832039,0.4594947267683023
00122,/Users/nikko/Downloads/moi-main/project_root/data/temp_frames/video10/frame_00122.png,"[673, 191, 2058, 1352]",LEFT_WRIST,0.6414979084550357,0.9493160897855547,0.9100375771522522,0.5285825431346893,0.5134759619832039,0.4594947267683023
00122,/Users/nikko/Downloads/moi-main/project_root/data/temp_frames/video10/frame_00122.png,"[673, 191, 2058, 1352]",RIGHT_WRIST,-0.2311829323073406,0.9800799630825372,0.992167055606842,0.5285825431346893,0.5134759619832039,0.4594947267683023
00122,/Users/nikko/Downloads/moi-main/project_root/data/temp_frames/video10/frame_00122.png,"[673, 191, 2058, 1352]",RIGHT_KNEE,-0.7947512188929768,0.5445981123858844,0.7126137614250183,0.5285825431346893,0.5134759619832039,0.4594947267683023
00122,/Users/nikko/Downloads/moi-main/project_root/data/temp_frames/video10/frame_00122.png,"[673, 191, 2058, 1352]",RIGHT_ANKLE,-0.9776480624242502,0.6693671777034026,0.7932264804840088,0.5285825431346893,0.5134759619832039,0.4594947267683023
00122,/Users/nikko/Downloads/moi-main/project_root/data/temp_frames/video10/frame_00122.png,"[673, 191, 2058, 1352]",LEFT_EYE,0.9069041580505767,-0.5665794096475298,0.9325135946273804,0.5285825431346893,0.5134759619832039,0.4594947267683023
00122,/Users/nikko/Downloads/moi-main/project_root/data/temp_frames/video10/frame_00122.png,"[673, 191, 2058, 1352]",RIGHT_EYE,0.8390665485421863,-0.5736441004364499,0.9603170156478882,0.5285825431346893,0.5134759619832039,0.4594947267683023
00123,/Users/nikko/Downloads/moi-main/project_root/data/temp_frames/video10/frame_00123.png,"[659, 212, 2075, 1356]",LEFT_SHOULDER,0.6697932644436997,-0.13774921699450707,0.9998846054077148,0.537063479423523,0.5120321735739708,0.43437575309256204
00123,/Users/nikko/Downloads/moi-main/project_root/data/temp_frames/video10/frame_00123.png,"[659, 212, 2075, 1356]",RIGHT_SHOULDER,0.029329070692701527,-0.4086986666858431,0.999693751335144,0.537063479423523,0.5120321735739708,0.43437575309256204
00123,/Users/nikko/Downloads/moi-main/project_root/data/temp_frames/video10/frame_00123.png,"[659, 212, 2075, 1356]",LEFT_HIP,-0.21649096710982685,0.3538067433094833,0.9998143315315247,0.537063479423523,0.5120321735739708,0.43437575309256204
00123,/Users/nikko/Downloads/moi-main/project_root/data/temp_frames/video10/frame_00123.png,"[659, 212, 2075, 1356]",RIGHT_HIP,-0.48263136802657436,0.19264114037086683,0.9998326301574707,0.537063479423523,0.5120321735739708,0.43437575309256204
00123,/Users/nikko/Downloads/moi-main/project_root/data/temp_frames/video10/frame_00123.png,"[659, 212, 2075, 1356]",LEFT_ELBOW,0.5835244470071191,0.4135373890882547,0.7101077437400818,0.537063479423523,0.5120321735739708,0.43437575309256204
00123,/Users/nikko/Downloads/moi-main/project_root/data/temp_frames/video10/frame_00123.png,"[659, 212, 2075, 1356]",RIGHT_ELBOW,-0.39825240048222327,0.31163396596129606,0.9924184083938599,0.537063479423523,0.5120321735739708,0.43437575309256204
00123,/Users/nikko/Downloads/moi-main/project_root/data/temp_frames/video10/frame_00123.png,"[659, 212, 2075, 1356]",LEFT_WRIST,0.624780738065221,1.0065188384350043,0.8277919888496399,0.537063479423523,0.5120321735739708,0.43437575309256204
00123,/Users/nikko/Downloads/moi-main/project_root/data/temp_frames/video10/frame_00123.png,"[659, 212, 2075, 1356]",RIGHT_WRIST,-0.2788104568161166,1.0416628424283418,0.9967294931411743,0.537063479423523,0.5120321735739708,0.43437575309256204
00123,/Users/nikko/Downloads/moi-main/project_root/data/temp_frames/video10/frame_00123.png,"[659, 212, 2075, 1356]",RIGHT_KNEE,-0.8226879182315392,0.567886359382378,0.7291191816329956,0.537063479423523,0.5120321735739708,0.43437575309256204
00123,/Users/nikko/Downloads/moi-main/project_root/data/temp_frames/video10/frame_00123.png,"[659, 212, 2075, 1356]",RIGHT_ANKLE,-1.0505104719496638,0.6835990998884832,0.8268380761146545,0.537063479423523,0.5120321735739708,0.43437575309256204
00123,/Users/nikko/Downloads/moi-main/project_root/data/temp_frames/video10/frame_00123.png,"[659, 212, 2075, 1356]",LEFT_EYE,0.9261933056036844,-0.5347100428090513,0.9649801254272461,0.537063479423523,0.5120321735739708,0.43437575309256204
00123,/Users/nikko/Downloads/moi-main/project_root/data/temp_frames/video10/frame_00123.png,"[659, 212, 2075, 1356]",RIGHT_EYE,0.8609017190565347,-0.5451622265858497,0.9834405183792114,0.537063479423523,0.5120321735739708,0.43437575309256204
00124,/Users/nikko/Downloads/moi-main/project_root/data/temp_frames/video10/frame_00124.png,"[659, 212, 2075, 1356]",LEFT_SHOULDER,0.6701211660218253,-0.14069108463240965,0.9998819828033447,0.5366670563817024,0.5114893540740013,0.43436634742509217
00124,/Users/nikko/Downloads/moi-main/project_root/data/temp_frames/video10/frame_00124.png,"[659, 212, 2075, 1356]",RIGHT_SHOULDER,0.029180802690224963,-0.40682455545075463,0.9996981620788574,0.5366670563817024,0.5114893540740013,0.43436634742509217
00124,/Users/nikko/Downloads/moi-main/project_root/data/temp_frames/video10/frame_00124.png,"[659, 212, 2075, 1356]",LEFT_HIP,-0.216565106469551,0.3542209935204223,0.9998214840888977,0.5366670563817024,0.5114893540740013,0.43436634742509217
00124,/Users/nikko/Downloads/moi-main/project_root/data/temp_frames/video10/frame_00124.png,"[659, 212, 2075, 1356]",RIGHT_HIP,-0.48273686224249923,0.19329464656274198,0.999840259552002,0.5366670563817024,0.5114893540740013,0.43436634742509217
00124,/Users/nikko/Downloads/moi-main/project_root/data/temp_frames/video10/frame_00124.png,"[659, 212, 2075, 1356]",LEFT_ELBOW,0.5848613954528225,0.40693690601197824,0.6958662271499634,0.5366670563817024,0.5114893540740013,0.43436634742509217
00124,/Users/nikko/Downloads/moi-main/project_root/data/temp_frames/video10/frame_00124.png,"[659, 212, 2075, 1356]",RIGHT_ELBOW,-0.3971593539947016,0.317314571727042,0.9922692775726318,0.5366670563817024,0.5114893540740013,0.43436634742509217
00124,/Users/nikko/Downloads/moi-main/project_root/data/temp_frames/video10/frame_00124.png,"[659, 212, 2075, 1356]",LEFT_WRIST,0.6245134934349329,1.0034601353449926,0.8139611482620239,0.5366670563817024,0.5114893540740013,0.43436634742509217
00124,/Users/nikko/Downloads/moi-main/project_root/data/temp_frames/video10/frame_00124.png,"[659, 212, 2075, 1356]",RIGHT_WRIST,-0.275345959547318,1.0479745597837709,0.9967672824859619,0.5366670563817024,0.5114893540740013,0.43436634742509217
00124,/Users/nikko/Downloads/moi-main/project_root/data/temp_frames/video10/frame_00124.png,"[659, 212, 2075, 1356]",RIGHT_KNEE,-0.8208329087026904,0.56672650542868,0.7207528948783875,0.5366670563817024,0.5114893540740013,0.43436634742509217
00124,/Users/nikko/Downloads/moi-main/project_root/data/temp_frames/video10/frame_00124.png,"[659, 212, 2075, 1356]",RIGHT_ANKLE,-1.0475412811308689,0.6837822738508017,0.8271030187606812,0.5366670563817024,0.5114893540740013,0.43436634742509217
00124,/Users/nikko/Downloads/moi-main/project_root/data/temp_frames/video10/frame_00124.png,"[659, 212, 2075, 1356]",LEFT_EYE,0.9273425443522215,-0.5327908383071408,0.9607917070388794,0.5366670563817024,0.5114893540740013,0.43436634742509217
00124,/Users/nikko/Downloads/moi-main/project_root/data/temp_frames/video10/frame_00124.png,"[659, 212, 2075, 1356]",RIGHT_EYE,0.8625154128883367,-0.5425526783986035,0.9816710948944092,0.5366670563817024,0.5114893540740013,0.43436634742509217
00125,/Users/nikko/Downloads/moi-main/project_root/data/temp_frames/video10/frame_00125.png,"[655, 270, 2089, 1353]",LEFT_SHOULDER,0.6722504114829947,-0.13497881505374043,0.9999289512634277,0.5442460998892784,0.5034010857343674,0.4143461115828785
00125,/Users/nikko/Downloads/moi-main/project_root/data/temp_frames/video10/frame_00125.png,"[655, 270, 2089, 1353]",RIGHT_SHOULDER,0.009125648818266078,-0.4074527816721408,0.9995538592338562,0.5442460998892784,0.5034010857343674,0.4143461115828785
00125,/Users/nikko/Downloads/moi-main/project_root/data/temp_frames/video10/frame_00125.png,"[655, 270, 2089, 1353]",LEFT_HIP,-0.19269575983756046,0.36413151503787367,0.9998843669891357,0.5442460998892784,0.5034010857343674,0.4143461115828785
00125,/Users/nikko/Downloads/moi-main/project_root/data/temp_frames/video10/frame_00125.png,"[655, 270, 2089, 1353]",RIGHT_HIP,-0.4886803004637003,0.1783000816880075,0.9998661279678345,0.5442460998892784,0.5034010857343674,0.4143461115828785
00125,/Users/nikko/Downloads/moi-main/project_root/data/temp_frames/video10/frame_00125.png,"[655, 270, 2089, 1353]",LEFT_ELBOW,0.5724051133168078,0.42516848120009604,0.6945226788520813,0.5442460998892784,0.5034010857343674,0.4143461115828785
00125,/Users/nikko/Downloads/moi-main/project_root/data/temp_frames/video10/frame_00125.png,"[655, 270, 2089, 1353]",RIGHT_ELBOW,-0.46065794264412835,0.30448862159980855,0.9821433424949646,0.5442460998892784,0.5034010857343674,0.4143461115828785
00125,/Users/nikko/Downloads/moi-main/project_root/data/temp_frames/video10/frame_00125.png,"[655, 270, 2089, 1353]",LEFT_WRIST,0.6226389149437411,1.065877457852875,0.8119692206382751,0.5442460998892784,0.5034010857343674,0.4143461115828785
00125,/Users/nikko/Downloads/moi-main/project_root/data/temp_frames/video10/frame_00125.png,"[655, 270, 2089, 1353]",RIGHT_WRIST,-0.32497148212053856,1.1158951933120564,0.9859212040901184,0.5442460998892784,0.5034010857343674,0.4143461115828785
00125,/Users/nikko/Downloads/moi-main/project_root/data/temp_frames/video10/frame_00125.png,"[655, 270, 2089, 1353]",RIGHT_KNEE,-0.853160261756459,0.5677885510795849,0.7245950102806091,0.5442460998892784,0.5034010857343674,0.4143461115828785
00125,/Users/nikko/Downloads/moi-main/project_root/data/temp_frames/video10/frame_00125.png,"[655, 270, 2089, 1353]",RIGHT_ANKLE,-1.081400506546151,0.6883913058423791,0.8216160535812378,0.5442460998892784,0.5034010857343674,0.4143461115828785
00125,/Users/nikko/Downloads/moi-main/project_root/data/temp_frames/video10/frame_00125.png,"[655, 270, 2089, 1353]",LEFT_EYE,0.9557815858139477,-0.5309135221791506,0.9664548635482788,0.5442460998892784,0.5034010857343674,0.4143461115828785
00125,/Users/nikko/Downloads/moi-main/project_root/data/temp_frames/video10/frame_00125.png,"[655, 270, 2089, 1353]",RIGHT_EYE,0.8824203608036473,-0.5432869785168233,0.9798974394798279,0.5442460998892784,0.5034010857343674,0.4143461115828785
00126,/Users/nikko/Downloads/moi-main/project_root/data/temp_frames/video10/frame_00126.png,"[655, 315, 2110, 1351]",LEFT_SHOULDER,0.6675459006239596,-0.12746992897997875,0.9999444484710693,0.5382196679711342,0.5084703117609024,0.3975266593947958
00126,/Users/nikko/Downloads/moi-main/project_root/data/temp_frames/video10/frame_00126.png,"[655, 315, 2110, 1351]",RIGHT_SHOULDER,0.02456257011737861,-0.4059359992574779,0.9995206594467163,0.5382196679711342,0.5084703117609024,0.3975266593947958
00126,/Users/nikko/Downloads/moi-main/project_root/data/temp_frames/video10/frame_00126.png,"[655, 315, 2110, 1351]",LEFT_HIP,-0.20025227176038257,0.3655516500830107,0.999737560749054,0.5382196679711342,0.5084703117609024,0.3975266593947958
00126,/Users/nikko/Downloads/moi-main/project_root/data/temp_frames/video10/frame_00126.png,"[655, 315, 2110, 1351]",RIGHT_HIP,-0.4918561989809557,0.16785427815444595,0.999685525894165,0.5382196679711342,0.5084703117609024,0.3975266593947958
00126,/Users/nikko/Downloads/moi-main/project_root/data/temp_frames/video10/frame_00126.png,"[655, 315, 2110, 1351]",LEFT_ELBOW,0.5939798093289382,0.42150983587250046,0.8055189251899719,0.5382196679711342,0.5084703117609024,0.3975266593947958
00126,/Users/nikko/Downloads/moi-main/project_root/data/temp_frames/video10/frame_00126.png,"[655, 315, 2110, 1351]",RIGHT_ELBOW,-0.4978949065978514,0.26151470901156043,0.989385187625885,0.5382196679711342,0.5084703117609024,0.3975266593947958
00126,/Users/nikko/Downloads/moi-main/project_root/data/temp_frames/video10/frame_00126.png,"[655, 315, 2110, 1351]",LEFT_WRIST,0.6626124663983647,1.0908640913624925,0.9211313724517822,0.5382196679711342,0.5084703117609024,0.3975266593947958
00126,/Users/nikko/Downloads/moi-main/project_root/data/temp_frames/video10/frame_00126.png,"[655, 315, 2110, 1351]",RIGHT_WRIST,-0.36513375208386134,1.1257930695718792,0.9923757910728455,0.5382196679711342,0.5084703117609024,0.3975266593947958
00126,/Users/nikko/Downloads/moi-main/project_root/data/temp_frames/video10/frame_00126.png,"[655, 315, 2110, 1351]",RIGHT_KNEE,-0.9018170412094757,0.6227313678484281,0.9290477633476257,0.5382196679711342,0.5084703117609024,0.3975266593947958
00126,/Users/nikko/Downloads/moi-main/project_root/data/temp_frames/video10/frame_00126.png,"[655, 315, 2110, 1351]",RIGHT_ANKLE,-1.1375639350602302,0.699320224058138,0.9492339491844177,0.5382196679711342,0.5084703117609024,0.3975266593947958
00126,/Users/nikko/Downloads/moi-main/project_root/data/temp_frames/video10/frame_00126.png,"[655, 315, 2110, 1351]",LEFT_EYE,0.9898772977673648,-0.5039350573750796,0.9843302369117737,0.5382196679711342,0.5084703117609024,0.3975266593947958
00126,/Users/nikko/Downloads/moi-main/project_root/data/temp_frames/video10/frame_00126.png,"[655, 315, 2110, 1351]",RIGHT_EYE,0.9213671406451258,-0.5116259399222806,0.9902584552764893,0.5382196679711342,0.5084703117609024,0.3975266593947958
00127,/Users/nikko/Downloads/moi-main/project_root/data/temp_frames/video10/frame_00127.png,"[661, 375, 2119, 1359]",LEFT_SHOULDER,0.6695671169560998,-0.10296765017577954,0.9999649524688721,0.5396187156438828,0.4943859204649925,0.3886705012132602
00127,/Users/nikko/Downloads/moi-main/project_root/data/temp_frames/video10/frame_00127.png,"[661, 375, 2119, 1359]",RIGHT_SHOULDER,0.030491193879967824,-0.40701926626985974,0.9997053742408752,0.5396187156438828,0.4943859204649925,0.3886705012132602
00127,/Users/nikko/Downloads/moi-main/project_root/data/temp_frames/video10/frame_00127.png,"[661, 375, 2119, 1359]",LEFT_HIP,-0.20382298574426716,0.36676916050157865,0.9999154806137085,0.5396187156438828,0.4943859204649925,0.3886705012132602
00127,/Users/nikko/Downloads/moi-main/project_root/data/temp_frames/video10/frame_00127.png,"[661, 375, 2119, 1359]",RIGHT_HIP,-0.4962353250918005,0.1432177559440606,0.9998995065689087,0.5396187156438828,0.4943859204649925,0.3886705012132602
00127,/Users/nikko/Downloads/moi-main/project_root/data/temp_frames/video10/frame_00127.png,"[661, 375, 2119, 1359]",LEFT_ELBOW,0.5930148051649144,0.45320107472819066,0.6980533003807068,0.5396187156438828,0.4943859204649925,0.3886705012132602
00127,/Users/nikko/Downloads/moi-main/project_root/data/temp_frames/video10/frame_00127.png,"[661, 375, 2119, 1359]",RIGHT_ELBOW,-0.5383426774210124,0.268972398669537,0.9829596281051636,0.5396187156438828,0.4943859204649925,0.3886705012132602
00127,/Users/nikko/Downloads/moi-main/project_root/data/temp_frames/video10/frame_00127.png,"[661, 375, 2119, 1359]",LEFT_WRIST,0.6512023709733042,1.1162235665747042,0.8671460747718811,0.5396187156438828,0.4943859204649925,0.3886705012132602
00127,/Users/nikko/Downloads/moi-main/project_root/data/temp_frames/video10/frame_00127.png,"[661, 375, 2119, 1359]",RIGHT_WRIST,-0.3791378904548127,1.12603247226017,0.9893286824226379,0.5396187156438828,0.4943859204649925,0.3886705012132602
00127,/Users/nikko/Downloads/moi-main/project_root/data/temp_frames/video10/frame_00127.png,"[661, 375, 2119, 1359]",RIGHT_KNEE,-0.9538987104344571,0.6570819137239171,0.8584873676300049,0.5396187156438828,0.4943859204649925,0.3886705012132602
00127,/Users/nikko/Downloads/moi-main/project_root/data/temp_frames/video10/frame_00127.png,"[661, 375, 2119, 1359]",RIGHT_ANKLE,-1.1777209211163508,0.7332244604047001,0.8909590840339661,0.5396187156438828,0.4943859204649925,0.3886705012132602
00127,/Users/nikko/Downloads/moi-main/project_root/data/temp_frames/video10/frame_00127.png,"[661, 375, 2119, 1359]",LEFT_EYE,1.018695578910559,-0.4541447076494422,0.9876376390457153,0.5396187156438828,0.4943859204649925,0.3886705012132602
00127,/Users/nikko/Downloads/moi-main/project_root/data/temp_frames/video10/frame_00127.png,"[661, 375, 2119, 1359]",RIGHT_EYE,0.9463274105595763,-0.46520529852618975,0.9926175475120544,0.5396187156438828,0.4943859204649925,0.3886705012132602
00128,/Users/nikko/Downloads/moi-main/project_root/data/temp_frames/video10/frame_00128.png,"[667, 423, 2142, 1358]",LEFT_SHOULDER,0.7018760666225793,-0.13562895653882104,0.9998728036880493,0.5171403810381889,0.5119948610663414,0.40630498991322644
00128,/Users/nikko/Downloads/moi-main/project_root/data/temp_frames/video10/frame_00128.png,"[667, 423, 2142, 1358]",RIGHT_SHOULDER,0.017488331524212856,-0.3650071257932978,0.9994636178016663,0.5171403810381889,0.5119948610663414,0.40630498991322644
00128,/Users/nikko/Downloads/moi-main/project_root/data/temp_frames/video10/frame_00128.png,"[667, 423, 2142, 1358]",LEFT_HIP,-0.2133803022974042,0.3600963311081438,0.9997965693473816,0.5171403810381889,0.5119948610663414,0.40630498991322644
00128,/Users/nikko/Downloads/moi-main/project_root/data/temp_frames/video10/frame_00128.png,"[667, 423, 2142, 1358]",RIGHT_HIP,-0.505984095849388,0.14053975122397497,0.9998121857643127,0.5171403810381889,0.5119948610663414,0.40630498991322644
00128,/Users/nikko/Downloads/moi-main/project_root/data/temp_frames/video10/frame_00128.png,"[667, 423, 2142, 1358]",RIGHT_ELBOW,-0.5084163697197803,0.23593799207852373,0.9627422094345093,0.5171403810381889,0.5119948610663414,0.40630498991322644
00128,/Users/nikko/Downloads/moi-main/project_root/data/temp_frames/video10/frame_00128.png,"[667, 423, 2142, 1358]",LEFT_WRIST,0.6284027649296405,1.016210276106249,0.6208845973014832,0.5171403810381889,0.5119948610663414,0.40630498991322644
00128,/Users/nikko/Downloads/moi-main/project_root/data/temp_frames/video10/frame_00128.png,"[667, 423, 2142, 1358]",RIGHT_WRIST,-0.29839949656165166,1.0456096896930918,0.9799368381500244,0.5171403810381889,0.5119948610663414,0.40630498991322644
00128,/Users/nikko/Downloads/moi-main/project_root/data/temp_frames/video10/frame_00128.png,"[667, 423, 2142, 1358]",RIGHT_KNEE,-0.8600269733332513,0.589817850000356,0.6281243562698364,0.5171403810381889,0.5119948610663414,0.40630498991322644
00128,/Users/nikko/Downloads/moi-main/project_root/data/temp_frames/video10/frame_00128.png,"[667, 423, 2142, 1358]",RIGHT_ANKLE,-1.0851675141705333,0.5865529110824156,0.7189562320709229,0.5171403810381889,0.5119948610663414,0.40630498991322644
00128,/Users/nikko/Downloads/moi-main/project_root/data/temp_frames/video10/frame_00128.png,"[667, 423, 2142, 1358]",LEFT_EYE,1.0174047748993533,-0.3860867837702755,0.9605731964111328,0.5171403810381889,0.5119948610663414,0.40630498991322644
00128,/Users/nikko/Downloads/moi-main/project_root/data/temp_frames/video10/frame_00128.png,"[667, 423, 2142, 1358]",RIGHT_EYE,0.9407395905241468,-0.42177952262267304,0.9791253209114075,0.5171403810381889,0.5119948610663414,0.40630498991322644
00129,/Users/nikko/Downloads/moi-main/project_root/data/temp_frames/video10/frame_00129.png,"[674, 461, 2153, 1358]",LEFT_SHOULDER,0.6600993631746157,-0.10184342988319937,0.9997612833976746,0.5202253088355064,0.5231402739882469,0.4170281799823221
00129,/Users/nikko/Downloads/moi-main/project_root/data/temp_frames/video10/frame_00129.png,"[674, 461, 2153, 1358]",RIGHT_SHOULDER,0.05258827218476107,-0.40734011378916785,0.999468982219696,0.5202253088355064,0.5231402739882469,0.4170281799823221
00129,/Users/nikko/Downloads/moi-main/project_root/data/temp_frames/video10/frame_00129.png,"[674, 461, 2153, 1358]",LEFT_HIP,-0.22517897449706464,0.37254582380085155,0.9996457099914551,0.5202253088355064,0.5231402739882469,0.4170281799823221
00129,/Users/nikko/Downloads/moi-main/project_root/data/temp_frames/video10/frame_00129.png,"[674, 461, 2153, 1358]",RIGHT_HIP,-0.48750866086231215,0.13663771987151566,0.9997265934944153,0.5202253088355064,0.5231402739882469,0.4170281799823221
00129,/Users/nikko/Downloads/moi-main/project_root/data/temp_frames/video10/frame_00129.png,"[674, 461, 2153, 1358]",RIGHT_ELBOW,-0.5300694329416613,0.16735662114140928,0.9758732318878174,0.5202253088355064,0.5231402739882469,0.4170281799823221
00129,/Users/nikko/Downloads/moi-main/project_root/data/temp_frames/video10/frame_00129.png,"[674, 461, 2153, 1358]",RIGHT_WRIST,-0.33926377440997585,0.9870844993033054,0.9870775938034058,0.5202253088355064,0.5231402739882469,0.4170281799823221
00129,/Users/nikko/Downloads/moi-main/project_root/data/temp_frames/video10/frame_00129.png,"[674, 461, 2153, 1358]",RIGHT_KNEE,-0.8518051768296584,0.5586391030860067,0.5639380812644958,0.5202253088355064,0.5231402739882469,0.4170281799823221
00129,/Users/nikko/Downloads/moi-main/project_root/data/temp_frames/video10/frame_00129.png,"[674, 461, 2153, 1358]",RIGHT_ANKLE,-1.065111569048209,0.5456834725434992,0.6367754340171814,0.5202253088355064,0.5231402739882469,0.4170281799823221
00129,/Users/nikko/Downloads/moi-main/project_root/data/temp_frames/video10/frame_00129.png,"[674, 461, 2153, 1358]",LEFT_EYE,0.9785731881575574,-0.30707593946585177,0.9705473780632019,0.5202253088355064,0.5231402739882469,0.4170281799823221
00129,/Users/nikko/Downloads/moi-main/project_root/data/temp_frames/video10/frame_00129.png,"[674, 461, 2153, 1358]",RIGHT_EYE,0.899237191670878,-0.34943525574234735,0.9869647026062012,0.5202253088355064,0.5231402739882469,0.4170281799823221
00130,/Users/nikko/Downloads/moi-main/project_root/data/temp_frames/video10/frame_00130.png,"[667, 530, 2176, 1361]",LEFT_SHOULDER,0.6459068012139535,-0.15497397901857576,0.9998279809951782,0.5200649723410606,0.5211008191108704,0.4046667626482865
00130,/Users/nikko/Downloads/moi-main/project_root/data/temp_frames/video10/frame_00130.png,"[667, 530, 2176, 1361]",RIGHT_SHOULDER,0.05091815789305613,-0.39803302156164483,0.999632716178894,0.5200649723410606,0.5211008191108704,0.4046667626482865
00130,/Users/nikko/Downloads/moi-main/project_root/data/temp_frames/video10/frame_00130.png,"[667, 530, 2176, 1361]",LEFT_HIP,-0.21686926986492655,0.38674115995633457,0.999710738658905,0.5200649723410606,0.5211008191108704,0.4046667626482865
00130,/Users/nikko/Downloads/moi-main/project_root/data/temp_frames/video10/frame_00130.png,"[667, 530, 2176, 1361]",RIGHT_HIP,-0.4799556892420831,0.16626584062388602,0.9997956156730652,0.5200649723410606,0.5211008191108704,0.4046667626482865
00130,/Users/nikko/Downloads/moi-main/project_root/data/temp_frames/video10/frame_00130.png,"[667, 530, 2176, 1361]",RIGHT_ELBOW,-0.5437415798095186,0.10186411736938965,0.9698593020439148,0.5200649723410606,0.5211008191108704,0.4046667626482865
00130,/Users/nikko/Downloads/moi-main/project_root/data/temp_frames/video10/frame_00130.png,"[667, 530, 2176, 1361]",RIGHT_WRIST,-0.3561387052510903,0.9785644733454124,0.9819836616516113,0.5200649723410606,0.5211008191108704,0.4046667626482865
00130,/Users/nikko/Downloads/moi-main/project_root/data/temp_frames/video10/frame_00130.png,"[667, 530, 2176, 1361]",RIGHT_KNEE,-0.8573417821303796,0.5537969337781894,0.5245463848114014,0.5200649723410606,0.5211008191108704,0.4046667626482865
00130,/Users/nikko/Downloads/moi-main/project_root/data/temp_frames/video10/frame_00130.png,"[667, 530, 2176, 1361]",RIGHT_ANKLE,-1.0870426978463585,0.5268883889082815,0.6264005303382874,0.5200649723410606,0.5211008191108704,0.4046667626482865
00130,/Users/nikko/Downloads/moi-main/project_root/data/temp_frames/video10/frame_00130.png,"[667, 530, 2176, 1361]",LEFT_EYE,0.99712306123516,-0.285088997439057,0.9777249097824097,0.5200649723410606,0.5211008191108704,0.4046667626482865
00130,/Users/nikko/Downloads/moi-main/project_root/data/temp_frames/video10/frame_00130.png,"[667, 530, 2176, 1361]",RIGHT_EYE,0.9209844301031807,-0.3146540480318747,0.9900175929069519,0.5200649723410606,0.5211008191108704,0.4046667626482865
00131,/Users/nikko/Downloads/moi-main/project_root/data/temp_frames/video10/frame_00131.png,"[668, 568, 2172, 1363]",LEFT_SHOULDER,0.6463114151639244,-0.17719836970687355,0.9997732043266296,0.5272940546274185,0.5203317552804947,0.41497433168308023
00131,/Users/nikko/Downloads/moi-main/project_root/data/temp_frames/video10/frame_00131.png,"[668, 568, 2172, 1363]",RIGHT_SHOULDER,0.041827202214900064,-0.39729746613616174,0.999568521976471,0.5272940546274185,0.5203317552804947,0.41497433168308023
00131,/Users/nikko/Downloads/moi-main/project_root/data/temp_frames/video10/frame_00131.png,"[668, 568, 2172, 1363]",LEFT_HIP,-0.21128543005934136,0.37915075092113126,0.9996119141578674,0.5272940546274185,0.5203317552804947,0.41497433168308023
00131,/Users/nikko/Downloads/moi-main/project_root/data/temp_frames/video10/frame_00131.png,"[668, 568, 2172, 1363]",RIGHT_HIP,-0.4768531873194831,0.19534508492190406,0.9997383952140808,0.5272940546274185,0.5203317552804947,0.41497433168308023
00131,/Users/nikko/Downloads/moi-main/project_root/data/temp_frames/video10/frame_00131.png,"[668, 568, 2172, 1363]",RIGHT_ELBOW,-0.5796786366439151,0.06036927148491235,0.9538688659667969,0.5272940546274185,0.5203317552804947,0.41497433168308023
00131,/Users/nikko/Downloads/moi-main/project_root/data/temp_frames/video10/frame_00131.png,"[668, 568, 2172, 1363]",RIGHT_WRIST,-0.3958205440397584,0.9148163550109227,0.9747896790504456,0.5272940546274185,0.5203317552804947,0.41497433168308023
00131,/Users/nikko/Downloads/moi-main/project_root/data/temp_frames/video10/frame_00131.png,"[668, 568, 2172, 1363]",LEFT_EYE,0.9692435017306824,-0.2244373261699344,0.952609658241272,0.5272940546274185,0.5203317552804947,0.41497433168308023
00131,/Users/nikko/Downloads/moi-main/project_root/data/temp_frames/video10/frame_00131.png,"[668, 568, 2172, 1363]",RIGHT_EYE,0.9010211198223048,-0.22337809329855812,0.9805158376693726,0.5272940546274185,0.5203317552804947,0.41497433168308023
00132,/Users/nikko/Downloads/moi-main/project_root/data/temp_frames/video10/frame_00132.png,"[660, 631, 2183, 1359]",LEFT_SHOULDER,0.6120423270596173,-0.14904928069215603,0.999488115310669,0.5226927474141121,0.5173841789364815,0.42481586048988224
00132,/Users/nikko/Downloads/moi-main/project_root/data/temp_frames/video10/frame_00132.png,"[660, 631, 2183, 1359]",RIGHT_SHOULDER,0.05088077761785234,-0.4379670280160557,0.9992038607597351,0.5226927474141121,0.5173841789364815,0.42481586048988224
00132,/Users/nikko/Downloads/moi-main/project_root/data/temp_frames/video10/frame_00132.png,"[660, 631, 2183, 1359]",LEFT_HIP,-0.21403121134344033,0.4125771058861347,0.9993909597396851,0.5226927474141121,0.5173841789364815,0.42481586048988224
00132,/Users/nikko/Downloads/moi-main/project_root/data/temp_frames/video10/frame_00132.png,"[660, 631, 2183, 1359]",RIGHT_HIP,-0.4488918933340293,0.17443920282207706,0.9995917677879333,0.5226927474141121,0.5173841789364815,0.42481586048988224
00132,/Users/nikko/Downloads/moi-main/project_root/data/temp_frames/video10/frame_00132.png,"[660, 631, 2183, 1359]",RIGHT_ELBOW,-0.5304851922632192,0.022521082158323845,0.943926215171814,0.5226927474141121,0.5173841789364815,0.42481586048988224
00132,/Users/nikko/Downloads/moi-main/project_root/data/temp_frames/video10/frame_00132.png,"[660, 631, 2183, 1359]",RIGHT_WRIST,-0.36506974733804765,0.954390458439951,0.9459627866744995,0.5226927474141121,0.5173841789364815,0.42481586048988224
00132,/Users/nikko/Downloads/moi-main/project_root/data/temp_frames/video10/frame_00132.png,"[660, 631, 2183, 1359]",LEFT_EYE,0.9485441457913673,-0.16729417337754793,0.9391931891441345,0.5226927474141121,0.5173841789364815,0.42481586048988224
00132,/Users/nikko/Downloads/moi-main/project_root/data/temp_frames/video10/frame_00132.png,"[660, 631, 2183, 1359]",RIGHT_EYE,0.8829793798050004,-0.18111336192848945,0.9736239910125732,0.5226927474141121,0.5173841789364815,0.42481586048988224
00133,/Users/nikko/Downloads/moi-main/project_root/data/temp_frames/video10/frame_00133.png,"[667, 624, 2198, 1379]",LEFT_SHOULDER,0.6322166552791584,-0.12155574212017774,0.9994276165962219,0.510653555393219,0.5143342390656471,0.4510672435842118
00133,/Users/nikko/Downloads/moi-main/project_root/data/temp_frames/video10/frame_00133.png,"[667, 624, 2198, 1379]",RIGHT_SHOULDER,0.05322139143517575,-0.43664281516036235,0.9989380240440369,0.510653555393219,0.5143342390656471,0.4510672435842118
00133,/Users/nikko/Downloads/moi-main/project_root/data/temp_frames/video10/frame_00133.png,"[667, 624, 2198, 1379]",LEFT_HIP,-0.2383525118063455,0.39860899329760885,0.9994196891784668,0.510653555393219,0.5143342390656471,0.4510672435842118
00133,/Users/nikko/Downloads/moi-main/project_root/data/temp_frames/video10/frame_00133.png,"[667, 624, 2198, 1379]",RIGHT_HIP,-0.44708553490798864,0.15958956398293125,0.9995958209037781,0.510653555393219,0.5143342390656471,0.4510672435842118
00133,/Users/nikko/Downloads/moi-main/project_root/data/temp_frames/video10/frame_00133.png,"[667, 624, 2198, 1379]",RIGHT_ELBOW,-0.5168786437599301,-0.02135399628539658,0.9333339929580688,0.510653555393219,0.5143342390656471,0.4510672435842118
00133,/Users/nikko/Downloads/moi-main/project_root/data/temp_frames/video10/frame_00133.png,"[667, 624, 2198, 1379]",RIGHT_WRIST,-0.32454410073536105,0.8141776215293991,0.9524445533752441,0.510653555393219,0.5143342390656471,0.4510672435842118
00133,/Users/nikko/Downloads/moi-main/project_root/data/temp_frames/video10/frame_00133.png,"[667, 624, 2198, 1379]",LEFT_EYE,0.9019002829915983,-0.1796361039732014,0.8387407064437866,0.510653555393219,0.5143342390656471,0.4510672435842118
00133,/Users/nikko/Downloads/moi-main/project_root/data/temp_frames/video10/frame_00133.png,"[667, 624, 2198, 1379]",RIGHT_EYE,0.8401370089383124,-0.1887612586106849,0.9190796613693237,0.510653555393219,0.5143342390656471,0.4510672435842118
00134,/Users/nikko/Downloads/moi-main/project_root/data/temp_frames/video10/frame_00134.png,"[676, 664, 2196, 1377]",LEFT_SHOULDER,0.6488020959229673,-0.11159365268413025,0.999516487121582,0.5179118663072586,0.5149414390325546,0.4242611239513278
00134,/Users/nikko/Downloads/moi-main/project_root/data/temp_frames/video10/frame_00134.png,"[676, 664, 2196, 1377]",RIGHT_SHOULDER,0.046191264600073556,-0.4202676530151051,0.9989792108535767,0.5179118663072586,0.5149414390325546,0.4242611239513278
00134,/Users/nikko/Downloads/moi-main/project_root/data/temp_frames/video10/frame_00134.png,"[676, 664, 2196, 1377]",LEFT_HIP,-0.22947962766849475,0.3918524017463096,0.9994779229164124,0.5179118663072586,0.5149414390325546,0.4242611239513278
00134,/Users/nikko/Downloads/moi-main/project_root/data/temp_frames/video10/frame_00134.png,"[676, 664, 2196, 1377]",RIGHT_HIP,-0.4655137328545461,0.14000890395292576,0.9996323585510254,0.5179118663072586,0.5149414390325546,0.4242611239513278
00134,/Users/nikko/Downloads/moi-main/project_root/data/temp_frames/video10/frame_00134.png,"[676, 664, 2196, 1377]",RIGHT_ELBOW,-0.5590958399341717,-0.03184508023947852,0.8999777436256409,0.5179118663072586,0.5149414390325546,0.4242611239513278
00134,/Users/nikko/Downloads/moi-main/project_root/data/temp_frames/video10/frame_00134.png,"[676, 664, 2196, 1377]",RIGHT_WRIST,-0.36589264291500595,0.8362364030111049,0.9053153991699219,0.5179118663072586,0.5149414390325546,0.4242611239513278
00134,/Users/nikko/Downloads/moi-main/project_root/data/temp_frames/video10/frame_00134.png,"[676, 664, 2196, 1377]",LEFT_EYE,0.9548433048431059,-0.11152305622287384,0.9001809358596802,0.5179118663072586,0.5149414390325546,0.4242611239513278
00134,/Users/nikko/Downloads/moi-main/project_root/data/temp_frames/video10/frame_00134.png,"[676, 664, 2196, 1377]",RIGHT_EYE,0.888669062115979,-0.11584032837095282,0.9502087235450745,0.5179118663072586,0.5149414390325546,0.4242611239513278
00135,/Users/nikko/Downloads/moi-main/project_root/data/temp_frames/video10/frame_00135.png,"[685, 713, 2206, 1382]",LEFT_SHOULDER,0.6772776965973979,-0.12689688098769195,0.999349057674408,0.5071925669908524,0.4959879368543625,0.4110948610686135
00135,/Users/nikko/Downloads/moi-main/project_root/data/temp_frames/video10/frame_00135.png,"[685, 713, 2206, 1382]",RIGHT_SHOULDER,0.06382543262309262,-0.36772338962900963,0.9986936450004578,0.5071925669908524,0.4959879368543625,0.4110948610686135
00135,/Users/nikko/Downloads/moi-main/project_root/data/temp_frames/video10/frame_00135.png,"[685, 713, 2206, 1382]",LEFT_HIP,-0.24651232782171853,0.3715479359047726,0.9993822574615479,0.5071925669908524,0.4959879368543625,0.4110948610686135
00135,/Users/nikko/Downloads/moi-main/project_root/data/temp_frames/video10/frame_00135.png,"[685, 713, 2206, 1382]",RIGHT_HIP,-0.49459080139877193,0.123072334711929,0.999583899974823,0.5071925669908524,0.4959879368543625,0.4110948610686135
00135,/Users/nikko/Downloads/moi-main/project_root/data/temp_frames/video10/frame_00135.png,"[685, 713, 2206, 1382]",RIGHT_ELBOW,-0.5652658879492344,-0.0734505214184291,0.8934223055839539,0.5071925669908524,0.4959879368543625,0.4110948610686135
00135,/Users/nikko/Downloads/moi-main/project_root/data/temp_frames/video10/frame_00135.png,"[685, 713, 2206, 1382]",RIGHT_WRIST,-0.35414754076106997,0.9209154888847049,0.888990044593811,0.5071925669908524,0.4959879368543625,0.4110948610686135
00135,/Users/nikko/Downloads/moi-main/project_root/data/temp_frames/video10/frame_00135.png,"[685, 713, 2206, 1382]",LEFT_EYE,1.0049113143943875,-0.04165711375487235,0.9188574552536011,0.5071925669908524,0.4959879368543625,0.4110948610686135
00135,/Users/nikko/Downloads/moi-main/project_root/data/temp_frames/video10/frame_00135.png,"[685, 713, 2206, 1382]",RIGHT_EYE,0.9389581172427715,-0.04850035187464867,0.9584400057792664,0.5071925669908524,0.4959879368543625,0.4110948610686135
00136,/Users/nikko/Downloads/moi-main/project_root/data/temp_frames/video10/frame_00136.png,"[687, 736, 2214, 1403]",LEFT_SHOULDER,0.7273913973833658,-0.10540691655105609,0.9993975162506104,0.5030079036951065,0.4860246554017067,0.3936716813248649
00136,/Users/nikko/Downloads/moi-main/project_root/data/temp_frames/video10/frame_00136.png,"[687, 736, 2214, 1403]",RIGHT_SHOULDER,0.08152278543498374,-0.3125046543138168,0.9983421564102173,0.5030079036951065,0.4860246554017067,0.3936716813248649
00136,/Users/nikko/Downloads/moi-main/project_root/data/temp_frames/video10/frame_00136.png,"[687, 736, 2214, 1403]",LEFT_HIP,-0.27786358640009795,0.3168425024623782,0.999518871307373,0.5030079036951065,0.4860246554017067,0.3936716813248649
00136,/Users/nikko/Downloads/moi-main/project_root/data/temp_frames/video10/frame_00136.png,"[687, 736, 2214, 1403]",RIGHT_HIP,-0.5310505964182515,0.10106906840249465,0.9996546506881714,0.5030079036951065,0.4860246554017067,0.3936716813248649
00136,/Users/nikko/Downloads/moi-main/project_root/data/temp_frames/video10/frame_00136.png,"[687, 736, 2214, 1403]",RIGHT_ELBOW,-0.573130233030176,-0.11543066499399679,0.7629627585411072,0.5030079036951065,0.4860246554017067,0.3936716813248649
00136,/Users/nikko/Downloads/moi-main/project_root/data/temp_frames/video10/frame_00136.png,"[687, 736, 2214, 1403]",RIGHT_WRIST,-0.3653042276399223,0.968356778297238,0.6659368276596069,0.5030079036951065,0.4860246554017067,0.3936716813248649
00136,/Users/nikko/Downloads/moi-main/project_root/data/temp_frames/video10/frame_00136.png,"[687, 736, 2214, 1403]",LEFT_EYE,1.0664541816841808,0.07827277759205298,0.9556035399436951,0.5030079036951065,0.4860246554017067,0.3936716813248649
00136,/Users/nikko/Downloads/moi-main/project_root/data/temp_frames/video10/frame_00136.png,"[687, 736, 2214, 1403]",RIGHT_EYE,0.9733264667457956,0.05237960818436781,0.9738985300064087,0.5030079036951065,0.4860246554017067,0.3936716813248649
00137,/Users/nikko/Downloads/moi-main/project_root/data/temp_frames/video10/frame_00137.png,"[702, 777, 2207, 1378]",LEFT_SHOULDER,0.7120846759545455,-0.07329182388935845,0.9995473027229309,0.5092351138591766,0.4956684038043022,0.38157114066931247
00137,/Users/nikko/Downloads/moi-main/project_root/data/temp_frames/video10/frame_00137.png,"[702, 777, 2207, 1378]",RIGHT_SHOULDER,0.1029864490749222,-0.3098526058448226,0.999494194984436,0.5092351138591766,0.4956684038043022,0.38157114066931247
00137,/Users/nikko/Downloads/moi-main/project_root/data/temp_frames/video10/frame_00137.png,"[702, 777, 2207, 1378]",LEFT_HIP,-0.29625124131238273,0.34119774926971824,0.9996486902236938,0.5092351138591766,0.4956684038043022,0.38157114066931247
00137,/Users/nikko/Downloads/moi-main/project_root/data/temp_frames/video10/frame_00137.png,"[702, 777, 2207, 1378]",RIGHT_HIP,-0.5188198837170849,0.041946680464462816,0.9998003840446472,0.5092351138591766,0.4956684038043022,0.38157114066931247
00137,/Users/nikko/Downloads/moi-main/project_root/data/temp_frames/video10/frame_00137.png,"[702, 777, 2207, 1378]",RIGHT_ELBOW,-0.6055259734417583,-0.23268655801550797,0.9167090058326721,0.5092351138591766,0.4956684038043022,0.38157114066931247
00137,/Users/nikko/Downloads/moi-main/project_root/data/temp_frames/video10/frame_00137.png,"[702, 777, 2207, 1378]",RIGHT_WRIST,-0.43531950425114585,0.9813903659248446,0.925491452217102,0.5092351138591766,0.4956684038043022,0.38157114066931247
00137,/Users/nikko/Downloads/moi-main/project_root/data/temp_frames/video10/frame_00137.png,"[702, 777, 2207, 1378]",LEFT_EYE,1.0940243869019162,0.1019538524980008,0.985901415348053,0.5092351138591766,0.4956684038043022,0.38157114066931247
00137,/Users/nikko/Downloads/moi-main/project_root/data/temp_frames/video10/frame_00137.png,"[702, 777, 2207, 1378]",RIGHT_EYE,0.9979702354937535,0.06589187711008127,0.9938229322433472,0.5092351138591766,0.4956684038043022,0.38157114066931247
00138,/Users/nikko/Downloads/moi-main/project_root/data/temp_frames/video10/frame_00138.png,"[702, 777, 2207, 1380]",LEFT_SHOULDER,0.7454960818967932,-0.10542312514581037,0.9994613528251648,0.4985193982720375,0.49707940220832825,0.37174651893865773
00138,/Users/nikko/Downloads/moi-main/project_root/data/temp_frames/video10/frame_00138.png,"[702, 777, 2207, 1380]",RIGHT_SHOULDER,0.12273595137307772,-0.23897405377577335,0.999154806137085,0.4985193982720375,0.49707940220832825,0.37174651893865773
00138,/Users/nikko/Downloads/moi-main/project_root/data/temp_frames/video10/frame_00138.png,"[702, 777, 2207, 1380]",LEFT_HIP,-0.31217094653701966,0.29590131157130617,0.9996565580368042,0.4985193982720375,0.49707940220832825,0.37174651893865773
00138,/Users/nikko/Downloads/moi-main/project_root/data/temp_frames/video10/frame_00138.png,"[702, 777, 2207, 1380]",RIGHT_HIP,-0.5560610867328513,0.04849586735027755,0.9997830986976624,0.4985193982720375,0.49707940220832825,0.37174651893865773
00138,/Users/nikko/Downloads/moi-main/project_root/data/temp_frames/video10/frame_00138.png,"[702, 777, 2207, 1380]",RIGHT_ELBOW,-0.5921160214472602,-0.239351326250461,0.8385609984397888,0.4985193982720375,0.49707940220832825,0.37174651893865773
00138,/Users/nikko/Downloads/moi-main/project_root/data/temp_frames/video10/frame_00138.png,"[702, 777, 2207, 1380]",RIGHT_WRIST,-0.4103487726661772,0.9975729586333691,0.7972990870475769,0.4985193982720375,0.49707940220832825,0.37174651893865773
00138,/Users/nikko/Downloads/moi-main/project_root/data/temp_frames/video10/frame_00138.png,"[702, 777, 2207, 1380]",LEFT_EYE,1.1462583778165214,0.11913496737394902,0.9763380885124207,0.4985193982720375,0.49707940220832825,0.37174651893865773
00138,/Users/nikko/Downloads/moi-main/project_root/data/temp_frames/video10/frame_00138.png,"[702, 777, 2207, 1380]",RIGHT_EYE,1.0532987927944382,0.08277795814092066,0.9880053400993347,0.4985193982720375,0.49707940220832825,0.37174651893865773
00139,/Users/nikko/Downloads/moi-main/project_root/data/temp_frames/video10/frame_00139.png,"[701, 803, 2207, 1373]",LEFT_SHOULDER,0.7157940814051684,-0.08509958990653646,0.9991569519042969,0.5036081671714783,0.5026261284947395,0.3987612851554221
00139,/Users/nikko/Downloads/moi-main/project_root/data/temp_frames/video10/frame_00139.png,"[701, 803, 2207, 1373]",RIGHT_SHOULDER,0.1415850889273147,-0.2806006551011068,0.9988357424736023,0.5036081671714783,0.5026261284947395,0.3987612851554221
00139,/Users/nikko/Downloads/moi-main/project_root/data/temp_frames/video10/frame_00139.png,"[701, 803, 2207, 1373]",LEFT_HIP,-0.31475182341015906,0.29108573093274415,0.99960857629776,0.5036081671714783,0.5026261284947395,0.3987612851554221
00139,/Users/nikko/Downloads/moi-main/project_root/data/temp_frames/video10/frame_00139.png,"[701, 803, 2207, 1373]",RIGHT_HIP,-0.5426273469223241,0.07461451407489916,0.9997811913490295,0.5036081671714783,0.5026261284947395,0.3987612851554221
00139,/Users/nikko/Downloads/moi-main/project_root/data/temp_frames/video10/frame_00139.png,"[701, 803, 2207, 1373]",RIGHT_ELBOW,-0.5647505448990545,-0.2650497762687238,0.8219617605209351,0.5036081671714783,0.5026261284947395,0.3987612851554221
00139,/Users/nikko/Downloads/moi-main/project_root/data/temp_frames/video10/frame_00139.png,"[701, 803, 2207, 1373]",RIGHT_WRIST,-0.40496050787027177,1.00204162163608,0.7927572131156921,0.5036081671714783,0.5026261284947395,0.3987612851554221
00139,/Users/nikko/Downloads/moi-main/project_root/data/temp_frames/video10/frame_00139.png,"[701, 803, 2207, 1373]",LEFT_EYE,1.0739052443328012,0.14111377713614082,0.9546318650245667,0.5036081671714783,0.5026261284947395,0.3987612851554221
00139,/Users/nikko/Downloads/moi-main/project_root/data/temp_frames/video10/frame_00139.png,"[701, 803, 2207, 1373]",RIGHT_EYE,0.9979428999831782,0.12541432064812189,0.9785373210906982,0.5036081671714783,0.5026261284947395,0.3987612851554221
00140,/Users/nikko/Downloads/moi-main/project_root/data/temp_frames/video10/frame_00140.png,"[706, 811, 2202, 1370]",LEFT_SHOULDER,0.7904907770505342,-0.13351463106711053,0.9991316199302673,0.5107540860772133,0.4976044371724129,0.3644467582301884
00140,/Users/nikko/Downloads/moi-main/project_root/data/temp_frames/video10/frame_00140.png,"[706, 811, 2202, 1370]",RIGHT_SHOULDER,0.1451421377625908,-0.1506012570830111,0.9990414977073669,0.5107540860772133,0.4976044371724129,0.3644467582301884
00140,/Users/nikko/Downloads/moi-main/project_root/data/temp_frames/video10/frame_00140.png,"[706, 811, 2202, 1370]",LEFT_HIP,-0.3412043615530479,0.19657750312743735,0.9996412992477417,0.5107540860772133,0.4976044371724129,0.3644467582301884
00140,/Users/nikko/Downloads/moi-main/project_root/data/temp_frames/video10/frame_00140.png,"[706, 811, 2202, 1370]",RIGHT_HIP,-0.594428553260077,0.08753838502268427,0.9998200535774231,0.5107540860772133,0.4976044371724129,0.3644467582301884
00140,/Users/nikko/Downloads/moi-main/project_root/data/temp_frames/video10/frame_00140.png,"[706, 811, 2202, 1370]",RIGHT_ELBOW,-0.6157469095532071,-0.3374946774233735,0.8228389024734497,0.5107540860772133,0.4976044371724129,0.3644467582301884
00140,/Users/nikko/Downloads/moi-main/project_root/data/temp_frames/video10/frame_00140.png,"[706, 811, 2202, 1370]",RIGHT_WRIST,-0.464404472055111,1.0661665511648568,0.8131709694862366,0.5107540860772133,0.4976044371724129,0.3644467582301884
00140,/Users/nikko/Downloads/moi-main/project_root/data/temp_frames/video10/frame_00140.png,"[706, 811, 2202, 1370]",LEFT_EYE,1.1692267525906472,0.2951092976745994,0.9512609243392944,0.5107540860772133,0.4976044371724129,0.3644467582301884
00140,/Users/nikko/Downloads/moi-main/project_root/data/temp_frames/video10/frame_00140.png,"[706, 811, 2202, 1370]",RIGHT_EYE,1.0802486315113538,0.26605183621157225,0.9776563048362732,0.5107540860772133,0.4976044371724129,0.3644467582301884
00143,/Users/nikko/Downloads/moi-main/project_root/data/temp_frames/video10/frame_00143.png,"[936, 821, 2204, 1361]",LEFT_SHOULDER,0.8229647151836457,-0.22619559123201352,0.9977123737335205,0.4209662936627865,0.5198761150240898,0.4111162610585153
00143,/Users/nikko/Downloads/moi-main/project_root/data/temp_frames/video10/frame_00143.png,"[936, 821, 2204, 1361]",RIGHT_SHOULDER,0.14381035329949932,0.11091275597688542,0.9933977127075195,0.4209662936627865,0.5198761150240898,0.4111162610585153
00143,/Users/nikko/Downloads/moi-main/project_root/data/temp_frames/video10/frame_00143.png,"[936, 821, 2204, 1361]",LEFT_HIP,-0.3535617445324471,-0.029250482117107044,0.99732506275177,0.4209662936627865,0.5198761150240898,0.4111162610585153
00143,/Users/nikko/Downloads/moi-main/project_root/data/temp_frames/video10/frame_00143.png,"[936, 821, 2204, 1361]",RIGHT_HIP,-0.6132133239506979,0.14453331737223513,0.998121440410614,0.4209662936627865,0.5198761150240898,0.4111162610585153
00143,/Users/nikko/Downloads/moi-main/project_root/data/temp_frames/video10/frame_00143.png,"[936, 821, 2204, 1361]",RIGHT_ELBOW,-0.6609463687686559,-0.4216481784650066,0.6312137842178345,0.4209662936627865,0.5198761150240898,0.4111162610585153
00143,/Users/nikko/Downloads/moi-main/project_root/data/temp_frames/video10/frame_00143.png,"[936, 821, 2204, 1361]",LEFT_EYE,1.218213274033367,0.2562672358508372,0.9417330026626587,0.4209662936627865,0.5198761150240898,0.4111162610585153
00143,/Users/nikko/Downloads/moi-main/project_root/data/temp_frames/video10/frame_00143.png,"[936, 821, 2204, 1361]",RIGHT_EYE,1.145616209393948,0.27194810322488244,0.9557859301567078,0.4209662936627865,0.5198761150240898,0.4111162610585153
00144,/Users/nikko/Downloads/moi-main/project_root/data/temp_frames/video10/frame_00144.png,"[925, 830, 2207, 1351]",LEFT_SHOULDER,0.8246920899857689,-0.1192726400012167,0.9925429821014404,0.4191170781850815,0.5272748544812202,0.3998138425900303
00144,/Users/nikko/Downloads/moi-main/project_root/data/temp_frames/video10/frame_00144.png,"[925, 830, 2207, 1351]",RIGHT_SHOULDER,0.16091180000139774,-0.04896716168374504,0.985988438129425,0.4191170781850815,0.5272748544812202,0.3998138425900303
00144,/Users/nikko/Downloads/moi-main/project_root/data/temp_frames/video10/frame_00144.png,"[925, 830, 2207, 1351]",LEFT_HIP,-0.3681434000432216,0.026309645975719064,0.9824694395065308,0.4191170781850815,0.5272748544812202,0.3998138425900303
00144,/Users/nikko/Downloads/moi-main/project_root/data/temp_frames/video10/frame_00144.png,"[925, 830, 2207, 1351]",RIGHT_HIP,-0.6174604899439451,0.1419301557092427,0.990308940410614,0.4191170781850815,0.5272748544812202,0.3998138425900303
00144,/Users/nikko/Downloads/moi-main/project_root/data/temp_frames/video10/frame_00144.png,"[925, 830, 2207, 1351]",RIGHT_ELBOW,-0.6463915574701544,-0.49201768579337585,0.9194503426551819,0.4191170781850815,0.5272748544812202,0.3998138425900303
00144,/Users/nikko/Downloads/moi-main/project_root/data/temp_frames/video10/frame_00144.png,"[925, 830, 2207, 1351]",RIGHT_WRIST,-0.43637262736745774,1.016010803441351,0.7906562089920044,0.4191170781850815,0.5272748544812202,0.3998138425900303
00144,/Users/nikko/Downloads/moi-main/project_root/data/temp_frames/video10/frame_00144.png,"[925, 830, 2207, 1351]",LEFT_EYE,1.2342946533649253,0.37177458443136063,0.9511243104934692,0.4191170781850815,0.5272748544812202,0.3998138425900303
00144,/Users/nikko/Downloads/moi-main/project_root/data/temp_frames/video10/frame_00144.png,"[925, 830, 2207, 1351]",RIGHT_EYE,1.1510338131110238,0.3609782879799264,0.9690375328063965,0.4191170781850815,0.5272748544812202,0.3998138425900303
00145,/Users/nikko/Downloads/moi-main/project_root/data/temp_frames/video10/frame_00145.png,"[935, 833, 2208, 1350]",LEFT_SHOULDER,0.7671580376595093,-0.1370729007529347,0.9920188784599304,0.4247008338570595,0.5138433426618576,0.4223666336120764
00145,/Users/nikko/Downloads/moi-main/project_root/data/temp_frames/video10/frame_00145.png,"[935, 833, 2208, 1350]",RIGHT_SHOULDER,0.2080118592686,0.08991716051214868,0.9881807565689087,0.4247008338570595,0.5138433426618576,0.4223666336120764
00145,/Users/nikko/Downloads/moi-main/project_root/data/temp_frames/video10/frame_00145.png,"[935, 833, 2208, 1350]",LEFT_HIP,-0.38080217940353034,-0.08049383054680809,0.9885681867599487,0.4247008338570595,0.5138433426618576,0.4223666336120764
00145,/Users/nikko/Downloads/moi-main/project_root/data/temp_frames/video10/frame_00145.png,"[935, 833, 2208, 1350]",RIGHT_HIP,-0.594367717524579,0.12764957078759415,0.993961751461029,0.4247008338570595,0.5138433426618576,0.4223666336120764
00145,/Users/nikko/Downloads/moi-main/project_root/data/temp_frames/video10/frame_00145.png,"[935, 833, 2208, 1350]",RIGHT_ELBOW,-0.6441947654216199,-0.43208409277958937,0.8387823700904846,0.4247008338570595,0.5138433426618576,0.4223666336120764
00145,/Users/nikko/Downloads/moi-main/project_root/data/temp_frames/video10/frame_00145.png,"[935, 833, 2208, 1350]",RIGHT_WRIST,-0.46157310030431736,0.949204477455135,0.6128599643707275,0.4247008338570595,0.5138433426618576,0.4223666336120764
00145,/Users/nikko/Downloads/moi-main/project_root/data/temp_frames/video10/frame_00145.png,"[935, 833, 2208, 1350]",LEFT_EYE,1.1531600712197847,0.3914109402880039,0.9468402862548828,0.4247008338570595,0.5138433426618576,0.4223666336120764
00145,/Users/nikko/Downloads/moi-main/project_root/data/temp_frames/video10/frame_00145.png,"[935, 833, 2208, 1350]",RIGHT_EYE,1.077065147062825,0.38439639832982764,0.9668514132499695,0.4247008338570595,0.5138433426618576,0.4223666336120764
00146,/Users/nikko/Downloads/moi-main/project_root/data/temp_frames/video10/frame_00146.png,"[933, 833, 2208, 1350]",LEFT_SHOULDER,0.8243579160588156,-0.1618421972243591,0.992853581905365,0.4161964990198612,0.520622968673706,0.4027195906172932
00146,/Users/nikko/Downloads/moi-main/project_root/data/temp_frames/video10/frame_00146.png,"[933, 833, 2208, 1350]",RIGHT_SHOULDER,0.15355847781649357,0.07612713206181132,0.9848531484603882,0.4161964990198612,0.520622968673706,0.4027195906172932
00146,/Users/nikko/Downloads/moi-main/project_root/data/temp_frames/video10/frame_00146.png,"[933, 833, 2208, 1350]",LEFT_HIP,-0.3740076949971386,-0.046841465975927775,0.9876115918159485,0.4161964990198612,0.520622968673706,0.4027195906172932
00146,/Users/nikko/Downloads/moi-main/project_root/data/temp_frames/video10/frame_00146.png,"[933, 833, 2208, 1350]",RIGHT_HIP,-0.6039086988781706,0.13255653113847557,0.9927520751953125,0.4161964990198612,0.520622968673706,0.4027195906172932
00146,/Users/nikko/Downloads/moi-main/project_root/data/temp_frames/video10/frame_00146.png,"[933, 833, 2208, 1350]",RIGHT_ELBOW,-0.6509312123705843,-0.4599742119602503,0.847888708114624,0.4161964990198612,0.520622968673706,0.4027195906172932
00146,/Users/nikko/Downloads/moi-main/project_root/data/temp_frames/video10/frame_00146.png,"[933, 833, 2208, 1350]",RIGHT_WRIST,-0.4272751452650339,1.0265078193379413,0.6085256338119507,0.4161964990198612,0.520622968673706,0.4027195906172932
00146,/Users/nikko/Downloads/moi-main/project_root/data/temp_frames/video10/frame_00146.png,"[933, 833, 2208, 1350]",LEFT_EYE,1.2323591693441116,0.4076987303965184,0.9463825225830078,0.4161964990198612,0.520622968673706,0.4027195906172932
00146,/Users/nikko/Downloads/moi-main/project_root/data/temp_frames/video10/frame_00146.png,"[933, 833, 2208, 1350]",RIGHT_EYE,1.1491095769219055,0.39121966926178603,0.9641737937927246,0.4161964990198612,0.520622968673706,0.4027195906172932
00147,/Users/nikko/Downloads/moi-main/project_root/data/temp_frames/video10/frame_00147.png,"[927, 830, 2209, 1350]",LEFT_SHOULDER,0.846941188252632,-0.17277136738533605,0.9942418932914734,0.4212152101099491,0.5164775475859642,0.3925050108019901
00147,/Users/nikko/Downloads/moi-main/project_root/data/temp_frames/video10/frame_00147.png,"[927, 830, 2209, 1350]",RIGHT_SHOULDER,0.13403393958444193,0.025398790425112255,0.9878799319267273,0.4212152101099491,0.5164775475859642,0.3925050108019901
00147,/Users/nikko/Downloads/moi-main/project_root/data/temp_frames/video10/frame_00147.png,"[927, 830, 2209, 1350]",LEFT_HIP,-0.3641580242587444,-0.010083515523497712,0.9871227741241455,0.4212152101099491,0.5164775475859642,0.3925050108019901
00147,/Users/nikko/Downloads/moi-main/project_root/data/temp_frames/video10/frame_00147.png,"[927, 830, 2209, 1350]",RIGHT_HIP,-0.6168171035783295,0.15745609248372153,0.992567777633667,0.4212152101099491,0.5164775475859642,0.3925050108019901
00147,/Users/nikko/Downloads/moi-main/project_root/data/temp_frames/video10/frame_00147.png,"[927, 830, 2209, 1350]",RIGHT_ELBOW,-0.6687278723790294,-0.46164663971002934,0.8632727861404419,0.4212152101099491,0.5164775475859642,0.3925050108019901
00147,/Users/nikko/Downloads/moi-main/project_root/data/temp_frames/video10/frame_00147.png,"[927, 830, 2209, 1350]",RIGHT_WRIST,-0.4583497002284072,1.0743468138148426,0.6433762907981873,0.4212152101099491,0.5164775475859642,0.3925050108019901
00147,/Users/nikko/Downloads/moi-main/project_root/data/temp_frames/video10/frame_00147.png,"[927, 830, 2209, 1350]",LEFT_EYE,1.2552779054439067,0.40920027116833946,0.9542711973190308,0.4212152101099491,0.5164775475859642,0.3925050108019901
00147,/Users/nikko/Downloads/moi-main/project_root/data/temp_frames/video10/frame_00147.png,"[927, 830, 2209, 1350]",RIGHT_EYE,1.1656080002957885,0.39524461021087526,0.9702674150466919,0.4212152101099491,0.5164775475859642,0.3925050108019901
00148,/Users/nikko/Downloads/moi-main/project_root/data/temp_frames/video10/frame_00148.png,"[938, 823, 2210, 1351]",LEFT_SHOULDER,0.7902101490473254,-0.21229940547145734,0.993085503578186,0.3965403065085411,0.5229620039463043,0.4535051610361298
00148,/Users/nikko/Downloads/moi-main/project_root/data/temp_frames/video10/frame_00148.png,"[938, 823, 2210, 1351]",RIGHT_SHOULDER,0.17782743175746263,0.046757570223090995,0.9708360433578491,0.3965403065085411,0.5229620039463043,0.4535051610361298
00148,/Users/nikko/Downloads/moi-main/project_root/data/temp_frames/video10/frame_00148.png,"[938, 823, 2210, 1351]",LEFT_HIP,-0.363431160385429,-0.030251805885116723,0.9780452251434326,0.3965403065085411,0.5229620039463043,0.4535051610361298
00148,/Users/nikko/Downloads/moi-main/project_root/data/temp_frames/video10/frame_00148.png,"[938, 823, 2210, 1351]",RIGHT_HIP,-0.6046064204193591,0.19579364113348308,0.9832471013069153,0.3965403065085411,0.5229620039463043,0.4535051610361298
00148,/Users/nikko/Downloads/moi-main/project_root/data/temp_frames/video10/frame_00148.png,"[938, 823, 2210, 1351]",RIGHT_ELBOW,-0.547009208455534,-0.3365428549568535,0.8119734525680542,0.3965403065085411,0.5229620039463043,0.4535051610361298
00148,/Users/nikko/Downloads/moi-main/project_root/data/temp_frames/video10/frame_00148.png,"[938, 823, 2210, 1351]",LEFT_EYE,1.15946927289922,0.22204002104350776,0.9487037062644958,0.3965403065085411,0.5229620039463043,0.4535051610361298
00148,/Users/nikko/Downloads/moi-main/project_root/data/temp_frames/video10/frame_00148.png,"[938, 823, 2210, 1351]",RIGHT_EYE,1.0899640821685732,0.2131881420120743,0.9583665132522583,0.3965403065085411,0.5229620039463043,0.4535051610361298
00152,/Users/nikko/Downloads/moi-main/project_root/data/temp_frames/video10/frame_00152.png,"[741, 664, 2191, 1375]",LEFT_SHOULDER,0.6435926472306933,-0.014482855382940049,0.9983406066894531,0.5091826617717743,0.5278263539075851,0.4402538173896393
00152,/Users/nikko/Downloads/moi-main/project_root/data/temp_frames/video10/frame_00152.png,"[741, 664, 2191, 1375]",RIGHT_SHOULDER,0.06718167079956362,-0.44299314381229526,0.9970220923423767,0.5091826617717743,0.5278263539075851,0.4402538173896393
00152,/Users/nikko/Downloads/moi-main/project_root/data/temp_frames/video10/frame_00152.png,"[741, 664, 2191, 1375]",LEFT_HIP,-0.2450571765920419,0.3877673638365277,0.9975957274436951,0.5091826617717743,0.5278263539075851,0.4402538173896393
00152,/Users/nikko/Downloads/moi-main/project_root/data/temp_frames/video10/frame_00152.png,"[741, 664, 2191, 1375]",RIGHT_HIP,-0.46571714143821497,0.06970863535870762,0.9984525442123413,0.5091826617717743,0.5278263539075851,0.4402538173896393
00152,/Users/nikko/Downloads/moi-main/project_root/data/temp_frames/video10/frame_00152.png,"[741, 664, 2191, 1375]",RIGHT_ELBOW,-0.5624495302424409,-0.12721176010734175,0.9051434397697449,0.5091826617717743,0.5278263539075851,0.4402538173896393
00152,/Users/nikko/Downloads/moi-main/project_root/data/temp_frames/video10/frame_00152.png,"[741, 664, 2191, 1375]",RIGHT_WRIST,-0.37924072425154803,0.8248125843047797,0.8754483461380005,0.5091826617717743,0.5278263539075851,0.4402538173896393
00152,/Users/nikko/Downloads/moi-main/project_root/data/temp_frames/video10/frame_00152.png,"[741, 664, 2191, 1375]",LEFT_EYE,0.9546220825269408,-0.11820561360545465,0.5902672410011292,0.5091826617717743,0.5278263539075851,0.4402538173896393
00152,/Users/nikko/Downloads/moi-main/project_root/data/temp_frames/video10/frame_00152.png,"[741, 664, 2191, 1375]",RIGHT_EYE,0.890679071913105,-0.1229023918105495,0.7611734867095947,0.5091826617717743,0.5278263539075851,0.4402538173896393
00153,/Users/nikko/Downloads/moi-main/project_root/data/temp_frames/video10/frame_00153.png,"[740, 664, 2191, 1375]",LEFT_SHOULDER,0.6480952508666888,-0.026762612599134795,0.999085545539856,0.511187843978405,0.5289703384041786,0.43774318841914645
00153,/Users/nikko/Downloads/moi-main/project_root/data/temp_frames/video10/frame_00153.png,"[740, 664, 2191, 1375]",RIGHT_SHOULDER,0.05560469715468429,-0.44660663045403964,0.9979863166809082,0.511187843978405,0.5289703384041786,0.43774318841914645
00153,/Users/nikko/Downloads/moi-main/project_root/data/temp_frames/video10/frame_00153.png,"[740, 664, 2191, 1375]",LEFT_HIP,-0.24137443288628033,0.3856947396087842,0.9981226325035095,0.511187843978405,0.5289703384041786,0.43774318841914645
00153,/Users/nikko/Downloads/moi-main/project_root/data/temp_frames/video10/frame_00153.png,"[740, 664, 2191, 1375]",RIGHT_HIP,-0.4623255151350928,0.08767450344439028,0.9987738728523254,0.511187843978405,0.5289703384041786,0.43774318841914645
00153,/Users/nikko/Downloads/moi-main/project_root/data/temp_frames/video10/frame_00153.png,"[740, 664, 2191, 1375]",RIGHT_ELBOW,-0.5698453891989773,-0.1331836472154553,0.9322046637535095,0.511187843978405,0.5289703384041786,0.43774318841914645
00153,/Users/nikko/Downloads/moi-main/project_root/data/temp_frames/video10/frame_00153.png,"[740, 664, 2191, 1375]",RIGHT_WRIST,-0.3880988423703939,0.8006658061960686,0.9360905885696411,0.511187843978405,0.5289703384041786,0.43774318841914645
00153,/Users/nikko/Downloads/moi-main/project_root/data/temp_frames/video10/frame_00153.png,"[740, 664, 2191, 1375]",LEFT_EYE,0.9613132399555449,-0.11903517022444157,0.7409376502037048,0.511187843978405,0.5289703384041786,0.43774318841914645
00153,/Users/nikko/Downloads/moi-main/project_root/data/temp_frames/video10/frame_00153.png,"[740, 664, 2191, 1375]",RIGHT_EYE,0.8990881542723502,-0.11463014482566299,0.8550801277160645,0.511187843978405,0.5289703384041786,0.43774318841914645
00154,/Users/nikko/Downloads/moi-main/project_root/data/temp_frames/video10/frame_00154.png,"[708, 610, 2188, 1362]",LEFT_SHOULDER,0.6350995911159261,-0.11381678322158605,0.9989737272262573,0.5100195109844208,0.5414245799183846,0.44387005018901926
00154,/Users/nikko/Downloads/moi-main/project_root/data/temp_frames/video10/frame_00154.png,"[708, 610, 2188, 1362]",RIGHT_SHOULDER,0.04913981895713776,-0.42736864203058744,0.997832715511322,0.5100195109844208,0.5414245799183846,0.44387005018901926
00154,/Users/nikko/Downloads/moi-main/project_root/data/temp_frames/video10/frame_00154.png,"[708, 610, 2188, 1362]",LEFT_HIP,-0.22379207055146982,0.405434928851836,0.9986088871955872,0.5100195109844208,0.5414245799183846,0.44387005018901926
00154,/Users/nikko/Downloads/moi-main/project_root/data/temp_frames/video10/frame_00154.png,"[708, 610, 2188, 1362]",RIGHT_HIP,-0.46044733952159406,0.13575049640033746,0.9990262985229492,0.5100195109844208,0.5414245799183846,0.44387005018901926
00154,/Users/nikko/Downloads/moi-main/project_root/data/temp_frames/video10/frame_00154.png,"[708, 610, 2188, 1362]",RIGHT_ELBOW,-0.5416118776577027,-0.013791923331884417,0.8881890177726746,0.5100195109844208,0.5414245799183846,0.44387005018901926
00154,/Users/nikko/Downloads/moi-main/project_root/data/temp_frames/video10/frame_00154.png,"[708, 610, 2188, 1362]",RIGHT_WRIST,-0.3643506894150756,0.8757356252688128,0.8956530094146729,0.5100195109844208,0.5414245799183846,0.44387005018901926
00154,/Users/nikko/Downloads/moi-main/project_root/data/temp_frames/video10/frame_00154.png,"[708, 610, 2188, 1362]",LEFT_EYE,0.9397804476143353,-0.23406877453493607,0.7085166573524475,0.5100195109844208,0.5414245799183846,0.44387005018901926
00154,/Users/nikko/Downloads/moi-main/project_root/data/temp_frames/video10/frame_00154.png,"[708, 610, 2188, 1362]",RIGHT_EYE,0.8767511647865219,-0.23627794772223437,0.8375741839408875,0.5100195109844208,0.5414245799183846,0.44387005018901926
00155,/Users/nikko/Downloads/moi-main/project_root/data/temp_frames/video10/frame_00155.png,"[666, 546, 2175, 1360]",LEFT_SHOULDER,0.6036751610138887,-0.1308290167218292,0.9996869564056396,0.5385203957557678,0.5424192473292351,0.4288604760865491
00155,/Users/nikko/Downloads/moi-main/project_root/data/temp_frames/video10/frame_00155.png,"[666, 546, 2175, 1360]",RIGHT_SHOULDER,0.049521028294395406,-0.45043101597039764,0.9993829727172852,0.5385203957557678,0.5424192473292351,0.4288604760865491
00155,/Users/nikko/Downloads/moi-main/project_root/data/temp_frames/video10/frame_00155.png,"[666, 546, 2175, 1360]",LEFT_HIP,-0.20082598494636547,0.41796340020811923,0.9995788931846619,0.5385203957557678,0.5424192473292351,0.4288604760865491
00155,/Users/nikko/Downloads/moi-main/project_root/data/temp_frames/video10/frame_00155.png,"[666, 546, 2175, 1360]",RIGHT_HIP,-0.4523702043619187,0.1632966324841076,0.999700665473938,0.5385203957557678,0.5424192473292351,0.4288604760865491
00155,/Users/nikko/Downloads/moi-main/project_root/data/temp_frames/video10/frame_00155.png,"[666, 546, 2175, 1360]",RIGHT_ELBOW,-0.5570282475432244,0.039522414436725745,0.9706678986549377,0.5385203957557678,0.5424192473292351,0.4288604760865491
00155,/Users/nikko/Downloads/moi-main/project_root/data/temp_frames/video10/frame_00155.png,"[666, 546, 2175, 1360]",RIGHT_WRIST,-0.39430257774971567,0.9071206621020899,0.9767282605171204,0.5385203957557678,0.5424192473292351,0.4288604760865491
00155,/Users/nikko/Downloads/moi-main/project_root/data/temp_frames/video10/frame_00155.png,"[666, 546, 2175, 1360]",RIGHT_ANKLE,-1.0411725560396712,0.4649546459632099,0.574419379234314,0.5385203957557678,0.5424192473292351,0.4288604760865491
00155,/Users/nikko/Downloads/moi-main/project_root/data/temp_frames/video10/frame_00155.png,"[666, 546, 2175, 1360]",LEFT_EYE,0.9049907184894285,-0.30911753288503274,0.9095885157585144,0.5385203957557678,0.5424192473292351,0.4288604760865491
00155,/Users/nikko/Downloads/moi-main/project_root/data/temp_frames/video10/frame_00155.png,"[666, 546, 2175, 1360]",RIGHT_EYE,0.8339928065430344,-0.3272273262893407,0.955834150314331,0.5385203957557678,0.5424192473292351,0.4288604760865491
00156,/Users/nikko/Downloads/moi-main/project_root/data/temp_frames/video10/frame_00156.png,"[676, 434, 2147, 1353]",LEFT_SHOULDER,0.6496870227445389,-0.11396959835825007,0.999847412109375,0.5306473225355148,0.5264324694871902,0.41450516717261376
00156,/Users/nikko/Downloads/moi-main/project_root/data/temp_frames/video10/frame_00156.png,"[676, 434, 2147, 1353]",RIGHT_SHOULDER,0.04628559324598039,-0.41759431842822203,0.9996391534805298,0.5306473225355148,0.5264324694871902,0.41450516717261376
00156,/Users/nikko/Downloads/moi-main/project_root/data/temp_frames/video10/frame_00156.png,"[676, 434, 2147, 1353]",LEFT_HIP,-0.21604498288223803,0.37995664737843965,0.9997895359992981,0.5306473225355148,0.5264324694871902,0.41450516717261376
00156,/Users/nikko/Downloads/moi-main/project_root/data/temp_frames/video10/frame_00156.png,"[676, 434, 2147, 1353]",RIGHT_HIP,-0.4799276331082813,0.15160726940803249,0.9998394250869751,0.5306473225355148,0.5264324694871902,0.41450516717261376
00156,/Users/nikko/Downloads/moi-main/project_root/data/temp_frames/video10/frame_00156.png,"[676, 434, 2147, 1353]",RIGHT_ELBOW,-0.5325252364105499,0.1783411651622375,0.9864543080329895,0.5306473225355148,0.5264324694871902,0.41450516717261376
00156,/Users/nikko/Downloads/moi-main/project_root/data/temp_frames/video10/frame_00156.png,"[676, 434, 2147, 1353]",LEFT_WRIST,0.5821357423640331,0.9516742532338391,0.668735921382904,0.5306473225355148,0.5264324694871902,0.41450516717261376
00156,/Users/nikko/Downloads/moi-main/project_root/data/temp_frames/video10/frame_00156.png,"[676, 434, 2147, 1353]",RIGHT_WRIST,-0.366754634785555,0.9969167063006241,0.9944285154342651,0.5306473225355148,0.5264324694871902,0.41450516717261376
00156,/Users/nikko/Downloads/moi-main/project_root/data/temp_frames/video10/frame_00156.png,"[676, 434, 2147, 1353]",RIGHT_KNEE,-0.8401563236883807,0.5512492017926663,0.8370756506919861,0.5306473225355148,0.5264324694871902,0.41450516717261376
00156,/Users/nikko/Downloads/moi-main/project_root/data/temp_frames/video10/frame_00156.png,"[676, 434, 2147, 1353]",RIGHT_ANKLE,-1.067660839718499,0.5624938481355308,0.8874267339706421,0.5306473225355148,0.5264324694871902,0.41450516717261376
00156,/Users/nikko/Downloads/moi-main/project_root/data/temp_frames/video10/frame_00156.png,"[676, 434, 2147, 1353]",LEFT_EYE,0.9424284586069902,-0.4163291195631911,0.9702368974685669,0.5306473225355148,0.5264324694871902,0.41450516717261376
00156,/Users/nikko/Downloads/moi-main/project_root/data/temp_frames/video10/frame_00156.png,"[676, 434, 2147, 1353]",RIGHT_EYE,0.8711226357060593,-0.454028191978589,0.9870995879173279,0.5306473225355148,0.5264324694871902,0.41450516717261376
00157,/Users/nikko/Downloads/moi-main/project_root/data/temp_frames/video10/frame_00157.png,"[669, 432, 2151, 1354]",LEFT_SHOULDER,0.6710377622976341,-0.09314643195471894,0.9998891353607178,0.529811255633831,0.522580049932003,0.3880186245503217
00157,/Users/nikko/Downloads/moi-main/project_root/data/temp_frames/video10/frame_00157.png,"[669, 432, 2151, 1354]",RIGHT_SHOULDER,0.024965946812289235,-0.4176518001713111,0.9998213648796082,0.529811255633831,0.522580049932003,0.3880186245503217
00157,/Users/nikko/Downloads/moi-main/project_root/data/temp_frames/video10/frame_00157.png,"[669, 432, 2151, 1354]",LEFT_HIP,-0.19864012996795252,0.35634856209321186,0.9997661709785461,0.529811255633831,0.522580049932003,0.3880186245503217
00157,/Users/nikko/Downloads/moi-main/project_root/data/temp_frames/video10/frame_00157.png,"[669, 432, 2151, 1354]",RIGHT_HIP,-0.4973635791419709,0.1544496700328182,0.9998660087585449,0.529811255633831,0.522580049932003,0.3880186245503217
00157,/Users/nikko/Downloads/moi-main/project_root/data/temp_frames/video10/frame_00157.png,"[669, 432, 2151, 1354]",RIGHT_ELBOW,-0.5411903222636907,0.17223619411333405,0.9943481087684631,0.529811255633831,0.522580049932003,0.3880186245503217
00157,/Users/nikko/Downloads/moi-main/project_root/data/temp_frames/video10/frame_00157.png,"[669, 432, 2151, 1354]",LEFT_WRIST,0.6291570635010086,1.0057692912093246,0.7340015172958374,0.529811255633831,0.522580049932003,0.3880186245503217
00157,/Users/nikko/Downloads/moi-main/project_root/data/temp_frames/video10/frame_00157.png,"[669, 432, 2151, 1354]",RIGHT_WRIST,-0.41127963214087654,1.0669777117589345,0.9977994561195374,0.529811255633831,0.522580049932003,0.3880186245503217
00157,/Users/nikko/Downloads/moi-main/project_root/data/temp_frames/video10/frame_00157.png,"[669, 432, 2151, 1354]",RIGHT_KNEE,-0.8808933388831813,0.6339013194080516,0.8796528577804565,0.529811255633831,0.522580049932003,0.3880186245503217
00157,/Users/nikko/Downloads/moi-main/project_root/data/temp_frames/video10/frame_00157.png,"[669, 432, 2151, 1354]",RIGHT_ANKLE,-1.1211657948792282,0.6545047958375889,0.8667063117027283,0.529811255633831,0.522580049932003,0.3880186245503217
00157,/Users/nikko/Downloads/moi-main/project_root/data/temp_frames/video10/frame_00157.png,"[669, 432, 2151, 1354]",LEFT_EYE,0.9987338997212118,-0.45298905261548444,0.9956047534942627,0.529811255633831,0.522580049932003,0.3880186245503217
00157,/Users/nikko/Downloads/moi-main/project_root/data/temp_frames/video10/frame_00157.png,"[669, 432, 2151, 1354]",RIGHT_EYE,0.8989551371816843,-0.5027557740286285,0.9982407093048096,0.529811255633831,0.522580049932003,0.3880186245503217
00158,/Users/nikko/Downloads/moi-main/project_root/data/temp_frames/video10/frame_00158.png,"[675, 386, 2113, 1356]",LEFT_SHOULDER,0.6772833231302388,-0.1284495387870945,0.9999557733535767,0.5439422875642776,0.4943023547530174,0.4012202230903697
00158,/Users/nikko/Downloads/moi-main/project_root/data/temp_frames/video10/frame_00158.png,"[675, 386, 2113, 1356]",RIGHT_SHOULDER,-0.009170697327891369,-0.4064774499015463,0.9996007084846497,0.5439422875642776,0.4943023547530174,0.4012202230903697
00158,/Users/nikko/Downloads/moi-main/project_root/data/temp_frames/video10/frame_00158.png,"[675, 386, 2113, 1356]",LEFT_HIP,-0.18113227483427163,0.3755164255025343,0.9999054670333862,0.5439422875642776,0.4943023547530174,0.4012202230903697
00158,/Users/nikko/Downloads/moi-main/project_root/data/temp_frames/video10/frame_00158.png,"[675, 386, 2113, 1356]",RIGHT_HIP,-0.4869803509680758,0.1594105631861065,0.9998898506164551,0.5439422875642776,0.4943023547530174,0.4012202230903697
00158,/Users/nikko/Downloads/moi-main/project_root/data/temp_frames/video10/frame_00158.png,"[675, 386, 2113, 1356]",LEFT_ELBOW,0.5716189143433982,0.421292178945647,0.6868090033531189,0.5439422875642776,0.4943023547530174,0.4012202230903697
00158,/Users/nikko/Downloads/moi-main/project_root/data/temp_frames/video10/frame_00158.png,"[675, 386, 2113, 1356]",RIGHT_ELBOW,-0.5483410717538947,0.25882660458023904,0.986707329750061,0.5439422875642776,0.4943023547530174,0.4012202230903697
00158,/Users/nikko/Downloads/moi-main/project_root/data/temp_frames/video10/frame_00158.png,"[675, 386, 2113, 1356]",LEFT_WRIST,0.6257154252203098,1.0922854269051105,0.8749074935913086,0.5439422875642776,0.4943023547530174,0.4012202230903697
00158,/Users/nikko/Downloads/moi-main/project_root/data/temp_frames/video10/frame_00158.png,"[675, 386, 2113, 1356]",RIGHT_WRIST,-0.3900866088078257,1.1168742233238331,0.9928232431411743,0.5439422875642776,0.4943023547530174,0.4012202230903697
00158,/Users/nikko/Downloads/moi-main/project_root/data/temp_frames/video10/frame_00158.png,"[675, 386, 2113, 1356]",RIGHT_KNEE,-0.9120783553774453,0.6534533445811317,0.872219979763031,0.5439422875642776,0.4943023547530174,0.4012202230903697
00158,/Users/nikko/Downloads/moi-main/project_root/data/temp_frames/video10/frame_00158.png,"[675, 386, 2113, 1356]",RIGHT_ANKLE,-1.1337945266474068,0.6673230563385738,0.9227503538131714,0.5439422875642776,0.4943023547530174,0.4012202230903697
00158,/Users/nikko/Downloads/moi-main/project_root/data/temp_frames/video10/frame_00158.png,"[675, 386, 2113, 1356]",LEFT_EYE,0.9628635732206011,-0.4671600757524147,0.9761759638786316,0.5439422875642776,0.4943023547530174,0.4012202230903697
00158,/Users/nikko/Downloads/moi-main/project_root/data/temp_frames/video10/frame_00158.png,"[675, 386, 2113, 1356]",RIGHT_EYE,0.8920876650774913,-0.47396427449557016,0.9865100979804993,0.5439422875642776,0.4943023547530174,0.4012202230903697
00159,/Users/nikko/Downloads/moi-main/project_root/data/temp_frames/video10/frame_00159.png,"[678, 321, 2082, 1358]",LEFT_SHOULDER,0.680675851896027,-0.11499914657876473,0.9999485015869141,0.5509177669882774,0.4958684965968132,0.4024604804838225
00159,/Users/nikko/Downloads/moi-main/project_root/data/temp_frames/video10/frame_00159.png,"[678, 321, 2082, 1358]",RIGHT_SHOULDER,-0.008463561397695937,-0.4140081426026432,0.9986862540245056,0.5509177669882774,0.4958684965968132,0.4024604804838225
00159,/Users/nikko/Downloads/moi-main/project_root/data/temp_frames/video10/frame_00159.png,"[678, 321, 2082, 1358]",LEFT_HIP,-0.18163650006050197,0.36224375638271394,0.9998624324798584,0.5509177669882774,0.4958684965968132,0.4024604804838225
00159,/Users/nikko/Downloads/moi-main/project_root/data/temp_frames/video10/frame_00159.png,"[678, 321, 2082, 1358]",RIGHT_HIP,-0.49057579043782906,0.166763532798694,0.9997666478157043,0.5509177669882774,0.4958684965968132,0.4024604804838225
00159,/Users/nikko/Downloads/moi-main/project_root/data/temp_frames/video10/frame_00159.png,"[678, 321, 2082, 1358]",LEFT_ELBOW,0.5986912019069744,0.45910896379010624,0.8260985612869263,0.5509177669882774,0.4958684965968132,0.4024604804838225
00159,/Users/nikko/Downloads/moi-main/project_root/data/temp_frames/video10/frame_00159.png,"[678, 321, 2082, 1358]",RIGHT_ELBOW,-0.5376743037993101,0.3169313364412056,0.9786505699157715,0.5509177669882774,0.4958684965968132,0.4024604804838225
00159,/Users/nikko/Downloads/moi-main/project_root/data/temp_frames/video10/frame_00159.png,"[678, 321, 2082, 1358]",LEFT_WRIST,0.6481150430285709,1.0516510836894328,0.900075376033783,0.5509177669882774,0.4958684965968132,0.4024604804838225
00159,/Users/nikko/Downloads/moi-main/project_root/data/temp_frames/video10/frame_00159.png,"[678, 321, 2082, 1358]",RIGHT_WRIST,-0.3998150682403161,1.0841199220748157,0.9643420577049255,0.5509177669882774,0.4958684965968132,0.4024604804838225
00159,/Users/nikko/Downloads/moi-main/project_root/data/temp_frames/video10/frame_00159.png,"[678, 321, 2082, 1358]",RIGHT_KNEE,-0.9618260982042534,0.66227590550708,0.8957560062408447,0.5509177669882774,0.4958684965968132,0.4024604804838225
00159,/Users/nikko/Downloads/moi-main/project_root/data/temp_frames/video10/frame_00159.png,"[678, 321, 2082, 1358]",RIGHT_ANKLE,-1.1502098216322636,0.7052280459432729,0.9170124530792236,0.5509177669882774,0.4958684965968132,0.4024604804838225
00159,/Users/nikko/Downloads/moi-main/project_root/data/temp_frames/video10/frame_00159.png,"[678, 321, 2082, 1358]",LEFT_EYE,0.9673183724958232,-0.5312228928981964,0.9530128836631775,0.5509177669882774,0.4958684965968132,0.4024604804838225
00159,/Users/nikko/Downloads/moi-main/project_root/data/temp_frames/video10/frame_00159.png,"[678, 321, 2082, 1358]",RIGHT_EYE,0.91022351190649,-0.5340664247110883,0.9637949466705322,0.5509177669882774,0.4958684965968132,0.4024604804838225
00160,/Users/nikko/Downloads/moi-main/project_root/data/temp_frames/video10/frame_00160.png,"[662, 282, 2067, 1355]",LEFT_SHOULDER,0.6735571352783514,-0.10145008808393442,0.9999778270721436,0.5616351589560509,0.48129619657993317,0.3983189293308961
00160,/Users/nikko/Downloads/moi-main/project_root/data/temp_frames/video10/frame_00160.png,"[662, 282, 2067, 1355]",RIGHT_SHOULDER,-0.02173743408313217,-0.4294143344365119,0.999777615070343,0.5616351589560509,0.48129619657993317,0.3983189293308961
00160,/Users/nikko/Downloads/moi-main/project_root/data/temp_frames/video10/frame_00160.png,"[662, 282, 2067, 1355]",LEFT_HIP,-0.161538774344969,0.3639953973581042,0.999970555305481,0.5616351589560509,0.48129619657993317,0.3983189293308961
00160,/Users/nikko/Downloads/moi-main/project_root/data/temp_frames/video10/frame_00160.png,"[662, 282, 2067, 1355]",RIGHT_HIP,-0.4902809268502502,0.16686902516234214,0.999964714050293,0.5616351589560509,0.48129619657993317,0.3983189293308961
00160,/Users/nikko/Downloads/moi-main/project_root/data/temp_frames/video10/frame_00160.png,"[662, 282, 2067, 1355]",LEFT_ELBOW,0.5994636879054197,0.5345744969112364,0.901561439037323,0.5616351589560509,0.48129619657993317,0.3983189293308961
00160,/Users/nikko/Downloads/moi-main/project_root/data/temp_frames/video10/frame_00160.png,"[662, 282, 2067, 1355]",RIGHT_ELBOW,-0.4758843133772636,0.39174922137310114,0.9960222840309143,0.5616351589560509,0.48129619657993317,0.3983189293308961
00160,/Users/nikko/Downloads/moi-main/project_root/data/temp_frames/video10/frame_00160.png,"[662, 282, 2067, 1355]",LEFT_WRIST,0.6478260019368365,1.15690091547925,0.9252741932868958,0.5616351589560509,0.48129619657993317,0.3983189293308961
00160,/Users/nikko/Downloads/moi-main/project_root/data/temp_frames/video10/frame_00160.png,"[662, 282, 2067, 1355]",RIGHT_WRIST,-0.37486163597884614,1.1487100432890904,0.9963448643684387,0.5616351589560509,0.48129619657993317,0.3983189293308961
00160,/Users/nikko/Downloads/moi-main/project_root/data/temp_frames/video10/frame_00160.png,"[662, 282, 2067, 1355]",RIGHT_KNEE,-0.9621820532144378,0.6618627487061618,0.9181961417198181,0.5616351589560509,0.48129619657993317,0.3983189293308961
00160,/Users/nikko/Downloads/moi-main/project_root/data/temp_frames/video10/frame_00160.png,"[662, 282, 2067, 1355]",RIGHT_ANKLE,-1.2142422208178316,0.7743805850526357,0.9436163902282715,0.5616351589560509,0.48129619657993317,0.3983189293308961
00160,/Users/nikko/Downloads/moi-main/project_root/data/temp_frames/video10/frame_00160.png,"[662, 282, 2067, 1355]",LEFT_EYE,0.9559425305881516,-0.553407876465706,0.9870728254318237,0.5616351589560509,0.48129619657993317,0.3983189293308961
00160,/Users/nikko/Downloads/moi-main/project_root/data/temp_frames/video10/frame_00160.png,"[662, 282, 2067, 1355]",RIGHT_EYE,0.9004549343855044,-0.5597732093445431,0.9930608868598938,0.5616351589560509,0.48129619657993317,0.3983189293308961
00161,/Users/nikko/Downloads/moi-main/project_root/data/temp_frames/video10/frame_00161.png,"[661, 229, 2050, 1354]",LEFT_SHOULDER,0.6678769905565017,-0.16142236082367298,0.9999114274978638,0.5481396988034248,0.49931062012910843,0.43589371525525633
00161,/Users/nikko/Downloads/moi-main/project_root/data/temp_frames/video10/frame_00161.png,"[661, 229, 2050, 1354]",RIGHT_SHOULDER,0.01049788096952956,-0.40509476227431207,0.9995312690734863,0.5481396988034248,0.49931062012910843,0.43589371525525633
00161,/Users/nikko/Downloads/moi-main/project_root/data/temp_frames/video10/frame_00161.png,"[661, 229, 2050, 1354]",LEFT_HIP,-0.18950641232564489,0.35295850875765533,0.999870777130127,0.5481396988034248,0.49931062012910843,0.43589371525525633
00161,/Users/nikko/Downloads/moi-main/project_root/data/temp_frames/video10/frame_00161.png,"[661, 229, 2050, 1354]",RIGHT_HIP,-0.48886845920038646,0.2135586143403297,0.9998584985733032,0.5481396988034248,0.49931062012910843,0.43589371525525633
00161,/Users/nikko/Downloads/moi-main/project_root/data/temp_frames/video10/frame_00161.png,"[661, 229, 2050, 1354]",LEFT_ELBOW,0.590027197395471,0.45788798905257144,0.7971499562263489,0.5481396988034248,0.49931062012910843,0.43589371525525633
00161,/Users/nikko/Downloads/moi-main/project_root/data/temp_frames/video10/frame_00161.png,"[661, 229, 2050, 1354]",RIGHT_ELBOW,-0.3623622376459336,0.3751109989854464,0.9863916635513306,0.5481396988034248,0.49931062012910843,0.43589371525525633
00161,/Users/nikko/Downloads/moi-main/project_root/data/temp_frames/video10/frame_00161.png,"[661, 229, 2050, 1354]",LEFT_WRIST,0.6498765111758965,1.0292472901940426,0.8481535911560059,0.5481396988034248,0.49931062012910843,0.43589371525525633
00161,/Users/nikko/Downloads/moi-main/project_root/data/temp_frames/video10/frame_00161.png,"[661, 229, 2050, 1354]",RIGHT_WRIST,-0.2776576063947492,1.057705192231392,0.9892003536224365,0.5481396988034248,0.49931062012910843,0.43589371525525633
00161,/Users/nikko/Downloads/moi-main/project_root/data/temp_frames/video10/frame_00161.png,"[661, 229, 2050, 1354]",RIGHT_KNEE,-0.8359937749094963,0.5890240636984958,0.7605620622634888,0.5481396988034248,0.49931062012910843,0.43589371525525633
00161,/Users/nikko/Downloads/moi-main/project_root/data/temp_frames/video10/frame_00161.png,"[661, 229, 2050, 1354]",RIGHT_ANKLE,-1.05981963903456,0.7002964229012489,0.8514277935028076,0.5481396988034248,0.49931062012910843,0.43589371525525633
00161,/Users/nikko/Downloads/moi-main/project_root/data/temp_frames/video10/frame_00161.png,"[661, 229, 2050, 1354]",LEFT_EYE,0.9058221905080595,-0.5717825323551912,0.9675506353378296,0.5481396988034248,0.49931062012910843,0.43589371525525633
00161,/Users/nikko/Downloads/moi-main/project_root/data/temp_frames/video10/frame_00161.png,"[661, 229, 2050, 1354]",RIGHT_EYE,0.8395025549891562,-0.5845599409833512,0.9821962118148804,0.5481396988034248,0.49931062012910843,0.43589371525525633
00162,/Users/nikko/Downloads/moi-main/project_root/data/temp_frames/video10/frame_00162.png,"[661, 229, 2050, 1355]",LEFT_SHOULDER,0.6681523751611714,-0.1640497697586134,0.99992835521698,0.548503078520298,0.4982045143842697,0.43475145734183007
00162,/Users/nikko/Downloads/moi-main/project_root/data/temp_frames/video10/frame_00162.png,"[661, 229, 2050, 1355]",RIGHT_SHOULDER,0.009629990952447591,-0.4039131373859783,0.9997205138206482,0.548503078520298,0.4982045143842697,0.43475145734183007
00162,/Users/nikko/Downloads/moi-main/project_root/data/temp_frames/video10/frame_00162.png,"[661, 229, 2050, 1355]",LEFT_HIP,-0.19072484966678657,0.35486440311925105,0.9999080896377563,0.548503078520298,0.4982045143842697,0.43475145734183007
00162,/Users/nikko/Downloads/moi-main/project_root/data/temp_frames/video10/frame_00162.png,"[661, 229, 2050, 1355]",RIGHT_HIP,-0.48705751644683243,0.2130985040253406,0.9999096393585205,0.548503078520298,0.4982045143842697,0.43475145734183007
00162,/Users/nikko/Downloads/moi-main/project_root/data/temp_frames/video10/frame_00162.png,"[661, 229, 2050, 1355]",LEFT_ELBOW,0.5901461631754715,0.44143473531125105,0.7488436698913574,0.548503078520298,0.4982045143842697,0.43475145734183007
00162,/Users/nikko/Downloads/moi-main/project_root/data/temp_frames/video10/frame_00162.png,"[661, 229, 2050, 1355]",RIGHT_ELBOW,-0.364744396844346,0.36024052526009,0.9898560047149658,0.548503078520298,0.4982045143842697,0.43475145734183007
00162,/Users/nikko/Downloads/moi-main/project_root/data/temp_frames/video10/frame_00162.png,"[661, 229, 2050, 1355]",LEFT_WRIST,0.6437427268761833,1.0307919707626465,0.8211912512779236,0.548503078520298,0.4982045143842697,0.43475145734183007
00162,/Users/nikko/Downloads/moi-main/project_root/data/temp_frames/video10/frame_00162.png,"[661, 229, 2050, 1355]",RIGHT_WRIST,-0.2719579277113919,1.0519491837443649,0.9939646124839783,0.548503078520298,0.4982045143842697,0.43475145734183007
00162,/Users/nikko/Downloads/moi-main/project_root/data/temp_frames/video10/frame_00162.png,"[661, 229, 2050, 1355]",RIGHT_KNEE,-0.8387140419272558,0.5919150167660112,0.7664437294006348,0.548503078520298,0.4982045143842697,0.43475145734183007
00162,/Users/nikko/Downloads/moi-main/project_root/data/temp_frames/video10/frame_00162.png,"[661, 229, 2050, 1355]",RIGHT_ANKLE,-1.0653187623729417,0.695512272096695,0.8556550145149231,0.548503078520298,0.4982045143842697,0.43475145734183007
00162,/Users/nikko/Downloads/moi-main/project_root/data/temp_frames/video10/frame_00162.png,"[661, 229, 2050, 1355]",LEFT_EYE,0.9068196779744012,-0.5751036156227218,0.9707080125808716,0.548503078520298,0.4982045143842697,0.43475145734183007
00162,/Users/nikko/Downloads/moi-main/project_root/data/temp_frames/video10/frame_00162.png,"[661, 229, 2050, 1355]",RIGHT_EYE,0.8407519038480838,-0.5863873985660688,0.9850097298622131,0.548503078520298,0.4982045143842697,0.43475145734183007
00163,/Users/nikko/Downloads/moi-main/project_root/data/temp_frames/video10/frame_00163.png,"[667, 192, 2034, 1348]",LEFT_SHOULDER,0.6672029993132569,-0.1587410344395741,0.999902606010437,0.5492335706949234,0.4967530071735382,0.42529480537275943
00163,/Users/nikko/Downloads/moi-main/project_root/data/temp_frames/video10/frame_00163.png,"[667, 192, 2034, 1348]",RIGHT_SHOULDER,0.0006059692702376518,-0.4197025503207755,0.9983810186386108,0.5492335706949234,0.4967530071735382,0.42529480537275943
00163,/Users/nikko/Downloads/moi-main/project_root/data/temp_frames/video10/frame_00163.png,"[667, 192, 2034, 1348]",LEFT_HIP,-0.1950023126525492,0.35287452835872735,0.9996150732040405,0.5492335706949234,0.4967530071735382,0.42529480537275943
00163,/Users/nikko/Downloads/moi-main/project_root/data/temp_frames/video10/frame_00163.png,"[667, 192, 2034, 1348]",RIGHT_HIP,-0.4728066559309453,0.22556905640162228,0.9994550347328186,0.5492335706949234,0.4967530071735382,0.42529480537275943
00163,/Users/nikko/Downloads/moi-main/project_root/data/temp_frames/video10/frame_00163.png,"[667, 192, 2034, 1348]",LEFT_ELBOW,0.6347391635643562,0.4490199707816807,0.8931353092193604,0.5492335706949234,0.4967530071735382,0.42529480537275943
00163,/Users/nikko/Downloads/moi-main/project_root/data/temp_frames/video10/frame_00163.png,"[667, 192, 2034, 1348]",RIGHT_ELBOW,-0.345540495770383,0.36363839256504416,0.9812291860580444,0.5492335706949234,0.4967530071735382,0.42529480537275943
00163,/Users/nikko/Downloads/moi-main/project_root/data/temp_frames/video10/frame_00163.png,"[667, 192, 2034, 1348]",LEFT_WRIST,0.690712014241843,1.040985832509681,0.8746646642684937,0.5492335706949234,0.4967530071735382,0.42529480537275943
00163,/Users/nikko/Downloads/moi-main/project_root/data/temp_frames/video10/frame_00163.png,"[667, 192, 2034, 1348]",RIGHT_WRIST,-0.30725781338812075,1.113622119855041,0.9677196145057678,0.5492335706949234,0.4967530071735382,0.42529480537275943
00163,/Users/nikko/Downloads/moi-main/project_root/data/temp_frames/video10/frame_00163.png,"[667, 192, 2034, 1348]",RIGHT_KNEE,-0.8906570670459791,0.6087337794808025,0.9432419538497925,0.5492335706949234,0.4967530071735382,0.42529480537275943
00163,/Users/nikko/Downloads/moi-main/project_root/data/temp_frames/video10/frame_00163.png,"[667, 192, 2034, 1348]",LEFT_ANKLE,-0.9341828639396864,0.8119316206694616,0.5079850554466248,0.5492335706949234,0.4967530071735382,0.42529480537275943
00163,/Users/nikko/Downloads/moi-main/project_root/data/temp_frames/video10/frame_00163.png,"[667, 192, 2034, 1348]",RIGHT_ANKLE,-1.1093394464905029,0.7390457279421315,0.9497661590576172,0.5492335706949234,0.4967530071735382,0.42529480537275943
00163,/Users/nikko/Downloads/moi-main/project_root/data/temp_frames/video10/frame_00163.png,"[667, 192, 2034, 1348]",LEFT_EYE,0.9363923831139985,-0.6117963506251912,0.9776895642280579,0.5492335706949234,0.4967530071735382,0.42529480537275943
00163,/Users/nikko/Downloads/moi-main/project_root/data/temp_frames/video10/frame_00163.png,"[667, 192, 2034, 1348]",RIGHT_EYE,0.8627558523036635,-0.6317319512778441,0.9853470325469971,0.5492335706949234,0.4967530071735382,0.42529480537275943
00164,/Users/nikko/Downloads/moi-main/project_root/data/temp_frames/video10/frame_00164.png,"[689, 150, 2037, 1357]",LEFT_SHOULDER,0.682504863119748,-0.17990158586887348,0.9998691082000732,0.5262425914406776,0.5042522475123405,0.44949768232855625
00164,/Users/nikko/Downloads/moi-main/project_root/data/temp_frames/video10/frame_00164.png,"[689, 150, 2037, 1357]",RIGHT_SHOULDER,4.160412396656033e-06,-0.39540862746690886,0.999195396900177,0.5262425914406776,0.5042522475123405,0.44949768232855625
00164,/Users/nikko/Downloads/moi-main/project_root/data/temp_frames/video10/frame_00164.png,"[689, 150, 2037, 1357]",LEFT_HIP,-0.20107357647314397,0.34288177999965525,0.9996191263198853,0.5262425914406776,0.5042522475123405,0.44949768232855625
00164,/Users/nikko/Downloads/moi-main/project_root/data/temp_frames/video10/frame_00164.png,"[689, 150, 2037, 1357]",RIGHT_HIP,-0.4814354470590007,0.2324284333361271,0.9995743632316589,0.5262425914406776,0.5042522475123405,0.44949768232855625
00164,/Users/nikko/Downloads/moi-main/project_root/data/temp_frames/video10/frame_00164.png,"[689, 150, 2037, 1357]",LEFT_ELBOW,0.6323757060701274,0.4006369232463018,0.8080159425735474,0.5262425914406776,0.5042522475123405,0.44949768232855625
00164,/Users/nikko/Downloads/moi-main/project_root/data/temp_frames/video10/frame_00164.png,"[689, 150, 2037, 1357]",RIGHT_ELBOW,-0.2674162087148452,0.38468878622810826,0.9719549417495728,0.5262425914406776,0.5042522475123405,0.44949768232855625
00164,/Users/nikko/Downloads/moi-main/project_root/data/temp_frames/video10/frame_00164.png,"[689, 150, 2037, 1357]",LEFT_WRIST,0.7090864175112593,0.9597828238727464,0.8461818695068359,0.5262425914406776,0.5042522475123405,0.44949768232855625
00164,/Users/nikko/Downloads/moi-main/project_root/data/temp_frames/video10/frame_00164.png,"[689, 150, 2037, 1357]",RIGHT_WRIST,-0.21847417810286804,1.0150398632424016,0.9796558618545532,0.5262425914406776,0.5042522475123405,0.44949768232855625
00164,/Users/nikko/Downloads/moi-main/project_root/data/temp_frames/video10/frame_00164.png,"[689, 150, 2037, 1357]",RIGHT_KNEE,-0.819791112754799,0.5718317604898658,0.5847466588020325,0.5262425914406776,0.5042522475123405,0.44949768232855625
00164,/Users/nikko/Downloads/moi-main/project_root/data/temp_frames/video10/frame_00164.png,"[689, 150, 2037, 1357]",RIGHT_ANKLE,-1.0214811430026205,0.6907902498186216,0.7073948979377747,0.5262425914406776,0.5042522475123405,0.44949768232855625
00164,/Users/nikko/Downloads/moi-main/project_root/data/temp_frames/video10/frame_00164.png,"[689, 150, 2037, 1357]",LEFT_EYE,0.9129984726365553,-0.614565494435837,0.9731354713439941,0.5262425914406776,0.5042522475123405,0.44949768232855625
00164,/Users/nikko/Downloads/moi-main/project_root/data/temp_frames/video10/frame_00164.png,"[689, 150, 2037, 1357]",RIGHT_EYE,0.8338806228293199,-0.6325333376314509,0.9854643940925598,0.5262425914406776,0.5042522475123405,0.44949768232855625
00165,/Users/nikko/Downloads/moi-main/project_root/data/temp_frames/video10/frame_00165.png,"[689, 149, 2036, 1357]",LEFT_SHOULDER,0.6827212929541236,-0.17925861316398994,0.9999004602432251,0.5261040776968002,0.5051618590950966,0.4492644665389155
00165,/Users/nikko/Downloads/moi-main/project_root/data/temp_frames/video10/frame_00165.png,"[689, 149, 2036, 1357]",RIGHT_SHOULDER,0.0007831937432778169,-0.3942470701766739,0.9992501139640808,0.5261040776968002,0.5051618590950966,0.4492644665389155
00165,/Users/nikko/Downloads/moi-main/project_root/data/temp_frames/video10/frame_00165.png,"[689, 149, 2036, 1357]",LEFT_HIP,-0.20061106568249015,0.34331294253953065,0.9997145533561707,0.5261040776968002,0.5051618590950966,0.4492644665389155
00165,/Users/nikko/Downloads/moi-main/project_root/data/temp_frames/video10/frame_00165.png,"[689, 149, 2036, 1357]",RIGHT_HIP,-0.48289342101491134,0.2301927408011332,0.9996641874313354,0.5261040776968002,0.5051618590950966,0.4492644665389155
00165,/Users/nikko/Downloads/moi-main/project_root/data/temp_frames/video10/frame_00165.png,"[689, 149, 2036, 1357]",LEFT_ELBOW,0.6377006379504984,0.39638145803817687,0.8149203062057495,0.5261040776968002,0.5051618590950966,0.4492644665389155
00165,/Users/nikko/Downloads/moi-main/project_root/data/temp_frames/video10/frame_00165.png,"[689, 149, 2036, 1357]",RIGHT_ELBOW,-0.26553637756276804,0.38287004754240656,0.9696881175041199,0.5261040776968002,0.5051618590950966,0.4492644665389155
00165,/Users/nikko/Downloads/moi-main/project_root/data/temp_frames/video10/frame_00165.png,"[689, 149, 2036, 1357]",LEFT_WRIST,0.713987217710118,0.9601762752896892,0.8672100901603699,0.5261040776968002,0.5051618590950966,0.4492644665389155
00165,/Users/nikko/Downloads/moi-main/project_root/data/temp_frames/video10/frame_00165.png,"[689, 149, 2036, 1357]",RIGHT_WRIST,-0.21753916841908266,1.0029058240801836,0.9776581525802612,0.5261040776968002,0.5051618590950966,0.4492644665389155
00165,/Users/nikko/Downloads/moi-main/project_root/data/temp_frames/video10/frame_00165.png,"[689, 149, 2036, 1357]",RIGHT_KNEE,-0.8162851963629632,0.5708645396409924,0.5595220327377319,0.5261040776968002,0.5051618590950966,0.4492644665389155
00165,/Users/nikko/Downloads/moi-main/project_root/data/temp_frames/video10/frame_00165.png,"[689, 149, 2036, 1357]",RIGHT_ANKLE,-1.0165132059093793,0.6816093886872887,0.6930193901062012,0.5261040776968002,0.5051618590950966,0.4492644665389155
00165,/Users/nikko/Downloads/moi-main/project_root/data/temp_frames/video10/frame_00165.png,"[689, 149, 2036, 1357]",LEFT_EYE,0.9154683107114546,-0.6144037833309447,0.974736213684082,0.5261040776968002,0.5051618590950966,0.4492644665389155
00165,/Users/nikko/Downloads/moi-main/project_root/data/temp_frames/video10/frame_00165.png,"[689, 149, 2036, 1357]",RIGHT_EYE,0.8367814359950938,-0.6331908476450365,0.9852982759475708,0.5261040776968002,0.5051618590950966,0.4492644665389155
00166,/Users/nikko/Downloads/moi-main/project_root/data/temp_frames/video10/frame_00166.png,"[688, 127, 2025, 1357]",LEFT_SHOULDER,0.665339243534356,-0.2162672478203822,0.9996887445449829,0.5278297141194344,0.4988504946231842,0.4579578467327754
00166,/Users/nikko/Downloads/moi-main/project_root/data/temp_frames/video10/frame_00166.png,"[688, 127, 2025, 1357]",RIGHT_SHOULDER,0.004487793626820191,-0.38437263334264865,0.998884379863739,0.5278297141194344,0.4988504946231842,0.4579578467327754
00166,/Users/nikko/Downloads/moi-main/project_root/data/temp_frames/video10/frame_00166.png,"[688, 127, 2025, 1357]",LEFT_HIP,-0.1903813694058463,0.35654856340112867,0.9995120763778687,0.5278297141194344,0.4988504946231842,0.4579578467327754
00166,/Users/nikko/Downloads/moi-main/project_root/data/temp_frames/video10/frame_00166.png,"[688, 127, 2025, 1357]",RIGHT_HIP,-0.47944566775532993,0.24409131776190218,0.999497652053833,0.5278297141194344,0.4988504946231842,0.4579578467327754
00166,/Users/nikko/Downloads/moi-main/project_root/data/temp_frames/video10/frame_00166.png,"[688, 127, 2025, 1357]",LEFT_ELBOW,0.6394128712288691,0.32696540890147935,0.7440016865730286,0.5278297141194344,0.4988504946231842,0.4579578467327754
00166,/Users/nikko/Downloads/moi-main/project_root/data/temp_frames/video10/frame_00166.png,"[688, 127, 2025, 1357]",RIGHT_ELBOW,-0.23767022961941825,0.37058258438810016,0.9789224863052368,0.5278297141194344,0.4988504946231842,0.4579578467327754
00166,/Users/nikko/Downloads/moi-main/project_root/data/temp_frames/video10/frame_00166.png,"[688, 127, 2025, 1357]",LEFT_WRIST,0.7014908357828946,0.9025837422825789,0.676575779914856,0.5278297141194344,0.4988504946231842,0.4579578467327754
00166,/Users/nikko/Downloads/moi-main/project_root/data/temp_frames/video10/frame_00166.png,"[688, 127, 2025, 1357]",RIGHT_WRIST,-0.21223987087251453,0.9975334403403789,0.9758158922195435,0.5278297141194344,0.4988504946231842,0.4579578467327754
00166,/Users/nikko/Downloads/moi-main/project_root/data/temp_frames/video10/frame_00166.png,"[688, 127, 2025, 1357]",RIGHT_KNEE,-0.8235029151576494,0.5713953200175286,0.8042517304420471,0.5278297141194344,0.4988504946231842,0.4579578467327754
00166,/Users/nikko/Downloads/moi-main/project_root/data/temp_frames/video10/frame_00166.png,"[688, 127, 2025, 1357]",RIGHT_ANKLE,-0.9975373449341227,0.6905378809117078,0.8807573914527893,0.5278297141194344,0.4988504946231842,0.4579578467327754
00166,/Users/nikko/Downloads/moi-main/project_root/data/temp_frames/video10/frame_00166.png,"[688, 127, 2025, 1357]",LEFT_EYE,0.8919721465194408,-0.6076698744307146,0.9739018082618713,0.5278297141194344,0.4988504946231842,0.4579578467327754
00166,/Users/nikko/Downloads/moi-main/project_root/data/temp_frames/video10/frame_00166.png,"[688, 127, 2025, 1357]",RIGHT_EYE,0.812043811053286,-0.6284207402671198,0.9875419735908508,0.5278297141194344,0.4988504946231842,0.4579578467327754
00167,/Users/nikko/Downloads/moi-main/project_root/data/temp_frames/video10/frame_00167.png,"[690, 106, 2016, 1357]",LEFT_SHOULDER,0.6582585552069274,-0.25233090707323264,0.999578058719635,0.5316660106182098,0.4937525764107704,0.4543993058248885
00167,/Users/nikko/Downloads/moi-main/project_root/data/temp_frames/video10/frame_00167.png,"[690, 106, 2016, 1357]",RIGHT_SHOULDER,-0.012597993478013218,-0.3708218819491206,0.9997190833091736,0.5316660106182098,0.4937525764107704,0.4543993058248885
00167,/Users/nikko/Downloads/moi-main/project_root/data/temp_frames/video10/frame_00167.png,"[690, 106, 2016, 1357]",LEFT_HIP,-0.16256076732829536,0.3627840639552966,0.999798595905304,0.5316660106182098,0.4937525764107704,0.4543993058248885
00167,/Users/nikko/Downloads/moi-main/project_root/data/temp_frames/video10/frame_00167.png,"[690, 106, 2016, 1357]",RIGHT_HIP,-0.4830997944006189,0.2603687250670566,0.9998767375946045,0.5316660106182098,0.4937525764107704,0.4543993058248885
00167,/Users/nikko/Downloads/moi-main/project_root/data/temp_frames/video10/frame_00167.png,"[690, 106, 2016, 1357]",RIGHT_ELBOW,-0.21021294344694366,0.39206816974261743,0.991887629032135,0.5316660106182098,0.4937525764107704,0.4543993058248885
00167,/Users/nikko/Downloads/moi-main/project_root/data/temp_frames/video10/frame_00167.png,"[690, 106, 2016, 1357]",RIGHT_WRIST,-0.22450174908357157,1.0265721258449487,0.9955434203147888,0.5316660106182098,0.4937525764107704,0.4543993058248885
00167,/Users/nikko/Downloads/moi-main/project_root/data/temp_frames/video10/frame_00167.png,"[690, 106, 2016, 1357]",RIGHT_KNEE,-0.8257034282463863,0.5972805591856272,0.7018542289733887,0.5316660106182098,0.4937525764107704,0.4543993058248885
00167,/Users/nikko/Downloads/moi-main/project_root/data/temp_frames/video10/frame_00167.png,"[690, 106, 2016, 1357]",RIGHT_ANKLE,-1.025620043816224,0.7255414507249642,0.873324990272522,0.5316660106182098,0.4937525764107704,0.4543993058248885
00167,/Users/nikko/Downloads/moi-main/project_root/data/temp_frames/video10/frame_00167.png,"[690, 106, 2016, 1357]",LEFT_EYE,0.8869462121415178,-0.6073382024953076,0.9546589255332947,0.5316660106182098,0.4937525764107704,0.4543993058248885
00167,/Users/nikko/Downloads/moi-main/project_root/data/temp_frames/video10/frame_00167.png,"[690, 106, 2016, 1357]",RIGHT_EYE,0.809066800722714,-0.6268313384499429,0.98698890209198,0.5316660106182098,0.4937525764107704,0.4543993058248885
00168,/Users/nikko/Downloads/moi-main/project_root/data/temp_frames/video10/frame_00168.png,"[689, 97, 2009, 1357]",LEFT_SHOULDER,0.6574609915905337,-0.25528277305353514,0.9995712637901306,0.5296282172203064,0.4933422729372978,0.4600510471731274
00168,/Users/nikko/Downloads/moi-main/project_root/data/temp_frames/video10/frame_00168.png,"[689, 97, 2009, 1357]",RIGHT_SHOULDER,-0.006411322971296769,-0.368555244341478,0.9996871948242188,0.5296282172203064,0.4933422729372978,0.4600510471731274
00168,/Users/nikko/Downloads/moi-main/project_root/data/temp_frames/video10/frame_00168.png,"[689, 97, 2009, 1357]",LEFT_HIP,-0.17036025918786485,0.36405070207139006,0.9998446702957153,0.5296282172203064,0.4933422729372978,0.4600510471731274
00168,/Users/nikko/Downloads/moi-main/project_root/data/temp_frames/video10/frame_00168.png,"[689, 97, 2009, 1357]",RIGHT_HIP,-0.48068940943137217,0.2597873153236231,0.9998975992202759,0.5296282172203064,0.4933422729372978,0.4600510471731274
00168,/Users/nikko/Downloads/moi-main/project_root/data/temp_frames/video10/frame_00168.png,"[689, 97, 2009, 1357]",RIGHT_ELBOW,-0.19021242811302205,0.37776796628450604,0.9895602464675903,0.5296282172203064,0.4933422729372978,0.4600510471731274
00168,/Users/nikko/Downloads/moi-main/project_root/data/temp_frames/video10/frame_00168.png,"[689, 97, 2009, 1357]",RIGHT_WRIST,-0.2076670718975539,1.0177195745945926,0.992581844329834,0.5296282172203064,0.4933422729372978,0.4600510471731274
00168,/Users/nikko/Downloads/moi-main/project_root/data/temp_frames/video10/frame_00168.png,"[689, 97, 2009, 1357]",RIGHT_KNEE,-0.8168316653638166,0.5893622245262948,0.7347253561019897,0.5296282172203064,0.4933422729372978,0.4600510471731274
00168,/Users/nikko/Downloads/moi-main/project_root/data/temp_frames/video10/frame_00168.png,"[689, 97, 2009, 1357]",RIGHT_ANKLE,-1.0133096118085714,0.7552028152046678,0.8863970041275024,0.5296282172203064,0.4933422729372978,0.4600510471731274
00168,/Users/nikko/Downloads/moi-main/project_root/data/temp_frames/video10/frame_00168.png,"[689, 97, 2009, 1357]",LEFT_EYE,0.8822203253316128,-0.6044786172989144,0.9487757086753845,0.5296282172203064,0.4933422729372978,0.4600510471731274
00168,/Users/nikko/Downloads/moi-main/project_root/data/temp_frames/video10/frame_00168.png,"[689, 97, 2009, 1357]",RIGHT_EYE,0.8054958931253626,-0.624190795631559,0.9837325215339661,0.5296282172203064,0.4933422729372978,0.4600510471731274
