frame_id,image_path,bbox,landmark,x_norm,y_norm,visibility,center_x,center_y,unit_length
00000,/Users/nikko/Downloads/moi-main/project_root/data/temp_frames/video6/frame_00000.png,"[780, 127, 1169, 1320]",LEFT_SHOULDER,-0.5447889878867622,-0.30113932319264053,0.9996095299720764,0.5167883262038231,0.42561836540699005,0.4553692571977822
00000,/Users/nikko/Downloads/moi-main/project_root/data/temp_frames/video6/frame_00000.png,"[780, 127, 1169, 1320]",RIGHT_SHOULDER,0.48605183736142493,-0.3110686038190833,0.9982989430427551,0.5167883262038231,0.42561836540699005,0.4553692571977822
00000,/Users/nikko/Downloads/moi-main/project_root/data/temp_frames/video6/frame_00000.png,"[780, 127, 1169, 1320]",LEFT_HIP,-0.2447891209172404,0.3087545466043547,0.9998743534088135,0.5167883262038231,0.42561836540699005,0.4553692571977822
00000,/Users/nikko/Downloads/moi-main/project_root/data/temp_frames/video6/frame_00000.png,"[780, 127, 1169, 1320]",RIGHT_HIP,0.30352627144257766,0.3034533804073691,0.99982750415802,0.5167883262038231,0.42561836540699005,0.4553692571977822
00000,/Users/nikko/Downloads/moi-main/project_root/data/temp_frames/video6/frame_00000.png,"[780, 127, 1169, 1320]",LEFT_ELBOW,-0.755479682533442,-0.5852026083673465,0.8966063857078552,0.5167883262038231,0.42561836540699005,0.4553692571977822
00000,/Users/nikko/Downloads/moi-main/project_root/data/temp_frames/video6/frame_00000.png,"[780, 127, 1169, 1320]",RIGHT_ELBOW,0.7071619087217836,-0.5721350700755364,0.8024419546127319,0.5167883262038231,0.42561836540699005,0.4553692571977822
00000,/Users/nikko/Downloads/moi-main/project_root/data/temp_frames/video6/frame_00000.png,"[780, 127, 1169, 1320]",LEFT_WRIST,-0.9817614178363137,-0.8451269023710861,0.9170777201652527,0.5167883262038231,0.42561836540699005,0.4553692571977822
00000,/Users/nikko/Downloads/moi-main/project_root/data/temp_frames/video6/frame_00000.png,"[780, 127, 1169, 1320]",RIGHT_WRIST,0.9166925314990232,-0.83697007647958,0.7323845624923706,0.5167883262038231,0.42561836540699005,0.4553692571977822
00000,/Users/nikko/Downloads/moi-main/project_root/data/temp_frames/video6/frame_00000.png,"[780, 127, 1169, 1320]",LEFT_KNEE,-0.3581663404091039,0.6994342645911205,0.742022693157196,0.5167883262038231,0.42561836540699005,0.4553692571977822
00000,/Users/nikko/Downloads/moi-main/project_root/data/temp_frames/video6/frame_00000.png,"[780, 127, 1169, 1320]",RIGHT_KNEE,0.42573870248292084,0.6877872752238618,0.8821021318435669,0.5167883262038231,0.42561836540699005,0.4553692571977822
00000,/Users/nikko/Downloads/moi-main/project_root/data/temp_frames/video6/frame_00000.png,"[780, 127, 1169, 1320]",LEFT_ANKLE,0.11869594171147058,1.0008032068158859,0.8536583781242371,0.5167883262038231,0.42561836540699005,0.4553692571977822
00000,/Users/nikko/Downloads/moi-main/project_root/data/temp_frames/video6/frame_00000.png,"[780, 127, 1169, 1320]",RIGHT_ANKLE,-0.016693094206698525,0.9877429658084087,0.9057452082633972,0.5167883262038231,0.42561836540699005,0.4553692571977822
00000,/Users/nikko/Downloads/moi-main/project_root/data/temp_frames/video6/frame_00000.png,"[780, 127, 1169, 1320]",LEFT_EYE,-0.09816108908949178,-0.44865353330298524,0.9950869679450989,0.5167883262038231,0.42561836540699005,0.4553692571977822
00000,/Users/nikko/Downloads/moi-main/project_root/data/temp_frames/video6/frame_00000.png,"[780, 127, 1169, 1320]",RIGHT_EYE,0.06473569822483555,-0.44662335026578037,0.9966627955436707,0.5167883262038231,0.42561836540699005,0.4553692571977822
00001,/Users/nikko/Downloads/moi-main/project_root/data/temp_frames/video6/frame_00001.png,"[780, 127, 1169, 1318]",LEFT_SHOULDER,-0.5471668261412329,-0.3000800152072721,0.9996672868728638,0.5170873329043388,0.42580845206975937,0.4575371071410166
00001,/Users/nikko/Downloads/moi-main/project_root/data/temp_frames/video6/frame_00001.png,"[780, 127, 1169, 1318]",RIGHT_SHOULDER,0.4890546983430985,-0.31052626618523604,0.9984946250915527,0.5170873329043388,0.42580845206975937,0.4575371071410166
00001,/Users/nikko/Downloads/moi-main/project_root/data/temp_frames/video6/frame_00001.png,"[780, 127, 1169, 1318]",LEFT_HIP,-0.24363606331355644,0.30862913581667056,0.9999010562896729,0.5170873329043388,0.42580845206975937,0.4575371071410166
00001,/Users/nikko/Downloads/moi-main/project_root/data/temp_frames/video6/frame_00001.png,"[780, 127, 1169, 1318]",RIGHT_HIP,0.30174819111169077,0.3019771455758376,0.999866247177124,0.5170873329043388,0.42580845206975937,0.4575371071410166
00001,/Users/nikko/Downloads/moi-main/project_root/data/temp_frames/video6/frame_00001.png,"[780, 127, 1169, 1318]",LEFT_ELBOW,-0.7638774373685933,-0.5850450787442417,0.9024183750152588,0.5170873329043388,0.42580845206975937,0.4575371071410166
00001,/Users/nikko/Downloads/moi-main/project_root/data/temp_frames/video6/frame_00001.png,"[780, 127, 1169, 1318]",RIGHT_ELBOW,0.7147929873485875,-0.5672712427310975,0.8077778816223145,0.5170873329043388,0.42580845206975937,0.4575371071410166
00001,/Users/nikko/Downloads/moi-main/project_root/data/temp_frames/video6/frame_00001.png,"[780, 127, 1169, 1318]",LEFT_WRIST,-0.972795959571457,-0.8417006311478655,0.9176764488220215,0.5170873329043388,0.42580845206975937,0.4575371071410166
00001,/Users/nikko/Downloads/moi-main/project_root/data/temp_frames/video6/frame_00001.png,"[780, 127, 1169, 1318]",RIGHT_WRIST,0.9090595800172476,-0.8287289684632888,0.7329466938972473,0.5170873329043388,0.42580845206975937,0.4575371071410166
00001,/Users/nikko/Downloads/moi-main/project_root/data/temp_frames/video6/frame_00001.png,"[780, 127, 1169, 1318]",LEFT_KNEE,-0.3602233892322019,0.6940452836213362,0.7772475481033325,0.5170873329043388,0.42580845206975937,0.4575371071410166
00001,/Users/nikko/Downloads/moi-main/project_root/data/temp_frames/video6/frame_00001.png,"[780, 127, 1169, 1318]",RIGHT_KNEE,0.42148258244577086,0.6827944026303978,0.9115949273109436,0.5170873329043388,0.42580845206975937,0.4575371071410166
00001,/Users/nikko/Downloads/moi-main/project_root/data/temp_frames/video6/frame_00001.png,"[780, 127, 1169, 1318]",LEFT_ANKLE,0.10288140496482191,0.9894517780422878,0.8766732811927795,0.5170873329043388,0.42580845206975937,0.4575371071410166
00001,/Users/nikko/Downloads/moi-main/project_root/data/temp_frames/video6/frame_00001.png,"[780, 127, 1169, 1318]",RIGHT_ANKLE,-0.039995951123556445,0.9786641471648663,0.9296595454216003,0.5170873329043388,0.42580845206975937,0.4575371071410166
00001,/Users/nikko/Downloads/moi-main/project_root/data/temp_frames/video6/frame_00001.png,"[780, 127, 1169, 1318]",LEFT_EYE,-0.10150731992971271,-0.4453100656819237,0.9954826831817627,0.5170873329043388,0.42580845206975937,0.4575371071410166
00001,/Users/nikko/Downloads/moi-main/project_root/data/temp_frames/video6/frame_00001.png,"[780, 127, 1169, 1318]",RIGHT_EYE,0.06137974441542379,-0.44319840856295495,0.9969822764396667,0.5170873329043388,0.42580845206975937,0.4575371071410166
00002,/Users/nikko/Downloads/moi-main/project_root/data/temp_frames/video6/frame_00002.png,"[780, 126, 1169, 1309]",LEFT_SHOULDER,-0.5371611597669225,-0.2951991533303845,0.999578058719635,0.5131338313221931,0.4261472299695015,0.4577953979965207
00002,/Users/nikko/Downloads/moi-main/project_root/data/temp_frames/video6/frame_00002.png,"[780, 126, 1169, 1309]",RIGHT_SHOULDER,0.4909377032091447,-0.30551243594591165,0.9979891777038574,0.5131338313221931,0.4261472299695015,0.4577953979965207
00002,/Users/nikko/Downloads/moi-main/project_root/data/temp_frames/video6/frame_00002.png,"[780, 126, 1169, 1309]",LEFT_HIP,-0.26156483077080883,0.30343832839352336,0.999836802482605,0.5131338313221931,0.4261472299695015,0.4577953979965207
00002,/Users/nikko/Downloads/moi-main/project_root/data/temp_frames/video6/frame_00002.png,"[780, 126, 1169, 1309]",RIGHT_HIP,0.30778828732858665,0.2972732608827727,0.9997792840003967,0.5131338313221931,0.4261472299695015,0.4577953979965207
00002,/Users/nikko/Downloads/moi-main/project_root/data/temp_frames/video6/frame_00002.png,"[780, 126, 1169, 1309]",LEFT_ELBOW,-0.7551709200062786,-0.5787451266748257,0.810385525226593,0.5131338313221931,0.4261472299695015,0.4577953979965207
00002,/Users/nikko/Downloads/moi-main/project_root/data/temp_frames/video6/frame_00002.png,"[780, 126, 1169, 1309]",RIGHT_ELBOW,0.7189346618930353,-0.5585130653519796,0.7265950441360474,0.5131338313221931,0.4261472299695015,0.4577953979965207
00002,/Users/nikko/Downloads/moi-main/project_root/data/temp_frames/video6/frame_00002.png,"[780, 126, 1169, 1309]",LEFT_WRIST,-0.9703507331509604,-0.8360417555395682,0.8655914664268494,0.5131338313221931,0.4261472299695015,0.4577953979965207
00002,/Users/nikko/Downloads/moi-main/project_root/data/temp_frames/video6/frame_00002.png,"[780, 126, 1169, 1309]",RIGHT_WRIST,0.8911197335102128,-0.8203236310448199,0.6813564300537109,0.5131338313221931,0.4261472299695015,0.4577953979965207
00002,/Users/nikko/Downloads/moi-main/project_root/data/temp_frames/video6/frame_00002.png,"[780, 126, 1169, 1309]",RIGHT_KNEE,0.4172499717261357,0.6923107258620462,0.6905621886253357,0.5131338313221931,0.4261472299695015,0.4577953979965207
00002,/Users/nikko/Downloads/moi-main/project_root/data/temp_frames/video6/frame_00002.png,"[780, 126, 1169, 1309]",LEFT_ANKLE,0.0851895222216687,0.9988449497150967,0.5695177316665649,0.5131338313221931,0.4261472299695015,0.4577953979965207
00002,/Users/nikko/Downloads/moi-main/project_root/data/temp_frames/video6/frame_00002.png,"[780, 126, 1169, 1309]",RIGHT_ANKLE,-0.02656015464417926,0.9813440793105633,0.6982638239860535,0.5131338313221931,0.4261472299695015,0.4577953979965207
00002,/Users/nikko/Downloads/moi-main/project_root/data/temp_frames/video6/frame_00002.png,"[780, 126, 1169, 1309]",LEFT_EYE,-0.08113046109416801,-0.4443095220973518,0.9928399324417114,0.5131338313221931,0.4261472299695015,0.4577953979965207
00002,/Users/nikko/Downloads/moi-main/project_root/data/temp_frames/video6/frame_00002.png,"[780, 126, 1169, 1309]",RIGHT_EYE,0.08818397614407275,-0.4414735532846067,0.9953548908233643,0.5131338313221931,0.4261472299695015,0.4577953979965207
00003,/Users/nikko/Downloads/moi-main/project_root/data/temp_frames/video6/frame_00003.png,"[781, 126, 1169, 1305]",LEFT_SHOULDER,-0.5502191211766869,-0.2956503142268736,0.9997155070304871,0.5123900175094604,0.4276779964566231,0.45613182116024276
00003,/Users/nikko/Downloads/moi-main/project_root/data/temp_frames/video6/frame_00003.png,"[781, 126, 1169, 1305]",RIGHT_SHOULDER,0.4900160960308752,-0.3057586795831747,0.9988308548927307,0.5123900175094604,0.4276779964566231,0.45613182116024276
00003,/Users/nikko/Downloads/moi-main/project_root/data/temp_frames/video6/frame_00003.png,"[781, 126, 1169, 1305]",LEFT_HIP,-0.2475852038939074,0.30357606167682083,0.9998733997344971,0.5123900175094604,0.4276779964566231,0.45613182116024276
00003,/Users/nikko/Downloads/moi-main/project_root/data/temp_frames/video6/frame_00003.png,"[781, 126, 1169, 1305]",RIGHT_HIP,0.30778822903971914,0.2978329321332275,0.9998351335525513,0.5123900175094604,0.4276779964566231,0.45613182116024276
00003,/Users/nikko/Downloads/moi-main/project_root/data/temp_frames/video6/frame_00003.png,"[781, 126, 1169, 1305]",LEFT_ELBOW,-0.7642600056144057,-0.5764139172469481,0.8388031125068665,0.5123900175094604,0.4276779964566231,0.45613182116024276
00003,/Users/nikko/Downloads/moi-main/project_root/data/temp_frames/video6/frame_00003.png,"[781, 126, 1169, 1305]",RIGHT_ELBOW,0.7293960077677561,-0.5628027655657144,0.7764586210250854,0.5123900175094604,0.4276779964566231,0.45613182116024276
00003,/Users/nikko/Downloads/moi-main/project_root/data/temp_frames/video6/frame_00003.png,"[781, 126, 1169, 1305]",LEFT_WRIST,-0.9571002645498226,-0.8379642773017069,0.8845505118370056,0.5123900175094604,0.4276779964566231,0.45613182116024276
00003,/Users/nikko/Downloads/moi-main/project_root/data/temp_frames/video6/frame_00003.png,"[781, 126, 1169, 1305]",RIGHT_WRIST,0.8902829542064117,-0.8279777901055011,0.759678065776825,0.5123900175094604,0.4276779964566231,0.45613182116024276
00003,/Users/nikko/Downloads/moi-main/project_root/data/temp_frames/video6/frame_00003.png,"[781, 126, 1169, 1305]",LEFT_KNEE,-0.30265854936284703,0.7058654945753547,0.5002739429473877,0.5123900175094604,0.4276779964566231,0.45613182116024276
00003,/Users/nikko/Downloads/moi-main/project_root/data/temp_frames/video6/frame_00003.png,"[781, 126, 1169, 1305]",RIGHT_KNEE,0.4230475466759622,0.6888688366321092,0.7309674620628357,0.5123900175094604,0.4276779964566231,0.45613182116024276
00003,/Users/nikko/Downloads/moi-main/project_root/data/temp_frames/video6/frame_00003.png,"[781, 126, 1169, 1305]",LEFT_ANKLE,0.08997321337383064,0.9942177710372377,0.6820232272148132,0.5123900175094604,0.4276779964566231,0.45613182116024276
00003,/Users/nikko/Downloads/moi-main/project_root/data/temp_frames/video6/frame_00003.png,"[781, 126, 1169, 1305]",RIGHT_ANKLE,-0.003862205615254707,0.9746007040669689,0.7889697551727295,0.5123900175094604,0.4276779964566231,0.45613182116024276
00003,/Users/nikko/Downloads/moi-main/project_root/data/temp_frames/video6/frame_00003.png,"[781, 126, 1169, 1305]",LEFT_EYE,-0.08562522655087837,-0.45167908923460015,0.9971737861633301,0.5123900175094604,0.4276779964566231,0.45613182116024276
00003,/Users/nikko/Downloads/moi-main/project_root/data/temp_frames/video6/frame_00003.png,"[781, 126, 1169, 1305]",RIGHT_EYE,0.08422394214449104,-0.44972737257747336,0.9982001781463623,0.5123900175094604,0.4276779964566231,0.45613182116024276
00004,/Users/nikko/Downloads/moi-main/project_root/data/temp_frames/video6/frame_00004.png,"[781, 126, 1170, 1308]",LEFT_SHOULDER,-0.5530262401647574,-0.2918081799767977,0.999738872051239,0.5100550055503845,0.4254988953471184,0.46146119134013425
00004,/Users/nikko/Downloads/moi-main/project_root/data/temp_frames/video6/frame_00004.png,"[781, 126, 1170, 1308]",RIGHT_SHOULDER,0.49322787257132716,-0.30301873511935357,0.9988528490066528,0.5100550055503845,0.4254988953471184,0.46146119134013425
00004,/Users/nikko/Downloads/moi-main/project_root/data/temp_frames/video6/frame_00004.png,"[781, 126, 1170, 1308]",LEFT_HIP,-0.24960623775998475,0.30257708761903745,0.999881386756897,0.5100550055503845,0.4254988953471184,0.46146119134013425
00004,/Users/nikko/Downloads/moi-main/project_root/data/temp_frames/video6/frame_00004.png,"[781, 126, 1170, 1308]",RIGHT_HIP,0.3094046053534151,0.2922498274771138,0.999847412109375,0.5100550055503845,0.4254988953471184,0.46146119134013425
00004,/Users/nikko/Downloads/moi-main/project_root/data/temp_frames/video6/frame_00004.png,"[781, 126, 1170, 1308]",LEFT_ELBOW,-0.7630030024249674,-0.5745448905891479,0.866340696811676,0.5100550055503845,0.4254988953471184,0.46146119134013425
00004,/Users/nikko/Downloads/moi-main/project_root/data/temp_frames/video6/frame_00004.png,"[781, 126, 1170, 1308]",RIGHT_ELBOW,0.7312268248247228,-0.555684407873668,0.758751630783081,0.5100550055503845,0.4254988953471184,0.46146119134013425
00004,/Users/nikko/Downloads/moi-main/project_root/data/temp_frames/video6/frame_00004.png,"[781, 126, 1170, 1308]",LEFT_WRIST,-0.9492332921127971,-0.8285792685683124,0.8870355486869812,0.5100550055503845,0.4254988953471184,0.46146119134013425
00004,/Users/nikko/Downloads/moi-main/project_root/data/temp_frames/video6/frame_00004.png,"[781, 126, 1170, 1308]",RIGHT_WRIST,0.8807716327689974,-0.8130270572613931,0.7256841063499451,0.5100550055503845,0.4254988953471184,0.46146119134013425
00004,/Users/nikko/Downloads/moi-main/project_root/data/temp_frames/video6/frame_00004.png,"[781, 126, 1170, 1308]",LEFT_KNEE,-0.3258484105136083,0.6920610356070851,0.5324559807777405,0.5100550055503845,0.4254988953471184,0.46146119134013425
00004,/Users/nikko/Downloads/moi-main/project_root/data/temp_frames/video6/frame_00004.png,"[781, 126, 1170, 1308]",RIGHT_KNEE,0.40902700326049773,0.6717885854573125,0.7415834069252014,0.5100550055503845,0.4254988953471184,0.46146119134013425
00004,/Users/nikko/Downloads/moi-main/project_root/data/temp_frames/video6/frame_00004.png,"[781, 126, 1170, 1308]",LEFT_ANKLE,0.09582287962988799,0.9724412272729875,0.7036219835281372,0.5100550055503845,0.4254988953471184,0.46146119134013425
00004,/Users/nikko/Downloads/moi-main/project_root/data/temp_frames/video6/frame_00004.png,"[781, 126, 1170, 1308]",RIGHT_ANKLE,-0.0031181727879303024,0.9625021080211567,0.8181014657020569,0.5100550055503845,0.4254988953471184,0.46146119134013425
00004,/Users/nikko/Downloads/moi-main/project_root/data/temp_frames/video6/frame_00004.png,"[781, 126, 1170, 1308]",LEFT_EYE,-0.08887024942640352,-0.4414296796526838,0.997367799282074,0.5100550055503845,0.4254988953471184,0.46146119134013425
00004,/Users/nikko/Downloads/moi-main/project_root/data/temp_frames/video6/frame_00004.png,"[781, 126, 1170, 1308]",RIGHT_EYE,0.07598623226320127,-0.4395355069012733,0.9982995390892029,0.5100550055503845,0.4254988953471184,0.46146119134013425
00005,/Users/nikko/Downloads/moi-main/project_root/data/temp_frames/video6/frame_00005.png,"[781, 126, 1170, 1298]",LEFT_SHOULDER,-0.5539002057737464,-0.29159664564249294,0.9996931552886963,0.5064926296472549,0.42774496227502823,0.4628853940791411
00005,/Users/nikko/Downloads/moi-main/project_root/data/temp_frames/video6/frame_00005.png,"[781, 126, 1170, 1298]",RIGHT_SHOULDER,0.48637646826113673,-0.304232417822079,0.9987339377403259,0.5064926296472549,0.42774496227502823,0.4628853940791411
00005,/Users/nikko/Downloads/moi-main/project_root/data/temp_frames/video6/frame_00005.png,"[781, 126, 1170, 1298]",LEFT_HIP,-0.2477307529269194,0.3020664500870196,0.9998925924301147,0.5064926296472549,0.42774496227502823,0.4628853940791411
00005,/Users/nikko/Downloads/moi-main/project_root/data/temp_frames/video6/frame_00005.png,"[781, 126, 1170, 1298]",RIGHT_HIP,0.31525449043952913,0.29376261337755233,0.9998654127120972,0.5064926296472549,0.42774496227502823,0.4628853940791411
00005,/Users/nikko/Downloads/moi-main/project_root/data/temp_frames/video6/frame_00005.png,"[781, 126, 1170, 1298]",LEFT_ELBOW,-0.7870838245380913,-0.5755805664213062,0.8614734411239624,0.5064926296472549,0.42774496227502823,0.4628853940791411
00005,/Users/nikko/Downloads/moi-main/project_root/data/temp_frames/video6/frame_00005.png,"[781, 126, 1170, 1298]",RIGHT_ELBOW,0.7515797944351471,-0.5566464164444742,0.7584567070007324,0.5064926296472549,0.42774496227502823,0.4628853940791411
00005,/Users/nikko/Downloads/moi-main/project_root/data/temp_frames/video6/frame_00005.png,"[781, 126, 1170, 1298]",LEFT_WRIST,-0.9327271353037481,-0.830622389995218,0.8632280826568604,0.5064926296472549,0.42774496227502823,0.4628853940791411
00005,/Users/nikko/Downloads/moi-main/project_root/data/temp_frames/video6/frame_00005.png,"[781, 126, 1170, 1298]",RIGHT_WRIST,0.8972427422609585,-0.8178869194954697,0.7141732573509216,0.5064926296472549,0.42774496227502823,0.4628853940791411
00005,/Users/nikko/Downloads/moi-main/project_root/data/temp_frames/video6/frame_00005.png,"[781, 126, 1170, 1298]",LEFT_KNEE,-0.3339624279217597,0.691425700735024,0.570000410079956,0.5064926296472549,0.42774496227502823,0.4628853940791411
00005,/Users/nikko/Downloads/moi-main/project_root/data/temp_frames/video6/frame_00005.png,"[781, 126, 1170, 1298]",RIGHT_KNEE,0.40441421206293915,0.6734237316613044,0.7927692532539368,0.5064926296472549,0.42774496227502823,0.4628853940791411
00005,/Users/nikko/Downloads/moi-main/project_root/data/temp_frames/video6/frame_00005.png,"[781, 126, 1170, 1298]",LEFT_ANKLE,0.12015366627116038,0.9836515531959644,0.758699357509613,0.5064926296472549,0.42774496227502823,0.4628853940791411
00005,/Users/nikko/Downloads/moi-main/project_root/data/temp_frames/video6/frame_00005.png,"[781, 126, 1170, 1298]",RIGHT_ANKLE,0.002777356335809126,0.9659766538454767,0.8664423227310181,0.5064926296472549,0.42774496227502823,0.4628853940791411
00005,/Users/nikko/Downloads/moi-main/project_root/data/temp_frames/video6/frame_00005.png,"[781, 126, 1170, 1298]",LEFT_EYE,-0.09648263889029908,-0.451918787641368,0.9969850182533264,0.5064926296472549,0.42774496227502823,0.4628853940791411
00005,/Users/nikko/Downloads/moi-main/project_root/data/temp_frames/video6/frame_00005.png,"[781, 126, 1170, 1298]",RIGHT_EYE,0.06357781513808866,-0.4496323256175236,0.9980282187461853,0.5064926296472549,0.42774496227502823,0.4628853940791411
00006,/Users/nikko/Downloads/moi-main/project_root/data/temp_frames/video6/frame_00006.png,"[780, 125, 1171, 1298]",LEFT_SHOULDER,-0.5579717430653103,-0.29256708998862246,0.9996896982192993,0.506320659071207,0.4265749901533127,0.4614857138567177
00006,/Users/nikko/Downloads/moi-main/project_root/data/temp_frames/video6/frame_00006.png,"[780, 125, 1171, 1298]",RIGHT_SHOULDER,0.47853058008673827,-0.30472513488182557,0.9985716342926025,0.506320659071207,0.4265749901533127,0.4614857138567177
00006,/Users/nikko/Downloads/moi-main/project_root/data/temp_frames/video6/frame_00006.png,"[780, 125, 1171, 1298]",LEFT_HIP,-0.24214042732956906,0.30220687369493865,0.9998711347579956,0.506320659071207,0.4265749901533127,0.4614857138567177
00006,/Users/nikko/Downloads/moi-main/project_root/data/temp_frames/video6/frame_00006.png,"[780, 125, 1171, 1298]",RIGHT_HIP,0.321581590308141,0.29508535117550944,0.9998377561569214,0.506320659071207,0.4265749901533127,0.4614857138567177
00006,/Users/nikko/Downloads/moi-main/project_root/data/temp_frames/video6/frame_00006.png,"[780, 125, 1171, 1298]",LEFT_ELBOW,-0.8126433451343494,-0.5685550513334513,0.8667037487030029,0.506320659071207,0.4265749901533127,0.4614857138567177
00006,/Users/nikko/Downloads/moi-main/project_root/data/temp_frames/video6/frame_00006.png,"[780, 125, 1171, 1298]",RIGHT_ELBOW,0.769378219806571,-0.5478074722962437,0.7406101822853088,0.506320659071207,0.4265749901533127,0.4614857138567177
00006,/Users/nikko/Downloads/moi-main/project_root/data/temp_frames/video6/frame_00006.png,"[780, 125, 1171, 1298]",LEFT_WRIST,-0.9168403491380019,-0.828659844696839,0.8832302093505859,0.506320659071207,0.4265749901533127,0.4614857138567177
00006,/Users/nikko/Downloads/moi-main/project_root/data/temp_frames/video6/frame_00006.png,"[780, 125, 1171, 1298]",RIGHT_WRIST,0.8767976391301151,-0.8015519044552231,0.7258192300796509,0.506320659071207,0.4265749901533127,0.4614857138567177
00006,/Users/nikko/Downloads/moi-main/project_root/data/temp_frames/video6/frame_00006.png,"[780, 125, 1171, 1298]",LEFT_KNEE,-0.3396584530976348,0.6872473624034344,0.5369536876678467,0.506320659071207,0.4265749901533127,0.4614857138567177
00006,/Users/nikko/Downloads/moi-main/project_root/data/temp_frames/video6/frame_00006.png,"[780, 125, 1171, 1298]",RIGHT_KNEE,0.4062145399112516,0.6754190582877732,0.7461704611778259,0.506320659071207,0.4265749901533127,0.4614857138567177
00006,/Users/nikko/Downloads/moi-main/project_root/data/temp_frames/video6/frame_00006.png,"[780, 125, 1171, 1298]",LEFT_ANKLE,0.08402680229492317,0.9715062570058591,0.7213115096092224,0.506320659071207,0.4265749901533127,0.4614857138567177
00006,/Users/nikko/Downloads/moi-main/project_root/data/temp_frames/video6/frame_00006.png,"[780, 125, 1171, 1298]",RIGHT_ANKLE,0.013537833423434592,0.957175384419516,0.8404895663261414,0.506320659071207,0.4265749901533127,0.4614857138567177
00006,/Users/nikko/Downloads/moi-main/project_root/data/temp_frames/video6/frame_00006.png,"[780, 125, 1171, 1298]",LEFT_EYE,-0.10455444113371457,-0.4540453980542694,0.9970557689666748,0.506320659071207,0.4265749901533127,0.4614857138567177
00006,/Users/nikko/Downloads/moi-main/project_root/data/temp_frames/video6/frame_00006.png,"[780, 125, 1171, 1298]",RIGHT_EYE,0.05205460437285365,-0.45240599355394084,0.9980269074440002,0.506320659071207,0.4265749901533127,0.4614857138567177
00007,/Users/nikko/Downloads/moi-main/project_root/data/temp_frames/video6/frame_00007.png,"[775, 125, 1171, 1302]",LEFT_SHOULDER,-0.5676726194835194,-0.2951944169182822,0.999639630317688,0.5126728713512421,0.41996967047452927,0.4499044232783262
00007,/Users/nikko/Downloads/moi-main/project_root/data/temp_frames/video6/frame_00007.png,"[775, 125, 1171, 1302]",RIGHT_SHOULDER,0.49674378955122944,-0.3050941357209207,0.9983000159263611,0.5126728713512421,0.41996967047452927,0.4499044232783262
00007,/Users/nikko/Downloads/moi-main/project_root/data/temp_frames/video6/frame_00007.png,"[775, 125, 1171, 1302]",LEFT_HIP,-0.23065373048042678,0.3021540419819482,0.9998780488967896,0.5126728713512421,0.41996967047452927,0.4499044232783262
00007,/Users/nikko/Downloads/moi-main/project_root/data/temp_frames/video6/frame_00007.png,"[775, 125, 1171, 1302]",RIGHT_HIP,0.30158256041271675,0.29813451065725477,0.9998334646224976,0.5126728713512421,0.41996967047452927,0.4499044232783262
00007,/Users/nikko/Downloads/moi-main/project_root/data/temp_frames/video6/frame_00007.png,"[775, 125, 1171, 1302]",LEFT_ELBOW,-0.8549045985523462,-0.5721850700150334,0.8981777429580688,0.5126728713512421,0.41996967047452927,0.4499044232783262
00007,/Users/nikko/Downloads/moi-main/project_root/data/temp_frames/video6/frame_00007.png,"[775, 125, 1171, 1302]",RIGHT_ELBOW,0.814132024169469,-0.5554798368874715,0.802621066570282,0.5126728713512421,0.41996967047452927,0.4499044232783262
00007,/Users/nikko/Downloads/moi-main/project_root/data/temp_frames/video6/frame_00007.png,"[775, 125, 1171, 1302]",LEFT_WRIST,-0.9497209241969962,-0.838686149017087,0.9188485145568848,0.5126728713512421,0.41996967047452927,0.4499044232783262
00007,/Users/nikko/Downloads/moi-main/project_root/data/temp_frames/video6/frame_00007.png,"[775, 125, 1171, 1302]",RIGHT_WRIST,0.8969375490478627,-0.8223004232544434,0.7649140954017639,0.5126728713512421,0.41996967047452927,0.4499044232783262
00007,/Users/nikko/Downloads/moi-main/project_root/data/temp_frames/video6/frame_00007.png,"[775, 125, 1171, 1302]",LEFT_KNEE,-0.34820667284542567,0.6977054680194983,0.6701874732971191,0.5126728713512421,0.41996967047452927,0.4499044232783262
00007,/Users/nikko/Downloads/moi-main/project_root/data/temp_frames/video6/frame_00007.png,"[775, 125, 1171, 1302]",RIGHT_KNEE,0.41585145029774984,0.6913592719247237,0.8833734393119812,0.5126728713512421,0.41996967047452927,0.4499044232783262
00007,/Users/nikko/Downloads/moi-main/project_root/data/temp_frames/video6/frame_00007.png,"[775, 125, 1171, 1302]",LEFT_ANKLE,0.11937206512766747,1.0106658590011557,0.8185734152793884,0.5126728713512421,0.41996967047452927,0.4499044232783262
00007,/Users/nikko/Downloads/moi-main/project_root/data/temp_frames/video6/frame_00007.png,"[775, 125, 1171, 1302]",RIGHT_ANKLE,-0.0361763118538589,0.9996901802890413,0.9059969782829285,0.5126728713512421,0.41996967047452927,0.4499044232783262
00007,/Users/nikko/Downloads/moi-main/project_root/data/temp_frames/video6/frame_00007.png,"[775, 125, 1171, 1302]",LEFT_EYE,-0.08556309029559322,-0.4564655585663968,0.9919032454490662,0.5126728713512421,0.41996967047452927,0.4499044232783262
00007,/Users/nikko/Downloads/moi-main/project_root/data/temp_frames/video6/frame_00007.png,"[775, 125, 1171, 1302]",RIGHT_EYE,0.0796285185853216,-0.45196173598404304,0.9946118593215942,0.5126728713512421,0.41996967047452927,0.4499044232783262
00008,/Users/nikko/Downloads/moi-main/project_root/data/temp_frames/video6/frame_00008.png,"[772, 126, 1171, 1307]",LEFT_SHOULDER,-0.5710199618881785,-0.29176414514255106,0.9997807145118713,0.5118959620594978,0.41423045843839645,0.4446720703408534
00008,/Users/nikko/Downloads/moi-main/project_root/data/temp_frames/video6/frame_00008.png,"[772, 126, 1171, 1307]",RIGHT_SHOULDER,0.5001207969103182,-0.30551917956724567,0.9991338849067688,0.5118959620594978,0.41423045843839645,0.4446720703408534
00008,/Users/nikko/Downloads/moi-main/project_root/data/temp_frames/video6/frame_00008.png,"[772, 126, 1171, 1307]",LEFT_HIP,-0.22950605183087971,0.30004253320804214,0.9999151229858398,0.5118959620594978,0.41423045843839645,0.4446720703408534
00008,/Users/nikko/Downloads/moi-main/project_root/data/temp_frames/video6/frame_00008.png,"[772, 126, 1171, 1307]",RIGHT_HIP,0.30040521680874005,0.2972407915017546,0.9998903274536133,0.5118959620594978,0.41423045843839645,0.4446720703408534
00008,/Users/nikko/Downloads/moi-main/project_root/data/temp_frames/video6/frame_00008.png,"[772, 126, 1171, 1307]",LEFT_ELBOW,-0.8869482244653091,-0.5744645010469827,0.9317280054092407,0.5118959620594978,0.41423045843839645,0.4446720703408534
00008,/Users/nikko/Downloads/moi-main/project_root/data/temp_frames/video6/frame_00008.png,"[772, 126, 1171, 1307]",RIGHT_ELBOW,0.8570525299229065,-0.550910106250738,0.8939865827560425,0.5118959620594978,0.41423045843839645,0.4446720703408534
00008,/Users/nikko/Downloads/moi-main/project_root/data/temp_frames/video6/frame_00008.png,"[772, 126, 1171, 1307]",LEFT_WRIST,-0.9268951271664784,-0.8418131836244881,0.9392023682594299,0.5118959620594978,0.41423045843839645,0.4446720703408534
00008,/Users/nikko/Downloads/moi-main/project_root/data/temp_frames/video6/frame_00008.png,"[772, 126, 1171, 1307]",RIGHT_WRIST,0.9147067230360115,-0.8132623974836757,0.8739360570907593,0.5118959620594978,0.41423045843839645,0.4446720703408534
00008,/Users/nikko/Downloads/moi-main/project_root/data/temp_frames/video6/frame_00008.png,"[772, 126, 1171, 1307]",LEFT_KNEE,-0.3382983980692393,0.7035371705820962,0.7239062786102295,0.5118959620594978,0.41423045843839645,0.4446720703408534
00008,/Users/nikko/Downloads/moi-main/project_root/data/temp_frames/video6/frame_00008.png,"[772, 126, 1171, 1307]",RIGHT_KNEE,0.4133288653688626,0.699449431845375,0.9189958572387695,0.5118959620594978,0.41423045843839645,0.4446720703408534
00008,/Users/nikko/Downloads/moi-main/project_root/data/temp_frames/video6/frame_00008.png,"[772, 126, 1171, 1307]",LEFT_ANKLE,0.13113669543916848,1.0261025966687185,0.843864381313324,0.5118959620594978,0.41423045843839645,0.4446720703408534
00008,/Users/nikko/Downloads/moi-main/project_root/data/temp_frames/video6/frame_00008.png,"[772, 126, 1171, 1307]",RIGHT_ANKLE,-0.02398411605223187,1.0027785191955447,0.9310730695724487,0.5118959620594978,0.41423045843839645,0.4446720703408534
00008,/Users/nikko/Downloads/moi-main/project_root/data/temp_frames/video6/frame_00008.png,"[772, 126, 1171, 1307]",LEFT_EYE,-0.07950087862048658,-0.46503585838341277,0.9971019625663757,0.5118959620594978,0.41423045843839645,0.4446720703408534
00008,/Users/nikko/Downloads/moi-main/project_root/data/temp_frames/video6/frame_00008.png,"[772, 126, 1171, 1307]",RIGHT_EYE,0.07115902176263461,-0.4598255195706147,0.9981034994125366,0.5118959620594978,0.41423045843839645,0.4446720703408534
00009,/Users/nikko/Downloads/moi-main/project_root/data/temp_frames/video6/frame_00009.png,"[764, 124, 1170, 1299]",LEFT_SHOULDER,-0.5776005329712202,-0.29806616202439407,0.999731719493866,0.5232801288366318,0.41406964510679245,0.43385446676047645
00009,/Users/nikko/Downloads/moi-main/project_root/data/temp_frames/video6/frame_00009.png,"[764, 124, 1170, 1299]",RIGHT_SHOULDER,0.4889608140297554,-0.3109286666021202,0.9990673661231995,0.5232801288366318,0.41406964510679245,0.43385446676047645
00009,/Users/nikko/Downloads/moi-main/project_root/data/temp_frames/video6/frame_00009.png,"[764, 124, 1170, 1299]",LEFT_HIP,-0.21325277527624908,0.30617267432341255,0.9999163150787354,0.5232801288366318,0.41406964510679245,0.43385446676047645
00009,/Users/nikko/Downloads/moi-main/project_root/data/temp_frames/video6/frame_00009.png,"[764, 124, 1170, 1299]",RIGHT_HIP,0.30189249421771386,0.3028221543031018,0.9998956918716431,0.5232801288366318,0.41406964510679245,0.43385446676047645
00009,/Users/nikko/Downloads/moi-main/project_root/data/temp_frames/video6/frame_00009.png,"[764, 124, 1170, 1299]",LEFT_ELBOW,-0.9359731531250496,-0.5879484474072063,0.9121955633163452,0.5232801288366318,0.41406964510679245,0.43385446676047645
00009,/Users/nikko/Downloads/moi-main/project_root/data/temp_frames/video6/frame_00009.png,"[764, 124, 1170, 1299]",RIGHT_ELBOW,0.8984695644915205,-0.5580571322760305,0.8558773398399353,0.5232801288366318,0.41406964510679245,0.43385446676047645
00009,/Users/nikko/Downloads/moi-main/project_root/data/temp_frames/video6/frame_00009.png,"[764, 124, 1170, 1299]",LEFT_WRIST,-0.9365126255905964,-0.861108202602744,0.9090801477432251,0.5232801288366318,0.41406964510679245,0.43385446676047645
00009,/Users/nikko/Downloads/moi-main/project_root/data/temp_frames/video6/frame_00009.png,"[764, 124, 1170, 1299]",RIGHT_WRIST,0.9128117630121184,-0.818201182605272,0.8430855870246887,0.5232801288366318,0.41406964510679245,0.43385446676047645
00009,/Users/nikko/Downloads/moi-main/project_root/data/temp_frames/video6/frame_00009.png,"[764, 124, 1170, 1299]",LEFT_KNEE,-0.341452342928904,0.7181057021461095,0.5684798955917358,0.5232801288366318,0.41406964510679245,0.43385446676047645
00009,/Users/nikko/Downloads/moi-main/project_root/data/temp_frames/video6/frame_00009.png,"[764, 124, 1170, 1299]",RIGHT_KNEE,0.4090088445767436,0.7079792678268916,0.8722589015960693,0.5232801288366318,0.41406964510679245,0.43385446676047645
00009,/Users/nikko/Downloads/moi-main/project_root/data/temp_frames/video6/frame_00009.png,"[764, 124, 1170, 1299]",LEFT_ANKLE,0.12458873937383651,1.0548976720325751,0.7180625796318054,0.5232801288366318,0.41406964510679245,0.43385446676047645
00009,/Users/nikko/Downloads/moi-main/project_root/data/temp_frames/video6/frame_00009.png,"[764, 124, 1170, 1299]",RIGHT_ANKLE,-0.025090673065417013,1.0280547695933246,0.8984872102737427,0.5232801288366318,0.41406964510679245,0.43385446676047645
00009,/Users/nikko/Downloads/moi-main/project_root/data/temp_frames/video6/frame_00009.png,"[764, 124, 1170, 1299]",LEFT_EYE,-0.07346603834800619,-0.4803166324296672,0.9954702854156494,0.5232801288366318,0.41406964510679245,0.43385446676047645
00009,/Users/nikko/Downloads/moi-main/project_root/data/temp_frames/video6/frame_00009.png,"[764, 124, 1170, 1299]",RIGHT_EYE,0.07316138941635789,-0.4718870617483394,0.9972684383392334,0.5232801288366318,0.41406964510679245,0.43385446676047645
00010,/Users/nikko/Downloads/moi-main/project_root/data/temp_frames/video6/frame_00010.png,"[760, 123, 1172, 1297]",LEFT_SHOULDER,-0.5797657078423055,-0.2965300063532474,0.9998663663864136,0.5241529569029808,0.4122084826231003,0.4402775193828006
00010,/Users/nikko/Downloads/moi-main/project_root/data/temp_frames/video6/frame_00010.png,"[760, 123, 1172, 1297]",RIGHT_SHOULDER,0.4905907177556854,-0.30507327860223415,0.9992938041687012,0.5241529569029808,0.4122084826231003,0.4402775193828006
00010,/Users/nikko/Downloads/moi-main/project_root/data/temp_frames/video6/frame_00010.png,"[760, 123, 1172, 1297]",LEFT_HIP,-0.21693243723049024,0.3015025709483954,0.999906063079834,0.5241529569029808,0.4122084826231003,0.4402775193828006
00010,/Users/nikko/Downloads/moi-main/project_root/data/temp_frames/video6/frame_00010.png,"[760, 123, 1172, 1297]",RIGHT_HIP,0.3061074273171104,0.3001007140070862,0.9998805522918701,0.5241529569029808,0.4122084826231003,0.4402775193828006
00010,/Users/nikko/Downloads/moi-main/project_root/data/temp_frames/video6/frame_00010.png,"[760, 123, 1172, 1297]",LEFT_ELBOW,-0.9189216417913515,-0.5723608605331147,0.9051871299743652,0.5241529569029808,0.4122084826231003,0.4402775193828006
00010,/Users/nikko/Downloads/moi-main/project_root/data/temp_frames/video6/frame_00010.png,"[760, 123, 1172, 1297]",RIGHT_ELBOW,0.8913410710515574,-0.5423587528440983,0.8253394365310669,0.5241529569029808,0.4122084826231003,0.4402775193828006
00010,/Users/nikko/Downloads/moi-main/project_root/data/temp_frames/video6/frame_00010.png,"[760, 123, 1172, 1297]",LEFT_WRIST,-0.9012700562109262,-0.8347357580087172,0.9242827296257019,0.5241529569029808,0.4122084826231003,0.4402775193828006
00010,/Users/nikko/Downloads/moi-main/project_root/data/temp_frames/video6/frame_00010.png,"[760, 123, 1172, 1297]",RIGHT_WRIST,0.8977313997044417,-0.8098289366258383,0.8117731213569641,0.5241529569029808,0.4122084826231003,0.4402775193828006
00010,/Users/nikko/Downloads/moi-main/project_root/data/temp_frames/video6/frame_00010.png,"[760, 123, 1172, 1297]",RIGHT_KNEE,0.4128953520757306,0.697866756881498,0.7696982026100159,0.5241529569029808,0.4122084826231003,0.4402775193828006
00010,/Users/nikko/Downloads/moi-main/project_root/data/temp_frames/video6/frame_00010.png,"[760, 123, 1172, 1297]",LEFT_ANKLE,0.11940986627186673,1.028587756197905,0.514930784702301,0.5241529569029808,0.4122084826231003,0.4402775193828006
00010,/Users/nikko/Downloads/moi-main/project_root/data/temp_frames/video6/frame_00010.png,"[760, 123, 1172, 1297]",RIGHT_ANKLE,-0.04996992172342312,1.0267562040434897,0.8275334239006042,0.5241529569029808,0.4122084826231003,0.4402775193828006
00010,/Users/nikko/Downloads/moi-main/project_root/data/temp_frames/video6/frame_00010.png,"[760, 123, 1172, 1297]",LEFT_EYE,-0.05427431973877084,-0.4840135481746384,0.9983516931533813,0.5241529569029808,0.4122084826231003,0.4402775193828006
00010,/Users/nikko/Downloads/moi-main/project_root/data/temp_frames/video6/frame_00010.png,"[760, 123, 1172, 1297]",RIGHT_EYE,0.09528276435334998,-0.4767715795841837,0.998854398727417,0.5241529569029808,0.4122084826231003,0.4402775193828006
00011,/Users/nikko/Downloads/moi-main/project_root/data/temp_frames/video6/frame_00011.png,"[759, 124, 1177, 1294]",LEFT_SHOULDER,-0.5714423047360311,-0.30212336789103145,0.9998959302902222,0.5194275826215744,0.40908069908618927,0.42723444381884423
00011,/Users/nikko/Downloads/moi-main/project_root/data/temp_frames/video6/frame_00011.png,"[759, 124, 1177, 1294]",RIGHT_SHOULDER,0.49601118820854084,-0.3126055175522912,0.9995602965354919,0.5194275826215744,0.40908069908618927,0.42723444381884423
00011,/Users/nikko/Downloads/moi-main/project_root/data/temp_frames/video6/frame_00011.png,"[759, 124, 1177, 1294]",LEFT_HIP,-0.21557336559008208,0.3092180786451358,0.9999125003814697,0.5194275826215744,0.40908069908618927,0.42723444381884423
00011,/Users/nikko/Downloads/moi-main/project_root/data/temp_frames/video6/frame_00011.png,"[759, 124, 1177, 1294]",RIGHT_HIP,0.2910044821175723,0.30551080679818693,0.9998925924301147,0.5194275826215744,0.40908069908618927,0.42723444381884423
00011,/Users/nikko/Downloads/moi-main/project_root/data/temp_frames/video6/frame_00011.png,"[759, 124, 1177, 1294]",LEFT_ELBOW,-0.9827709732058209,-0.5843748211568531,0.9269830584526062,0.5194275826215744,0.40908069908618927,0.42723444381884423
00011,/Users/nikko/Downloads/moi-main/project_root/data/temp_frames/video6/frame_00011.png,"[759, 124, 1177, 1294]",RIGHT_ELBOW,0.9223600067536056,-0.5556369072445609,0.9007181525230408,0.5194275826215744,0.40908069908618927,0.42723444381884423
00011,/Users/nikko/Downloads/moi-main/project_root/data/temp_frames/video6/frame_00011.png,"[759, 124, 1177, 1294]",LEFT_WRIST,-0.9131406565926905,-0.8543755567267253,0.9516434073448181,0.5194275826215744,0.40908069908618927,0.42723444381884423
00011,/Users/nikko/Downloads/moi-main/project_root/data/temp_frames/video6/frame_00011.png,"[759, 124, 1177, 1294]",RIGHT_WRIST,0.9046344955215132,-0.8323153412908487,0.9144641160964966,0.5194275826215744,0.40908069908618927,0.42723444381884423
00011,/Users/nikko/Downloads/moi-main/project_root/data/temp_frames/video6/frame_00011.png,"[759, 124, 1177, 1294]",RIGHT_KNEE,0.4278646592644063,0.7103429951118371,0.7961399555206299,0.5194275826215744,0.40908069908618927,0.42723444381884423
00011,/Users/nikko/Downloads/moi-main/project_root/data/temp_frames/video6/frame_00011.png,"[759, 124, 1177, 1294]",LEFT_ANKLE,0.12499744436061869,1.0582832861437623,0.5020923614501953,0.5194275826215744,0.40908069908618927,0.42723444381884423
00011,/Users/nikko/Downloads/moi-main/project_root/data/temp_frames/video6/frame_00011.png,"[759, 124, 1177, 1294]",RIGHT_ANKLE,-0.04331071641005467,1.0543507012334477,0.8173791766166687,0.5194275826215744,0.40908069908618927,0.42723444381884423
00011,/Users/nikko/Downloads/moi-main/project_root/data/temp_frames/video6/frame_00011.png,"[759, 124, 1177, 1294]",LEFT_EYE,-0.05022838550631914,-0.5015398685377025,0.9990870952606201,0.5194275826215744,0.40908069908618927,0.42723444381884423
00011,/Users/nikko/Downloads/moi-main/project_root/data/temp_frames/video6/frame_00011.png,"[759, 124, 1177, 1294]",RIGHT_EYE,0.09960933579582688,-0.49135871759731703,0.9993950128555298,0.5194275826215744,0.40908069908618927,0.42723444381884423
00012,/Users/nikko/Downloads/moi-main/project_root/data/temp_frames/video6/frame_00012.png,"[758, 123, 1179, 1275]",LEFT_SHOULDER,-0.5622269337819488,-0.30009790875117187,0.9998939037322998,0.5166363790631294,0.41166727989912033,0.42826203430708176
00012,/Users/nikko/Downloads/moi-main/project_root/data/temp_frames/video6/frame_00012.png,"[758, 123, 1179, 1275]",RIGHT_SHOULDER,0.4970570186961343,-0.3165438051495236,0.9994978904724121,0.5166363790631294,0.41166727989912033,0.42826203430708176
00012,/Users/nikko/Downloads/moi-main/project_root/data/temp_frames/video6/frame_00012.png,"[758, 123, 1179, 1275]",LEFT_HIP,-0.22363091704205498,0.308251824672349,0.9998987913131714,0.5166363790631294,0.41166727989912033,0.42826203430708176
00012,/Users/nikko/Downloads/moi-main/project_root/data/temp_frames/video6/frame_00012.png,"[758, 123, 1179, 1275]",RIGHT_HIP,0.28880083212786944,0.3083898892283465,0.9998743534088135,0.5166363790631294,0.41166727989912033,0.42826203430708176
00012,/Users/nikko/Downloads/moi-main/project_root/data/temp_frames/video6/frame_00012.png,"[758, 123, 1179, 1275]",LEFT_ELBOW,-0.962937108676869,-0.5659267020199339,0.9159079790115356,0.5166363790631294,0.41166727989912033,0.42826203430708176
00012,/Users/nikko/Downloads/moi-main/project_root/data/temp_frames/video6/frame_00012.png,"[758, 123, 1179, 1275]",RIGHT_ELBOW,0.9526168874995418,-0.5570483995082044,0.858253002166748,0.5166363790631294,0.41166727989912033,0.42826203430708176
00012,/Users/nikko/Downloads/moi-main/project_root/data/temp_frames/video6/frame_00012.png,"[758, 123, 1179, 1275]",LEFT_WRIST,-0.9054810983289796,-0.8435163042421886,0.9381016492843628,0.5166363790631294,0.41166727989912033,0.42826203430708176
00012,/Users/nikko/Downloads/moi-main/project_root/data/temp_frames/video6/frame_00012.png,"[758, 123, 1179, 1275]",RIGHT_WRIST,0.899489729858497,-0.8312407107357768,0.8829017877578735,0.5166363790631294,0.41166727989912033,0.42826203430708176
00012,/Users/nikko/Downloads/moi-main/project_root/data/temp_frames/video6/frame_00012.png,"[758, 123, 1179, 1275]",RIGHT_KNEE,0.4260041547861295,0.7354973252578849,0.7220103144645691,0.5166363790631294,0.41166727989912033,0.42826203430708176
00012,/Users/nikko/Downloads/moi-main/project_root/data/temp_frames/video6/frame_00012.png,"[758, 123, 1179, 1275]",RIGHT_ANKLE,-0.08183994022344496,1.078001946794508,0.7444373369216919,0.5166363790631294,0.41166727989912033,0.42826203430708176
00012,/Users/nikko/Downloads/moi-main/project_root/data/temp_frames/video6/frame_00012.png,"[758, 123, 1179, 1275]",LEFT_EYE,-0.053912625967497775,-0.5096583321684814,0.9990737438201904,0.5166363790631294,0.41166727989912033,0.42826203430708176
00012,/Users/nikko/Downloads/moi-main/project_root/data/temp_frames/video6/frame_00012.png,"[758, 123, 1179, 1275]",RIGHT_EYE,0.0939249381850949,-0.4992553696821416,0.9994091987609863,0.5166363790631294,0.41166727989912033,0.42826203430708176
00013,/Users/nikko/Downloads/moi-main/project_root/data/temp_frames/video6/frame_00013.png,"[757, 122, 1181, 1278]",LEFT_SHOULDER,-0.5653865318810485,-0.29688851786665804,0.9998953342437744,0.5161837041378021,0.40580257773399353,0.42220502094622747
00013,/Users/nikko/Downloads/moi-main/project_root/data/temp_frames/video6/frame_00013.png,"[757, 122, 1181, 1278]",RIGHT_SHOULDER,0.5008083778377763,-0.3157783915026869,0.9996023774147034,0.5161837041378021,0.40580257773399353,0.42220502094622747
00013,/Users/nikko/Downloads/moi-main/project_root/data/temp_frames/video6/frame_00013.png,"[757, 122, 1181, 1278]",LEFT_HIP,-0.22348299549848316,0.30771520154176024,0.9998980760574341,0.5161837041378021,0.40580257773399353,0.42220502094622747
00013,/Users/nikko/Downloads/moi-main/project_root/data/temp_frames/video6/frame_00013.png,"[757, 122, 1181, 1278]",RIGHT_HIP,0.2880611495417553,0.3049517078275847,0.9998794794082642,0.5161837041378021,0.40580257773399353,0.42220502094622747
00013,/Users/nikko/Downloads/moi-main/project_root/data/temp_frames/video6/frame_00013.png,"[757, 122, 1181, 1278]",LEFT_ELBOW,-0.9818584285519394,-0.5643166751127495,0.8960743546485901,0.5161837041378021,0.40580257773399353,0.42220502094622747
00013,/Users/nikko/Downloads/moi-main/project_root/data/temp_frames/video6/frame_00013.png,"[757, 122, 1181, 1278]",RIGHT_ELBOW,0.9712003250521343,-0.546910899952852,0.8647288084030151,0.5161837041378021,0.40580257773399353,0.42220502094622747
00013,/Users/nikko/Downloads/moi-main/project_root/data/temp_frames/video6/frame_00013.png,"[757, 122, 1181, 1278]",LEFT_WRIST,-0.9212676288841405,-0.8535293686028991,0.9338091015815735,0.5161837041378021,0.40580257773399353,0.42220502094622747
00013,/Users/nikko/Downloads/moi-main/project_root/data/temp_frames/video6/frame_00013.png,"[757, 122, 1181, 1278]",RIGHT_WRIST,0.9110242082629395,-0.8224363408371103,0.9124179482460022,0.5161837041378021,0.40580257773399353,0.42220502094622747
00013,/Users/nikko/Downloads/moi-main/project_root/data/temp_frames/video6/frame_00013.png,"[757, 122, 1181, 1278]",RIGHT_KNEE,0.427028530893196,0.742739793851255,0.6423891186714172,0.5161837041378021,0.40580257773399353,0.42220502094622747
00013,/Users/nikko/Downloads/moi-main/project_root/data/temp_frames/video6/frame_00013.png,"[757, 122, 1181, 1278]",RIGHT_ANKLE,-0.028890191515170537,1.0514571236244368,0.6190224885940552,0.5161837041378021,0.40580257773399353,0.42220502094622747
00013,/Users/nikko/Downloads/moi-main/project_root/data/temp_frames/video6/frame_00013.png,"[757, 122, 1181, 1278]",LEFT_EYE,-0.055954641908574757,-0.5142315103260428,0.9992437362670898,0.5161837041378021,0.40580257773399353,0.42220502094622747
00013,/Users/nikko/Downloads/moi-main/project_root/data/temp_frames/video6/frame_00013.png,"[757, 122, 1181, 1278]",RIGHT_EYE,0.08779686587893143,-0.5040442772143304,0.9995535016059875,0.5161837041378021,0.40580257773399353,0.42220502094622747
00014,/Users/nikko/Downloads/moi-main/project_root/data/temp_frames/video6/frame_00014.png,"[756, 118, 1185, 1248]",LEFT_SHOULDER,-0.5605654049455089,-0.3022374215329186,0.9999024868011475,0.513529896736145,0.4120970293879509,0.42461658382774636
00014,/Users/nikko/Downloads/moi-main/project_root/data/temp_frames/video6/frame_00014.png,"[756, 118, 1185, 1248]",RIGHT_SHOULDER,0.494324013247209,-0.3219368575655793,0.9995168447494507,0.513529896736145,0.4120970293879509,0.42461658382774636
00014,/Users/nikko/Downloads/moi-main/project_root/data/temp_frames/video6/frame_00014.png,"[756, 118, 1185, 1248]",LEFT_HIP,-0.21908975054027902,0.31375638342794326,0.9999074935913086,0.513529896736145,0.4120970293879509,0.42461658382774636
00014,/Users/nikko/Downloads/moi-main/project_root/data/temp_frames/video6/frame_00014.png,"[756, 118, 1185, 1248]",RIGHT_HIP,0.2853311422385789,0.31041789567055467,0.999884843826294,0.513529896736145,0.4120970293879509,0.42461658382774636
00014,/Users/nikko/Downloads/moi-main/project_root/data/temp_frames/video6/frame_00014.png,"[756, 118, 1185, 1248]",LEFT_ELBOW,-1.0048869556601114,-0.5646121264273618,0.8863824009895325,0.513529896736145,0.4120970293879509,0.42461658382774636
00014,/Users/nikko/Downloads/moi-main/project_root/data/temp_frames/video6/frame_00014.png,"[756, 118, 1185, 1248]",RIGHT_ELBOW,0.9973365451098712,-0.5430236226154025,0.7822275757789612,0.513529896736145,0.4120970293879509,0.42461658382774636
00014,/Users/nikko/Downloads/moi-main/project_root/data/temp_frames/video6/frame_00014.png,"[756, 118, 1185, 1248]",LEFT_WRIST,-0.909777920153838,-0.8506736813024711,0.9244817495346069,0.513529896736145,0.4120970293879509,0.42461658382774636
00014,/Users/nikko/Downloads/moi-main/project_root/data/temp_frames/video6/frame_00014.png,"[756, 118, 1185, 1248]",RIGHT_WRIST,0.8910420034403008,-0.8271551910221799,0.8482290506362915,0.513529896736145,0.4120970293879509,0.42461658382774636
00014,/Users/nikko/Downloads/moi-main/project_root/data/temp_frames/video6/frame_00014.png,"[756, 118, 1185, 1248]",RIGHT_KNEE,0.4138186332603397,0.7644031001739965,0.5690651535987854,0.513529896736145,0.4120970293879509,0.42461658382774636
00014,/Users/nikko/Downloads/moi-main/project_root/data/temp_frames/video6/frame_00014.png,"[756, 118, 1185, 1248]",RIGHT_ANKLE,0.006906204397080408,1.0572239767935714,0.5787051320075989,0.513529896736145,0.4120970293879509,0.42461658382774636
00014,/Users/nikko/Downloads/moi-main/project_root/data/temp_frames/video6/frame_00014.png,"[756, 118, 1185, 1248]",LEFT_EYE,-0.06379841260879422,-0.518852609089927,0.9992949962615967,0.513529896736145,0.4120970293879509,0.42461658382774636
00014,/Users/nikko/Downloads/moi-main/project_root/data/temp_frames/video6/frame_00014.png,"[756, 118, 1185, 1248]",RIGHT_EYE,0.0794758854229922,-0.5121424704866965,0.9995619654655457,0.513529896736145,0.4120970293879509,0.42461658382774636
00015,/Users/nikko/Downloads/moi-main/project_root/data/temp_frames/video6/frame_00015.png,"[756, 118, 1187, 1232]",LEFT_SHOULDER,-0.5514770014251208,-0.30642784942664086,0.9998829364776611,0.5125744119286537,0.4092058762907982,0.42072529835177974
00015,/Users/nikko/Downloads/moi-main/project_root/data/temp_frames/video6/frame_00015.png,"[756, 118, 1187, 1232]",RIGHT_SHOULDER,0.49186506743458835,-0.3218553438635365,0.9995891451835632,0.5125744119286537,0.4092058762907982,0.42072529835177974
00015,/Users/nikko/Downloads/moi-main/project_root/data/temp_frames/video6/frame_00015.png,"[756, 118, 1187, 1232]",LEFT_HIP,-0.22516218563572638,0.31698507867474923,0.9998772144317627,0.5125744119286537,0.4092058762907982,0.42072529835177974
00015,/Users/nikko/Downloads/moi-main/project_root/data/temp_frames/video6/frame_00015.png,"[756, 118, 1187, 1232]",RIGHT_HIP,0.28477411962625876,0.3112981146154281,0.9998641014099121,0.5125744119286537,0.4092058762907982,0.42072529835177974
00015,/Users/nikko/Downloads/moi-main/project_root/data/temp_frames/video6/frame_00015.png,"[756, 118, 1187, 1232]",LEFT_ELBOW,-1.0410290922306422,-0.5481790028680495,0.9091547131538391,0.5125744119286537,0.4092058762907982,0.42072529835177974
00015,/Users/nikko/Downloads/moi-main/project_root/data/temp_frames/video6/frame_00015.png,"[756, 118, 1187, 1232]",RIGHT_ELBOW,1.0157035644942214,-0.5324217333679014,0.8088803887367249,0.5125744119286537,0.4092058762907982,0.42072529835177974
00015,/Users/nikko/Downloads/moi-main/project_root/data/temp_frames/video6/frame_00015.png,"[756, 118, 1187, 1232]",LEFT_WRIST,-0.9403930482852302,-0.8433985200635187,0.9202249646186829,0.5125744119286537,0.4092058762907982,0.42072529835177974
00015,/Users/nikko/Downloads/moi-main/project_root/data/temp_frames/video6/frame_00015.png,"[756, 118, 1187, 1232]",RIGHT_WRIST,0.8901851756462923,-0.8255386821833658,0.8764111399650574,0.5125744119286537,0.4092058762907982,0.42072529835177974
00015,/Users/nikko/Downloads/moi-main/project_root/data/temp_frames/video6/frame_00015.png,"[756, 118, 1187, 1232]",RIGHT_KNEE,0.4111528774825148,0.7692661767123404,0.5868637561798096,0.5125744119286537,0.4092058762907982,0.42072529835177974
00015,/Users/nikko/Downloads/moi-main/project_root/data/temp_frames/video6/frame_00015.png,"[756, 118, 1187, 1232]",RIGHT_ANKLE,-0.008970140270353089,1.0724518283135345,0.5689026117324829,0.5125744119286537,0.4092058762907982,0.42072529835177974
00015,/Users/nikko/Downloads/moi-main/project_root/data/temp_frames/video6/frame_00015.png,"[756, 118, 1187, 1232]",LEFT_EYE,-0.06916735327712958,-0.527556710012361,0.999453604221344,0.5125744119286537,0.4092058762907982,0.42072529835177974
00015,/Users/nikko/Downloads/moi-main/project_root/data/temp_frames/video6/frame_00015.png,"[756, 118, 1187, 1232]",RIGHT_EYE,0.07453523844644509,-0.5208451092244504,0.9996612071990967,0.5125744119286537,0.4092058762907982,0.42072529835177974
00016,/Users/nikko/Downloads/moi-main/project_root/data/temp_frames/video6/frame_00016.png,"[753, 118, 1189, 1227]",LEFT_SHOULDER,-0.5452964481291077,-0.31163202623827546,0.9998434782028198,0.51534204185009,0.40405550599098206,0.4231736817769024
00016,/Users/nikko/Downloads/moi-main/project_root/data/temp_frames/video6/frame_00016.png,"[753, 118, 1189, 1227]",RIGHT_SHOULDER,0.49318688901580293,-0.3224915354786459,0.9996222257614136,0.51534204185009,0.40405550599098206,0.4231736817769024
00016,/Users/nikko/Downloads/moi-main/project_root/data/temp_frames/video6/frame_00016.png,"[753, 118, 1189, 1227]",LEFT_HIP,-0.226939396943218,0.31957393765759723,0.9998726844787598,0.51534204185009,0.40405550599098206,0.4231736817769024
00016,/Users/nikko/Downloads/moi-main/project_root/data/temp_frames/video6/frame_00016.png,"[753, 118, 1189, 1227]",RIGHT_HIP,0.2790489560565227,0.3145496240593242,0.9998719692230225,0.51534204185009,0.40405550599098206,0.4231736817769024
00016,/Users/nikko/Downloads/moi-main/project_root/data/temp_frames/video6/frame_00016.png,"[753, 118, 1189, 1227]",LEFT_ELBOW,-1.0467390656901037,-0.5298503213042186,0.8810843825340271,0.51534204185009,0.40405550599098206,0.4231736817769024
00016,/Users/nikko/Downloads/moi-main/project_root/data/temp_frames/video6/frame_00016.png,"[753, 118, 1189, 1227]",RIGHT_ELBOW,1.0097221313677314,-0.5150259833941224,0.8039340972900391,0.51534204185009,0.40405550599098206,0.4231736817769024
00016,/Users/nikko/Downloads/moi-main/project_root/data/temp_frames/video6/frame_00016.png,"[753, 118, 1189, 1227]",LEFT_WRIST,-0.9417962348872522,-0.8134121151727082,0.8555322289466858,0.51534204185009,0.40405550599098206,0.4231736817769024
00016,/Users/nikko/Downloads/moi-main/project_root/data/temp_frames/video6/frame_00016.png,"[753, 118, 1189, 1227]",RIGHT_WRIST,0.8615812921534994,-0.7958814478774863,0.8851706981658936,0.51534204185009,0.40405550599098206,0.4231736817769024
00016,/Users/nikko/Downloads/moi-main/project_root/data/temp_frames/video6/frame_00016.png,"[753, 118, 1189, 1227]",RIGHT_KNEE,0.4033647652702532,0.7680779090060247,0.6064056158065796,0.51534204185009,0.40405550599098206,0.4231736817769024
00016,/Users/nikko/Downloads/moi-main/project_root/data/temp_frames/video6/frame_00016.png,"[753, 118, 1189, 1227]",RIGHT_ANKLE,-0.05154717431558374,1.0775548369793124,0.5202792286872864,0.51534204185009,0.40405550599098206,0.4231736817769024
00016,/Users/nikko/Downloads/moi-main/project_root/data/temp_frames/video6/frame_00016.png,"[753, 118, 1189, 1227]",LEFT_EYE,-0.06841498568265464,-0.5240749171207982,0.9993425011634827,0.51534204185009,0.40405550599098206,0.4231736817769024
00016,/Users/nikko/Downloads/moi-main/project_root/data/temp_frames/video6/frame_00016.png,"[753, 118, 1189, 1227]",RIGHT_EYE,0.07082650409021352,-0.5174629607089978,0.9996092915534973,0.51534204185009,0.40405550599098206,0.4231736817769024
00017,/Users/nikko/Downloads/moi-main/project_root/data/temp_frames/video6/frame_00017.png,"[751, 121, 1192, 1204]",LEFT_SHOULDER,-0.5324899196217229,-0.3185316473989301,0.9998327493667603,0.5167688876390457,0.40111028403043747,0.41825726401128227
00017,/Users/nikko/Downloads/moi-main/project_root/data/temp_frames/video6/frame_00017.png,"[751, 121, 1192, 1204]",RIGHT_SHOULDER,0.4997771928087128,-0.3317610836021157,0.9995607733726501,0.5167688876390457,0.40111028403043747,0.41825726401128227
00017,/Users/nikko/Downloads/moi-main/project_root/data/temp_frames/video6/frame_00017.png,"[751, 121, 1192, 1204]",LEFT_HIP,-0.22667402364113334,0.32750008461108016,0.9998345375061035,0.5167688876390457,0.40111028403043747,0.41825726401128227
00017,/Users/nikko/Downloads/moi-main/project_root/data/temp_frames/video6/frame_00017.png,"[751, 121, 1192, 1204]",RIGHT_HIP,0.2593867504541434,0.3227926463899657,0.9998284578323364,0.5167688876390457,0.40111028403043747,0.41825726401128227
00017,/Users/nikko/Downloads/moi-main/project_root/data/temp_frames/video6/frame_00017.png,"[751, 121, 1192, 1204]",LEFT_ELBOW,-1.0673916478252856,-0.5352904164168067,0.8558769226074219,0.5167688876390457,0.40111028403043747,0.41825726401128227
00017,/Users/nikko/Downloads/moi-main/project_root/data/temp_frames/video6/frame_00017.png,"[751, 121, 1192, 1204]",RIGHT_ELBOW,1.0205844843073981,-0.5077066639329867,0.8480224013328552,0.5167688876390457,0.40111028403043747,0.41825726401128227
00017,/Users/nikko/Downloads/moi-main/project_root/data/temp_frames/video6/frame_00017.png,"[751, 121, 1192, 1204]",LEFT_WRIST,-0.9396909676932892,-0.8297012703617548,0.8654688000679016,0.5167688876390457,0.40111028403043747,0.41825726401128227
00017,/Users/nikko/Downloads/moi-main/project_root/data/temp_frames/video6/frame_00017.png,"[751, 121, 1192, 1204]",RIGHT_WRIST,0.8801090726161788,-0.7953294220320933,0.8958787322044373,0.5167688876390457,0.40111028403043747,0.41825726401128227
00017,/Users/nikko/Downloads/moi-main/project_root/data/temp_frames/video6/frame_00017.png,"[751, 121, 1192, 1204]",LEFT_EYE,-0.07114921711379006,-0.5458475944338518,0.9992899894714355,0.5167688876390457,0.40111028403043747,0.41825726401128227
00017,/Users/nikko/Downloads/moi-main/project_root/data/temp_frames/video6/frame_00017.png,"[751, 121, 1192, 1204]",RIGHT_EYE,0.07118014116228646,-0.5419591803497004,0.9995631575584412,0.5167688876390457,0.40111028403043747,0.41825726401128227
00018,/Users/nikko/Downloads/moi-main/project_root/data/temp_frames/video6/frame_00018.png,"[748, 121, 1197, 1200]",LEFT_SHOULDER,-0.511961925063617,-0.32584380843572547,0.9997844099998474,0.5144089236855507,0.3965497314929962,0.41149434215156766
00018,/Users/nikko/Downloads/moi-main/project_root/data/temp_frames/video6/frame_00018.png,"[748, 121, 1197, 1200]",RIGHT_SHOULDER,0.49379446199781524,-0.3361446176434396,0.9993970394134521,0.5144089236855507,0.3965497314929962,0.41149434215156766
00018,/Users/nikko/Downloads/moi-main/project_root/data/temp_frames/video6/frame_00018.png,"[748, 121, 1197, 1200]",LEFT_HIP,-0.23737389106056142,0.3316027247177557,0.9997848868370056,0.5144089236855507,0.3965497314929962,0.41149434215156766
00018,/Users/nikko/Downloads/moi-main/project_root/data/temp_frames/video6/frame_00018.png,"[748, 121, 1197, 1200]",RIGHT_HIP,0.25554135412636325,0.3303857013614094,0.9997634291648865,0.5144089236855507,0.3965497314929962,0.41149434215156766
00018,/Users/nikko/Downloads/moi-main/project_root/data/temp_frames/video6/frame_00018.png,"[748, 121, 1197, 1200]",LEFT_ELBOW,-1.0495936893061473,-0.5285480146034737,0.8529500961303711,0.5144089236855507,0.3965497314929962,0.41149434215156766
00018,/Users/nikko/Downloads/moi-main/project_root/data/temp_frames/video6/frame_00018.png,"[748, 121, 1197, 1200]",RIGHT_ELBOW,1.0286458087705874,-0.5026292338909017,0.8352784514427185,0.5144089236855507,0.3965497314929962,0.41149434215156766
00018,/Users/nikko/Downloads/moi-main/project_root/data/temp_frames/video6/frame_00018.png,"[748, 121, 1197, 1200]",LEFT_WRIST,-0.9442145961501922,-0.8257243830538317,0.8505979180335999,0.5144089236855507,0.3965497314929962,0.41149434215156766
00018,/Users/nikko/Downloads/moi-main/project_root/data/temp_frames/video6/frame_00018.png,"[748, 121, 1197, 1200]",RIGHT_WRIST,0.8893909313274148,-0.8040697649458447,0.8591709136962891,0.5144089236855507,0.3965497314929962,0.41149434215156766
00018,/Users/nikko/Downloads/moi-main/project_root/data/temp_frames/video6/frame_00018.png,"[748, 121, 1197, 1200]",LEFT_EYE,-0.08461587730159272,-0.5533737991257157,0.9993506073951721,0.5144089236855507,0.3965497314929962,0.41149434215156766
00018,/Users/nikko/Downloads/moi-main/project_root/data/temp_frames/video6/frame_00018.png,"[748, 121, 1197, 1200]",RIGHT_EYE,0.05822945080159357,-0.551031260923541,0.9995951056480408,0.5144089236855507,0.3965497314929962,0.41149434215156766
00019,/Users/nikko/Downloads/moi-main/project_root/data/temp_frames/video6/frame_00019.png,"[746, 123, 1200, 1197]",LEFT_SHOULDER,-0.5057006019540021,-0.33552884680927597,0.9997010827064514,0.5093671903014183,0.38915883749723434,0.4098972331543843
00019,/Users/nikko/Downloads/moi-main/project_root/data/temp_frames/video6/frame_00019.png,"[746, 123, 1200, 1197]",RIGHT_SHOULDER,0.48047886223011066,-0.3285387408877845,0.9992011189460754,0.5093671903014183,0.38915883749723434,0.4098972331543843
00019,/Users/nikko/Downloads/moi-main/project_root/data/temp_frames/video6/frame_00019.png,"[746, 123, 1200, 1197]",LEFT_HIP,-0.24185912992593003,0.3304920458319169,0.9996496438980103,0.5093671903014183,0.38915883749723434,0.4098972331543843
00019,/Users/nikko/Downloads/moi-main/project_root/data/temp_frames/video6/frame_00019.png,"[746, 123, 1200, 1197]",RIGHT_HIP,0.26708086964982153,0.3335755418651436,0.9995920062065125,0.5093671903014183,0.38915883749723434,0.4098972331543843
00019,/Users/nikko/Downloads/moi-main/project_root/data/temp_frames/video6/frame_00019.png,"[746, 123, 1200, 1197]",LEFT_ELBOW,-1.0300920176018886,-0.5178659426290202,0.8475999236106873,0.5093671903014183,0.38915883749723434,0.4098972331543843
00019,/Users/nikko/Downloads/moi-main/project_root/data/temp_frames/video6/frame_00019.png,"[746, 123, 1200, 1197]",RIGHT_ELBOW,1.0565830910824903,-0.49304529005125686,0.8059147000312805,0.5093671903014183,0.38915883749723434,0.4098972331543843
00019,/Users/nikko/Downloads/moi-main/project_root/data/temp_frames/video6/frame_00019.png,"[746, 123, 1200, 1197]",LEFT_WRIST,-0.9297568852570932,-0.828387716586324,0.8720676302909851,0.5093671903014183,0.38915883749723434,0.4098972331543843
00019,/Users/nikko/Downloads/moi-main/project_root/data/temp_frames/video6/frame_00019.png,"[746, 123, 1200, 1197]",RIGHT_WRIST,0.8957608507197657,-0.7947226616485547,0.8132025599479675,0.5093671903014183,0.38915883749723434,0.4098972331543843
00019,/Users/nikko/Downloads/moi-main/project_root/data/temp_frames/video6/frame_00019.png,"[746, 123, 1200, 1197]",LEFT_EYE,-0.0746989637741839,-0.5640377512693489,0.9996552467346191,0.5093671903014183,0.38915883749723434,0.4098972331543843
00019,/Users/nikko/Downloads/moi-main/project_root/data/temp_frames/video6/frame_00019.png,"[746, 123, 1200, 1197]",RIGHT_EYE,0.06871617442407517,-0.5630712232213012,0.9998019337654114,0.5093671903014183,0.38915883749723434,0.4098972331543843
00020,/Users/nikko/Downloads/moi-main/project_root/data/temp_frames/video6/frame_00020.png,"[747, 131, 1198, 1192]",LEFT_SHOULDER,-0.4843644242688492,-0.3347037716318415,0.9997065663337708,0.516910970211029,0.3787907101213932,0.4119630130821502
00020,/Users/nikko/Downloads/moi-main/project_root/data/temp_frames/video6/frame_00020.png,"[747, 131, 1198, 1192]",RIGHT_SHOULDER,0.48920578322054226,-0.3351192692206981,0.9994358420372009,0.516910970211029,0.3787907101213932,0.4119630130821502
00020,/Users/nikko/Downloads/moi-main/project_root/data/temp_frames/video6/frame_00020.png,"[747, 131, 1198, 1192]",LEFT_HIP,-0.2581466589282049,0.3339631861540802,0.9997355341911316,0.516910970211029,0.3787907101213932,0.4119630130821502
00020,/Users/nikko/Downloads/moi-main/project_root/data/temp_frames/video6/frame_00020.png,"[747, 131, 1198, 1192]",RIGHT_HIP,0.2533052999765118,0.3358598546984594,0.9997428059577942,0.516910970211029,0.3787907101213932,0.4119630130821502
00020,/Users/nikko/Downloads/moi-main/project_root/data/temp_frames/video6/frame_00020.png,"[747, 131, 1198, 1192]",LEFT_ELBOW,-1.0479514016042186,-0.49930013744634383,0.8541949391365051,0.516910970211029,0.3787907101213932,0.4119630130821502
00020,/Users/nikko/Downloads/moi-main/project_root/data/temp_frames/video6/frame_00020.png,"[747, 131, 1198, 1192]",RIGHT_ELBOW,1.0589200749597707,-0.4734441207357658,0.8641083240509033,0.516910970211029,0.3787907101213932,0.4119630130821502
00020,/Users/nikko/Downloads/moi-main/project_root/data/temp_frames/video6/frame_00020.png,"[747, 131, 1198, 1192]",LEFT_WRIST,-0.9519060431183098,-0.8001674323125346,0.8722208142280579,0.516910970211029,0.3787907101213932,0.4119630130821502
00020,/Users/nikko/Downloads/moi-main/project_root/data/temp_frames/video6/frame_00020.png,"[747, 131, 1198, 1192]",RIGHT_WRIST,0.8890910510801209,-0.7843967270492073,0.9037272930145264,0.516910970211029,0.3787907101213932,0.4119630130821502
00020,/Users/nikko/Downloads/moi-main/project_root/data/temp_frames/video6/frame_00020.png,"[747, 131, 1198, 1192]",LEFT_EYE,-0.10782464459632032,-0.5721732492966809,0.9995119571685791,0.516910970211029,0.3787907101213932,0.4119630130821502
00020,/Users/nikko/Downloads/moi-main/project_root/data/temp_frames/video6/frame_00020.png,"[747, 131, 1198, 1192]",RIGHT_EYE,0.03913656683045229,-0.5703561933746638,0.9997308850288391,0.516910970211029,0.3787907101213932,0.4119630130821502
00021,/Users/nikko/Downloads/moi-main/project_root/data/temp_frames/video6/frame_00021.png,"[747, 131, 1200, 1182]",LEFT_SHOULDER,-0.49268652825186043,-0.34258743232989886,0.9997760653495789,0.5157080516219139,0.3746354207396507,0.4135786109587718
00021,/Users/nikko/Downloads/moi-main/project_root/data/temp_frames/video6/frame_00021.png,"[747, 131, 1200, 1182]",RIGHT_SHOULDER,0.48159752373713893,-0.33341366473650913,0.9994996786117554,0.5157080516219139,0.3746354207396507,0.4135786109587718
00021,/Users/nikko/Downloads/moi-main/project_root/data/temp_frames/video6/frame_00021.png,"[747, 131, 1200, 1182]",LEFT_HIP,-0.2442013546256092,0.33829282239940867,0.9996986389160156,0.5157080516219139,0.3746354207396507,0.4135786109587718
00021,/Users/nikko/Downloads/moi-main/project_root/data/temp_frames/video6/frame_00021.png,"[747, 131, 1200, 1182]",RIGHT_HIP,0.25529035914033077,0.33770827466699926,0.9997029900550842,0.5157080516219139,0.3746354207396507,0.4135786109587718
00021,/Users/nikko/Downloads/moi-main/project_root/data/temp_frames/video6/frame_00021.png,"[747, 131, 1200, 1182]",LEFT_ELBOW,-1.031228707558067,-0.47425810612848956,0.8633922934532166,0.5157080516219139,0.3746354207396507,0.4135786109587718
00021,/Users/nikko/Downloads/moi-main/project_root/data/temp_frames/video6/frame_00021.png,"[747, 131, 1200, 1182]",RIGHT_ELBOW,1.0656038000739023,-0.4529744652179814,0.8599244952201843,0.5157080516219139,0.3746354207396507,0.4135786109587718
00021,/Users/nikko/Downloads/moi-main/project_root/data/temp_frames/video6/frame_00021.png,"[747, 131, 1200, 1182]",LEFT_WRIST,-0.9505558961622694,-0.7983776726941119,0.8961432576179504,0.5157080516219139,0.3746354207396507,0.4135786109587718
00021,/Users/nikko/Downloads/moi-main/project_root/data/temp_frames/video6/frame_00021.png,"[747, 131, 1200, 1182]",RIGHT_WRIST,0.8870097676579587,-0.7689367283476227,0.9176537394523621,0.5157080516219139,0.3746354207396507,0.4135786109587718
00021,/Users/nikko/Downloads/moi-main/project_root/data/temp_frames/video6/frame_00021.png,"[747, 131, 1200, 1182]",LEFT_EYE,-0.09432748108254871,-0.5815307577639995,0.9996445178985596,0.5157080516219139,0.3746354207396507,0.4135786109587718
00021,/Users/nikko/Downloads/moi-main/project_root/data/temp_frames/video6/frame_00021.png,"[747, 131, 1200, 1182]",RIGHT_EYE,0.05630273035491135,-0.5792781736768302,0.9997993111610413,0.5157080516219139,0.3746354207396507,0.4135786109587718
00022,/Users/nikko/Downloads/moi-main/project_root/data/temp_frames/video6/frame_00022.png,"[747, 131, 1201, 1165]",LEFT_SHOULDER,-0.48944550689147476,-0.34954558938812763,0.9999043941497803,0.5113700106739998,0.3720247596502304,0.420883120056066
00022,/Users/nikko/Downloads/moi-main/project_root/data/temp_frames/video6/frame_00022.png,"[747, 131, 1201, 1165]",RIGHT_SHOULDER,0.48190211549335493,-0.3335588947228285,0.9998099207878113,0.5113700106739998,0.3720247596502304,0.420883120056066
00022,/Users/nikko/Downloads/moi-main/project_root/data/temp_frames/video6/frame_00022.png,"[747, 131, 1201, 1165]",LEFT_HIP,-0.2408748937916726,0.3416501709338248,0.9998847246170044,0.5113700106739998,0.3720247596502304,0.420883120056066
00022,/Users/nikko/Downloads/moi-main/project_root/data/temp_frames/video6/frame_00022.png,"[747, 131, 1201, 1165]",RIGHT_HIP,0.24841828518979242,0.34145431317713126,0.9998922348022461,0.5113700106739998,0.3720247596502304,0.420883120056066
00022,/Users/nikko/Downloads/moi-main/project_root/data/temp_frames/video6/frame_00022.png,"[747, 131, 1201, 1165]",LEFT_ELBOW,-1.013120891941094,-0.4426747135380163,0.9045708179473877,0.5113700106739998,0.3720247596502304,0.420883120056066
00022,/Users/nikko/Downloads/moi-main/project_root/data/temp_frames/video6/frame_00022.png,"[747, 131, 1201, 1165]",RIGHT_ELBOW,1.0638735421728842,-0.42979993380083303,0.9312273859977722,0.5113700106739998,0.3720247596502304,0.420883120056066
00022,/Users/nikko/Downloads/moi-main/project_root/data/temp_frames/video6/frame_00022.png,"[747, 131, 1201, 1165]",LEFT_WRIST,-0.9158712845487493,-0.7638553856462332,0.9225526452064514,0.5113700106739998,0.3720247596502304,0.420883120056066
00022,/Users/nikko/Downloads/moi-main/project_root/data/temp_frames/video6/frame_00022.png,"[747, 131, 1201, 1165]",RIGHT_WRIST,0.8789617274390967,-0.7385316716341787,0.9560593366622925,0.5113700106739998,0.3720247596502304,0.420883120056066
00022,/Users/nikko/Downloads/moi-main/project_root/data/temp_frames/video6/frame_00022.png,"[747, 131, 1201, 1165]",LEFT_EYE,-0.07244062186830331,-0.5859464681894297,0.9999223947525024,0.5113700106739998,0.3720247596502304,0.420883120056066
00022,/Users/nikko/Downloads/moi-main/project_root/data/temp_frames/video6/frame_00022.png,"[747, 131, 1201, 1165]",RIGHT_EYE,0.0764682036730217,-0.5865899097783936,0.9999586343765259,0.5113700106739998,0.3720247596502304,0.420883120056066
00023,/Users/nikko/Downloads/moi-main/project_root/data/temp_frames/video6/frame_00023.png,"[745, 132, 1203, 1142]",LEFT_SHOULDER,-0.47742073966074605,-0.3553447879968751,0.999883770942688,0.5153288170695305,0.3695967495441437,0.42154089025373714
00023,/Users/nikko/Downloads/moi-main/project_root/data/temp_frames/video6/frame_00023.png,"[745, 132, 1203, 1142]",RIGHT_SHOULDER,0.47308476330481447,-0.33777938407039515,0.9997597336769104,0.5153288170695305,0.3695967495441437,0.42154089025373714
00023,/Users/nikko/Downloads/moi-main/project_root/data/temp_frames/video6/frame_00023.png,"[745, 132, 1203, 1142]",LEFT_HIP,-0.2433859024012465,0.3455118593313033,0.9998180270195007,0.5153288170695305,0.3695967495441437,0.42154089025373714
00023,/Users/nikko/Downloads/moi-main/project_root/data/temp_frames/video6/frame_00023.png,"[745, 132, 1203, 1142]",RIGHT_HIP,0.24772187875717808,0.347612312735967,0.9998247027397156,0.5153288170695305,0.3695967495441437,0.42154089025373714
00023,/Users/nikko/Downloads/moi-main/project_root/data/temp_frames/video6/frame_00023.png,"[745, 132, 1203, 1142]",LEFT_ELBOW,-1.0262667398507277,-0.434884207490096,0.9143450856208801,0.5153288170695305,0.3695967495441437,0.42154089025373714
00023,/Users/nikko/Downloads/moi-main/project_root/data/temp_frames/video6/frame_00023.png,"[745, 132, 1203, 1142]",RIGHT_ELBOW,1.0372316227223604,-0.41149882965835455,0.9222643971443176,0.5153288170695305,0.3695967495441437,0.42154089025373714
00023,/Users/nikko/Downloads/moi-main/project_root/data/temp_frames/video6/frame_00023.png,"[745, 132, 1203, 1142]",LEFT_WRIST,-0.9168983015148409,-0.7621203635748257,0.9052789211273193,0.5153288170695305,0.3695967495441437,0.42154089025373714
00023,/Users/nikko/Downloads/moi-main/project_root/data/temp_frames/video6/frame_00023.png,"[745, 132, 1203, 1142]",RIGHT_WRIST,0.8768281053298874,-0.7248745119075292,0.9550448656082153,0.5153288170695305,0.3695967495441437,0.42154089025373714
00023,/Users/nikko/Downloads/moi-main/project_root/data/temp_frames/video6/frame_00023.png,"[745, 132, 1203, 1142]",LEFT_EYE,-0.07042469954608155,-0.5939448769536501,0.9998369216918945,0.5153288170695305,0.3695967495441437,0.42154089025373714
00023,/Users/nikko/Downloads/moi-main/project_root/data/temp_frames/video6/frame_00023.png,"[745, 132, 1203, 1142]",RIGHT_EYE,0.08280454284992363,-0.5930063362582524,0.9999096393585205,0.5153288170695305,0.3695967495441437,0.42154089025373714
00024,/Users/nikko/Downloads/moi-main/project_root/data/temp_frames/video6/frame_00024.png,"[746, 132, 1205, 1145]",LEFT_SHOULDER,-0.4754745228209664,-0.3447741695258006,0.999860405921936,0.5103326365351677,0.3587210513651371,0.42110479346906754
00024,/Users/nikko/Downloads/moi-main/project_root/data/temp_frames/video6/frame_00024.png,"[746, 132, 1205, 1145]",RIGHT_SHOULDER,0.47412543637187765,-0.34012053784039437,0.9997015595436096,0.5103326365351677,0.3587210513651371,0.42110479346906754
00024,/Users/nikko/Downloads/moi-main/project_root/data/temp_frames/video6/frame_00024.png,"[746, 132, 1205, 1145]",LEFT_HIP,-0.25316637830733085,0.3417288081241415,0.9996961355209351,0.5103326365351677,0.3587210513651371,0.42110479346906754
00024,/Users/nikko/Downloads/moi-main/project_root/data/temp_frames/video6/frame_00024.png,"[746, 132, 1205, 1145]",RIGHT_HIP,0.2545154647564196,0.3431658992420535,0.9996998310089111,0.5103326365351677,0.3587210513651371,0.42110479346906754
00024,/Users/nikko/Downloads/moi-main/project_root/data/temp_frames/video6/frame_00024.png,"[746, 132, 1205, 1145]",LEFT_ELBOW,-1.0078590853396636,-0.40582195025080614,0.9025573134422302,0.5103326365351677,0.3587210513651371,0.42110479346906754
00024,/Users/nikko/Downloads/moi-main/project_root/data/temp_frames/video6/frame_00024.png,"[746, 132, 1205, 1145]",RIGHT_ELBOW,1.0474428387343873,-0.3918496255572614,0.8546018600463867,0.5103326365351677,0.3587210513651371,0.42110479346906754
00024,/Users/nikko/Downloads/moi-main/project_root/data/temp_frames/video6/frame_00024.png,"[746, 132, 1205, 1145]",LEFT_WRIST,-0.9110418653581687,-0.7422720086846105,0.8912013173103333,0.5103326365351677,0.3587210513651371,0.42110479346906754
00024,/Users/nikko/Downloads/moi-main/project_root/data/temp_frames/video6/frame_00024.png,"[746, 132, 1205, 1145]",RIGHT_WRIST,0.8686755260626629,-0.7000702844752992,0.8986071348190308,0.5103326365351677,0.3587210513651371,0.42110479346906754
00024,/Users/nikko/Downloads/moi-main/project_root/data/temp_frames/video6/frame_00024.png,"[746, 132, 1205, 1145]",LEFT_EYE,-0.07821401671957391,-0.5943236868722328,0.9998809099197388,0.5103326365351677,0.3587210513651371,0.42110479346906754
00024,/Users/nikko/Downloads/moi-main/project_root/data/temp_frames/video6/frame_00024.png,"[746, 132, 1205, 1145]",RIGHT_EYE,0.08460566099602129,-0.5937063449131298,0.999933123588562,0.5103326365351677,0.3587210513651371,0.42110479346906754
00025,/Users/nikko/Downloads/moi-main/project_root/data/temp_frames/video6/frame_00025.png,"[744, 133, 1203, 1136]",LEFT_SHOULDER,-0.4801946952386863,-0.34929052137304706,0.9999125003814697,0.5157054290175438,0.34895268455147743,0.42192348409889235
00025,/Users/nikko/Downloads/moi-main/project_root/data/temp_frames/video6/frame_00025.png,"[744, 133, 1203, 1136]",RIGHT_SHOULDER,0.4681307240617414,-0.33880911447199774,0.9998034834861755,0.5157054290175438,0.34895268455147743,0.42192348409889235
00025,/Users/nikko/Downloads/moi-main/project_root/data/temp_frames/video6/frame_00025.png,"[744, 133, 1203, 1136]",LEFT_HIP,-0.24540325547277728,0.3449446854436704,0.9998099207878113,0.5157054290175438,0.34895268455147743,0.42192348409889235
00025,/Users/nikko/Downloads/moi-main/project_root/data/temp_frames/video6/frame_00025.png,"[744, 133, 1203, 1136]",RIGHT_HIP,0.2574672266497222,0.3431549504013744,0.9998109936714172,0.5157054290175438,0.34895268455147743,0.42192348409889235
00025,/Users/nikko/Downloads/moi-main/project_root/data/temp_frames/video6/frame_00025.png,"[744, 133, 1203, 1136]",LEFT_ELBOW,-1.0373476088067688,-0.38018128604478335,0.9017929434776306,0.5157054290175438,0.34895268455147743,0.42192348409889235
00025,/Users/nikko/Downloads/moi-main/project_root/data/temp_frames/video6/frame_00025.png,"[744, 133, 1203, 1136]",RIGHT_ELBOW,1.0440904592411513,-0.3695418346194173,0.8429047465324402,0.5157054290175438,0.34895268455147743,0.42192348409889235
00025,/Users/nikko/Downloads/moi-main/project_root/data/temp_frames/video6/frame_00025.png,"[744, 133, 1203, 1136]",LEFT_WRIST,-0.9256054859014422,-0.7164045272198684,0.8503623604774475,0.5157054290175438,0.34895268455147743,0.42192348409889235
00025,/Users/nikko/Downloads/moi-main/project_root/data/temp_frames/video6/frame_00025.png,"[744, 133, 1203, 1136]",RIGHT_WRIST,0.8642328945573134,-0.6705538064637951,0.8695189952850342,0.5157054290175438,0.34895268455147743,0.42192348409889235
00025,/Users/nikko/Downloads/moi-main/project_root/data/temp_frames/video6/frame_00025.png,"[744, 133, 1203, 1136]",LEFT_EYE,-0.08187601650934483,-0.5997862186397944,0.9999079704284668,0.5157054290175438,0.34895268455147743,0.42192348409889235
00025,/Users/nikko/Downloads/moi-main/project_root/data/temp_frames/video6/frame_00025.png,"[744, 133, 1203, 1136]",RIGHT_EYE,0.0883329564528656,-0.5999541343249037,0.9999493360519409,0.5157054290175438,0.34895268455147743,0.42192348409889235
00026,/Users/nikko/Downloads/moi-main/project_root/data/temp_frames/video6/frame_00026.png,"[744, 130, 1204, 1127]",LEFT_SHOULDER,-0.47702519622409884,-0.3607101771450594,0.9999573230743408,0.5176214948296547,0.3411520794034004,0.4293878139830162
00026,/Users/nikko/Downloads/moi-main/project_root/data/temp_frames/video6/frame_00026.png,"[744, 130, 1204, 1127]",RIGHT_SHOULDER,0.46942091161715693,-0.33918873610645245,0.9999277591705322,0.5176214948296547,0.3411520794034004,0.4293878139830162
00026,/Users/nikko/Downloads/moi-main/project_root/data/temp_frames/video6/frame_00026.png,"[744, 130, 1204, 1127]",LEFT_HIP,-0.23721470449417967,0.35088460563933854,0.9998685121536255,0.5176214948296547,0.3411520794034004,0.4293878139830162
00026,/Users/nikko/Downloads/moi-main/project_root/data/temp_frames/video6/frame_00026.png,"[744, 130, 1204, 1127]",RIGHT_HIP,0.24481898910112154,0.3490143076121733,0.9998733997344971,0.5176214948296547,0.3411520794034004,0.4293878139830162
00026,/Users/nikko/Downloads/moi-main/project_root/data/temp_frames/video6/frame_00026.png,"[744, 130, 1204, 1127]",LEFT_ELBOW,-1.0076540001003695,-0.34320338388306226,0.9521753787994385,0.5176214948296547,0.3411520794034004,0.4293878139830162
00026,/Users/nikko/Downloads/moi-main/project_root/data/temp_frames/video6/frame_00026.png,"[744, 130, 1204, 1127]",RIGHT_ELBOW,1.0086464268608968,-0.3342094068335882,0.9391357898712158,0.5176214948296547,0.3411520794034004,0.4293878139830162
00026,/Users/nikko/Downloads/moi-main/project_root/data/temp_frames/video6/frame_00026.png,"[744, 130, 1204, 1127]",LEFT_WRIST,-0.8937483769945188,-0.6852836311395766,0.9218000173568726,0.5176214948296547,0.3411520794034004,0.4293878139830162
00026,/Users/nikko/Downloads/moi-main/project_root/data/temp_frames/video6/frame_00026.png,"[744, 130, 1204, 1127]",RIGHT_WRIST,0.8186261739718708,-0.6377216024998044,0.9646889567375183,0.5176214948296547,0.3411520794034004,0.4293878139830162
00026,/Users/nikko/Downloads/moi-main/project_root/data/temp_frames/video6/frame_00026.png,"[744, 130, 1204, 1127]",RIGHT_KNEE,0.3932894333964525,0.859410914277688,0.7038556337356567,0.5176214948296547,0.3411520794034004,0.4293878139830162
00026,/Users/nikko/Downloads/moi-main/project_root/data/temp_frames/video6/frame_00026.png,"[744, 130, 1204, 1127]",LEFT_EYE,-0.09386792037116343,-0.6021318549375497,0.9999872446060181,0.5176214948296547,0.3411520794034004,0.4293878139830162
00026,/Users/nikko/Downloads/moi-main/project_root/data/temp_frames/video6/frame_00026.png,"[744, 130, 1204, 1127]",RIGHT_EYE,0.06458186561874739,-0.6021804568670233,0.9999929666519165,0.5176214948296547,0.3411520794034004,0.4293878139830162
00027,/Users/nikko/Downloads/moi-main/project_root/data/temp_frames/video6/frame_00027.png,"[745, 123, 1205, 1118]",LEFT_SHOULDER,-0.4854308724687907,-0.3586948724440482,0.9999376535415649,0.5171541124582291,0.33773644641041756,0.4320957855459772
00027,/Users/nikko/Downloads/moi-main/project_root/data/temp_frames/video6/frame_00027.png,"[745, 123, 1205, 1118]",RIGHT_SHOULDER,0.46533759346753956,-0.338102756601802,0.9998877048492432,0.5171541124582291,0.33773644641041756,0.4320957855459772
00027,/Users/nikko/Downloads/moi-main/project_root/data/temp_frames/video6/frame_00027.png,"[745, 123, 1205, 1118]",LEFT_HIP,-0.2318080833361912,0.34813682603477863,0.9997748732566833,0.5171541124582291,0.33773644641041756,0.4320957855459772
00027,/Users/nikko/Downloads/moi-main/project_root/data/temp_frames/video6/frame_00027.png,"[745, 123, 1205, 1118]",RIGHT_HIP,0.25190136233744237,0.3486608030110716,0.9997857213020325,0.5171541124582291,0.33773644641041756,0.4320957855459772
00027,/Users/nikko/Downloads/moi-main/project_root/data/temp_frames/video6/frame_00027.png,"[745, 123, 1205, 1118]",LEFT_ELBOW,-1.028465709392303,-0.3199976174360298,0.9302194118499756,0.5171541124582291,0.33773644641041756,0.4320957855459772
00027,/Users/nikko/Downloads/moi-main/project_root/data/temp_frames/video6/frame_00027.png,"[745, 123, 1205, 1118]",RIGHT_ELBOW,1.015536041248359,-0.3079113163411664,0.9002585411071777,0.5171541124582291,0.33773644641041756,0.4320957855459772
00027,/Users/nikko/Downloads/moi-main/project_root/data/temp_frames/video6/frame_00027.png,"[745, 123, 1205, 1118]",LEFT_WRIST,-0.9063392255945889,-0.6447006301953324,0.8711951971054077,0.5171541124582291,0.33773644641041756,0.4320957855459772
00027,/Users/nikko/Downloads/moi-main/project_root/data/temp_frames/video6/frame_00027.png,"[745, 123, 1205, 1118]",RIGHT_WRIST,0.8203561694394274,-0.6214292535759433,0.9309378266334534,0.5171541124582291,0.33773644641041756,0.4320957855459772
00027,/Users/nikko/Downloads/moi-main/project_root/data/temp_frames/video6/frame_00027.png,"[745, 123, 1205, 1118]",RIGHT_KNEE,0.3812540831731236,0.8570900022964316,0.6361187100410461,0.5171541124582291,0.33773644641041756,0.4320957855459772
00027,/Users/nikko/Downloads/moi-main/project_root/data/temp_frames/video6/frame_00027.png,"[745, 123, 1205, 1118]",LEFT_EYE,-0.0989982317963229,-0.6139490115084325,0.9999750852584839,0.5171541124582291,0.33773644641041756,0.4320957855459772
00027,/Users/nikko/Downloads/moi-main/project_root/data/temp_frames/video6/frame_00027.png,"[745, 123, 1205, 1118]",RIGHT_EYE,0.07321755757786505,-0.6143665998463246,0.9999864101409912,0.5171541124582291,0.33773644641041756,0.4320957855459772
00028,/Users/nikko/Downloads/moi-main/project_root/data/temp_frames/video6/frame_00028.png,"[747, 114, 1206, 1106]",LEFT_SHOULDER,-0.4822806408770245,-0.35791714481376014,0.9999121427536011,0.5144879370927811,0.3378802761435509,0.4329134730456812
00028,/Users/nikko/Downloads/moi-main/project_root/data/temp_frames/video6/frame_00028.png,"[747, 114, 1206, 1106]",RIGHT_SHOULDER,0.47933815757463294,-0.33522560962396036,0.9998712539672852,0.5144879370927811,0.3378802761435509,0.4329134730456812
00028,/Users/nikko/Downloads/moi-main/project_root/data/temp_frames/video6/frame_00028.png,"[747, 114, 1206, 1106]",LEFT_HIP,-0.23849944804243525,0.3475927754538364,0.9997512698173523,0.5144879370927811,0.3378802761435509,0.4329134730456812
00028,/Users/nikko/Downloads/moi-main/project_root/data/temp_frames/video6/frame_00028.png,"[747, 114, 1206, 1106]",RIGHT_HIP,0.2414419313448268,0.3455499789838841,0.9997689127922058,0.5144879370927811,0.3378802761435509,0.4329134730456812
00028,/Users/nikko/Downloads/moi-main/project_root/data/temp_frames/video6/frame_00028.png,"[747, 114, 1206, 1106]",LEFT_ELBOW,-1.0288004464248155,-0.3015689303373521,0.8874559998512268,0.5144879370927811,0.3378802761435509,0.4329134730456812
00028,/Users/nikko/Downloads/moi-main/project_root/data/temp_frames/video6/frame_00028.png,"[747, 114, 1206, 1106]",RIGHT_ELBOW,1.016193248223449,-0.28539143346974544,0.9103877544403076,0.5144879370927811,0.3378802761435509,0.4329134730456812
00028,/Users/nikko/Downloads/moi-main/project_root/data/temp_frames/video6/frame_00028.png,"[747, 114, 1206, 1106]",LEFT_WRIST,-0.8903209403744106,-0.6234398113910005,0.7952572703361511,0.5144879370927811,0.3378802761435509,0.4329134730456812
00028,/Users/nikko/Downloads/moi-main/project_root/data/temp_frames/video6/frame_00028.png,"[747, 114, 1206, 1106]",RIGHT_WRIST,0.8312586924198859,-0.5972888120135147,0.936564028263092,0.5144879370927811,0.3378802761435509,0.4329134730456812
00028,/Users/nikko/Downloads/moi-main/project_root/data/temp_frames/video6/frame_00028.png,"[747, 114, 1206, 1106]",RIGHT_KNEE,0.38356160997186495,0.8654239195336376,0.8241899013519287,0.5144879370927811,0.3378802761435509,0.4329134730456812
00028,/Users/nikko/Downloads/moi-main/project_root/data/temp_frames/video6/frame_00028.png,"[747, 114, 1206, 1106]",RIGHT_ANKLE,-0.10921605422298052,1.1987791973319926,0.5585892200469971,0.5144879370927811,0.3378802761435509,0.4329134730456812
00028,/Users/nikko/Downloads/moi-main/project_root/data/temp_frames/video6/frame_00028.png,"[747, 114, 1206, 1106]",LEFT_EYE,-0.09842469996537119,-0.6222457936187726,0.9999775886535645,0.5144879370927811,0.3378802761435509,0.4329134730456812
00028,/Users/nikko/Downloads/moi-main/project_root/data/temp_frames/video6/frame_00028.png,"[747, 114, 1206, 1106]",RIGHT_EYE,0.08080091641456622,-0.621216082797905,0.9999878406524658,0.5144879370927811,0.3378802761435509,0.4329134730456812
00029,/Users/nikko/Downloads/moi-main/project_root/data/temp_frames/video6/frame_00029.png,"[747, 107, 1208, 1100]",LEFT_SHOULDER,-0.4826813519586027,-0.36175624378641885,0.9999545812606812,0.5180322602391243,0.33141540735960007,0.42695975246544116
00029,/Users/nikko/Downloads/moi-main/project_root/data/temp_frames/video6/frame_00029.png,"[747, 107, 1208, 1100]",RIGHT_SHOULDER,0.48143005993588145,-0.34101759581438346,0.9999387264251709,0.5180322602391243,0.33141540735960007,0.42695975246544116
00029,/Users/nikko/Downloads/moi-main/project_root/data/temp_frames/video6/frame_00029.png,"[747, 107, 1208, 1100]",LEFT_HIP,-0.2287083345466465,0.3523668943828904,0.9999129772186279,0.5180322602391243,0.33141540735960007,0.42695975246544116
00029,/Users/nikko/Downloads/moi-main/project_root/data/temp_frames/video6/frame_00029.png,"[747, 107, 1208, 1100]",RIGHT_HIP,0.22995962656936766,0.3504069452179118,0.9999234676361084,0.5180322602391243,0.33141540735960007,0.42695975246544116
00029,/Users/nikko/Downloads/moi-main/project_root/data/temp_frames/video6/frame_00029.png,"[747, 107, 1208, 1100]",LEFT_ELBOW,-1.0662384688643696,-0.2585436553009362,0.9094053506851196,0.5180322602391243,0.33141540735960007,0.42695975246544116
00029,/Users/nikko/Downloads/moi-main/project_root/data/temp_frames/video6/frame_00029.png,"[747, 107, 1208, 1100]",RIGHT_ELBOW,1.0181913052155835,-0.25514782472021014,0.9296931028366089,0.5180322602391243,0.33141540735960007,0.42695975246544116
00029,/Users/nikko/Downloads/moi-main/project_root/data/temp_frames/video6/frame_00029.png,"[747, 107, 1208, 1100]",LEFT_WRIST,-0.9274650950338119,-0.5847929479526682,0.7858578562736511,0.5180322602391243,0.33141540735960007,0.42695975246544116
00029,/Users/nikko/Downloads/moi-main/project_root/data/temp_frames/video6/frame_00029.png,"[747, 107, 1208, 1100]",RIGHT_WRIST,0.8289934943763075,-0.5654463636646836,0.9560169577598572,0.5180322602391243,0.33141540735960007,0.42695975246544116
00029,/Users/nikko/Downloads/moi-main/project_root/data/temp_frames/video6/frame_00029.png,"[747, 107, 1208, 1100]",LEFT_KNEE,-0.44741936829407125,0.8765432543515425,0.5835375785827637,0.5180322602391243,0.33141540735960007,0.42695975246544116
00029,/Users/nikko/Downloads/moi-main/project_root/data/temp_frames/video6/frame_00029.png,"[747, 107, 1208, 1100]",RIGHT_KNEE,0.38030271385057585,0.8742594972099146,0.8586223125457764,0.5180322602391243,0.33141540735960007,0.42695975246544116
00029,/Users/nikko/Downloads/moi-main/project_root/data/temp_frames/video6/frame_00029.png,"[747, 107, 1208, 1100]",RIGHT_ANKLE,-0.09747619999981799,1.2082390509174745,0.6533958315849304,0.5180322602391243,0.33141540735960007,0.42695975246544116
00029,/Users/nikko/Downloads/moi-main/project_root/data/temp_frames/video6/frame_00029.png,"[747, 107, 1208, 1100]",LEFT_EYE,-0.09779163182703897,-0.6347085338836171,0.9999881982803345,0.5180322602391243,0.33141540735960007,0.42695975246544116
00029,/Users/nikko/Downloads/moi-main/project_root/data/temp_frames/video6/frame_00029.png,"[747, 107, 1208, 1100]",RIGHT_EYE,0.07855402473317878,-0.6340488510400484,0.9999934434890747,0.5180322602391243,0.33141540735960007,0.42695975246544116
00030,/Users/nikko/Downloads/moi-main/project_root/data/temp_frames/video6/frame_00030.png,"[748, 95, 1208, 1084]",LEFT_SHOULDER,-0.47853220501095095,-0.35786641153129595,0.9999547004699707,0.5158108621835709,0.3380202241241932,0.42833134897659453
00030,/Users/nikko/Downloads/moi-main/project_root/data/temp_frames/video6/frame_00030.png,"[748, 95, 1208, 1084]",RIGHT_SHOULDER,0.4821854532334476,-0.3401952339434176,0.9999210834503174,0.5158108621835709,0.3380202241241932,0.42833134897659453
00030,/Users/nikko/Downloads/moi-main/project_root/data/temp_frames/video6/frame_00030.png,"[748, 95, 1208, 1084]",LEFT_HIP,-0.23745316781234652,0.34934242659528636,0.9998965263366699,0.5158108621835709,0.3380202241241932,0.42833134897659453
00030,/Users/nikko/Downloads/moi-main/project_root/data/temp_frames/video6/frame_00030.png,"[748, 95, 1208, 1084]",RIGHT_HIP,0.23379991958984989,0.3487192188794272,0.9999021291732788,0.5158108621835709,0.3380202241241932,0.42833134897659453
00030,/Users/nikko/Downloads/moi-main/project_root/data/temp_frames/video6/frame_00030.png,"[748, 95, 1208, 1084]",LEFT_ELBOW,-1.0736137937336159,-0.24657700843902433,0.9164711236953735,0.5158108621835709,0.3380202241241932,0.42833134897659453
00030,/Users/nikko/Downloads/moi-main/project_root/data/temp_frames/video6/frame_00030.png,"[748, 95, 1208, 1084]",RIGHT_ELBOW,1.009830524382322,-0.24140839207456555,0.8691831827163696,0.5158108621835709,0.3380202241241932,0.42833134897659453
00030,/Users/nikko/Downloads/moi-main/project_root/data/temp_frames/video6/frame_00030.png,"[748, 95, 1208, 1084]",LEFT_WRIST,-0.9185746715000753,-0.5736850629909369,0.8123618960380554,0.5158108621835709,0.3380202241241932,0.42833134897659453
00030,/Users/nikko/Downloads/moi-main/project_root/data/temp_frames/video6/frame_00030.png,"[748, 95, 1208, 1084]",RIGHT_WRIST,0.8432526751092297,-0.5512765813787373,0.9405903220176697,0.5158108621835709,0.3380202241241932,0.42833134897659453
00030,/Users/nikko/Downloads/moi-main/project_root/data/temp_frames/video6/frame_00030.png,"[748, 95, 1208, 1084]",LEFT_KNEE,-0.4379617793015715,0.8697239307577681,0.5027103424072266,0.5158108621835709,0.3380202241241932,0.42833134897659453
00030,/Users/nikko/Downloads/moi-main/project_root/data/temp_frames/video6/frame_00030.png,"[748, 95, 1208, 1084]",RIGHT_KNEE,0.37673553496564527,0.8736646741552039,0.765242338180542,0.5158108621835709,0.3380202241241932,0.42833134897659453
00030,/Users/nikko/Downloads/moi-main/project_root/data/temp_frames/video6/frame_00030.png,"[748, 95, 1208, 1084]",RIGHT_ANKLE,-0.0886001057670868,1.1984645049523213,0.5467024445533752,0.5158108621835709,0.3380202241241932,0.42833134897659453
00030,/Users/nikko/Downloads/moi-main/project_root/data/temp_frames/video6/frame_00030.png,"[748, 95, 1208, 1084]",LEFT_EYE,-0.10244280362276754,-0.626412753050689,0.9999750852584839,0.5158108621835709,0.3380202241241932,0.42833134897659453
00030,/Users/nikko/Downloads/moi-main/project_root/data/temp_frames/video6/frame_00030.png,"[748, 95, 1208, 1084]",RIGHT_EYE,0.07682685829577579,-0.6259639245173544,0.9999847412109375,0.5158108621835709,0.3380202241241932,0.42833134897659453
00031,/Users/nikko/Downloads/moi-main/project_root/data/temp_frames/video6/frame_00031.png,"[747, 86, 1208, 1070]",LEFT_SHOULDER,-0.4911867971696634,-0.3538903513498532,0.9999126195907593,0.5173559263348579,0.3425718806684017,0.43169431463596775
00031,/Users/nikko/Downloads/moi-main/project_root/data/temp_frames/video6/frame_00031.png,"[747, 86, 1208, 1070]",RIGHT_SHOULDER,0.48506888729850034,-0.3414213635058129,0.9999040365219116,0.5173559263348579,0.3425718806684017,0.43169431463596775
00031,/Users/nikko/Downloads/moi-main/project_root/data/temp_frames/video6/frame_00031.png,"[747, 86, 1208, 1070]",LEFT_HIP,-0.22751961739427762,0.34568167782141784,0.9998557567596436,0.5173559263348579,0.3425718806684017,0.43169431463596775
00031,/Users/nikko/Downloads/moi-main/project_root/data/temp_frames/video6/frame_00031.png,"[747, 86, 1208, 1070]",RIGHT_HIP,0.2336375272654407,0.3496300370342483,0.9998767375946045,0.5173559263348579,0.3425718806684017,0.43169431463596775
00031,/Users/nikko/Downloads/moi-main/project_root/data/temp_frames/video6/frame_00031.png,"[747, 86, 1208, 1070]",LEFT_ELBOW,-1.079682651326681,-0.22484211063042328,0.8973128199577332,0.5173559263348579,0.3425718806684017,0.43169431463596775
00031,/Users/nikko/Downloads/moi-main/project_root/data/temp_frames/video6/frame_00031.png,"[747, 86, 1208, 1070]",RIGHT_ELBOW,1.011985304676725,-0.2241487505032388,0.8932014107704163,0.5173559263348579,0.3425718806684017,0.43169431463596775
00031,/Users/nikko/Downloads/moi-main/project_root/data/temp_frames/video6/frame_00031.png,"[747, 86, 1208, 1070]",LEFT_WRIST,-0.9072711497949703,-0.5421390583713719,0.7177817821502686,0.5173559263348579,0.3425718806684017,0.43169431463596775
00031,/Users/nikko/Downloads/moi-main/project_root/data/temp_frames/video6/frame_00031.png,"[747, 86, 1208, 1070]",RIGHT_WRIST,0.8385261862853514,-0.5340071525495557,0.9464209675788879,0.5173559263348579,0.3425718806684017,0.43169431463596775
00031,/Users/nikko/Downloads/moi-main/project_root/data/temp_frames/video6/frame_00031.png,"[747, 86, 1208, 1070]",LEFT_KNEE,-0.4495236787233081,0.8696833385978745,0.7158789038658142,0.5173559263348579,0.3425718806684017,0.43169431463596775
00031,/Users/nikko/Downloads/moi-main/project_root/data/temp_frames/video6/frame_00031.png,"[747, 86, 1208, 1070]",RIGHT_KNEE,0.369087518166973,0.8625029346721057,0.864348292350769,0.5173559263348579,0.3425718806684017,0.43169431463596775
00031,/Users/nikko/Downloads/moi-main/project_root/data/temp_frames/video6/frame_00031.png,"[747, 86, 1208, 1070]",RIGHT_ANKLE,-0.1022656481887808,1.2014998763173608,0.7298315167427063,0.5173559263348579,0.3425718806684017,0.43169431463596775
00031,/Users/nikko/Downloads/moi-main/project_root/data/temp_frames/video6/frame_00031.png,"[747, 86, 1208, 1070]",LEFT_EYE,-0.11666780842904585,-0.6330683875672815,0.9999611377716064,0.5173559263348579,0.3425718806684017,0.43169431463596775
00031,/Users/nikko/Downloads/moi-main/project_root/data/temp_frames/video6/frame_00031.png,"[747, 86, 1208, 1070]",RIGHT_EYE,0.0570190587610117,-0.6299826985540126,0.9999774694442749,0.5173559263348579,0.3425718806684017,0.43169431463596775
00032,/Users/nikko/Downloads/moi-main/project_root/data/temp_frames/video6/frame_00032.png,"[747, 77, 1208, 1048]",LEFT_SHOULDER,-0.48249827391515454,-0.3553821115274117,0.9999542236328125,0.5146548748016357,0.35056471824645996,0.4347029236953805
00032,/Users/nikko/Downloads/moi-main/project_root/data/temp_frames/video6/frame_00032.png,"[747, 77, 1208, 1048]",RIGHT_SHOULDER,0.4887006391561617,-0.3384040202201744,0.9999387264251709,0.5146548748016357,0.35056471824645996,0.4347029236953805
00032,/Users/nikko/Downloads/moi-main/project_root/data/temp_frames/video6/frame_00032.png,"[747, 77, 1208, 1048]",LEFT_HIP,-0.23761944143604766,0.348090978173654,0.9998664855957031,0.5146548748016357,0.35056471824645996,0.4347029236953805
00032,/Users/nikko/Downloads/moi-main/project_root/data/temp_frames/video6/frame_00032.png,"[747, 77, 1208, 1048]",RIGHT_HIP,0.2314170761950405,0.34569515357393216,0.9998773336410522,0.5146548748016357,0.35056471824645996,0.4347029236953805
00032,/Users/nikko/Downloads/moi-main/project_root/data/temp_frames/video6/frame_00032.png,"[747, 77, 1208, 1048]",LEFT_ELBOW,-1.0562475155582671,-0.21958850635905333,0.9073841571807861,0.5146548748016357,0.35056471824645996,0.4347029236953805
00032,/Users/nikko/Downloads/moi-main/project_root/data/temp_frames/video6/frame_00032.png,"[747, 77, 1208, 1048]",RIGHT_ELBOW,0.9919851904095942,-0.2230729619557128,0.8660100698471069,0.5146548748016357,0.35056471824645996,0.4347029236953805
00032,/Users/nikko/Downloads/moi-main/project_root/data/temp_frames/video6/frame_00032.png,"[747, 77, 1208, 1048]",LEFT_WRIST,-0.9063189326037214,-0.5467170990721681,0.7383529543876648,0.5146548748016357,0.35056471824645996,0.4347029236953805
00032,/Users/nikko/Downloads/moi-main/project_root/data/temp_frames/video6/frame_00032.png,"[747, 77, 1208, 1048]",RIGHT_WRIST,0.8301246351566184,-0.5267799114055994,0.9201876521110535,0.5146548748016357,0.35056471824645996,0.4347029236953805
00032,/Users/nikko/Downloads/moi-main/project_root/data/temp_frames/video6/frame_00032.png,"[747, 77, 1208, 1048]",LEFT_KNEE,-0.44110918019632905,0.868185516747644,0.5816168785095215,0.5146548748016357,0.35056471824645996,0.4347029236953805
00032,/Users/nikko/Downloads/moi-main/project_root/data/temp_frames/video6/frame_00032.png,"[747, 77, 1208, 1048]",RIGHT_KNEE,0.37576821636558744,0.8613774424029185,0.7863768339157104,0.5146548748016357,0.35056471824645996,0.4347029236953805
00032,/Users/nikko/Downloads/moi-main/project_root/data/temp_frames/video6/frame_00032.png,"[747, 77, 1208, 1048]",RIGHT_ANKLE,-0.09580007619376513,1.206318184773985,0.5640041828155518,0.5146548748016357,0.35056471824645996,0.4347029236953805
00032,/Users/nikko/Downloads/moi-main/project_root/data/temp_frames/video6/frame_00032.png,"[747, 77, 1208, 1048]",LEFT_EYE,-0.08318740958140815,-0.6418952007989034,0.9999853372573853,0.5146548748016357,0.35056471824645996,0.4347029236953805
00032,/Users/nikko/Downloads/moi-main/project_root/data/temp_frames/video6/frame_00032.png,"[747, 77, 1208, 1048]",RIGHT_EYE,0.08784818173738851,-0.6371753317275405,0.9999911785125732,0.5146548748016357,0.35056471824645996,0.4347029236953805
00033,/Users/nikko/Downloads/moi-main/project_root/data/temp_frames/video6/frame_00033.png,"[746, 69, 1207, 1051]",LEFT_SHOULDER,-0.4879191476185751,-0.3516684385920986,0.9999399185180664,0.5186324268579483,0.34700560942292213,0.43392729353339055
00033,/Users/nikko/Downloads/moi-main/project_root/data/temp_frames/video6/frame_00033.png,"[746, 69, 1207, 1051]",RIGHT_SHOULDER,0.4931262934011531,-0.3345994577107704,0.99993896484375,0.5186324268579483,0.34700560942292213,0.43392729353339055
00033,/Users/nikko/Downloads/moi-main/project_root/data/temp_frames/video6/frame_00033.png,"[746, 69, 1207, 1051]",LEFT_HIP,-0.2393564897667443,0.3423915468121995,0.9998422861099243,0.5186324268579483,0.34700560942292213,0.43392729353339055
00033,/Users/nikko/Downloads/moi-main/project_root/data/temp_frames/video6/frame_00033.png,"[746, 69, 1207, 1051]",RIGHT_HIP,0.23414934398416629,0.3438763494906695,0.9998688697814941,0.5186324268579483,0.34700560942292213,0.43392729353339055
00033,/Users/nikko/Downloads/moi-main/project_root/data/temp_frames/video6/frame_00033.png,"[746, 69, 1207, 1051]",LEFT_ELBOW,-1.070183146088541,-0.19827044438465982,0.8446694016456604,0.5186324268579483,0.34700560942292213,0.43392729353339055
00033,/Users/nikko/Downloads/moi-main/project_root/data/temp_frames/video6/frame_00033.png,"[746, 69, 1207, 1051]",RIGHT_ELBOW,0.9889459937240054,-0.20928321740317574,0.8245429396629333,0.5186324268579483,0.34700560942292213,0.43392729353339055
00033,/Users/nikko/Downloads/moi-main/project_root/data/temp_frames/video6/frame_00033.png,"[746, 69, 1207, 1051]",LEFT_WRIST,-0.901767595987218,-0.512000462681601,0.5623989105224609,0.5186324268579483,0.34700560942292213,0.43392729353339055
00033,/Users/nikko/Downloads/moi-main/project_root/data/temp_frames/video6/frame_00033.png,"[746, 69, 1207, 1051]",RIGHT_WRIST,0.8226404015248184,-0.5058641219021365,0.8990083336830139,0.5186324268579483,0.34700560942292213,0.43392729353339055
00033,/Users/nikko/Downloads/moi-main/project_root/data/temp_frames/video6/frame_00033.png,"[746, 69, 1207, 1051]",LEFT_KNEE,-0.4400454389813826,0.8625864887748319,0.5547795295715332,0.5186324268579483,0.34700560942292213,0.43392729353339055
00033,/Users/nikko/Downloads/moi-main/project_root/data/temp_frames/video6/frame_00033.png,"[746, 69, 1207, 1051]",RIGHT_KNEE,0.3687928360126373,0.8561917893073738,0.7248367667198181,0.5186324268579483,0.34700560942292213,0.43392729353339055
00033,/Users/nikko/Downloads/moi-main/project_root/data/temp_frames/video6/frame_00033.png,"[746, 69, 1207, 1051]",LEFT_EYE,-0.07933309845564859,-0.6255302275157265,0.9999783039093018,0.5186324268579483,0.34700560942292213,0.43392729353339055
00033,/Users/nikko/Downloads/moi-main/project_root/data/temp_frames/video6/frame_00033.png,"[746, 69, 1207, 1051]",RIGHT_EYE,0.09466346805041746,-0.6265099198144931,0.9999880790710449,0.5186324268579483,0.34700560942292213,0.43392729353339055
00034,/Users/nikko/Downloads/moi-main/project_root/data/temp_frames/video6/frame_00034.png,"[747, 61, 1206, 1048]",LEFT_SHOULDER,-0.5008688732483164,-0.3482615787191674,0.9999476671218872,0.5199066400527954,0.34708965197205544,0.4330773249983132
00034,/Users/nikko/Downloads/moi-main/project_root/data/temp_frames/video6/frame_00034.png,"[747, 61, 1206, 1048]",RIGHT_SHOULDER,0.4956152421551275,-0.32719176129675004,0.9999263286590576,0.5199066400527954,0.34708965197205544,0.4330773249983132
00034,/Users/nikko/Downloads/moi-main/project_root/data/temp_frames/video6/frame_00034.png,"[747, 61, 1206, 1048]",LEFT_HIP,-0.23650836423212288,0.33513470938314854,0.9998795986175537,0.5199066400527954,0.34708965197205544,0.4330773249983132
00034,/Users/nikko/Downloads/moi-main/project_root/data/temp_frames/video6/frame_00034.png,"[747, 61, 1206, 1048]",RIGHT_HIP,0.24176199532531178,0.34031863063276885,0.9998925924301147,0.5199066400527954,0.34708965197205544,0.4330773249983132
00034,/Users/nikko/Downloads/moi-main/project_root/data/temp_frames/video6/frame_00034.png,"[747, 61, 1206, 1048]",LEFT_ELBOW,-1.0751991133803793,-0.18220846479357514,0.8386081457138062,0.5199066400527954,0.34708965197205544,0.4330773249983132
00034,/Users/nikko/Downloads/moi-main/project_root/data/temp_frames/video6/frame_00034.png,"[747, 61, 1206, 1048]",RIGHT_ELBOW,0.9956148412238205,-0.185518478096289,0.7577347755432129,0.5199066400527954,0.34708965197205544,0.4330773249983132
00034,/Users/nikko/Downloads/moi-main/project_root/data/temp_frames/video6/frame_00034.png,"[747, 61, 1206, 1048]",LEFT_WRIST,-0.9075420623174069,-0.4872297346237931,0.525871217250824,0.5199066400527954,0.34708965197205544,0.4330773249983132
00034,/Users/nikko/Downloads/moi-main/project_root/data/temp_frames/video6/frame_00034.png,"[747, 61, 1206, 1048]",RIGHT_WRIST,0.8268907323641007,-0.4823810812496576,0.865372896194458,0.5199066400527954,0.34708965197205544,0.4330773249983132
00034,/Users/nikko/Downloads/moi-main/project_root/data/temp_frames/video6/frame_00034.png,"[747, 61, 1206, 1048]",RIGHT_KNEE,0.3599616757670333,0.848671299446506,0.6198857426643372,0.5199066400527954,0.34708965197205544,0.4330773249983132
00034,/Users/nikko/Downloads/moi-main/project_root/data/temp_frames/video6/frame_00034.png,"[747, 61, 1206, 1048]",LEFT_EYE,-0.08265963407443708,-0.6216451771170343,0.9999643564224243,0.5199066400527954,0.34708965197205544,0.4330773249983132
00034,/Users/nikko/Downloads/moi-main/project_root/data/temp_frames/video6/frame_00034.png,"[747, 61, 1206, 1048]",RIGHT_EYE,0.09796015336242049,-0.6220280823461325,0.9999780654907227,0.5199066400527954,0.34708965197205544,0.4330773249983132
00035,/Users/nikko/Downloads/moi-main/project_root/data/temp_frames/video6/frame_00035.png,"[748, 56, 1204, 1045]",LEFT_SHOULDER,-0.49872123250639055,-0.34998614110089993,0.9999480247497559,0.5204550698399544,0.34780264645814896,0.4320910304108876
00035,/Users/nikko/Downloads/moi-main/project_root/data/temp_frames/video6/frame_00035.png,"[748, 56, 1204, 1045]",RIGHT_SHOULDER,0.5054742782269724,-0.3260100509325001,0.999923586845398,0.5204550698399544,0.34780264645814896,0.4320910304108876
00035,/Users/nikko/Downloads/moi-main/project_root/data/temp_frames/video6/frame_00035.png,"[748, 56, 1204, 1045]",LEFT_HIP,-0.23802826518513706,0.33563041409108363,0.9998682737350464,0.5204550698399544,0.34780264645814896,0.4320910304108876
00035,/Users/nikko/Downloads/moi-main/project_root/data/temp_frames/video6/frame_00035.png,"[748, 56, 1204, 1045]",RIGHT_HIP,0.23127521946455518,0.3403657779423163,0.9998799562454224,0.5204550698399544,0.34780264645814896,0.4320910304108876
00035,/Users/nikko/Downloads/moi-main/project_root/data/temp_frames/video6/frame_00035.png,"[748, 56, 1204, 1045]",LEFT_ELBOW,-1.0648313220381846,-0.17372785086729728,0.8465607762336731,0.5204550698399544,0.34780264645814896,0.4320910304108876
00035,/Users/nikko/Downloads/moi-main/project_root/data/temp_frames/video6/frame_00035.png,"[748, 56, 1204, 1045]",RIGHT_ELBOW,0.9814528353853813,-0.1684468469638171,0.8003740906715393,0.5204550698399544,0.34780264645814896,0.4320910304108876
00035,/Users/nikko/Downloads/moi-main/project_root/data/temp_frames/video6/frame_00035.png,"[748, 56, 1204, 1045]",LEFT_WRIST,-0.9081064249339978,-0.4883005489905508,0.5670143961906433,0.5204550698399544,0.34780264645814896,0.4320910304108876
00035,/Users/nikko/Downloads/moi-main/project_root/data/temp_frames/video6/frame_00035.png,"[748, 56, 1204, 1045]",RIGHT_WRIST,0.8430790423250839,-0.4657846029134262,0.900339663028717,0.5204550698399544,0.34780264645814896,0.4320910304108876
00035,/Users/nikko/Downloads/moi-main/project_root/data/temp_frames/video6/frame_00035.png,"[748, 56, 1204, 1045]",RIGHT_KNEE,0.3644078056521078,0.8407864022875784,0.5972083210945129,0.5204550698399544,0.34780264645814896,0.4320910304108876
00035,/Users/nikko/Downloads/moi-main/project_root/data/temp_frames/video6/frame_00035.png,"[748, 56, 1204, 1045]",LEFT_EYE,-0.08031042526687267,-0.6310755522371682,0.99994957447052,0.5204550698399544,0.34780264645814896,0.4320910304108876
00035,/Users/nikko/Downloads/moi-main/project_root/data/temp_frames/video6/frame_00035.png,"[748, 56, 1204, 1045]",RIGHT_EYE,0.1006546053036557,-0.6336706876430397,0.9999673366546631,0.5204550698399544,0.34780264645814896,0.4320910304108876
00036,/Users/nikko/Downloads/moi-main/project_root/data/temp_frames/video6/frame_00036.png,"[748, 50, 1202, 1042]",LEFT_SHOULDER,-0.508375308195131,-0.3519708979717752,0.9999722242355347,0.5197970196604729,0.34866874665021896,0.4318834015775408
00036,/Users/nikko/Downloads/moi-main/project_root/data/temp_frames/video6/frame_00036.png,"[748, 50, 1202, 1042]",RIGHT_SHOULDER,0.5139517447213698,-0.3219085216326531,0.9999583959579468,0.5197970196604729,0.34866874665021896,0.4318834015775408
00036,/Users/nikko/Downloads/moi-main/project_root/data/temp_frames/video6/frame_00036.png,"[748, 50, 1202, 1042]",LEFT_HIP,-0.23030729777093975,0.33632873526265833,0.9999246597290039,0.5197970196604729,0.34866874665021896,0.4318834015775408
00036,/Users/nikko/Downloads/moi-main/project_root/data/temp_frames/video6/frame_00036.png,"[748, 50, 1202, 1042]",RIGHT_HIP,0.22473086124470099,0.33755068434177005,0.999932050704956,0.5197970196604729,0.34866874665021896,0.4318834015775408
00036,/Users/nikko/Downloads/moi-main/project_root/data/temp_frames/video6/frame_00036.png,"[748, 50, 1202, 1042]",LEFT_ELBOW,-1.0699859566064254,-0.16016474321721758,0.9222047924995422,0.5197970196604729,0.34866874665021896,0.4318834015775408
00036,/Users/nikko/Downloads/moi-main/project_root/data/temp_frames/video6/frame_00036.png,"[748, 50, 1202, 1042]",RIGHT_ELBOW,0.9918762619693456,-0.1665767326248898,0.8670566082000732,0.5197970196604729,0.34866874665021896,0.4318834015775408
00036,/Users/nikko/Downloads/moi-main/project_root/data/temp_frames/video6/frame_00036.png,"[748, 50, 1202, 1042]",LEFT_WRIST,-0.9260820016207214,-0.4757975440182079,0.7700528502464294,0.5197970196604729,0.34866874665021896,0.4318834015775408
00036,/Users/nikko/Downloads/moi-main/project_root/data/temp_frames/video6/frame_00036.png,"[748, 50, 1202, 1042]",RIGHT_WRIST,0.8601297532205597,-0.4545296403658077,0.9498115181922913,0.5197970196604729,0.34866874665021896,0.4318834015775408
00036,/Users/nikko/Downloads/moi-main/project_root/data/temp_frames/video6/frame_00036.png,"[748, 50, 1202, 1042]",LEFT_KNEE,-0.44361794147368117,0.8516165468793574,0.7972662448883057,0.5197970196604729,0.34866874665021896,0.4318834015775408
00036,/Users/nikko/Downloads/moi-main/project_root/data/temp_frames/video6/frame_00036.png,"[748, 50, 1202, 1042]",RIGHT_KNEE,0.3640116645639484,0.8338851741906163,0.8486544489860535,0.5197970196604729,0.34866874665021896,0.4318834015775408
00036,/Users/nikko/Downloads/moi-main/project_root/data/temp_frames/video6/frame_00036.png,"[748, 50, 1202, 1042]",RIGHT_ANKLE,-0.07683648311036553,1.1827301065665574,0.7230374217033386,0.5197970196604729,0.34866874665021896,0.4318834015775408
00036,/Users/nikko/Downloads/moi-main/project_root/data/temp_frames/video6/frame_00036.png,"[748, 50, 1202, 1042]",LEFT_EYE,-0.05763329249140224,-0.6299606044250199,0.9999872446060181,0.5197970196604729,0.34866874665021896,0.4318834015775408
00036,/Users/nikko/Downloads/moi-main/project_root/data/temp_frames/video6/frame_00036.png,"[748, 50, 1202, 1042]",RIGHT_EYE,0.1152162627348972,-0.6293573930022136,0.9999920129776001,0.5197970196604729,0.34866874665021896,0.4318834015775408
00037,/Users/nikko/Downloads/moi-main/project_root/data/temp_frames/video6/frame_00037.png,"[749, 46, 1200, 1035]",LEFT_SHOULDER,-0.5011325926081995,-0.34809580690898034,0.9999589920043945,0.5226949229836464,0.3512951135635376,0.43417198623432857
00037,/Users/nikko/Downloads/moi-main/project_root/data/temp_frames/video6/frame_00037.png,"[749, 46, 1200, 1035]",RIGHT_SHOULDER,0.5036319414746045,-0.3290659129749819,0.9999394416809082,0.5226949229836464,0.3512951135635376,0.43417198623432857
00037,/Users/nikko/Downloads/moi-main/project_root/data/temp_frames/video6/frame_00037.png,"[749, 46, 1200, 1035]",LEFT_HIP,-0.234631364230544,0.33657628076726825,0.9998793601989746,0.5226949229836464,0.3512951135635376,0.43417198623432857
00037,/Users/nikko/Downloads/moi-main/project_root/data/temp_frames/video6/frame_00037.png,"[749, 46, 1200, 1035]",RIGHT_HIP,0.23213201536413905,0.340585439116694,0.9998912811279297,0.5226949229836464,0.3512951135635376,0.43417198623432857
00037,/Users/nikko/Downloads/moi-main/project_root/data/temp_frames/video6/frame_00037.png,"[749, 46, 1200, 1035]",LEFT_ELBOW,-1.0678176647511446,-0.15757488016847798,0.8442654609680176,0.5226949229836464,0.3512951135635376,0.43417198623432857
00037,/Users/nikko/Downloads/moi-main/project_root/data/temp_frames/video6/frame_00037.png,"[749, 46, 1200, 1035]",RIGHT_ELBOW,0.9764624961912317,-0.1440847181945255,0.8316829800605774,0.5226949229836464,0.3512951135635376,0.43417198623432857
00037,/Users/nikko/Downloads/moi-main/project_root/data/temp_frames/video6/frame_00037.png,"[749, 46, 1200, 1035]",LEFT_WRIST,-0.922118810202738,-0.47548029764442196,0.5985404849052429,0.5226949229836464,0.3512951135635376,0.43417198623432857
00037,/Users/nikko/Downloads/moi-main/project_root/data/temp_frames/video6/frame_00037.png,"[749, 46, 1200, 1035]",RIGHT_WRIST,0.8585580824167711,-0.44749715213564356,0.9272821545600891,0.5226949229836464,0.3512951135635376,0.43417198623432857
00037,/Users/nikko/Downloads/moi-main/project_root/data/temp_frames/video6/frame_00037.png,"[749, 46, 1200, 1035]",RIGHT_KNEE,0.36413654165089515,0.828325735717635,0.7139971256256104,0.5226949229836464,0.3512951135635376,0.43417198623432857
00037,/Users/nikko/Downloads/moi-main/project_root/data/temp_frames/video6/frame_00037.png,"[749, 46, 1200, 1035]",RIGHT_ANKLE,-0.08271235785318068,1.1768003764124713,0.5795438289642334,0.5226949229836464,0.3512951135635376,0.43417198623432857
00037,/Users/nikko/Downloads/moi-main/project_root/data/temp_frames/video6/frame_00037.png,"[749, 46, 1200, 1035]",LEFT_EYE,-0.07855747308096604,-0.6347430611406311,0.9999672174453735,0.5226949229836464,0.3512951135635376,0.43417198623432857
00037,/Users/nikko/Downloads/moi-main/project_root/data/temp_frames/video6/frame_00037.png,"[749, 46, 1200, 1035]",RIGHT_EYE,0.09975654909210213,-0.637090265581171,0.9999792575836182,0.5226949229836464,0.3512951135635376,0.43417198623432857
00038,/Users/nikko/Downloads/moi-main/project_root/data/temp_frames/video6/frame_00038.png,"[749, 42, 1197, 1028]",LEFT_SHOULDER,-0.5006957395233304,-0.3484284121196805,0.9999626874923706,0.5208343416452408,0.3515525609254837,0.4376648754018603
00038,/Users/nikko/Downloads/moi-main/project_root/data/temp_frames/video6/frame_00038.png,"[749, 42, 1197, 1028]",RIGHT_SHOULDER,0.5080641839355337,-0.32629080235916896,0.9999313354492188,0.5208343416452408,0.3515525609254837,0.4376648754018603
00038,/Users/nikko/Downloads/moi-main/project_root/data/temp_frames/video6/frame_00038.png,"[749, 42, 1197, 1028]",LEFT_HIP,-0.23724794204582758,0.336336461859926,0.9998664855957031,0.5208343416452408,0.3515525609254837,0.4376648754018603
00038,/Users/nikko/Downloads/moi-main/project_root/data/temp_frames/video6/frame_00038.png,"[749, 42, 1197, 1028]",RIGHT_HIP,0.22987949763362425,0.33838275261892353,0.9998694658279419,0.5208343416452408,0.3515525609254837,0.4376648754018603
00038,/Users/nikko/Downloads/moi-main/project_root/data/temp_frames/video6/frame_00038.png,"[749, 42, 1197, 1028]",LEFT_ELBOW,-1.0562398306913778,-0.141397220617792,0.7930622696876526,0.5208343416452408,0.3515525609254837,0.4376648754018603
00038,/Users/nikko/Downloads/moi-main/project_root/data/temp_frames/video6/frame_00038.png,"[749, 42, 1197, 1028]",RIGHT_ELBOW,0.9777841638987469,-0.12491903375707754,0.7214914560317993,0.5208343416452408,0.3515525609254837,0.4376648754018603
00038,/Users/nikko/Downloads/moi-main/project_root/data/temp_frames/video6/frame_00038.png,"[749, 42, 1197, 1028]",LEFT_WRIST,-0.910713581278337,-0.4582025041631533,0.5648205280303955,0.5208343416452408,0.3515525609254837,0.4376648754018603
00038,/Users/nikko/Downloads/moi-main/project_root/data/temp_frames/video6/frame_00038.png,"[749, 42, 1197, 1028]",RIGHT_WRIST,0.8669031368921027,-0.4296901787911914,0.8789572715759277,0.5208343416452408,0.3515525609254837,0.4376648754018603
00038,/Users/nikko/Downloads/moi-main/project_root/data/temp_frames/video6/frame_00038.png,"[749, 42, 1197, 1028]",RIGHT_KNEE,0.38047385926201094,0.821095259143283,0.554090678691864,0.5208343416452408,0.3515525609254837,0.4376648754018603
00038,/Users/nikko/Downloads/moi-main/project_root/data/temp_frames/video6/frame_00038.png,"[749, 42, 1197, 1028]",LEFT_EYE,-0.07411149521833815,-0.6264526861406173,0.9999493360519409,0.5208343416452408,0.3515525609254837,0.4376648754018603
00038,/Users/nikko/Downloads/moi-main/project_root/data/temp_frames/video6/frame_00038.png,"[749, 42, 1197, 1028]",RIGHT_EYE,0.10447321774410497,-0.6294447165015924,0.9999643564224243,0.5208343416452408,0.3515525609254837,0.4376648754018603
00039,/Users/nikko/Downloads/moi-main/project_root/data/temp_frames/video6/frame_00039.png,"[750, 38, 1195, 1019]",LEFT_SHOULDER,-0.5181338933970133,-0.34463335915366217,0.9999356269836426,0.5197770148515701,0.35442060604691505,0.44062157809481495
00039,/Users/nikko/Downloads/moi-main/project_root/data/temp_frames/video6/frame_00039.png,"[750, 38, 1195, 1019]",RIGHT_SHOULDER,0.500953283343653,-0.3207467771200195,0.99991774559021,0.5197770148515701,0.35442060604691505,0.44062157809481495
00039,/Users/nikko/Downloads/moi-main/project_root/data/temp_frames/video6/frame_00039.png,"[750, 38, 1195, 1019]",LEFT_HIP,-0.22837075588886224,0.32970528107422264,0.9996832609176636,0.5197770148515701,0.35442060604691505,0.44062157809481495
00039,/Users/nikko/Downloads/moi-main/project_root/data/temp_frames/video6/frame_00039.png,"[750, 38, 1195, 1019]",RIGHT_HIP,0.24555136594222254,0.335674855199459,0.9997207522392273,0.5197770148515701,0.35442060604691505,0.44062157809481495
00039,/Users/nikko/Downloads/moi-main/project_root/data/temp_frames/video6/frame_00039.png,"[750, 38, 1195, 1019]",LEFT_ELBOW,-1.0163640265095322,-0.13370747108345665,0.8170250654220581,0.5197770148515701,0.35442060604691505,0.44062157809481495
00039,/Users/nikko/Downloads/moi-main/project_root/data/temp_frames/video6/frame_00039.png,"[750, 38, 1195, 1019]",RIGHT_ELBOW,0.9702734512220876,-0.11598569738020212,0.7319505214691162,0.5197770148515701,0.35442060604691505,0.44062157809481495
00039,/Users/nikko/Downloads/moi-main/project_root/data/temp_frames/video6/frame_00039.png,"[750, 38, 1195, 1019]",LEFT_WRIST,-0.9201117202613901,-0.4465771669041649,0.5083494186401367,0.5197770148515701,0.35442060604691505,0.44062157809481495
00039,/Users/nikko/Downloads/moi-main/project_root/data/temp_frames/video6/frame_00039.png,"[750, 38, 1195, 1019]",RIGHT_WRIST,0.8474420860893996,-0.4190360223994454,0.8792145252227783,0.5197770148515701,0.35442060604691505,0.44062157809481495
00039,/Users/nikko/Downloads/moi-main/project_root/data/temp_frames/video6/frame_00039.png,"[750, 38, 1195, 1019]",LEFT_KNEE,-0.4441271095216627,0.8344397095374686,0.5405335426330566,0.5197770148515701,0.35442060604691505,0.44062157809481495
00039,/Users/nikko/Downloads/moi-main/project_root/data/temp_frames/video6/frame_00039.png,"[750, 38, 1195, 1019]",RIGHT_KNEE,0.3684292653320193,0.8226780407792247,0.6904820203781128,0.5197770148515701,0.35442060604691505,0.44062157809481495
00039,/Users/nikko/Downloads/moi-main/project_root/data/temp_frames/video6/frame_00039.png,"[750, 38, 1195, 1019]",RIGHT_ANKLE,-0.05957930415408884,1.1775129789758336,0.5237557888031006,0.5197770148515701,0.35442060604691505,0.44062157809481495
00039,/Users/nikko/Downloads/moi-main/project_root/data/temp_frames/video6/frame_00039.png,"[750, 38, 1195, 1019]",LEFT_EYE,-0.07009834591872477,-0.6344659091347171,0.9999402761459351,0.5197770148515701,0.35442060604691505,0.44062157809481495
00039,/Users/nikko/Downloads/moi-main/project_root/data/temp_frames/video6/frame_00039.png,"[750, 38, 1195, 1019]",RIGHT_EYE,0.11394369402842255,-0.6351629084363244,0.9999653100967407,0.5197770148515701,0.35442060604691505,0.44062157809481495
00040,/Users/nikko/Downloads/moi-main/project_root/data/temp_frames/video6/frame_00040.png,"[751, 36, 1193, 1015]",LEFT_SHOULDER,-0.512948788412185,-0.34783003335402946,0.9999399185180664,0.5178790986537933,0.3554926738142967,0.4416256201169755
00040,/Users/nikko/Downloads/moi-main/project_root/data/temp_frames/video6/frame_00040.png,"[751, 36, 1193, 1015]",RIGHT_SHOULDER,0.49982525759093793,-0.3217944641479077,0.9999179840087891,0.5178790986537933,0.3554926738142967,0.4416256201169755
00040,/Users/nikko/Downloads/moi-main/project_root/data/temp_frames/video6/frame_00040.png,"[751, 36, 1193, 1015]",LEFT_HIP,-0.22974206067146227,0.3310818433935234,0.9997355341911316,0.5178790986537933,0.3554926738142967,0.4416256201169755
00040,/Users/nikko/Downloads/moi-main/project_root/data/temp_frames/video6/frame_00040.png,"[751, 36, 1193, 1015]",RIGHT_HIP,0.24286559149270937,0.3385426541084137,0.9997716546058655,0.5178790986537933,0.3554926738142967,0.4416256201169755
00040,/Users/nikko/Downloads/moi-main/project_root/data/temp_frames/video6/frame_00040.png,"[751, 36, 1193, 1015]",LEFT_ELBOW,-1.0052293367650929,-0.1230502506244926,0.795158863067627,0.5178790986537933,0.3554926738142967,0.4416256201169755
00040,/Users/nikko/Downloads/moi-main/project_root/data/temp_frames/video6/frame_00040.png,"[751, 36, 1193, 1015]",RIGHT_ELBOW,0.9722436193007303,-0.11039086944503546,0.6866900324821472,0.5178790986537933,0.3554926738142967,0.4416256201169755
00040,/Users/nikko/Downloads/moi-main/project_root/data/temp_frames/video6/frame_00040.png,"[751, 36, 1193, 1015]",LEFT_WRIST,-0.9195272568753196,-0.43929882500441936,0.5605379939079285,0.5178790986537933,0.3554926738142967,0.4416256201169755
00040,/Users/nikko/Downloads/moi-main/project_root/data/temp_frames/video6/frame_00040.png,"[751, 36, 1193, 1015]",RIGHT_WRIST,0.853167439098977,-0.41309704460787466,0.8933134078979492,0.5178790986537933,0.3554926738142967,0.4416256201169755
00040,/Users/nikko/Downloads/moi-main/project_root/data/temp_frames/video6/frame_00040.png,"[751, 36, 1193, 1015]",LEFT_EYE,-0.0689953921144521,-0.6367067862605338,0.9998857975006104,0.5178790986537933,0.3554926738142967,0.4416256201169755
00040,/Users/nikko/Downloads/moi-main/project_root/data/temp_frames/video6/frame_00040.png,"[751, 36, 1193, 1015]",RIGHT_EYE,0.1134366743258088,-0.6376900843748871,0.9999361038208008,0.5178790986537933,0.3554926738142967,0.4416256201169755
00041,/Users/nikko/Downloads/moi-main/project_root/data/temp_frames/video6/frame_00041.png,"[752, 35, 1191, 1012]",LEFT_SHOULDER,-0.510876765794969,-0.3430281297095804,0.9999526739120483,0.5157794579863548,0.3553144261240959,0.44198117645299795
00041,/Users/nikko/Downloads/moi-main/project_root/data/temp_frames/video6/frame_00041.png,"[752, 35, 1191, 1012]",RIGHT_SHOULDER,0.5029723745466907,-0.32629772845617105,0.9999295473098755,0.5157794579863548,0.3553144261240959,0.44198117645299795
00041,/Users/nikko/Downloads/moi-main/project_root/data/temp_frames/video6/frame_00041.png,"[752, 35, 1191, 1012]",LEFT_HIP,-0.23208095581337654,0.3304041172096805,0.9998002648353577,0.5157794579863548,0.3553144261240959,0.44198117645299795
00041,/Users/nikko/Downloads/moi-main/project_root/data/temp_frames/video6/frame_00041.png,"[752, 35, 1191, 1012]",RIGHT_HIP,0.23998534706165472,0.338921740956071,0.9998260140419006,0.5157794579863548,0.3553144261240959,0.44198117645299795
00041,/Users/nikko/Downloads/moi-main/project_root/data/temp_frames/video6/frame_00041.png,"[752, 35, 1191, 1012]",LEFT_ELBOW,-1.0118295087199696,-0.11890761545115709,0.7829015254974365,0.5157794579863548,0.3553144261240959,0.44198117645299795
00041,/Users/nikko/Downloads/moi-main/project_root/data/temp_frames/video6/frame_00041.png,"[752, 35, 1191, 1012]",RIGHT_ELBOW,0.9763282559061245,-0.09990344289983741,0.6643844842910767,0.5157794579863548,0.3553144261240959,0.44198117645299795
00041,/Users/nikko/Downloads/moi-main/project_root/data/temp_frames/video6/frame_00041.png,"[752, 35, 1191, 1012]",LEFT_WRIST,-0.9412087520381326,-0.42259330161582237,0.5139620900154114,0.5157794579863548,0.3553144261240959,0.44198117645299795
00041,/Users/nikko/Downloads/moi-main/project_root/data/temp_frames/video6/frame_00041.png,"[752, 35, 1191, 1012]",RIGHT_WRIST,0.8645742273095619,-0.4036030868551574,0.8708713054656982,0.5157794579863548,0.3553144261240959,0.44198117645299795
00041,/Users/nikko/Downloads/moi-main/project_root/data/temp_frames/video6/frame_00041.png,"[752, 35, 1191, 1012]",LEFT_EYE,-0.07218354037534684,-0.6271944019323932,0.999823272228241,0.5157794579863548,0.3553144261240959,0.44198117645299795
00041,/Users/nikko/Downloads/moi-main/project_root/data/temp_frames/video6/frame_00041.png,"[752, 35, 1191, 1012]",RIGHT_EYE,0.11337011486742767,-0.624143646954704,0.9999059438705444,0.5157794579863548,0.3553144261240959,0.44198117645299795
00042,/Users/nikko/Downloads/moi-main/project_root/data/temp_frames/video6/frame_00042.png,"[751, 34, 1188, 1010]",LEFT_SHOULDER,-0.5118557714411458,-0.3459483252127596,0.9999570846557617,0.5193575620651245,0.35678571090102196,0.4453418796945589
00042,/Users/nikko/Downloads/moi-main/project_root/data/temp_frames/video6/frame_00042.png,"[751, 34, 1188, 1010]",RIGHT_SHOULDER,0.5011572553182323,-0.3216843355735517,0.9999327659606934,0.5193575620651245,0.35678571090102196,0.4453418796945589
00042,/Users/nikko/Downloads/moi-main/project_root/data/temp_frames/video6/frame_00042.png,"[751, 34, 1188, 1010]",LEFT_HIP,-0.23262322915123446,0.33071230855137657,0.9997711777687073,0.5193575620651245,0.35678571090102196,0.4453418796945589
00042,/Users/nikko/Downloads/moi-main/project_root/data/temp_frames/video6/frame_00042.png,"[751, 34, 1188, 1010]",RIGHT_HIP,0.24332174527414796,0.3369203522349347,0.9997960925102234,0.5193575620651245,0.35678571090102196,0.4453418796945589
00042,/Users/nikko/Downloads/moi-main/project_root/data/temp_frames/video6/frame_00042.png,"[751, 34, 1188, 1010]",LEFT_ELBOW,-1.0025415705301597,-0.11592842172746361,0.8239953517913818,0.5193575620651245,0.35678571090102196,0.4453418796945589
00042,/Users/nikko/Downloads/moi-main/project_root/data/temp_frames/video6/frame_00042.png,"[751, 34, 1188, 1010]",RIGHT_ELBOW,0.9633838772626441,-0.10166326512289048,0.598609447479248,0.5193575620651245,0.35678571090102196,0.4453418796945589
00042,/Users/nikko/Downloads/moi-main/project_root/data/temp_frames/video6/frame_00042.png,"[751, 34, 1188, 1010]",LEFT_WRIST,-0.9300501063141683,-0.4240678366199261,0.6261202096939087,0.5193575620651245,0.35678571090102196,0.4453418796945589
00042,/Users/nikko/Downloads/moi-main/project_root/data/temp_frames/video6/frame_00042.png,"[751, 34, 1188, 1010]",RIGHT_WRIST,0.8488284468279764,-0.4039100976754078,0.9091541171073914,0.5193575620651245,0.35678571090102196,0.4453418796945589
00042,/Users/nikko/Downloads/moi-main/project_root/data/temp_frames/video6/frame_00042.png,"[751, 34, 1188, 1010]",LEFT_EYE,-0.0689735415659293,-0.632698286560533,0.9998514652252197,0.5193575620651245,0.35678571090102196,0.4453418796945589
00042,/Users/nikko/Downloads/moi-main/project_root/data/temp_frames/video6/frame_00042.png,"[751, 34, 1188, 1010]",RIGHT_EYE,0.11698570072627781,-0.6333227347282439,0.999920129776001,0.5193575620651245,0.35678571090102196,0.4453418796945589
00043,/Users/nikko/Downloads/moi-main/project_root/data/temp_frames/video6/frame_00043.png,"[751, 33, 1185, 1008]",LEFT_SHOULDER,-0.5146756543363145,-0.34288651812438403,0.9999527931213379,0.5228631570935249,0.3562275841832161,0.44537339124079706
00043,/Users/nikko/Downloads/moi-main/project_root/data/temp_frames/video6/frame_00043.png,"[751, 33, 1185, 1008]",RIGHT_SHOULDER,0.5059577534853953,-0.31955052115741833,0.9999349117279053,0.5228631570935249,0.3562275841832161,0.44537339124079706
00043,/Users/nikko/Downloads/moi-main/project_root/data/temp_frames/video6/frame_00043.png,"[751, 33, 1185, 1008]",LEFT_HIP,-0.23441798521149199,0.3271811811814748,0.9997277855873108,0.5228631570935249,0.3562275841832161,0.44537339124079706
00043,/Users/nikko/Downloads/moi-main/project_root/data/temp_frames/video6/frame_00043.png,"[751, 33, 1185, 1008]",RIGHT_HIP,0.24313588606241118,0.3352558581003275,0.999762237071991,0.5228631570935249,0.3562275841832161,0.44537339124079706
00043,/Users/nikko/Downloads/moi-main/project_root/data/temp_frames/video6/frame_00043.png,"[751, 33, 1185, 1008]",LEFT_ELBOW,-1.0076273697288014,-0.10852736824628809,0.8478856682777405,0.5228631570935249,0.3562275841832161,0.44537339124079706
00043,/Users/nikko/Downloads/moi-main/project_root/data/temp_frames/video6/frame_00043.png,"[751, 33, 1185, 1008]",RIGHT_ELBOW,0.9650081215167522,-0.09370367467575268,0.6624965071678162,0.5228631570935249,0.3562275841832161,0.44537339124079706
00043,/Users/nikko/Downloads/moi-main/project_root/data/temp_frames/video6/frame_00043.png,"[751, 33, 1185, 1008]",LEFT_WRIST,-0.9383997457975541,-0.41877238801666655,0.6226164102554321,0.5228631570935249,0.3562275841832161,0.44537339124079706
00043,/Users/nikko/Downloads/moi-main/project_root/data/temp_frames/video6/frame_00043.png,"[751, 33, 1185, 1008]",RIGHT_WRIST,0.8681973824944026,-0.3981272920215769,0.9335620999336243,0.5228631570935249,0.3562275841832161,0.44537339124079706
00043,/Users/nikko/Downloads/moi-main/project_root/data/temp_frames/video6/frame_00043.png,"[751, 33, 1185, 1008]",LEFT_EYE,-0.06655397039432463,-0.6320612114931917,0.9998724460601807,0.5228631570935249,0.3562275841832161,0.44537339124079706
00043,/Users/nikko/Downloads/moi-main/project_root/data/temp_frames/video6/frame_00043.png,"[751, 33, 1185, 1008]",RIGHT_EYE,0.11962752295473668,-0.6329094975568388,0.9999353885650635,0.5228631570935249,0.3562275841832161,0.44537339124079706
00044,/Users/nikko/Downloads/moi-main/project_root/data/temp_frames/video6/frame_00044.png,"[750, 33, 1184, 1006]",LEFT_SHOULDER,-0.5148609836657475,-0.3422129951871164,0.9999575614929199,0.5212344005703926,0.35655662789940834,0.44658435164603005
00044,/Users/nikko/Downloads/moi-main/project_root/data/temp_frames/video6/frame_00044.png,"[750, 33, 1184, 1006]",RIGHT_SHOULDER,0.5081576619543473,-0.32044555979356854,0.9999384880065918,0.5212344005703926,0.35655662789940834,0.44658435164603005
00044,/Users/nikko/Downloads/moi-main/project_root/data/temp_frames/video6/frame_00044.png,"[750, 33, 1184, 1006]",LEFT_HIP,-0.23402951863042581,0.32716201140284396,0.9997909665107727,0.5212344005703926,0.35655662789940834,0.44658435164603005
00044,/Users/nikko/Downloads/moi-main/project_root/data/temp_frames/video6/frame_00044.png,"[750, 33, 1184, 1006]",RIGHT_HIP,0.24073284034182602,0.33549654357784103,0.9998154044151306,0.5212344005703926,0.35655662789940834,0.44658435164603005
00044,/Users/nikko/Downloads/moi-main/project_root/data/temp_frames/video6/frame_00044.png,"[750, 33, 1184, 1006]",LEFT_ELBOW,-1.0049673717287242,-0.10664821278010812,0.8421786427497864,0.5212344005703926,0.35655662789940834,0.44658435164603005
00044,/Users/nikko/Downloads/moi-main/project_root/data/temp_frames/video6/frame_00044.png,"[750, 33, 1184, 1006]",RIGHT_ELBOW,0.9682757303068806,-0.09110541672205763,0.6362359523773193,0.5212344005703926,0.35655662789940834,0.44658435164603005
00044,/Users/nikko/Downloads/moi-main/project_root/data/temp_frames/video6/frame_00044.png,"[750, 33, 1184, 1006]",LEFT_WRIST,-0.9292844381568046,-0.41366826847800725,0.6174746751785278,0.5212344005703926,0.35655662789940834,0.44658435164603005
00044,/Users/nikko/Downloads/moi-main/project_root/data/temp_frames/video6/frame_00044.png,"[750, 33, 1184, 1006]",RIGHT_WRIST,0.869410635699708,-0.3967576607208501,0.9255883097648621,0.5212344005703926,0.35655662789940834,0.44658435164603005
00044,/Users/nikko/Downloads/moi-main/project_root/data/temp_frames/video6/frame_00044.png,"[750, 33, 1184, 1006]",LEFT_EYE,-0.06420638513677497,-0.6297900411858305,0.9998583793640137,0.5212344005703926,0.35655662789940834,0.44658435164603005
00044,/Users/nikko/Downloads/moi-main/project_root/data/temp_frames/video6/frame_00044.png,"[750, 33, 1184, 1006]",RIGHT_EYE,0.12436864494363326,-0.6302042085489209,0.9999263286590576,0.5212344005703926,0.35655662789940834,0.44658435164603005
00045,/Users/nikko/Downloads/moi-main/project_root/data/temp_frames/video6/frame_00045.png,"[750, 33, 1183, 1006]",LEFT_SHOULDER,-0.5172359143798517,-0.34183863205245246,0.9999377727508545,0.521111249923706,0.3562834709882736,0.4456089688584803
00045,/Users/nikko/Downloads/moi-main/project_root/data/temp_frames/video6/frame_00045.png,"[750, 33, 1183, 1006]",RIGHT_SHOULDER,0.5094318223668837,-0.320855169649423,0.9999206066131592,0.521111249923706,0.3562834709882736,0.4456089688584803
00045,/Users/nikko/Downloads/moi-main/project_root/data/temp_frames/video6/frame_00045.png,"[750, 33, 1183, 1006]",LEFT_HIP,-0.23163241716441765,0.32724555248089754,0.99980229139328,0.521111249923706,0.3562834709882736,0.4456089688584803
00045,/Users/nikko/Downloads/moi-main/project_root/data/temp_frames/video6/frame_00045.png,"[750, 33, 1183, 1006]",RIGHT_HIP,0.23943650917738568,0.33544824922097793,0.9998338222503662,0.521111249923706,0.3562834709882736,0.4456089688584803
00045,/Users/nikko/Downloads/moi-main/project_root/data/temp_frames/video6/frame_00045.png,"[750, 33, 1183, 1006]",LEFT_ELBOW,-1.0082011689234744,-0.10747055586826888,0.8358257412910461,0.521111249923706,0.3562834709882736,0.4456089688584803
00045,/Users/nikko/Downloads/moi-main/project_root/data/temp_frames/video6/frame_00045.png,"[750, 33, 1183, 1006]",RIGHT_ELBOW,0.9651500526356674,-0.09473125579773761,0.7046588659286499,0.521111249923706,0.3562834709882736,0.4456089688584803
00045,/Users/nikko/Downloads/moi-main/project_root/data/temp_frames/video6/frame_00045.png,"[750, 33, 1183, 1006]",LEFT_WRIST,-0.9260639833028244,-0.41086198967105625,0.5317201614379883,0.521111249923706,0.3562834709882736,0.4456089688584803
00045,/Users/nikko/Downloads/moi-main/project_root/data/temp_frames/video6/frame_00045.png,"[750, 33, 1183, 1006]",RIGHT_WRIST,0.8775660270510096,-0.3968046522415372,0.8980569243431091,0.521111249923706,0.3562834709882736,0.4456089688584803
00045,/Users/nikko/Downloads/moi-main/project_root/data/temp_frames/video6/frame_00045.png,"[750, 33, 1183, 1006]",LEFT_EYE,-0.0654807915463864,-0.6294626740184159,0.9998965263366699,0.521111249923706,0.3562834709882736,0.4456089688584803
00045,/Users/nikko/Downloads/moi-main/project_root/data/temp_frames/video6/frame_00045.png,"[750, 33, 1183, 1006]",RIGHT_EYE,0.12171649486330086,-0.6302667219513902,0.9999395608901978,0.521111249923706,0.3562834709882736,0.4456089688584803
00046,/Users/nikko/Downloads/moi-main/project_root/data/temp_frames/video6/frame_00046.png,"[750, 33, 1182, 1007]",LEFT_SHOULDER,-0.516142474225252,-0.3420129243259975,0.9999508857727051,0.5195060297846794,0.3566816858947277,0.4465731795694894
00046,/Users/nikko/Downloads/moi-main/project_root/data/temp_frames/video6/frame_00046.png,"[750, 33, 1182, 1007]",RIGHT_SHOULDER,0.5100002978200281,-0.31927047135665343,0.9999357461929321,0.5195060297846794,0.3566816858947277,0.4465731795694894
00046,/Users/nikko/Downloads/moi-main/project_root/data/temp_frames/video6/frame_00046.png,"[750, 33, 1182, 1007]",LEFT_HIP,-0.23395899455124095,0.3269805169121717,0.9997625946998596,0.5195060297846794,0.3566816858947277,0.4465731795694894
00046,/Users/nikko/Downloads/moi-main/project_root/data/temp_frames/video6/frame_00046.png,"[750, 33, 1182, 1007]",RIGHT_HIP,0.24010117095646477,0.33430287877047915,0.999798595905304,0.5195060297846794,0.3566816858947277,0.4465731795694894
00046,/Users/nikko/Downloads/moi-main/project_root/data/temp_frames/video6/frame_00046.png,"[750, 33, 1182, 1007]",LEFT_ELBOW,-1.003633042744757,-0.10274186062755772,0.8352996110916138,0.5195060297846794,0.3566816858947277,0.4465731795694894
00046,/Users/nikko/Downloads/moi-main/project_root/data/temp_frames/video6/frame_00046.png,"[750, 33, 1182, 1007]",RIGHT_ELBOW,0.9661217378706823,-0.09092138686850443,0.6673562526702881,0.5195060297846794,0.3566816858947277,0.4465731795694894
00046,/Users/nikko/Downloads/moi-main/project_root/data/temp_frames/video6/frame_00046.png,"[750, 33, 1182, 1007]",LEFT_WRIST,-0.920208239321173,-0.4110169519723591,0.6113458275794983,0.5195060297846794,0.3566816858947277,0.4465731795694894
00046,/Users/nikko/Downloads/moi-main/project_root/data/temp_frames/video6/frame_00046.png,"[750, 33, 1182, 1007]",RIGHT_WRIST,0.8858633878006874,-0.39443185775382833,0.9057924151420593,0.5195060297846794,0.3566816858947277,0.4465731795694894
00046,/Users/nikko/Downloads/moi-main/project_root/data/temp_frames/video6/frame_00046.png,"[750, 33, 1182, 1007]",LEFT_EYE,-0.07007214736831961,-0.6263673626320252,0.9998986721038818,0.5195060297846794,0.3566816858947277,0.4465731795694894
00046,/Users/nikko/Downloads/moi-main/project_root/data/temp_frames/video6/frame_00046.png,"[750, 33, 1182, 1007]",RIGHT_EYE,0.11644480342658389,-0.6275456127531436,0.9999428987503052,0.5195060297846794,0.3566816858947277,0.4465731795694894
00047,/Users/nikko/Downloads/moi-main/project_root/data/temp_frames/video6/frame_00047.png,"[749, 34, 1182, 1010]",LEFT_SHOULDER,-0.5147383151312671,-0.34152161107476653,0.9999688863754272,0.5180920511484146,0.3549543358385563,0.44535213290737785
00047,/Users/nikko/Downloads/moi-main/project_root/data/temp_frames/video6/frame_00047.png,"[749, 34, 1182, 1010]",RIGHT_SHOULDER,0.5095162585652332,-0.3197964678691793,0.9999570846557617,0.5180920511484146,0.3549543358385563,0.44535213290737785
00047,/Users/nikko/Downloads/moi-main/project_root/data/temp_frames/video6/frame_00047.png,"[749, 34, 1182, 1010]",LEFT_HIP,-0.23532777398615567,0.3266555029224815,0.9998289346694946,0.5180920511484146,0.3549543358385563,0.44535213290737785
00047,/Users/nikko/Downloads/moi-main/project_root/data/temp_frames/video6/frame_00047.png,"[749, 34, 1182, 1010]",RIGHT_HIP,0.2405498305521896,0.3346625760214643,0.9998519420623779,0.5180920511484146,0.3549543358385563,0.44535213290737785
00047,/Users/nikko/Downloads/moi-main/project_root/data/temp_frames/video6/frame_00047.png,"[749, 34, 1182, 1010]",LEFT_ELBOW,-0.9981964706116707,-0.10710590357032133,0.80742347240448,0.5180920511484146,0.3549543358385563,0.44535213290737785
00047,/Users/nikko/Downloads/moi-main/project_root/data/temp_frames/video6/frame_00047.png,"[749, 34, 1182, 1010]",RIGHT_ELBOW,0.9676650627025335,-0.08992616993492704,0.6078904867172241,0.5180920511484146,0.3549543358385563,0.44535213290737785
00047,/Users/nikko/Downloads/moi-main/project_root/data/temp_frames/video6/frame_00047.png,"[749, 34, 1182, 1010]",LEFT_WRIST,-0.9144369210490547,-0.40715355909192635,0.6490520238876343,0.5180920511484146,0.3549543358385563,0.44535213290737785
00047,/Users/nikko/Downloads/moi-main/project_root/data/temp_frames/video6/frame_00047.png,"[749, 34, 1182, 1010]",RIGHT_WRIST,0.885793687163025,-0.3932104418758908,0.8985214829444885,0.5180920511484146,0.3549543358385563,0.44535213290737785
00047,/Users/nikko/Downloads/moi-main/project_root/data/temp_frames/video6/frame_00047.png,"[749, 34, 1182, 1010]",LEFT_EYE,-0.07201075877101047,-0.6257696947535623,0.9999154806137085,0.5180920511484146,0.3549543358385563,0.44535213290737785
00047,/Users/nikko/Downloads/moi-main/project_root/data/temp_frames/video6/frame_00047.png,"[749, 34, 1182, 1010]",RIGHT_EYE,0.11330151640774122,-0.626021275071108,0.9999582767486572,0.5180920511484146,0.3549543358385563,0.44535213290737785
00048,/Users/nikko/Downloads/moi-main/project_root/data/temp_frames/video6/frame_00048.png,"[749, 35, 1181, 1011]",LEFT_SHOULDER,-0.5092419239927228,-0.3441906299347409,0.9999663829803467,0.5164006873965263,0.35510340705513954,0.4481417318192367
00048,/Users/nikko/Downloads/moi-main/project_root/data/temp_frames/video6/frame_00048.png,"[749, 35, 1181, 1011]",RIGHT_SHOULDER,0.5097010205641763,-0.3190928740976002,0.9999552965164185,0.5164006873965263,0.35510340705513954,0.4481417318192367
00048,/Users/nikko/Downloads/moi-main/project_root/data/temp_frames/video6/frame_00048.png,"[749, 35, 1181, 1011]",LEFT_HIP,-0.23901988325145004,0.32773429387915387,0.999775230884552,0.5164006873965263,0.35510340705513954,0.4481417318192367
00048,/Users/nikko/Downloads/moi-main/project_root/data/temp_frames/video6/frame_00048.png,"[749, 35, 1181, 1011]",RIGHT_HIP,0.2385607866799965,0.3355492101531872,0.9998058676719666,0.5164006873965263,0.35510340705513954,0.4481417318192367
00048,/Users/nikko/Downloads/moi-main/project_root/data/temp_frames/video6/frame_00048.png,"[749, 35, 1181, 1011]",LEFT_ELBOW,-0.9929665975190981,-0.10819244802892171,0.812156081199646,0.5164006873965263,0.35510340705513954,0.4481417318192367
00048,/Users/nikko/Downloads/moi-main/project_root/data/temp_frames/video6/frame_00048.png,"[749, 35, 1181, 1011]",RIGHT_ELBOW,0.9737010506400701,-0.0906968353101156,0.5830844044685364,0.5164006873965263,0.35510340705513954,0.4481417318192367
00048,/Users/nikko/Downloads/moi-main/project_root/data/temp_frames/video6/frame_00048.png,"[749, 35, 1181, 1011]",LEFT_WRIST,-0.907274711199301,-0.4099743439037785,0.6157903075218201,0.5164006873965263,0.35510340705513954,0.4481417318192367
00048,/Users/nikko/Downloads/moi-main/project_root/data/temp_frames/video6/frame_00048.png,"[749, 35, 1181, 1011]",RIGHT_WRIST,0.8800287245630285,-0.3916046953714556,0.8800172805786133,0.5164006873965263,0.35510340705513954,0.4481417318192367
00048,/Users/nikko/Downloads/moi-main/project_root/data/temp_frames/video6/frame_00048.png,"[749, 35, 1181, 1011]",LEFT_EYE,-0.07081889643205785,-0.6269347815387415,0.9999188184738159,0.5164006873965263,0.35510340705513954,0.4481417318192367
00048,/Users/nikko/Downloads/moi-main/project_root/data/temp_frames/video6/frame_00048.png,"[749, 35, 1181, 1011]",RIGHT_EYE,0.11505526345173049,-0.6280867790955093,0.9999605417251587,0.5164006873965263,0.35510340705513954,0.4481417318192367
00049,/Users/nikko/Downloads/moi-main/project_root/data/temp_frames/video6/frame_00049.png,"[748, 36, 1181, 1011]",LEFT_SHOULDER,-0.5086361581326028,-0.3428072946785444,0.9999591112136841,0.5138796344399452,0.3542053773999214,0.4481714667984976
00049,/Users/nikko/Downloads/moi-main/project_root/data/temp_frames/video6/frame_00049.png,"[748, 36, 1181, 1011]",RIGHT_SHOULDER,0.5068654270609222,-0.3212144632884241,0.9999487400054932,0.5138796344399452,0.3542053773999214,0.4481714667984976
00049,/Users/nikko/Downloads/moi-main/project_root/data/temp_frames/video6/frame_00049.png,"[748, 36, 1181, 1011]",LEFT_HIP,-0.2390053881214747,0.32738623759883645,0.9997487664222717,0.5138796344399452,0.3542053773999214,0.4481714667984976
00049,/Users/nikko/Downloads/moi-main/project_root/data/temp_frames/video6/frame_00049.png,"[748, 36, 1181, 1011]",RIGHT_HIP,0.24077611919315525,0.3366355203681321,0.9997814297676086,0.5138796344399452,0.3542053773999214,0.4481714667984976
00049,/Users/nikko/Downloads/moi-main/project_root/data/temp_frames/video6/frame_00049.png,"[748, 36, 1181, 1011]",LEFT_ELBOW,-0.9886227606387693,-0.1076715176820098,0.8196960687637329,0.5138796344399452,0.3542053773999214,0.4481714667984976
00049,/Users/nikko/Downloads/moi-main/project_root/data/temp_frames/video6/frame_00049.png,"[748, 36, 1181, 1011]",RIGHT_ELBOW,0.9674633771637767,-0.0914064731917541,0.5932979583740234,0.5138796344399452,0.3542053773999214,0.4481714667984976
00049,/Users/nikko/Downloads/moi-main/project_root/data/temp_frames/video6/frame_00049.png,"[748, 36, 1181, 1011]",LEFT_WRIST,-0.8958453398855941,-0.4108313367173739,0.6114563941955566,0.5138796344399452,0.3542053773999214,0.4481714667984976
00049,/Users/nikko/Downloads/moi-main/project_root/data/temp_frames/video6/frame_00049.png,"[748, 36, 1181, 1011]",RIGHT_WRIST,0.8787440217052148,-0.3921747729052668,0.8698593974113464,0.5138796344399452,0.3542053773999214,0.4481714667984976
00049,/Users/nikko/Downloads/moi-main/project_root/data/temp_frames/video6/frame_00049.png,"[748, 36, 1181, 1011]",LEFT_EYE,-0.06906102207955853,-0.626348030537322,0.9999294281005859,0.5138796344399452,0.3542053773999214,0.4481714667984976
00049,/Users/nikko/Downloads/moi-main/project_root/data/temp_frames/video6/frame_00049.png,"[748, 36, 1181, 1011]",RIGHT_EYE,0.11422242800102894,-0.6283059190756735,0.9999644756317139,0.5138796344399452,0.3542053773999214,0.4481714667984976
00050,/Users/nikko/Downloads/moi-main/project_root/data/temp_frames/video6/frame_00050.png,"[748, 36, 1180, 1011]",LEFT_SHOULDER,-0.5080941579708937,-0.3417319545541711,0.9999500513076782,0.5141398832201958,0.35543975606560707,0.4475581204305814
00050,/Users/nikko/Downloads/moi-main/project_root/data/temp_frames/video6/frame_00050.png,"[748, 36, 1180, 1011]",RIGHT_SHOULDER,0.5071969748512929,-0.3183157980878806,0.9999405145645142,0.5141398832201958,0.35543975606560707,0.4475581204305814
00050,/Users/nikko/Downloads/moi-main/project_root/data/temp_frames/video6/frame_00050.png,"[748, 36, 1180, 1011]",LEFT_HIP,-0.243044483270467,0.32590070277549676,0.9997410178184509,0.5141398832201958,0.35543975606560707,0.4475581204305814
00050,/Users/nikko/Downloads/moi-main/project_root/data/temp_frames/video6/frame_00050.png,"[748, 36, 1180, 1011]",RIGHT_HIP,0.24394166639006787,0.3341470498665549,0.9997774958610535,0.5141398832201958,0.35543975606560707,0.4475581204305814
00050,/Users/nikko/Downloads/moi-main/project_root/data/temp_frames/video6/frame_00050.png,"[748, 36, 1180, 1011]",LEFT_ELBOW,-0.9875891931560036,-0.11032353381611477,0.8059070706367493,0.5141398832201958,0.35543975606560707,0.4475581204305814
00050,/Users/nikko/Downloads/moi-main/project_root/data/temp_frames/video6/frame_00050.png,"[748, 36, 1180, 1011]",RIGHT_ELBOW,0.9695289838567177,-0.0930042072632911,0.5879031419754028,0.5141398832201958,0.35543975606560707,0.4475581204305814
00050,/Users/nikko/Downloads/moi-main/project_root/data/temp_frames/video6/frame_00050.png,"[748, 36, 1180, 1011]",LEFT_WRIST,-0.8934267000782035,-0.41410810003045756,0.5663332343101501,0.5141398832201958,0.35543975606560707,0.4475581204305814
00050,/Users/nikko/Downloads/moi-main/project_root/data/temp_frames/video6/frame_00050.png,"[748, 36, 1180, 1011]",RIGHT_WRIST,0.8878045145612568,-0.39395662203644455,0.8502002358436584,0.5141398832201958,0.35543975606560707,0.4475581204305814
00050,/Users/nikko/Downloads/moi-main/project_root/data/temp_frames/video6/frame_00050.png,"[748, 36, 1180, 1011]",LEFT_KNEE,-0.4553034863681908,0.8013305798374215,0.5077952146530151,0.5141398832201958,0.35543975606560707,0.4475581204305814
00050,/Users/nikko/Downloads/moi-main/project_root/data/temp_frames/video6/frame_00050.png,"[748, 36, 1180, 1011]",RIGHT_KNEE,0.34189527171368506,0.8050635434834544,0.5046719312667847,0.5141398832201958,0.35543975606560707,0.4475581204305814
00050,/Users/nikko/Downloads/moi-main/project_root/data/temp_frames/video6/frame_00050.png,"[748, 36, 1180, 1011]",LEFT_EYE,-0.07366255631176268,-0.6232326388979627,0.9999195337295532,0.5141398832201958,0.35543975606560707,0.4475581204305814
00050,/Users/nikko/Downloads/moi-main/project_root/data/temp_frames/video6/frame_00050.png,"[748, 36, 1180, 1011]",RIGHT_EYE,0.11097597841875992,-0.624672103906475,0.9999593496322632,0.5141398832201958,0.35543975606560707,0.4475581204305814
00051,/Users/nikko/Downloads/moi-main/project_root/data/temp_frames/video6/frame_00051.png,"[747, 37, 1180, 1010]",LEFT_SHOULDER,-0.5089771074050903,-0.342034997849243,0.9999514818191528,0.513411819934845,0.3551371544599533,0.44717128792885635
00051,/Users/nikko/Downloads/moi-main/project_root/data/temp_frames/video6/frame_00051.png,"[747, 37, 1180, 1010]",RIGHT_SHOULDER,0.5085726308667851,-0.3175830615145392,0.9999377727508545,0.513411819934845,0.3551371544599533,0.44717128792885635
00051,/Users/nikko/Downloads/moi-main/project_root/data/temp_frames/video6/frame_00051.png,"[747, 37, 1180, 1010]",LEFT_HIP,-0.24252097333203107,0.3251342566012619,0.999723494052887,0.513411819934845,0.3551371544599533,0.44717128792885635
00051,/Users/nikko/Downloads/moi-main/project_root/data/temp_frames/video6/frame_00051.png,"[747, 37, 1180, 1010]",RIGHT_HIP,0.24292544987033624,0.3344838027625203,0.9997569918632507,0.513411819934845,0.3551371544599533,0.44717128792885635
00051,/Users/nikko/Downloads/moi-main/project_root/data/temp_frames/video6/frame_00051.png,"[747, 37, 1180, 1010]",LEFT_ELBOW,-0.9878626332440297,-0.10890978990393003,0.8123052716255188,0.513411819934845,0.3551371544599533,0.44717128792885635
00051,/Users/nikko/Downloads/moi-main/project_root/data/temp_frames/video6/frame_00051.png,"[747, 37, 1180, 1010]",RIGHT_ELBOW,0.9707966091133666,-0.09320531684252138,0.5502663254737854,0.513411819934845,0.3551371544599533,0.44717128792885635
00051,/Users/nikko/Downloads/moi-main/project_root/data/temp_frames/video6/frame_00051.png,"[747, 37, 1180, 1010]",LEFT_WRIST,-0.8874874549171992,-0.41709761920234045,0.580021858215332,0.513411819934845,0.3551371544599533,0.44717128792885635
00051,/Users/nikko/Downloads/moi-main/project_root/data/temp_frames/video6/frame_00051.png,"[747, 37, 1180, 1010]",RIGHT_WRIST,0.8886442184954209,-0.3952155984312082,0.8555437922477722,0.513411819934845,0.3551371544599533,0.44717128792885635
00051,/Users/nikko/Downloads/moi-main/project_root/data/temp_frames/video6/frame_00051.png,"[747, 37, 1180, 1010]",LEFT_EYE,-0.0697785009352258,-0.6260310447373645,0.9998905658721924,0.513411819934845,0.3551371544599533,0.44717128792885635
00051,/Users/nikko/Downloads/moi-main/project_root/data/temp_frames/video6/frame_00051.png,"[747, 37, 1180, 1010]",RIGHT_EYE,0.11615654458416437,-0.6274248193041095,0.9999445676803589,0.513411819934845,0.3551371544599533,0.44717128792885635
00052,/Users/nikko/Downloads/moi-main/project_root/data/temp_frames/video6/frame_00052.png,"[746, 37, 1180, 1010]",LEFT_SHOULDER,-0.5118811708803592,-0.3415106342820248,0.9999425411224365,0.5130687579512596,0.35476228967309,0.4452518232567918
00052,/Users/nikko/Downloads/moi-main/project_root/data/temp_frames/video6/frame_00052.png,"[746, 37, 1180, 1010]",RIGHT_SHOULDER,0.5087831141833963,-0.3184777334966005,0.9999382495880127,0.5130687579512596,0.35476228967309,0.4452518232567918
00052,/Users/nikko/Downloads/moi-main/project_root/data/temp_frames/video6/frame_00052.png,"[746, 37, 1180, 1010]",LEFT_HIP,-0.23933564778869038,0.32625707832576617,0.9997187256813049,0.5130687579512596,0.35476228967309,0.4452518232567918
00052,/Users/nikko/Downloads/moi-main/project_root/data/temp_frames/video6/frame_00052.png,"[746, 37, 1180, 1010]",RIGHT_HIP,0.24243370448565332,0.3337312894528592,0.9997643828392029,0.5130687579512596,0.35476228967309,0.4452518232567918
00052,/Users/nikko/Downloads/moi-main/project_root/data/temp_frames/video6/frame_00052.png,"[746, 37, 1180, 1010]",LEFT_ELBOW,-0.9881138231853767,-0.11074270912559563,0.7985033392906189,0.5130687579512596,0.35476228967309,0.4452518232567918
00052,/Users/nikko/Downloads/moi-main/project_root/data/temp_frames/video6/frame_00052.png,"[746, 37, 1180, 1010]",RIGHT_ELBOW,0.972880715454176,-0.09331111599930855,0.6272046566009521,0.5130687579512596,0.35476228967309,0.4452518232567918
00052,/Users/nikko/Downloads/moi-main/project_root/data/temp_frames/video6/frame_00052.png,"[746, 37, 1180, 1010]",RIGHT_WRIST,0.8929978333899399,-0.395351279395181,0.853096067905426,0.5130687579512596,0.35476228967309,0.4452518232567918
00052,/Users/nikko/Downloads/moi-main/project_root/data/temp_frames/video6/frame_00052.png,"[746, 37, 1180, 1010]",LEFT_EYE,-0.07281668163402462,-0.6273133005746373,0.9999319314956665,0.5130687579512596,0.35476228967309,0.4452518232567918
00052,/Users/nikko/Downloads/moi-main/project_root/data/temp_frames/video6/frame_00052.png,"[746, 37, 1180, 1010]",RIGHT_EYE,0.11192155264687116,-0.6285937911852048,0.9999656677246094,0.5130687579512596,0.35476228967309,0.4452518232567918
00053,/Users/nikko/Downloads/moi-main/project_root/data/temp_frames/video6/frame_00053.png,"[745, 37, 1178, 1010]",LEFT_SHOULDER,-0.5129734946104982,-0.3391044520385783,0.9999388456344604,0.5153171420097351,0.3551618345081806,0.4481226233880503
00053,/Users/nikko/Downloads/moi-main/project_root/data/temp_frames/video6/frame_00053.png,"[745, 37, 1178, 1010]",RIGHT_SHOULDER,0.5102896253758125,-0.31759043627861033,0.9999350309371948,0.5153171420097351,0.3551618345081806,0.4481226233880503
00053,/Users/nikko/Downloads/moi-main/project_root/data/temp_frames/video6/frame_00053.png,"[745, 37, 1178, 1010]",LEFT_HIP,-0.2411316448176667,0.32511238282813415,0.9997240900993347,0.5153171420097351,0.3551618345081806,0.4481226233880503
00053,/Users/nikko/Downloads/moi-main/project_root/data/temp_frames/video6/frame_00053.png,"[745, 37, 1178, 1010]",RIGHT_HIP,0.24381551405235238,0.3315825054890545,0.9997690320014954,0.5153171420097351,0.3551618345081806,0.4481226233880503
00053,/Users/nikko/Downloads/moi-main/project_root/data/temp_frames/video6/frame_00053.png,"[745, 37, 1178, 1010]",LEFT_ELBOW,-0.985773578106825,-0.10972038803387542,0.812963604927063,0.5153171420097351,0.3551618345081806,0.4481226233880503
00053,/Users/nikko/Downloads/moi-main/project_root/data/temp_frames/video6/frame_00053.png,"[745, 37, 1178, 1010]",RIGHT_ELBOW,0.9696483828498144,-0.09496209996080558,0.6695570945739746,0.5153171420097351,0.3551618345081806,0.4481226233880503
00053,/Users/nikko/Downloads/moi-main/project_root/data/temp_frames/video6/frame_00053.png,"[745, 37, 1178, 1010]",RIGHT_WRIST,0.8925502554436829,-0.3959250881341548,0.8558187484741211,0.5153171420097351,0.3551618345081806,0.4481226233880503
00053,/Users/nikko/Downloads/moi-main/project_root/data/temp_frames/video6/frame_00053.png,"[745, 37, 1178, 1010]",LEFT_KNEE,-0.4527622091164036,0.806057147549034,0.5643076300621033,0.5153171420097351,0.3551618345081806,0.4481226233880503
00053,/Users/nikko/Downloads/moi-main/project_root/data/temp_frames/video6/frame_00053.png,"[745, 37, 1178, 1010]",RIGHT_KNEE,0.3273904146031852,0.8074654539945119,0.5519728064537048,0.5153171420097351,0.3551618345081806,0.4481226233880503
00053,/Users/nikko/Downloads/moi-main/project_root/data/temp_frames/video6/frame_00053.png,"[745, 37, 1178, 1010]",LEFT_EYE,-0.08001882036826076,-0.6224961138829342,0.9999425411224365,0.5153171420097351,0.3551618345081806,0.4481226233880503
00053,/Users/nikko/Downloads/moi-main/project_root/data/temp_frames/video6/frame_00053.png,"[745, 37, 1178, 1010]",RIGHT_EYE,0.10357569848367665,-0.6238577838108974,0.9999701976776123,0.5153171420097351,0.3551618345081806,0.4481226233880503
00054,/Users/nikko/Downloads/moi-main/project_root/data/temp_frames/video6/frame_00054.png,"[744, 37, 1178, 1009]",LEFT_SHOULDER,-0.5120735169050227,-0.3402051469459977,0.9999480247497559,0.513620063662529,0.3554166369140148,0.44669290014529384
00054,/Users/nikko/Downloads/moi-main/project_root/data/temp_frames/video6/frame_00054.png,"[744, 37, 1178, 1009]",RIGHT_SHOULDER,0.5070361304891959,-0.3219064503251745,0.9999392032623291,0.513620063662529,0.3554166369140148,0.44669290014529384
00054,/Users/nikko/Downloads/moi-main/project_root/data/temp_frames/video6/frame_00054.png,"[744, 37, 1178, 1009]",LEFT_HIP,-0.23730801622436376,0.3277986405780167,0.9998206496238708,0.513620063662529,0.3554166369140148,0.44669290014529384
00054,/Users/nikko/Downloads/moi-main/project_root/data/temp_frames/video6/frame_00054.png,"[744, 37, 1178, 1009]",RIGHT_HIP,0.2423454026401905,0.33431295669315547,0.9998465776443481,0.513620063662529,0.3554166369140148,0.44669290014529384
00054,/Users/nikko/Downloads/moi-main/project_root/data/temp_frames/video6/frame_00054.png,"[744, 37, 1178, 1009]",LEFT_ELBOW,-0.9783606953037235,-0.10959765593424663,0.7896286845207214,0.513620063662529,0.3554166369140148,0.44669290014529384
00054,/Users/nikko/Downloads/moi-main/project_root/data/temp_frames/video6/frame_00054.png,"[744, 37, 1178, 1009]",RIGHT_ELBOW,0.9715789246133433,-0.09472594727340054,0.6412709951400757,0.513620063662529,0.3554166369140148,0.44669290014529384
00054,/Users/nikko/Downloads/moi-main/project_root/data/temp_frames/video6/frame_00054.png,"[744, 37, 1178, 1009]",LEFT_WRIST,-0.8731342579020575,-0.43232841176835246,0.5102587938308716,0.513620063662529,0.3554166369140148,0.44669290014529384
00054,/Users/nikko/Downloads/moi-main/project_root/data/temp_frames/video6/frame_00054.png,"[744, 37, 1178, 1009]",RIGHT_WRIST,0.9014846430307341,-0.3981945361976754,0.8642299175262451,0.513620063662529,0.3554166369140148,0.44669290014529384
00054,/Users/nikko/Downloads/moi-main/project_root/data/temp_frames/video6/frame_00054.png,"[744, 37, 1178, 1009]",LEFT_EYE,-0.08014006557411496,-0.6215590704257865,0.9998941421508789,0.513620063662529,0.3554166369140148,0.44669290014529384
00054,/Users/nikko/Downloads/moi-main/project_root/data/temp_frames/video6/frame_00054.png,"[744, 37, 1178, 1009]",RIGHT_EYE,0.10115473963833353,-0.6218960615226481,0.9999464750289917,0.513620063662529,0.3554166369140148,0.44669290014529384
00055,/Users/nikko/Downloads/moi-main/project_root/data/temp_frames/video6/frame_00055.png,"[744, 38, 1177, 1008]",LEFT_SHOULDER,-0.50681804753052,-0.33927210146879705,0.9999508857727051,0.5127821937203407,0.3553728275001049,0.4497973643310939
00055,/Users/nikko/Downloads/moi-main/project_root/data/temp_frames/video6/frame_00055.png,"[744, 38, 1177, 1008]",RIGHT_SHOULDER,0.5153379639111977,-0.3203469526748726,0.9999395608901978,0.5127821937203407,0.3553728275001049,0.4497973643310939
00055,/Users/nikko/Downloads/moi-main/project_root/data/temp_frames/video6/frame_00055.png,"[744, 38, 1177, 1008]",LEFT_HIP,-0.2446151089383546,0.32567361895940905,0.9998283386230469,0.5127821937203407,0.3553728275001049,0.4497973643310939
00055,/Users/nikko/Downloads/moi-main/project_root/data/temp_frames/video6/frame_00055.png,"[744, 38, 1177, 1008]",RIGHT_HIP,0.23609519255767686,0.3339454351842607,0.9998540878295898,0.5127821937203407,0.3553728275001049,0.4497973643310939
00055,/Users/nikko/Downloads/moi-main/project_root/data/temp_frames/video6/frame_00055.png,"[744, 38, 1177, 1008]",LEFT_ELBOW,-0.9719524198218421,-0.11017511231174194,0.7853263020515442,0.5127821937203407,0.3553728275001049,0.4497973643310939
00055,/Users/nikko/Downloads/moi-main/project_root/data/temp_frames/video6/frame_00055.png,"[744, 38, 1177, 1008]",RIGHT_ELBOW,0.9724917038900242,-0.09664081648307406,0.652328610420227,0.5127821937203407,0.3553728275001049,0.4497973643310939
00055,/Users/nikko/Downloads/moi-main/project_root/data/temp_frames/video6/frame_00055.png,"[744, 38, 1177, 1008]",LEFT_WRIST,-0.8599207553926461,-0.42897109116230253,0.5038963556289673,0.5127821937203407,0.3553728275001049,0.4497973643310939
00055,/Users/nikko/Downloads/moi-main/project_root/data/temp_frames/video6/frame_00055.png,"[744, 38, 1177, 1008]",RIGHT_WRIST,0.9001007893082179,-0.40274575512873473,0.8600848317146301,0.5127821937203407,0.3553728275001049,0.4497973643310939
00055,/Users/nikko/Downloads/moi-main/project_root/data/temp_frames/video6/frame_00055.png,"[744, 38, 1177, 1008]",LEFT_EYE,-0.07929559591808069,-0.6182001841615898,0.9998958110809326,0.5127821937203407,0.3553728275001049,0.4497973643310939
00055,/Users/nikko/Downloads/moi-main/project_root/data/temp_frames/video6/frame_00055.png,"[744, 38, 1177, 1008]",RIGHT_EYE,0.10055094484025964,-0.6188137591363603,0.9999469518661499,0.5127821937203407,0.3553728275001049,0.4497973643310939
00056,/Users/nikko/Downloads/moi-main/project_root/data/temp_frames/video6/frame_00056.png,"[743, 37, 1177, 1008]",LEFT_SHOULDER,-0.506778166105802,-0.34002683372971176,0.9999537467956543,0.51255714148283,0.3554745465517044,0.44605941214251077
00056,/Users/nikko/Downloads/moi-main/project_root/data/temp_frames/video6/frame_00056.png,"[743, 37, 1177, 1008]",RIGHT_SHOULDER,0.5119802169068862,-0.3228709999436556,0.9999443292617798,0.51255714148283,0.3554745465517044,0.44605941214251077
00056,/Users/nikko/Downloads/moi-main/project_root/data/temp_frames/video6/frame_00056.png,"[743, 37, 1177, 1008]",LEFT_HIP,-0.24181020978227635,0.3266183766665281,0.9997690320014954,0.51255714148283,0.3554745465517044,0.44605941214251077
00056,/Users/nikko/Downloads/moi-main/project_root/data/temp_frames/video6/frame_00056.png,"[743, 37, 1177, 1008]",RIGHT_HIP,0.23660815898119203,0.3362794570068392,0.9998010993003845,0.51255714148283,0.3554745465517044,0.44605941214251077
00056,/Users/nikko/Downloads/moi-main/project_root/data/temp_frames/video6/frame_00056.png,"[743, 37, 1177, 1008]",LEFT_ELBOW,-0.9786180139632684,-0.11123381059745899,0.8334161043167114,0.51255714148283,0.3554745465517044,0.44605941214251077
00056,/Users/nikko/Downloads/moi-main/project_root/data/temp_frames/video6/frame_00056.png,"[743, 37, 1177, 1008]",RIGHT_ELBOW,0.9778878875043547,-0.09335720409555717,0.6018518209457397,0.51255714148283,0.3554745465517044,0.44605941214251077
00056,/Users/nikko/Downloads/moi-main/project_root/data/temp_frames/video6/frame_00056.png,"[743, 37, 1177, 1008]",LEFT_WRIST,-0.8773525541659067,-0.438270433204031,0.6249889731407166,0.51255714148283,0.3554745465517044,0.44605941214251077
00056,/Users/nikko/Downloads/moi-main/project_root/data/temp_frames/video6/frame_00056.png,"[743, 37, 1177, 1008]",RIGHT_WRIST,0.9034113808228319,-0.3995216839826765,0.8816844820976257,0.51255714148283,0.3554745465517044,0.44605941214251077
00056,/Users/nikko/Downloads/moi-main/project_root/data/temp_frames/video6/frame_00056.png,"[743, 37, 1177, 1008]",LEFT_EYE,-0.07940056757924649,-0.623841663664213,0.9998648166656494,0.51255714148283,0.3554745465517044,0.44605941214251077
00056,/Users/nikko/Downloads/moi-main/project_root/data/temp_frames/video6/frame_00056.png,"[743, 37, 1177, 1008]",RIGHT_EYE,0.10232769424452982,-0.6242517250790723,0.9999370574951172,0.51255714148283,0.3554745465517044,0.44605941214251077
00057,/Users/nikko/Downloads/moi-main/project_root/data/temp_frames/video6/frame_00057.png,"[743, 36, 1176, 1007]",LEFT_SHOULDER,-0.5075300442350095,-0.34091641363291847,0.9999539852142334,0.5134039223194122,0.3568357080221176,0.4484871850422781
00057,/Users/nikko/Downloads/moi-main/project_root/data/temp_frames/video6/frame_00057.png,"[743, 36, 1176, 1007]",RIGHT_SHOULDER,0.5106982179796934,-0.318301951300618,0.9999500513076782,0.5134039223194122,0.3568357080221176,0.4484871850422781
00057,/Users/nikko/Downloads/moi-main/project_root/data/temp_frames/video6/frame_00057.png,"[743, 36, 1176, 1007]",LEFT_HIP,-0.24429272951080308,0.32518661738499516,0.9998441934585571,0.5134039223194122,0.3568357080221176,0.4484871850422781
00057,/Users/nikko/Downloads/moi-main/project_root/data/temp_frames/video6/frame_00057.png,"[743, 36, 1176, 1007]",RIGHT_HIP,0.24112455576611916,0.3340317475485413,0.9998683929443359,0.5134039223194122,0.3568357080221176,0.4484871850422781
00057,/Users/nikko/Downloads/moi-main/project_root/data/temp_frames/video6/frame_00057.png,"[743, 36, 1176, 1007]",LEFT_ELBOW,-0.9799391743929481,-0.10944758784628453,0.8283424377441406,0.5134039223194122,0.3568357080221176,0.4484871850422781
00057,/Users/nikko/Downloads/moi-main/project_root/data/temp_frames/video6/frame_00057.png,"[743, 36, 1176, 1007]",RIGHT_ELBOW,0.9796953166502304,-0.0913024719434983,0.690834105014801,0.5134039223194122,0.3568357080221176,0.4484871850422781
00057,/Users/nikko/Downloads/moi-main/project_root/data/temp_frames/video6/frame_00057.png,"[743, 36, 1176, 1007]",LEFT_WRIST,-0.8718495081959413,-0.4297392415684097,0.5670817494392395,0.5134039223194122,0.3568357080221176,0.4484871850422781
00057,/Users/nikko/Downloads/moi-main/project_root/data/temp_frames/video6/frame_00057.png,"[743, 36, 1176, 1007]",RIGHT_WRIST,0.8953028285375431,-0.3940505886564468,0.9049665331840515,0.5134039223194122,0.3568357080221176,0.4484871850422781
00057,/Users/nikko/Downloads/moi-main/project_root/data/temp_frames/video6/frame_00057.png,"[743, 36, 1176, 1007]",LEFT_EYE,-0.0732799245008096,-0.6251538853257691,0.9998886585235596,0.5134039223194122,0.3568357080221176,0.4484871850422781
00057,/Users/nikko/Downloads/moi-main/project_root/data/temp_frames/video6/frame_00057.png,"[743, 36, 1176, 1007]",RIGHT_EYE,0.11090109893977497,-0.6256074783366803,0.9999465942382812,0.5134039223194122,0.3568357080221176,0.4484871850422781
00058,/Users/nikko/Downloads/moi-main/project_root/data/temp_frames/video6/frame_00058.png,"[743, 36, 1176, 1006]",LEFT_SHOULDER,-0.5072042111682062,-0.3407921345454735,0.9999542236328125,0.5129018947482109,0.35701214522123337,0.4486881448489957
00058,/Users/nikko/Downloads/moi-main/project_root/data/temp_frames/video6/frame_00058.png,"[743, 36, 1176, 1006]",RIGHT_SHOULDER,0.5100904367811195,-0.3177041230095956,0.9999520778656006,0.5129018947482109,0.35701214522123337,0.4486881448489957
00058,/Users/nikko/Downloads/moi-main/project_root/data/temp_frames/video6/frame_00058.png,"[743, 36, 1176, 1006]",LEFT_HIP,-0.24525360658682835,0.3250058849152183,0.9998199343681335,0.5129018947482109,0.35701214522123337,0.4486881448489957
00058,/Users/nikko/Downloads/moi-main/project_root/data/temp_frames/video6/frame_00058.png,"[743, 36, 1176, 1006]",RIGHT_HIP,0.24236738097391508,0.3334903726398508,0.9998501539230347,0.5129018947482109,0.35701214522123337,0.4486881448489957
00058,/Users/nikko/Downloads/moi-main/project_root/data/temp_frames/video6/frame_00058.png,"[743, 36, 1176, 1006]",LEFT_ELBOW,-0.9793403344581844,-0.11114379692592073,0.8009530305862427,0.5129018947482109,0.35701214522123337,0.4486881448489957
00058,/Users/nikko/Downloads/moi-main/project_root/data/temp_frames/video6/frame_00058.png,"[743, 36, 1176, 1006]",RIGHT_ELBOW,0.9769305467920746,-0.09270359597523405,0.6434907913208008,0.5129018947482109,0.35701214522123337,0.4486881448489957
00058,/Users/nikko/Downloads/moi-main/project_root/data/temp_frames/video6/frame_00058.png,"[743, 36, 1176, 1006]",LEFT_WRIST,-0.8719631404999667,-0.4288747042101641,0.5401937961578369,0.5129018947482109,0.35701214522123337,0.4486881448489957
00058,/Users/nikko/Downloads/moi-main/project_root/data/temp_frames/video6/frame_00058.png,"[743, 36, 1176, 1006]",RIGHT_WRIST,0.8960189892632754,-0.39541046799678725,0.8960670828819275,0.5129018947482109,0.35701214522123337,0.4486881448489957
00058,/Users/nikko/Downloads/moi-main/project_root/data/temp_frames/video6/frame_00058.png,"[743, 36, 1176, 1006]",LEFT_EYE,-0.07119029388349636,-0.6268802691344207,0.9998843669891357,0.5129018947482109,0.35701214522123337,0.4486881448489957
00058,/Users/nikko/Downloads/moi-main/project_root/data/temp_frames/video6/frame_00058.png,"[743, 36, 1176, 1006]",RIGHT_EYE,0.11198252830376285,-0.6273763012809046,0.9999468326568604,0.5129018947482109,0.35701214522123337,0.4486881448489957
00059,/Users/nikko/Downloads/moi-main/project_root/data/temp_frames/video6/frame_00059.png,"[743, 35, 1176, 1006]",LEFT_SHOULDER,-0.5080701135196302,-0.34036691044962125,0.9999426603317261,0.5124166011810303,0.35712855681777,0.4476900619144024
00059,/Users/nikko/Downloads/moi-main/project_root/data/temp_frames/video6/frame_00059.png,"[743, 35, 1176, 1006]",RIGHT_SHOULDER,0.5077324750683677,-0.31973771365951625,0.9999431371688843,0.5124166011810303,0.35712855681777,0.4476900619144024
00059,/Users/nikko/Downloads/moi-main/project_root/data/temp_frames/video6/frame_00059.png,"[743, 35, 1176, 1006]",LEFT_HIP,-0.24302792342428614,0.3258798277314848,0.9997337460517883,0.5124166011810303,0.35712855681777,0.4476900619144024
00059,/Users/nikko/Downloads/moi-main/project_root/data/temp_frames/video6/frame_00059.png,"[743, 35, 1176, 1006]",RIGHT_HIP,0.24336556187554864,0.3342247963776528,0.9997811913490295,0.5124166011810303,0.35712855681777,0.4476900619144024
00059,/Users/nikko/Downloads/moi-main/project_root/data/temp_frames/video6/frame_00059.png,"[743, 35, 1176, 1006]",LEFT_ELBOW,-0.9798925225453583,-0.1068035147159299,0.8000653386116028,0.5124166011810303,0.35712855681777,0.4476900619144024
00059,/Users/nikko/Downloads/moi-main/project_root/data/temp_frames/video6/frame_00059.png,"[743, 35, 1176, 1006]",RIGHT_ELBOW,0.9784236421734473,-0.0916472628097604,0.6474400162696838,0.5124166011810303,0.35712855681777,0.4476900619144024
00059,/Users/nikko/Downloads/moi-main/project_root/data/temp_frames/video6/frame_00059.png,"[743, 35, 1176, 1006]",RIGHT_WRIST,0.8956176788631292,-0.39429789627563433,0.8683432936668396,0.5124166011810303,0.35712855681777,0.4476900619144024
00059,/Users/nikko/Downloads/moi-main/project_root/data/temp_frames/video6/frame_00059.png,"[743, 35, 1176, 1006]",LEFT_KNEE,-0.45866905477380954,0.8072140617900045,0.5147233605384827,0.5124166011810303,0.35712855681777,0.4476900619144024
00059,/Users/nikko/Downloads/moi-main/project_root/data/temp_frames/video6/frame_00059.png,"[743, 35, 1176, 1006]",LEFT_EYE,-0.07549494585204626,-0.6251926534754487,0.9999295473098755,0.5124166011810303,0.35712855681777,0.4476900619144024
00059,/Users/nikko/Downloads/moi-main/project_root/data/temp_frames/video6/frame_00059.png,"[743, 35, 1176, 1006]",RIGHT_EYE,0.10768855915882054,-0.6257886965123162,0.9999661445617676,0.5124166011810303,0.35712855681777,0.4476900619144024
00060,/Users/nikko/Downloads/moi-main/project_root/data/temp_frames/video6/frame_00060.png,"[743, 35, 1176, 1006]",LEFT_SHOULDER,-0.5129037216846972,-0.33876575154466515,0.999942421913147,0.5136236473917961,0.35666192695498466,0.4480236640452063
00060,/Users/nikko/Downloads/moi-main/project_root/data/temp_frames/video6/frame_00060.png,"[743, 35, 1176, 1006]",RIGHT_SHOULDER,0.5121338579345557,-0.3186355123894005,0.9999384880065918,0.5136236473917961,0.35666192695498466,0.4480236640452063
00060,/Users/nikko/Downloads/moi-main/project_root/data/temp_frames/video6/frame_00060.png,"[743, 35, 1176, 1006]",LEFT_HIP,-0.24057896290380446,0.3256861000251904,0.9997890591621399,0.5136236473917961,0.35666192695498466,0.4480236640452063
00060,/Users/nikko/Downloads/moi-main/project_root/data/temp_frames/video6/frame_00060.png,"[743, 35, 1176, 1006]",RIGHT_HIP,0.241348826653946,0.3317151639088753,0.9998237490653992,0.5136236473917961,0.35666192695498466,0.4480236640452063
00060,/Users/nikko/Downloads/moi-main/project_root/data/temp_frames/video6/frame_00060.png,"[743, 35, 1176, 1006]",LEFT_ELBOW,-0.9784535055876784,-0.1081694905240682,0.7748140692710876,0.5136236473917961,0.35666192695498466,0.4480236640452063
00060,/Users/nikko/Downloads/moi-main/project_root/data/temp_frames/video6/frame_00060.png,"[743, 35, 1176, 1006]",RIGHT_ELBOW,0.9741238160699904,-0.09372883284450068,0.6362242102622986,0.5136236473917961,0.35666192695498466,0.4480236640452063
00060,/Users/nikko/Downloads/moi-main/project_root/data/temp_frames/video6/frame_00060.png,"[743, 35, 1176, 1006]",RIGHT_WRIST,0.8977844099791429,-0.39661066691830527,0.8574059009552002,0.5136236473917961,0.35666192695498466,0.4480236640452063
00060,/Users/nikko/Downloads/moi-main/project_root/data/temp_frames/video6/frame_00060.png,"[743, 35, 1176, 1006]",LEFT_EYE,-0.084638964372739,-0.6216828636772104,0.9998996257781982,0.5136236473917961,0.35666192695498466,0.4480236640452063
00060,/Users/nikko/Downloads/moi-main/project_root/data/temp_frames/video6/frame_00060.png,"[743, 35, 1176, 1006]",RIGHT_EYE,0.0981058094312155,-0.6225114807999109,0.9999504089355469,0.5136236473917961,0.35666192695498466,0.4480236640452063
00061,/Users/nikko/Downloads/moi-main/project_root/data/temp_frames/video6/frame_00061.png,"[743, 35, 1176, 1006]",LEFT_SHOULDER,-0.5088100562418878,-0.33912144460397997,0.9999368190765381,0.5136649310588837,0.3571166954934597,0.449038320386941
00061,/Users/nikko/Downloads/moi-main/project_root/data/temp_frames/video6/frame_00061.png,"[743, 35, 1176, 1006]",RIGHT_SHOULDER,0.514057671238749,-0.31942249642337495,0.9999364614486694,0.5136649310588837,0.3571166954934597,0.449038320386941
00061,/Users/nikko/Downloads/moi-main/project_root/data/temp_frames/video6/frame_00061.png,"[743, 35, 1176, 1006]",LEFT_HIP,-0.2436098092597316,0.32567721453362264,0.9997977614402771,0.5136649310588837,0.3571166954934597,0.449038320386941
00061,/Users/nikko/Downloads/moi-main/project_root/data/temp_frames/video6/frame_00061.png,"[743, 35, 1176, 1006]",RIGHT_HIP,0.23836219426287034,0.33286672649373233,0.9998339414596558,0.5136649310588837,0.3571166954934597,0.449038320386941
00061,/Users/nikko/Downloads/moi-main/project_root/data/temp_frames/video6/frame_00061.png,"[743, 35, 1176, 1006]",LEFT_ELBOW,-0.9759784719537101,-0.10861142576304489,0.7791076302528381,0.5136649310588837,0.3571166954934597,0.449038320386941
00061,/Users/nikko/Downloads/moi-main/project_root/data/temp_frames/video6/frame_00061.png,"[743, 35, 1176, 1006]",RIGHT_ELBOW,0.9692108691154218,-0.09555852519709826,0.6425374150276184,0.5136649310588837,0.3571166954934597,0.449038320386941
00061,/Users/nikko/Downloads/moi-main/project_root/data/temp_frames/video6/frame_00061.png,"[743, 35, 1176, 1006]",RIGHT_WRIST,0.8929032583934865,-0.393160158267669,0.8516906499862671,0.5136649310588837,0.3571166954934597,0.449038320386941
00061,/Users/nikko/Downloads/moi-main/project_root/data/temp_frames/video6/frame_00061.png,"[743, 35, 1176, 1006]",LEFT_EYE,-0.08466130514324807,-0.6237012379028486,0.9999006986618042,0.5136649310588837,0.3571166954934597,0.449038320386941
00061,/Users/nikko/Downloads/moi-main/project_root/data/temp_frames/video6/frame_00061.png,"[743, 35, 1176, 1006]",RIGHT_EYE,0.096963768955941,-0.6247646387058031,0.9999510049819946,0.5136649310588837,0.3571166954934597,0.449038320386941
00062,/Users/nikko/Downloads/moi-main/project_root/data/temp_frames/video6/frame_00062.png,"[744, 34, 1176, 1007]",LEFT_SHOULDER,-0.5155329061128107,-0.33805771626913944,0.9999611377716064,0.5126388296484947,0.3562388941645622,0.4498819268122051
00062,/Users/nikko/Downloads/moi-main/project_root/data/temp_frames/video6/frame_00062.png,"[744, 34, 1176, 1007]",RIGHT_SHOULDER,0.513462591603799,-0.31895776072970133,0.9999504089355469,0.5126388296484947,0.3562388941645622,0.4498819268122051
00062,/Users/nikko/Downloads/moi-main/project_root/data/temp_frames/video6/frame_00062.png,"[744, 34, 1176, 1007]",LEFT_HIP,-0.2382978371207761,0.32516549138564815,0.9998321533203125,0.5126388296484947,0.3562388941645622,0.4498819268122051
00062,/Users/nikko/Downloads/moi-main/project_root/data/temp_frames/video6/frame_00062.png,"[744, 34, 1176, 1007]",RIGHT_HIP,0.2403681516297878,0.3318499856131926,0.9998540878295898,0.5126388296484947,0.3562388941645622,0.4498819268122051
00062,/Users/nikko/Downloads/moi-main/project_root/data/temp_frames/video6/frame_00062.png,"[744, 34, 1176, 1007]",LEFT_ELBOW,-0.9723821255949561,-0.10395868763099082,0.7800875902175903,0.5126388296484947,0.3562388941645622,0.4498819268122051
00062,/Users/nikko/Downloads/moi-main/project_root/data/temp_frames/video6/frame_00062.png,"[744, 34, 1176, 1007]",RIGHT_ELBOW,0.9689634485839029,-0.09105387624220516,0.6406179070472717,0.5126388296484947,0.3562388941645622,0.4498819268122051
00062,/Users/nikko/Downloads/moi-main/project_root/data/temp_frames/video6/frame_00062.png,"[744, 34, 1176, 1007]",LEFT_WRIST,-0.8642844319426772,-0.42470080078165406,0.5130658149719238,0.5126388296484947,0.3562388941645622,0.4498819268122051
00062,/Users/nikko/Downloads/moi-main/project_root/data/temp_frames/video6/frame_00062.png,"[744, 34, 1176, 1007]",RIGHT_WRIST,0.8970793995467108,-0.39071177129377327,0.8917289972305298,0.5126388296484947,0.3562388941645622,0.4498819268122051
00062,/Users/nikko/Downloads/moi-main/project_root/data/temp_frames/video6/frame_00062.png,"[744, 34, 1176, 1007]",LEFT_EYE,-0.07872088966237202,-0.618021821149243,0.999862551689148,0.5126388296484947,0.3562388941645622,0.4498819268122051
00062,/Users/nikko/Downloads/moi-main/project_root/data/temp_frames/video6/frame_00062.png,"[744, 34, 1176, 1007]",RIGHT_EYE,0.10255121823763935,-0.6183369143725728,0.9999370574951172,0.5126388296484947,0.3562388941645622,0.4498819268122051
00063,/Users/nikko/Downloads/moi-main/project_root/data/temp_frames/video6/frame_00063.png,"[744, 34, 1176, 1009]",LEFT_SHOULDER,-0.5123067269913575,-0.338387187539686,0.9999649524688721,0.512506015598774,0.3561628609895706,0.45190671246566844
00063,/Users/nikko/Downloads/moi-main/project_root/data/temp_frames/video6/frame_00063.png,"[744, 34, 1176, 1009]",RIGHT_SHOULDER,0.5177996968211998,-0.31709925443522585,0.9999511241912842,0.512506015598774,0.3561628609895706,0.45190671246566844
00063,/Users/nikko/Downloads/moi-main/project_root/data/temp_frames/video6/frame_00063.png,"[744, 34, 1176, 1009]",LEFT_HIP,-0.24276999318992237,0.32458484164849016,0.999846339225769,0.512506015598774,0.3561628609895706,0.45190671246566844
00063,/Users/nikko/Downloads/moi-main/project_root/data/temp_frames/video6/frame_00063.png,"[744, 34, 1176, 1009]",RIGHT_HIP,0.23727702336008014,0.3309016003264217,0.9998611211776733,0.512506015598774,0.3561628609895706,0.45190671246566844
00063,/Users/nikko/Downloads/moi-main/project_root/data/temp_frames/video6/frame_00063.png,"[744, 34, 1176, 1009]",LEFT_ELBOW,-0.9675690026929241,-0.10597529301509023,0.7809455394744873,0.512506015598774,0.3561628609895706,0.45190671246566844
00063,/Users/nikko/Downloads/moi-main/project_root/data/temp_frames/video6/frame_00063.png,"[744, 34, 1176, 1009]",RIGHT_ELBOW,0.9668284896217972,-0.09379358508149511,0.6585980653762817,0.512506015598774,0.3561628609895706,0.45190671246566844
00063,/Users/nikko/Downloads/moi-main/project_root/data/temp_frames/video6/frame_00063.png,"[744, 34, 1176, 1009]",LEFT_WRIST,-0.8615033115220064,-0.421894804528852,0.5302331447601318,0.512506015598774,0.3561628609895706,0.45190671246566844
00063,/Users/nikko/Downloads/moi-main/project_root/data/temp_frames/video6/frame_00063.png,"[744, 34, 1176, 1009]",RIGHT_WRIST,0.8894594069690536,-0.3974876981431605,0.9014806151390076,0.512506015598774,0.3561628609895706,0.45190671246566844
00063,/Users/nikko/Downloads/moi-main/project_root/data/temp_frames/video6/frame_00063.png,"[744, 34, 1176, 1009]",LEFT_EYE,-0.0826716442568607,-0.6158761727529438,0.9998911619186401,0.512506015598774,0.3561628609895706,0.45190671246566844
00063,/Users/nikko/Downloads/moi-main/project_root/data/temp_frames/video6/frame_00063.png,"[744, 34, 1176, 1009]",RIGHT_EYE,0.09850683578247604,-0.6166259020504263,0.999947190284729,0.512506015598774,0.3561628609895706,0.45190671246566844
00064,/Users/nikko/Downloads/moi-main/project_root/data/temp_frames/video6/frame_00064.png,"[744, 34, 1176, 1010]",LEFT_SHOULDER,-0.5105423741225638,-0.3375444869441533,0.9999662637710571,0.5159378498792648,0.3552464656531811,0.44803302206913626
00064,/Users/nikko/Downloads/moi-main/project_root/data/temp_frames/video6/frame_00064.png,"[744, 34, 1176, 1010]",RIGHT_SHOULDER,0.5182093212258468,-0.32407226912468357,0.9999490976333618,0.5159378498792648,0.3552464656531811,0.44803302206913626
00064,/Users/nikko/Downloads/moi-main/project_root/data/temp_frames/video6/frame_00064.png,"[744, 34, 1176, 1010]",LEFT_HIP,-0.23919027753551272,0.3272192588626964,0.9997547268867493,0.5159378498792648,0.3552464656531811,0.44803302206913626
00064,/Users/nikko/Downloads/moi-main/project_root/data/temp_frames/video6/frame_00064.png,"[744, 34, 1176, 1010]",RIGHT_HIP,0.23152333043222958,0.3343974972061404,0.9997690320014954,0.5159378498792648,0.3552464656531811,0.44803302206913626
00064,/Users/nikko/Downloads/moi-main/project_root/data/temp_frames/video6/frame_00064.png,"[744, 34, 1176, 1010]",LEFT_ELBOW,-0.9852836387162855,-0.1016745287847303,0.8667179942131042,0.5159378498792648,0.3552464656531811,0.44803302206913626
00064,/Users/nikko/Downloads/moi-main/project_root/data/temp_frames/video6/frame_00064.png,"[744, 34, 1176, 1010]",RIGHT_ELBOW,0.9602372482563907,-0.09487710678129982,0.6741389036178589,0.5159378498792648,0.3552464656531811,0.44803302206913626
00064,/Users/nikko/Downloads/moi-main/project_root/data/temp_frames/video6/frame_00064.png,"[744, 34, 1176, 1010]",LEFT_WRIST,-0.8870299298993861,-0.4164301095214491,0.7321170568466187,0.5159378498792648,0.3552464656531811,0.44803302206913626
00064,/Users/nikko/Downloads/moi-main/project_root/data/temp_frames/video6/frame_00064.png,"[744, 34, 1176, 1010]",RIGHT_WRIST,0.887682855312397,-0.39845408161470713,0.9184959530830383,0.5159378498792648,0.3552464656531811,0.44803302206913626
00064,/Users/nikko/Downloads/moi-main/project_root/data/temp_frames/video6/frame_00064.png,"[744, 34, 1176, 1010]",LEFT_KNEE,-0.4798842973575783,0.8049707519027162,0.6798973083496094,0.5159378498792648,0.3552464656531811,0.44803302206913626
00064,/Users/nikko/Downloads/moi-main/project_root/data/temp_frames/video6/frame_00064.png,"[744, 34, 1176, 1010]",RIGHT_KNEE,0.3210649924207591,0.810397966781616,0.6423347592353821,0.5159378498792648,0.3552464656531811,0.44803302206913626
00064,/Users/nikko/Downloads/moi-main/project_root/data/temp_frames/video6/frame_00064.png,"[744, 34, 1176, 1010]",RIGHT_ANKLE,-0.15437353192494638,1.1729416412519904,0.5346917510032654,0.5159378498792648,0.3552464656531811,0.44803302206913626
00064,/Users/nikko/Downloads/moi-main/project_root/data/temp_frames/video6/frame_00064.png,"[744, 34, 1176, 1010]",LEFT_EYE,-0.09923425268906344,-0.6134121673289015,0.9999499320983887,0.5159378498792648,0.3552464656531811,0.44803302206913626
00064,/Users/nikko/Downloads/moi-main/project_root/data/temp_frames/video6/frame_00064.png,"[744, 34, 1176, 1010]",RIGHT_EYE,0.08697928353580808,-0.6166713731657096,0.9999741315841675,0.5159378498792648,0.3552464656531811,0.44803302206913626
00065,/Users/nikko/Downloads/moi-main/project_root/data/temp_frames/video6/frame_00065.png,"[745, 34, 1176, 1012]",LEFT_SHOULDER,-0.5107243060124973,-0.3375490770076988,0.999956488609314,0.5139084085822105,0.35577012225985527,0.44982721377593415
00065,/Users/nikko/Downloads/moi-main/project_root/data/temp_frames/video6/frame_00065.png,"[745, 34, 1176, 1012]",RIGHT_SHOULDER,0.5206893598640522,-0.32047973303815125,0.9999415874481201,0.5139084085822105,0.35577012225985527,0.44982721377593415
00065,/Users/nikko/Downloads/moi-main/project_root/data/temp_frames/video6/frame_00065.png,"[745, 34, 1176, 1012]",LEFT_HIP,-0.24210296742991602,0.32529364653158427,0.9997991919517517,0.5139084085822105,0.35577012225985527,0.44982721377593415
00065,/Users/nikko/Downloads/moi-main/project_root/data/temp_frames/video6/frame_00065.png,"[745, 34, 1176, 1012]",RIGHT_HIP,0.23213791357836117,0.3327351635142658,0.9998155236244202,0.5139084085822105,0.35577012225985527,0.44982721377593415
00065,/Users/nikko/Downloads/moi-main/project_root/data/temp_frames/video6/frame_00065.png,"[745, 34, 1176, 1012]",LEFT_ELBOW,-0.9789372899408728,-0.10593053586529283,0.839779257774353,0.5139084085822105,0.35577012225985527,0.44982721377593415
00065,/Users/nikko/Downloads/moi-main/project_root/data/temp_frames/video6/frame_00065.png,"[745, 34, 1176, 1012]",RIGHT_ELBOW,0.9659293930373116,-0.0966696501338451,0.714324951171875,0.5139084085822105,0.35577012225985527,0.44982721377593415
00065,/Users/nikko/Downloads/moi-main/project_root/data/temp_frames/video6/frame_00065.png,"[745, 34, 1176, 1012]",LEFT_WRIST,-0.8729831266628846,-0.417250195122484,0.6189636588096619,0.5139084085822105,0.35577012225985527,0.44982721377593415
00065,/Users/nikko/Downloads/moi-main/project_root/data/temp_frames/video6/frame_00065.png,"[745, 34, 1176, 1012]",RIGHT_WRIST,0.8856927202347638,-0.4003705661091322,0.8946535587310791,0.5139084085822105,0.35577012225985527,0.44982721377593415
00065,/Users/nikko/Downloads/moi-main/project_root/data/temp_frames/video6/frame_00065.png,"[745, 34, 1176, 1012]",LEFT_KNEE,-0.47448507234747694,0.7989670058654166,0.724032998085022,0.5139084085822105,0.35577012225985527,0.44982721377593415
00065,/Users/nikko/Downloads/moi-main/project_root/data/temp_frames/video6/frame_00065.png,"[745, 34, 1176, 1012]",RIGHT_KNEE,0.3251058611888333,0.8025920952815883,0.7283235788345337,0.5139084085822105,0.35577012225985527,0.44982721377593415
00065,/Users/nikko/Downloads/moi-main/project_root/data/temp_frames/video6/frame_00065.png,"[745, 34, 1176, 1012]",RIGHT_ANKLE,-0.15599993849104746,1.16833099448369,0.6299079656600952,0.5139084085822105,0.35577012225985527,0.44982721377593415
00065,/Users/nikko/Downloads/moi-main/project_root/data/temp_frames/video6/frame_00065.png,"[745, 34, 1176, 1012]",LEFT_EYE,-0.10192663765693717,-0.6139791554028741,0.99993896484375,0.5139084085822105,0.35577012225985527,0.44982721377593415
00065,/Users/nikko/Downloads/moi-main/project_root/data/temp_frames/video6/frame_00065.png,"[745, 34, 1176, 1012]",RIGHT_EYE,0.08006953349549606,-0.616769393007269,0.9999696016311646,0.5139084085822105,0.35577012225985527,0.44982721377593415
00066,/Users/nikko/Downloads/moi-main/project_root/data/temp_frames/video6/frame_00066.png,"[745, 33, 1176, 1012]",LEFT_SHOULDER,-0.5149590191699023,-0.3372369490800951,0.9999655485153198,0.5161291658878326,0.35499389842152596,0.44820478363136795
00066,/Users/nikko/Downloads/moi-main/project_root/data/temp_frames/video6/frame_00066.png,"[745, 33, 1176, 1012]",RIGHT_SHOULDER,0.5133143900430889,-0.32281392931617536,0.9999510049819946,0.5161291658878326,0.35499389842152596,0.44820478363136795
00066,/Users/nikko/Downloads/moi-main/project_root/data/temp_frames/video6/frame_00066.png,"[745, 33, 1176, 1012]",LEFT_HIP,-0.23623461022636216,0.3272715797368227,0.9997879862785339,0.5161291658878326,0.35499389842152596,0.44820478363136795
00066,/Users/nikko/Downloads/moi-main/project_root/data/temp_frames/video6/frame_00066.png,"[745, 33, 1176, 1012]",RIGHT_HIP,0.23787923935317556,0.3327792986594478,0.9998037219047546,0.5161291658878326,0.35499389842152596,0.44820478363136795
00066,/Users/nikko/Downloads/moi-main/project_root/data/temp_frames/video6/frame_00066.png,"[745, 33, 1176, 1012]",LEFT_ELBOW,-0.9927551151690226,-0.10314516413695654,0.869714081287384,0.5161291658878326,0.35499389842152596,0.44820478363136795
00066,/Users/nikko/Downloads/moi-main/project_root/data/temp_frames/video6/frame_00066.png,"[745, 33, 1176, 1012]",RIGHT_ELBOW,0.9585435678669761,-0.09419073237299964,0.7425980567932129,0.5161291658878326,0.35499389842152596,0.44820478363136795
00066,/Users/nikko/Downloads/moi-main/project_root/data/temp_frames/video6/frame_00066.png,"[745, 33, 1176, 1012]",LEFT_WRIST,-0.8980254682050073,-0.4136215075066365,0.6930581331253052,0.5161291658878326,0.35499389842152596,0.44820478363136795
00066,/Users/nikko/Downloads/moi-main/project_root/data/temp_frames/video6/frame_00066.png,"[745, 33, 1176, 1012]",RIGHT_WRIST,0.889252644482718,-0.3960944780031719,0.9061794877052307,0.5161291658878326,0.35499389842152596,0.44820478363136795
00066,/Users/nikko/Downloads/moi-main/project_root/data/temp_frames/video6/frame_00066.png,"[745, 33, 1176, 1012]",LEFT_KNEE,-0.46943669030852686,0.8065815636959174,0.7607228755950928,0.5161291658878326,0.35499389842152596,0.44820478363136795
00066,/Users/nikko/Downloads/moi-main/project_root/data/temp_frames/video6/frame_00066.png,"[745, 33, 1176, 1012]",RIGHT_KNEE,0.33003113263102046,0.8106833620938662,0.7624030113220215,0.5161291658878326,0.35499389842152596,0.44820478363136795
00066,/Users/nikko/Downloads/moi-main/project_root/data/temp_frames/video6/frame_00066.png,"[745, 33, 1176, 1012]",RIGHT_ANKLE,-0.16087516893607376,1.1718412320391618,0.5878171920776367,0.5161291658878326,0.35499389842152596,0.44820478363136795
00066,/Users/nikko/Downloads/moi-main/project_root/data/temp_frames/video6/frame_00066.png,"[745, 33, 1176, 1012]",LEFT_EYE,-0.10131837009255817,-0.6120530532279758,0.9999736547470093,0.5161291658878326,0.35499389842152596,0.44820478363136795
00066,/Users/nikko/Downloads/moi-main/project_root/data/temp_frames/video6/frame_00066.png,"[745, 33, 1176, 1012]",RIGHT_EYE,0.08262609019963604,-0.6146111417138448,0.999985933303833,0.5161291658878326,0.35499389842152596,0.44820478363136795
00067,/Users/nikko/Downloads/moi-main/project_root/data/temp_frames/video6/frame_00067.png,"[745, 33, 1176, 1013]",LEFT_SHOULDER,-0.5121635526095812,-0.3376868175187125,0.9999599456787109,0.5154719576239586,0.3559466227889061,0.44968520034344717
00067,/Users/nikko/Downloads/moi-main/project_root/data/temp_frames/video6/frame_00067.png,"[745, 33, 1176, 1013]",RIGHT_SHOULDER,0.5171753389059552,-0.3213584247238692,0.9999439716339111,0.5154719576239586,0.3559466227889061,0.44968520034344717
00067,/Users/nikko/Downloads/moi-main/project_root/data/temp_frames/video6/frame_00067.png,"[745, 33, 1176, 1013]",LEFT_HIP,-0.23985460837152192,0.32703238514540733,0.9997766613960266,0.5154719576239586,0.3559466227889061,0.44968520034344717
00067,/Users/nikko/Downloads/moi-main/project_root/data/temp_frames/video6/frame_00067.png,"[745, 33, 1176, 1013]",RIGHT_HIP,0.23484282207514792,0.33201285709717443,0.9997919201850891,0.5154719576239586,0.3559466227889061,0.44968520034344717
00067,/Users/nikko/Downloads/moi-main/project_root/data/temp_frames/video6/frame_00067.png,"[745, 33, 1176, 1013]",LEFT_ELBOW,-0.9871574255185298,-0.10658036008200421,0.8625332117080688,0.5154719576239586,0.3559466227889061,0.44968520034344717
00067,/Users/nikko/Downloads/moi-main/project_root/data/temp_frames/video6/frame_00067.png,"[745, 33, 1176, 1013]",RIGHT_ELBOW,0.9529444329809336,-0.09990672648787191,0.7702792286872864,0.5154719576239586,0.3559466227889061,0.44968520034344717
00067,/Users/nikko/Downloads/moi-main/project_root/data/temp_frames/video6/frame_00067.png,"[745, 33, 1176, 1013]",LEFT_WRIST,-0.8862781815251594,-0.4205366867729409,0.6311981081962585,0.5154719576239586,0.3559466227889061,0.44968520034344717
00067,/Users/nikko/Downloads/moi-main/project_root/data/temp_frames/video6/frame_00067.png,"[745, 33, 1176, 1013]",RIGHT_WRIST,0.8823949708357932,-0.3971988181801652,0.9140948057174683,0.5154719576239586,0.3559466227889061,0.44968520034344717
00067,/Users/nikko/Downloads/moi-main/project_root/data/temp_frames/video6/frame_00067.png,"[745, 33, 1176, 1013]",LEFT_KNEE,-0.46264460548121195,0.8016188070688675,0.725468635559082,0.5154719576239586,0.3559466227889061,0.44968520034344717
00067,/Users/nikko/Downloads/moi-main/project_root/data/temp_frames/video6/frame_00067.png,"[745, 33, 1176, 1013]",RIGHT_KNEE,0.33107137227286565,0.8096886959268698,0.745719313621521,0.5154719576239586,0.3559466227889061,0.44968520034344717
00067,/Users/nikko/Downloads/moi-main/project_root/data/temp_frames/video6/frame_00067.png,"[745, 33, 1176, 1013]",RIGHT_ANKLE,-0.15645122079738452,1.163843395905635,0.6022034883499146,0.5154719576239586,0.3559466227889061,0.44968520034344717
00067,/Users/nikko/Downloads/moi-main/project_root/data/temp_frames/video6/frame_00067.png,"[745, 33, 1176, 1013]",LEFT_EYE,-0.09934161026255298,-0.6111742746307878,0.9999651908874512,0.5154719576239586,0.3559466227889061,0.44968520034344717
00067,/Users/nikko/Downloads/moi-main/project_root/data/temp_frames/video6/frame_00067.png,"[745, 33, 1176, 1013]",RIGHT_EYE,0.08313850798300998,-0.6127710245423235,0.9999810457229614,0.5154719576239586,0.3559466227889061,0.44968520034344717
00068,/Users/nikko/Downloads/moi-main/project_root/data/temp_frames/video6/frame_00068.png,"[745, 33, 1176, 1013]",LEFT_SHOULDER,-0.5110521350888807,-0.3400046778345184,0.9999538660049438,0.5139034315943718,0.35592060908675194,0.4483155473592594
00068,/Users/nikko/Downloads/moi-main/project_root/data/temp_frames/video6/frame_00068.png,"[745, 33, 1176, 1013]",RIGHT_SHOULDER,0.5105597124986154,-0.3227922231847271,0.999941349029541,0.5139034315943718,0.35592060908675194,0.4483155473592594
00068,/Users/nikko/Downloads/moi-main/project_root/data/temp_frames/video6/frame_00068.png,"[745, 33, 1176, 1013]",LEFT_HIP,-0.23770039470541846,0.3284021014264478,0.9997550845146179,0.5139034315943718,0.35592060908675194,0.4483155473592594
00068,/Users/nikko/Downloads/moi-main/project_root/data/temp_frames/video6/frame_00068.png,"[745, 33, 1176, 1013]",RIGHT_HIP,0.23819281729568376,0.33439479959279766,0.9997794032096863,0.5139034315943718,0.35592060908675194,0.4483155473592594
00068,/Users/nikko/Downloads/moi-main/project_root/data/temp_frames/video6/frame_00068.png,"[745, 33, 1176, 1013]",LEFT_ELBOW,-0.9818579885465589,-0.10596202073150494,0.7924091219902039,0.5139034315943718,0.35592060908675194,0.4483155473592594
00068,/Users/nikko/Downloads/moi-main/project_root/data/temp_frames/video6/frame_00068.png,"[745, 33, 1176, 1013]",RIGHT_ELBOW,0.9678473609720465,-0.0984276725765162,0.6794064044952393,0.5139034315943718,0.35592060908675194,0.4483155473592594
00068,/Users/nikko/Downloads/moi-main/project_root/data/temp_frames/video6/frame_00068.png,"[745, 33, 1176, 1013]",LEFT_WRIST,-0.8713110614613966,-0.42437104302926554,0.5537533760070801,0.5139034315943718,0.35592060908675194,0.4483155473592594
00068,/Users/nikko/Downloads/moi-main/project_root/data/temp_frames/video6/frame_00068.png,"[745, 33, 1176, 1013]",RIGHT_WRIST,0.8831618434511618,-0.394420847441263,0.8805985450744629,0.5139034315943718,0.35592060908675194,0.4483155473592594
00068,/Users/nikko/Downloads/moi-main/project_root/data/temp_frames/video6/frame_00068.png,"[745, 33, 1176, 1013]",LEFT_KNEE,-0.4551950269648778,0.8069255779741619,0.6053822040557861,0.5139034315943718,0.35592060908675194,0.4483155473592594
00068,/Users/nikko/Downloads/moi-main/project_root/data/temp_frames/video6/frame_00068.png,"[745, 33, 1176, 1013]",RIGHT_KNEE,0.3416084083019266,0.8142575060431083,0.6655421853065491,0.5139034315943718,0.35592060908675194,0.4483155473592594
00068,/Users/nikko/Downloads/moi-main/project_root/data/temp_frames/video6/frame_00068.png,"[745, 33, 1176, 1013]",RIGHT_ANKLE,-0.1527654584118472,1.170031979938,0.5067339539527893,0.5139034315943718,0.35592060908675194,0.4483155473592594
00068,/Users/nikko/Downloads/moi-main/project_root/data/temp_frames/video6/frame_00068.png,"[745, 33, 1176, 1013]",LEFT_EYE,-0.10176177901754657,-0.6144232285762091,0.9999442100524902,0.5139034315943718,0.35592060908675194,0.4483155473592594
00068,/Users/nikko/Downloads/moi-main/project_root/data/temp_frames/video6/frame_00068.png,"[745, 33, 1176, 1013]",RIGHT_EYE,0.08144734457301354,-0.6165076735098582,0.9999723434448242,0.5139034315943718,0.35592060908675194,0.4483155473592594
00069,/Users/nikko/Downloads/moi-main/project_root/data/temp_frames/video6/frame_00069.png,"[745, 33, 1176, 1014]",LEFT_SHOULDER,-0.5089610852691513,-0.3388939652499603,0.9999552965164185,0.514242559671402,0.35562389343976974,0.4477107222462765
00069,/Users/nikko/Downloads/moi-main/project_root/data/temp_frames/video6/frame_00069.png,"[745, 33, 1176, 1014]",RIGHT_SHOULDER,0.5125294235164448,-0.32288616795657626,0.9999459981918335,0.514242559671402,0.35562389343976974,0.4477107222462765
00069,/Users/nikko/Downloads/moi-main/project_root/data/temp_frames/video6/frame_00069.png,"[745, 33, 1176, 1014]",LEFT_HIP,-0.24066206856591196,0.3279158301143058,0.9998205304145813,0.514242559671402,0.35562389343976974,0.4477107222462765
00069,/Users/nikko/Downloads/moi-main/project_root/data/temp_frames/video6/frame_00069.png,"[745, 33, 1176, 1014]",RIGHT_HIP,0.23709373031861847,0.33386430309223075,0.9998427629470825,0.514242559671402,0.35562389343976974,0.4477107222462765
00069,/Users/nikko/Downloads/moi-main/project_root/data/temp_frames/video6/frame_00069.png,"[745, 33, 1176, 1014]",LEFT_ELBOW,-0.9830349509875544,-0.10673121295946629,0.8486471176147461,0.514242559671402,0.35562389343976974,0.4477107222462765
00069,/Users/nikko/Downloads/moi-main/project_root/data/temp_frames/video6/frame_00069.png,"[745, 33, 1176, 1014]",RIGHT_ELBOW,0.9696038246087202,-0.09969738097094329,0.7641148567199707,0.514242559671402,0.35562389343976974,0.4477107222462765
00069,/Users/nikko/Downloads/moi-main/project_root/data/temp_frames/video6/frame_00069.png,"[745, 33, 1176, 1014]",LEFT_WRIST,-0.884199034207697,-0.4191787467580725,0.6123096346855164,0.514242559671402,0.35562389343976974,0.4477107222462765
00069,/Users/nikko/Downloads/moi-main/project_root/data/temp_frames/video6/frame_00069.png,"[745, 33, 1176, 1014]",RIGHT_WRIST,0.8830146083128596,-0.3948092917255426,0.9093630909919739,0.514242559671402,0.35562389343976974,0.4477107222462765
00069,/Users/nikko/Downloads/moi-main/project_root/data/temp_frames/video6/frame_00069.png,"[745, 33, 1176, 1014]",LEFT_KNEE,-0.4616846307369244,0.8043530892084697,0.7303923964500427,0.514242559671402,0.35562389343976974,0.4477107222462765
00069,/Users/nikko/Downloads/moi-main/project_root/data/temp_frames/video6/frame_00069.png,"[745, 33, 1176, 1014]",RIGHT_KNEE,0.34046011400565485,0.8134326947923751,0.7795834541320801,0.514242559671402,0.35562389343976974,0.4477107222462765
00069,/Users/nikko/Downloads/moi-main/project_root/data/temp_frames/video6/frame_00069.png,"[745, 33, 1176, 1014]",RIGHT_ANKLE,-0.15295540843620217,1.1689651537653831,0.621311366558075,0.514242559671402,0.35562389343976974,0.4477107222462765
00069,/Users/nikko/Downloads/moi-main/project_root/data/temp_frames/video6/frame_00069.png,"[745, 33, 1176, 1014]",LEFT_EYE,-0.1019610418022313,-0.6143085237353755,0.999964714050293,0.514242559671402,0.35562389343976974,0.4477107222462765
00069,/Users/nikko/Downloads/moi-main/project_root/data/temp_frames/video6/frame_00069.png,"[745, 33, 1176, 1014]",RIGHT_EYE,0.08124163481064774,-0.6168602823156895,0.9999814033508301,0.514242559671402,0.35562389343976974,0.4477107222462765
00070,/Users/nikko/Downloads/moi-main/project_root/data/temp_frames/video6/frame_00070.png,"[745, 33, 1176, 1015]",LEFT_SHOULDER,-0.5180588302355249,-0.33902824350949323,0.9999504089355469,0.5125045627355576,0.35526273027062416,0.45280127816579047
00070,/Users/nikko/Downloads/moi-main/project_root/data/temp_frames/video6/frame_00070.png,"[745, 33, 1176, 1015]",RIGHT_SHOULDER,0.5095580182055327,-0.3192765929031882,0.9999392032623291,0.5125045627355576,0.35526273027062416,0.45280127816579047
00070,/Users/nikko/Downloads/moi-main/project_root/data/temp_frames/video6/frame_00070.png,"[745, 33, 1176, 1015]",LEFT_HIP,-0.23468324729462325,0.3266048138856697,0.9997923970222473,0.5125045627355576,0.35526273027062416,0.45280127816579047
00070,/Users/nikko/Downloads/moi-main/project_root/data/temp_frames/video6/frame_00070.png,"[745, 33, 1176, 1015]",RIGHT_HIP,0.2431840593246154,0.33170002252701175,0.9998136162757874,0.5125045627355576,0.35526273027062416,0.45280127816579047
00070,/Users/nikko/Downloads/moi-main/project_root/data/temp_frames/video6/frame_00070.png,"[745, 33, 1176, 1015]",LEFT_ELBOW,-0.9755309046753942,-0.10724870700664413,0.863521933555603,0.5125045627355576,0.35526273027062416,0.45280127816579047
00070,/Users/nikko/Downloads/moi-main/project_root/data/temp_frames/video6/frame_00070.png,"[745, 33, 1176, 1015]",RIGHT_ELBOW,0.9659829829743184,-0.0998525786493247,0.789249062538147,0.5125045627355576,0.35526273027062416,0.45280127816579047
00070,/Users/nikko/Downloads/moi-main/project_root/data/temp_frames/video6/frame_00070.png,"[745, 33, 1176, 1015]",LEFT_WRIST,-0.865334693448788,-0.420066505587243,0.5760430097579956,0.5125045627355576,0.35526273027062416,0.45280127816579047
00070,/Users/nikko/Downloads/moi-main/project_root/data/temp_frames/video6/frame_00070.png,"[745, 33, 1176, 1015]",RIGHT_WRIST,0.8760586780791507,-0.3882609092684268,0.9039653539657593,0.5125045627355576,0.35526273027062416,0.45280127816579047
00070,/Users/nikko/Downloads/moi-main/project_root/data/temp_frames/video6/frame_00070.png,"[745, 33, 1176, 1015]",LEFT_KNEE,-0.446661473763675,0.7993650646840453,0.791700005531311,0.5125045627355576,0.35526273027062416,0.45280127816579047
00070,/Users/nikko/Downloads/moi-main/project_root/data/temp_frames/video6/frame_00070.png,"[745, 33, 1176, 1015]",RIGHT_KNEE,0.3430232687609389,0.8050573711732476,0.8253954648971558,0.5125045627355576,0.35526273027062416,0.45280127816579047
00070,/Users/nikko/Downloads/moi-main/project_root/data/temp_frames/video6/frame_00070.png,"[745, 33, 1176, 1015]",RIGHT_ANKLE,-0.14209312955423029,1.1596414797079666,0.6837082505226135,0.5125045627355576,0.35526273027062416,0.45280127816579047
00070,/Users/nikko/Downloads/moi-main/project_root/data/temp_frames/video6/frame_00070.png,"[745, 33, 1176, 1015]",LEFT_EYE,-0.09414114390152074,-0.6132723495638994,0.999968409538269,0.5125045627355576,0.35526273027062416,0.45280127816579047
00070,/Users/nikko/Downloads/moi-main/project_root/data/temp_frames/video6/frame_00070.png,"[745, 33, 1176, 1015]",RIGHT_EYE,0.0865403884268074,-0.6141045316531724,0.9999831914901733,0.5125045627355576,0.35526273027062416,0.45280127816579047
