frame_id,image_path,bbox,landmark,x_norm,y_norm,visibility,center_x,center_y,unit_length
00000,/Users/nikko/Downloads/moi-main/project_root/data/visualizations/video/pullups_video8/frame_00000.png,"[324, 274, 645, 1562]",LEFT_SHOULDER,-0.42267346721097687,-0.30991197639370516,0.9995149374008179,0.539159469306469,0.42477408796548843,0.5039849407159054
00000,/Users/nikko/Downloads/moi-main/project_root/data/visualizations/video/pullups_video8/frame_00000.png,"[324, 274, 645, 1562]",RIGHT_SHOULDER,0.6097681920536591,-0.27909598646180134,0.9964306950569153,0.539159469306469,0.42477408796548843,0.5039849407159054
00000,/Users/nikko/Downloads/moi-main/project_root/data/visualizations/video/pullups_video8/frame_00000.png,"[324, 274, 645, 1562]",LEFT_HIP,-0.3759222197183451,0.29569486814296586,0.9997488856315613,0.539159469306469,0.42477408796548843,0.5039849407159054
00000,/Users/nikko/Downloads/moi-main/project_root/data/visualizations/video/pullups_video8/frame_00000.png,"[324, 274, 645, 1562]",RIGHT_HIP,0.18882749487566286,0.29331309471254063,0.9996187686920166,0.539159469306469,0.42477408796548843,0.5039849407159054
00000,/Users/nikko/Downloads/moi-main/project_root/data/visualizations/video/pullups_video8/frame_00000.png,"[324, 274, 645, 1562]",LEFT_ELBOW,-0.5009134057265427,-0.528614693810935,0.887165367603302,0.539159469306469,0.42477408796548843,0.5039849407159054
00000,/Users/nikko/Downloads/moi-main/project_root/data/visualizations/video/pullups_video8/frame_00000.png,"[324, 274, 645, 1562]",LEFT_WRIST,-0.5627987720333062,-0.8038924245041797,0.9407729506492615,0.539159469306469,0.42477408796548843,0.5039849407159054
00000,/Users/nikko/Downloads/moi-main/project_root/data/visualizations/video/pullups_video8/frame_00000.png,"[324, 274, 645, 1562]",LEFT_KNEE,-0.49400556500467424,0.6357520108616902,0.8167814612388611,0.539159469306469,0.42477408796548843,0.5039849407159054
00000,/Users/nikko/Downloads/moi-main/project_root/data/visualizations/video/pullups_video8/frame_00000.png,"[324, 274, 645, 1562]",LEFT_ANKLE,-0.520750341441918,0.9749693416170871,0.8769906163215637,0.539159469306469,0.42477408796548843,0.5039849407159054
00000,/Users/nikko/Downloads/moi-main/project_root/data/visualizations/video/pullups_video8/frame_00000.png,"[324, 274, 645, 1562]",LEFT_EYE,0.047889520301748714,-0.48943281192636673,0.9932618737220764,0.539159469306469,0.42477408796548843,0.5039849407159054
00000,/Users/nikko/Downloads/moi-main/project_root/data/visualizations/video/pullups_video8/frame_00000.png,"[324, 274, 645, 1562]",RIGHT_EYE,0.23195711980147413,-0.4885426183412428,0.9962108135223389,0.539159469306469,0.42477408796548843,0.5039849407159054
00001,/Users/nikko/Downloads/moi-main/project_root/data/visualizations/video/pullups_video8/frame_00001.png,"[323, 274, 645, 1562]",LEFT_SHOULDER,-0.4174280907481967,-0.31667431690319964,0.9994826316833496,0.5406334698200226,0.42420225590467453,0.5110832159715257
00001,/Users/nikko/Downloads/moi-main/project_root/data/visualizations/video/pullups_video8/frame_00001.png,"[323, 274, 645, 1562]",RIGHT_SHOULDER,0.5975645839778039,-0.2768429134758087,0.9967808723449707,0.5406334698200226,0.42420225590467453,0.5110832159715257
00001,/Users/nikko/Downloads/moi-main/project_root/data/visualizations/video/pullups_video8/frame_00001.png,"[323, 274, 645, 1562]",LEFT_HIP,-0.3777979222887052,0.29788281366708513,0.999584972858429,0.5406334698200226,0.42420225590467453,0.5110832159715257
00001,/Users/nikko/Downloads/moi-main/project_root/data/visualizations/video/pullups_video8/frame_00001.png,"[323, 274, 645, 1562]",RIGHT_HIP,0.197661429059098,0.2956344167119232,0.999398946762085,0.5406334698200226,0.42420225590467453,0.5110832159715257
00001,/Users/nikko/Downloads/moi-main/project_root/data/visualizations/video/pullups_video8/frame_00001.png,"[323, 274, 645, 1562]",LEFT_ELBOW,-0.4926760904689127,-0.5354665255211403,0.8236315846443176,0.5406334698200226,0.42420225590467453,0.5110832159715257
00001,/Users/nikko/Downloads/moi-main/project_root/data/visualizations/video/pullups_video8/frame_00001.png,"[323, 274, 645, 1562]",LEFT_WRIST,-0.5691165429500048,-0.8084469784072718,0.919140636920929,0.5406334698200226,0.42420225590467453,0.5110832159715257
00001,/Users/nikko/Downloads/moi-main/project_root/data/visualizations/video/pullups_video8/frame_00001.png,"[323, 274, 645, 1562]",LEFT_KNEE,-0.49087891234354075,0.6275016092410618,0.6158599853515625,0.5406334698200226,0.42420225590467453,0.5110832159715257
00001,/Users/nikko/Downloads/moi-main/project_root/data/visualizations/video/pullups_video8/frame_00001.png,"[323, 274, 645, 1562]",LEFT_ANKLE,-0.5134583970726216,0.9828655354256959,0.705386757850647,0.5406334698200226,0.42420225590467453,0.5110832159715257
00001,/Users/nikko/Downloads/moi-main/project_root/data/visualizations/video/pullups_video8/frame_00001.png,"[323, 274, 645, 1562]",LEFT_EYE,0.07345041341082496,-0.4862744014542391,0.9947782754898071,0.5406334698200226,0.42420225590467453,0.5110832159715257
00001,/Users/nikko/Downloads/moi-main/project_root/data/visualizations/video/pullups_video8/frame_00001.png,"[323, 274, 645, 1562]",RIGHT_EYE,0.2625872586616816,-0.48594423849038915,0.9972621202468872,0.5406334698200226,0.42420225590467453,0.5110832159715257
00002,/Users/nikko/Downloads/moi-main/project_root/data/visualizations/video/pullups_video8/frame_00002.png,"[324, 274, 645, 1562]",LEFT_SHOULDER,-0.4262414951876831,-0.3143025874522958,0.999424934387207,0.5449176952242851,0.4221208468079567,0.5057140576676966
00002,/Users/nikko/Downloads/moi-main/project_root/data/visualizations/video/pullups_video8/frame_00002.png,"[324, 274, 645, 1562]",RIGHT_SHOULDER,0.603256623478318,-0.2763754866362781,0.9961867928504944,0.5449176952242851,0.4221208468079567,0.5057140576676966
00002,/Users/nikko/Downloads/moi-main/project_root/data/visualizations/video/pullups_video8/frame_00002.png,"[324, 274, 645, 1562]",LEFT_HIP,-0.37150934548582026,0.29584997031019805,0.9996265172958374,0.5449176952242851,0.4221208468079567,0.5057140576676966
00002,/Users/nikko/Downloads/moi-main/project_root/data/visualizations/video/pullups_video8/frame_00002.png,"[324, 274, 645, 1562]",RIGHT_HIP,0.19449421719518534,0.2948281037783758,0.9994522929191589,0.5449176952242851,0.4221208468079567,0.5057140576676966
00002,/Users/nikko/Downloads/moi-main/project_root/data/visualizations/video/pullups_video8/frame_00002.png,"[324, 274, 645, 1562]",LEFT_ELBOW,-0.5366754481043616,-0.5431604405896315,0.8675780892372131,0.5449176952242851,0.4221208468079567,0.5057140576676966
00002,/Users/nikko/Downloads/moi-main/project_root/data/visualizations/video/pullups_video8/frame_00002.png,"[324, 274, 645, 1562]",LEFT_WRIST,-0.5989050573012966,-0.8181324666191058,0.9324733018875122,0.5449176952242851,0.4221208468079567,0.5057140576676966
00002,/Users/nikko/Downloads/moi-main/project_root/data/visualizations/video/pullups_video8/frame_00002.png,"[324, 274, 645, 1562]",LEFT_KNEE,-0.5183238095264091,0.6382769736744472,0.7433785796165466,0.5449176952242851,0.4221208468079567,0.5057140576676966
00002,/Users/nikko/Downloads/moi-main/project_root/data/visualizations/video/pullups_video8/frame_00002.png,"[324, 274, 645, 1562]",LEFT_ANKLE,-0.5558991501735429,0.9839595707344282,0.810967743396759,0.5449176952242851,0.4221208468079567,0.5057140576676966
00002,/Users/nikko/Downloads/moi-main/project_root/data/visualizations/video/pullups_video8/frame_00002.png,"[324, 274, 645, 1562]",LEFT_EYE,0.05657028663731266,-0.48244164986307286,0.9925603866577148,0.5449176952242851,0.4221208468079567,0.5057140576676966
00002,/Users/nikko/Downloads/moi-main/project_root/data/visualizations/video/pullups_video8/frame_00002.png,"[324, 274, 645, 1562]",RIGHT_EYE,0.24932943751781847,-0.4828192218855288,0.9960246086120605,0.5449176952242851,0.4221208468079567,0.5057140576676966
00003,/Users/nikko/Downloads/moi-main/project_root/data/visualizations/video/pullups_video8/frame_00003.png,"[323, 274, 645, 1563]",LEFT_SHOULDER,-0.4017661452748957,-0.31358279369361897,0.9992842078208923,0.5392075106501579,0.4246419593691826,0.5084198543291962
00003,/Users/nikko/Downloads/moi-main/project_root/data/visualizations/video/pullups_video8/frame_00003.png,"[323, 274, 645, 1563]",RIGHT_SHOULDER,0.609329720007391,-0.2780845375507719,0.9960395097732544,0.5392075106501579,0.4246419593691826,0.5084198543291962
00003,/Users/nikko/Downloads/moi-main/project_root/data/visualizations/video/pullups_video8/frame_00003.png,"[323, 274, 645, 1563]",LEFT_HIP,-0.39233593090002417,0.2969827453066165,0.9995043277740479,0.5392075106501579,0.4246419593691826,0.5084198543291962
00003,/Users/nikko/Downloads/moi-main/project_root/data/visualizations/video/pullups_video8/frame_00003.png,"[323, 274, 645, 1563]",RIGHT_HIP,0.1847723561675288,0.29468458593777436,0.9993175268173218,0.5392075106501579,0.4246419593691826,0.5084198543291962
00003,/Users/nikko/Downloads/moi-main/project_root/data/visualizations/video/pullups_video8/frame_00003.png,"[323, 274, 645, 1563]",LEFT_ELBOW,-0.5196600913288161,-0.5373445935597012,0.7658877372741699,0.5392075106501579,0.4246419593691826,0.5084198543291962
00003,/Users/nikko/Downloads/moi-main/project_root/data/visualizations/video/pullups_video8/frame_00003.png,"[323, 274, 645, 1563]",LEFT_WRIST,-0.5865788156572366,-0.8096037930148674,0.8845218420028687,0.5392075106501579,0.4246419593691826,0.5084198543291962
00003,/Users/nikko/Downloads/moi-main/project_root/data/visualizations/video/pullups_video8/frame_00003.png,"[323, 274, 645, 1563]",LEFT_KNEE,-0.5019628104736794,0.6237367395879148,0.5535444021224976,0.5392075106501579,0.4246419593691826,0.5084198543291962
00003,/Users/nikko/Downloads/moi-main/project_root/data/visualizations/video/pullups_video8/frame_00003.png,"[323, 274, 645, 1563]",LEFT_ANKLE,-0.5458124837403605,0.9744608537933164,0.6378545761108398,0.5392075106501579,0.4246419593691826,0.5084198543291962
00003,/Users/nikko/Downloads/moi-main/project_root/data/visualizations/video/pullups_video8/frame_00003.png,"[323, 274, 645, 1563]",LEFT_EYE,0.11525089571975601,-0.48841471374250633,0.9903117418289185,0.5392075106501579,0.4246419593691826,0.5084198543291962
00003,/Users/nikko/Downloads/moi-main/project_root/data/visualizations/video/pullups_video8/frame_00003.png,"[323, 274, 645, 1563]",RIGHT_EYE,0.3152110424787032,-0.4869260626347393,0.9945928454399109,0.5392075106501579,0.4246419593691826,0.5084198543291962
00004,/Users/nikko/Downloads/moi-main/project_root/data/visualizations/video/pullups_video8/frame_00004.png,"[323, 274, 645, 1563]",LEFT_SHOULDER,-0.397695969963081,-0.3147687822843553,0.9992626309394836,0.5345926359295845,0.42292470484972,0.5012196114864316
00004,/Users/nikko/Downloads/moi-main/project_root/data/visualizations/video/pullups_video8/frame_00004.png,"[323, 274, 645, 1563]",RIGHT_SHOULDER,0.616805671623811,-0.2798937591279733,0.996518611907959,0.5345926359295845,0.42292470484972,0.5012196114864316
00004,/Users/nikko/Downloads/moi-main/project_root/data/visualizations/video/pullups_video8/frame_00004.png,"[323, 274, 645, 1563]",LEFT_HIP,-0.392710103325173,0.29807374285036375,0.9994945526123047,0.5345926359295845,0.42292470484972,0.5012196114864316
00004,/Users/nikko/Downloads/moi-main/project_root/data/visualizations/video/pullups_video8/frame_00004.png,"[323, 274, 645, 1563]",RIGHT_HIP,0.17360040166444302,0.29658879856196485,0.9993315935134888,0.5345926359295845,0.42292470484972,0.5012196114864316
00004,/Users/nikko/Downloads/moi-main/project_root/data/visualizations/video/pullups_video8/frame_00004.png,"[323, 274, 645, 1563]",LEFT_ELBOW,-0.5106641145434104,-0.5452417207329241,0.7659823298454285,0.5345926359295845,0.42292470484972,0.5012196114864316
00004,/Users/nikko/Downloads/moi-main/project_root/data/visualizations/video/pullups_video8/frame_00004.png,"[323, 274, 645, 1563]",LEFT_WRIST,-0.6050290121709111,-0.8156246050117577,0.8817629814147949,0.5345926359295845,0.42292470484972,0.5012196114864316
00004,/Users/nikko/Downloads/moi-main/project_root/data/visualizations/video/pullups_video8/frame_00004.png,"[323, 274, 645, 1563]",LEFT_KNEE,-0.5069435483962981,0.6357960006346792,0.5753505825996399,0.5345926359295845,0.42292470484972,0.5012196114864316
00004,/Users/nikko/Downloads/moi-main/project_root/data/visualizations/video/pullups_video8/frame_00004.png,"[323, 274, 645, 1563]",LEFT_ANKLE,-0.5384497089959368,0.9900671758625667,0.6632732152938843,0.5345926359295845,0.42292470484972,0.5012196114864316
00004,/Users/nikko/Downloads/moi-main/project_root/data/visualizations/video/pullups_video8/frame_00004.png,"[323, 274, 645, 1563]",LEFT_EYE,0.11042670708490145,-0.48935967698924926,0.9902039766311646,0.5345926359295845,0.42292470484972,0.5012196114864316
00004,/Users/nikko/Downloads/moi-main/project_root/data/visualizations/video/pullups_video8/frame_00004.png,"[323, 274, 645, 1563]",RIGHT_EYE,0.30732815539681146,-0.4879948411121007,0.9947421550750732,0.5345926359295845,0.42292470484972,0.5012196114864316
00005,/Users/nikko/Downloads/moi-main/project_root/data/visualizations/video/pullups_video8/frame_00005.png,"[323, 274, 645, 1565]",LEFT_SHOULDER,-0.3853902790196123,-0.3152665600852171,0.9991288781166077,0.5367766171693802,0.4229098781943321,0.4870894493898638
00005,/Users/nikko/Downloads/moi-main/project_root/data/visualizations/video/pullups_video8/frame_00005.png,"[323, 274, 645, 1565]",RIGHT_SHOULDER,0.6301715198000465,-0.29273567541628454,0.9953688383102417,0.5367766171693802,0.4229098781943321,0.4870894493898638
00005,/Users/nikko/Downloads/moi-main/project_root/data/visualizations/video/pullups_video8/frame_00005.png,"[323, 274, 645, 1565]",LEFT_HIP,-0.3919486451282163,0.3053136475554133,0.9995083808898926,0.5367766171693802,0.4229098781943321,0.4870894493898638
00005,/Users/nikko/Downloads/moi-main/project_root/data/visualizations/video/pullups_video8/frame_00005.png,"[323, 274, 645, 1565]",RIGHT_HIP,0.14716740434778217,0.3026885879460883,0.9993276596069336,0.5367766171693802,0.4229098781943321,0.4870894493898638
00005,/Users/nikko/Downloads/moi-main/project_root/data/visualizations/video/pullups_video8/frame_00005.png,"[323, 274, 645, 1565]",LEFT_ELBOW,-0.5466302091862962,-0.5508442454485923,0.7832635045051575,0.5367766171693802,0.4229098781943321,0.4870894493898638
00005,/Users/nikko/Downloads/moi-main/project_root/data/visualizations/video/pullups_video8/frame_00005.png,"[323, 274, 645, 1565]",LEFT_WRIST,-0.6476550812617757,-0.8385160644596895,0.8666980862617493,0.5367766171693802,0.4229098781943321,0.4870894493898638
00005,/Users/nikko/Downloads/moi-main/project_root/data/visualizations/video/pullups_video8/frame_00005.png,"[323, 274, 645, 1565]",LEFT_KNEE,-0.5280657930133856,0.6552372016508227,0.5371212959289551,0.5367766171693802,0.4229098781943321,0.4870894493898638
00005,/Users/nikko/Downloads/moi-main/project_root/data/visualizations/video/pullups_video8/frame_00005.png,"[323, 274, 645, 1565]",LEFT_ANKLE,-0.5637872595859995,1.0135235750060159,0.6596246957778931,0.5367766171693802,0.4229098781943321,0.4870894493898638
00005,/Users/nikko/Downloads/moi-main/project_root/data/visualizations/video/pullups_video8/frame_00005.png,"[323, 274, 645, 1565]",LEFT_EYE,0.09728344015514044,-0.5119364127018589,0.9898786544799805,0.5367766171693802,0.4229098781943321,0.4870894493898638
00005,/Users/nikko/Downloads/moi-main/project_root/data/visualizations/video/pullups_video8/frame_00005.png,"[323, 274, 645, 1565]",RIGHT_EYE,0.26674418036677394,-0.514803518176709,0.9945936799049377,0.5367766171693802,0.4229098781943321,0.4870894493898638
00006,/Users/nikko/Downloads/moi-main/project_root/data/visualizations/video/pullups_video8/frame_00006.png,"[322, 275, 647, 1567]",LEFT_SHOULDER,-0.39639186040549407,-0.32198383215386933,0.9990233182907104,0.538468487560749,0.41822315007448196,0.5014284497818711
00006,/Users/nikko/Downloads/moi-main/project_root/data/visualizations/video/pullups_video8/frame_00006.png,"[322, 275, 647, 1567]",RIGHT_SHOULDER,0.6124324417243902,-0.2765896963331055,0.9959084987640381,0.538468487560749,0.41822315007448196,0.5014284497818711
00006,/Users/nikko/Downloads/moi-main/project_root/data/visualizations/video/pullups_video8/frame_00006.png,"[322, 275, 647, 1567]",LEFT_HIP,-0.39041503291807733,0.2996491979306849,0.9993755221366882,0.538468487560749,0.41822315007448196,0.5014284497818711
00006,/Users/nikko/Downloads/moi-main/project_root/data/visualizations/video/pullups_video8/frame_00006.png,"[322, 275, 647, 1567]",RIGHT_HIP,0.17437445159918127,0.2989243305562899,0.9992128610610962,0.538468487560749,0.41822315007448196,0.5014284497818711
00006,/Users/nikko/Downloads/moi-main/project_root/data/visualizations/video/pullups_video8/frame_00006.png,"[322, 275, 647, 1567]",LEFT_ELBOW,-0.5776012746485661,-0.5661892494197857,0.6248360276222229,0.538468487560749,0.41822315007448196,0.5014284497818711
00006,/Users/nikko/Downloads/moi-main/project_root/data/visualizations/video/pullups_video8/frame_00006.png,"[322, 275, 647, 1567]",LEFT_WRIST,-0.6047564017246525,-0.8467038307079691,0.8176437020301819,0.538468487560749,0.41822315007448196,0.5014284497818711
00006,/Users/nikko/Downloads/moi-main/project_root/data/visualizations/video/pullups_video8/frame_00006.png,"[322, 275, 647, 1567]",LEFT_EYE,0.1415731925154366,-0.4979755801897106,0.9781560897827148,0.538468487560749,0.41822315007448196,0.5014284497818711
00006,/Users/nikko/Downloads/moi-main/project_root/data/visualizations/video/pullups_video8/frame_00006.png,"[322, 275, 647, 1567]",RIGHT_EYE,0.32847569229402623,-0.4934090227137439,0.9887746572494507,0.538468487560749,0.41822315007448196,0.5014284497818711
00007,/Users/nikko/Downloads/moi-main/project_root/data/visualizations/video/pullups_video8/frame_00007.png,"[318, 271, 650, 1572]",LEFT_SHOULDER,-0.3572258490653414,-0.3234557847045752,0.9993066787719727,0.545864924788475,0.415908545255661,0.4709671357913668
00007,/Users/nikko/Downloads/moi-main/project_root/data/visualizations/video/pullups_video8/frame_00007.png,"[318, 271, 650, 1572]",RIGHT_SHOULDER,0.6191547804483741,-0.30123233168098595,0.9959725737571716,0.545864924788475,0.415908545255661,0.4709671357913668
00007,/Users/nikko/Downloads/moi-main/project_root/data/visualizations/video/pullups_video8/frame_00007.png,"[318, 271, 650, 1572]",LEFT_HIP,-0.4028891037649024,0.31164666049754036,0.9996993541717529,0.545864924788475,0.415908545255661,0.4709671357913668
00007,/Users/nikko/Downloads/moi-main/project_root/data/visualizations/video/pullups_video8/frame_00007.png,"[318, 271, 650, 1572]",RIGHT_HIP,0.1409601723818697,0.3130414558880208,0.9995821118354797,0.545864924788475,0.415908545255661,0.4709671357913668
00007,/Users/nikko/Downloads/moi-main/project_root/data/visualizations/video/pullups_video8/frame_00007.png,"[318, 271, 650, 1572]",LEFT_ELBOW,-0.6120624085147728,-0.5734082189648748,0.8450299501419067,0.545864924788475,0.415908545255661,0.4709671357913668
00007,/Users/nikko/Downloads/moi-main/project_root/data/visualizations/video/pullups_video8/frame_00007.png,"[318, 271, 650, 1572]",LEFT_WRIST,-0.640818467569405,-0.8602878643520936,0.8905254602432251,0.545864924788475,0.415908545255661,0.4709671357913668
00007,/Users/nikko/Downloads/moi-main/project_root/data/visualizations/video/pullups_video8/frame_00007.png,"[318, 271, 650, 1572]",LEFT_KNEE,-0.5646425291876944,0.6658922908391832,0.6690829992294312,0.545864924788475,0.415908545255661,0.4709671357913668
00007,/Users/nikko/Downloads/moi-main/project_root/data/visualizations/video/pullups_video8/frame_00007.png,"[318, 271, 650, 1572]",LEFT_ANKLE,-0.5936279745634632,1.0318426350623782,0.760725200176239,0.545864924788475,0.415908545255661,0.4709671357913668
00007,/Users/nikko/Downloads/moi-main/project_root/data/visualizations/video/pullups_video8/frame_00007.png,"[318, 271, 650, 1572]",LEFT_EYE,0.14213551625188076,-0.5175783093966018,0.9857869148254395,0.545864924788475,0.415908545255661,0.4709671357913668
00007,/Users/nikko/Downloads/moi-main/project_root/data/visualizations/video/pullups_video8/frame_00007.png,"[318, 271, 650, 1572]",RIGHT_EYE,0.30246522778798285,-0.5152624883773923,0.9923842549324036,0.545864924788475,0.415908545255661,0.4709671357913668
00008,/Users/nikko/Downloads/moi-main/project_root/data/visualizations/video/pullups_video8/frame_00008.png,"[318, 266, 653, 1564]",LEFT_SHOULDER,-0.3514425316183789,-0.3191772663808643,0.9991697072982788,0.5420501008629799,0.4165831133723259,0.4844354698086395
00008,/Users/nikko/Downloads/moi-main/project_root/data/visualizations/video/pullups_video8/frame_00008.png,"[318, 266, 653, 1564]",RIGHT_SHOULDER,0.6191656324513335,-0.2903293894450965,0.9929913282394409,0.5420501008629799,0.4165831133723259,0.4844354698086395
00008,/Users/nikko/Downloads/moi-main/project_root/data/visualizations/video/pullups_video8/frame_00008.png,"[318, 266, 653, 1564]",LEFT_HIP,-0.4200731036915903,0.3029419420110977,0.999546229839325,0.5420501008629799,0.4165831133723259,0.4844354698086395
00008,/Users/nikko/Downloads/moi-main/project_root/data/visualizations/video/pullups_video8/frame_00008.png,"[318, 266, 653, 1564]",RIGHT_HIP,0.15235000285863567,0.3065647138148631,0.9993288516998291,0.5420501008629799,0.4165831133723259,0.4844354698086395
00008,/Users/nikko/Downloads/moi-main/project_root/data/visualizations/video/pullups_video8/frame_00008.png,"[318, 266, 653, 1564]",LEFT_ELBOW,-0.6254652184674943,-0.5426198133699699,0.7972788214683533,0.5420501008629799,0.4165831133723259,0.4844354698086395
00008,/Users/nikko/Downloads/moi-main/project_root/data/visualizations/video/pullups_video8/frame_00008.png,"[318, 266, 653, 1564]",LEFT_WRIST,-0.6095267573863276,-0.8226514364358491,0.8548095226287842,0.5420501008629799,0.4165831133723259,0.4844354698086395
00008,/Users/nikko/Downloads/moi-main/project_root/data/visualizations/video/pullups_video8/frame_00008.png,"[318, 266, 653, 1564]",LEFT_KNEE,-0.5401752360064948,0.648212740919612,0.589921236038208,0.5420501008629799,0.4165831133723259,0.4844354698086395
00008,/Users/nikko/Downloads/moi-main/project_root/data/visualizations/video/pullups_video8/frame_00008.png,"[318, 266, 653, 1564]",LEFT_ANKLE,-0.5617106359064865,1.00913230466517,0.7119276523590088,0.5420501008629799,0.4165831133723259,0.4844354698086395
00008,/Users/nikko/Downloads/moi-main/project_root/data/visualizations/video/pullups_video8/frame_00008.png,"[318, 266, 653, 1564]",LEFT_EYE,0.18288505743192326,-0.5036504701211553,0.9732223153114319,0.5420501008629799,0.4165831133723259,0.4844354698086395
00008,/Users/nikko/Downloads/moi-main/project_root/data/visualizations/video/pullups_video8/frame_00008.png,"[318, 266, 653, 1564]",RIGHT_EYE,0.34856177961679924,-0.4981176963442967,0.9807542562484741,0.5420501008629799,0.4165831133723259,0.4844354698086395
00009,/Users/nikko/Downloads/moi-main/project_root/data/visualizations/video/pullups_video8/frame_00009.png,"[317, 254, 658, 1559]",LEFT_SHOULDER,-0.32553770687912087,-0.3225397535955227,0.9989789724349976,0.5417207479476929,0.4151957407593727,0.4733627920890935
00009,/Users/nikko/Downloads/moi-main/project_root/data/visualizations/video/pullups_video8/frame_00009.png,"[317, 254, 658, 1559]",RIGHT_SHOULDER,0.6242808059078807,-0.2884805262380548,0.9938172698020935,0.5417207479476929,0.4151957407593727,0.4733627920890935
00009,/Users/nikko/Downloads/moi-main/project_root/data/visualizations/video/pullups_video8/frame_00009.png,"[317, 254, 658, 1559]",LEFT_HIP,-0.43842750284682214,0.3024614891121692,0.9996936321258545,0.5417207479476929,0.4151957407593727,0.4733627920890935
00009,/Users/nikko/Downloads/moi-main/project_root/data/visualizations/video/pullups_video8/frame_00009.png,"[317, 254, 658, 1559]",RIGHT_HIP,0.13968440381806232,0.3085587907214083,0.9996138215065002,0.5417207479476929,0.4151957407593727,0.4733627920890935
00009,/Users/nikko/Downloads/moi-main/project_root/data/visualizations/video/pullups_video8/frame_00009.png,"[317, 254, 658, 1559]",LEFT_ELBOW,-0.6665904291591587,-0.5414963815469046,0.8456822633743286,0.5417207479476929,0.4151957407593727,0.4733627920890935
00009,/Users/nikko/Downloads/moi-main/project_root/data/visualizations/video/pullups_video8/frame_00009.png,"[317, 254, 658, 1559]",LEFT_WRIST,-0.6249482944119092,-0.8103075760223937,0.8250952363014221,0.5417207479476929,0.4151957407593727,0.4733627920890935
00009,/Users/nikko/Downloads/moi-main/project_root/data/visualizations/video/pullups_video8/frame_00009.png,"[317, 254, 658, 1559]",LEFT_KNEE,-0.5869820368625434,0.6486108783533817,0.691809356212616,0.5417207479476929,0.4151957407593727,0.4733627920890935
00009,/Users/nikko/Downloads/moi-main/project_root/data/visualizations/video/pullups_video8/frame_00009.png,"[317, 254, 658, 1559]",LEFT_ANKLE,-0.5982564352163845,1.0186532332855827,0.8189492225646973,0.5417207479476929,0.4151957407593727,0.4733627920890935
00009,/Users/nikko/Downloads/moi-main/project_root/data/visualizations/video/pullups_video8/frame_00009.png,"[317, 254, 658, 1559]",LEFT_EYE,0.20601080111188233,-0.5083700137597246,0.9667219519615173,0.5417207479476929,0.4151957407593727,0.4733627920890935
00009,/Users/nikko/Downloads/moi-main/project_root/data/visualizations/video/pullups_video8/frame_00009.png,"[317, 254, 658, 1559]",RIGHT_EYE,0.3742443467956112,-0.501618885691861,0.9776779413223267,0.5417207479476929,0.4151957407593727,0.4733627920890935
00010,/Users/nikko/Downloads/moi-main/project_root/data/visualizations/video/pullups_video8/frame_00010.png,"[317, 253, 658, 1558]",LEFT_SHOULDER,-0.3103161892425369,-0.3236975059012262,0.9991843104362488,0.5371139124035835,0.4180067926645279,0.4718153228235975
00010,/Users/nikko/Downloads/moi-main/project_root/data/visualizations/video/pullups_video8/frame_00010.png,"[317, 253, 658, 1558]",RIGHT_SHOULDER,0.6303746831998474,-0.2921927115174636,0.9938124418258667,0.5371139124035835,0.4180067926645279,0.4718153228235975
00010,/Users/nikko/Downloads/moi-main/project_root/data/visualizations/video/pullups_video8/frame_00010.png,"[317, 253, 658, 1558]",LEFT_HIP,-0.44492994351031007,0.30347503186209307,0.9996618032455444,0.5371139124035835,0.4180067926645279,0.4718153228235975
00010,/Users/nikko/Downloads/moi-main/project_root/data/visualizations/video/pullups_video8/frame_00010.png,"[317, 253, 658, 1558]",RIGHT_HIP,0.12487144955299953,0.31241518555659675,0.9995418787002563,0.5371139124035835,0.4180067926645279,0.4718153228235975
00010,/Users/nikko/Downloads/moi-main/project_root/data/visualizations/video/pullups_video8/frame_00010.png,"[317, 253, 658, 1558]",LEFT_ELBOW,-0.6688061764739225,-0.5431310441438768,0.8599086999893188,0.5371139124035835,0.4180067926645279,0.4718153228235975
00010,/Users/nikko/Downloads/moi-main/project_root/data/visualizations/video/pullups_video8/frame_00010.png,"[317, 253, 658, 1558]",LEFT_WRIST,-0.6311908095267877,-0.810265888679459,0.8599031567573547,0.5371139124035835,0.4180067926645279,0.4718153228235975
00010,/Users/nikko/Downloads/moi-main/project_root/data/visualizations/video/pullups_video8/frame_00010.png,"[317, 253, 658, 1558]",LEFT_KNEE,-0.5580322109334184,0.6484117508931684,0.5854916572570801,0.5371139124035835,0.4180067926645279,0.4718153228235975
00010,/Users/nikko/Downloads/moi-main/project_root/data/visualizations/video/pullups_video8/frame_00010.png,"[317, 253, 658, 1558]",LEFT_ANKLE,-0.5913730921614597,1.0045181035023192,0.748763382434845,0.5371139124035835,0.4180067926645279,0.4718153228235975
00010,/Users/nikko/Downloads/moi-main/project_root/data/visualizations/video/pullups_video8/frame_00010.png,"[317, 253, 658, 1558]",LEFT_EYE,0.22434455575448883,-0.5160967687639613,0.9668225646018982,0.5371139124035835,0.4180067926645279,0.4718153228235975
00010,/Users/nikko/Downloads/moi-main/project_root/data/visualizations/video/pullups_video8/frame_00010.png,"[317, 253, 658, 1558]",RIGHT_EYE,0.3919710478914198,-0.5082746396030936,0.9768426418304443,0.5371139124035835,0.4180067926645279,0.4718153228235975
00011,/Users/nikko/Downloads/moi-main/project_root/data/visualizations/video/pullups_video8/frame_00011.png,"[318, 223, 660, 1538]",LEFT_SHOULDER,-0.3229318125786604,-0.30401114680612495,0.9994381070137024,0.5528627634048462,0.42030979692935944,0.46581895259097017
00011,/Users/nikko/Downloads/moi-main/project_root/data/visualizations/video/pullups_video8/frame_00011.png,"[318, 223, 660, 1538]",RIGHT_SHOULDER,0.6553789954088383,-0.2876160579146327,0.9950243830680847,0.5528627634048462,0.42030979692935944,0.46581895259097017
00011,/Users/nikko/Downloads/moi-main/project_root/data/visualizations/video/pullups_video8/frame_00011.png,"[318, 223, 660, 1538]",LEFT_HIP,-0.45390557900701295,0.295409323242665,0.9997072815895081,0.5528627634048462,0.42030979692935944,0.46581895259097017
00011,/Users/nikko/Downloads/moi-main/project_root/data/visualizations/video/pullups_video8/frame_00011.png,"[318, 223, 660, 1538]",RIGHT_HIP,0.12145839617683508,0.29621788147809264,0.9995703101158142,0.5528627634048462,0.42030979692935944,0.46581895259097017
00011,/Users/nikko/Downloads/moi-main/project_root/data/visualizations/video/pullups_video8/frame_00011.png,"[318, 223, 660, 1538]",LEFT_ELBOW,-0.7899255361543377,-0.5200976634516055,0.8406259417533875,0.5528627634048462,0.42030979692935944,0.46581895259097017
00011,/Users/nikko/Downloads/moi-main/project_root/data/visualizations/video/pullups_video8/frame_00011.png,"[318, 223, 660, 1538]",LEFT_WRIST,-0.7245412741942859,-0.776941956181814,0.8508327007293701,0.5528627634048462,0.42030979692935944,0.46581895259097017
00011,/Users/nikko/Downloads/moi-main/project_root/data/visualizations/video/pullups_video8/frame_00011.png,"[318, 223, 660, 1538]",LEFT_KNEE,-0.6208767573014318,0.6556205456238926,0.6115204095840454,0.5528627634048462,0.42030979692935944,0.46581895259097017
00011,/Users/nikko/Downloads/moi-main/project_root/data/visualizations/video/pullups_video8/frame_00011.png,"[318, 223, 660, 1538]",LEFT_ANKLE,-0.6859292915790424,1.0149835432001433,0.7146814465522766,0.5528627634048462,0.42030979692935944,0.46581895259097017
00011,/Users/nikko/Downloads/moi-main/project_root/data/visualizations/video/pullups_video8/frame_00011.png,"[318, 223, 660, 1538]",LEFT_EYE,0.22167560027332678,-0.49314231009265935,0.985571026802063,0.5528627634048462,0.42030979692935944,0.46581895259097017
00011,/Users/nikko/Downloads/moi-main/project_root/data/visualizations/video/pullups_video8/frame_00011.png,"[318, 223, 660, 1538]",RIGHT_EYE,0.41472230182275127,-0.48212447255195195,0.9885243773460388,0.5528627634048462,0.42030979692935944,0.46581895259097017
00012,/Users/nikko/Downloads/moi-main/project_root/data/visualizations/video/pullups_video8/frame_00012.png,"[318, 223, 660, 1538]",LEFT_SHOULDER,-0.32298846361036687,-0.30442157879207377,0.999424934387207,0.5529372692108154,0.4204923212528229,0.4655560302423733
00012,/Users/nikko/Downloads/moi-main/project_root/data/visualizations/video/pullups_video8/frame_00012.png,"[318, 223, 660, 1538]",RIGHT_SHOULDER,0.6546288668863726,-0.2874999938737943,0.9949188828468323,0.5529372692108154,0.4204923212528229,0.4655560302423733
00012,/Users/nikko/Downloads/moi-main/project_root/data/visualizations/video/pullups_video8/frame_00012.png,"[318, 223, 660, 1538]",LEFT_HIP,-0.4536494219294211,0.2953593703901814,0.9997102618217468,0.5529372692108154,0.4204923212528229,0.4655560302423733
00012,/Users/nikko/Downloads/moi-main/project_root/data/visualizations/video/pullups_video8/frame_00012.png,"[318, 223, 660, 1538]",RIGHT_HIP,0.12200901865341542,0.2965622022756867,0.9995754361152649,0.5529372692108154,0.4204923212528229,0.4655560302423733
00012,/Users/nikko/Downloads/moi-main/project_root/data/visualizations/video/pullups_video8/frame_00012.png,"[318, 223, 660, 1538]",LEFT_ELBOW,-0.7918587340273008,-0.5209445691782534,0.8384856581687927,0.5529372692108154,0.4204923212528229,0.4655560302423733
00012,/Users/nikko/Downloads/moi-main/project_root/data/visualizations/video/pullups_video8/frame_00012.png,"[318, 223, 660, 1538]",LEFT_WRIST,-0.7256651797801565,-0.7778391170635509,0.8497015237808228,0.5529372692108154,0.4204923212528229,0.4655560302423733
00012,/Users/nikko/Downloads/moi-main/project_root/data/visualizations/video/pullups_video8/frame_00012.png,"[318, 223, 660, 1538]",LEFT_KNEE,-0.6214643784574841,0.655454077415167,0.6164842844009399,0.5529372692108154,0.4204923212528229,0.4655560302423733
00012,/Users/nikko/Downloads/moi-main/project_root/data/visualizations/video/pullups_video8/frame_00012.png,"[318, 223, 660, 1538]",LEFT_ANKLE,-0.6873934569230975,1.0142361037246566,0.7237009406089783,0.5529372692108154,0.4204923212528229,0.4655560302423733
00012,/Users/nikko/Downloads/moi-main/project_root/data/visualizations/video/pullups_video8/frame_00012.png,"[318, 223, 660, 1538]",LEFT_EYE,0.22326582652220567,-0.49291128859643507,0.9844091534614563,0.5529372692108154,0.4204923212528229,0.4655560302423733
00012,/Users/nikko/Downloads/moi-main/project_root/data/visualizations/video/pullups_video8/frame_00012.png,"[318, 223, 660, 1538]",RIGHT_EYE,0.41740698976882085,-0.4816267858719638,0.9875456690788269,0.5529372692108154,0.4204923212528229,0.4655560302423733
00013,/Users/nikko/Downloads/moi-main/project_root/data/visualizations/video/pullups_video8/frame_00013.png,"[328, 254, 659, 1527]",LEFT_SHOULDER,-0.286899507573475,-0.3122400105669796,0.9987288117408752,0.531334400177002,0.40244462713599205,0.4963921355815889
00013,/Users/nikko/Downloads/moi-main/project_root/data/visualizations/video/pullups_video8/frame_00013.png,"[328, 254, 659, 1527]",RIGHT_SHOULDER,0.6913645555598461,-0.2741111353361837,0.9898978471755981,0.531334400177002,0.40244462713599205,0.4963921355815889
00013,/Users/nikko/Downloads/moi-main/project_root/data/visualizations/video/pullups_video8/frame_00013.png,"[328, 254, 659, 1527]",LEFT_HIP,-0.4748396283415891,0.2927851467369114,0.9989632368087769,0.531334400177002,0.40244462713599205,0.4963921355815889
00013,/Users/nikko/Downloads/moi-main/project_root/data/visualizations/video/pullups_video8/frame_00013.png,"[328, 254, 659, 1527]",RIGHT_HIP,0.07037458035521804,0.29356599916625187,0.9984481334686279,0.531334400177002,0.40244462713599205,0.4963921355815889
00013,/Users/nikko/Downloads/moi-main/project_root/data/visualizations/video/pullups_video8/frame_00013.png,"[328, 254, 659, 1527]",LEFT_ELBOW,-0.7388623691287004,-0.497741063184381,0.7772553563117981,0.531334400177002,0.40244462713599205,0.4963921355815889
00013,/Users/nikko/Downloads/moi-main/project_root/data/visualizations/video/pullups_video8/frame_00013.png,"[328, 254, 659, 1527]",LEFT_WRIST,-0.636826402138108,-0.7289486697477253,0.7618592977523804,0.531334400177002,0.40244462713599205,0.4963921355815889
00013,/Users/nikko/Downloads/moi-main/project_root/data/visualizations/video/pullups_video8/frame_00013.png,"[328, 254, 659, 1527]",LEFT_KNEE,-0.6149332056211331,0.6088567511237315,0.5727304816246033,0.531334400177002,0.40244462713599205,0.4963921355815889
00013,/Users/nikko/Downloads/moi-main/project_root/data/visualizations/video/pullups_video8/frame_00013.png,"[328, 254, 659, 1527]",LEFT_ANKLE,-0.6308097678651632,0.9634885127209082,0.6970140933990479,0.531334400177002,0.40244462713599205,0.4963921355815889
00013,/Users/nikko/Downloads/moi-main/project_root/data/visualizations/video/pullups_video8/frame_00013.png,"[328, 254, 659, 1527]",LEFT_EYE,0.2405128747490642,-0.4810142747618099,0.9695383906364441,0.531334400177002,0.40244462713599205,0.4963921355815889
00013,/Users/nikko/Downloads/moi-main/project_root/data/visualizations/video/pullups_video8/frame_00013.png,"[328, 254, 659, 1527]",RIGHT_EYE,0.4037650665567478,-0.46925597962253085,0.9767354130744934,0.531334400177002,0.40244462713599205,0.4963921355815889
00014,/Users/nikko/Downloads/moi-main/project_root/data/visualizations/video/pullups_video8/frame_00014.png,"[322, 238, 662, 1513]",LEFT_SHOULDER,-0.2840812319680981,-0.3009595562062248,0.9986101388931274,0.5582873672246933,0.39867091178894043,0.4896197255188658
00014,/Users/nikko/Downloads/moi-main/project_root/data/visualizations/video/pullups_video8/frame_00014.png,"[322, 238, 662, 1513]",RIGHT_SHOULDER,0.7077945667748862,-0.2779210248089368,0.9875438213348389,0.5582873672246933,0.39867091178894043,0.4896197255188658
00014,/Users/nikko/Downloads/moi-main/project_root/data/visualizations/video/pullups_video8/frame_00014.png,"[322, 238, 662, 1513]",LEFT_HIP,-0.4811712183421399,0.2882221331359331,0.9994353652000427,0.5582873672246933,0.39867091178894043,0.4896197255188658
00014,/Users/nikko/Downloads/moi-main/project_root/data/visualizations/video/pullups_video8/frame_00014.png,"[322, 238, 662, 1513]",RIGHT_HIP,0.05745788353535187,0.2906584478792285,0.9991230368614197,0.5582873672246933,0.39867091178894043,0.4896197255188658
00014,/Users/nikko/Downloads/moi-main/project_root/data/visualizations/video/pullups_video8/frame_00014.png,"[322, 238, 662, 1513]",LEFT_ELBOW,-0.8006532125508233,-0.4632388376804473,0.6298052668571472,0.5582873672246933,0.39867091178894043,0.4896197255188658
00014,/Users/nikko/Downloads/moi-main/project_root/data/visualizations/video/pullups_video8/frame_00014.png,"[322, 238, 662, 1513]",LEFT_WRIST,-0.7003218259384388,-0.7027914660782754,0.6157035231590271,0.5582873672246933,0.39867091178894043,0.4896197255188658
00014,/Users/nikko/Downloads/moi-main/project_root/data/visualizations/video/pullups_video8/frame_00014.png,"[322, 238, 662, 1513]",LEFT_ANKLE,-0.7146853457550238,0.9700101995673348,0.5391594767570496,0.5582873672246933,0.39867091178894043,0.4896197255188658
00014,/Users/nikko/Downloads/moi-main/project_root/data/visualizations/video/pullups_video8/frame_00014.png,"[322, 238, 662, 1513]",LEFT_EYE,0.2246224551034358,-0.4847129927918852,0.9527091383934021,0.5582873672246933,0.39867091178894043,0.4896197255188658
00014,/Users/nikko/Downloads/moi-main/project_root/data/visualizations/video/pullups_video8/frame_00014.png,"[322, 238, 662, 1513]",RIGHT_EYE,0.4363862070404919,-0.47402512726009954,0.9610241651535034,0.5582873672246933,0.39867091178894043,0.4896197255188658
00015,/Users/nikko/Downloads/moi-main/project_root/data/visualizations/video/pullups_video8/frame_00015.png,"[322, 238, 662, 1513]",LEFT_SHOULDER,-0.28652587562038495,-0.30010912469775847,0.998561680316925,0.5587491691112518,0.3984127342700958,0.4895890069451467
00015,/Users/nikko/Downloads/moi-main/project_root/data/visualizations/video/pullups_video8/frame_00015.png,"[322, 238, 662, 1513]",RIGHT_SHOULDER,0.7054502629238647,-0.27916777510244695,0.9869371056556702,0.5587491691112518,0.3984127342700958,0.4895890069451467
00015,/Users/nikko/Downloads/moi-main/project_root/data/visualizations/video/pullups_video8/frame_00015.png,"[322, 238, 662, 1513]",LEFT_HIP,-0.4801702045491127,0.28883609444313835,0.9994441866874695,0.5587491691112518,0.3984127342700958,0.4895890069451467
00015,/Users/nikko/Downloads/moi-main/project_root/data/visualizations/video/pullups_video8/frame_00015.png,"[322, 238, 662, 1513]",RIGHT_HIP,0.06124581724563295,0.29044080535706707,0.9991368651390076,0.5587491691112518,0.3984127342700958,0.4895890069451467
00015,/Users/nikko/Downloads/moi-main/project_root/data/visualizations/video/pullups_video8/frame_00015.png,"[322, 238, 662, 1513]",LEFT_ELBOW,-0.8003793347902569,-0.46357281141536644,0.6254196763038635,0.5587491691112518,0.3984127342700958,0.4895890069451467
00015,/Users/nikko/Downloads/moi-main/project_root/data/visualizations/video/pullups_video8/frame_00015.png,"[322, 238, 662, 1513]",LEFT_WRIST,-0.6991780906491947,-0.7045891582589189,0.5931578278541565,0.5587491691112518,0.3984127342700958,0.4895890069451467
00015,/Users/nikko/Downloads/moi-main/project_root/data/visualizations/video/pullups_video8/frame_00015.png,"[322, 238, 662, 1513]",LEFT_ANKLE,-0.7136927745209496,0.9664503267282902,0.5779546499252319,0.5587491691112518,0.3984127342700958,0.4895890069451467
00015,/Users/nikko/Downloads/moi-main/project_root/data/visualizations/video/pullups_video8/frame_00015.png,"[322, 238, 662, 1513]",LEFT_EYE,0.22117892081295384,-0.4836827086787854,0.9490613341331482,0.5587491691112518,0.3984127342700958,0.4895890069451467
00015,/Users/nikko/Downloads/moi-main/project_root/data/visualizations/video/pullups_video8/frame_00015.png,"[322, 238, 662, 1513]",RIGHT_EYE,0.43120125974312373,-0.4728738892363047,0.9579499959945679,0.5587491691112518,0.3984127342700958,0.4895890069451467
00016,/Users/nikko/Downloads/moi-main/project_root/data/visualizations/video/pullups_video8/frame_00016.png,"[323, 244, 664, 1502]",LEFT_SHOULDER,-0.26501831773682566,-0.3027645380342179,0.9991552829742432,0.5672704726457596,0.38086728379130363,0.46869880954900073
00016,/Users/nikko/Downloads/moi-main/project_root/data/visualizations/video/pullups_video8/frame_00016.png,"[323, 244, 664, 1502]",RIGHT_SHOULDER,0.6925470393405958,-0.29215791733229235,0.991608202457428,0.5672704726457596,0.38086728379130363,0.46869880954900073
00016,/Users/nikko/Downloads/moi-main/project_root/data/visualizations/video/pullups_video8/frame_00016.png,"[323, 244, 664, 1502]",LEFT_HIP,-0.4847002063312786,0.2925939689547637,0.999306321144104,0.5672704726457596,0.38086728379130363,0.46869880954900073
00016,/Users/nikko/Downloads/moi-main/project_root/data/visualizations/video/pullups_video8/frame_00016.png,"[323, 244, 664, 1502]",RIGHT_HIP,0.05717148472750841,0.30232848641174653,0.9989349246025085,0.5672704726457596,0.38086728379130363,0.46869880954900073
00016,/Users/nikko/Downloads/moi-main/project_root/data/visualizations/video/pullups_video8/frame_00016.png,"[323, 244, 664, 1502]",LEFT_ELBOW,-0.864541466644367,-0.44767966838660556,0.6968392729759216,0.5672704726457596,0.38086728379130363,0.46869880954900073
00016,/Users/nikko/Downloads/moi-main/project_root/data/visualizations/video/pullups_video8/frame_00016.png,"[323, 244, 664, 1502]",LEFT_WRIST,-0.7531169321524488,-0.7004256866927304,0.6814904808998108,0.5672704726457596,0.38086728379130363,0.46869880954900073
00016,/Users/nikko/Downloads/moi-main/project_root/data/visualizations/video/pullups_video8/frame_00016.png,"[323, 244, 664, 1502]",LEFT_ANKLE,-0.7487284066331859,1.0253335193662534,0.5959661602973938,0.5672704726457596,0.38086728379130363,0.46869880954900073
00016,/Users/nikko/Downloads/moi-main/project_root/data/visualizations/video/pullups_video8/frame_00016.png,"[323, 244, 664, 1502]",LEFT_EYE,0.24053921166404219,-0.5084342127112224,0.9821465611457825,0.5672704726457596,0.38086728379130363,0.46869880954900073
00016,/Users/nikko/Downloads/moi-main/project_root/data/visualizations/video/pullups_video8/frame_00016.png,"[323, 244, 664, 1502]",RIGHT_EYE,0.44730465063838154,-0.4953183598045979,0.9855367541313171,0.5672704726457596,0.38086728379130363,0.46869880954900073
00017,/Users/nikko/Downloads/moi-main/project_root/data/visualizations/video/pullups_video8/frame_00017.png,"[321, 241, 666, 1470]",LEFT_SHOULDER,-0.2941739631677693,-0.30890690280951266,0.9997363686561584,0.5774797201156616,0.3689601793885231,0.4830901810253402
00017,/Users/nikko/Downloads/moi-main/project_root/data/visualizations/video/pullups_video8/frame_00017.png,"[321, 241, 666, 1470]",RIGHT_SHOULDER,0.7262484375596763,-0.28284386892904156,0.9979825019836426,0.5774797201156616,0.3689601793885231,0.4830901810253402
00017,/Users/nikko/Downloads/moi-main/project_root/data/visualizations/video/pullups_video8/frame_00017.png,"[321, 241, 666, 1470]",LEFT_HIP,-0.45389989093395855,0.28868412623523165,0.9994868040084839,0.5774797201156616,0.3689601793885231,0.4830901810253402
00017,/Users/nikko/Downloads/moi-main/project_root/data/visualizations/video/pullups_video8/frame_00017.png,"[321, 241, 666, 1470]",RIGHT_HIP,0.021825416542051626,0.30306664550332263,0.999272882938385,0.5774797201156616,0.3689601793885231,0.4830901810253402
00017,/Users/nikko/Downloads/moi-main/project_root/data/visualizations/video/pullups_video8/frame_00017.png,"[321, 241, 666, 1470]",LEFT_ELBOW,-0.8762462478765243,-0.39251808922900494,0.8067233562469482,0.5774797201156616,0.3689601793885231,0.4830901810253402
00017,/Users/nikko/Downloads/moi-main/project_root/data/visualizations/video/pullups_video8/frame_00017.png,"[321, 241, 666, 1470]",LEFT_WRIST,-0.7698200593837523,-0.6447145340466166,0.7684882283210754,0.5774797201156616,0.3689601793885231,0.4830901810253402
00017,/Users/nikko/Downloads/moi-main/project_root/data/visualizations/video/pullups_video8/frame_00017.png,"[321, 241, 666, 1470]",LEFT_KNEE,-0.6459313661336996,0.6465640537349646,0.5396552085876465,0.5774797201156616,0.3689601793885231,0.4830901810253402
00017,/Users/nikko/Downloads/moi-main/project_root/data/visualizations/video/pullups_video8/frame_00017.png,"[321, 241, 666, 1470]",LEFT_ANKLE,-0.7492535096424138,1.034783991319552,0.5648356080055237,0.5774797201156616,0.3689601793885231,0.4830901810253402
00017,/Users/nikko/Downloads/moi-main/project_root/data/visualizations/video/pullups_video8/frame_00017.png,"[321, 241, 666, 1470]",LEFT_EYE,0.22066801135692243,-0.5099952355517755,0.9984341263771057,0.5774797201156616,0.3689601793885231,0.4830901810253402
00017,/Users/nikko/Downloads/moi-main/project_root/data/visualizations/video/pullups_video8/frame_00017.png,"[321, 241, 666, 1470]",RIGHT_EYE,0.4422800185868485,-0.49492621869678183,0.9988642930984497,0.5774797201156616,0.3689601793885231,0.4830901810253402
00018,/Users/nikko/Downloads/moi-main/project_root/data/visualizations/video/pullups_video8/frame_00018.png,"[321, 241, 666, 1470]",LEFT_SHOULDER,-0.2939549289300388,-0.3097066739750201,0.9997492432594299,0.5764442682266235,0.3691670745611191,0.481702589591084
00018,/Users/nikko/Downloads/moi-main/project_root/data/visualizations/video/pullups_video8/frame_00018.png,"[321, 241, 666, 1470]",RIGHT_SHOULDER,0.7246254981030803,-0.2836208420436708,0.9981043338775635,0.5764442682266235,0.3691670745611191,0.481702589591084
00018,/Users/nikko/Downloads/moi-main/project_root/data/visualizations/video/pullups_video8/frame_00018.png,"[321, 241, 666, 1470]",LEFT_HIP,-0.45316083860315215,0.2898593125036114,0.9995313882827759,0.5764442682266235,0.3691670745611191,0.481702589591084
00018,/Users/nikko/Downloads/moi-main/project_root/data/visualizations/video/pullups_video8/frame_00018.png,"[321, 241, 666, 1470]",RIGHT_HIP,0.02249026943011056,0.30346820351507947,0.9993371367454529,0.5764442682266235,0.3691670745611191,0.481702589591084
00018,/Users/nikko/Downloads/moi-main/project_root/data/visualizations/video/pullups_video8/frame_00018.png,"[321, 241, 666, 1470]",LEFT_ELBOW,-0.8768576894539652,-0.39456116945838915,0.8037962913513184,0.5764442682266235,0.3691670745611191,0.481702589591084
00018,/Users/nikko/Downloads/moi-main/project_root/data/visualizations/video/pullups_video8/frame_00018.png,"[321, 241, 666, 1470]",LEFT_WRIST,-0.7733149738929854,-0.6465435548005539,0.7687714695930481,0.5764442682266235,0.3691670745611191,0.481702589591084
00018,/Users/nikko/Downloads/moi-main/project_root/data/visualizations/video/pullups_video8/frame_00018.png,"[321, 241, 666, 1470]",LEFT_KNEE,-0.6465658584739261,0.6476341147188094,0.5460495948791504,0.5764442682266235,0.3691670745611191,0.481702589591084
00018,/Users/nikko/Downloads/moi-main/project_root/data/visualizations/video/pullups_video8/frame_00018.png,"[321, 241, 666, 1470]",LEFT_ANKLE,-0.7493483312099486,1.0370741937254075,0.5688067078590393,0.5764442682266235,0.3691670745611191,0.481702589591084
00018,/Users/nikko/Downloads/moi-main/project_root/data/visualizations/video/pullups_video8/frame_00018.png,"[321, 241, 666, 1470]",LEFT_EYE,0.22292957709948288,-0.5128371008027482,0.9985565543174744,0.5764442682266235,0.3691670745611191,0.481702589591084
00018,/Users/nikko/Downloads/moi-main/project_root/data/visualizations/video/pullups_video8/frame_00018.png,"[321, 241, 666, 1470]",RIGHT_EYE,0.44354885247618275,-0.49744643707182595,0.9989733695983887,0.5764442682266235,0.3691670745611191,0.481702589591084
00019,/Users/nikko/Downloads/moi-main/project_root/data/visualizations/video/pullups_video8/frame_00019.png,"[317, 252, 668, 1440]",LEFT_SHOULDER,-0.29533201893910277,-0.31233997648644424,0.9996211528778076,0.5921664386987686,0.3589473254978657,0.48709803552419784
00019,/Users/nikko/Downloads/moi-main/project_root/data/visualizations/video/pullups_video8/frame_00019.png,"[317, 252, 668, 1440]",RIGHT_SHOULDER,0.702283791140714,-0.28249014734868466,0.9985519051551819,0.5921664386987686,0.3589473254978657,0.48709803552419784
00019,/Users/nikko/Downloads/moi-main/project_root/data/visualizations/video/pullups_video8/frame_00019.png,"[317, 252, 668, 1440]",LEFT_HIP,-0.45748655225343365,0.2919795271220411,0.9995191097259521,0.5921664386987686,0.3589473254978657,0.48709803552419784
00019,/Users/nikko/Downloads/moi-main/project_root/data/visualizations/video/pullups_video8/frame_00019.png,"[317, 252, 668, 1440]",RIGHT_HIP,0.050534780051822326,0.30285059671308784,0.9993340373039246,0.5921664386987686,0.3589473254978657,0.48709803552419784
00019,/Users/nikko/Downloads/moi-main/project_root/data/visualizations/video/pullups_video8/frame_00019.png,"[317, 252, 668, 1440]",LEFT_ELBOW,-0.910745483327965,-0.38838044067882055,0.9554759860038757,0.5921664386987686,0.3589473254978657,0.48709803552419784
00019,/Users/nikko/Downloads/moi-main/project_root/data/visualizations/video/pullups_video8/frame_00019.png,"[317, 252, 668, 1440]",LEFT_WRIST,-0.794505861998057,-0.6403338144237553,0.7244776487350464,0.5921664386987686,0.3589473254978657,0.48709803552419784
00019,/Users/nikko/Downloads/moi-main/project_root/data/visualizations/video/pullups_video8/frame_00019.png,"[317, 252, 668, 1440]",LEFT_KNEE,-0.6722405918124856,0.6635460534615796,0.6715719699859619,0.5921664386987686,0.3589473254978657,0.48709803552419784
00019,/Users/nikko/Downloads/moi-main/project_root/data/visualizations/video/pullups_video8/frame_00019.png,"[317, 252, 668, 1440]",LEFT_ANKLE,-0.7556287561421737,1.0518884609986028,0.6894549131393433,0.5921664386987686,0.3589473254978657,0.48709803552419784
00019,/Users/nikko/Downloads/moi-main/project_root/data/visualizations/video/pullups_video8/frame_00019.png,"[317, 252, 668, 1440]",LEFT_EYE,0.16534668633835425,-0.5153504097399183,0.9863632321357727,0.5921664386987686,0.3589473254978657,0.48709803552419784
00019,/Users/nikko/Downloads/moi-main/project_root/data/visualizations/video/pullups_video8/frame_00019.png,"[317, 252, 668, 1440]",RIGHT_EYE,0.3668941629000705,-0.5081201205804611,0.9942598342895508,0.5921664386987686,0.3589473254978657,0.48709803552419784
00020,/Users/nikko/Downloads/moi-main/project_root/data/visualizations/video/pullups_video8/frame_00020.png,"[317, 252, 668, 1439]",LEFT_SHOULDER,-0.305043652750273,-0.30780889252957133,0.9997448325157166,0.5877859070897102,0.3584679439663887,0.4977580135292894
00020,/Users/nikko/Downloads/moi-main/project_root/data/visualizations/video/pullups_video8/frame_00020.png,"[317, 252, 668, 1439]",RIGHT_SHOULDER,0.7113528140732317,-0.2755692562190884,0.9990365505218506,0.5877859070897102,0.3584679439663887,0.4977580135292894
00020,/Users/nikko/Downloads/moi-main/project_root/data/visualizations/video/pullups_video8/frame_00020.png,"[317, 252, 668, 1439]",LEFT_HIP,-0.457539576519379,0.2838165681441532,0.9996448755264282,0.5877859070897102,0.3584679439663887,0.4977580135292894
00020,/Users/nikko/Downloads/moi-main/project_root/data/visualizations/video/pullups_video8/frame_00020.png,"[317, 252, 668, 1439]",RIGHT_HIP,0.05123041519642032,0.29956158060450655,0.9994376301765442,0.5877859070897102,0.3584679439663887,0.4977580135292894
00020,/Users/nikko/Downloads/moi-main/project_root/data/visualizations/video/pullups_video8/frame_00020.png,"[317, 252, 668, 1439]",LEFT_ELBOW,-0.8944051313567764,-0.38024254786438155,0.9677887558937073,0.5877859070897102,0.3584679439663887,0.4977580135292894
00020,/Users/nikko/Downloads/moi-main/project_root/data/visualizations/video/pullups_video8/frame_00020.png,"[317, 252, 668, 1439]",LEFT_WRIST,-0.7797382386011222,-0.6191604023849272,0.7795706987380981,0.5877859070897102,0.3584679439663887,0.4977580135292894
00020,/Users/nikko/Downloads/moi-main/project_root/data/visualizations/video/pullups_video8/frame_00020.png,"[317, 252, 668, 1439]",LEFT_KNEE,-0.6452087994485092,0.645866715163889,0.7816458940505981,0.5877859070897102,0.3584679439663887,0.4977580135292894
00020,/Users/nikko/Downloads/moi-main/project_root/data/visualizations/video/pullups_video8/frame_00020.png,"[317, 252, 668, 1439]",LEFT_ANKLE,-0.7455843690200138,1.036116679859733,0.7758604884147644,0.5877859070897102,0.3584679439663887,0.4977580135292894
00020,/Users/nikko/Downloads/moi-main/project_root/data/visualizations/video/pullups_video8/frame_00020.png,"[317, 252, 668, 1439]",LEFT_EYE,0.18949252390756527,-0.5128731112001613,0.994465172290802,0.5877859070897102,0.3584679439663887,0.4977580135292894
00020,/Users/nikko/Downloads/moi-main/project_root/data/visualizations/video/pullups_video8/frame_00020.png,"[317, 252, 668, 1439]",RIGHT_EYE,0.39262799007733645,-0.5055669148206394,0.9976266026496887,0.5877859070897102,0.3584679439663887,0.4977580135292894
00021,/Users/nikko/Downloads/moi-main/project_root/data/visualizations/video/pullups_video8/frame_00021.png,"[318, 249, 670, 1383]",LEFT_SHOULDER,-0.2920400748134101,-0.31450019512945915,0.9998267292976379,0.5867768079042435,0.35679716616868973,0.4969965100038356
00021,/Users/nikko/Downloads/moi-main/project_root/data/visualizations/video/pullups_video8/frame_00021.png,"[318, 249, 670, 1383]",RIGHT_SHOULDER,0.7076529891431779,-0.2725554404580718,0.9992011189460754,0.5867768079042435,0.35679716616868973,0.4969965100038356
00021,/Users/nikko/Downloads/moi-main/project_root/data/visualizations/video/pullups_video8/frame_00021.png,"[318, 249, 670, 1383]",LEFT_HIP,-0.46158685734901655,0.28166209272179893,0.9995591044425964,0.5867768079042435,0.35679716616868973,0.4969965100038356
00021,/Users/nikko/Downloads/moi-main/project_root/data/visualizations/video/pullups_video8/frame_00021.png,"[318, 249, 670, 1383]",RIGHT_HIP,0.04597394301924874,0.30539354286573195,0.9993345141410828,0.5867768079042435,0.35679716616868973,0.4969965100038356
00021,/Users/nikko/Downloads/moi-main/project_root/data/visualizations/video/pullups_video8/frame_00021.png,"[318, 249, 670, 1383]",LEFT_ELBOW,-0.9305325114427149,-0.35562289163868804,0.9804603457450867,0.5867768079042435,0.35679716616868973,0.4969965100038356
00021,/Users/nikko/Downloads/moi-main/project_root/data/visualizations/video/pullups_video8/frame_00021.png,"[318, 249, 670, 1383]",LEFT_WRIST,-0.7590755485324963,-0.6085175809697927,0.8521878123283386,0.5867768079042435,0.35679716616868973,0.4969965100038356
00021,/Users/nikko/Downloads/moi-main/project_root/data/visualizations/video/pullups_video8/frame_00021.png,"[318, 249, 670, 1383]",LEFT_KNEE,-0.6674859524873532,0.6893777559143618,0.8252170085906982,0.5867768079042435,0.35679716616868973,0.4969965100038356
00021,/Users/nikko/Downloads/moi-main/project_root/data/visualizations/video/pullups_video8/frame_00021.png,"[318, 249, 670, 1383]",LEFT_ANKLE,-0.7467572087542804,1.0885862054906565,0.7839424014091492,0.5867768079042435,0.35679716616868973,0.4969965100038356
00021,/Users/nikko/Downloads/moi-main/project_root/data/visualizations/video/pullups_video8/frame_00021.png,"[318, 249, 670, 1383]",LEFT_EYE,0.15114569807272293,-0.5243399405110233,0.9981196522712708,0.5867768079042435,0.35679716616868973,0.4969965100038356
00021,/Users/nikko/Downloads/moi-main/project_root/data/visualizations/video/pullups_video8/frame_00021.png,"[318, 249, 670, 1383]",RIGHT_EYE,0.36290917588555155,-0.5166568238618967,0.9991191029548645,0.5867768079042435,0.35679716616868973,0.4969965100038356
00022,/Users/nikko/Downloads/moi-main/project_root/data/visualizations/video/pullups_video8/frame_00022.png,"[317, 236, 673, 1347]",LEFT_SHOULDER,-0.2715215590971664,-0.3253487565375168,0.9995133876800537,0.5784780606627464,0.35685232281684875,0.4783531477628654
00022,/Users/nikko/Downloads/moi-main/project_root/data/visualizations/video/pullups_video8/frame_00022.png,"[317, 236, 673, 1347]",RIGHT_SHOULDER,0.7134455986876613,-0.28886761459245436,0.9994862079620361,0.5784780606627464,0.35685232281684875,0.4783531477628654
00022,/Users/nikko/Downloads/moi-main/project_root/data/visualizations/video/pullups_video8/frame_00022.png,"[317, 236, 673, 1347]",LEFT_HIP,-0.4457135698116084,0.29245639243269017,0.9992454051971436,0.5784780606627464,0.35685232281684875,0.4783531477628654
00022,/Users/nikko/Downloads/moi-main/project_root/data/visualizations/video/pullups_video8/frame_00022.png,"[317, 236, 673, 1347]",RIGHT_HIP,0.0037895302211135296,0.32175997869728107,0.9994688630104065,0.5784780606627464,0.35685232281684875,0.4783531477628654
00022,/Users/nikko/Downloads/moi-main/project_root/data/visualizations/video/pullups_video8/frame_00022.png,"[317, 236, 673, 1347]",LEFT_EYE,0.15617891964901912,-0.5512585928100927,0.9984548091888428,0.5784780606627464,0.35685232281684875,0.4783531477628654
00022,/Users/nikko/Downloads/moi-main/project_root/data/visualizations/video/pullups_video8/frame_00022.png,"[317, 236, 673, 1347]",RIGHT_EYE,0.3813512880241786,-0.5429747418306077,0.9995397329330444,0.5784780606627464,0.35685232281684875,0.4783531477628654
00023,/Users/nikko/Downloads/moi-main/project_root/data/visualizations/video/pullups_video8/frame_00023.png,"[317, 236, 672, 1347]",LEFT_SHOULDER,-0.28211558420282656,-0.32390800112757473,0.9994366765022278,0.5837645679712296,0.35643190145492554,0.4804902660803382
00023,/Users/nikko/Downloads/moi-main/project_root/data/visualizations/video/pullups_video8/frame_00023.png,"[317, 236, 672, 1347]",RIGHT_SHOULDER,0.7162102443388729,-0.28232253001560587,0.9991745352745056,0.5837645679712296,0.35643190145492554,0.4804902660803382
00023,/Users/nikko/Downloads/moi-main/project_root/data/visualizations/video/pullups_video8/frame_00023.png,"[317, 236, 672, 1347]",LEFT_HIP,-0.44538550335313454,0.28810225086620617,0.9994423985481262,0.5837645679712296,0.35643190145492554,0.4804902660803382
00023,/Users/nikko/Downloads/moi-main/project_root/data/visualizations/video/pullups_video8/frame_00023.png,"[317, 236, 672, 1347]",RIGHT_HIP,0.01129084321708819,0.3181282802769745,0.9995688796043396,0.5837645679712296,0.35643190145492554,0.4804902660803382
00023,/Users/nikko/Downloads/moi-main/project_root/data/visualizations/video/pullups_video8/frame_00023.png,"[317, 236, 672, 1347]",LEFT_ELBOW,-0.9512542930906255,-0.3267344721865747,0.5564256906509399,0.5837645679712296,0.35643190145492554,0.4804902660803382
00023,/Users/nikko/Downloads/moi-main/project_root/data/visualizations/video/pullups_video8/frame_00023.png,"[317, 236, 672, 1347]",LEFT_EYE,0.14554964509045307,-0.5460312874231799,0.9952882528305054,0.5837645679712296,0.35643190145492554,0.4804902660803382
00023,/Users/nikko/Downloads/moi-main/project_root/data/visualizations/video/pullups_video8/frame_00023.png,"[317, 236, 672, 1347]",RIGHT_EYE,0.3675369729800602,-0.5380126566358511,0.9983227849006653,0.5837645679712296,0.35643190145492554,0.4804902660803382
00024,/Users/nikko/Downloads/moi-main/project_root/data/visualizations/video/pullups_video8/frame_00024.png,"[319, 223, 674, 1319]",LEFT_SHOULDER,-0.2518712567004879,-0.32533490703611057,0.9999322891235352,0.5737184882164001,0.3548041358590126,0.4716874643198675
00024,/Users/nikko/Downloads/moi-main/project_root/data/visualizations/video/pullups_video8/frame_00024.png,"[319, 223, 674, 1319]",RIGHT_SHOULDER,0.7103616865902806,-0.296399665372145,0.9998443126678467,0.5737184882164001,0.3548041358590126,0.4716874643198675
00024,/Users/nikko/Downloads/moi-main/project_root/data/visualizations/video/pullups_video8/frame_00024.png,"[319, 223, 674, 1319]",LEFT_HIP,-0.4512341897396067,0.2948366288105288,0.9982140064239502,0.5737184882164001,0.3548041358590126,0.4716874643198675
00024,/Users/nikko/Downloads/moi-main/project_root/data/visualizations/video/pullups_video8/frame_00024.png,"[319, 223, 674, 1319]",RIGHT_HIP,-0.007256240150186014,0.3268979435977268,0.9985849857330322,0.5737184882164001,0.3548041358590126,0.4716874643198675
00024,/Users/nikko/Downloads/moi-main/project_root/data/visualizations/video/pullups_video8/frame_00024.png,"[319, 223, 674, 1319]",LEFT_EYE,0.1221050720262507,-0.5557603682760932,0.999889612197876,0.5737184882164001,0.3548041358590126,0.4716874643198675
00024,/Users/nikko/Downloads/moi-main/project_root/data/visualizations/video/pullups_video8/frame_00024.png,"[319, 223, 674, 1319]",RIGHT_EYE,0.32800838919182285,-0.5504627177887218,0.9999483823776245,0.5737184882164001,0.3548041358590126,0.4716874643198675
00025,/Users/nikko/Downloads/moi-main/project_root/data/visualizations/video/pullups_video8/frame_00025.png,"[318, 209, 674, 1289]",LEFT_SHOULDER,-0.27410120857804116,-0.3167883545285519,0.9999545812606812,0.5789334401488304,0.35223615914583206,0.48721328002252706
00025,/Users/nikko/Downloads/moi-main/project_root/data/visualizations/video/pullups_video8/frame_00025.png,"[318, 209, 674, 1289]",RIGHT_SHOULDER,0.7136021284287688,-0.277044199450153,0.9994248151779175,0.5789334401488304,0.35223615914583206,0.48721328002252706
00025,/Users/nikko/Downloads/moi-main/project_root/data/visualizations/video/pullups_video8/frame_00025.png,"[318, 209, 674, 1289]",LEFT_HIP,-0.4637702646400435,0.28030147636229424,0.999875545501709,0.5789334401488304,0.35223615914583206,0.48721328002252706
00025,/Users/nikko/Downloads/moi-main/project_root/data/visualizations/video/pullups_video8/frame_00025.png,"[318, 209, 674, 1289]",RIGHT_HIP,0.02426934478931585,0.31353107761641075,0.9997914433479309,0.5789334401488304,0.35223615914583206,0.48721328002252706
00025,/Users/nikko/Downloads/moi-main/project_root/data/visualizations/video/pullups_video8/frame_00025.png,"[318, 209, 674, 1289]",LEFT_ELBOW,-0.938101347655148,-0.25831151585171386,0.916737973690033,0.5789334401488304,0.35223615914583206,0.48721328002252706
00025,/Users/nikko/Downloads/moi-main/project_root/data/visualizations/video/pullups_video8/frame_00025.png,"[318, 209, 674, 1289]",LEFT_WRIST,-0.7716501422158394,-0.5213651388816611,0.8393881916999817,0.5789334401488304,0.35223615914583206,0.48721328002252706
00025,/Users/nikko/Downloads/moi-main/project_root/data/visualizations/video/pullups_video8/frame_00025.png,"[318, 209, 674, 1289]",LEFT_KNEE,-0.6849894368144603,0.72463373358995,0.6861100792884827,0.5789334401488304,0.35223615914583206,0.48721328002252706
00025,/Users/nikko/Downloads/moi-main/project_root/data/visualizations/video/pullups_video8/frame_00025.png,"[318, 209, 674, 1289]",LEFT_ANKLE,-0.7650838088795124,1.1538573225417779,0.5908458232879639,0.5789334401488304,0.35223615914583206,0.48721328002252706
00025,/Users/nikko/Downloads/moi-main/project_root/data/visualizations/video/pullups_video8/frame_00025.png,"[318, 209, 674, 1289]",LEFT_EYE,0.12090257623605903,-0.5489953960683887,0.999554455280304,0.5789334401488304,0.35223615914583206,0.48721328002252706
00025,/Users/nikko/Downloads/moi-main/project_root/data/visualizations/video/pullups_video8/frame_00025.png,"[318, 209, 674, 1289]",RIGHT_EYE,0.3279420834886662,-0.5457482426166649,0.9996747970581055,0.5789334401488304,0.35223615914583206,0.48721328002252706
00026,/Users/nikko/Downloads/moi-main/project_root/data/visualizations/video/pullups_video8/frame_00026.png,"[319, 195, 675, 1248]",LEFT_SHOULDER,-0.29333344850915205,-0.3184927251785737,0.999896764755249,0.5831793323159218,0.3565906137228012,0.48252395457937336
00026,/Users/nikko/Downloads/moi-main/project_root/data/visualizations/video/pullups_video8/frame_00026.png,"[319, 195, 675, 1248]",RIGHT_SHOULDER,0.7160553164684375,-0.2801517327829078,0.9997782111167908,0.5831793323159218,0.3565906137228012,0.48252395457937336
00026,/Users/nikko/Downloads/moi-main/project_root/data/visualizations/video/pullups_video8/frame_00026.png,"[319, 195, 675, 1248]",LEFT_HIP,-0.4469875208046997,0.28614086839407477,0.9995494484901428,0.5831793323159218,0.3565906137228012,0.48252395457937336
00026,/Users/nikko/Downloads/moi-main/project_root/data/visualizations/video/pullups_video8/frame_00026.png,"[319, 195, 675, 1248]",RIGHT_HIP,0.024265652845414286,0.31250358956740676,0.999575674533844,0.5831793323159218,0.3565906137228012,0.48252395457937336
00026,/Users/nikko/Downloads/moi-main/project_root/data/visualizations/video/pullups_video8/frame_00026.png,"[319, 195, 675, 1248]",LEFT_ELBOW,-0.9781612646570078,-0.2349531495395703,0.5473263263702393,0.5831793323159218,0.3565906137228012,0.48252395457937336
00026,/Users/nikko/Downloads/moi-main/project_root/data/visualizations/video/pullups_video8/frame_00026.png,"[319, 195, 675, 1248]",LEFT_EYE,0.0966838627418694,-0.5524511442002914,0.9992460012435913,0.5831793323159218,0.3565906137228012,0.48252395457937336
00026,/Users/nikko/Downloads/moi-main/project_root/data/visualizations/video/pullups_video8/frame_00026.png,"[319, 195, 675, 1248]",RIGHT_EYE,0.2982851750896704,-0.5451898677380977,0.9996933937072754,0.5831793323159218,0.3565906137228012,0.48252395457937336
00027,/Users/nikko/Downloads/moi-main/project_root/data/visualizations/video/pullups_video8/frame_00027.png,"[320, 195, 675, 1248]",LEFT_SHOULDER,-0.2980653073319801,-0.3217574965456671,0.9998881816864014,0.5825580880045891,0.3577238395810127,0.47915731384592697
00027,/Users/nikko/Downloads/moi-main/project_root/data/visualizations/video/pullups_video8/frame_00027.png,"[320, 195, 675, 1248]",RIGHT_SHOULDER,0.7173652677781927,-0.28453436385139225,0.9998788833618164,0.5825580880045891,0.3577238395810127,0.47915731384592697
00027,/Users/nikko/Downloads/moi-main/project_root/data/visualizations/video/pullups_video8/frame_00027.png,"[320, 195, 675, 1248]",LEFT_HIP,-0.43572729527524984,0.28921082823954797,0.9997101426124573,0.5825580880045891,0.3577238395810127,0.47915731384592697
00027,/Users/nikko/Downloads/moi-main/project_root/data/visualizations/video/pullups_video8/frame_00027.png,"[320, 195, 675, 1248]",RIGHT_HIP,0.016427334829037257,0.3170810321575114,0.9997928738594055,0.5825580880045891,0.3577238395810127,0.47915731384592697
00027,/Users/nikko/Downloads/moi-main/project_root/data/visualizations/video/pullups_video8/frame_00027.png,"[320, 195, 675, 1248]",LEFT_EYE,0.09328200658883438,-0.5566123836483016,0.9996399879455566,0.5825580880045891,0.3577238395810127,0.47915731384592697
00027,/Users/nikko/Downloads/moi-main/project_root/data/visualizations/video/pullups_video8/frame_00027.png,"[320, 195, 675, 1248]",RIGHT_EYE,0.3028809072258556,-0.5495906743131533,0.9998908042907715,0.5825580880045891,0.3577238395810127,0.47915731384592697
00028,/Users/nikko/Downloads/moi-main/project_root/data/visualizations/video/pullups_video8/frame_00028.png,"[317, 174, 675, 1245]",LEFT_SHOULDER,-0.2886308333159282,-0.3186181490130959,0.9999196529388428,0.581580676138401,0.35597405582666397,0.4873945735247648
00028,/Users/nikko/Downloads/moi-main/project_root/data/visualizations/video/pullups_video8/frame_00028.png,"[317, 174, 675, 1245]",RIGHT_SHOULDER,0.71348965093601,-0.27110431673783947,0.9994887113571167,0.581580676138401,0.35597405582666397,0.4873945735247648
00028,/Users/nikko/Downloads/moi-main/project_root/data/visualizations/video/pullups_video8/frame_00028.png,"[317, 174, 675, 1245]",LEFT_HIP,-0.4577298336124357,0.28046368925699616,0.9995143413543701,0.581580676138401,0.35597405582666397,0.4873945735247648
00028,/Users/nikko/Downloads/moi-main/project_root/data/visualizations/video/pullups_video8/frame_00028.png,"[317, 174, 675, 1245]",RIGHT_HIP,0.03287101599235387,0.3092587764939392,0.9993738532066345,0.581580676138401,0.35597405582666397,0.4873945735247648
00028,/Users/nikko/Downloads/moi-main/project_root/data/visualizations/video/pullups_video8/frame_00028.png,"[317, 174, 675, 1245]",LEFT_ELBOW,-0.953248365744334,-0.1900073446265072,0.7467561364173889,0.581580676138401,0.35597405582666397,0.4873945735247648
00028,/Users/nikko/Downloads/moi-main/project_root/data/visualizations/video/pullups_video8/frame_00028.png,"[317, 174, 675, 1245]",LEFT_WRIST,-0.7841431896823899,-0.4652531388380548,0.6433571577072144,0.581580676138401,0.35597405582666397,0.4873945735247648
00028,/Users/nikko/Downloads/moi-main/project_root/data/visualizations/video/pullups_video8/frame_00028.png,"[317, 174, 675, 1245]",LEFT_EYE,0.07936046610563759,-0.5277051082191582,0.9989163875579834,0.581580676138401,0.35597405582666397,0.4873945735247648
00028,/Users/nikko/Downloads/moi-main/project_root/data/visualizations/video/pullups_video8/frame_00028.png,"[317, 174, 675, 1245]",RIGHT_EYE,0.28436616155099853,-0.5195483895860374,0.9993072748184204,0.581580676138401,0.35597405582666397,0.4873945735247648
00029,/Users/nikko/Downloads/moi-main/project_root/data/visualizations/video/pullups_video8/frame_00029.png,"[315, 158, 677, 1233]",LEFT_SHOULDER,-0.2743766170643042,-0.33616884257425345,0.9999333620071411,0.5773663520812988,0.35562600940465927,0.4699490337239879
00029,/Users/nikko/Downloads/moi-main/project_root/data/visualizations/video/pullups_video8/frame_00029.png,"[315, 158, 677, 1233]",RIGHT_SHOULDER,0.701528896406839,-0.28178594497086107,0.9996762275695801,0.5773663520812988,0.35562600940465927,0.4699490337239879
00029,/Users/nikko/Downloads/moi-main/project_root/data/visualizations/video/pullups_video8/frame_00029.png,"[315, 158, 677, 1233]",LEFT_HIP,-0.44222057252834296,0.2967893318056079,0.9995342493057251,0.5773663520812988,0.35562600940465927,0.4699490337239879
00029,/Users/nikko/Downloads/moi-main/project_root/data/visualizations/video/pullups_video8/frame_00029.png,"[315, 158, 677, 1233]",RIGHT_HIP,0.015068293185808133,0.3211654557395066,0.9993626475334167,0.5773663520812988,0.35562600940465927,0.4699490337239879
00029,/Users/nikko/Downloads/moi-main/project_root/data/visualizations/video/pullups_video8/frame_00029.png,"[315, 158, 677, 1233]",LEFT_ELBOW,-0.9383659249462857,-0.17626083794378744,0.9016906023025513,0.5773663520812988,0.35562600940465927,0.4699490337239879
00029,/Users/nikko/Downloads/moi-main/project_root/data/visualizations/video/pullups_video8/frame_00029.png,"[315, 158, 677, 1233]",LEFT_WRIST,-0.7875032719363648,-0.4514281900265414,0.6763690114021301,0.5773663520812988,0.35562600940465927,0.4699490337239879
00029,/Users/nikko/Downloads/moi-main/project_root/data/visualizations/video/pullups_video8/frame_00029.png,"[315, 158, 677, 1233]",LEFT_KNEE,-0.7065270659349989,0.7647941187602434,0.5103539824485779,0.5773663520812988,0.35562600940465927,0.4699490337239879
00029,/Users/nikko/Downloads/moi-main/project_root/data/visualizations/video/pullups_video8/frame_00029.png,"[315, 158, 677, 1233]",LEFT_ANKLE,-0.777805083548843,1.1920001749329687,0.5312651991844177,0.5773663520812988,0.35562600940465927,0.4699490337239879
00029,/Users/nikko/Downloads/moi-main/project_root/data/visualizations/video/pullups_video8/frame_00029.png,"[315, 158, 677, 1233]",LEFT_EYE,0.10561109922251975,-0.5548523859600052,0.9990454316139221,0.5773663520812988,0.35562600940465927,0.4699490337239879
00029,/Users/nikko/Downloads/moi-main/project_root/data/visualizations/video/pullups_video8/frame_00029.png,"[315, 158, 677, 1233]",RIGHT_EYE,0.2910734350134285,-0.5446118316052614,0.9995245933532715,0.5773663520812988,0.35562600940465927,0.4699490337239879
00030,/Users/nikko/Downloads/moi-main/project_root/data/visualizations/video/pullups_video8/frame_00030.png,"[315, 157, 678, 1234]",LEFT_SHOULDER,-0.27281515568099357,-0.33333474404395824,0.9999333620071411,0.5770946145057678,0.3554331660270691,0.4704563972950376
00030,/Users/nikko/Downloads/moi-main/project_root/data/visualizations/video/pullups_video8/frame_00030.png,"[315, 157, 678, 1234]",RIGHT_SHOULDER,0.7056800044057367,-0.2805632740497091,0.9996895790100098,0.5770946145057678,0.3554331660270691,0.4704563972950376
00030,/Users/nikko/Downloads/moi-main/project_root/data/visualizations/video/pullups_video8/frame_00030.png,"[315, 157, 678, 1234]",LEFT_HIP,-0.44589445340912054,0.29397537203976054,0.9995686411857605,0.5770946145057678,0.3554331660270691,0.4704563972950376
00030,/Users/nikko/Downloads/moi-main/project_root/data/visualizations/video/pullups_video8/frame_00030.png,"[315, 157, 678, 1234]",RIGHT_HIP,0.01302960468437737,0.3199226460539068,0.999424934387207,0.5770946145057678,0.3554331660270691,0.4704563972950376
00030,/Users/nikko/Downloads/moi-main/project_root/data/visualizations/video/pullups_video8/frame_00030.png,"[315, 157, 678, 1234]",LEFT_ELBOW,-0.9450857824894132,-0.1751412014390223,0.8570308685302734,0.5770946145057678,0.3554331660270691,0.4704563972950376
00030,/Users/nikko/Downloads/moi-main/project_root/data/visualizations/video/pullups_video8/frame_00030.png,"[315, 157, 678, 1234]",LEFT_WRIST,-0.7877556687941059,-0.4517641229548559,0.6424590945243835,0.5770946145057678,0.3554331660270691,0.4704563972950376
00030,/Users/nikko/Downloads/moi-main/project_root/data/visualizations/video/pullups_video8/frame_00030.png,"[315, 157, 678, 1234]",LEFT_EYE,0.1072595354832245,-0.558279513214206,0.9988412261009216,0.5770946145057678,0.3554331660270691,0.4704563972950376
00030,/Users/nikko/Downloads/moi-main/project_root/data/visualizations/video/pullups_video8/frame_00030.png,"[315, 157, 678, 1234]",RIGHT_EYE,0.2968711846403369,-0.5489093140927428,0.999423623085022,0.5770946145057678,0.3554331660270691,0.4704563972950376
00031,/Users/nikko/Downloads/moi-main/project_root/data/visualizations/video/pullups_video8/frame_00031.png,"[314, 139, 678, 1206]",LEFT_SHOULDER,-0.2994878989597479,-0.3277184126401309,0.999931812286377,0.5758562609553337,0.36561111360788345,0.47073986085268016
00031,/Users/nikko/Downloads/moi-main/project_root/data/visualizations/video/pullups_video8/frame_00031.png,"[314, 139, 678, 1206]",RIGHT_SHOULDER,0.7010466455725282,-0.28617222573776585,0.9996161460876465,0.5758562609553337,0.36561111360788345,0.47073986085268016
00031,/Users/nikko/Downloads/moi-main/project_root/data/visualizations/video/pullups_video8/frame_00031.png,"[314, 139, 678, 1206]",LEFT_HIP,-0.4324639457624883,0.2948728236798244,0.9997175335884094,0.5758562609553337,0.36561111360788345,0.47073986085268016
00031,/Users/nikko/Downloads/moi-main/project_root/data/visualizations/video/pullups_video8/frame_00031.png,"[314, 139, 678, 1206]",RIGHT_HIP,0.03090519914970806,0.31901781469807233,0.9996464252471924,0.5758562609553337,0.36561111360788345,0.47073986085268016
00031,/Users/nikko/Downloads/moi-main/project_root/data/visualizations/video/pullups_video8/frame_00031.png,"[314, 139, 678, 1206]",LEFT_ELBOW,-0.9416898339865611,-0.14527026813596017,0.6200194358825684,0.5758562609553337,0.36561111360788345,0.47073986085268016
00031,/Users/nikko/Downloads/moi-main/project_root/data/visualizations/video/pullups_video8/frame_00031.png,"[314, 139, 678, 1206]",LEFT_EYE,0.11371736494602991,-0.5696712537803136,0.998565137386322,0.5758562609553337,0.36561111360788345,0.47073986085268016
00031,/Users/nikko/Downloads/moi-main/project_root/data/visualizations/video/pullups_video8/frame_00031.png,"[314, 139, 678, 1206]",RIGHT_EYE,0.28460461830527634,-0.5602181270330256,0.9992104768753052,0.5758562609553337,0.36561111360788345,0.47073986085268016
00032,/Users/nikko/Downloads/moi-main/project_root/data/visualizations/video/pullups_video8/frame_00032.png,"[314, 139, 678, 1206]",LEFT_SHOULDER,-0.2992049584565728,-0.3274212375550333,0.9999334812164307,0.5757512524724007,0.3656467869877815,0.4709641376278568
00032,/Users/nikko/Downloads/moi-main/project_root/data/visualizations/video/pullups_video8/frame_00032.png,"[314, 139, 678, 1206]",RIGHT_SHOULDER,0.7009577878730773,-0.28636576047442364,0.9996219873428345,0.5757512524724007,0.3656467869877815,0.4709641376278568
00032,/Users/nikko/Downloads/moi-main/project_root/data/visualizations/video/pullups_video8/frame_00032.png,"[314, 139, 678, 1206]",LEFT_HIP,-0.432890448920414,0.29489319587897594,0.9996871948242188,0.5757512524724007,0.3656467869877815,0.4709641376278568
00032,/Users/nikko/Downloads/moi-main/project_root/data/visualizations/video/pullups_video8/frame_00032.png,"[314, 139, 678, 1206]",RIGHT_HIP,0.031137619503909527,0.3188938021504809,0.9996079802513123,0.5757512524724007,0.3656467869877815,0.4709641376278568
00032,/Users/nikko/Downloads/moi-main/project_root/data/visualizations/video/pullups_video8/frame_00032.png,"[314, 139, 678, 1206]",LEFT_ELBOW,-0.9404627094750518,-0.14526341950470142,0.626716673374176,0.5757512524724007,0.3656467869877815,0.4709641376278568
00032,/Users/nikko/Downloads/moi-main/project_root/data/visualizations/video/pullups_video8/frame_00032.png,"[314, 139, 678, 1206]",LEFT_EYE,0.11316048875706632,-0.5692547457154395,0.9986559152603149,0.5757512524724007,0.3656467869877815,0.4709641376278568
00032,/Users/nikko/Downloads/moi-main/project_root/data/visualizations/video/pullups_video8/frame_00032.png,"[314, 139, 678, 1206]",RIGHT_EYE,0.2838291745677151,-0.5600043116635685,0.9992629885673523,0.5757512524724007,0.3656467869877815,0.4709641376278568
00033,/Users/nikko/Downloads/moi-main/project_root/data/visualizations/video/pullups_video8/frame_00033.png,"[314, 133, 679, 1185]",LEFT_SHOULDER,-0.2726732221520559,-0.3314391859571685,0.9998767375946045,0.5706327185034752,0.3681653290987015,0.4814497249518249
00033,/Users/nikko/Downloads/moi-main/project_root/data/visualizations/video/pullups_video8/frame_00033.png,"[314, 133, 679, 1185]",RIGHT_SHOULDER,0.695773311447661,-0.28185779928341925,0.9995342493057251,0.5706327185034752,0.3681653290987015,0.4814497249518249
00033,/Users/nikko/Downloads/moi-main/project_root/data/visualizations/video/pullups_video8/frame_00033.png,"[314, 133, 679, 1185]",LEFT_HIP,-0.4509456849130509,0.29392797887544325,0.9993695616722107,0.5706327185034752,0.3681653290987015,0.4814497249518249
00033,/Users/nikko/Downloads/moi-main/project_root/data/visualizations/video/pullups_video8/frame_00033.png,"[314, 133, 679, 1185]",RIGHT_HIP,0.027845595617445897,0.3193690063651444,0.9991552829742432,0.5706327185034752,0.3681653290987015,0.4814497249518249
00033,/Users/nikko/Downloads/moi-main/project_root/data/visualizations/video/pullups_video8/frame_00033.png,"[314, 133, 679, 1185]",LEFT_ELBOW,-0.8916432060381742,-0.12268402754111295,0.8672643303871155,0.5706327185034752,0.3681653290987015,0.4814497249518249
00033,/Users/nikko/Downloads/moi-main/project_root/data/visualizations/video/pullups_video8/frame_00033.png,"[314, 133, 679, 1185]",LEFT_WRIST,-0.7435354833472412,-0.40158155602465134,0.546430766582489,0.5706327185034752,0.3681653290987015,0.4814497249518249
00033,/Users/nikko/Downloads/moi-main/project_root/data/visualizations/video/pullups_video8/frame_00033.png,"[314, 133, 679, 1185]",LEFT_KNEE,-0.7178874891489948,0.7337653207327501,0.5038666129112244,0.5706327185034752,0.3681653290987015,0.4814497249518249
00033,/Users/nikko/Downloads/moi-main/project_root/data/visualizations/video/pullups_video8/frame_00033.png,"[314, 133, 679, 1185]",LEFT_EYE,0.09119505027822007,-0.5599423791253175,0.9967779517173767,0.5706327185034752,0.3681653290987015,0.4814497249518249
00033,/Users/nikko/Downloads/moi-main/project_root/data/visualizations/video/pullups_video8/frame_00033.png,"[314, 133, 679, 1185]",RIGHT_EYE,0.26906620746975246,-0.5529072442687697,0.998497486114502,0.5706327185034752,0.3681653290987015,0.4814497249518249
00034,/Users/nikko/Downloads/moi-main/project_root/data/visualizations/video/pullups_video8/frame_00034.png,"[314, 122, 681, 1161]",LEFT_SHOULDER,-0.2954379190688961,-0.33033313772897727,0.9999337196350098,0.5714151933789253,0.37264903634786606,0.47972385432984394
00034,/Users/nikko/Downloads/moi-main/project_root/data/visualizations/video/pullups_video8/frame_00034.png,"[314, 122, 681, 1161]",RIGHT_SHOULDER,0.7099708092964311,-0.2798074496883343,0.9996023774147034,0.5714151933789253,0.37264903634786606,0.47972385432984394
00034,/Users/nikko/Downloads/moi-main/project_root/data/visualizations/video/pullups_video8/frame_00034.png,"[314, 122, 681, 1161]",LEFT_HIP,-0.43417397063341917,0.29209055845632653,0.9995819926261902,0.5714151933789253,0.37264903634786606,0.47972385432984394
00034,/Users/nikko/Downloads/moi-main/project_root/data/visualizations/video/pullups_video8/frame_00034.png,"[314, 122, 681, 1161]",RIGHT_HIP,0.01964108040588422,0.31805002896098505,0.9993994235992432,0.5714151933789253,0.37264903634786606,0.47972385432984394
00034,/Users/nikko/Downloads/moi-main/project_root/data/visualizations/video/pullups_video8/frame_00034.png,"[314, 122, 681, 1161]",LEFT_ELBOW,-0.8759539426223668,-0.10796034714705091,0.9043483734130859,0.5714151933789253,0.37264903634786606,0.47972385432984394
00034,/Users/nikko/Downloads/moi-main/project_root/data/visualizations/video/pullups_video8/frame_00034.png,"[314, 122, 681, 1161]",LEFT_WRIST,-0.7524880728122484,-0.3755212635204321,0.6648393273353577,0.5714151933789253,0.37264903634786606,0.47972385432984394
00034,/Users/nikko/Downloads/moi-main/project_root/data/visualizations/video/pullups_video8/frame_00034.png,"[314, 122, 681, 1161]",LEFT_KNEE,-0.7147114850015865,0.7609398446332324,0.5489927530288696,0.5714151933789253,0.37264903634786606,0.47972385432984394
00034,/Users/nikko/Downloads/moi-main/project_root/data/visualizations/video/pullups_video8/frame_00034.png,"[314, 122, 681, 1161]",LEFT_EYE,0.09553562692223913,-0.5726455917676055,0.9984972476959229,0.5714151933789253,0.37264903634786606,0.47972385432984394
00034,/Users/nikko/Downloads/moi-main/project_root/data/visualizations/video/pullups_video8/frame_00034.png,"[314, 122, 681, 1161]",RIGHT_EYE,0.258984881197932,-0.56579102571755,0.9991412162780762,0.5714151933789253,0.37264903634786606,0.47972385432984394
00035,/Users/nikko/Downloads/moi-main/project_root/data/visualizations/video/pullups_video8/frame_00035.png,"[314, 122, 681, 1158]",LEFT_SHOULDER,-0.29475217692129785,-0.3329488122435914,0.999964714050293,0.5738189518451691,0.37078000605106354,0.4846272780216929
00035,/Users/nikko/Downloads/moi-main/project_root/data/visualizations/video/pullups_video8/frame_00035.png,"[314, 122, 681, 1158]",RIGHT_SHOULDER,0.7020226968194374,-0.2747117351778586,0.9996501207351685,0.5738189518451691,0.37078000605106354,0.4846272780216929
00035,/Users/nikko/Downloads/moi-main/project_root/data/visualizations/video/pullups_video8/frame_00035.png,"[314, 122, 681, 1158]",LEFT_HIP,-0.438370254009356,0.2904508541623358,0.9995493292808533,0.5738189518451691,0.37078000605106354,0.4846272780216929
00035,/Users/nikko/Downloads/moi-main/project_root/data/visualizations/video/pullups_video8/frame_00035.png,"[314, 122, 681, 1158]",RIGHT_HIP,0.03109973411121643,0.31720969325911424,0.9992249011993408,0.5738189518451691,0.37078000605106354,0.4846272780216929
00035,/Users/nikko/Downloads/moi-main/project_root/data/visualizations/video/pullups_video8/frame_00035.png,"[314, 122, 681, 1158]",LEFT_ELBOW,-0.8801828330300195,-0.10067178718310812,0.9245714545249939,0.5738189518451691,0.37078000605106354,0.4846272780216929
00035,/Users/nikko/Downloads/moi-main/project_root/data/visualizations/video/pullups_video8/frame_00035.png,"[314, 122, 681, 1158]",LEFT_WRIST,-0.7387369868142292,-0.3635806897585982,0.7895801663398743,0.5738189518451691,0.37078000605106354,0.4846272780216929
00035,/Users/nikko/Downloads/moi-main/project_root/data/visualizations/video/pullups_video8/frame_00035.png,"[314, 122, 681, 1158]",LEFT_EYE,0.0816751059558974,-0.5623458257412084,0.9992225170135498,0.5738189518451691,0.37078000605106354,0.4846272780216929
00035,/Users/nikko/Downloads/moi-main/project_root/data/visualizations/video/pullups_video8/frame_00035.png,"[314, 122, 681, 1158]",RIGHT_EYE,0.24704285719582664,-0.5565177272668946,0.9994773268699646,0.5738189518451691,0.37078000605106354,0.4846272780216929
00036,/Users/nikko/Downloads/moi-main/project_root/data/visualizations/video/pullups_video8/frame_00036.png,"[313, 105, 683, 1121]",LEFT_SHOULDER,-0.27698119790792236,-0.3399490107206336,0.9999654293060303,0.5757121741771698,0.3856060430407524,0.4761592797213191
00036,/Users/nikko/Downloads/moi-main/project_root/data/visualizations/video/pullups_video8/frame_00036.png,"[313, 105, 683, 1121]",RIGHT_SHOULDER,0.690950953196155,-0.2840055431920214,0.999643087387085,0.5757121741771698,0.3856060430407524,0.4761592797213191
00036,/Users/nikko/Downloads/moi-main/project_root/data/visualizations/video/pullups_video8/frame_00036.png,"[313, 105, 683, 1121]",LEFT_HIP,-0.43787154691494623,0.2996630208347918,0.999521017074585,0.5757121741771698,0.3856060430407524,0.4761592797213191
00036,/Users/nikko/Downloads/moi-main/project_root/data/visualizations/video/pullups_video8/frame_00036.png,"[313, 105, 683, 1121]",RIGHT_HIP,0.02390179162671364,0.3242915330778632,0.9992958307266235,0.5757121741771698,0.3856060430407524,0.4761592797213191
00036,/Users/nikko/Downloads/moi-main/project_root/data/visualizations/video/pullups_video8/frame_00036.png,"[313, 105, 683, 1121]",LEFT_ELBOW,-0.8907188210365526,-0.08141096936621645,0.8402333855628967,0.5757121741771698,0.3856060430407524,0.4761592797213191
00036,/Users/nikko/Downloads/moi-main/project_root/data/visualizations/video/pullups_video8/frame_00036.png,"[313, 105, 683, 1121]",LEFT_WRIST,-0.7414713361907105,-0.3687597810212056,0.7656752467155457,0.5757121741771698,0.3856060430407524,0.4761592797213191
00036,/Users/nikko/Downloads/moi-main/project_root/data/visualizations/video/pullups_video8/frame_00036.png,"[313, 105, 683, 1121]",LEFT_EYE,0.060783848683262226,-0.5720300028578263,0.9991514682769775,0.5757121741771698,0.3856060430407524,0.4761592797213191
00036,/Users/nikko/Downloads/moi-main/project_root/data/visualizations/video/pullups_video8/frame_00036.png,"[313, 105, 683, 1121]",RIGHT_EYE,0.22882999547412725,-0.5652017331926141,0.999386191368103,0.5757121741771698,0.3856060430407524,0.4761592797213191
00037,/Users/nikko/Downloads/moi-main/project_root/data/visualizations/video/pullups_video8/frame_00037.png,"[310, 96, 684, 1107]",LEFT_SHOULDER,-0.2772822001612792,-0.3430042232025056,0.9999517202377319,0.5801156908273697,0.39314692467451096,0.47408505437957393
00037,/Users/nikko/Downloads/moi-main/project_root/data/visualizations/video/pullups_video8/frame_00037.png,"[310, 96, 684, 1107]",RIGHT_SHOULDER,0.6978348283147605,-0.2766578623707505,0.9995675683021545,0.5801156908273697,0.39314692467451096,0.47408505437957393
00037,/Users/nikko/Downloads/moi-main/project_root/data/visualizations/video/pullups_video8/frame_00037.png,"[310, 96, 684, 1107]",LEFT_HIP,-0.43747715315412383,0.2965615191690059,0.9988640546798706,0.5801156908273697,0.39314692467451096,0.47408505437957393
00037,/Users/nikko/Downloads/moi-main/project_root/data/visualizations/video/pullups_video8/frame_00037.png,"[310, 96, 684, 1107]",RIGHT_HIP,0.01692452500064241,0.3231005664042502,0.9984799027442932,0.5801156908273697,0.39314692467451096,0.47408505437957393
00037,/Users/nikko/Downloads/moi-main/project_root/data/visualizations/video/pullups_video8/frame_00037.png,"[310, 96, 684, 1107]",LEFT_ELBOW,-0.8677408922617326,-0.08467223948214826,0.8966248035430908,0.5801156908273697,0.39314692467451096,0.47408505437957393
00037,/Users/nikko/Downloads/moi-main/project_root/data/visualizations/video/pullups_video8/frame_00037.png,"[310, 96, 684, 1107]",LEFT_WRIST,-0.7316647365880301,-0.3523546901710048,0.6552773118019104,0.5801156908273697,0.39314692467451096,0.47408505437957393
00037,/Users/nikko/Downloads/moi-main/project_root/data/visualizations/video/pullups_video8/frame_00037.png,"[310, 96, 684, 1107]",LEFT_EYE,0.0902661973326101,-0.5702365879830076,0.9994082450866699,0.5801156908273697,0.39314692467451096,0.47408505437957393
00037,/Users/nikko/Downloads/moi-main/project_root/data/visualizations/video/pullups_video8/frame_00037.png,"[310, 96, 684, 1107]",RIGHT_EYE,0.2555745376496605,-0.5661100840351966,0.9995911717414856,0.5801156908273697,0.39314692467451096,0.47408505437957393
00038,/Users/nikko/Downloads/moi-main/project_root/data/visualizations/video/pullups_video8/frame_00038.png,"[308, 91, 686, 1131]",LEFT_SHOULDER,-0.27264146023578145,-0.3380275023150944,0.9999606609344482,0.5775465592741966,0.3880409821867943,0.4735314602275021
00038,/Users/nikko/Downloads/moi-main/project_root/data/visualizations/video/pullups_video8/frame_00038.png,"[308, 91, 686, 1131]",RIGHT_SHOULDER,0.7040951285980344,-0.27682074584692984,0.9997074007987976,0.5775465592741966,0.3880409821867943,0.4735314602275021
00038,/Users/nikko/Downloads/moi-main/project_root/data/visualizations/video/pullups_video8/frame_00038.png,"[308, 91, 686, 1131]",LEFT_HIP,-0.44393514999674955,0.29407136791629435,0.9995750784873962,0.5775465592741966,0.3880409821867943,0.4735314602275021
00038,/Users/nikko/Downloads/moi-main/project_root/data/visualizations/video/pullups_video8/frame_00038.png,"[308, 91, 686, 1131]",RIGHT_HIP,0.01248148163449664,0.3207768802457299,0.9993268251419067,0.5775465592741966,0.3880409821867943,0.4735314602275021
00038,/Users/nikko/Downloads/moi-main/project_root/data/visualizations/video/pullups_video8/frame_00038.png,"[308, 91, 686, 1131]",LEFT_ELBOW,-0.8374665137939803,-0.08381535108109202,0.9494687914848328,0.5775465592741966,0.3880409821867943,0.4735314602275021
00038,/Users/nikko/Downloads/moi-main/project_root/data/visualizations/video/pullups_video8/frame_00038.png,"[308, 91, 686, 1131]",LEFT_WRIST,-0.7467339431093719,-0.3449048045645129,0.7902530431747437,0.5775465592741966,0.3880409821867943,0.4735314602275021
00038,/Users/nikko/Downloads/moi-main/project_root/data/visualizations/video/pullups_video8/frame_00038.png,"[308, 91, 686, 1131]",LEFT_KNEE,-0.7609983631807276,0.7394920193527147,0.6114023923873901,0.5775465592741966,0.3880409821867943,0.4735314602275021
00038,/Users/nikko/Downloads/moi-main/project_root/data/visualizations/video/pullups_video8/frame_00038.png,"[308, 91, 686, 1131]",LEFT_ANKLE,-0.8691041558649846,1.1316036029511367,0.5497312545776367,0.5775465592741966,0.3880409821867943,0.4735314602275021
00038,/Users/nikko/Downloads/moi-main/project_root/data/visualizations/video/pullups_video8/frame_00038.png,"[308, 91, 686, 1131]",LEFT_EYE,0.10025044445609217,-0.5682246684371387,0.9991886019706726,0.5775465592741966,0.3880409821867943,0.4735314602275021
00038,/Users/nikko/Downloads/moi-main/project_root/data/visualizations/video/pullups_video8/frame_00038.png,"[308, 91, 686, 1131]",RIGHT_EYE,0.2704005185429367,-0.5621561606970021,0.9995330572128296,0.5775465592741966,0.3880409821867943,0.4735314602275021
00039,/Users/nikko/Downloads/moi-main/project_root/data/visualizations/video/pullups_video8/frame_00039.png,"[309, 91, 686, 1129]",LEFT_SHOULDER,-0.2708980275391335,-0.3390671274089708,0.9999659061431885,0.5777807682752609,0.38787122815847397,0.4723384004565595
00039,/Users/nikko/Downloads/moi-main/project_root/data/visualizations/video/pullups_video8/frame_00039.png,"[309, 91, 686, 1129]",RIGHT_SHOULDER,0.7026175569614389,-0.27594288931007543,0.9997782111167908,0.5777807682752609,0.38787122815847397,0.4723384004565595
00039,/Users/nikko/Downloads/moi-main/project_root/data/visualizations/video/pullups_video8/frame_00039.png,"[309, 91, 686, 1129]",LEFT_HIP,-0.4451413145619186,0.294390024006105,0.9994863271713257,0.5777807682752609,0.38787122815847397,0.4723384004565595
00039,/Users/nikko/Downloads/moi-main/project_root/data/visualizations/video/pullups_video8/frame_00039.png,"[309, 91, 686, 1129]",RIGHT_HIP,0.013421785139613195,0.32061999271294134,0.999200165271759,0.5777807682752609,0.38787122815847397,0.4723384004565595
00039,/Users/nikko/Downloads/moi-main/project_root/data/visualizations/video/pullups_video8/frame_00039.png,"[309, 91, 686, 1129]",LEFT_ELBOW,-0.8402291771365646,-0.08508895028193132,0.9393748641014099,0.5777807682752609,0.38787122815847397,0.4723384004565595
00039,/Users/nikko/Downloads/moi-main/project_root/data/visualizations/video/pullups_video8/frame_00039.png,"[309, 91, 686, 1129]",LEFT_WRIST,-0.748420942612937,-0.34341723130700996,0.7640023827552795,0.5777807682752609,0.38787122815847397,0.4723384004565595
00039,/Users/nikko/Downloads/moi-main/project_root/data/visualizations/video/pullups_video8/frame_00039.png,"[309, 91, 686, 1129]",LEFT_EYE,0.10147402089688548,-0.5676673744547324,0.999255359172821,0.5777807682752609,0.38787122815847397,0.4723384004565595
00039,/Users/nikko/Downloads/moi-main/project_root/data/visualizations/video/pullups_video8/frame_00039.png,"[309, 91, 686, 1129]",RIGHT_EYE,0.27016984494304574,-0.5612208668709111,0.9996004700660706,0.5777807682752609,0.38787122815847397,0.4723384004565595
00040,/Users/nikko/Downloads/moi-main/project_root/data/visualizations/video/pullups_video8/frame_00040.png,"[306, 100, 688, 1160]",LEFT_SHOULDER,-0.2725951272314731,-0.33893686061547923,0.9999685287475586,0.5747278854250908,0.3709942027926445,0.47175610095289067
00040,/Users/nikko/Downloads/moi-main/project_root/data/visualizations/video/pullups_video8/frame_00040.png,"[306, 100, 688, 1160]",RIGHT_SHOULDER,0.6980928430001018,-0.27219549383819264,0.9997989535331726,0.5747278854250908,0.3709942027926445,0.47175610095289067
00040,/Users/nikko/Downloads/moi-main/project_root/data/visualizations/video/pullups_video8/frame_00040.png,"[306, 100, 688, 1160]",LEFT_HIP,-0.4480696270228559,0.28931665135165646,0.999765932559967,0.5747278854250908,0.3709942027926445,0.47175610095289067
00040,/Users/nikko/Downloads/moi-main/project_root/data/visualizations/video/pullups_video8/frame_00040.png,"[306, 100, 688, 1160]",RIGHT_HIP,0.022571911254227226,0.32181570310201535,0.999645471572876,0.5747278854250908,0.3709942027926445,0.47175610095289067
00040,/Users/nikko/Downloads/moi-main/project_root/data/visualizations/video/pullups_video8/frame_00040.png,"[306, 100, 688, 1160]",LEFT_ELBOW,-0.8234908969854121,-0.08411548540599595,0.9458326697349548,0.5747278854250908,0.3709942027926445,0.47175610095289067
00040,/Users/nikko/Downloads/moi-main/project_root/data/visualizations/video/pullups_video8/frame_00040.png,"[306, 100, 688, 1160]",LEFT_WRIST,-0.7220501258013242,-0.3420400524499279,0.7435845732688904,0.5747278854250908,0.3709942027926445,0.47175610095289067
00040,/Users/nikko/Downloads/moi-main/project_root/data/visualizations/video/pullups_video8/frame_00040.png,"[306, 100, 688, 1160]",LEFT_KNEE,-0.7612127137736115,0.723897182575389,0.6520150899887085,0.5747278854250908,0.3709942027926445,0.47175610095289067
00040,/Users/nikko/Downloads/moi-main/project_root/data/visualizations/video/pullups_video8/frame_00040.png,"[306, 100, 688, 1160]",LEFT_ANKLE,-0.8317153471652713,1.1278670340677226,0.5938634872436523,0.5747278854250908,0.3709942027926445,0.47175610095289067
00040,/Users/nikko/Downloads/moi-main/project_root/data/visualizations/video/pullups_video8/frame_00040.png,"[306, 100, 688, 1160]",LEFT_EYE,0.10874654151673989,-0.563068463300584,0.9994515776634216,0.5747278854250908,0.3709942027926445,0.47175610095289067
00040,/Users/nikko/Downloads/moi-main/project_root/data/visualizations/video/pullups_video8/frame_00040.png,"[306, 100, 688, 1160]",RIGHT_EYE,0.27308569838473257,-0.556286256302608,0.9997119307518005,0.5747278854250908,0.3709942027926445,0.47175610095289067
00041,/Users/nikko/Downloads/moi-main/project_root/data/visualizations/video/pullups_video8/frame_00041.png,"[306, 101, 688, 1160]",LEFT_SHOULDER,-0.28456142568125636,-0.334035266764285,0.999967098236084,0.5733247324824333,0.3689183071255684,0.46823813150416027
00041,/Users/nikko/Downloads/moi-main/project_root/data/visualizations/video/pullups_video8/frame_00041.png,"[306, 101, 688, 1160]",RIGHT_SHOULDER,0.706884722257882,-0.27314438053534285,0.9997743964195251,0.5733247324824333,0.3689183071255684,0.46823813150416027
00041,/Users/nikko/Downloads/moi-main/project_root/data/visualizations/video/pullups_video8/frame_00041.png,"[306, 101, 688, 1160]",LEFT_HIP,-0.4421879151256222,0.2868017642507673,0.9998352527618408,0.5733247324824333,0.3689183071255684,0.46823813150416027
00041,/Users/nikko/Downloads/moi-main/project_root/data/visualizations/video/pullups_video8/frame_00041.png,"[306, 101, 688, 1160]",RIGHT_HIP,0.01986461854899666,0.32037788304886056,0.9997442364692688,0.5733247324824333,0.3689183071255684,0.46823813150416027
00041,/Users/nikko/Downloads/moi-main/project_root/data/visualizations/video/pullups_video8/frame_00041.png,"[306, 101, 688, 1160]",LEFT_ELBOW,-0.8305350347184487,-0.07985119697386456,0.9281249642372131,0.5733247324824333,0.3689183071255684,0.46823813150416027
00041,/Users/nikko/Downloads/moi-main/project_root/data/visualizations/video/pullups_video8/frame_00041.png,"[306, 101, 688, 1160]",LEFT_WRIST,-0.7298822282512125,-0.336082688881505,0.6900256872177124,0.5733247324824333,0.3689183071255684,0.46823813150416027
00041,/Users/nikko/Downloads/moi-main/project_root/data/visualizations/video/pullups_video8/frame_00041.png,"[306, 101, 688, 1160]",LEFT_KNEE,-0.7895592556481302,0.730792582595362,0.5982086062431335,0.5733247324824333,0.3689183071255684,0.46823813150416027
00041,/Users/nikko/Downloads/moi-main/project_root/data/visualizations/video/pullups_video8/frame_00041.png,"[306, 101, 688, 1160]",LEFT_ANKLE,-0.8723436769482698,1.1450196574831106,0.5606327652931213,0.5733247324824333,0.3689183071255684,0.46823813150416027
00041,/Users/nikko/Downloads/moi-main/project_root/data/visualizations/video/pullups_video8/frame_00041.png,"[306, 101, 688, 1160]",LEFT_EYE,0.11329499201599848,-0.5650677710850404,0.9991865754127502,0.5733247324824333,0.3689183071255684,0.46823813150416027
00041,/Users/nikko/Downloads/moi-main/project_root/data/visualizations/video/pullups_video8/frame_00041.png,"[306, 101, 688, 1160]",RIGHT_EYE,0.2849772685189478,-0.5600212650905695,0.9995344877243042,0.5733247324824333,0.3689183071255684,0.46823813150416027
00042,/Users/nikko/Downloads/moi-main/project_root/data/visualizations/video/pullups_video8/frame_00042.png,"[305, 102, 688, 1161]",LEFT_SHOULDER,-0.2721829722052905,-0.333898161096716,0.9999707937240601,0.573931597173214,0.37125352025032043,0.47162724999545036
00042,/Users/nikko/Downloads/moi-main/project_root/data/visualizations/video/pullups_video8/frame_00042.png,"[305, 102, 688, 1161]",RIGHT_SHOULDER,0.7153032091120272,-0.27524456368516864,0.9997965693473816,0.573931597173214,0.37125352025032043,0.47162724999545036
00042,/Users/nikko/Downloads/moi-main/project_root/data/visualizations/video/pullups_video8/frame_00042.png,"[305, 102, 688, 1161]",LEFT_HIP,-0.4449599153016172,0.2875825557086915,0.9998061060905457,0.573931597173214,0.37125352025032043,0.47162724999545036
00042,/Users/nikko/Downloads/moi-main/project_root/data/visualizations/video/pullups_video8/frame_00042.png,"[305, 102, 688, 1161]",RIGHT_HIP,0.0018396783948805766,0.3215601690731931,0.9996858835220337,0.573931597173214,0.37125352025032043,0.47162724999545036
00042,/Users/nikko/Downloads/moi-main/project_root/data/visualizations/video/pullups_video8/frame_00042.png,"[305, 102, 688, 1161]",LEFT_ELBOW,-0.8259496601016998,-0.08436230243641363,0.9248506426811218,0.573931597173214,0.37125352025032043,0.47162724999545036
00042,/Users/nikko/Downloads/moi-main/project_root/data/visualizations/video/pullups_video8/frame_00042.png,"[305, 102, 688, 1161]",LEFT_WRIST,-0.7327890716109295,-0.3539172642050442,0.777130663394928,0.573931597173214,0.37125352025032043,0.47162724999545036
00042,/Users/nikko/Downloads/moi-main/project_root/data/visualizations/video/pullups_video8/frame_00042.png,"[305, 102, 688, 1161]",LEFT_KNEE,-0.7853175271598072,0.7229810816879838,0.5608690977096558,0.573931597173214,0.37125352025032043,0.47162724999545036
00042,/Users/nikko/Downloads/moi-main/project_root/data/visualizations/video/pullups_video8/frame_00042.png,"[305, 102, 688, 1161]",LEFT_ANKLE,-0.8864905024941924,1.1287363513553759,0.5838685035705566,0.573931597173214,0.37125352025032043,0.47162724999545036
00042,/Users/nikko/Downloads/moi-main/project_root/data/visualizations/video/pullups_video8/frame_00042.png,"[305, 102, 688, 1161]",LEFT_EYE,0.11229020749801265,-0.5722261251432331,0.9993249177932739,0.573931597173214,0.37125352025032043,0.47162724999545036
00042,/Users/nikko/Downloads/moi-main/project_root/data/visualizations/video/pullups_video8/frame_00042.png,"[305, 102, 688, 1161]",RIGHT_EYE,0.2878259809908802,-0.5671363898510877,0.9996262788772583,0.573931597173214,0.37125352025032043,0.47162724999545036
00043,/Users/nikko/Downloads/moi-main/project_root/data/visualizations/video/pullups_video8/frame_00043.png,"[303, 109, 688, 1162]",LEFT_SHOULDER,-0.26815219513754623,-0.33210968908368216,0.999954342842102,0.5744446590542793,0.3692866340279579,0.47409869315143527
00043,/Users/nikko/Downloads/moi-main/project_root/data/visualizations/video/pullups_video8/frame_00043.png,"[303, 109, 688, 1162]",RIGHT_SHOULDER,0.71552497819691,-0.280339310466182,0.9996742010116577,0.5744446590542793,0.3692866340279579,0.47409869315143527
00043,/Users/nikko/Downloads/moi-main/project_root/data/visualizations/video/pullups_video8/frame_00043.png,"[303, 109, 688, 1162]",LEFT_HIP,-0.4448593327458663,0.28872418335217187,0.999818742275238,0.5744446590542793,0.3692866340279579,0.47409869315143527
00043,/Users/nikko/Downloads/moi-main/project_root/data/visualizations/video/pullups_video8/frame_00043.png,"[303, 109, 688, 1162]",RIGHT_HIP,-0.0025134503134974498,0.3237248161976923,0.9997085928916931,0.5744446590542793,0.3692866340279579,0.47409869315143527
00043,/Users/nikko/Downloads/moi-main/project_root/data/visualizations/video/pullups_video8/frame_00043.png,"[303, 109, 688, 1162]",LEFT_ELBOW,-0.8086875085086143,-0.09133831953533311,0.8993139266967773,0.5744446590542793,0.3692866340279579,0.47409869315143527
00043,/Users/nikko/Downloads/moi-main/project_root/data/visualizations/video/pullups_video8/frame_00043.png,"[303, 109, 688, 1162]",LEFT_WRIST,-0.7103123547177613,-0.34783675929340974,0.7098175287246704,0.5744446590542793,0.3692866340279579,0.47409869315143527
00043,/Users/nikko/Downloads/moi-main/project_root/data/visualizations/video/pullups_video8/frame_00043.png,"[303, 109, 688, 1162]",LEFT_KNEE,-0.7580076741119938,0.7094355693592098,0.5345223546028137,0.5744446590542793,0.3692866340279579,0.47409869315143527
00043,/Users/nikko/Downloads/moi-main/project_root/data/visualizations/video/pullups_video8/frame_00043.png,"[303, 109, 688, 1162]",LEFT_ANKLE,-0.8835892613368272,1.1280906460280677,0.5765780806541443,0.5744446590542793,0.3692866340279579,0.47409869315143527
00043,/Users/nikko/Downloads/moi-main/project_root/data/visualizations/video/pullups_video8/frame_00043.png,"[303, 109, 688, 1162]",LEFT_EYE,0.1034304833093308,-0.5735216123174083,0.9980177879333496,0.5744446590542793,0.3692866340279579,0.47409869315143527
00043,/Users/nikko/Downloads/moi-main/project_root/data/visualizations/video/pullups_video8/frame_00043.png,"[303, 109, 688, 1162]",RIGHT_EYE,0.2729373323225431,-0.5696044285191479,0.9987768530845642,0.5744446590542793,0.3692866340279579,0.47409869315143527
00044,/Users/nikko/Downloads/moi-main/project_root/data/visualizations/video/pullups_video8/frame_00044.png,"[303, 108, 688, 1162]",LEFT_SHOULDER,-0.26651308579422694,-0.3331069882423645,0.9999536275863647,0.5751665309071541,0.37045545876026154,0.4719886062097788
00044,/Users/nikko/Downloads/moi-main/project_root/data/visualizations/video/pullups_video8/frame_00044.png,"[303, 108, 688, 1162]",RIGHT_SHOULDER,0.7121819324546661,-0.28177112243224867,0.9996293783187866,0.5751665309071541,0.37045545876026154,0.4719886062097788
00044,/Users/nikko/Downloads/moi-main/project_root/data/visualizations/video/pullups_video8/frame_00044.png,"[303, 108, 688, 1162]",LEFT_HIP,-0.44454679686423165,0.28962315053581406,0.9998384714126587,0.5751665309071541,0.37045545876026154,0.4719886062097788
00044,/Users/nikko/Downloads/moi-main/project_root/data/visualizations/video/pullups_video8/frame_00044.png,"[303, 108, 688, 1162]",RIGHT_HIP,-0.0011220497962074966,0.3252549601387991,0.99973064661026,0.5751665309071541,0.37045545876026154,0.4719886062097788
00044,/Users/nikko/Downloads/moi-main/project_root/data/visualizations/video/pullups_video8/frame_00044.png,"[303, 108, 688, 1162]",LEFT_ELBOW,-0.8200980207327224,-0.09247918603261732,0.9182845950126648,0.5751665309071541,0.37045545876026154,0.4719886062097788
00044,/Users/nikko/Downloads/moi-main/project_root/data/visualizations/video/pullups_video8/frame_00044.png,"[303, 108, 688, 1162]",LEFT_WRIST,-0.7093186304691217,-0.3476584496925295,0.722929060459137,0.5751665309071541,0.37045545876026154,0.4719886062097788
00044,/Users/nikko/Downloads/moi-main/project_root/data/visualizations/video/pullups_video8/frame_00044.png,"[303, 108, 688, 1162]",LEFT_KNEE,-0.7613116470370507,0.7153203285131485,0.642969012260437,0.5751665309071541,0.37045545876026154,0.4719886062097788
00044,/Users/nikko/Downloads/moi-main/project_root/data/visualizations/video/pullups_video8/frame_00044.png,"[303, 108, 688, 1162]",LEFT_ANKLE,-0.9050628307086065,1.1298899851789852,0.658869743347168,0.5751665309071541,0.37045545876026154,0.4719886062097788
00044,/Users/nikko/Downloads/moi-main/project_root/data/visualizations/video/pullups_video8/frame_00044.png,"[303, 108, 688, 1162]",LEFT_EYE,0.09969759957293836,-0.5742516080310405,0.9980119466781616,0.5751665309071541,0.37045545876026154,0.4719886062097788
00044,/Users/nikko/Downloads/moi-main/project_root/data/visualizations/video/pullups_video8/frame_00044.png,"[303, 108, 688, 1162]",RIGHT_EYE,0.2693006489054983,-0.5701538160655771,0.998785674571991,0.5751665309071541,0.37045545876026154,0.4719886062097788
00045,/Users/nikko/Downloads/moi-main/project_root/data/visualizations/video/pullups_video8/frame_00045.png,"[301, 121, 687, 1167]",LEFT_SHOULDER,-0.26839096184920735,-0.34019147047926795,0.9999479055404663,0.5818080604076385,0.3633395656943321,0.4680424687989294
00045,/Users/nikko/Downloads/moi-main/project_root/data/visualizations/video/pullups_video8/frame_00045.png,"[301, 121, 687, 1167]",RIGHT_SHOULDER,0.708015942271228,-0.27545154521503235,0.9995885491371155,0.5818080604076385,0.3633395656943321,0.4680424687989294
00045,/Users/nikko/Downloads/moi-main/project_root/data/visualizations/video/pullups_video8/frame_00045.png,"[301, 121, 687, 1167]",LEFT_HIP,-0.44156991490556907,0.28947949262817146,0.9997128844261169,0.5818080604076385,0.3633395656943321,0.4680424687989294
00045,/Users/nikko/Downloads/moi-main/project_root/data/visualizations/video/pullups_video8/frame_00045.png,"[301, 121, 687, 1167]",RIGHT_HIP,0.0019449344835483775,0.32616352306612884,0.9995458722114563,0.5818080604076385,0.3633395656943321,0.4680424687989294
00045,/Users/nikko/Downloads/moi-main/project_root/data/visualizations/video/pullups_video8/frame_00045.png,"[301, 121, 687, 1167]",LEFT_ELBOW,-0.8393968556231014,-0.09520078618021757,0.8328596949577332,0.5818080604076385,0.3633395656943321,0.4680424687989294
00045,/Users/nikko/Downloads/moi-main/project_root/data/visualizations/video/pullups_video8/frame_00045.png,"[301, 121, 687, 1167]",LEFT_WRIST,-0.7057455679400642,-0.3756712270299328,0.5899943709373474,0.5818080604076385,0.3633395656943321,0.4680424687989294
00045,/Users/nikko/Downloads/moi-main/project_root/data/visualizations/video/pullups_video8/frame_00045.png,"[301, 121, 687, 1167]",LEFT_EYE,0.09402448127219819,-0.574757637053368,0.997914731502533,0.5818080604076385,0.3633395656943321,0.4680424687989294
00045,/Users/nikko/Downloads/moi-main/project_root/data/visualizations/video/pullups_video8/frame_00045.png,"[301, 121, 687, 1167]",RIGHT_EYE,0.25960949828740926,-0.5733514516503665,0.9987452030181885,0.5818080604076385,0.3633395656943321,0.4680424687989294
00046,/Users/nikko/Downloads/moi-main/project_root/data/visualizations/video/pullups_video8/frame_00046.png,"[297, 124, 686, 1173]",LEFT_SHOULDER,-0.24988871367948848,-0.34500884834297585,0.9999769926071167,0.5852888822555542,0.3649807423353195,0.4631536584970581
00046,/Users/nikko/Downloads/moi-main/project_root/data/visualizations/video/pullups_video8/frame_00046.png,"[297, 124, 686, 1173]",RIGHT_SHOULDER,0.7030178155201453,-0.27953163955852983,0.9998527765274048,0.5852888822555542,0.3649807423353195,0.4631536584970581
00046,/Users/nikko/Downloads/moi-main/project_root/data/visualizations/video/pullups_video8/frame_00046.png,"[297, 124, 686, 1173]",LEFT_HIP,-0.4452019976563916,0.2961553678626059,0.9998654127120972,0.5852888822555542,0.3649807423353195,0.4631536584970581
00046,/Users/nikko/Downloads/moi-main/project_root/data/visualizations/video/pullups_video8/frame_00046.png,"[297, 124, 686, 1173]",RIGHT_HIP,-0.007927104184265139,0.3283851200388998,0.9997928738594055,0.5852888822555542,0.3649807423353195,0.4631536584970581
00046,/Users/nikko/Downloads/moi-main/project_root/data/visualizations/video/pullups_video8/frame_00046.png,"[297, 124, 686, 1173]",LEFT_ELBOW,-0.8421613562696686,-0.10473498350779352,0.9473291039466858,0.5852888822555542,0.3649807423353195,0.4631536584970581
00046,/Users/nikko/Downloads/moi-main/project_root/data/visualizations/video/pullups_video8/frame_00046.png,"[297, 124, 686, 1173]",LEFT_WRIST,-0.7163982865860481,-0.375832822274277,0.788286566734314,0.5852888822555542,0.3649807423353195,0.4631536584970581
00046,/Users/nikko/Downloads/moi-main/project_root/data/visualizations/video/pullups_video8/frame_00046.png,"[297, 124, 686, 1173]",LEFT_KNEE,-0.8039986626587122,0.7528141976123156,0.6740773320198059,0.5852888822555542,0.3649807423353195,0.4631536584970581
00046,/Users/nikko/Downloads/moi-main/project_root/data/visualizations/video/pullups_video8/frame_00046.png,"[297, 124, 686, 1173]",LEFT_ANKLE,-0.9059390449824001,1.1823696330940063,0.6223195195198059,0.5852888822555542,0.3649807423353195,0.4631536584970581
00046,/Users/nikko/Downloads/moi-main/project_root/data/visualizations/video/pullups_video8/frame_00046.png,"[297, 124, 686, 1173]",LEFT_EYE,0.11426383323897507,-0.5713829657614021,0.9994955062866211,0.5852888822555542,0.3649807423353195,0.4631536584970581
00046,/Users/nikko/Downloads/moi-main/project_root/data/visualizations/video/pullups_video8/frame_00046.png,"[297, 124, 686, 1173]",RIGHT_EYE,0.26936273507370045,-0.568311191977383,0.9997369647026062,0.5852888822555542,0.3649807423353195,0.4631536584970581
00047,/Users/nikko/Downloads/moi-main/project_root/data/visualizations/video/pullups_video8/frame_00047.png,"[297, 132, 685, 1180]",LEFT_SHOULDER,-0.2550898511128515,-0.33457324052666804,0.9999687671661377,0.5823723673820496,0.3661938011646271,0.469429553186821
00047,/Users/nikko/Downloads/moi-main/project_root/data/visualizations/video/pullups_video8/frame_00047.png,"[297, 132, 685, 1180]",RIGHT_SHOULDER,0.7052662216608531,-0.28694534722074694,0.9998014569282532,0.5823723673820496,0.3661938011646271,0.469429553186821
00047,/Users/nikko/Downloads/moi-main/project_root/data/visualizations/video/pullups_video8/frame_00047.png,"[297, 132, 685, 1180]",LEFT_HIP,-0.4477014225433975,0.2933911062733699,0.9998465776443481,0.5823723673820496,0.3661938011646271,0.469429553186821
00047,/Users/nikko/Downloads/moi-main/project_root/data/visualizations/video/pullups_video8/frame_00047.png,"[297, 132, 685, 1180]",RIGHT_HIP,-0.002474948004604094,0.3281274814740451,0.9997754693031311,0.5823723673820496,0.3661938011646271,0.469429553186821
00047,/Users/nikko/Downloads/moi-main/project_root/data/visualizations/video/pullups_video8/frame_00047.png,"[297, 132, 685, 1180]",LEFT_ELBOW,-0.8416650984816975,-0.11654913864581044,0.9272019863128662,0.5823723673820496,0.3661938011646271,0.469429553186821
00047,/Users/nikko/Downloads/moi-main/project_root/data/visualizations/video/pullups_video8/frame_00047.png,"[297, 132, 685, 1180]",LEFT_WRIST,-0.7080301590794977,-0.41149553109342596,0.707112193107605,0.5823723673820496,0.3661938011646271,0.469429553186821
00047,/Users/nikko/Downloads/moi-main/project_root/data/visualizations/video/pullups_video8/frame_00047.png,"[297, 132, 685, 1180]",LEFT_KNEE,-0.7641679399131519,0.7393694484814257,0.5056049823760986,0.5823723673820496,0.3661938011646271,0.469429553186821
00047,/Users/nikko/Downloads/moi-main/project_root/data/visualizations/video/pullups_video8/frame_00047.png,"[297, 132, 685, 1180]",LEFT_EYE,0.11895304553567125,-0.5791877332705557,0.999279797077179,0.5823723673820496,0.3661938011646271,0.469429553186821
00047,/Users/nikko/Downloads/moi-main/project_root/data/visualizations/video/pullups_video8/frame_00047.png,"[297, 132, 685, 1180]",RIGHT_EYE,0.2785033899814636,-0.5715419571036544,0.9996065497398376,0.5823723673820496,0.3661938011646271,0.469429553186821
00048,/Users/nikko/Downloads/moi-main/project_root/data/visualizations/video/pullups_video8/frame_00048.png,"[297, 139, 685, 1191]",LEFT_SHOULDER,-0.246261386693429,-0.33862710093363096,0.9999754428863525,0.5786596983671188,0.3662368506193161,0.4674974288278644
00048,/Users/nikko/Downloads/moi-main/project_root/data/visualizations/video/pullups_video8/frame_00048.png,"[297, 139, 685, 1191]",RIGHT_SHOULDER,0.7057477693403933,-0.28719406570624384,0.9997811913490295,0.5786596983671188,0.3662368506193161,0.4674974288278644
00048,/Users/nikko/Downloads/moi-main/project_root/data/visualizations/video/pullups_video8/frame_00048.png,"[297, 139, 685, 1191]",LEFT_HIP,-0.4474292529209452,0.2971152018342083,0.9998520612716675,0.5786596983671188,0.3662368506193161,0.4674974288278644
00048,/Users/nikko/Downloads/moi-main/project_root/data/visualizations/video/pullups_video8/frame_00048.png,"[297, 139, 685, 1191]",RIGHT_HIP,-0.01205712972601911,0.3287059648056665,0.9997640252113342,0.5786596983671188,0.3662368506193161,0.4674974288278644
00048,/Users/nikko/Downloads/moi-main/project_root/data/visualizations/video/pullups_video8/frame_00048.png,"[297, 139, 685, 1191]",LEFT_ELBOW,-0.8578059192989663,-0.1314660343976997,0.9422584176063538,0.5786596983671188,0.3662368506193161,0.4674974288278644
00048,/Users/nikko/Downloads/moi-main/project_root/data/visualizations/video/pullups_video8/frame_00048.png,"[297, 139, 685, 1191]",LEFT_WRIST,-0.7058144822856537,-0.43713359356946974,0.7977054119110107,0.5786596983671188,0.3662368506193161,0.4674974288278644
00048,/Users/nikko/Downloads/moi-main/project_root/data/visualizations/video/pullups_video8/frame_00048.png,"[297, 139, 685, 1191]",LEFT_KNEE,-0.7777233555658828,0.7495725326223185,0.5478798747062683,0.5786596983671188,0.3662368506193161,0.4674974288278644
00048,/Users/nikko/Downloads/moi-main/project_root/data/visualizations/video/pullups_video8/frame_00048.png,"[297, 139, 685, 1191]",LEFT_ANKLE,-0.8921969047582446,1.1760844244527984,0.5014626979827881,0.5786596983671188,0.3662368506193161,0.4674974288278644
00048,/Users/nikko/Downloads/moi-main/project_root/data/visualizations/video/pullups_video8/frame_00048.png,"[297, 139, 685, 1191]",LEFT_EYE,0.12192439388668173,-0.5764736360925813,0.9994742274284363,0.5786596983671188,0.3662368506193161,0.4674974288278644
00048,/Users/nikko/Downloads/moi-main/project_root/data/visualizations/video/pullups_video8/frame_00048.png,"[297, 139, 685, 1191]",RIGHT_EYE,0.28410780309861194,-0.5666519478333278,0.999677300453186,0.5786596983671188,0.3662368506193161,0.4674974288278644
00049,/Users/nikko/Downloads/moi-main/project_root/data/visualizations/video/pullups_video8/frame_00049.png,"[297, 139, 685, 1191]",LEFT_SHOULDER,-0.2459419851547796,-0.33856512429416286,0.9999765157699585,0.5785339176654816,0.366244412958622,0.46743633511621024
00049,/Users/nikko/Downloads/moi-main/project_root/data/visualizations/video/pullups_video8/frame_00049.png,"[297, 139, 685, 1191]",RIGHT_SHOULDER,0.7055776184533294,-0.2873314930631137,0.9998007416725159,0.5785339176654816,0.366244412958622,0.46743633511621024
00049,/Users/nikko/Downloads/moi-main/project_root/data/visualizations/video/pullups_video8/frame_00049.png,"[297, 139, 685, 1191]",LEFT_HIP,-0.4475962141934078,0.2970585426575513,0.9998533725738525,0.5785339176654816,0.366244412958622,0.46743633511621024
00049,/Users/nikko/Downloads/moi-main/project_root/data/visualizations/video/pullups_video8/frame_00049.png,"[297, 139, 685, 1191]",RIGHT_HIP,-0.01203941910514202,0.32883807469972526,0.9997630715370178,0.5785339176654816,0.366244412958622,0.46743633511621024
00049,/Users/nikko/Downloads/moi-main/project_root/data/visualizations/video/pullups_video8/frame_00049.png,"[297, 139, 685, 1191]",LEFT_ELBOW,-0.8577728595228493,-0.13148351979285433,0.9568984508514404,0.5785339176654816,0.366244412958622,0.46743633511621024
00049,/Users/nikko/Downloads/moi-main/project_root/data/visualizations/video/pullups_video8/frame_00049.png,"[297, 139, 685, 1191]",LEFT_WRIST,-0.7058643654065917,-0.4369199349542993,0.8189289569854736,0.5785339176654816,0.366244412958622,0.46743633511621024
00049,/Users/nikko/Downloads/moi-main/project_root/data/visualizations/video/pullups_video8/frame_00049.png,"[297, 139, 685, 1191]",LEFT_KNEE,-0.7785241944112481,0.7493104180007353,0.6036329865455627,0.5785339176654816,0.366244412958622,0.46743633511621024
00049,/Users/nikko/Downloads/moi-main/project_root/data/visualizations/video/pullups_video8/frame_00049.png,"[297, 139, 685, 1191]",LEFT_ANKLE,-0.892852356474512,1.1762278254510232,0.5686993598937988,0.5785339176654816,0.366244412958622,0.46743633511621024
00049,/Users/nikko/Downloads/moi-main/project_root/data/visualizations/video/pullups_video8/frame_00049.png,"[297, 139, 685, 1191]",LEFT_EYE,0.12302626986665682,-0.5769310604850076,0.9995243549346924,0.5785339176654816,0.366244412958622,0.46743633511621024
00049,/Users/nikko/Downloads/moi-main/project_root/data/visualizations/video/pullups_video8/frame_00049.png,"[297, 139, 685, 1191]",RIGHT_EYE,0.28522462819212085,-0.5671582015107103,0.9997162222862244,0.5785339176654816,0.366244412958622,0.46743633511621024
00050,/Users/nikko/Downloads/moi-main/project_root/data/visualizations/video/pullups_video8/frame_00050.png,"[292, 159, 684, 1201]",LEFT_SHOULDER,-0.24802310881820747,-0.33918313201880984,0.9999557733535767,0.5876562371850014,0.3625691086053848,0.4660833083188145
00050,/Users/nikko/Downloads/moi-main/project_root/data/visualizations/video/pullups_video8/frame_00050.png,"[292, 159, 684, 1201]",RIGHT_SHOULDER,0.7019001196991224,-0.2893504065817001,0.999444305896759,0.5876562371850014,0.3625691086053848,0.4660833083188145
00050,/Users/nikko/Downloads/moi-main/project_root/data/visualizations/video/pullups_video8/frame_00050.png,"[292, 159, 684, 1201]",LEFT_HIP,-0.44469063234164125,0.2965698477233328,0.9997668862342834,0.5876562371850014,0.3625691086053848,0.4660833083188145
00050,/Users/nikko/Downloads/moi-main/project_root/data/visualizations/video/pullups_video8/frame_00050.png,"[292, 159, 684, 1201]",RIGHT_HIP,-0.009186378539273645,0.33196369087717714,0.9995779395103455,0.5876562371850014,0.3625691086053848,0.4660833083188145
00050,/Users/nikko/Downloads/moi-main/project_root/data/visualizations/video/pullups_video8/frame_00050.png,"[292, 159, 684, 1201]",LEFT_ELBOW,-0.8725048315114863,-0.16333897662624688,0.9181084036827087,0.5876562371850014,0.3625691086053848,0.4660833083188145
00050,/Users/nikko/Downloads/moi-main/project_root/data/visualizations/video/pullups_video8/frame_00050.png,"[292, 159, 684, 1201]",LEFT_WRIST,-0.7024160361327155,-0.4716694618811237,0.736534595489502,0.5876562371850014,0.3625691086053848,0.4660833083188145
00050,/Users/nikko/Downloads/moi-main/project_root/data/visualizations/video/pullups_video8/frame_00050.png,"[292, 159, 684, 1201]",LEFT_EYE,0.14849586868591175,-0.5764596123261125,0.998892605304718,0.5876562371850014,0.3625691086053848,0.4660833083188145
00050,/Users/nikko/Downloads/moi-main/project_root/data/visualizations/video/pullups_video8/frame_00050.png,"[292, 159, 684, 1201]",RIGHT_EYE,0.3261871180881672,-0.5648134630357966,0.9992073178291321,0.5876562371850014,0.3625691086053848,0.4660833083188145
00051,/Users/nikko/Downloads/moi-main/project_root/data/visualizations/video/pullups_video8/frame_00051.png,"[294, 174, 684, 1215]",LEFT_SHOULDER,-0.25532968536369643,-0.34447230394680045,0.9999552965164185,0.5847794488072395,0.3597477748990059,0.4605690928195748
00051,/Users/nikko/Downloads/moi-main/project_root/data/visualizations/video/pullups_video8/frame_00051.png,"[294, 174, 684, 1215]",RIGHT_SHOULDER,0.7012934878901985,-0.28956583146628084,0.9995469450950623,0.5847794488072395,0.3597477748990059,0.4605690928195748
00051,/Users/nikko/Downloads/moi-main/project_root/data/visualizations/video/pullups_video8/frame_00051.png,"[294, 174, 684, 1215]",LEFT_HIP,-0.4348349843998401,0.30231125583595897,0.9996768236160278,0.5847794488072395,0.3597477748990059,0.4605690928195748
00051,/Users/nikko/Downloads/moi-main/project_root/data/visualizations/video/pullups_video8/frame_00051.png,"[294, 174, 684, 1215]",RIGHT_HIP,-0.011128818126662013,0.3317268795771224,0.9994481205940247,0.5847794488072395,0.3597477748990059,0.4605690928195748
00051,/Users/nikko/Downloads/moi-main/project_root/data/visualizations/video/pullups_video8/frame_00051.png,"[294, 174, 684, 1215]",LEFT_ELBOW,-0.8821183367371437,-0.193983188613469,0.9088484048843384,0.5847794488072395,0.3597477748990059,0.4605690928195748
00051,/Users/nikko/Downloads/moi-main/project_root/data/visualizations/video/pullups_video8/frame_00051.png,"[294, 174, 684, 1215]",LEFT_WRIST,-0.7234230030879685,-0.4901337143746875,0.7380795478820801,0.5847794488072395,0.3597477748990059,0.4605690928195748
00051,/Users/nikko/Downloads/moi-main/project_root/data/visualizations/video/pullups_video8/frame_00051.png,"[294, 174, 684, 1215]",LEFT_EYE,0.13008103269675828,-0.5921351574031558,0.9990654587745667,0.5847794488072395,0.3597477748990059,0.4605690928195748
00051,/Users/nikko/Downloads/moi-main/project_root/data/visualizations/video/pullups_video8/frame_00051.png,"[294, 174, 684, 1215]",RIGHT_EYE,0.2990672695338915,-0.5790589801165763,0.9993884563446045,0.5847794488072395,0.3597477748990059,0.4605690928195748
00052,/Users/nikko/Downloads/moi-main/project_root/data/visualizations/video/pullups_video8/frame_00052.png,"[288, 188, 683, 1237]",LEFT_SHOULDER,-0.23096676673753147,-0.34221127533523094,0.9999567270278931,0.5979526489973068,0.35787416249513626,0.46892411370551346
00052,/Users/nikko/Downloads/moi-main/project_root/data/visualizations/video/pullups_video8/frame_00052.png,"[288, 188, 683, 1237]",RIGHT_SHOULDER,0.6999975149773834,-0.28824394520394375,0.9995744824409485,0.5979526489973068,0.35787416249513626,0.46892411370551346
00052,/Users/nikko/Downloads/moi-main/project_root/data/visualizations/video/pullups_video8/frame_00052.png,"[288, 188, 683, 1237]",LEFT_HIP,-0.45238644465035066,0.29964638582660247,0.999832034111023,0.5979526489973068,0.35787416249513626,0.46892411370551346
00052,/Users/nikko/Downloads/moi-main/project_root/data/visualizations/video/pullups_video8/frame_00052.png,"[288, 188, 683, 1237]",RIGHT_HIP,-0.01664430358950117,0.33080883471257216,0.9997069239616394,0.5979526489973068,0.35787416249513626,0.46892411370551346
00052,/Users/nikko/Downloads/moi-main/project_root/data/visualizations/video/pullups_video8/frame_00052.png,"[288, 188, 683, 1237]",LEFT_ELBOW,-0.8771365494401065,-0.22538569655034205,0.9689114093780518,0.5979526489973068,0.35787416249513626,0.46892411370551346
00052,/Users/nikko/Downloads/moi-main/project_root/data/visualizations/video/pullups_video8/frame_00052.png,"[288, 188, 683, 1237]",LEFT_WRIST,-0.7170096412822825,-0.5183899350156854,0.8241418600082397,0.5979526489973068,0.35787416249513626,0.46892411370551346
00052,/Users/nikko/Downloads/moi-main/project_root/data/visualizations/video/pullups_video8/frame_00052.png,"[288, 188, 683, 1237]",LEFT_KNEE,-0.7728758263905555,0.7485232456685984,0.7219013571739197,0.5979526489973068,0.35787416249513626,0.46892411370551346
00052,/Users/nikko/Downloads/moi-main/project_root/data/visualizations/video/pullups_video8/frame_00052.png,"[288, 188, 683, 1237]",LEFT_ANKLE,-0.8908748470252503,1.1891881416437609,0.6526613235473633,0.5979526489973068,0.35787416249513626,0.46892411370551346
00052,/Users/nikko/Downloads/moi-main/project_root/data/visualizations/video/pullups_video8/frame_00052.png,"[288, 188, 683, 1237]",LEFT_EYE,0.11098773179841012,-0.5554459365658957,0.9996403455734253,0.5979526489973068,0.35787416249513626,0.46892411370551346
00052,/Users/nikko/Downloads/moi-main/project_root/data/visualizations/video/pullups_video8/frame_00052.png,"[288, 188, 683, 1237]",RIGHT_EYE,0.28318545338001316,-0.5501609199707587,0.9997605681419373,0.5979526489973068,0.35787416249513626,0.46892411370551346
00053,/Users/nikko/Downloads/moi-main/project_root/data/visualizations/video/pullups_video8/frame_00053.png,"[288, 188, 683, 1237]",LEFT_SHOULDER,-0.23003426025879825,-0.3421733843672628,0.999957799911499,0.5982363075017929,0.35778839886188507,0.4694606708116634
00053,/Users/nikko/Downloads/moi-main/project_root/data/visualizations/video/pullups_video8/frame_00053.png,"[288, 188, 683, 1237]",RIGHT_SHOULDER,0.6997990279905149,-0.2878952220782214,0.9995597004890442,0.5982363075017929,0.35778839886188507,0.4694606708116634
00053,/Users/nikko/Downloads/moi-main/project_root/data/visualizations/video/pullups_video8/frame_00053.png,"[288, 188, 683, 1237]",LEFT_HIP,-0.4533176179012891,0.29937988540152183,0.9998407363891602,0.5982363075017929,0.35778839886188507,0.4694606708116634
00053,/Users/nikko/Downloads/moi-main/project_root/data/visualizations/video/pullups_video8/frame_00053.png,"[288, 188, 683, 1237]",RIGHT_HIP,-0.01644714983042756,0.33068872104396235,0.9997159838676453,0.5982363075017929,0.35778839886188507,0.4694606708116634
00053,/Users/nikko/Downloads/moi-main/project_root/data/visualizations/video/pullups_video8/frame_00053.png,"[288, 188, 683, 1237]",LEFT_ELBOW,-0.8755051973336259,-0.22475528402739461,0.9672954082489014,0.5982363075017929,0.35778839886188507,0.4694606708116634
00053,/Users/nikko/Downloads/moi-main/project_root/data/visualizations/video/pullups_video8/frame_00053.png,"[288, 188, 683, 1237]",LEFT_WRIST,-0.7154262754974255,-0.5176593345039721,0.8242394328117371,0.5982363075017929,0.35778839886188507,0.4694606708116634
00053,/Users/nikko/Downloads/moi-main/project_root/data/visualizations/video/pullups_video8/frame_00053.png,"[288, 188, 683, 1237]",LEFT_KNEE,-0.7683733145724478,0.7486646478301449,0.7147260308265686,0.5982363075017929,0.35778839886188507,0.4694606708116634
00053,/Users/nikko/Downloads/moi-main/project_root/data/visualizations/video/pullups_video8/frame_00053.png,"[288, 188, 683, 1237]",LEFT_ANKLE,-0.8917788824821588,1.1873260712918978,0.663195788860321,0.5982363075017929,0.35778839886188507,0.4694606708116634
00053,/Users/nikko/Downloads/moi-main/project_root/data/visualizations/video/pullups_video8/frame_00053.png,"[288, 188, 683, 1237]",LEFT_EYE,0.11171674633683203,-0.5546085496473591,0.9996219873428345,0.5982363075017929,0.35778839886188507,0.4694606708116634
00053,/Users/nikko/Downloads/moi-main/project_root/data/visualizations/video/pullups_video8/frame_00053.png,"[288, 188, 683, 1237]",RIGHT_EYE,0.2824411623728323,-0.5493025935477742,0.9997461438179016,0.5982363075017929,0.35778839886188507,0.4694606708116634
00054,/Users/nikko/Downloads/moi-main/project_root/data/visualizations/video/pullups_video8/frame_00054.png,"[296, 198, 683, 1247]",LEFT_SHOULDER,-0.2332840425653345,-0.33629277367250865,0.9999592304229736,0.5866130441427231,0.36155179142951965,0.4766996747554429
00054,/Users/nikko/Downloads/moi-main/project_root/data/visualizations/video/pullups_video8/frame_00054.png,"[296, 198, 683, 1247]",RIGHT_SHOULDER,0.7057547670667514,-0.2813029187947877,0.9994877576828003,0.5866130441427231,0.36155179142951965,0.4766996747554429
00054,/Users/nikko/Downloads/moi-main/project_root/data/visualizations/video/pullups_video8/frame_00054.png,"[296, 198, 683, 1247]",LEFT_HIP,-0.461911461265706,0.29037003305860515,0.9998192191123962,0.5866130441427231,0.36155179142951965,0.4766996747554429
00054,/Users/nikko/Downloads/moi-main/project_root/data/visualizations/video/pullups_video8/frame_00054.png,"[296, 198, 683, 1247]",RIGHT_HIP,-0.01055926323571101,0.3272256594086912,0.9996805191040039,0.5866130441427231,0.36155179142951965,0.4766996747554429
00054,/Users/nikko/Downloads/moi-main/project_root/data/visualizations/video/pullups_video8/frame_00054.png,"[296, 198, 683, 1247]",LEFT_ELBOW,-0.8603866010873061,-0.2568066684455626,0.8980116844177246,0.5866130441427231,0.36155179142951965,0.4766996747554429
00054,/Users/nikko/Downloads/moi-main/project_root/data/visualizations/video/pullups_video8/frame_00054.png,"[296, 198, 683, 1247]",LEFT_WRIST,-0.7262808102111961,-0.5349117902397279,0.8070018887519836,0.5866130441427231,0.36155179142951965,0.4766996747554429
00054,/Users/nikko/Downloads/moi-main/project_root/data/visualizations/video/pullups_video8/frame_00054.png,"[296, 198, 683, 1247]",LEFT_EYE,0.13046202154109987,-0.5683738756515777,0.9995017051696777,0.5866130441427231,0.36155179142951965,0.4766996747554429
00054,/Users/nikko/Downloads/moi-main/project_root/data/visualizations/video/pullups_video8/frame_00054.png,"[296, 198, 683, 1247]",RIGHT_EYE,0.31158699416106295,-0.5623216931640069,0.9995972514152527,0.5866130441427231,0.36155179142951965,0.4766996747554429
00055,/Users/nikko/Downloads/moi-main/project_root/data/visualizations/video/pullups_video8/frame_00055.png,"[294, 208, 684, 1259]",LEFT_SHOULDER,-0.22396128344829824,-0.331826942398248,0.9999278783798218,0.5867501646280289,0.3636754974722862,0.4731817458407054
00055,/Users/nikko/Downloads/moi-main/project_root/data/visualizations/video/pullups_video8/frame_00055.png,"[294, 208, 684, 1259]",RIGHT_SHOULDER,0.7103154653897289,-0.2923562997139255,0.9995537400245667,0.5867501646280289,0.3636754974722862,0.4731817458407054
00055,/Users/nikko/Downloads/moi-main/project_root/data/visualizations/video/pullups_video8/frame_00055.png,"[294, 208, 684, 1259]",LEFT_HIP,-0.45895561449683764,0.29132209026043593,0.9997180104255676,0.5867501646280289,0.3636754974722862,0.4731817458407054
00055,/Users/nikko/Downloads/moi-main/project_root/data/visualizations/video/pullups_video8/frame_00055.png,"[294, 208, 684, 1259]",RIGHT_HIP,-0.02739856744459306,0.3328611518517376,0.9995505213737488,0.5867501646280289,0.3636754974722862,0.4731817458407054
00055,/Users/nikko/Downloads/moi-main/project_root/data/visualizations/video/pullups_video8/frame_00055.png,"[294, 208, 684, 1259]",LEFT_ELBOW,-0.8685941980869135,-0.27478150965813064,0.9672139883041382,0.5867501646280289,0.3636754974722862,0.4731817458407054
00055,/Users/nikko/Downloads/moi-main/project_root/data/visualizations/video/pullups_video8/frame_00055.png,"[294, 208, 684, 1259]",LEFT_WRIST,-0.7257891799445534,-0.5555060313057978,0.7878839373588562,0.5867501646280289,0.3636754974722862,0.4731817458407054
00055,/Users/nikko/Downloads/moi-main/project_root/data/visualizations/video/pullups_video8/frame_00055.png,"[294, 208, 684, 1259]",LEFT_KNEE,-0.7717456678285621,0.73604531867106,0.6756948232650757,0.5867501646280289,0.3636754974722862,0.4731817458407054
00055,/Users/nikko/Downloads/moi-main/project_root/data/visualizations/video/pullups_video8/frame_00055.png,"[294, 208, 684, 1259]",LEFT_ANKLE,-0.8874976108047079,1.1651348246637259,0.6607131958007812,0.5867501646280289,0.3636754974722862,0.4731817458407054
00055,/Users/nikko/Downloads/moi-main/project_root/data/visualizations/video/pullups_video8/frame_00055.png,"[294, 208, 684, 1259]",LEFT_EYE,0.11169144034428488,-0.577038661991128,0.9994307160377502,0.5867501646280289,0.3636754974722862,0.4731817458407054
00055,/Users/nikko/Downloads/moi-main/project_root/data/visualizations/video/pullups_video8/frame_00055.png,"[294, 208, 684, 1259]",RIGHT_EYE,0.27983378706613943,-0.573114769103466,0.9996848106384277,0.5867501646280289,0.3636754974722862,0.4731817458407054
00056,/Users/nikko/Downloads/moi-main/project_root/data/visualizations/video/pullups_video8/frame_00056.png,"[301, 216, 684, 1273]",LEFT_SHOULDER,-0.21111554751152242,-0.3242534224521844,0.9998036026954651,0.566045731306076,0.37004557251930237,0.481210653702815
00056,/Users/nikko/Downloads/moi-main/project_root/data/visualizations/video/pullups_video8/frame_00056.png,"[301, 216, 684, 1273]",RIGHT_SHOULDER,0.7166297172645091,-0.2965346557877755,0.999242901802063,0.566045731306076,0.37004557251930237,0.481210653702815
00056,/Users/nikko/Downloads/moi-main/project_root/data/visualizations/video/pullups_video8/frame_00056.png,"[301, 216, 684, 1273]",LEFT_HIP,-0.46913242145841005,0.29161354167963116,0.9997468590736389,0.566045731306076,0.37004557251930237,0.481210653702815
00056,/Users/nikko/Downloads/moi-main/project_root/data/visualizations/video/pullups_video8/frame_00056.png,"[301, 216, 684, 1273]",RIGHT_HIP,-0.03638174829457653,0.32917453656032875,0.9997178912162781,0.566045731306076,0.37004557251930237,0.481210653702815
00056,/Users/nikko/Downloads/moi-main/project_root/data/visualizations/video/pullups_video8/frame_00056.png,"[301, 216, 684, 1273]",LEFT_ELBOW,-0.8589219418676517,-0.29718574655821245,0.5885859131813049,0.566045731306076,0.37004557251930237,0.481210653702815
00056,/Users/nikko/Downloads/moi-main/project_root/data/visualizations/video/pullups_video8/frame_00056.png,"[301, 216, 684, 1273]",LEFT_EYE,0.14273863022221525,-0.5734171216978484,0.997811496257782,0.566045731306076,0.37004557251930237,0.481210653702815
00056,/Users/nikko/Downloads/moi-main/project_root/data/visualizations/video/pullups_video8/frame_00056.png,"[301, 216, 684, 1273]",RIGHT_EYE,0.328725653662571,-0.5690314713775095,0.9988672733306885,0.566045731306076,0.37004557251930237,0.481210653702815
00057,/Users/nikko/Downloads/moi-main/project_root/data/visualizations/video/pullups_video8/frame_00057.png,"[301, 216, 684, 1273]",LEFT_SHOULDER,-0.2091901593992482,-0.32509879237294736,0.9997780919075012,0.5652376264333725,0.37011392414569855,0.4793723196406108
00057,/Users/nikko/Downloads/moi-main/project_root/data/visualizations/video/pullups_video8/frame_00057.png,"[301, 216, 684, 1273]",RIGHT_SHOULDER,0.7145455648102625,-0.2985266911081849,0.9993495345115662,0.5652376264333725,0.37011392414569855,0.4793723196406108
00057,/Users/nikko/Downloads/moi-main/project_root/data/visualizations/video/pullups_video8/frame_00057.png,"[301, 216, 684, 1273]",LEFT_HIP,-0.46804828440487467,0.2933088076061201,0.9997316002845764,0.5652376264333725,0.37011392414569855,0.4793723196406108
00057,/Users/nikko/Downloads/moi-main/project_root/data/visualizations/video/pullups_video8/frame_00057.png,"[301, 216, 684, 1273]",RIGHT_HIP,-0.03730712100613963,0.3303166758750122,0.9997243285179138,0.5652376264333725,0.37011392414569855,0.4793723196406108
00057,/Users/nikko/Downloads/moi-main/project_root/data/visualizations/video/pullups_video8/frame_00057.png,"[301, 216, 684, 1273]",LEFT_ELBOW,-0.8606900701739915,-0.2984050876275458,0.5463486313819885,0.5652376264333725,0.37011392414569855,0.4793723196406108
00057,/Users/nikko/Downloads/moi-main/project_root/data/visualizations/video/pullups_video8/frame_00057.png,"[301, 216, 684, 1273]",LEFT_EYE,0.14441883633824862,-0.5753663402033646,0.9981252551078796,0.5652376264333725,0.37011392414569855,0.4793723196406108
00057,/Users/nikko/Downloads/moi-main/project_root/data/visualizations/video/pullups_video8/frame_00057.png,"[301, 216, 684, 1273]",RIGHT_EYE,0.33091717077250343,-0.5709570949797623,0.9991270899772644,0.5652376264333725,0.37011392414569855,0.4793723196406108
00058,/Users/nikko/Downloads/moi-main/project_root/data/visualizations/video/pullups_video8/frame_00058.png,"[304, 227, 682, 1284]",LEFT_SHOULDER,-0.21162536235193022,-0.32938076480438894,0.9997110962867737,0.5752853602170944,0.37153930217027664,0.4871993642802637
00058,/Users/nikko/Downloads/moi-main/project_root/data/visualizations/video/pullups_video8/frame_00058.png,"[304, 227, 682, 1284]",RIGHT_SHOULDER,0.715858009093064,-0.2965753507335485,0.9988442659378052,0.5752853602170944,0.37153930217027664,0.4871993642802637
00058,/Users/nikko/Downloads/moi-main/project_root/data/visualizations/video/pullups_video8/frame_00058.png,"[304, 227, 682, 1284]",LEFT_HIP,-0.4618656111758488,0.29429793527490106,0.9994810223579407,0.5752853602170944,0.37153930217027664,0.4871993642802637
00058,/Users/nikko/Downloads/moi-main/project_root/data/visualizations/video/pullups_video8/frame_00058.png,"[304, 227, 682, 1284]",RIGHT_HIP,-0.042367035565284906,0.33165818026303645,0.9993952512741089,0.5752853602170944,0.37153930217027664,0.4871993642802637
00058,/Users/nikko/Downloads/moi-main/project_root/data/visualizations/video/pullups_video8/frame_00058.png,"[304, 227, 682, 1284]",LEFT_EYE,0.1325056596995055,-0.5618244406134224,0.9986215829849243,0.5752853602170944,0.37153930217027664,0.4871993642802637
00058,/Users/nikko/Downloads/moi-main/project_root/data/visualizations/video/pullups_video8/frame_00058.png,"[304, 227, 682, 1284]",RIGHT_EYE,0.32388710139477034,-0.556009493435316,0.9992550015449524,0.5752853602170944,0.37153930217027664,0.4871993642802637
00059,/Users/nikko/Downloads/moi-main/project_root/data/visualizations/video/pullups_video8/frame_00059.png,"[306, 237, 681, 1293]",LEFT_SHOULDER,-0.20827948750472713,-0.3330572206447583,0.999556839466095,0.5687953308224678,0.37239138782024384,0.4791199075201028
00059,/Users/nikko/Downloads/moi-main/project_root/data/visualizations/video/pullups_video8/frame_00059.png,"[306, 237, 681, 1293]",RIGHT_SHOULDER,0.7250614179363061,-0.29637570007195685,0.9985215067863464,0.5687953308224678,0.37239138782024384,0.4791199075201028
00059,/Users/nikko/Downloads/moi-main/project_root/data/visualizations/video/pullups_video8/frame_00059.png,"[306, 237, 681, 1293]",LEFT_HIP,-0.4536216552421755,0.2984154353039902,0.9990599751472473,0.5687953308224678,0.37239138782024384,0.4791199075201028
00059,/Users/nikko/Downloads/moi-main/project_root/data/visualizations/video/pullups_video8/frame_00059.png,"[306, 237, 681, 1293]",RIGHT_HIP,-0.06316027518940338,0.3310174854127249,0.9991027116775513,0.5687953308224678,0.37239138782024384,0.4791199075201028
00059,/Users/nikko/Downloads/moi-main/project_root/data/visualizations/video/pullups_video8/frame_00059.png,"[306, 237, 681, 1293]",LEFT_EYE,0.14044190075437735,-0.5641649077171368,0.9980258941650391,0.5687953308224678,0.37239138782024384,0.4791199075201028
00059,/Users/nikko/Downloads/moi-main/project_root/data/visualizations/video/pullups_video8/frame_00059.png,"[306, 237, 681, 1293]",RIGHT_EYE,0.3383534443049585,-0.5598769354081757,0.9991186261177063,0.5687953308224678,0.37239138782024384,0.4791199075201028
00060,/Users/nikko/Downloads/moi-main/project_root/data/visualizations/video/pullups_video8/frame_00060.png,"[306, 237, 681, 1293]",LEFT_SHOULDER,-0.21099340118263568,-0.3324932163900098,0.9994730353355408,0.568968154489994,0.37257449328899384,0.4798704276580724
00060,/Users/nikko/Downloads/moi-main/project_root/data/visualizations/video/pullups_video8/frame_00060.png,"[306, 237, 681, 1293]",RIGHT_SHOULDER,0.7252341676311311,-0.29590980676686063,0.9985432624816895,0.568968154489994,0.37257449328899384,0.4798704276580724
00060,/Users/nikko/Downloads/moi-main/project_root/data/visualizations/video/pullups_video8/frame_00060.png,"[306, 237, 681, 1293]",LEFT_HIP,-0.45372924088004474,0.2977512181309816,0.9990677237510681,0.568968154489994,0.37257449328899384,0.4798704276580724
00060,/Users/nikko/Downloads/moi-main/project_root/data/visualizations/video/pullups_video8/frame_00060.png,"[306, 237, 681, 1293]",RIGHT_HIP,-0.06051152556845068,0.33065180502588876,0.9991487264633179,0.568968154489994,0.37257449328899384,0.4798704276580724
00060,/Users/nikko/Downloads/moi-main/project_root/data/visualizations/video/pullups_video8/frame_00060.png,"[306, 237, 681, 1293]",LEFT_EYE,0.14024678025519446,-0.5636556769802797,0.9976032376289368,0.568968154489994,0.37257449328899384,0.4798704276580724
00060,/Users/nikko/Downloads/moi-main/project_root/data/visualizations/video/pullups_video8/frame_00060.png,"[306, 237, 681, 1293]",RIGHT_EYE,0.3376637162908991,-0.5591192840062207,0.9989997744560242,0.568968154489994,0.37257449328899384,0.4798704276580724
00061,/Users/nikko/Downloads/moi-main/project_root/data/visualizations/video/pullups_video8/frame_00061.png,"[305, 244, 680, 1313]",LEFT_SHOULDER,-0.2301258516958116,-0.3258392471690461,0.9998087286949158,0.5732180401682854,0.36782853305339813,0.4824783880578498
00061,/Users/nikko/Downloads/moi-main/project_root/data/visualizations/video/pullups_video8/frame_00061.png,"[305, 244, 680, 1313]",RIGHT_SHOULDER,0.7315356955289721,-0.2902128508376927,0.9996032118797302,0.5732180401682854,0.36782853305339813,0.4824783880578498
00061,/Users/nikko/Downloads/moi-main/project_root/data/visualizations/video/pullups_video8/frame_00061.png,"[305, 244, 680, 1313]",LEFT_HIP,-0.45708709546285287,0.2910122065468088,0.999639630317688,0.5732180401682854,0.36782853305339813,0.4824783880578498
00061,/Users/nikko/Downloads/moi-main/project_root/data/visualizations/video/pullups_video8/frame_00061.png,"[305, 244, 680, 1313]",RIGHT_HIP,-0.04432274837030765,0.32503989145993006,0.9996010661125183,0.5732180401682854,0.36782853305339813,0.4824783880578498
00061,/Users/nikko/Downloads/moi-main/project_root/data/visualizations/video/pullups_video8/frame_00061.png,"[305, 244, 680, 1313]",LEFT_ELBOW,-0.8528675581792734,-0.342111364615556,0.828083872795105,0.5732180401682854,0.36782853305339813,0.4824783880578498
00061,/Users/nikko/Downloads/moi-main/project_root/data/visualizations/video/pullups_video8/frame_00061.png,"[305, 244, 680, 1313]",LEFT_WRIST,-0.6961149289909614,-0.6199459381171719,0.6139361262321472,0.5732180401682854,0.36782853305339813,0.4824783880578498
00061,/Users/nikko/Downloads/moi-main/project_root/data/visualizations/video/pullups_video8/frame_00061.png,"[305, 244, 680, 1313]",LEFT_KNEE,-0.7373466983642093,0.7030654044021194,0.6198816895484924,0.5732180401682854,0.36782853305339813,0.4824783880578498
00061,/Users/nikko/Downloads/moi-main/project_root/data/visualizations/video/pullups_video8/frame_00061.png,"[305, 244, 680, 1313]",LEFT_EYE,0.17708957943838227,-0.54108255763898,0.9985063672065735,0.5732180401682854,0.36782853305339813,0.4824783880578498
00061,/Users/nikko/Downloads/moi-main/project_root/data/visualizations/video/pullups_video8/frame_00061.png,"[305, 244, 680, 1313]",RIGHT_EYE,0.3784423472026053,-0.5384652714859265,0.9993590712547302,0.5732180401682854,0.36782853305339813,0.4824783880578498
00062,/Users/nikko/Downloads/moi-main/project_root/data/visualizations/video/pullups_video8/frame_00062.png,"[304, 251, 679, 1311]",LEFT_SHOULDER,-0.2421960281563158,-0.3406002024751109,0.9992006421089172,0.5768053829669952,0.3784601241350174,0.48183541072867536
00062,/Users/nikko/Downloads/moi-main/project_root/data/visualizations/video/pullups_video8/frame_00062.png,"[304, 251, 679, 1311]",RIGHT_SHOULDER,0.714857235841976,-0.29793059437281916,0.9975320100784302,0.5768053829669952,0.3784601241350174,0.48183541072867536
00062,/Users/nikko/Downloads/moi-main/project_root/data/visualizations/video/pullups_video8/frame_00062.png,"[304, 251, 679, 1311]",LEFT_HIP,-0.4303480507285023,0.2996761102095054,0.999123752117157,0.5768053829669952,0.3784601241350174,0.48183541072867536
00062,/Users/nikko/Downloads/moi-main/project_root/data/visualizations/video/pullups_video8/frame_00062.png,"[304, 251, 679, 1311]",RIGHT_HIP,-0.042313156957157885,0.3388546866384246,0.9990664124488831,0.5768053829669952,0.3784601241350174,0.48183541072867536
00062,/Users/nikko/Downloads/moi-main/project_root/data/visualizations/video/pullups_video8/frame_00062.png,"[304, 251, 679, 1311]",LEFT_EYE,0.16427709434468143,-0.5449735045499793,0.9962115287780762,0.5768053829669952,0.3784601241350174,0.48183541072867536
00062,/Users/nikko/Downloads/moi-main/project_root/data/visualizations/video/pullups_video8/frame_00062.png,"[304, 251, 679, 1311]",RIGHT_EYE,0.36450342783933276,-0.5420236749449602,0.9979526996612549,0.5768053829669952,0.3784601241350174,0.48183541072867536
00063,/Users/nikko/Downloads/moi-main/project_root/data/visualizations/video/pullups_video8/frame_00063.png,"[304, 254, 678, 1340]",LEFT_SHOULDER,-0.23387651881304117,-0.3373406907385868,0.9986876845359802,0.579669363796711,0.3779178038239479,0.4715945255776958
00063,/Users/nikko/Downloads/moi-main/project_root/data/visualizations/video/pullups_video8/frame_00063.png,"[304, 254, 678, 1340]",RIGHT_SHOULDER,0.721496674910111,-0.3019359928356881,0.9982289671897888,0.579669363796711,0.3779178038239479,0.4715945255776958
00063,/Users/nikko/Downloads/moi-main/project_root/data/visualizations/video/pullups_video8/frame_00063.png,"[304, 254, 678, 1340]",LEFT_HIP,-0.4331563326552511,0.30424193954156575,0.999256432056427,0.579669363796711,0.3779178038239479,0.4715945255776958
00063,/Users/nikko/Downloads/moi-main/project_root/data/visualizations/video/pullups_video8/frame_00063.png,"[304, 254, 678, 1340]",RIGHT_HIP,-0.0544638234418188,0.33503474403270916,0.9992319345474243,0.579669363796711,0.3779178038239479,0.4715945255776958
00063,/Users/nikko/Downloads/moi-main/project_root/data/visualizations/video/pullups_video8/frame_00063.png,"[304, 254, 678, 1340]",LEFT_ELBOW,-0.8666913127618222,-0.3957333823798723,0.5449897646903992,0.579669363796711,0.3779178038239479,0.4715945255776958
00063,/Users/nikko/Downloads/moi-main/project_root/data/visualizations/video/pullups_video8/frame_00063.png,"[304, 254, 678, 1340]",LEFT_ANKLE,-0.8864597209530148,1.113176726929149,0.5153700113296509,0.579669363796711,0.3779178038239479,0.4715945255776958
00063,/Users/nikko/Downloads/moi-main/project_root/data/visualizations/video/pullups_video8/frame_00063.png,"[304, 254, 678, 1340]",LEFT_EYE,0.13782380159890498,-0.5593564142563779,0.9776484370231628,0.579669363796711,0.3779178038239479,0.4715945255776958
00063,/Users/nikko/Downloads/moi-main/project_root/data/visualizations/video/pullups_video8/frame_00063.png,"[304, 254, 678, 1340]",RIGHT_EYE,0.34390217537109535,-0.5538077843033924,0.992190420627594,0.579669363796711,0.3779178038239479,0.4715945255776958
00064,/Users/nikko/Downloads/moi-main/project_root/data/visualizations/video/pullups_video8/frame_00064.png,"[304, 254, 678, 1340]",LEFT_SHOULDER,-0.23420031421941037,-0.33783310887787393,0.9983029365539551,0.5797527655959129,0.3776690140366554,0.4703689332458916
00064,/Users/nikko/Downloads/moi-main/project_root/data/visualizations/video/pullups_video8/frame_00064.png,"[304, 254, 678, 1340]",RIGHT_SHOULDER,0.7229938823446018,-0.3031323355615318,0.9975615739822388,0.5797527655959129,0.3776690140366554,0.4703689332458916
00064,/Users/nikko/Downloads/moi-main/project_root/data/visualizations/video/pullups_video8/frame_00064.png,"[304, 254, 678, 1340]",LEFT_HIP,-0.43027915698728186,0.3052280447948227,0.9990636706352234,0.5797527655959129,0.3776690140366554,0.4703689332458916
00064,/Users/nikko/Downloads/moi-main/project_root/data/visualizations/video/pullups_video8/frame_00064.png,"[304, 254, 678, 1340]",RIGHT_HIP,-0.058514411137909575,0.33573739964458305,0.9990954399108887,0.5797527655959129,0.3776690140366554,0.4703689332458916
00064,/Users/nikko/Downloads/moi-main/project_root/data/visualizations/video/pullups_video8/frame_00064.png,"[304, 254, 678, 1340]",LEFT_EYE,0.13779398295952258,-0.5604283298628142,0.9798448085784912,0.5797527655959129,0.3776690140366554,0.4703689332458916
00064,/Users/nikko/Downloads/moi-main/project_root/data/visualizations/video/pullups_video8/frame_00064.png,"[304, 254, 678, 1340]",RIGHT_EYE,0.3438264070743413,-0.5548163922660226,0.992584228515625,0.5797527655959129,0.3776690140366554,0.4703689332458916
00065,/Users/nikko/Downloads/moi-main/project_root/data/visualizations/video/pullups_video8/frame_00065.png,"[304, 251, 677, 1369]",LEFT_SHOULDER,-0.21839270137974173,-0.3328260446074961,0.999631404876709,0.5743391811847687,0.38040074333548546,0.4783451703493604
00065,/Users/nikko/Downloads/moi-main/project_root/data/visualizations/video/pullups_video8/frame_00065.png,"[304, 251, 677, 1369]",RIGHT_SHOULDER,0.7190815699674419,-0.29564030190995183,0.9981083869934082,0.5743391811847687,0.38040074333548546,0.4783451703493604
00065,/Users/nikko/Downloads/moi-main/project_root/data/visualizations/video/pullups_video8/frame_00065.png,"[304, 251, 677, 1369]",LEFT_HIP,-0.4551839667362825,0.3004158709014611,0.9993882179260254,0.5743391811847687,0.38040074333548546,0.4783451703493604
00065,/Users/nikko/Downloads/moi-main/project_root/data/visualizations/video/pullups_video8/frame_00065.png,"[304, 251, 677, 1369]",RIGHT_HIP,-0.045504901851417624,0.3280504756159868,0.9991850256919861,0.5743391811847687,0.38040074333548546,0.4783451703493604
00065,/Users/nikko/Downloads/moi-main/project_root/data/visualizations/video/pullups_video8/frame_00065.png,"[304, 251, 677, 1369]",LEFT_ELBOW,-0.8179017045093113,-0.3948670256011589,0.6896543502807617,0.5743391811847687,0.38040074333548546,0.4783451703493604
00065,/Users/nikko/Downloads/moi-main/project_root/data/visualizations/video/pullups_video8/frame_00065.png,"[304, 251, 677, 1369]",LEFT_WRIST,-0.7163946611490373,-0.6748377346419357,0.630331814289093,0.5743391811847687,0.38040074333548546,0.4783451703493604
00065,/Users/nikko/Downloads/moi-main/project_root/data/visualizations/video/pullups_video8/frame_00065.png,"[304, 251, 677, 1369]",LEFT_EYE,0.1702054076748792,-0.535716397639631,0.9974154233932495,0.5743391811847687,0.38040074333548546,0.4783451703493604
00065,/Users/nikko/Downloads/moi-main/project_root/data/visualizations/video/pullups_video8/frame_00065.png,"[304, 251, 677, 1369]",RIGHT_EYE,0.3602964887972193,-0.5297991112394642,0.9983850717544556,0.5743391811847687,0.38040074333548546,0.4783451703493604
00066,/Users/nikko/Downloads/moi-main/project_root/data/visualizations/video/pullups_video8/frame_00066.png,"[304, 251, 677, 1369]",LEFT_SHOULDER,-0.22369946644010424,-0.33249857837537494,0.9996887445449829,0.5753429234027863,0.3808303475379944,0.47875739914967275
00066,/Users/nikko/Downloads/moi-main/project_root/data/visualizations/video/pullups_video8/frame_00066.png,"[304, 251, 677, 1369]",RIGHT_SHOULDER,0.7170183529614623,-0.2945852567298006,0.9982494711875916,0.5753429234027863,0.3808303475379944,0.47875739914967275
00066,/Users/nikko/Downloads/moi-main/project_root/data/visualizations/video/pullups_video8/frame_00066.png,"[304, 251, 677, 1369]",LEFT_HIP,-0.45502964123425055,0.29879997141721343,0.99950110912323,0.5753429234027863,0.3808303475379944,0.47875739914967275
00066,/Users/nikko/Downloads/moi-main/project_root/data/visualizations/video/pullups_video8/frame_00066.png,"[304, 251, 677, 1369]",RIGHT_HIP,-0.03828924528710749,0.32828386368796214,0.9993141889572144,0.5753429234027863,0.3808303475379944,0.47875739914967275
00066,/Users/nikko/Downloads/moi-main/project_root/data/visualizations/video/pullups_video8/frame_00066.png,"[304, 251, 677, 1369]",LEFT_ELBOW,-0.8227990887595446,-0.3970215544542231,0.7434117794036865,0.5753429234027863,0.3808303475379944,0.47875739914967275
00066,/Users/nikko/Downloads/moi-main/project_root/data/visualizations/video/pullups_video8/frame_00066.png,"[304, 251, 677, 1369]",LEFT_WRIST,-0.718876744151118,-0.6729164529508174,0.6964117288589478,0.5753429234027863,0.3808303475379944,0.47875739914967275
00066,/Users/nikko/Downloads/moi-main/project_root/data/visualizations/video/pullups_video8/frame_00066.png,"[304, 251, 677, 1369]",LEFT_EYE,0.16614287397569857,-0.5358214770108455,0.9978967905044556,0.5753429234027863,0.3808303475379944,0.47875739914967275
00066,/Users/nikko/Downloads/moi-main/project_root/data/visualizations/video/pullups_video8/frame_00066.png,"[304, 251, 677, 1369]",RIGHT_EYE,0.35642821284856807,-0.5300245091158668,0.9986816048622131,0.5753429234027863,0.3808303475379944,0.47875739914967275
00067,/Users/nikko/Downloads/moi-main/project_root/data/visualizations/video/pullups_video8/frame_00067.png,"[307, 250, 677, 1385]",LEFT_SHOULDER,-0.23331459049375192,-0.32006042024861825,0.9996122717857361,0.560478538274765,0.3862173706293106,0.49500567296264675
00067,/Users/nikko/Downloads/moi-main/project_root/data/visualizations/video/pullups_video8/frame_00067.png,"[307, 250, 677, 1385]",RIGHT_SHOULDER,0.7188298586975208,-0.2855068597469358,0.9973159432411194,0.560478538274765,0.3862173706293106,0.49500567296264675
00067,/Users/nikko/Downloads/moi-main/project_root/data/visualizations/video/pullups_video8/frame_00067.png,"[307, 250, 677, 1385]",LEFT_HIP,-0.4753070361602808,0.2884889242177329,0.9993207454681396,0.560478538274765,0.3862173706293106,0.49500567296264675
00067,/Users/nikko/Downloads/moi-main/project_root/data/visualizations/video/pullups_video8/frame_00067.png,"[307, 250, 677, 1385]",RIGHT_HIP,-0.010208232043488094,0.3170783557778211,0.998814582824707,0.560478538274765,0.3862173706293106,0.49500567296264675
00067,/Users/nikko/Downloads/moi-main/project_root/data/visualizations/video/pullups_video8/frame_00067.png,"[307, 250, 677, 1385]",LEFT_ELBOW,-0.7717632339772997,-0.4040481820371716,0.9070926904678345,0.560478538274765,0.3862173706293106,0.49500567296264675
00067,/Users/nikko/Downloads/moi-main/project_root/data/visualizations/video/pullups_video8/frame_00067.png,"[307, 250, 677, 1385]",LEFT_WRIST,-0.6710967183534515,-0.6611290394704704,0.7890164852142334,0.560478538274765,0.3862173706293106,0.49500567296264675
00067,/Users/nikko/Downloads/moi-main/project_root/data/visualizations/video/pullups_video8/frame_00067.png,"[307, 250, 677, 1385]",LEFT_KNEE,-0.7621586877154167,0.6294123867207808,0.5314558744430542,0.560478538274765,0.3862173706293106,0.49500567296264675
00067,/Users/nikko/Downloads/moi-main/project_root/data/visualizations/video/pullups_video8/frame_00067.png,"[307, 250, 677, 1385]",LEFT_ANKLE,-0.8162739674111416,1.0189630489931336,0.5958947539329529,0.560478538274765,0.3862173706293106,0.49500567296264675
00067,/Users/nikko/Downloads/moi-main/project_root/data/visualizations/video/pullups_video8/frame_00067.png,"[307, 250, 677, 1385]",LEFT_EYE,0.18681537256855138,-0.5221681825861415,0.99506676197052,0.560478538274765,0.3862173706293106,0.49500567296264675
00067,/Users/nikko/Downloads/moi-main/project_root/data/visualizations/video/pullups_video8/frame_00067.png,"[307, 250, 677, 1385]",RIGHT_EYE,0.36467443711303194,-0.5161974911881599,0.9968370199203491,0.560478538274765,0.3862173706293106,0.49500567296264675
00068,/Users/nikko/Downloads/moi-main/project_root/data/visualizations/video/pullups_video8/frame_00068.png,"[307, 244, 676, 1403]",LEFT_SHOULDER,-0.22105171585257594,-0.31523897372552706,0.9993550181388855,0.5660011097788811,0.3968798853456974,0.5086264098655678
00068,/Users/nikko/Downloads/moi-main/project_root/data/visualizations/video/pullups_video8/frame_00068.png,"[307, 244, 676, 1403]",RIGHT_SHOULDER,0.7074206069275009,-0.28657389190927646,0.9946303367614746,0.5660011097788811,0.3968798853456974,0.5086264098655678
00068,/Users/nikko/Downloads/moi-main/project_root/data/visualizations/video/pullups_video8/frame_00068.png,"[307, 244, 676, 1403]",LEFT_HIP,-0.49219745917573937,0.285715186036556,0.9994314312934875,0.5660011097788811,0.3968798853456974,0.5086264098655678
00068,/Users/nikko/Downloads/moi-main/project_root/data/visualizations/video/pullups_video8/frame_00068.png,"[307, 244, 676, 1403]",RIGHT_HIP,0.005828568100814402,0.31609767959824747,0.999081015586853,0.5660011097788811,0.3968798853456974,0.5086264098655678
00068,/Users/nikko/Downloads/moi-main/project_root/data/visualizations/video/pullups_video8/frame_00068.png,"[307, 244, 676, 1403]",LEFT_ELBOW,-0.7409484123226742,-0.41015986181410946,0.5465280413627625,0.5660011097788811,0.3968798853456974,0.5086264098655678
00068,/Users/nikko/Downloads/moi-main/project_root/data/visualizations/video/pullups_video8/frame_00068.png,"[307, 244, 676, 1403]",LEFT_WRIST,-0.6284130162480056,-0.6654170342854461,0.5430479049682617,0.5660011097788811,0.3968798853456974,0.5086264098655678
00068,/Users/nikko/Downloads/moi-main/project_root/data/visualizations/video/pullups_video8/frame_00068.png,"[307, 244, 676, 1403]",LEFT_EYE,0.17890954704848452,-0.5081602316719985,0.993390679359436,0.5660011097788811,0.3968798853456974,0.5086264098655678
00068,/Users/nikko/Downloads/moi-main/project_root/data/visualizations/video/pullups_video8/frame_00068.png,"[307, 244, 676, 1403]",RIGHT_EYE,0.3497719327162934,-0.49950693272445607,0.9946014881134033,0.5660011097788811,0.3968798853456974,0.5086264098655678
00069,/Users/nikko/Downloads/moi-main/project_root/data/visualizations/video/pullups_video8/frame_00069.png,"[307, 251, 680, 1373]",LEFT_SHOULDER,-0.24832682185795962,-0.32427503862854407,0.9991928935050964,0.551776185631752,0.40819424763321877,0.5207740160426666
00069,/Users/nikko/Downloads/moi-main/project_root/data/visualizations/video/pullups_video8/frame_00069.png,"[307, 251, 680, 1373]",RIGHT_SHOULDER,0.6972263277051796,-0.2895377202253317,0.9937564134597778,0.551776185631752,0.40819424763321877,0.5207740160426666
00069,/Users/nikko/Downloads/moi-main/project_root/data/visualizations/video/pullups_video8/frame_00069.png,"[307, 251, 680, 1373]",LEFT_HIP,-0.467940265768986,0.2950515251061777,0.9990788698196411,0.551776185631752,0.40819424763321877,0.5207740160426666
00069,/Users/nikko/Downloads/moi-main/project_root/data/visualizations/video/pullups_video8/frame_00069.png,"[307, 251, 680, 1373]",RIGHT_HIP,0.019040759921766022,0.31876123374769805,0.9985467791557312,0.551776185631752,0.40819424763321877,0.5207740160426666
00069,/Users/nikko/Downloads/moi-main/project_root/data/visualizations/video/pullups_video8/frame_00069.png,"[307, 251, 680, 1373]",LEFT_ELBOW,-0.6872691485392725,-0.4134682888936005,0.5489023327827454,0.551776185631752,0.40819424763321877,0.5207740160426666
00069,/Users/nikko/Downloads/moi-main/project_root/data/visualizations/video/pullups_video8/frame_00069.png,"[307, 251, 680, 1373]",LEFT_WRIST,-0.5990111587514634,-0.6714715915976424,0.5246281027793884,0.551776185631752,0.40819424763321877,0.5207740160426666
00069,/Users/nikko/Downloads/moi-main/project_root/data/visualizations/video/pullups_video8/frame_00069.png,"[307, 251, 680, 1373]",LEFT_EYE,0.1954857208195242,-0.5152522465569845,0.9908666610717773,0.551776185631752,0.40819424763321877,0.5207740160426666
00069,/Users/nikko/Downloads/moi-main/project_root/data/visualizations/video/pullups_video8/frame_00069.png,"[307, 251, 680, 1373]",RIGHT_EYE,0.3718645273324266,-0.5096450329437157,0.9923896193504333,0.551776185631752,0.40819424763321877,0.5207740160426666
00070,/Users/nikko/Downloads/moi-main/project_root/data/visualizations/video/pullups_video8/frame_00070.png,"[307, 225, 678, 1392]",LEFT_SHOULDER,-0.24651325971061672,-0.3167643192885958,0.9987891316413879,0.5645880252122879,0.4214302524924278,0.49580230512410217
00070,/Users/nikko/Downloads/moi-main/project_root/data/visualizations/video/pullups_video8/frame_00070.png,"[307, 225, 678, 1392]",RIGHT_SHOULDER,0.7048874972624924,-0.29753000908076155,0.9918602108955383,0.5645880252122879,0.4214302524924278,0.49580230512410217
00070,/Users/nikko/Downloads/moi-main/project_root/data/visualizations/video/pullups_video8/frame_00070.png,"[307, 225, 678, 1392]",LEFT_HIP,-0.4693536493966187,0.29809680958985646,0.9988998174667358,0.5645880252122879,0.4214302524924278,0.49580230512410217
00070,/Users/nikko/Downloads/moi-main/project_root/data/visualizations/video/pullups_video8/frame_00070.png,"[307, 225, 678, 1392]",RIGHT_HIP,0.010979411844743013,0.31619751877950086,0.998291552066803,0.5645880252122879,0.4214302524924278,0.49580230512410217
00070,/Users/nikko/Downloads/moi-main/project_root/data/visualizations/video/pullups_video8/frame_00070.png,"[307, 225, 678, 1392]",LEFT_EYE,0.18641978279656807,-0.5123788091294893,0.9871345162391663,0.5645880252122879,0.4214302524924278,0.49580230512410217
00070,/Users/nikko/Downloads/moi-main/project_root/data/visualizations/video/pullups_video8/frame_00070.png,"[307, 225, 678, 1392]",RIGHT_EYE,0.37444271029622916,-0.5029578206793112,0.9898529648780823,0.5645880252122879,0.4214302524924278,0.49580230512410217
00071,/Users/nikko/Downloads/moi-main/project_root/data/visualizations/video/pullups_video8/frame_00071.png,"[305, 244, 676, 1455]",LEFT_SHOULDER,-0.23430703365582498,-0.31195700800717985,0.9990811347961426,0.5752570778131485,0.3928767219185829,0.4859172400522733
00071,/Users/nikko/Downloads/moi-main/project_root/data/visualizations/video/pullups_video8/frame_00071.png,"[305, 244, 676, 1455]",RIGHT_SHOULDER,0.7061816378082839,-0.2931749738578789,0.9930985569953918,0.5752570778131485,0.3928767219185829,0.4859172400522733
00071,/Users/nikko/Downloads/moi-main/project_root/data/visualizations/video/pullups_video8/frame_00071.png,"[305, 244, 676, 1455]",LEFT_HIP,-0.48618077533008586,0.29390737107176323,0.9990604519844055,0.5752570778131485,0.3928767219185829,0.4859172400522733
00071,/Users/nikko/Downloads/moi-main/project_root/data/visualizations/video/pullups_video8/frame_00071.png,"[305, 244, 676, 1455]",RIGHT_HIP,0.01430617117762689,0.31122461079329544,0.9985290765762329,0.5752570778131485,0.3928767219185829,0.4859172400522733
00071,/Users/nikko/Downloads/moi-main/project_root/data/visualizations/video/pullups_video8/frame_00071.png,"[305, 244, 676, 1455]",LEFT_EYE,0.17923835608509694,-0.5103031023327165,0.9924115538597107,0.5752570778131485,0.3928767219185829,0.4859172400522733
00071,/Users/nikko/Downloads/moi-main/project_root/data/visualizations/video/pullups_video8/frame_00071.png,"[305, 244, 676, 1455]",RIGHT_EYE,0.35413443050169274,-0.49991117613174296,0.9941799640655518,0.5752570778131485,0.3928767219185829,0.4859172400522733
00072,/Users/nikko/Downloads/moi-main/project_root/data/visualizations/video/pullups_video8/frame_00072.png,"[304, 240, 675, 1483]",LEFT_SHOULDER,-0.24123255897082915,-0.30416215648202005,0.9986047148704529,0.5812681242823601,0.39448127895593643,0.4956492260622961
00072,/Users/nikko/Downloads/moi-main/project_root/data/visualizations/video/pullups_video8/frame_00072.png,"[304, 240, 675, 1483]",RIGHT_SHOULDER,0.7195070663968375,-0.2869395559822831,0.9892226457595825,0.5812681242823601,0.39448127895593643,0.4956492260622961
00072,/Users/nikko/Downloads/moi-main/project_root/data/visualizations/video/pullups_video8/frame_00072.png,"[304, 240, 675, 1483]",LEFT_HIP,-0.49268175663050673,0.2890219938801777,0.9989748001098633,0.5812681242823601,0.39448127895593643,0.4956492260622961
00072,/Users/nikko/Downloads/moi-main/project_root/data/visualizations/video/pullups_video8/frame_00072.png,"[304, 240, 675, 1483]",RIGHT_HIP,0.014407249204498415,0.30207971858412547,0.9983271956443787,0.5812681242823601,0.39448127895593643,0.4956492260622961
00072,/Users/nikko/Downloads/moi-main/project_root/data/visualizations/video/pullups_video8/frame_00072.png,"[304, 240, 675, 1483]",LEFT_EYE,0.17596933946777527,-0.479529661265761,0.977295458316803,0.5812681242823601,0.39448127895593643,0.4956492260622961
00072,/Users/nikko/Downloads/moi-main/project_root/data/visualizations/video/pullups_video8/frame_00072.png,"[304, 240, 675, 1483]",RIGHT_EYE,0.3392540926376218,-0.4719780241828709,0.9806128144264221,0.5812681242823601,0.39448127895593643,0.4956492260622961
00073,/Users/nikko/Downloads/moi-main/project_root/data/visualizations/video/pullups_video8/frame_00073.png,"[305, 226, 675, 1497]",LEFT_SHOULDER,-0.2816840863465158,-0.29533782530336017,0.998308539390564,0.569048598408699,0.40357594192028046,0.4908484392008243
00073,/Users/nikko/Downloads/moi-main/project_root/data/visualizations/video/pullups_video8/frame_00073.png,"[305, 226, 675, 1497]",RIGHT_SHOULDER,0.7259148423909964,-0.28611410318004954,0.9898763298988342,0.569048598408699,0.40357594192028046,0.4908484392008243
00073,/Users/nikko/Downloads/moi-main/project_root/data/visualizations/video/pullups_video8/frame_00073.png,"[305, 226, 675, 1497]",LEFT_HIP,-0.4756102999914056,0.284662203004066,0.9989951252937317,0.569048598408699,0.40357594192028046,0.4908484392008243
00073,/Users/nikko/Downloads/moi-main/project_root/data/visualizations/video/pullups_video8/frame_00073.png,"[305, 226, 675, 1497]",RIGHT_HIP,0.03137954394692503,0.2967897254793438,0.9984385371208191,0.569048598408699,0.40357594192028046,0.4908484392008243
00073,/Users/nikko/Downloads/moi-main/project_root/data/visualizations/video/pullups_video8/frame_00073.png,"[305, 226, 675, 1497]",LEFT_EYE,0.15536452092042624,-0.47235046139112286,0.9796444177627563,0.569048598408699,0.40357594192028046,0.4908484392008243
00073,/Users/nikko/Downloads/moi-main/project_root/data/visualizations/video/pullups_video8/frame_00073.png,"[305, 226, 675, 1497]",RIGHT_EYE,0.31923853205180647,-0.4690795724905002,0.984836757183075,0.569048598408699,0.40357594192028046,0.4908484392008243
00074,/Users/nikko/Downloads/moi-main/project_root/data/visualizations/video/pullups_video8/frame_00074.png,"[305, 226, 675, 1496]",LEFT_SHOULDER,-0.28923527331892523,-0.29894924205062395,0.9984799027442932,0.5699077844619751,0.4035911336541176,0.4850647311959371
00074,/Users/nikko/Downloads/moi-main/project_root/data/visualizations/video/pullups_video8/frame_00074.png,"[305, 226, 675, 1496]",RIGHT_SHOULDER,0.7175340789309064,-0.28838717247546697,0.9896705746650696,0.5699077844619751,0.4035911336541176,0.4850647311959371
00074,/Users/nikko/Downloads/moi-main/project_root/data/visualizations/video/pullups_video8/frame_00074.png,"[305, 226, 675, 1496]",LEFT_HIP,-0.4670151505548589,0.28711773224530385,0.998931348323822,0.5699077844619751,0.4035911336541176,0.4850647311959371
00074,/Users/nikko/Downloads/moi-main/project_root/data/visualizations/video/pullups_video8/frame_00074.png,"[305, 226, 675, 1496]",RIGHT_HIP,0.0387163449428778,0.300218682280787,0.9982761144638062,0.5699077844619751,0.4035911336541176,0.4850647311959371
00074,/Users/nikko/Downloads/moi-main/project_root/data/visualizations/video/pullups_video8/frame_00074.png,"[305, 226, 675, 1496]",LEFT_EYE,0.1613259067943367,-0.47365927532072266,0.981956958770752,0.5699077844619751,0.4035911336541176,0.4850647311959371
00074,/Users/nikko/Downloads/moi-main/project_root/data/visualizations/video/pullups_video8/frame_00074.png,"[305, 226, 675, 1496]",RIGHT_EYE,0.32447301472617524,-0.4689520583600013,0.986817479133606,0.5699077844619751,0.4035911336541176,0.4850647311959371
00075,/Users/nikko/Downloads/moi-main/project_root/data/visualizations/video/pullups_video8/frame_00075.png,"[305, 226, 675, 1496]",LEFT_SHOULDER,-0.2890676226740498,-0.2983514022668298,0.9985623955726624,0.5705918148159981,0.40380387008190155,0.48662418725691736
00075,/Users/nikko/Downloads/moi-main/project_root/data/visualizations/video/pullups_video8/frame_00075.png,"[305, 226, 675, 1496]",RIGHT_SHOULDER,0.7176335122313132,-0.28855411547653703,0.990154504776001,0.5705918148159981,0.40380387008190155,0.48662418725691736
00075,/Users/nikko/Downloads/moi-main/project_root/data/visualizations/video/pullups_video8/frame_00075.png,"[305, 226, 675, 1496]",LEFT_HIP,-0.46763523011058894,0.28690643395450194,0.9989297986030579,0.5705918148159981,0.40380387008190155,0.48662418725691736
00075,/Users/nikko/Downloads/moi-main/project_root/data/visualizations/video/pullups_video8/frame_00075.png,"[305, 226, 675, 1496]",RIGHT_HIP,0.03906934055332551,0.2999990837888649,0.998267650604248,0.5705918148159981,0.40380387008190155,0.48662418725691736
00075,/Users/nikko/Downloads/moi-main/project_root/data/visualizations/video/pullups_video8/frame_00075.png,"[305, 226, 675, 1496]",LEFT_EYE,0.1559667836778196,-0.47439396104318815,0.9838496446609497,0.5705918148159981,0.40380387008190155,0.48662418725691736
00075,/Users/nikko/Downloads/moi-main/project_root/data/visualizations/video/pullups_video8/frame_00075.png,"[305, 226, 675, 1496]",RIGHT_EYE,0.3163788441737991,-0.47052524108530247,0.9882304668426514,0.5705918148159981,0.40380387008190155,0.48662418725691736
00076,/Users/nikko/Downloads/moi-main/project_root/data/visualizations/video/pullups_video8/frame_00076.png,"[307, 230, 675, 1510]",LEFT_SHOULDER,-0.2611565897952844,-0.2966636052101051,0.9982404708862305,0.5714877620339394,0.3959347531199455,0.476655234910481
00076,/Users/nikko/Downloads/moi-main/project_root/data/visualizations/video/pullups_video8/frame_00076.png,"[307, 230, 675, 1510]",RIGHT_SHOULDER,0.7265815028290556,-0.2862785806072416,0.9882857799530029,0.5714877620339394,0.3959347531199455,0.476655234910481
00076,/Users/nikko/Downloads/moi-main/project_root/data/visualizations/video/pullups_video8/frame_00076.png,"[307, 230, 675, 1510]",LEFT_HIP,-0.4884700020895151,0.28854560177296357,0.9985175728797913,0.5714877620339394,0.3959347531199455,0.476655234910481
00076,/Users/nikko/Downloads/moi-main/project_root/data/visualizations/video/pullups_video8/frame_00076.png,"[307, 230, 675, 1510]",RIGHT_HIP,0.023045089055743827,0.29439658404438307,0.997689962387085,0.5714877620339394,0.3959347531199455,0.476655234910481
00076,/Users/nikko/Downloads/moi-main/project_root/data/visualizations/video/pullups_video8/frame_00076.png,"[307, 230, 675, 1510]",LEFT_EYE,0.1567676069773601,-0.473651942441588,0.9777750372886658,0.5714877620339394,0.3959347531199455,0.476655234910481
00076,/Users/nikko/Downloads/moi-main/project_root/data/visualizations/video/pullups_video8/frame_00076.png,"[307, 230, 675, 1510]",RIGHT_EYE,0.32964518836999906,-0.46679795250188344,0.9831733703613281,0.5714877620339394,0.3959347531199455,0.476655234910481
00077,/Users/nikko/Downloads/moi-main/project_root/data/visualizations/video/pullups_video8/frame_00077.png,"[307, 229, 675, 1510]",LEFT_SHOULDER,-0.2840805585852966,-0.29423471904026005,0.9983822107315063,0.5733568593859673,0.3931979537010193,0.4756123376820951
00077,/Users/nikko/Downloads/moi-main/project_root/data/visualizations/video/pullups_video8/frame_00077.png,"[307, 229, 675, 1510]",RIGHT_SHOULDER,0.7342737216630949,-0.2839050609208876,0.990120530128479,0.5733568593859673,0.3931979537010193,0.4756123376820951
00077,/Users/nikko/Downloads/moi-main/project_root/data/visualizations/video/pullups_video8/frame_00077.png,"[307, 229, 675, 1510]",LEFT_HIP,-0.47550268963361564,0.2866189694608217,0.9988992214202881,0.5733568593859673,0.3931979537010193,0.4756123376820951
00077,/Users/nikko/Downloads/moi-main/project_root/data/visualizations/video/pullups_video8/frame_00077.png,"[307, 229, 675, 1510]",RIGHT_HIP,0.025309526555817415,0.2915208105003259,0.9982768297195435,0.5733568593859673,0.3931979537010193,0.4756123376820951
00077,/Users/nikko/Downloads/moi-main/project_root/data/visualizations/video/pullups_video8/frame_00077.png,"[307, 229, 675, 1510]",LEFT_EYE,0.1589590734336429,-0.47469394037712664,0.9810330867767334,0.5733568593859673,0.3931979537010193,0.4756123376820951
00077,/Users/nikko/Downloads/moi-main/project_root/data/visualizations/video/pullups_video8/frame_00077.png,"[307, 229, 675, 1510]",RIGHT_EYE,0.3309082480683555,-0.4694295430629565,0.9858258366584778,0.5733568593859673,0.3931979537010193,0.4756123376820951
00078,/Users/nikko/Downloads/moi-main/project_root/data/visualizations/video/pullups_video8/frame_00078.png,"[304, 241, 675, 1503]",LEFT_SHOULDER,-0.24914509604161791,-0.3053083850415663,0.9984173774719238,0.5752580240368843,0.40191157907247543,0.4775115321040449
00078,/Users/nikko/Downloads/moi-main/project_root/data/visualizations/video/pullups_video8/frame_00078.png,"[304, 241, 675, 1503]",RIGHT_SHOULDER,0.7110871939468207,-0.2992394056840784,0.9917854070663452,0.5752580240368843,0.40191157907247543,0.4775115321040449
00078,/Users/nikko/Downloads/moi-main/project_root/data/visualizations/video/pullups_video8/frame_00078.png,"[304, 241, 675, 1503]",LEFT_HIP,-0.4809043895828212,0.3007051764464141,0.999294638633728,0.5752580240368843,0.40191157907247543,0.4775115321040449
00078,/Users/nikko/Downloads/moi-main/project_root/data/visualizations/video/pullups_video8/frame_00078.png,"[304, 241, 675, 1503]",RIGHT_HIP,0.018962291677618353,0.30384261427923065,0.9989553689956665,0.5752580240368843,0.40191157907247543,0.4775115321040449
00078,/Users/nikko/Downloads/moi-main/project_root/data/visualizations/video/pullups_video8/frame_00078.png,"[304, 241, 675, 1503]",LEFT_EYE,0.11324882057988632,-0.49280927167980115,0.9718511700630188,0.5752580240368843,0.40191157907247543,0.4775115321040449
00078,/Users/nikko/Downloads/moi-main/project_root/data/visualizations/video/pullups_video8/frame_00078.png,"[304, 241, 675, 1503]",RIGHT_EYE,0.27880393185079544,-0.48509081262301923,0.9794569611549377,0.5752580240368843,0.40191157907247543,0.4775115321040449
00079,/Users/nikko/Downloads/moi-main/project_root/data/visualizations/video/pullups_video8/frame_00079.png,"[305, 250, 674, 1515]",LEFT_SHOULDER,-0.2408037198981842,-0.3144274523221538,0.9978594183921814,0.5649049654603004,0.40347935631871223,0.49814508503772337
00079,/Users/nikko/Downloads/moi-main/project_root/data/visualizations/video/pullups_video8/frame_00079.png,"[305, 250, 674, 1515]",RIGHT_SHOULDER,0.6905812593901882,-0.2899259804001413,0.9872135519981384,0.5649049654603004,0.40347935631871223,0.49814508503772337
00079,/Users/nikko/Downloads/moi-main/project_root/data/visualizations/video/pullups_video8/frame_00079.png,"[305, 250, 674, 1515]",LEFT_HIP,-0.4899401322961562,0.2984822448714449,0.99908447265625,0.5649049654603004,0.40347935631871223,0.49814508503772337
00079,/Users/nikko/Downloads/moi-main/project_root/data/visualizations/video/pullups_video8/frame_00079.png,"[305, 250, 674, 1515]",RIGHT_HIP,0.04016259280415221,0.3058711878508501,0.9986355900764465,0.5649049654603004,0.40347935631871223,0.49814508503772337
00079,/Users/nikko/Downloads/moi-main/project_root/data/visualizations/video/pullups_video8/frame_00079.png,"[305, 250, 674, 1515]",LEFT_EYE,0.12308045348433162,-0.48390042103768083,0.9536488652229309,0.5649049654603004,0.40347935631871223,0.49814508503772337
00079,/Users/nikko/Downloads/moi-main/project_root/data/visualizations/video/pullups_video8/frame_00079.png,"[305, 250, 674, 1515]",RIGHT_EYE,0.28092190641497816,-0.4776883867614225,0.962835967540741,0.5649049654603004,0.40347935631871223,0.49814508503772337
00080,/Users/nikko/Downloads/moi-main/project_root/data/visualizations/video/pullups_video8/frame_00080.png,"[305, 250, 674, 1515]",LEFT_SHOULDER,-0.23868121968010178,-0.3152211021726687,0.9978287816047668,0.5652843862771988,0.40348417311906815,0.4965114832160903
00080,/Users/nikko/Downloads/moi-main/project_root/data/visualizations/video/pullups_video8/frame_00080.png,"[305, 250, 674, 1515]",RIGHT_SHOULDER,0.6893653451083754,-0.29120770849756406,0.9871289730072021,0.5652843862771988,0.40348417311906815,0.4965114832160903
00080,/Users/nikko/Downloads/moi-main/project_root/data/visualizations/video/pullups_video8/frame_00080.png,"[305, 250, 674, 1515]",LEFT_HIP,-0.489552747870931,0.29924535600896274,0.9990905523300171,0.5652843862771988,0.40348417311906815,0.4965114832160903
00080,/Users/nikko/Downloads/moi-main/project_root/data/visualizations/video/pullups_video8/frame_00080.png,"[305, 250, 674, 1515]",RIGHT_HIP,0.03886862244265733,0.30718345466127,0.998653769493103,0.5652843862771988,0.40348417311906815,0.4965114832160903
00080,/Users/nikko/Downloads/moi-main/project_root/data/visualizations/video/pullups_video8/frame_00080.png,"[305, 250, 674, 1515]",LEFT_EYE,0.12054910657911244,-0.48507222388964716,0.951969563961029,0.5652843862771988,0.40348417311906815,0.4965114832160903
00080,/Users/nikko/Downloads/moi-main/project_root/data/visualizations/video/pullups_video8/frame_00080.png,"[305, 250, 674, 1515]",RIGHT_EYE,0.27722646589221617,-0.4791230616225411,0.9616585373878479,0.5652843862771988,0.40348417311906815,0.4965114832160903
00081,/Users/nikko/Downloads/moi-main/project_root/data/visualizations/video/pullups_video8/frame_00081.png,"[304, 254, 674, 1515]",LEFT_SHOULDER,-0.19716778052242462,-0.32498529986083724,0.995524525642395,0.5569408088922501,0.40921276062726974,0.4974361669821895
00081,/Users/nikko/Downloads/moi-main/project_root/data/visualizations/video/pullups_video8/frame_00081.png,"[304, 254, 674, 1515]",RIGHT_SHOULDER,0.6988065482520351,-0.298984813917175,0.9786688089370728,0.5569408088922501,0.40921276062726974,0.4974361669821895
00081,/Users/nikko/Downloads/moi-main/project_root/data/visualizations/video/pullups_video8/frame_00081.png,"[304, 254, 674, 1515]",LEFT_HIP,-0.49101265174661873,0.31445791861117395,0.9986615180969238,0.5569408088922501,0.40921276062726974,0.4974361669821895
00081,/Users/nikko/Downloads/moi-main/project_root/data/visualizations/video/pullups_video8/frame_00081.png,"[304, 254, 674, 1515]",RIGHT_HIP,-0.010626115982991777,0.30951219516683837,0.9980450868606567,0.5569408088922501,0.40921276062726974,0.4974361669821895
00081,/Users/nikko/Downloads/moi-main/project_root/data/visualizations/video/pullups_video8/frame_00081.png,"[304, 254, 674, 1515]",LEFT_ANKLE,-0.7384744555597286,0.8981617254962472,0.57342928647995,0.5569408088922501,0.40921276062726974,0.4974361669821895
00081,/Users/nikko/Downloads/moi-main/project_root/data/visualizations/video/pullups_video8/frame_00081.png,"[304, 254, 674, 1515]",LEFT_EYE,0.168593361561009,-0.497454029660915,0.8843597769737244,0.5569408088922501,0.40921276062726974,0.4974361669821895
00081,/Users/nikko/Downloads/moi-main/project_root/data/visualizations/video/pullups_video8/frame_00081.png,"[304, 254, 674, 1515]",RIGHT_EYE,0.31613229013788147,-0.49290935615887355,0.9159989953041077,0.5569408088922501,0.40921276062726974,0.4974361669821895
00082,/Users/nikko/Downloads/moi-main/project_root/data/visualizations/video/pullups_video8/frame_00082.png,"[304, 257, 675, 1520]",LEFT_SHOULDER,-0.20965895171959026,-0.3316343641930675,0.9967606663703918,0.5426488667726517,0.40791162103414536,0.494493377298321
00082,/Users/nikko/Downloads/moi-main/project_root/data/visualizations/video/pullups_video8/frame_00082.png,"[304, 257, 675, 1520]",RIGHT_SHOULDER,0.6762592194051038,-0.2943692702152357,0.9826874136924744,0.5426488667726517,0.40791162103414536,0.494493377298321
00082,/Users/nikko/Downloads/moi-main/project_root/data/visualizations/video/pullups_video8/frame_00082.png,"[304, 257, 675, 1520]",LEFT_HIP,-0.4895598443908581,0.3127295245937161,0.9988049268722534,0.5426488667726517,0.40791162103414536,0.494493377298321
00082,/Users/nikko/Downloads/moi-main/project_root/data/visualizations/video/pullups_video8/frame_00082.png,"[304, 257, 675, 1520]",RIGHT_HIP,0.022959576705344504,0.31327410981458703,0.9983110427856445,0.5426488667726517,0.40791162103414536,0.494493377298321
00082,/Users/nikko/Downloads/moi-main/project_root/data/visualizations/video/pullups_video8/frame_00082.png,"[304, 257, 675, 1520]",LEFT_ANKLE,-0.7381689944237771,0.9228675943144984,0.5792930126190186,0.5426488667726517,0.40791162103414536,0.494493377298321
00082,/Users/nikko/Downloads/moi-main/project_root/data/visualizations/video/pullups_video8/frame_00082.png,"[304, 257, 675, 1520]",LEFT_EYE,0.20123867339250534,-0.4964397378669099,0.9043877720832825,0.5426488667726517,0.40791162103414536,0.494493377298321
00082,/Users/nikko/Downloads/moi-main/project_root/data/visualizations/video/pullups_video8/frame_00082.png,"[304, 257, 675, 1520]",RIGHT_EYE,0.3488121074524241,-0.48970076696641157,0.9272387027740479,0.5426488667726517,0.40791162103414536,0.494493377298321
00083,/Users/nikko/Downloads/moi-main/project_root/data/visualizations/video/pullups_video8/frame_00083.png,"[306, 257, 675, 1515]",LEFT_SHOULDER,-0.23597998473996648,-0.32756705698817157,0.9983336329460144,0.5487933084368706,0.4183150604367256,0.5008120021176103
00083,/Users/nikko/Downloads/moi-main/project_root/data/visualizations/video/pullups_video8/frame_00083.png,"[306, 257, 675, 1515]",RIGHT_SHOULDER,0.6679786636283366,-0.2977376585848868,0.9885391592979431,0.5487933084368706,0.4183150604367256,0.5008120021176103
00083,/Users/nikko/Downloads/moi-main/project_root/data/visualizations/video/pullups_video8/frame_00083.png,"[306, 257, 675, 1515]",LEFT_HIP,-0.47876067801585054,0.3102881643144592,0.9990178346633911,0.5487933084368706,0.4183150604367256,0.5008120021176103
00083,/Users/nikko/Downloads/moi-main/project_root/data/visualizations/video/pullups_video8/frame_00083.png,"[306, 257, 675, 1515]",RIGHT_HIP,0.04676199912748048,0.3150165512585992,0.9985144734382629,0.5487933084368706,0.4183150604367256,0.5008120021176103
00083,/Users/nikko/Downloads/moi-main/project_root/data/visualizations/video/pullups_video8/frame_00083.png,"[306, 257, 675, 1515]",LEFT_EYE,0.17336111106802315,-0.4953802220104988,0.954504668712616,0.5487933084368706,0.4183150604367256,0.5008120021176103
00083,/Users/nikko/Downloads/moi-main/project_root/data/visualizations/video/pullups_video8/frame_00083.png,"[306, 257, 675, 1515]",RIGHT_EYE,0.326915801397587,-0.4859865861139596,0.9625717997550964,0.5487933084368706,0.4183150604367256,0.5008120021176103
00084,/Users/nikko/Downloads/moi-main/project_root/data/visualizations/video/pullups_video8/frame_00084.png,"[309, 220, 677, 1484]",LEFT_SHOULDER,-0.2971678166531937,-0.3093894955008112,0.9988860487937927,0.5635356083512306,0.4336041361093521,0.4782768087442809
00084,/Users/nikko/Downloads/moi-main/project_root/data/visualizations/video/pullups_video8/frame_00084.png,"[309, 220, 677, 1484]",RIGHT_SHOULDER,0.683772125314512,-0.2907832957068358,0.9912410378456116,0.5635356083512306,0.4336041361093521,0.4782768087442809
00084,/Users/nikko/Downloads/moi-main/project_root/data/visualizations/video/pullups_video8/frame_00084.png,"[309, 220, 677, 1484]",LEFT_HIP,-0.4593221832010658,0.2993557889266711,0.9991340041160583,0.5635356083512306,0.4336041361093521,0.4782768087442809
00084,/Users/nikko/Downloads/moi-main/project_root/data/visualizations/video/pullups_video8/frame_00084.png,"[309, 220, 677, 1484]",RIGHT_HIP,0.07271787453974753,0.30081700228097596,0.9985565543174744,0.5635356083512306,0.4336041361093521,0.4782768087442809
00084,/Users/nikko/Downloads/moi-main/project_root/data/visualizations/video/pullups_video8/frame_00084.png,"[309, 220, 677, 1484]",LEFT_ELBOW,-0.6948704301896457,-0.5070080398085584,0.5027134418487549,0.5635356083512306,0.4336041361093521,0.4782768087442809
00084,/Users/nikko/Downloads/moi-main/project_root/data/visualizations/video/pullups_video8/frame_00084.png,"[309, 220, 677, 1484]",LEFT_WRIST,-0.6545710694000343,-0.7694275018878436,0.5791095495223999,0.5635356083512306,0.4336041361093521,0.4782768087442809
00084,/Users/nikko/Downloads/moi-main/project_root/data/visualizations/video/pullups_video8/frame_00084.png,"[309, 220, 677, 1484]",LEFT_EYE,0.15586259682018733,-0.4857114627102987,0.9830978512763977,0.5635356083512306,0.4336041361093521,0.4782768087442809
00084,/Users/nikko/Downloads/moi-main/project_root/data/visualizations/video/pullups_video8/frame_00084.png,"[309, 220, 677, 1484]",RIGHT_EYE,0.33609968114116,-0.4783429594449145,0.9860460162162781,0.5635356083512306,0.4336041361093521,0.4782768087442809
00085,/Users/nikko/Downloads/moi-main/project_root/data/visualizations/video/pullups_video8/frame_00085.png,"[305, 226, 684, 1463]",LEFT_SHOULDER,-0.2806052360948443,-0.3304119779678185,0.9993821382522583,0.5459649413824081,0.4466694965958595,0.47643439067557186
00085,/Users/nikko/Downloads/moi-main/project_root/data/visualizations/video/pullups_video8/frame_00085.png,"[305, 226, 684, 1463]",RIGHT_SHOULDER,0.648946298297203,-0.3004452286116862,0.9945366382598877,0.5459649413824081,0.4466694965958595,0.47643439067557186
00085,/Users/nikko/Downloads/moi-main/project_root/data/visualizations/video/pullups_video8/frame_00085.png,"[305, 226, 684, 1463]",LEFT_HIP,-0.4485648556608745,0.31103614313359834,0.9993764758110046,0.5459649413824081,0.4466694965958595,0.47643439067557186
00085,/Users/nikko/Downloads/moi-main/project_root/data/visualizations/video/pullups_video8/frame_00085.png,"[305, 226, 684, 1463]",RIGHT_HIP,0.08022379345851575,0.3198210634459064,0.9989776611328125,0.5459649413824081,0.4466694965958595,0.47643439067557186
00085,/Users/nikko/Downloads/moi-main/project_root/data/visualizations/video/pullups_video8/frame_00085.png,"[305, 226, 684, 1463]",LEFT_ELBOW,-0.6615532594525922,-0.5438630850887171,0.5495703220367432,0.5459649413824081,0.4466694965958595,0.47643439067557186
00085,/Users/nikko/Downloads/moi-main/project_root/data/visualizations/video/pullups_video8/frame_00085.png,"[305, 226, 684, 1463]",LEFT_WRIST,-0.6257343482317623,-0.8133424626257917,0.6732149720191956,0.5459649413824081,0.4466694965958595,0.47643439067557186
00085,/Users/nikko/Downloads/moi-main/project_root/data/visualizations/video/pullups_video8/frame_00085.png,"[305, 226, 684, 1463]",LEFT_EYE,0.17147236791064807,-0.5161765742696437,0.9904530048370361,0.5459649413824081,0.4466694965958595,0.47643439067557186
00085,/Users/nikko/Downloads/moi-main/project_root/data/visualizations/video/pullups_video8/frame_00085.png,"[305, 226, 684, 1463]",RIGHT_EYE,0.3450937697844797,-0.5082349287418004,0.9923673272132874,0.5459649413824081,0.4466694965958595,0.47643439067557186
00086,/Users/nikko/Downloads/moi-main/project_root/data/visualizations/video/pullups_video8/frame_00086.png,"[309, 232, 675, 1500]",LEFT_SHOULDER,-0.29426217428983836,-0.32247607132488126,0.999178946018219,0.5494915544986725,0.4378526508808136,0.49090775004324455
00086,/Users/nikko/Downloads/moi-main/project_root/data/visualizations/video/pullups_video8/frame_00086.png,"[309, 232, 675, 1500]",RIGHT_SHOULDER,0.6664375840949679,-0.2921509112967698,0.9919318556785583,0.5494915544986725,0.4378526508808136,0.49090775004324455
00086,/Users/nikko/Downloads/moi-main/project_root/data/visualizations/video/pullups_video8/frame_00086.png,"[309, 232, 675, 1500]",LEFT_HIP,-0.44911135827258974,0.30081518202477275,0.9994975328445435,0.5494915544986725,0.4378526508808136,0.49090775004324455
00086,/Users/nikko/Downloads/moi-main/project_root/data/visualizations/video/pullups_video8/frame_00086.png,"[309, 232, 675, 1500]",RIGHT_HIP,0.07693594846746017,0.3138118005968783,0.9991455078125,0.5494915544986725,0.4378526508808136,0.49090775004324455
00086,/Users/nikko/Downloads/moi-main/project_root/data/visualizations/video/pullups_video8/frame_00086.png,"[309, 232, 675, 1500]",LEFT_ELBOW,-0.6622932204317331,-0.5254535159203931,0.5106675028800964,0.5494915544986725,0.4378526508808136,0.49090775004324455
00086,/Users/nikko/Downloads/moi-main/project_root/data/visualizations/video/pullups_video8/frame_00086.png,"[309, 232, 675, 1500]",LEFT_WRIST,-0.6048289180742114,-0.782902290935144,0.6642480492591858,0.5494915544986725,0.4378526508808136,0.49090775004324455
00086,/Users/nikko/Downloads/moi-main/project_root/data/visualizations/video/pullups_video8/frame_00086.png,"[309, 232, 675, 1500]",LEFT_EYE,0.17577501355027586,-0.49017568757018565,0.9815993905067444,0.5494915544986725,0.4378526508808136,0.49090775004324455
00086,/Users/nikko/Downloads/moi-main/project_root/data/visualizations/video/pullups_video8/frame_00086.png,"[309, 232, 675, 1500]",RIGHT_EYE,0.34919277285901673,-0.48297637607632415,0.984630286693573,0.5494915544986725,0.4378526508808136,0.49090775004324455
00087,/Users/nikko/Downloads/moi-main/project_root/data/visualizations/video/pullups_video8/frame_00087.png,"[309, 231, 675, 1499]",LEFT_SHOULDER,-0.2980312625477974,-0.32130438652098947,0.9990487694740295,0.5473257005214691,0.4356619864702225,0.48842292562022926
00087,/Users/nikko/Downloads/moi-main/project_root/data/visualizations/video/pullups_video8/frame_00087.png,"[309, 231, 675, 1499]",RIGHT_SHOULDER,0.6653775572662072,-0.28871813835032273,0.9915913343429565,0.5473257005214691,0.4356619864702225,0.48842292562022926
00087,/Users/nikko/Downloads/moi-main/project_root/data/visualizations/video/pullups_video8/frame_00087.png,"[309, 231, 675, 1499]",LEFT_HIP,-0.45087375586339234,0.2991211867829758,0.9993608593940735,0.5473257005214691,0.4356619864702225,0.48842292562022926
00087,/Users/nikko/Downloads/moi-main/project_root/data/visualizations/video/pullups_video8/frame_00087.png,"[309, 231, 675, 1499]",RIGHT_HIP,0.0835274611449825,0.3109013380883364,0.9989499449729919,0.5473257005214691,0.4356619864702225,0.48842292562022926
00087,/Users/nikko/Downloads/moi-main/project_root/data/visualizations/video/pullups_video8/frame_00087.png,"[309, 231, 675, 1499]",LEFT_ELBOW,-0.6258258618699681,-0.5214651816022947,0.5468448996543884,0.5473257005214691,0.4356619864702225,0.48842292562022926
00087,/Users/nikko/Downloads/moi-main/project_root/data/visualizations/video/pullups_video8/frame_00087.png,"[309, 231, 675, 1499]",LEFT_WRIST,-0.6124951350760502,-0.7791643355436119,0.6858817934989929,0.5473257005214691,0.4356619864702225,0.48842292562022926
00087,/Users/nikko/Downloads/moi-main/project_root/data/visualizations/video/pullups_video8/frame_00087.png,"[309, 231, 675, 1499]",LEFT_EYE,0.2032462645732724,-0.4912986415055388,0.9795745015144348,0.5473257005214691,0.4356619864702225,0.48842292562022926
00087,/Users/nikko/Downloads/moi-main/project_root/data/visualizations/video/pullups_video8/frame_00087.png,"[309, 231, 675, 1499]",RIGHT_EYE,0.3692352119779433,-0.4809541698267428,0.9831369519233704,0.5473257005214691,0.4356619864702225,0.48842292562022926
00088,/Users/nikko/Downloads/moi-main/project_root/data/visualizations/video/pullups_video8/frame_00088.png,"[308, 242, 675, 1512]",LEFT_SHOULDER,-0.3178832050757695,-0.3198306764263746,0.9985472559928894,0.5550927668809891,0.42547810822725296,0.48441537499834453
00088,/Users/nikko/Downloads/moi-main/project_root/data/visualizations/video/pullups_video8/frame_00088.png,"[308, 242, 675, 1512]",RIGHT_SHOULDER,0.6530603445655137,-0.285263971251419,0.9890362620353699,0.5550927668809891,0.42547810822725296,0.48441537499834453
00088,/Users/nikko/Downloads/moi-main/project_root/data/visualizations/video/pullups_video8/frame_00088.png,"[308, 242, 675, 1512]",LEFT_HIP,-0.44379808118580083,0.29952338235065434,0.9992974996566772,0.5550927668809891,0.42547810822725296,0.48441537499834453
00088,/Users/nikko/Downloads/moi-main/project_root/data/visualizations/video/pullups_video8/frame_00088.png,"[308, 242, 675, 1512]",RIGHT_HIP,0.10862094169605663,0.3055712653271392,0.9989349246025085,0.5550927668809891,0.42547810822725296,0.48441537499834453
00088,/Users/nikko/Downloads/moi-main/project_root/data/visualizations/video/pullups_video8/frame_00088.png,"[308, 242, 675, 1512]",LEFT_ELBOW,-0.6208028769345274,-0.5215635395977837,0.5721309781074524,0.5550927668809891,0.42547810822725296,0.48441537499834453
00088,/Users/nikko/Downloads/moi-main/project_root/data/visualizations/video/pullups_video8/frame_00088.png,"[308, 242, 675, 1512]",LEFT_WRIST,-0.6092031648597255,-0.7777968696967511,0.6639622449874878,0.5550927668809891,0.42547810822725296,0.48441537499834453
00088,/Users/nikko/Downloads/moi-main/project_root/data/visualizations/video/pullups_video8/frame_00088.png,"[308, 242, 675, 1512]",LEFT_EYE,0.16112291994962283,-0.4901833792100903,0.9415232539176941,0.5550927668809891,0.42547810822725296,0.48441537499834453
00088,/Users/nikko/Downloads/moi-main/project_root/data/visualizations/video/pullups_video8/frame_00088.png,"[308, 242, 675, 1512]",RIGHT_EYE,0.33238043042107424,-0.48186366421585797,0.9538728594779968,0.5550927668809891,0.42547810822725296,0.48441537499834453
00089,/Users/nikko/Downloads/moi-main/project_root/data/visualizations/video/pullups_video8/frame_00089.png,"[310, 247, 675, 1520]",LEFT_SHOULDER,-0.3070849557350326,-0.3232597253066176,0.9985029697418213,0.5425625070929527,0.42808356136083603,0.4844996182958593
00089,/Users/nikko/Downloads/moi-main/project_root/data/visualizations/video/pullups_video8/frame_00089.png,"[310, 247, 675, 1520]",RIGHT_SHOULDER,0.649641023363426,-0.2862986037651235,0.9922677874565125,0.5425625070929527,0.42808356136083603,0.4844996182958593
00089,/Users/nikko/Downloads/moi-main/project_root/data/visualizations/video/pullups_video8/frame_00089.png,"[310, 247, 675, 1520]",LEFT_HIP,-0.4485762214823017,0.30175568732968655,0.9991267323493958,0.5425625070929527,0.42808356136083603,0.4844996182958593
00089,/Users/nikko/Downloads/moi-main/project_root/data/visualizations/video/pullups_video8/frame_00089.png,"[310, 247, 675, 1520]",RIGHT_HIP,0.10602015385390835,0.3078026417420546,0.9988000392913818,0.5425625070929527,0.42808356136083603,0.4844996182958593
00089,/Users/nikko/Downloads/moi-main/project_root/data/visualizations/video/pullups_video8/frame_00089.png,"[310, 247, 675, 1520]",LEFT_ELBOW,-0.5798996895629989,-0.5227379905401212,0.5676947236061096,0.5425625070929527,0.42808356136083603,0.4844996182958593
00089,/Users/nikko/Downloads/moi-main/project_root/data/visualizations/video/pullups_video8/frame_00089.png,"[310, 247, 675, 1520]",LEFT_WRIST,-0.6025129345612819,-0.7915387881873958,0.6004595160484314,0.5425625070929527,0.42808356136083603,0.4844996182958593
00089,/Users/nikko/Downloads/moi-main/project_root/data/visualizations/video/pullups_video8/frame_00089.png,"[310, 247, 675, 1520]",LEFT_ANKLE,-0.7893184980424236,0.970792086610029,0.5482866168022156,0.5425625070929527,0.42808356136083603,0.4844996182958593
00089,/Users/nikko/Downloads/moi-main/project_root/data/visualizations/video/pullups_video8/frame_00089.png,"[310, 247, 675, 1520]",LEFT_EYE,0.1635849995740239,-0.4849842926797517,0.9750144481658936,0.5425625070929527,0.42808356136083603,0.4844996182958593
00089,/Users/nikko/Downloads/moi-main/project_root/data/visualizations/video/pullups_video8/frame_00089.png,"[310, 247, 675, 1520]",RIGHT_EYE,0.329258608442835,-0.4774024405658006,0.9830226302146912,0.5425625070929527,0.42808356136083603,0.4844996182958593
00090,/Users/nikko/Downloads/moi-main/project_root/data/visualizations/video/pullups_video8/frame_00090.png,"[310, 247, 675, 1520]",LEFT_SHOULDER,-0.30798869409470503,-0.3233245989043035,0.9987213015556335,0.5402817502617836,0.428548663854599,0.48492183270324307
00090,/Users/nikko/Downloads/moi-main/project_root/data/visualizations/video/pullups_video8/frame_00090.png,"[310, 247, 675, 1520]",RIGHT_SHOULDER,0.6517071137740144,-0.2853634718902362,0.9930416345596313,0.5402817502617836,0.428548663854599,0.48492183270324307
00090,/Users/nikko/Downloads/moi-main/project_root/data/visualizations/video/pullups_video8/frame_00090.png,"[310, 247, 675, 1520]",LEFT_HIP,-0.4480615997135354,0.3012912325327102,0.9992659687995911,0.5402817502617836,0.428548663854599,0.48492183270324307
00090,/Users/nikko/Downloads/moi-main/project_root/data/visualizations/video/pullups_video8/frame_00090.png,"[310, 247, 675, 1520]",RIGHT_HIP,0.10434318003422606,0.3073968382618295,0.998950719833374,0.5402817502617836,0.428548663854599,0.48492183270324307
00090,/Users/nikko/Downloads/moi-main/project_root/data/visualizations/video/pullups_video8/frame_00090.png,"[310, 247, 675, 1520]",LEFT_ELBOW,-0.5741690369344215,-0.5242246922500244,0.5694624781608582,0.5402817502617836,0.428548663854599,0.48492183270324307
00090,/Users/nikko/Downloads/moi-main/project_root/data/visualizations/video/pullups_video8/frame_00090.png,"[310, 247, 675, 1520]",LEFT_WRIST,-0.5944001476741179,-0.7924641236725566,0.6429955959320068,0.5402817502617836,0.428548663854599,0.48492183270324307
00090,/Users/nikko/Downloads/moi-main/project_root/data/visualizations/video/pullups_video8/frame_00090.png,"[310, 247, 675, 1520]",LEFT_ANKLE,-0.7869598690361637,0.9642564211228087,0.5875826478004456,0.5402817502617836,0.428548663854599,0.48492183270324307
00090,/Users/nikko/Downloads/moi-main/project_root/data/visualizations/video/pullups_video8/frame_00090.png,"[310, 247, 675, 1520]",LEFT_EYE,0.1734169241191451,-0.48452424258844434,0.9780581593513489,0.5402817502617836,0.428548663854599,0.48492183270324307
00090,/Users/nikko/Downloads/moi-main/project_root/data/visualizations/video/pullups_video8/frame_00090.png,"[310, 247, 675, 1520]",RIGHT_EYE,0.343421777313708,-0.47627363000290673,0.9845762252807617,0.5402817502617836,0.428548663854599,0.48492183270324307
00091,/Users/nikko/Downloads/moi-main/project_root/data/visualizations/video/pullups_video8/frame_00091.png,"[310, 256, 674, 1519]",LEFT_SHOULDER,-0.2977251295885879,-0.33357468627476794,0.9987253546714783,0.5299131497740746,0.4315527454018593,0.49195264495246466
00091,/Users/nikko/Downloads/moi-main/project_root/data/visualizations/video/pullups_video8/frame_00091.png,"[310, 256, 674, 1519]",RIGHT_SHOULDER,0.6497602698216032,-0.2901860215910166,0.9918447136878967,0.5299131497740746,0.4315527454018593,0.49195264495246466
00091,/Users/nikko/Downloads/moi-main/project_root/data/visualizations/video/pullups_video8/frame_00091.png,"[310, 256, 674, 1519]",LEFT_HIP,-0.4404216621687203,0.3052923162570809,0.9995307922363281,0.5299131497740746,0.4315527454018593,0.49195264495246466
00091,/Users/nikko/Downloads/moi-main/project_root/data/visualizations/video/pullups_video8/frame_00091.png,"[310, 256, 674, 1519]",RIGHT_HIP,0.08838652193570497,0.3184683916087036,0.9992921352386475,0.5299131497740746,0.4315527454018593,0.49195264495246466
00091,/Users/nikko/Downloads/moi-main/project_root/data/visualizations/video/pullups_video8/frame_00091.png,"[310, 256, 674, 1519]",LEFT_ELBOW,-0.5508580735969102,-0.5447295629076724,0.512444794178009,0.5299131497740746,0.4315527454018593,0.49195264495246466
00091,/Users/nikko/Downloads/moi-main/project_root/data/visualizations/video/pullups_video8/frame_00091.png,"[310, 256, 674, 1519]",LEFT_WRIST,-0.566879393688945,-0.8025980186871963,0.6080082058906555,0.5299131497740746,0.4315527454018593,0.49195264495246466
00091,/Users/nikko/Downloads/moi-main/project_root/data/visualizations/video/pullups_video8/frame_00091.png,"[310, 256, 674, 1519]",LEFT_ANKLE,-0.7273460598932991,0.955018949224252,0.5818844437599182,0.5299131497740746,0.4315527454018593,0.49195264495246466
00091,/Users/nikko/Downloads/moi-main/project_root/data/visualizations/video/pullups_video8/frame_00091.png,"[310, 256, 674, 1519]",LEFT_EYE,0.2248865431618538,-0.5001188248075151,0.9581766128540039,0.5299131497740746,0.4315527454018593,0.49195264495246466
00091,/Users/nikko/Downloads/moi-main/project_root/data/visualizations/video/pullups_video8/frame_00091.png,"[310, 256, 674, 1519]",RIGHT_EYE,0.3911361434032925,-0.4884228922102198,0.9675717353820801,0.5299131497740746,0.4315527454018593,0.49195264495246466
00092,/Users/nikko/Downloads/moi-main/project_root/data/visualizations/video/pullups_video8/frame_00092.png,"[310, 255, 674, 1519]",LEFT_SHOULDER,-0.29983125741857874,-0.3338726074237334,0.9988294243812561,0.5279356837272644,0.4314834997057915,0.4904535391021213
00092,/Users/nikko/Downloads/moi-main/project_root/data/visualizations/video/pullups_video8/frame_00092.png,"[310, 255, 674, 1519]",RIGHT_SHOULDER,0.6544163598223971,-0.2881439792722448,0.9918214678764343,0.5279356837272644,0.4314834997057915,0.4904535391021213
00092,/Users/nikko/Downloads/moi-main/project_root/data/visualizations/video/pullups_video8/frame_00092.png,"[310, 255, 674, 1519]",LEFT_HIP,-0.4389339682077897,0.3041954021821854,0.9994683861732483,0.5279356837272644,0.4314834997057915,0.4904535391021213
00092,/Users/nikko/Downloads/moi-main/project_root/data/visualizations/video/pullups_video8/frame_00092.png,"[310, 255, 674, 1519]",RIGHT_HIP,0.08434886580397129,0.3178211845137928,0.9991694688796997,0.5279356837272644,0.4314834997057915,0.4904535391021213
00092,/Users/nikko/Downloads/moi-main/project_root/data/visualizations/video/pullups_video8/frame_00092.png,"[310, 255, 674, 1519]",LEFT_ELBOW,-0.5389167722067589,-0.5393704271824642,0.5585289001464844,0.5279356837272644,0.4314834997057915,0.4904535391021213
00092,/Users/nikko/Downloads/moi-main/project_root/data/visualizations/video/pullups_video8/frame_00092.png,"[310, 255, 674, 1519]",LEFT_WRIST,-0.5657330784443666,-0.7988020706429543,0.6522717475891113,0.5279356837272644,0.4314834997057915,0.4904535391021213
00092,/Users/nikko/Downloads/moi-main/project_root/data/visualizations/video/pullups_video8/frame_00092.png,"[310, 255, 674, 1519]",LEFT_ANKLE,-0.7264124359496902,0.9715688882262665,0.5932936072349548,0.5279356837272644,0.4314834997057915,0.4904535391021213
00092,/Users/nikko/Downloads/moi-main/project_root/data/visualizations/video/pullups_video8/frame_00092.png,"[310, 255, 674, 1519]",LEFT_EYE,0.2198779973652109,-0.5042707210676618,0.969996452331543,0.5279356837272644,0.4314834997057915,0.4904535391021213
00092,/Users/nikko/Downloads/moi-main/project_root/data/visualizations/video/pullups_video8/frame_00092.png,"[310, 255, 674, 1519]",RIGHT_EYE,0.38864645922687496,-0.4934554333194947,0.9766172766685486,0.5279356837272644,0.4314834997057915,0.4904535391021213
00093,/Users/nikko/Downloads/moi-main/project_root/data/visualizations/video/pullups_video8/frame_00093.png,"[311, 262, 673, 1532]",LEFT_SHOULDER,-0.2825827874465392,-0.3356664443818724,0.9987427592277527,0.526549905538559,0.4294404983520508,0.49504714893890533
00093,/Users/nikko/Downloads/moi-main/project_root/data/visualizations/video/pullups_video8/frame_00093.png,"[311, 262, 673, 1532]",RIGHT_SHOULDER,0.6429462615345742,-0.28782460697929174,0.9911030530929565,0.526549905538559,0.4294404983520508,0.49504714893890533
00093,/Users/nikko/Downloads/moi-main/project_root/data/visualizations/video/pullups_video8/frame_00093.png,"[311, 262, 673, 1532]",LEFT_HIP,-0.4521762862262489,0.3024686152136394,0.9995280504226685,0.526549905538559,0.4294404983520508,0.49504714893890533
00093,/Users/nikko/Downloads/moi-main/project_root/data/visualizations/video/pullups_video8/frame_00093.png,"[311, 262, 673, 1532]",RIGHT_HIP,0.0918128121382138,0.32102243614752474,0.9992881417274475,0.526549905538559,0.4294404983520508,0.49504714893890533
00093,/Users/nikko/Downloads/moi-main/project_root/data/visualizations/video/pullups_video8/frame_00093.png,"[311, 262, 673, 1532]",LEFT_ELBOW,-0.550959649173659,-0.5567600735787519,0.5072409510612488,0.526549905538559,0.4294404983520508,0.49504714893890533
00093,/Users/nikko/Downloads/moi-main/project_root/data/visualizations/video/pullups_video8/frame_00093.png,"[311, 262, 673, 1532]",LEFT_WRIST,-0.5519117878374088,-0.8157783923131295,0.6296244263648987,0.526549905538559,0.4294404983520508,0.49504714893890533
00093,/Users/nikko/Downloads/moi-main/project_root/data/visualizations/video/pullups_video8/frame_00093.png,"[311, 262, 673, 1532]",LEFT_ANKLE,-0.6984601115388407,0.9450501190241584,0.5498731136322021,0.526549905538559,0.4294404983520508,0.49504714893890533
00093,/Users/nikko/Downloads/moi-main/project_root/data/visualizations/video/pullups_video8/frame_00093.png,"[311, 262, 673, 1532]",LEFT_EYE,0.23155481329769192,-0.5018473905380796,0.9475664496421814,0.526549905538559,0.4294404983520508,0.49504714893890533
00093,/Users/nikko/Downloads/moi-main/project_root/data/visualizations/video/pullups_video8/frame_00093.png,"[311, 262, 673, 1532]",RIGHT_EYE,0.39700744802534293,-0.49101025133135434,0.9576305747032166,0.526549905538559,0.4294404983520508,0.49504714893890533
00094,/Users/nikko/Downloads/moi-main/project_root/data/visualizations/video/pullups_video8/frame_00094.png,"[311, 266, 672, 1544]",LEFT_SHOULDER,-0.2869297655662577,-0.3380898923368159,0.9989733695983887,0.5266324356198311,0.4266120344400406,0.5001501486813779
00094,/Users/nikko/Downloads/moi-main/project_root/data/visualizations/video/pullups_video8/frame_00094.png,"[311, 266, 672, 1544]",RIGHT_SHOULDER,0.6460808929888067,-0.2845099625035684,0.9922730326652527,0.5266324356198311,0.4266120344400406,0.5001501486813779
00094,/Users/nikko/Downloads/moi-main/project_root/data/visualizations/video/pullups_video8/frame_00094.png,"[311, 266, 672, 1544]",LEFT_HIP,-0.448215429292197,0.3020280501994842,0.9997419714927673,0.5266324356198311,0.4266120344400406,0.5001501486813779
00094,/Users/nikko/Downloads/moi-main/project_root/data/visualizations/video/pullups_video8/frame_00094.png,"[311, 266, 672, 1544]",RIGHT_HIP,0.08906430186964803,0.32057180464090007,0.9996127486228943,0.5266324356198311,0.4266120344400406,0.5001501486813779
00094,/Users/nikko/Downloads/moi-main/project_root/data/visualizations/video/pullups_video8/frame_00094.png,"[311, 266, 672, 1544]",LEFT_ELBOW,-0.554017545249695,-0.5645873559780523,0.7089420557022095,0.5266324356198311,0.4266120344400406,0.5001501486813779
00094,/Users/nikko/Downloads/moi-main/project_root/data/visualizations/video/pullups_video8/frame_00094.png,"[311, 266, 672, 1544]",LEFT_WRIST,-0.5435271189703991,-0.8489523737097373,0.7997068166732788,0.5266324356198311,0.4266120344400406,0.5001501486813779
00094,/Users/nikko/Downloads/moi-main/project_root/data/visualizations/video/pullups_video8/frame_00094.png,"[311, 266, 672, 1544]",LEFT_ANKLE,-0.7148674510653431,0.9641563851786934,0.604851245880127,0.5266324356198311,0.4266120344400406,0.5001501486813779
00094,/Users/nikko/Downloads/moi-main/project_root/data/visualizations/video/pullups_video8/frame_00094.png,"[311, 266, 672, 1544]",LEFT_EYE,0.2052830161219144,-0.5042763279880673,0.9610097408294678,0.5266324356198311,0.4266120344400406,0.5001501486813779
00094,/Users/nikko/Downloads/moi-main/project_root/data/visualizations/video/pullups_video8/frame_00094.png,"[311, 266, 672, 1544]",RIGHT_EYE,0.37379065365958625,-0.5000642001444228,0.9686866998672485,0.5266324356198311,0.4266120344400406,0.5001501486813779
00095,/Users/nikko/Downloads/moi-main/project_root/data/visualizations/video/pullups_video8/frame_00095.png,"[311, 266, 672, 1544]",LEFT_SHOULDER,-0.2851835568695049,-0.3390341568331504,0.9989099502563477,0.5266107693314552,0.42656125128269196,0.49923411523548095
00095,/Users/nikko/Downloads/moi-main/project_root/data/visualizations/video/pullups_video8/frame_00095.png,"[311, 266, 672, 1544]",RIGHT_SHOULDER,0.6458948547208073,-0.2841914825499306,0.9914296269416809,0.5266107693314552,0.42656125128269196,0.49923411523548095
00095,/Users/nikko/Downloads/moi-main/project_root/data/visualizations/video/pullups_video8/frame_00095.png,"[311, 266, 672, 1544]",LEFT_HIP,-0.448878282062786,0.3028549263917373,0.9996968507766724,0.5266107693314552,0.42656125128269196,0.49923411523548095
00095,/Users/nikko/Downloads/moi-main/project_root/data/visualizations/video/pullups_video8/frame_00095.png,"[311, 266, 672, 1544]",RIGHT_HIP,0.0881669842114836,0.32037071299134373,0.9995355606079102,0.5266107693314552,0.42656125128269196,0.49923411523548095
00095,/Users/nikko/Downloads/moi-main/project_root/data/visualizations/video/pullups_video8/frame_00095.png,"[311, 266, 672, 1544]",LEFT_ELBOW,-0.5494538289058712,-0.5641145457521148,0.7168787121772766,0.5266107693314552,0.42656125128269196,0.49923411523548095
00095,/Users/nikko/Downloads/moi-main/project_root/data/visualizations/video/pullups_video8/frame_00095.png,"[311, 266, 672, 1544]",LEFT_WRIST,-0.5485432845149594,-0.8468254161434149,0.7978538870811462,0.5266107693314552,0.42656125128269196,0.49923411523548095
00095,/Users/nikko/Downloads/moi-main/project_root/data/visualizations/video/pullups_video8/frame_00095.png,"[311, 266, 672, 1544]",LEFT_ANKLE,-0.725769828807127,0.9719706778236802,0.6252504587173462,0.5266107693314552,0.42656125128269196,0.49923411523548095
00095,/Users/nikko/Downloads/moi-main/project_root/data/visualizations/video/pullups_video8/frame_00095.png,"[311, 266, 672, 1544]",LEFT_EYE,0.20987166200856489,-0.5080054787127942,0.9619038701057434,0.5266107693314552,0.42656125128269196,0.49923411523548095
00095,/Users/nikko/Downloads/moi-main/project_root/data/visualizations/video/pullups_video8/frame_00095.png,"[311, 266, 672, 1544]",RIGHT_EYE,0.37668294073337,-0.5033240519980693,0.9693454504013062,0.5266107693314552,0.42656125128269196,0.49923411523548095
00096,/Users/nikko/Downloads/moi-main/project_root/data/visualizations/video/pullups_video8/frame_00096.png,"[312, 268, 669, 1546]",LEFT_SHOULDER,-0.30452835746150914,-0.3366251019829784,0.9987908005714417,0.5269154161214828,0.4271753579378128,0.5044531453705758
00096,/Users/nikko/Downloads/moi-main/project_root/data/visualizations/video/pullups_video8/frame_00096.png,"[312, 268, 669, 1546]",RIGHT_SHOULDER,0.6331206478568135,-0.2795454883929438,0.9913004040718079,0.5269154161214828,0.4271753579378128,0.5044531453705758
00096,/Users/nikko/Downloads/moi-main/project_root/data/visualizations/video/pullups_video8/frame_00096.png,"[312, 268, 669, 1546]",LEFT_HIP,-0.4440134633342701,0.29825186030904743,0.9996316432952881,0.5269154161214828,0.4271753579378128,0.5044531453705758
00096,/Users/nikko/Downloads/moi-main/project_root/data/visualizations/video/pullups_video8/frame_00096.png,"[312, 268, 669, 1546]",RIGHT_HIP,0.11542117293896567,0.31791873006687477,0.9994572997093201,0.5269154161214828,0.4271753579378128,0.5044531453705758
00096,/Users/nikko/Downloads/moi-main/project_root/data/visualizations/video/pullups_video8/frame_00096.png,"[312, 268, 669, 1546]",LEFT_ELBOW,-0.5182914707736107,-0.5572136105560086,0.7555107474327087,0.5269154161214828,0.4271753579378128,0.5044531453705758
00096,/Users/nikko/Downloads/moi-main/project_root/data/visualizations/video/pullups_video8/frame_00096.png,"[312, 268, 669, 1546]",LEFT_WRIST,-0.543440527591516,-0.8541451560347034,0.821381151676178,0.5269154161214828,0.4271753579378128,0.5044531453705758
00096,/Users/nikko/Downloads/moi-main/project_root/data/visualizations/video/pullups_video8/frame_00096.png,"[312, 268, 669, 1546]",LEFT_ANKLE,-0.6808498817163448,0.9591818982388861,0.677956223487854,0.5269154161214828,0.4271753579378128,0.5044531453705758
00096,/Users/nikko/Downloads/moi-main/project_root/data/visualizations/video/pullups_video8/frame_00096.png,"[312, 268, 669, 1546]",LEFT_EYE,0.21034007694856427,-0.49982950650735397,0.9491986036300659,0.5269154161214828,0.4271753579378128,0.5044531453705758
00096,/Users/nikko/Downloads/moi-main/project_root/data/visualizations/video/pullups_video8/frame_00096.png,"[312, 268, 669, 1546]",RIGHT_EYE,0.37622050006309327,-0.49207114397391344,0.9620622992515564,0.5269154161214828,0.4271753579378128,0.5044531453705758
00097,/Users/nikko/Downloads/moi-main/project_root/data/visualizations/video/pullups_video8/frame_00097.png,"[312, 270, 667, 1544]",LEFT_SHOULDER,-0.318781320649991,-0.3363500399105106,0.9989027976989746,0.5354422256350517,0.42657796293497086,0.49585638152960876
00097,/Users/nikko/Downloads/moi-main/project_root/data/visualizations/video/pullups_video8/frame_00097.png,"[312, 270, 667, 1544]",RIGHT_SHOULDER,0.6328146908854307,-0.28417191466637604,0.9914920926094055,0.5354422256350517,0.42657796293497086,0.49585638152960876
00097,/Users/nikko/Downloads/moi-main/project_root/data/visualizations/video/pullups_video8/frame_00097.png,"[312, 270, 667, 1544]",LEFT_HIP,-0.4305862828178005,0.30378653086775526,0.9997722506523132,0.5354422256350517,0.42657796293497086,0.49585638152960876
00097,/Users/nikko/Downloads/moi-main/project_root/data/visualizations/video/pullups_video8/frame_00097.png,"[312, 270, 667, 1544]",RIGHT_HIP,0.11655291258236074,0.3167354237091313,0.9996562004089355,0.5354422256350517,0.42657796293497086,0.49585638152960876
00097,/Users/nikko/Downloads/moi-main/project_root/data/visualizations/video/pullups_video8/frame_00097.png,"[312, 270, 667, 1544]",LEFT_ELBOW,-0.533517617775109,-0.5523439265653156,0.7275189757347107,0.5354422256350517,0.42657796293497086,0.49585638152960876
00097,/Users/nikko/Downloads/moi-main/project_root/data/visualizations/video/pullups_video8/frame_00097.png,"[312, 270, 667, 1544]",LEFT_WRIST,-0.5778551615378699,-0.8569193207944992,0.8152949213981628,0.5354422256350517,0.42657796293497086,0.49585638152960876
00097,/Users/nikko/Downloads/moi-main/project_root/data/visualizations/video/pullups_video8/frame_00097.png,"[312, 270, 667, 1544]",LEFT_KNEE,-0.6877402321389829,0.6281464216656312,0.5150235295295715,0.5354422256350517,0.42657796293497086,0.49585638152960876
00097,/Users/nikko/Downloads/moi-main/project_root/data/visualizations/video/pullups_video8/frame_00097.png,"[312, 270, 667, 1544]",LEFT_ANKLE,-0.7192577433142221,0.9701798809371092,0.713870108127594,0.5354422256350517,0.42657796293497086,0.49585638152960876
00097,/Users/nikko/Downloads/moi-main/project_root/data/visualizations/video/pullups_video8/frame_00097.png,"[312, 270, 667, 1544]",LEFT_EYE,0.18743458678997735,-0.5070928213013484,0.956802487373352,0.5354422256350517,0.42657796293497086,0.49585638152960876
00097,/Users/nikko/Downloads/moi-main/project_root/data/visualizations/video/pullups_video8/frame_00097.png,"[312, 270, 667, 1544]",RIGHT_EYE,0.36072614466645064,-0.4991163475466702,0.9676497578620911,0.5354422256350517,0.42657796293497086,0.49585638152960876
00098,/Users/nikko/Downloads/moi-main/project_root/data/visualizations/video/pullups_video8/frame_00098.png,"[311, 269, 664, 1556]",LEFT_SHOULDER,-0.3170828795518185,-0.3340168450602866,0.9993646740913391,0.5479483380913734,0.42059340327978134,0.4778650392359859
00098,/Users/nikko/Downloads/moi-main/project_root/data/visualizations/video/pullups_video8/frame_00098.png,"[311, 269, 664, 1556]",RIGHT_SHOULDER,0.6217753587576758,-0.290827632210657,0.9967530369758606,0.5479483380913734,0.42059340327978134,0.4778650392359859
00098,/Users/nikko/Downloads/moi-main/project_root/data/visualizations/video/pullups_video8/frame_00098.png,"[311, 269, 664, 1556]",LEFT_HIP,-0.43159335067357196,0.3066670197163846,0.9996150732040405,0.5479483380913734,0.42059340327978134,0.4778650392359859
00098,/Users/nikko/Downloads/moi-main/project_root/data/visualizations/video/pullups_video8/frame_00098.png,"[311, 269, 664, 1556]",RIGHT_HIP,0.1269008714677148,0.318177457554559,0.9995230436325073,0.5479483380913734,0.42059340327978134,0.4778650392359859
00098,/Users/nikko/Downloads/moi-main/project_root/data/visualizations/video/pullups_video8/frame_00098.png,"[311, 269, 664, 1556]",LEFT_ELBOW,-0.5393051646354627,-0.5672288778935131,0.7626950144767761,0.5479483380913734,0.42059340327978134,0.4778650392359859
00098,/Users/nikko/Downloads/moi-main/project_root/data/visualizations/video/pullups_video8/frame_00098.png,"[311, 269, 664, 1556]",LEFT_WRIST,-0.5792986412867885,-0.8659789479418223,0.9052879214286804,0.5479483380913734,0.42059340327978134,0.4778650392359859
00098,/Users/nikko/Downloads/moi-main/project_root/data/visualizations/video/pullups_video8/frame_00098.png,"[311, 269, 664, 1556]",LEFT_ANKLE,-0.7537470962262068,0.9888533583157285,0.6484630703926086,0.5479483380913734,0.42059340327978134,0.4778650392359859
00098,/Users/nikko/Downloads/moi-main/project_root/data/visualizations/video/pullups_video8/frame_00098.png,"[311, 269, 664, 1556]",LEFT_EYE,0.15815001011310084,-0.5051981552313403,0.9823185801506042,0.5479483380913734,0.42059340327978134,0.4778650392359859
00098,/Users/nikko/Downloads/moi-main/project_root/data/visualizations/video/pullups_video8/frame_00098.png,"[311, 269, 664, 1556]",RIGHT_EYE,0.3462868330947676,-0.49880593444797233,0.9893649816513062,0.5479483380913734,0.42059340327978134,0.4778650392359859
