frame_id,image_path,bbox,landmark,x_norm,y_norm,visibility,center_x,center_y,unit_length
00000,/Users/nikko/Downloads/moi-main/project_root/data/visualizations/video/pushups_video5/frame_00000.png,"[17, 128, 501, 348]",LEFT_SHOULDER,0.38461227704870865,-0.29996650656068274,0.9999874830245972,0.6485624611377716,0.30432843416929245,0.3431011086030923
00000,/Users/nikko/Downloads/moi-main/project_root/data/visualizations/video/pushups_video5/frame_00000.png,"[17, 128, 501, 348]",RIGHT_SHOULDER,0.4414315978511648,-0.2579603948325005,0.9999812841415405,0.6485624611377716,0.30432843416929245,0.3431011086030923
00000,/Users/nikko/Downloads/moi-main/project_root/data/visualizations/video/pushups_video5/frame_00000.png,"[17, 128, 501, 348]",LEFT_HIP,-0.41997312644815327,0.22755117965233876,0.9978156089782715,0.6485624611377716,0.30432843416929245,0.3431011086030923
00000,/Users/nikko/Downloads/moi-main/project_root/data/visualizations/video/pushups_video5/frame_00000.png,"[17, 128, 501, 348]",RIGHT_HIP,-0.40607074845172025,0.33037572174084445,0.9993744492530823,0.6485624611377716,0.30432843416929245,0.3431011086030923
00000,/Users/nikko/Downloads/moi-main/project_root/data/visualizations/video/pushups_video5/frame_00000.png,"[17, 128, 501, 348]",LEFT_ELBOW,0.27729264548106236,0.7372732192101967,0.8140562772750854,0.6485624611377716,0.30432843416929245,0.3431011086030923
00000,/Users/nikko/Downloads/moi-main/project_root/data/visualizations/video/pushups_video5/frame_00000.png,"[17, 128, 501, 348]",RIGHT_ELBOW,0.34055848919721704,0.8731487861681122,0.9989355206489563,0.6485624611377716,0.30432843416929245,0.3431011086030923
00000,/Users/nikko/Downloads/moi-main/project_root/data/visualizations/video/pushups_video5/frame_00000.png,"[17, 128, 501, 348]",LEFT_WRIST,0.25732489341410897,1.6732314563621782,0.8727788329124451,0.6485624611377716,0.30432843416929245,0.3431011086030923
00000,/Users/nikko/Downloads/moi-main/project_root/data/visualizations/video/pushups_video5/frame_00000.png,"[17, 128, 501, 348]",RIGHT_WRIST,0.33026608064528806,1.896466372921177,0.9998763799667358,0.6485624611377716,0.30432843416929245,0.3431011086030923
00000,/Users/nikko/Downloads/moi-main/project_root/data/visualizations/video/pushups_video5/frame_00000.png,"[17, 128, 501, 348]",RIGHT_KNEE,-1.0527177303490878,0.9567121087079897,0.9965734481811523,0.6485624611377716,0.30432843416929245,0.3431011086030923
00000,/Users/nikko/Downloads/moi-main/project_root/data/visualizations/video/pushups_video5/frame_00000.png,"[17, 128, 501, 348]",LEFT_ANKLE,-1.6427835660401693,1.237089471342148,0.8757435083389282,0.6485624611377716,0.30432843416929245,0.3431011086030923
00000,/Users/nikko/Downloads/moi-main/project_root/data/visualizations/video/pushups_video5/frame_00000.png,"[17, 128, 501, 348]",RIGHT_ANKLE,-1.715956065798555,1.3209509030045843,0.999502420425415,0.6485624611377716,0.30432843416929245,0.3431011086030923
00000,/Users/nikko/Downloads/moi-main/project_root/data/visualizations/video/pushups_video5/frame_00000.png,"[17, 128, 501, 348]",LEFT_EYE,0.8620632223349001,-0.11755590578960634,0.9999371767044067,0.6485624611377716,0.30432843416929245,0.3431011086030923
00000,/Users/nikko/Downloads/moi-main/project_root/data/visualizations/video/pushups_video5/frame_00000.png,"[17, 128, 501, 348]",RIGHT_EYE,0.8615592511434416,-0.11268079666850941,0.9999737739562988,0.6485624611377716,0.30432843416929245,0.3431011086030923
00001,/Users/nikko/Downloads/moi-main/project_root/data/visualizations/video/pushups_video5/frame_00001.png,"[17, 128, 501, 348]",LEFT_SHOULDER,0.3836867165434691,-0.303061251557703,0.9999887943267822,0.6491305977106094,0.30443909764289856,0.3395741122088809
00001,/Users/nikko/Downloads/moi-main/project_root/data/visualizations/video/pushups_video5/frame_00001.png,"[17, 128, 501, 348]",RIGHT_SHOULDER,0.44464799480396805,-0.2497249820310048,0.9999817609786987,0.6491305977106094,0.30443909764289856,0.3395741122088809
00001,/Users/nikko/Downloads/moi-main/project_root/data/visualizations/video/pushups_video5/frame_00001.png,"[17, 128, 501, 348]",LEFT_HIP,-0.4231075052999585,0.21992288890074818,0.9980694651603699,0.6491305977106094,0.30443909764289856,0.3395741122088809
00001,/Users/nikko/Downloads/moi-main/project_root/data/visualizations/video/pushups_video5/frame_00001.png,"[17, 128, 501, 348]",RIGHT_HIP,-0.4052272060474787,0.33286334468795964,0.9994174242019653,0.6491305977106094,0.30443909764289856,0.3395741122088809
00001,/Users/nikko/Downloads/moi-main/project_root/data/visualizations/video/pushups_video5/frame_00001.png,"[17, 128, 501, 348]",LEFT_ELBOW,0.2739712302079472,0.732614395333698,0.7405202984809875,0.6491305977106094,0.30443909764289856,0.3395741122088809
00001,/Users/nikko/Downloads/moi-main/project_root/data/visualizations/video/pushups_video5/frame_00001.png,"[17, 128, 501, 348]",RIGHT_ELBOW,0.3486213830468447,0.8976935832784163,0.9984955787658691,0.6491305977106094,0.30443909764289856,0.3395741122088809
00001,/Users/nikko/Downloads/moi-main/project_root/data/visualizations/video/pushups_video5/frame_00001.png,"[17, 128, 501, 348]",LEFT_WRIST,0.2501180761956518,1.6508570879679096,0.8411077260971069,0.6491305977106094,0.30443909764289856,0.3395741122088809
00001,/Users/nikko/Downloads/moi-main/project_root/data/visualizations/video/pushups_video5/frame_00001.png,"[17, 128, 501, 348]",RIGHT_WRIST,0.3359391595219181,1.920064541727999,0.9998294115066528,0.6491305977106094,0.30443909764289856,0.3395741122088809
00001,/Users/nikko/Downloads/moi-main/project_root/data/visualizations/video/pushups_video5/frame_00001.png,"[17, 128, 501, 348]",RIGHT_KNEE,-1.0566661205146688,0.9704901641688111,0.9940998554229736,0.6491305977106094,0.30443909764289856,0.3395741122088809
00001,/Users/nikko/Downloads/moi-main/project_root/data/visualizations/video/pushups_video5/frame_00001.png,"[17, 128, 501, 348]",LEFT_ANKLE,-1.6797115073339648,1.258263177113857,0.853980541229248,0.6491305977106094,0.30443909764289856,0.3395741122088809
00001,/Users/nikko/Downloads/moi-main/project_root/data/visualizations/video/pushups_video5/frame_00001.png,"[17, 128, 501, 348]",RIGHT_ANKLE,-1.7290032688268182,1.3345555666147044,0.9991594552993774,0.6491305977106094,0.30443909764289856,0.3395741122088809
00001,/Users/nikko/Downloads/moi-main/project_root/data/visualizations/video/pushups_video5/frame_00001.png,"[17, 128, 501, 348]",LEFT_EYE,0.8707578566177668,-0.10102704335456161,0.9999262094497681,0.6491305977106094,0.30443909764289856,0.3395741122088809
00001,/Users/nikko/Downloads/moi-main/project_root/data/visualizations/video/pushups_video5/frame_00001.png,"[17, 128, 501, 348]",RIGHT_EYE,0.8697478705390087,-0.09873043962594318,0.999968409538269,0.6491305977106094,0.30443909764289856,0.3395741122088809
00002,/Users/nikko/Downloads/moi-main/project_root/data/visualizations/video/pushups_video5/frame_00002.png,"[17, 128, 501, 347]",LEFT_SHOULDER,0.3994733682462816,-0.24432318623896393,0.9999411106109619,0.6541065573692322,0.3156578578054905,0.3449206824992856
00002,/Users/nikko/Downloads/moi-main/project_root/data/visualizations/video/pushups_video5/frame_00002.png,"[17, 128, 501, 347]",RIGHT_SHOULDER,0.43407862429634697,-0.3081028553437017,0.9998550415039062,0.6541065573692322,0.3156578578054905,0.3449206824992856
00002,/Users/nikko/Downloads/moi-main/project_root/data/visualizations/video/pushups_video5/frame_00002.png,"[17, 128, 501, 347]",LEFT_HIP,-0.4203767718878573,0.25329823221964465,0.9951336979866028,0.6541065573692322,0.3156578578054905,0.3449206824992856
00002,/Users/nikko/Downloads/moi-main/project_root/data/visualizations/video/pushups_video5/frame_00002.png,"[17, 128, 501, 347]",RIGHT_HIP,-0.41317522065477125,0.29912780936302097,0.9980467557907104,0.6541065573692322,0.3156578578054905,0.3449206824992856
00002,/Users/nikko/Downloads/moi-main/project_root/data/visualizations/video/pushups_video5/frame_00002.png,"[17, 128, 501, 347]",LEFT_ELBOW,0.2645312908575691,0.7868531863163859,0.6695019602775574,0.6541065573692322,0.3156578578054905,0.3449206824992856
00002,/Users/nikko/Downloads/moi-main/project_root/data/visualizations/video/pushups_video5/frame_00002.png,"[17, 128, 501, 347]",RIGHT_ELBOW,0.32401329766017506,0.8440778176868805,0.9957858920097351,0.6541065573692322,0.3156578578054905,0.3449206824992856
00002,/Users/nikko/Downloads/moi-main/project_root/data/visualizations/video/pushups_video5/frame_00002.png,"[17, 128, 501, 347]",LEFT_WRIST,0.2763920594527147,1.7134799665791174,0.5877013206481934,0.6541065573692322,0.3156578578054905,0.3449206824992856
00002,/Users/nikko/Downloads/moi-main/project_root/data/visualizations/video/pushups_video5/frame_00002.png,"[17, 128, 501, 347]",RIGHT_WRIST,0.31618704978871476,1.876738687191595,0.9967547059059143,0.6541065573692322,0.3156578578054905,0.3449206824992856
00002,/Users/nikko/Downloads/moi-main/project_root/data/visualizations/video/pushups_video5/frame_00002.png,"[17, 128, 501, 347]",RIGHT_KNEE,-1.0617034741607922,0.9419018551199677,0.9866266846656799,0.6541065573692322,0.3156578578054905,0.3449206824992856
00002,/Users/nikko/Downloads/moi-main/project_root/data/visualizations/video/pushups_video5/frame_00002.png,"[17, 128, 501, 347]",LEFT_ANKLE,-1.6718852904625343,1.2108061952529718,0.7331627607345581,0.6541065573692322,0.3156578578054905,0.3449206824992856
00002,/Users/nikko/Downloads/moi-main/project_root/data/visualizations/video/pushups_video5/frame_00002.png,"[17, 128, 501, 347]",RIGHT_ANKLE,-1.733575336351399,1.3109176765040838,0.9974929094314575,0.6541065573692322,0.3156578578054905,0.3449206824992856
00002,/Users/nikko/Downloads/moi-main/project_root/data/visualizations/video/pushups_video5/frame_00002.png,"[17, 128, 501, 347]",LEFT_EYE,0.8409009479894168,-0.1277113326042169,0.9996241331100464,0.6541065573692322,0.3156578578054905,0.3449206824992856
00002,/Users/nikko/Downloads/moi-main/project_root/data/visualizations/video/pushups_video5/frame_00002.png,"[17, 128, 501, 347]",RIGHT_EYE,0.8388448924974732,-0.13541549246045967,0.9998087286949158,0.6541065573692322,0.3156578578054905,0.3449206824992856
00003,/Users/nikko/Downloads/moi-main/project_root/data/visualizations/video/pushups_video5/frame_00003.png,"[18, 128, 503, 347]",LEFT_SHOULDER,0.3876263765496615,-0.277669776306966,0.9999791383743286,0.6506346166133881,0.31298524141311646,0.33269253234952767
00003,/Users/nikko/Downloads/moi-main/project_root/data/visualizations/video/pushups_video5/frame_00003.png,"[18, 128, 503, 347]",RIGHT_SHOULDER,0.4504065076838183,-0.2633798376639862,0.9999526739120483,0.6506346166133881,0.31298524141311646,0.33269253234952767
00003,/Users/nikko/Downloads/moi-main/project_root/data/visualizations/video/pushups_video5/frame_00003.png,"[18, 128, 503, 347]",LEFT_HIP,-0.4285230320033784,0.22019161255952685,0.9971928000450134,0.6506346166133881,0.31298524141311646,0.33269253234952767
00003,/Users/nikko/Downloads/moi-main/project_root/data/visualizations/video/pushups_video5/frame_00003.png,"[18, 128, 503, 347]",RIGHT_HIP,-0.4095098522301014,0.32085800141142534,0.9989702701568604,0.6506346166133881,0.31298524141311646,0.33269253234952767
00003,/Users/nikko/Downloads/moi-main/project_root/data/visualizations/video/pushups_video5/frame_00003.png,"[18, 128, 503, 347]",LEFT_ELBOW,0.273112301438956,0.7541348210435823,0.703188955783844,0.6506346166133881,0.31298524141311646,0.33269253234952767
00003,/Users/nikko/Downloads/moi-main/project_root/data/visualizations/video/pushups_video5/frame_00003.png,"[18, 128, 503, 347]",RIGHT_ELBOW,0.34109537018249547,0.8928155658326608,0.9968175888061523,0.6506346166133881,0.31298524141311646,0.33269253234952767
00003,/Users/nikko/Downloads/moi-main/project_root/data/visualizations/video/pushups_video5/frame_00003.png,"[18, 128, 503, 347]",LEFT_WRIST,0.2708079667558569,1.7137717928857432,0.7950956225395203,0.6506346166133881,0.31298524141311646,0.33269253234952767
00003,/Users/nikko/Downloads/moi-main/project_root/data/visualizations/video/pushups_video5/frame_00003.png,"[18, 128, 503, 347]",RIGHT_WRIST,0.3315447969212107,1.9255258534263078,0.9987937211990356,0.6506346166133881,0.31298524141311646,0.33269253234952767
00003,/Users/nikko/Downloads/moi-main/project_root/data/visualizations/video/pushups_video5/frame_00003.png,"[18, 128, 503, 347]",RIGHT_KNEE,-1.092084170620012,0.984187577862151,0.986939549446106,0.6506346166133881,0.31298524141311646,0.33269253234952767
00003,/Users/nikko/Downloads/moi-main/project_root/data/visualizations/video/pushups_video5/frame_00003.png,"[18, 128, 503, 347]",LEFT_ANKLE,-1.7310381787575884,1.2588977030354578,0.6947125792503357,0.6506346166133881,0.31298524141311646,0.33269253234952767
00003,/Users/nikko/Downloads/moi-main/project_root/data/visualizations/video/pushups_video5/frame_00003.png,"[18, 128, 503, 347]",RIGHT_ANKLE,-1.8110376666970134,1.3532860250264358,0.9981936812400818,0.6506346166133881,0.31298524141311646,0.33269253234952767
00003,/Users/nikko/Downloads/moi-main/project_root/data/visualizations/video/pushups_video5/frame_00003.png,"[18, 128, 503, 347]",LEFT_EYE,0.8860151628056251,-0.12302499247352784,0.9998960494995117,0.6506346166133881,0.31298524141311646,0.33269253234952767
00003,/Users/nikko/Downloads/moi-main/project_root/data/visualizations/video/pushups_video5/frame_00003.png,"[18, 128, 503, 347]",RIGHT_EYE,0.8858299130728988,-0.12700875751888555,0.9999439716339111,0.6506346166133881,0.31298524141311646,0.33269253234952767
00004,/Users/nikko/Downloads/moi-main/project_root/data/visualizations/video/pushups_video5/frame_00004.png,"[18, 128, 504, 347]",LEFT_SHOULDER,0.38030734913065817,-0.2984225828392919,0.9999858140945435,0.6522014290094376,0.31347567960619926,0.3409893028611898
00004,/Users/nikko/Downloads/moi-main/project_root/data/visualizations/video/pushups_video5/frame_00004.png,"[18, 128, 504, 347]",RIGHT_SHOULDER,0.44542982614859583,-0.2581111427353895,0.9999692440032959,0.6522014290094376,0.31347567960619926,0.3409893028611898
00004,/Users/nikko/Downloads/moi-main/project_root/data/visualizations/video/pushups_video5/frame_00004.png,"[18, 128, 504, 347]",LEFT_HIP,-0.42255132508230175,0.21618991158856452,0.9980143308639526,0.6522014290094376,0.31347567960619926,0.3409893028611898
00004,/Users/nikko/Downloads/moi-main/project_root/data/visualizations/video/pushups_video5/frame_00004.png,"[18, 128, 504, 347]",RIGHT_HIP,-0.40318585019695224,0.3403438139861169,0.9992959499359131,0.6522014290094376,0.31347567960619926,0.3409893028611898
00004,/Users/nikko/Downloads/moi-main/project_root/data/visualizations/video/pushups_video5/frame_00004.png,"[18, 128, 504, 347]",LEFT_ELBOW,0.25280377037010326,0.7500504158641491,0.7067423462867737,0.6522014290094376,0.31347567960619926,0.3409893028611898
00004,/Users/nikko/Downloads/moi-main/project_root/data/visualizations/video/pushups_video5/frame_00004.png,"[18, 128, 504, 347]",RIGHT_ELBOW,0.32257258394311944,0.8768514767880966,0.997430145740509,0.6522014290094376,0.31347567960619926,0.3409893028611898
00004,/Users/nikko/Downloads/moi-main/project_root/data/visualizations/video/pushups_video5/frame_00004.png,"[18, 128, 504, 347]",LEFT_WRIST,0.2490328280239648,1.6796545648671821,0.8025982975959778,0.6522014290094376,0.31347567960619926,0.3409893028611898
00004,/Users/nikko/Downloads/moi-main/project_root/data/visualizations/video/pushups_video5/frame_00004.png,"[18, 128, 504, 347]",RIGHT_WRIST,0.3130961969125161,1.8787125306520953,0.999208390712738,0.6522014290094376,0.31347567960619926,0.3409893028611898
00004,/Users/nikko/Downloads/moi-main/project_root/data/visualizations/video/pushups_video5/frame_00004.png,"[18, 128, 504, 347]",RIGHT_KNEE,-1.071627813546848,0.9826504182623367,0.9905253648757935,0.6522014290094376,0.31347567960619926,0.3409893028611898
00004,/Users/nikko/Downloads/moi-main/project_root/data/visualizations/video/pushups_video5/frame_00004.png,"[18, 128, 504, 347]",LEFT_ANKLE,-1.695576747512727,1.2453468161702395,0.7424919009208679,0.6522014290094376,0.31347567960619926,0.3409893028611898
00004,/Users/nikko/Downloads/moi-main/project_root/data/visualizations/video/pushups_video5/frame_00004.png,"[18, 128, 504, 347]",RIGHT_ANKLE,-1.7724406591170674,1.3192192148968247,0.9987358450889587,0.6522014290094376,0.31347567960619926,0.3409893028611898
00004,/Users/nikko/Downloads/moi-main/project_root/data/visualizations/video/pushups_video5/frame_00004.png,"[18, 128, 504, 347]",LEFT_EYE,0.8703190463379302,-0.11114433265750638,0.9999215602874756,0.6522014290094376,0.31347567960619926,0.3409893028611898
00004,/Users/nikko/Downloads/moi-main/project_root/data/visualizations/video/pushups_video5/frame_00004.png,"[18, 128, 504, 347]",RIGHT_EYE,0.8684752647652668,-0.1182376826971995,0.9999583959579468,0.6522014290094376,0.31347567960619926,0.3409893028611898
00005,/Users/nikko/Downloads/moi-main/project_root/data/visualizations/video/pushups_video5/frame_00005.png,"[19, 127, 505, 347]",LEFT_SHOULDER,0.379496539267337,-0.29771462836535195,0.9999881982803345,0.6495071649551392,0.32377762719988823,0.33936068690918597
00005,/Users/nikko/Downloads/moi-main/project_root/data/visualizations/video/pushups_video5/frame_00005.png,"[19, 127, 505, 347]",RIGHT_SHOULDER,0.4467820660154733,-0.2591088170792841,0.9999741315841675,0.6495071649551392,0.32377762719988823,0.33936068690918597
00005,/Users/nikko/Downloads/moi-main/project_root/data/visualizations/video/pushups_video5/frame_00005.png,"[19, 127, 505, 347]",LEFT_HIP,-0.42317543569538507,0.22474841864209266,0.9980200529098511,0.6495071649551392,0.32377762719988823,0.33936068690918597
00005,/Users/nikko/Downloads/moi-main/project_root/data/visualizations/video/pushups_video5/frame_00005.png,"[19, 127, 505, 347]",RIGHT_HIP,-0.4031031695874253,0.33207502680254347,0.9992877840995789,0.6495071649551392,0.32377762719988823,0.33936068690918597
00005,/Users/nikko/Downloads/moi-main/project_root/data/visualizations/video/pushups_video5/frame_00005.png,"[19, 127, 505, 347]",LEFT_ELBOW,0.23996564325323416,0.7093082065101929,0.6960585713386536,0.6495071649551392,0.32377762719988823,0.33936068690918597
00005,/Users/nikko/Downloads/moi-main/project_root/data/visualizations/video/pushups_video5/frame_00005.png,"[19, 127, 505, 347]",RIGHT_ELBOW,0.3301260922606464,0.8521690240617278,0.9976420998573303,0.6495071649551392,0.32377762719988823,0.33936068690918597
00005,/Users/nikko/Downloads/moi-main/project_root/data/visualizations/video/pushups_video5/frame_00005.png,"[19, 127, 505, 347]",LEFT_WRIST,0.23389260685892077,1.634165591898528,0.8068532347679138,0.6495071649551392,0.32377762719988823,0.33936068690918597
00005,/Users/nikko/Downloads/moi-main/project_root/data/visualizations/video/pushups_video5/frame_00005.png,"[19, 127, 505, 347]",RIGHT_WRIST,0.29807496077498,1.8585045433902312,0.9991611242294312,0.6495071649551392,0.32377762719988823,0.33936068690918597
00005,/Users/nikko/Downloads/moi-main/project_root/data/visualizations/video/pushups_video5/frame_00005.png,"[19, 127, 505, 347]",RIGHT_KNEE,-1.0749530849468274,0.9505273784312182,0.9882728457450867,0.6495071649551392,0.32377762719988823,0.33936068690918597
00005,/Users/nikko/Downloads/moi-main/project_root/data/visualizations/video/pushups_video5/frame_00005.png,"[19, 127, 505, 347]",LEFT_ANKLE,-1.704494014700028,1.2121583247851073,0.69379723072052,0.6495071649551392,0.32377762719988823,0.33936068690918597
00005,/Users/nikko/Downloads/moi-main/project_root/data/visualizations/video/pushups_video5/frame_00005.png,"[19, 127, 505, 347]",RIGHT_ANKLE,-1.7811747493515413,1.3017739446027357,0.9984512329101562,0.6495071649551392,0.32377762719988823,0.33936068690918597
00005,/Users/nikko/Downloads/moi-main/project_root/data/visualizations/video/pushups_video5/frame_00005.png,"[19, 127, 505, 347]",LEFT_EYE,0.8713467985810038,-0.12903304349382094,0.9999412298202515,0.6495071649551392,0.32377762719988823,0.33936068690918597
00005,/Users/nikko/Downloads/moi-main/project_root/data/visualizations/video/pushups_video5/frame_00005.png,"[19, 127, 505, 347]",RIGHT_EYE,0.8718385850837103,-0.12811015343008147,0.9999676942825317,0.6495071649551392,0.32377762719988823,0.33936068690918597
00006,/Users/nikko/Downloads/moi-main/project_root/data/visualizations/video/pushups_video5/frame_00006.png,"[12, 135, 508, 348]",LEFT_SHOULDER,0.37879396047520625,-0.3045483600952307,0.999991774559021,0.6534148156642914,0.2987331636250019,0.33211543669317484
00006,/Users/nikko/Downloads/moi-main/project_root/data/visualizations/video/pushups_video5/frame_00006.png,"[12, 135, 508, 348]",RIGHT_SHOULDER,0.4390367209912859,-0.264529631849874,0.999984860420227,0.6534148156642914,0.2987331636250019,0.33211543669317484
00006,/Users/nikko/Downloads/moi-main/project_root/data/visualizations/video/pushups_video5/frame_00006.png,"[12, 135, 508, 348]",LEFT_HIP,-0.4181586564091308,0.22783443495206324,0.9990284442901611,0.6534148156642914,0.2987331636250019,0.33211543669317484
00006,/Users/nikko/Downloads/moi-main/project_root/data/visualizations/video/pushups_video5/frame_00006.png,"[12, 135, 508, 348]",RIGHT_HIP,-0.3996720250573613,0.34124355699304143,0.9996515512466431,0.6534148156642914,0.2987331636250019,0.33211543669317484
00006,/Users/nikko/Downloads/moi-main/project_root/data/visualizations/video/pushups_video5/frame_00006.png,"[12, 135, 508, 348]",LEFT_ELBOW,0.22817063771104235,0.7242607975265917,0.6419809460639954,0.6534148156642914,0.2987331636250019,0.33211543669317484
00006,/Users/nikko/Downloads/moi-main/project_root/data/visualizations/video/pushups_video5/frame_00006.png,"[12, 135, 508, 348]",RIGHT_ELBOW,0.30281440275039406,0.8823662104502134,0.997424840927124,0.6534148156642914,0.2987331636250019,0.33211543669317484
00006,/Users/nikko/Downloads/moi-main/project_root/data/visualizations/video/pushups_video5/frame_00006.png,"[12, 135, 508, 348]",LEFT_WRIST,0.22718319563722758,1.7011723095232454,0.8496397733688354,0.6534148156642914,0.2987331636250019,0.33211543669317484
00006,/Users/nikko/Downloads/moi-main/project_root/data/visualizations/video/pushups_video5/frame_00006.png,"[12, 135, 508, 348]",RIGHT_WRIST,0.29781240383376545,1.952375275890059,0.9996236562728882,0.6534148156642914,0.2987331636250019,0.33211543669317484
00006,/Users/nikko/Downloads/moi-main/project_root/data/visualizations/video/pushups_video5/frame_00006.png,"[12, 135, 508, 348]",RIGHT_KNEE,-1.0812611850292542,0.9941368642227634,0.9827824234962463,0.6534148156642914,0.2987331636250019,0.33211543669317484
00006,/Users/nikko/Downloads/moi-main/project_root/data/visualizations/video/pushups_video5/frame_00006.png,"[12, 135, 508, 348]",LEFT_ANKLE,-1.728981458755589,1.2619928204167796,0.7200350165367126,0.6534148156642914,0.2987331636250019,0.33211543669317484
00006,/Users/nikko/Downloads/moi-main/project_root/data/visualizations/video/pushups_video5/frame_00006.png,"[12, 135, 508, 348]",RIGHT_ANKLE,-1.7698972212331239,1.3328768755316776,0.997772753238678,0.6534148156642914,0.2987331636250019,0.33211543669317484
00006,/Users/nikko/Downloads/moi-main/project_root/data/visualizations/video/pushups_video5/frame_00006.png,"[12, 135, 508, 348]",LEFT_EYE,0.8628643753114714,-0.10205323533705594,0.9999479055404663,0.6534148156642914,0.2987331636250019,0.33211543669317484
00006,/Users/nikko/Downloads/moi-main/project_root/data/visualizations/video/pushups_video5/frame_00006.png,"[12, 135, 508, 348]",RIGHT_EYE,0.8657416329136884,-0.1059685454574381,0.9999744892120361,0.6534148156642914,0.2987331636250019,0.33211543669317484
00007,/Users/nikko/Downloads/moi-main/project_root/data/visualizations/video/pushups_video5/frame_00007.png,"[10, 137, 508, 348]",LEFT_SHOULDER,0.372011176710802,-0.3059879454183231,0.9999927282333374,0.656328022480011,0.29221054166555405,0.3353392756050087
00007,/Users/nikko/Downloads/moi-main/project_root/data/visualizations/video/pushups_video5/frame_00007.png,"[10, 137, 508, 348]",RIGHT_SHOULDER,0.4388497877610895,-0.2731433760869446,0.9999877214431763,0.656328022480011,0.29221054166555405,0.3353392756050087
00007,/Users/nikko/Downloads/moi-main/project_root/data/visualizations/video/pushups_video5/frame_00007.png,"[10, 137, 508, 348]",LEFT_HIP,-0.41557950401661786,0.23347844691542,0.9990035891532898,0.656328022480011,0.29221054166555405,0.3353392756050087
00007,/Users/nikko/Downloads/moi-main/project_root/data/visualizations/video/pushups_video5/frame_00007.png,"[10, 137, 508, 348]",RIGHT_HIP,-0.3952814604552737,0.34565287458984767,0.9996469020843506,0.656328022480011,0.29221054166555405,0.3353392756050087
00007,/Users/nikko/Downloads/moi-main/project_root/data/visualizations/video/pushups_video5/frame_00007.png,"[10, 137, 508, 348]",LEFT_ELBOW,0.22225484975159276,0.725105671905063,0.6596561074256897,0.656328022480011,0.29221054166555405,0.3353392756050087
00007,/Users/nikko/Downloads/moi-main/project_root/data/visualizations/video/pushups_video5/frame_00007.png,"[10, 137, 508, 348]",RIGHT_ELBOW,0.3007047849379279,0.8783571627777408,0.9976555109024048,0.656328022480011,0.29221054166555405,0.3353392756050087
00007,/Users/nikko/Downloads/moi-main/project_root/data/visualizations/video/pushups_video5/frame_00007.png,"[10, 137, 508, 348]",LEFT_WRIST,0.21443570025416647,1.669176924201661,0.8758112788200378,0.656328022480011,0.29221054166555405,0.3353392756050087
00007,/Users/nikko/Downloads/moi-main/project_root/data/visualizations/video/pushups_video5/frame_00007.png,"[10, 137, 508, 348]",RIGHT_WRIST,0.28177466150870606,1.9571155802870133,0.9996572732925415,0.656328022480011,0.29221054166555405,0.3353392756050087
00007,/Users/nikko/Downloads/moi-main/project_root/data/visualizations/video/pushups_video5/frame_00007.png,"[10, 137, 508, 348]",RIGHT_KNEE,-1.0521177463498705,0.9950294099614402,0.9794445037841797,0.656328022480011,0.29221054166555405,0.3353392756050087
00007,/Users/nikko/Downloads/moi-main/project_root/data/visualizations/video/pushups_video5/frame_00007.png,"[10, 137, 508, 348]",LEFT_ANKLE,-1.6822948756778746,1.2747543242035617,0.633093535900116,0.656328022480011,0.29221054166555405,0.3353392756050087
00007,/Users/nikko/Downloads/moi-main/project_root/data/visualizations/video/pushups_video5/frame_00007.png,"[10, 137, 508, 348]",RIGHT_ANKLE,-1.7346069783292588,1.3462425483952458,0.9968632459640503,0.656328022480011,0.29221054166555405,0.3353392756050087
00007,/Users/nikko/Downloads/moi-main/project_root/data/visualizations/video/pushups_video5/frame_00007.png,"[10, 137, 508, 348]",LEFT_EYE,0.8580543867744115,-0.12053922995454619,0.9999593496322632,0.656328022480011,0.29221054166555405,0.3353392756050087
00007,/Users/nikko/Downloads/moi-main/project_root/data/visualizations/video/pushups_video5/frame_00007.png,"[10, 137, 508, 348]",RIGHT_EYE,0.8614955164207067,-0.12717295827978478,0.999980092048645,0.656328022480011,0.29221054166555405,0.3353392756050087
00008,/Users/nikko/Downloads/moi-main/project_root/data/visualizations/video/pushups_video5/frame_00008.png,"[10, 136, 509, 349]",LEFT_SHOULDER,0.3671025985587499,-0.31083800561288544,0.9999929666519165,0.6573281437158585,0.2985636666417122,0.3372913427312816
00008,/Users/nikko/Downloads/moi-main/project_root/data/visualizations/video/pushups_video5/frame_00008.png,"[10, 136, 509, 349]",RIGHT_SHOULDER,0.4362874660361692,-0.27887280282146315,0.9999866485595703,0.6573281437158585,0.2985636666417122,0.3372913427312816
00008,/Users/nikko/Downloads/moi-main/project_root/data/visualizations/video/pushups_video5/frame_00008.png,"[10, 136, 509, 349]",LEFT_HIP,-0.41073783504307837,0.24053492594560283,0.998970627784729,0.6573281437158585,0.2985636666417122,0.3372913427312816
00008,/Users/nikko/Downloads/moi-main/project_root/data/visualizations/video/pushups_video5/frame_00008.png,"[10, 136, 509, 349]",RIGHT_HIP,-0.39265222955184065,0.34917588248874576,0.9996168613433838,0.6573281437158585,0.2985636666417122,0.3372913427312816
00008,/Users/nikko/Downloads/moi-main/project_root/data/visualizations/video/pushups_video5/frame_00008.png,"[10, 136, 509, 349]",LEFT_ELBOW,0.2087777836933991,0.7581419226649888,0.6684057116508484,0.6573281437158585,0.2985636666417122,0.3372913427312816
00008,/Users/nikko/Downloads/moi-main/project_root/data/visualizations/video/pushups_video5/frame_00008.png,"[10, 136, 509, 349]",RIGHT_ELBOW,0.2927381966046377,0.8685018802870137,0.9973104000091553,0.6573281437158585,0.2985636666417122,0.3372913427312816
00008,/Users/nikko/Downloads/moi-main/project_root/data/visualizations/video/pushups_video5/frame_00008.png,"[10, 136, 509, 349]",LEFT_WRIST,0.21815254670904416,1.686122234306614,0.8755587339401245,0.6573281437158585,0.2985636666417122,0.3372913427312816
00008,/Users/nikko/Downloads/moi-main/project_root/data/visualizations/video/pushups_video5/frame_00008.png,"[10, 136, 509, 349]",RIGHT_WRIST,0.2716132593677623,1.90418788111532,0.9994643330574036,0.6573281437158585,0.2985636666417122,0.3372913427312816
00008,/Users/nikko/Downloads/moi-main/project_root/data/visualizations/video/pushups_video5/frame_00008.png,"[10, 136, 509, 349]",RIGHT_KNEE,-1.0376926507384552,0.9827251945357687,0.9761452674865723,0.6573281437158585,0.2985636666417122,0.3372913427312816
00008,/Users/nikko/Downloads/moi-main/project_root/data/visualizations/video/pushups_video5/frame_00008.png,"[10, 136, 509, 349]",LEFT_ANKLE,-1.6765051721026594,1.224789351086485,0.5636573433876038,0.6573281437158585,0.2985636666417122,0.3372913427312816
00008,/Users/nikko/Downloads/moi-main/project_root/data/visualizations/video/pushups_video5/frame_00008.png,"[10, 136, 509, 349]",RIGHT_ANKLE,-1.732624924518143,1.32191755082803,0.9964905381202698,0.6573281437158585,0.2985636666417122,0.3372913427312816
00008,/Users/nikko/Downloads/moi-main/project_root/data/visualizations/video/pushups_video5/frame_00008.png,"[10, 136, 509, 349]",LEFT_EYE,0.8489721327560168,-0.10843404465537772,0.9999634027481079,0.6573281437158585,0.2985636666417122,0.3372913427312816
00008,/Users/nikko/Downloads/moi-main/project_root/data/visualizations/video/pushups_video5/frame_00008.png,"[10, 136, 509, 349]",RIGHT_EYE,0.8523885756095788,-0.11085248611156265,0.9999808073043823,0.6573281437158585,0.2985636666417122,0.3372913427312816
00009,/Users/nikko/Downloads/moi-main/project_root/data/visualizations/video/pushups_video5/frame_00009.png,"[12, 134, 509, 349]",LEFT_SHOULDER,0.37806711356953676,-0.29686453042039035,0.9999934434890747,0.6575494408607483,0.3109343908727169,0.3354343327319955
00009,/Users/nikko/Downloads/moi-main/project_root/data/visualizations/video/pushups_video5/frame_00009.png,"[12, 134, 509, 349]",RIGHT_SHOULDER,0.4369292939817372,-0.27732828227211936,0.9999887943267822,0.6575494408607483,0.3109343908727169,0.3354343327319955
00009,/Users/nikko/Downloads/moi-main/project_root/data/visualizations/video/pushups_video5/frame_00009.png,"[12, 134, 509, 349]",LEFT_HIP,-0.41790431569300385,0.22952281788953346,0.9992327690124512,0.6575494408607483,0.3109343908727169,0.3354343327319955
00009,/Users/nikko/Downloads/moi-main/project_root/data/visualizations/video/pushups_video5/frame_00009.png,"[12, 134, 509, 349]",RIGHT_HIP,-0.3970920918582701,0.3446699948029762,0.9997405409812927,0.6575494408607483,0.3109343908727169,0.3354343327319955
00009,/Users/nikko/Downloads/moi-main/project_root/data/visualizations/video/pushups_video5/frame_00009.png,"[12, 134, 509, 349]",LEFT_ELBOW,0.2041857847203196,0.7161816239140673,0.647319495677948,0.6575494408607483,0.3109343908727169,0.3354343327319955
00009,/Users/nikko/Downloads/moi-main/project_root/data/visualizations/video/pushups_video5/frame_00009.png,"[12, 134, 509, 349]",RIGHT_ELBOW,0.28941436813123617,0.8698634175985258,0.9976434111595154,0.6575494408607483,0.3109343908727169,0.3354343327319955
00009,/Users/nikko/Downloads/moi-main/project_root/data/visualizations/video/pushups_video5/frame_00009.png,"[12, 134, 509, 349]",LEFT_WRIST,0.20365945530023077,1.6451123584608853,0.8517252802848816,0.6575494408607483,0.3109343908727169,0.3354343327319955
00009,/Users/nikko/Downloads/moi-main/project_root/data/visualizations/video/pushups_video5/frame_00009.png,"[12, 134, 509, 349]",RIGHT_WRIST,0.2767718004133164,1.8918290075866186,0.9997766613960266,0.6575494408607483,0.3109343908727169,0.3354343327319955
00009,/Users/nikko/Downloads/moi-main/project_root/data/visualizations/video/pushups_video5/frame_00009.png,"[12, 134, 509, 349]",RIGHT_KNEE,-1.061645177595821,0.9764373066335976,0.9846442937850952,0.6575494408607483,0.3109343908727169,0.3354343327319955
00009,/Users/nikko/Downloads/moi-main/project_root/data/visualizations/video/pushups_video5/frame_00009.png,"[12, 134, 509, 349]",LEFT_ANKLE,-1.7016895615238248,1.2118424932695966,0.7475722432136536,0.6575494408607483,0.3109343908727169,0.3354343327319955
00009,/Users/nikko/Downloads/moi-main/project_root/data/visualizations/video/pushups_video5/frame_00009.png,"[12, 134, 509, 349]",RIGHT_ANKLE,-1.7436759717283095,1.2794390411075383,0.9978458881378174,0.6575494408607483,0.3109343908727169,0.3354343327319955
00009,/Users/nikko/Downloads/moi-main/project_root/data/visualizations/video/pushups_video5/frame_00009.png,"[12, 134, 509, 349]",LEFT_EYE,0.8563384995662779,-0.11871739224525761,0.9999322891235352,0.6575494408607483,0.3109343908727169,0.3354343327319955
00009,/Users/nikko/Downloads/moi-main/project_root/data/visualizations/video/pushups_video5/frame_00009.png,"[12, 134, 509, 349]",RIGHT_EYE,0.8559166541769158,-0.11950582021181198,0.9999711513519287,0.6575494408607483,0.3109343908727169,0.3354343327319955
00010,/Users/nikko/Downloads/moi-main/project_root/data/visualizations/video/pushups_video5/frame_00010.png,"[12, 134, 511, 349]",LEFT_SHOULDER,0.38130644222363136,-0.31010836205065656,0.9999903440475464,0.6584635823965073,0.3158431313931942,0.32924987746207957
00010,/Users/nikko/Downloads/moi-main/project_root/data/visualizations/video/pushups_video5/frame_00010.png,"[12, 134, 511, 349]",RIGHT_SHOULDER,0.4364687738064148,-0.2573461026724921,0.9999902248382568,0.6584635823965073,0.3158431313931942,0.32924987746207957
00010,/Users/nikko/Downloads/moi-main/project_root/data/visualizations/video/pushups_video5/frame_00010.png,"[12, 134, 511, 349]",LEFT_HIP,-0.4169618001213918,0.21788670432709278,0.9991393089294434,0.6584635823965073,0.3158431313931942,0.32924987746207957
00010,/Users/nikko/Downloads/moi-main/project_root/data/visualizations/video/pushups_video5/frame_00010.png,"[12, 134, 511, 349]",RIGHT_HIP,-0.4008134159086543,0.34956776039605586,0.9997381567955017,0.6584635823965073,0.3158431313931942,0.32924987746207957
00010,/Users/nikko/Downloads/moi-main/project_root/data/visualizations/video/pushups_video5/frame_00010.png,"[12, 134, 511, 349]",LEFT_ELBOW,0.2059532231799267,0.6936751426829807,0.5254185199737549,0.6584635823965073,0.3158431313931942,0.32924987746207957
00010,/Users/nikko/Downloads/moi-main/project_root/data/visualizations/video/pushups_video5/frame_00010.png,"[12, 134, 511, 349]",RIGHT_ELBOW,0.2719870477463599,0.8414005802883935,0.9967185854911804,0.6584635823965073,0.3158431313931942,0.32924987746207957
00010,/Users/nikko/Downloads/moi-main/project_root/data/visualizations/video/pushups_video5/frame_00010.png,"[12, 134, 511, 349]",LEFT_WRIST,0.2034749000495891,1.6455737126162766,0.809296727180481,0.6584635823965073,0.3158431313931942,0.32924987746207957
00010,/Users/nikko/Downloads/moi-main/project_root/data/visualizations/video/pushups_video5/frame_00010.png,"[12, 134, 511, 349]",RIGHT_WRIST,0.25349539000556615,1.9155163248117464,0.999840259552002,0.6584635823965073,0.3158431313931942,0.32924987746207957
00010,/Users/nikko/Downloads/moi-main/project_root/data/visualizations/video/pushups_video5/frame_00010.png,"[12, 134, 511, 349]",RIGHT_KNEE,-1.082090233454847,0.9844003680037894,0.9749467968940735,0.6584635823965073,0.3158431313931942,0.32924987746207957
00010,/Users/nikko/Downloads/moi-main/project_root/data/visualizations/video/pushups_video5/frame_00010.png,"[12, 134, 511, 349]",LEFT_ANKLE,-1.7269685582274548,1.2009893357161983,0.6834722757339478,0.6584635823965073,0.3158431313931942,0.32924987746207957
00010,/Users/nikko/Downloads/moi-main/project_root/data/visualizations/video/pushups_video5/frame_00010.png,"[12, 134, 511, 349]",RIGHT_ANKLE,-1.7734847282421966,1.2736404097627798,0.9964602589607239,0.6584635823965073,0.3158431313931942,0.32924987746207957
00010,/Users/nikko/Downloads/moi-main/project_root/data/visualizations/video/pushups_video5/frame_00010.png,"[12, 134, 511, 349]",LEFT_EYE,0.8523532999053189,-0.10973847140579854,0.9998965263366699,0.6584635823965073,0.3158431313931942,0.32924987746207957
00010,/Users/nikko/Downloads/moi-main/project_root/data/visualizations/video/pushups_video5/frame_00010.png,"[12, 134, 511, 349]",RIGHT_EYE,0.8546764789215076,-0.11263398194693697,0.9999648332595825,0.6584635823965073,0.3158431313931942,0.32924987746207957
00011,/Users/nikko/Downloads/moi-main/project_root/data/visualizations/video/pushups_video5/frame_00011.png,"[14, 139, 512, 349]",LEFT_SHOULDER,0.38006975378068836,-0.3148989144307324,0.9999891519546509,0.6596677601337433,0.30299244821071625,0.3361468434343915
00011,/Users/nikko/Downloads/moi-main/project_root/data/visualizations/video/pushups_video5/frame_00011.png,"[14, 139, 512, 349]",RIGHT_SHOULDER,0.4279509168726896,-0.2672285815875411,0.9999872446060181,0.6596677601337433,0.30299244821071625,0.3361468434343915
00011,/Users/nikko/Downloads/moi-main/project_root/data/visualizations/video/pushups_video5/frame_00011.png,"[14, 139, 512, 349]",LEFT_HIP,-0.4107397921708516,0.22522535342015043,0.9990692734718323,0.6596677601337433,0.30299244821071625,0.3361468434343915
00011,/Users/nikko/Downloads/moi-main/project_root/data/visualizations/video/pushups_video5/frame_00011.png,"[14, 139, 512, 349]",RIGHT_HIP,-0.3972808784825263,0.3569021425981231,0.9996916055679321,0.6596677601337433,0.30299244821071625,0.3361468434343915
00011,/Users/nikko/Downloads/moi-main/project_root/data/visualizations/video/pushups_video5/frame_00011.png,"[14, 139, 512, 349]",RIGHT_ELBOW,0.2481373617400921,0.8141071307021268,0.9958028197288513,0.6596677601337433,0.30299244821071625,0.3361468434343915
00011,/Users/nikko/Downloads/moi-main/project_root/data/visualizations/video/pushups_video5/frame_00011.png,"[14, 139, 512, 349]",LEFT_WRIST,0.21499516579828223,1.6231165225223374,0.7818461656570435,0.6596677601337433,0.30299244821071625,0.3361468434343915
00011,/Users/nikko/Downloads/moi-main/project_root/data/visualizations/video/pushups_video5/frame_00011.png,"[14, 139, 512, 349]",RIGHT_WRIST,0.25023537982581023,1.884721043204388,0.9996997117996216,0.6596677601337433,0.30299244821071625,0.3361468434343915
00011,/Users/nikko/Downloads/moi-main/project_root/data/visualizations/video/pushups_video5/frame_00011.png,"[14, 139, 512, 349]",RIGHT_KNEE,-1.0734579043951644,0.9865825874186188,0.9728884696960449,0.6596677601337433,0.30299244821071625,0.3361468434343915
00011,/Users/nikko/Downloads/moi-main/project_root/data/visualizations/video/pushups_video5/frame_00011.png,"[14, 139, 512, 349]",LEFT_ANKLE,-1.7191197785638423,1.209934096127364,0.6920017004013062,0.6596677601337433,0.30299244821071625,0.3361468434343915
00011,/Users/nikko/Downloads/moi-main/project_root/data/visualizations/video/pushups_video5/frame_00011.png,"[14, 139, 512, 349]",RIGHT_ANKLE,-1.7552499480318893,1.2655563998184354,0.9962033629417419,0.6596677601337433,0.30299244821071625,0.3361468434343915
00011,/Users/nikko/Downloads/moi-main/project_root/data/visualizations/video/pushups_video5/frame_00011.png,"[14, 139, 512, 349]",LEFT_EYE,0.8391780655943015,-0.1083324813234653,0.9998784065246582,0.6596677601337433,0.30299244821071625,0.3361468434343915
00011,/Users/nikko/Downloads/moi-main/project_root/data/visualizations/video/pushups_video5/frame_00011.png,"[14, 139, 512, 349]",RIGHT_EYE,0.843115927802519,-0.10709507266802379,0.9999547004699707,0.6596677601337433,0.30299244821071625,0.3361468434343915
00012,/Users/nikko/Downloads/moi-main/project_root/data/visualizations/video/pushups_video5/frame_00012.png,"[11, 140, 514, 348]",LEFT_SHOULDER,0.3772041686149202,-0.3314178295651102,0.9999881982803345,0.6573727428913116,0.30703749507665634,0.34386340705960217
00012,/Users/nikko/Downloads/moi-main/project_root/data/visualizations/video/pushups_video5/frame_00012.png,"[11, 140, 514, 348]",RIGHT_SHOULDER,0.42887574933223066,-0.2492661229274003,0.9999868869781494,0.6573727428913116,0.30703749507665634,0.34386340705960217
00012,/Users/nikko/Downloads/moi-main/project_root/data/visualizations/video/pushups_video5/frame_00012.png,"[11, 140, 514, 348]",LEFT_HIP,-0.41232091654965497,0.21607719849589682,0.9985660910606384,0.6573727428913116,0.30703749507665634,0.34386340705960217
00012,/Users/nikko/Downloads/moi-main/project_root/data/visualizations/video/pushups_video5/frame_00012.png,"[11, 140, 514, 348]",RIGHT_HIP,-0.3937590013974958,0.3646067539966137,0.9995604157447815,0.6573727428913116,0.30703749507665634,0.34386340705960217
00012,/Users/nikko/Downloads/moi-main/project_root/data/visualizations/video/pushups_video5/frame_00012.png,"[11, 140, 514, 348]",LEFT_ELBOW,0.19616339749127387,0.6206759873986254,0.5061191916465759,0.6573727428913116,0.30703749507665634,0.34386340705960217
00012,/Users/nikko/Downloads/moi-main/project_root/data/visualizations/video/pushups_video5/frame_00012.png,"[11, 140, 514, 348]",RIGHT_ELBOW,0.2553786542362443,0.7924402210688646,0.9978156089782715,0.6573727428913116,0.30703749507665634,0.34386340705960217
00012,/Users/nikko/Downloads/moi-main/project_root/data/visualizations/video/pushups_video5/frame_00012.png,"[11, 140, 514, 348]",LEFT_WRIST,0.1725720760904347,1.5506209163269669,0.7835440039634705,0.6573727428913116,0.30703749507665634,0.34386340705960217
00012,/Users/nikko/Downloads/moi-main/project_root/data/visualizations/video/pushups_video5/frame_00012.png,"[11, 140, 514, 348]",RIGHT_WRIST,0.2497389243824772,1.8365657588721156,0.9998158812522888,0.6573727428913116,0.30703749507665634,0.34386340705960217
00012,/Users/nikko/Downloads/moi-main/project_root/data/visualizations/video/pushups_video5/frame_00012.png,"[11, 140, 514, 348]",RIGHT_KNEE,-1.0145640173770745,0.983366639883997,0.9885460734367371,0.6573727428913116,0.30703749507665634,0.34386340705960217
00012,/Users/nikko/Downloads/moi-main/project_root/data/visualizations/video/pushups_video5/frame_00012.png,"[11, 140, 514, 348]",LEFT_ANKLE,-1.6472070752332852,1.1656271915270975,0.8190006017684937,0.6573727428913116,0.30703749507665634,0.34386340705960217
00012,/Users/nikko/Downloads/moi-main/project_root/data/visualizations/video/pushups_video5/frame_00012.png,"[11, 140, 514, 348]",RIGHT_ANKLE,-1.6970700457559127,1.2858032201272986,0.9983989596366882,0.6573727428913116,0.30703749507665634,0.34386340705960217
00012,/Users/nikko/Downloads/moi-main/project_root/data/visualizations/video/pushups_video5/frame_00012.png,"[11, 140, 514, 348]",LEFT_EYE,0.8311531938102712,-0.07431879424948802,0.9998384714126587,0.6573727428913116,0.30703749507665634,0.34386340705960217
00012,/Users/nikko/Downloads/moi-main/project_root/data/visualizations/video/pushups_video5/frame_00012.png,"[11, 140, 514, 348]",RIGHT_EYE,0.832070152592126,-0.06244305132653216,0.9999384880065918,0.6573727428913116,0.30703749507665634,0.34386340705960217
00013,/Users/nikko/Downloads/moi-main/project_root/data/visualizations/video/pushups_video5/frame_00013.png,"[12, 142, 514, 348]",LEFT_SHOULDER,0.3753496608514755,-0.31994606186680685,0.9999874830245972,0.6621323972940445,0.3020997792482376,0.33906788253768605
00013,/Users/nikko/Downloads/moi-main/project_root/data/visualizations/video/pushups_video5/frame_00013.png,"[12, 142, 514, 348]",RIGHT_SHOULDER,0.4299583827145011,-0.26381043058185594,0.9999843835830688,0.6621323972940445,0.3020997792482376,0.33906788253768605
00013,/Users/nikko/Downloads/moi-main/project_root/data/visualizations/video/pushups_video5/frame_00013.png,"[12, 142, 514, 348]",LEFT_HIP,-0.4122594352273965,0.2189537747288891,0.9979327917098999,0.6621323972940445,0.3020997792482376,0.33906788253768605
00013,/Users/nikko/Downloads/moi-main/project_root/data/visualizations/video/pushups_video5/frame_00013.png,"[12, 142, 514, 348]",RIGHT_HIP,-0.3930486083385801,0.36480271771977374,0.9993165731430054,0.6621323972940445,0.3020997792482376,0.33906788253768605
00013,/Users/nikko/Downloads/moi-main/project_root/data/visualizations/video/pushups_video5/frame_00013.png,"[12, 142, 514, 348]",LEFT_ELBOW,0.1728566148391768,0.6244167842369867,0.5318263173103333,0.6621323972940445,0.3020997792482376,0.33906788253768605
00013,/Users/nikko/Downloads/moi-main/project_root/data/visualizations/video/pushups_video5/frame_00013.png,"[12, 142, 514, 348]",RIGHT_ELBOW,0.23971664896817502,0.7858588897776926,0.9973278045654297,0.6621323972940445,0.3020997792482376,0.33906788253768605
00013,/Users/nikko/Downloads/moi-main/project_root/data/visualizations/video/pushups_video5/frame_00013.png,"[12, 142, 514, 348]",LEFT_WRIST,0.1740061037535182,1.6002012060199637,0.8121239542961121,0.6621323972940445,0.3020997792482376,0.33906788253768605
00013,/Users/nikko/Downloads/moi-main/project_root/data/visualizations/video/pushups_video5/frame_00013.png,"[12, 142, 514, 348]",RIGHT_WRIST,0.24579387503602884,1.8733144280602914,0.9997021555900574,0.6621323972940445,0.3020997792482376,0.33906788253768605
00013,/Users/nikko/Downloads/moi-main/project_root/data/visualizations/video/pushups_video5/frame_00013.png,"[12, 142, 514, 348]",RIGHT_KNEE,-1.043167298457239,1.0024365589425928,0.9757782816886902,0.6621323972940445,0.3020997792482376,0.33906788253768605
00013,/Users/nikko/Downloads/moi-main/project_root/data/visualizations/video/pushups_video5/frame_00013.png,"[12, 142, 514, 348]",LEFT_ANKLE,-1.679653936031948,1.194173032593896,0.6245807409286499,0.6621323972940445,0.3020997792482376,0.33906788253768605
00013,/Users/nikko/Downloads/moi-main/project_root/data/visualizations/video/pushups_video5/frame_00013.png,"[12, 142, 514, 348]",RIGHT_ANKLE,-1.7257406144601957,1.283003088901434,0.9962711334228516,0.6621323972940445,0.3020997792482376,0.33906788253768605
00013,/Users/nikko/Downloads/moi-main/project_root/data/visualizations/video/pushups_video5/frame_00013.png,"[12, 142, 514, 348]",LEFT_EYE,0.827650432297935,-0.060954159081063976,0.999895453453064,0.6621323972940445,0.3020997792482376,0.33906788253768605
00013,/Users/nikko/Downloads/moi-main/project_root/data/visualizations/video/pushups_video5/frame_00013.png,"[12, 142, 514, 348]",RIGHT_EYE,0.8297611393471012,-0.057231987759414696,0.9999521970748901,0.6621323972940445,0.3020997792482376,0.33906788253768605
00014,/Users/nikko/Downloads/moi-main/project_root/data/visualizations/video/pushups_video5/frame_00014.png,"[12, 146, 515, 348]",LEFT_SHOULDER,0.37287528322095725,-0.31101370448291005,0.9999839067459106,0.6614844799041748,0.2977558970451355,0.3415417482754656
00014,/Users/nikko/Downloads/moi-main/project_root/data/visualizations/video/pushups_video5/frame_00014.png,"[12, 146, 515, 348]",RIGHT_SHOULDER,0.42922489157397037,-0.28046364450879846,0.999981164932251,0.6614844799041748,0.2977558970451355,0.3415417482754656
00014,/Users/nikko/Downloads/moi-main/project_root/data/visualizations/video/pushups_video5/frame_00014.png,"[12, 146, 515, 348]",LEFT_HIP,-0.4086357928274258,0.2350158590577095,0.9972934126853943,0.6614844799041748,0.2977558970451355,0.3415417482754656
00014,/Users/nikko/Downloads/moi-main/project_root/data/visualizations/video/pushups_video5/frame_00014.png,"[12, 146, 515, 348]",RIGHT_HIP,-0.39346438196750183,0.356461489933999,0.9990988969802856,0.6614844799041748,0.2977558970451355,0.3415417482754656
00014,/Users/nikko/Downloads/moi-main/project_root/data/visualizations/video/pushups_video5/frame_00014.png,"[12, 146, 515, 348]",RIGHT_ELBOW,0.2317220360589955,0.7793535294905203,0.9978283047676086,0.6614844799041748,0.2977558970451355,0.3415417482754656
00014,/Users/nikko/Downloads/moi-main/project_root/data/visualizations/video/pushups_video5/frame_00014.png,"[12, 146, 515, 348]",LEFT_WRIST,0.1656256853896648,1.6308046804609986,0.7713609933853149,0.6614844799041748,0.2977558970451355,0.3415417482754656
00014,/Users/nikko/Downloads/moi-main/project_root/data/visualizations/video/pushups_video5/frame_00014.png,"[12, 146, 515, 348]",RIGHT_WRIST,0.24478110011503926,1.8671451191817492,0.9996533393859863,0.6614844799041748,0.2977558970451355,0.3415417482754656
00014,/Users/nikko/Downloads/moi-main/project_root/data/visualizations/video/pushups_video5/frame_00014.png,"[12, 146, 515, 348]",RIGHT_KNEE,-1.0311314293605633,0.9976479228046258,0.9667583703994751,0.6614844799041748,0.2977558970451355,0.3415417482754656
00014,/Users/nikko/Downloads/moi-main/project_root/data/visualizations/video/pushups_video5/frame_00014.png,"[12, 146, 515, 348]",LEFT_ANKLE,-1.6659367564223273,1.1843443722728502,0.5369387269020081,0.6614844799041748,0.2977558970451355,0.3415417482754656
00014,/Users/nikko/Downloads/moi-main/project_root/data/visualizations/video/pushups_video5/frame_00014.png,"[12, 146, 515, 348]",RIGHT_ANKLE,-1.7111880800083743,1.2636544085504584,0.9953911304473877,0.6614844799041748,0.2977558970451355,0.3415417482754656
00014,/Users/nikko/Downloads/moi-main/project_root/data/visualizations/video/pushups_video5/frame_00014.png,"[12, 146, 515, 348]",LEFT_EYE,0.8286107903460376,-0.05895461502366079,0.9998997449874878,0.6614844799041748,0.2977558970451355,0.3415417482754656
00014,/Users/nikko/Downloads/moi-main/project_root/data/visualizations/video/pushups_video5/frame_00014.png,"[12, 146, 515, 348]",RIGHT_EYE,0.8330873111545579,-0.05671766349258543,0.9999533891677856,0.6614844799041748,0.2977558970451355,0.3415417482754656
00015,/Users/nikko/Downloads/moi-main/project_root/data/visualizations/video/pushups_video5/frame_00015.png,"[13, 148, 514, 348]",LEFT_SHOULDER,0.3800656463860131,-0.29798043930572593,0.999988317489624,0.6647713631391525,0.300471406430006,0.34642952133730986
00015,/Users/nikko/Downloads/moi-main/project_root/data/visualizations/video/pushups_video5/frame_00015.png,"[13, 148, 514, 348]",RIGHT_SHOULDER,0.4283559190506666,-0.2851917816717899,0.999984622001648,0.6647713631391525,0.300471406430006,0.34642952133730986
00015,/Users/nikko/Downloads/moi-main/project_root/data/visualizations/video/pushups_video5/frame_00015.png,"[13, 148, 514, 348]",LEFT_HIP,-0.41284669782067374,0.22327148496075627,0.9980637431144714,0.6647713631391525,0.300471406430006,0.34642952133730986
00015,/Users/nikko/Downloads/moi-main/project_root/data/visualizations/video/pushups_video5/frame_00015.png,"[13, 148, 514, 348]",RIGHT_HIP,-0.3955748676160059,0.35990073601675954,0.9993569254875183,0.6647713631391525,0.300471406430006,0.34642952133730986
00015,/Users/nikko/Downloads/moi-main/project_root/data/visualizations/video/pushups_video5/frame_00015.png,"[13, 148, 514, 348]",LEFT_ELBOW,0.16225487053292806,0.5977842119557886,0.6139475703239441,0.6647713631391525,0.300471406430006,0.34642952133730986
00015,/Users/nikko/Downloads/moi-main/project_root/data/visualizations/video/pushups_video5/frame_00015.png,"[13, 148, 514, 348]",RIGHT_ELBOW,0.22274688103407905,0.7618948157844948,0.998196542263031,0.6647713631391525,0.300471406430006,0.34642952133730986
00015,/Users/nikko/Downloads/moi-main/project_root/data/visualizations/video/pushups_video5/frame_00015.png,"[13, 148, 514, 348]",LEFT_WRIST,0.16899010318680335,1.5633923191124985,0.8077158331871033,0.6647713631391525,0.300471406430006,0.34642952133730986
00015,/Users/nikko/Downloads/moi-main/project_root/data/visualizations/video/pushups_video5/frame_00015.png,"[13, 148, 514, 348]",RIGHT_WRIST,0.22462192741076972,1.799320915538593,0.9997592568397522,0.6647713631391525,0.300471406430006,0.34642952133730986
00015,/Users/nikko/Downloads/moi-main/project_root/data/visualizations/video/pushups_video5/frame_00015.png,"[13, 148, 514, 348]",RIGHT_KNEE,-1.0205219923305446,0.9770581940785654,0.9911192059516907,0.6647713631391525,0.300471406430006,0.34642952133730986
00015,/Users/nikko/Downloads/moi-main/project_root/data/visualizations/video/pushups_video5/frame_00015.png,"[13, 148, 514, 348]",LEFT_ANKLE,-1.6446429129066296,1.1419075985258724,0.7967092394828796,0.6647713631391525,0.300471406430006,0.34642952133730986
00015,/Users/nikko/Downloads/moi-main/project_root/data/visualizations/video/pushups_video5/frame_00015.png,"[13, 148, 514, 348]",RIGHT_ANKLE,-1.6940997988908968,1.2706387027731048,0.9987391829490662,0.6647713631391525,0.300471406430006,0.34642952133730986
00015,/Users/nikko/Downloads/moi-main/project_root/data/visualizations/video/pushups_video5/frame_00015.png,"[13, 148, 514, 348]",LEFT_EYE,0.8253086394971124,-0.05325948752055256,0.9999089241027832,0.6647713631391525,0.300471406430006,0.34642952133730986
00015,/Users/nikko/Downloads/moi-main/project_root/data/visualizations/video/pushups_video5/frame_00015.png,"[13, 148, 514, 348]",RIGHT_EYE,0.8240041247578879,-0.04656761251825792,0.9999585151672363,0.6647713631391525,0.300471406430006,0.34642952133730986
00016,/Users/nikko/Downloads/moi-main/project_root/data/visualizations/video/pushups_video5/frame_00016.png,"[15, 150, 512, 348]",LEFT_SHOULDER,0.3726003175479337,-0.3285200974324223,0.9999891519546509,0.6685453057289124,0.2984050512313843,0.3538639640726303
00016,/Users/nikko/Downloads/moi-main/project_root/data/visualizations/video/pushups_video5/frame_00016.png,"[15, 150, 512, 348]",RIGHT_SHOULDER,0.4263988611868212,-0.26177319363060003,0.9999854564666748,0.6685453057289124,0.2984050512313843,0.3538639640726303
00016,/Users/nikko/Downloads/moi-main/project_root/data/visualizations/video/pushups_video5/frame_00016.png,"[15, 150, 512, 348]",LEFT_HIP,-0.4093775513615255,0.21320220984402283,0.9985054731369019,0.6685453057289124,0.2984050512313843,0.3538639640726303
00016,/Users/nikko/Downloads/moi-main/project_root/data/visualizations/video/pushups_video5/frame_00016.png,"[15, 150, 512, 348]",RIGHT_HIP,-0.3896216273732294,0.3770910812189995,0.9995173215866089,0.6685453057289124,0.2984050512313843,0.3538639640726303
00016,/Users/nikko/Downloads/moi-main/project_root/data/visualizations/video/pushups_video5/frame_00016.png,"[15, 150, 512, 348]",LEFT_ELBOW,0.11966846754297879,0.5504652822743604,0.590122640132904,0.6685453057289124,0.2984050512313843,0.3538639640726303
00016,/Users/nikko/Downloads/moi-main/project_root/data/visualizations/video/pushups_video5/frame_00016.png,"[15, 150, 512, 348]",RIGHT_ELBOW,0.20559784329010755,0.7572002601634464,0.9981763362884521,0.6685453057289124,0.2984050512313843,0.3538639640726303
00016,/Users/nikko/Downloads/moi-main/project_root/data/visualizations/video/pushups_video5/frame_00016.png,"[15, 150, 512, 348]",LEFT_WRIST,0.1269763806982565,1.5024349200243847,0.7989166378974915,0.6685453057289124,0.2984050512313843,0.3538639640726303
00016,/Users/nikko/Downloads/moi-main/project_root/data/visualizations/video/pushups_video5/frame_00016.png,"[15, 150, 512, 348]",RIGHT_WRIST,0.2215045894001847,1.806882790938149,0.9997476935386658,0.6685453057289124,0.2984050512313843,0.3538639640726303
00016,/Users/nikko/Downloads/moi-main/project_root/data/visualizations/video/pushups_video5/frame_00016.png,"[15, 150, 512, 348]",RIGHT_KNEE,-1.012898390944438,0.9794752915212267,0.9895525574684143,0.6685453057289124,0.2984050512313843,0.3538639640726303
00016,/Users/nikko/Downloads/moi-main/project_root/data/visualizations/video/pushups_video5/frame_00016.png,"[15, 150, 512, 348]",LEFT_ANKLE,-1.6150208463708229,1.113660206110445,0.7005418539047241,0.6685453057289124,0.2984050512313843,0.3538639640726303
00016,/Users/nikko/Downloads/moi-main/project_root/data/visualizations/video/pushups_video5/frame_00016.png,"[15, 150, 512, 348]",RIGHT_ANKLE,-1.667271178979269,1.2203691122683245,0.9983847141265869,0.6685453057289124,0.2984050512313843,0.3538639640726303
00016,/Users/nikko/Downloads/moi-main/project_root/data/visualizations/video/pushups_video5/frame_00016.png,"[15, 150, 512, 348]",LEFT_EYE,0.8179046520357095,-0.05834346058703391,0.9998525381088257,0.6685453057289124,0.2984050512313843,0.3538639640726303
00016,/Users/nikko/Downloads/moi-main/project_root/data/visualizations/video/pushups_video5/frame_00016.png,"[15, 150, 512, 348]",RIGHT_EYE,0.8175772057817599,-0.049114243061552085,0.9999262094497681,0.6685453057289124,0.2984050512313843,0.3538639640726303
00017,/Users/nikko/Downloads/moi-main/project_root/data/visualizations/video/pushups_video5/frame_00017.png,"[15, 152, 517, 348]",LEFT_SHOULDER,0.3731783638471929,-0.3196064576436273,0.9999867677688599,0.6649865657091141,0.30633846670389175,0.3495279977797251
00017,/Users/nikko/Downloads/moi-main/project_root/data/visualizations/video/pushups_video5/frame_00017.png,"[15, 152, 517, 348]",RIGHT_SHOULDER,0.42398866017868536,-0.2772779305571459,0.9999804496765137,0.6649865657091141,0.30633846670389175,0.3495279977797251
00017,/Users/nikko/Downloads/moi-main/project_root/data/visualizations/video/pushups_video5/frame_00017.png,"[15, 152, 517, 348]",LEFT_HIP,-0.4054033060466052,0.23028373121718626,0.9983805418014526,0.6649865657091141,0.30633846670389175,0.3495279977797251
00017,/Users/nikko/Downloads/moi-main/project_root/data/visualizations/video/pushups_video5/frame_00017.png,"[15, 152, 517, 348]",RIGHT_HIP,-0.391763717979273,0.3666006569835869,0.9994435906410217,0.6649865657091141,0.30633846670389175,0.3495279977797251
00017,/Users/nikko/Downloads/moi-main/project_root/data/visualizations/video/pushups_video5/frame_00017.png,"[15, 152, 517, 348]",RIGHT_ELBOW,0.1873943983406978,0.731588557675937,0.9972042441368103,0.6649865657091141,0.30633846670389175,0.3495279977797251
00017,/Users/nikko/Downloads/moi-main/project_root/data/visualizations/video/pushups_video5/frame_00017.png,"[15, 152, 517, 348]",LEFT_WRIST,0.142547329093704,1.5534716223538076,0.8069698214530945,0.6649865657091141,0.30633846670389175,0.3495279977797251
00017,/Users/nikko/Downloads/moi-main/project_root/data/visualizations/video/pushups_video5/frame_00017.png,"[15, 152, 517, 348]",RIGHT_WRIST,0.22601255638875878,1.7924260049515957,0.9997624754905701,0.6649865657091141,0.30633846670389175,0.3495279977797251
00017,/Users/nikko/Downloads/moi-main/project_root/data/visualizations/video/pushups_video5/frame_00017.png,"[15, 152, 517, 348]",RIGHT_KNEE,-1.024608783600178,0.9508569069910573,0.9788727760314941,0.6649865657091141,0.30633846670389175,0.3495279977797251
00017,/Users/nikko/Downloads/moi-main/project_root/data/visualizations/video/pushups_video5/frame_00017.png,"[15, 152, 517, 348]",LEFT_ANKLE,-1.6373150615585548,1.1219586703893663,0.7036685943603516,0.6649865657091141,0.30633846670389175,0.3495279977797251
00017,/Users/nikko/Downloads/moi-main/project_root/data/visualizations/video/pushups_video5/frame_00017.png,"[15, 152, 517, 348]",RIGHT_ANKLE,-1.682537550303576,1.1968522596792643,0.9969449639320374,0.6649865657091141,0.30633846670389175,0.3495279977797251
00017,/Users/nikko/Downloads/moi-main/project_root/data/visualizations/video/pushups_video5/frame_00017.png,"[15, 152, 517, 348]",LEFT_EYE,0.8227146917671305,-0.0396468100305907,0.9997857213020325,0.6649865657091141,0.30633846670389175,0.3495279977797251
00017,/Users/nikko/Downloads/moi-main/project_root/data/visualizations/video/pushups_video5/frame_00017.png,"[15, 152, 517, 348]",RIGHT_EYE,0.8231926844325728,-0.02915279909731046,0.9999003410339355,0.6649865657091141,0.30633846670389175,0.3495279977797251
00018,/Users/nikko/Downloads/moi-main/project_root/data/visualizations/video/pushups_video5/frame_00018.png,"[16, 152, 517, 349]",LEFT_SHOULDER,0.3679430833025024,-0.3176308205314359,0.9999918937683105,0.6673047542572021,0.3071706034243107,0.3529022549285228
00018,/Users/nikko/Downloads/moi-main/project_root/data/visualizations/video/pushups_video5/frame_00018.png,"[16, 152, 517, 349]",RIGHT_SHOULDER,0.42556093252296245,-0.2827944590679928,0.9999864101409912,0.6673047542572021,0.3071706034243107,0.3529022549285228
00018,/Users/nikko/Downloads/moi-main/project_root/data/visualizations/video/pushups_video5/frame_00018.png,"[16, 152, 517, 349]",LEFT_HIP,-0.4089094029798849,0.224264030395845,0.998499870300293,0.6673047542572021,0.3071706034243107,0.3529022549285228
00018,/Users/nikko/Downloads/moi-main/project_root/data/visualizations/video/pushups_video5/frame_00018.png,"[16, 152, 517, 349]",RIGHT_HIP,-0.38459461284557994,0.3761612492035837,0.9994754195213318,0.6673047542572021,0.3071706034243107,0.3529022549285228
00018,/Users/nikko/Downloads/moi-main/project_root/data/visualizations/video/pushups_video5/frame_00018.png,"[16, 152, 517, 349]",LEFT_ELBOW,0.08224847946112122,0.48165860066467064,0.5256337523460388,0.6673047542572021,0.3071706034243107,0.3529022549285228
00018,/Users/nikko/Downloads/moi-main/project_root/data/visualizations/video/pushups_video5/frame_00018.png,"[16, 152, 517, 349]",RIGHT_ELBOW,0.18688563110313214,0.7167304535983458,0.9982962012290955,0.6673047542572021,0.3071706034243107,0.3529022549285228
00018,/Users/nikko/Downloads/moi-main/project_root/data/visualizations/video/pushups_video5/frame_00018.png,"[16, 152, 517, 349]",LEFT_WRIST,0.09878194898583353,1.4717864256746482,0.8714718222618103,0.6673047542572021,0.3071706034243107,0.3529022549285228
00018,/Users/nikko/Downloads/moi-main/project_root/data/visualizations/video/pushups_video5/frame_00018.png,"[16, 152, 517, 349]",RIGHT_WRIST,0.19343990445460812,1.7766841079824884,0.9998196959495544,0.6673047542572021,0.3071706034243107,0.3529022549285228
00018,/Users/nikko/Downloads/moi-main/project_root/data/visualizations/video/pushups_video5/frame_00018.png,"[16, 152, 517, 349]",RIGHT_KNEE,-1.023995173826259,0.9273339877043053,0.9783853888511658,0.6673047542572021,0.3071706034243107,0.3529022549285228
00018,/Users/nikko/Downloads/moi-main/project_root/data/visualizations/video/pushups_video5/frame_00018.png,"[16, 152, 517, 349]",LEFT_ANKLE,-1.6298456617338597,1.0644574055157126,0.626743733882904,0.6673047542572021,0.3071706034243107,0.3529022549285228
00018,/Users/nikko/Downloads/moi-main/project_root/data/visualizations/video/pushups_video5/frame_00018.png,"[16, 152, 517, 349]",RIGHT_ANKLE,-1.6799193237721732,1.1542495654636227,0.9964687824249268,0.6673047542572021,0.3071706034243107,0.3529022549285228
00018,/Users/nikko/Downloads/moi-main/project_root/data/visualizations/video/pushups_video5/frame_00018.png,"[16, 152, 517, 349]",LEFT_EYE,0.8112211257059764,-0.006574805069619818,0.999862551689148,0.6673047542572021,0.3071706034243107,0.3529022549285228
00018,/Users/nikko/Downloads/moi-main/project_root/data/visualizations/video/pushups_video5/frame_00018.png,"[16, 152, 517, 349]",RIGHT_EYE,0.810463278349174,5.986394529232017e-05,0.9999234676361084,0.6673047542572021,0.3071706034243107,0.3529022549285228
00019,/Users/nikko/Downloads/moi-main/project_root/data/visualizations/video/pushups_video5/frame_00019.png,"[17, 157, 515, 349]",LEFT_SHOULDER,0.37480360971583004,-0.3314555810546102,0.9999895095825195,0.6711113005876541,0.2947077304124832,0.3579160437914787
00019,/Users/nikko/Downloads/moi-main/project_root/data/visualizations/video/pushups_video5/frame_00019.png,"[17, 157, 515, 349]",RIGHT_SHOULDER,0.4187293811675002,-0.26347910623240495,0.9999881982803345,0.6711113005876541,0.2947077304124832,0.3579160437914787
00019,/Users/nikko/Downloads/moi-main/project_root/data/visualizations/video/pushups_video5/frame_00019.png,"[17, 157, 515, 349]",LEFT_HIP,-0.4069264752363132,0.1959334925573043,0.9985117316246033,0.6711113005876541,0.2947077304124832,0.3579160437914787
00019,/Users/nikko/Downloads/moi-main/project_root/data/visualizations/video/pushups_video5/frame_00019.png,"[17, 157, 515, 349]",RIGHT_HIP,-0.38660651564701703,0.39900119472971085,0.9995645880699158,0.6711113005876541,0.2947077304124832,0.3579160437914787
00019,/Users/nikko/Downloads/moi-main/project_root/data/visualizations/video/pushups_video5/frame_00019.png,"[17, 157, 515, 349]",RIGHT_ELBOW,0.1795541076683123,0.7269405258314601,0.9984097480773926,0.6711113005876541,0.2947077304124832,0.3579160437914787
00019,/Users/nikko/Downloads/moi-main/project_root/data/visualizations/video/pushups_video5/frame_00019.png,"[17, 157, 515, 349]",LEFT_WRIST,0.09950611003202138,1.3939040891982484,0.8042568564414978,0.6711113005876541,0.2947077304124832,0.3579160437914787
00019,/Users/nikko/Downloads/moi-main/project_root/data/visualizations/video/pushups_video5/frame_00019.png,"[17, 157, 515, 349]",RIGHT_WRIST,0.19519084098304093,1.780472094210318,0.9998873472213745,0.6711113005876541,0.2947077304124832,0.3579160437914787
00019,/Users/nikko/Downloads/moi-main/project_root/data/visualizations/video/pushups_video5/frame_00019.png,"[17, 157, 515, 349]",RIGHT_KNEE,-1.0136037004321652,0.9417459364709154,0.9854477047920227,0.6711113005876541,0.2947077304124832,0.3579160437914787
00019,/Users/nikko/Downloads/moi-main/project_root/data/visualizations/video/pushups_video5/frame_00019.png,"[17, 157, 515, 349]",LEFT_ANKLE,-1.60891491764617,1.0748899828519332,0.7147802710533142,0.6711113005876541,0.2947077304124832,0.3579160437914787
00019,/Users/nikko/Downloads/moi-main/project_root/data/visualizations/video/pushups_video5/frame_00019.png,"[17, 157, 515, 349]",RIGHT_ANKLE,-1.6566472884216457,1.1510627697845335,0.9976245760917664,0.6711113005876541,0.2947077304124832,0.3579160437914787
00019,/Users/nikko/Downloads/moi-main/project_root/data/visualizations/video/pushups_video5/frame_00019.png,"[17, 157, 515, 349]",LEFT_EYE,0.8070474759640598,0.0145067688356905,0.9998001456260681,0.6711113005876541,0.2947077304124832,0.3579160437914787
00019,/Users/nikko/Downloads/moi-main/project_root/data/visualizations/video/pushups_video5/frame_00019.png,"[17, 157, 515, 349]",RIGHT_EYE,0.8064406316235249,0.025413563516488172,0.9999074935913086,0.6711113005876541,0.2947077304124832,0.3579160437914787
00020,/Users/nikko/Downloads/moi-main/project_root/data/visualizations/video/pushups_video5/frame_00020.png,"[18, 161, 517, 349]",LEFT_SHOULDER,0.37205182567398415,-0.3359891928431894,0.9999880790710449,0.6698752790689468,0.2949540242552757,0.36358554770398493
00020,/Users/nikko/Downloads/moi-main/project_root/data/visualizations/video/pushups_video5/frame_00020.png,"[18, 161, 517, 349]",RIGHT_SHOULDER,0.4114768818050625,-0.27343838577678836,0.9999841451644897,0.6698752790689468,0.2949540242552757,0.36358554770398493
00020,/Users/nikko/Downloads/moi-main/project_root/data/visualizations/video/pushups_video5/frame_00020.png,"[18, 161, 517, 349]",LEFT_HIP,-0.4010349165639637,0.20528503578968074,0.9985337257385254,0.6698752790689468,0.2949540242552757,0.36358554770398493
00020,/Users/nikko/Downloads/moi-main/project_root/data/visualizations/video/pushups_video5/frame_00020.png,"[18, 161, 517, 349]",RIGHT_HIP,-0.382493790915083,0.404142542830297,0.9995725750923157,0.6698752790689468,0.2949540242552757,0.36358554770398493
00020,/Users/nikko/Downloads/moi-main/project_root/data/visualizations/video/pushups_video5/frame_00020.png,"[18, 161, 517, 349]",RIGHT_ELBOW,0.16500909199246794,0.7198803715127469,0.998428463935852,0.6698752790689468,0.2949540242552757,0.36358554770398493
00020,/Users/nikko/Downloads/moi-main/project_root/data/visualizations/video/pushups_video5/frame_00020.png,"[18, 161, 517, 349]",LEFT_WRIST,0.07828531285329897,1.4306497510956464,0.7733895182609558,0.6698752790689468,0.2949540242552757,0.36358554770398493
00020,/Users/nikko/Downloads/moi-main/project_root/data/visualizations/video/pushups_video5/frame_00020.png,"[18, 161, 517, 349]",RIGHT_WRIST,0.18534055922588819,1.764707720127466,0.9998437166213989,0.6698752790689468,0.2949540242552757,0.36358554770398493
00020,/Users/nikko/Downloads/moi-main/project_root/data/visualizations/video/pushups_video5/frame_00020.png,"[18, 161, 517, 349]",RIGHT_KNEE,-0.9990919572553388,0.924364233131899,0.9898234009742737,0.6698752790689468,0.2949540242552757,0.36358554770398493
00020,/Users/nikko/Downloads/moi-main/project_root/data/visualizations/video/pushups_video5/frame_00020.png,"[18, 161, 517, 349]",LEFT_ANKLE,-1.5901427147638505,0.9875819305532041,0.7709640264511108,0.6698752790689468,0.2949540242552757,0.36358554770398493
00020,/Users/nikko/Downloads/moi-main/project_root/data/visualizations/video/pushups_video5/frame_00020.png,"[18, 161, 517, 349]",RIGHT_ANKLE,-1.6382528374306426,1.0633452978565388,0.9983009696006775,0.6698752790689468,0.2949540242552757,0.36358554770398493
00020,/Users/nikko/Downloads/moi-main/project_root/data/visualizations/video/pushups_video5/frame_00020.png,"[18, 161, 517, 349]",LEFT_EYE,0.7846418717446285,-0.0025696713254243883,0.9996981620788574,0.6698752790689468,0.2949540242552757,0.36358554770398493
00020,/Users/nikko/Downloads/moi-main/project_root/data/visualizations/video/pushups_video5/frame_00020.png,"[18, 161, 517, 349]",RIGHT_EYE,0.7835997326133294,0.006413922087447725,0.9998511075973511,0.6698752790689468,0.2949540242552757,0.36358554770398493
00021,/Users/nikko/Downloads/moi-main/project_root/data/visualizations/video/pushups_video5/frame_00021.png,"[54, 164, 528, 349]",LEFT_SHOULDER,0.3900201072853646,-0.27943141703011476,0.9999775886535645,0.6361861303448677,0.30389662459492683,0.3692304961510059
00021,/Users/nikko/Downloads/moi-main/project_root/data/visualizations/video/pushups_video5/frame_00021.png,"[54, 164, 528, 349]",RIGHT_SHOULDER,0.41354553160149354,-0.3140834814462727,0.999967098236084,0.6361861303448677,0.30389662459492683,0.3692304961510059
00021,/Users/nikko/Downloads/moi-main/project_root/data/visualizations/video/pushups_video5/frame_00021.png,"[54, 164, 528, 349]",LEFT_HIP,-0.40396732197685986,0.23383304929403895,0.9987285733222961,0.6361861303448677,0.30389662459492683,0.3692304961510059
00021,/Users/nikko/Downloads/moi-main/project_root/data/visualizations/video/pushups_video5/frame_00021.png,"[54, 164, 528, 349]",RIGHT_HIP,-0.39959831690999825,0.3596818491823484,0.999606192111969,0.6361861303448677,0.30389662459492683,0.3692304961510059
00021,/Users/nikko/Downloads/moi-main/project_root/data/visualizations/video/pushups_video5/frame_00021.png,"[54, 164, 528, 349]",RIGHT_ELBOW,0.1610089834115479,0.6669749153448897,0.9983325600624084,0.6361861303448677,0.30389662459492683,0.3692304961510059
00021,/Users/nikko/Downloads/moi-main/project_root/data/visualizations/video/pushups_video5/frame_00021.png,"[54, 164, 528, 349]",LEFT_WRIST,0.11222180052226835,1.4582713170815886,0.6207668781280518,0.6361861303448677,0.30389662459492683,0.3692304961510059
00021,/Users/nikko/Downloads/moi-main/project_root/data/visualizations/video/pushups_video5/frame_00021.png,"[54, 164, 528, 349]",RIGHT_WRIST,0.18065187005422684,1.7261764251703104,0.9995741248130798,0.6361861303448677,0.30389662459492683,0.3692304961510059
00021,/Users/nikko/Downloads/moi-main/project_root/data/visualizations/video/pushups_video5/frame_00021.png,"[54, 164, 528, 349]",RIGHT_KNEE,-1.0263024674269594,0.8664836926390754,0.9932438731193542,0.6361861303448677,0.30389662459492683,0.3692304961510059
00021,/Users/nikko/Downloads/moi-main/project_root/data/visualizations/video/pushups_video5/frame_00021.png,"[54, 164, 528, 349]",LEFT_ANKLE,-1.6189919271100586,0.9698738741742094,0.753230094909668,0.6361861303448677,0.30389662459492683,0.3692304961510059
00021,/Users/nikko/Downloads/moi-main/project_root/data/visualizations/video/pushups_video5/frame_00021.png,"[54, 164, 528, 349]",RIGHT_ANKLE,-1.630766332807798,0.9993495849085068,0.99852055311203,0.6361861303448677,0.30389662459492683,0.3692304961510059
00021,/Users/nikko/Downloads/moi-main/project_root/data/visualizations/video/pushups_video5/frame_00021.png,"[54, 164, 528, 349]",LEFT_EYE,0.7986427091304105,-0.01384697714475675,0.9996272325515747,0.6361861303448677,0.30389662459492683,0.3692304961510059
00021,/Users/nikko/Downloads/moi-main/project_root/data/visualizations/video/pushups_video5/frame_00021.png,"[54, 164, 528, 349]",RIGHT_EYE,0.798731818140254,-0.01692204513118348,0.9998075366020203,0.6361861303448677,0.30389662459492683,0.3692304961510059
00022,/Users/nikko/Downloads/moi-main/project_root/data/visualizations/video/pushups_video5/frame_00022.png,"[54, 167, 528, 349]",LEFT_SHOULDER,0.37982053580192887,-0.29629022610781264,0.9999748468399048,0.6367841958999634,0.3000413253903389,0.3720828275560044
00022,/Users/nikko/Downloads/moi-main/project_root/data/visualizations/video/pushups_video5/frame_00022.png,"[54, 167, 528, 349]",RIGHT_SHOULDER,0.42075836971279984,-0.29863927972237314,0.9999663829803467,0.6367841958999634,0.3000413253903389,0.3720828275560044
00022,/Users/nikko/Downloads/moi-main/project_root/data/visualizations/video/pushups_video5/frame_00022.png,"[54, 167, 528, 349]",LEFT_HIP,-0.40405684520875784,0.2250690799007757,0.998480498790741,0.6367841958999634,0.3000413253903389,0.3720828275560044
00022,/Users/nikko/Downloads/moi-main/project_root/data/visualizations/video/pushups_video5/frame_00022.png,"[54, 167, 528, 349]",RIGHT_HIP,-0.39652206030597087,0.36986042592941004,0.9995501637458801,0.6367841958999634,0.3000413253903389,0.3720828275560044
00022,/Users/nikko/Downloads/moi-main/project_root/data/visualizations/video/pushups_video5/frame_00022.png,"[54, 167, 528, 349]",RIGHT_ELBOW,0.15980260599271212,0.6617801572108211,0.9977020621299744,0.6367841958999634,0.3000413253903389,0.3720828275560044
00022,/Users/nikko/Downloads/moi-main/project_root/data/visualizations/video/pushups_video5/frame_00022.png,"[54, 167, 528, 349]",LEFT_WRIST,0.1065907106387669,1.4901579592751106,0.6237422823905945,0.6367841958999634,0.3000413253903389,0.3720828275560044
00022,/Users/nikko/Downloads/moi-main/project_root/data/visualizations/video/pushups_video5/frame_00022.png,"[54, 167, 528, 349]",RIGHT_WRIST,0.19155567871670082,1.7191488766161054,0.9995111227035522,0.6367841958999634,0.3000413253903389,0.3720828275560044
00022,/Users/nikko/Downloads/moi-main/project_root/data/visualizations/video/pushups_video5/frame_00022.png,"[54, 167, 528, 349]",RIGHT_KNEE,-1.0133637718125268,0.8814339708944312,0.9920048117637634,0.6367841958999634,0.3000413253903389,0.3720828275560044
00022,/Users/nikko/Downloads/moi-main/project_root/data/visualizations/video/pushups_video5/frame_00022.png,"[54, 167, 528, 349]",LEFT_ANKLE,-1.628129316558887,0.9722675682119604,0.7491039037704468,0.6367841958999634,0.3000413253903389,0.3720828275560044
00022,/Users/nikko/Downloads/moi-main/project_root/data/visualizations/video/pushups_video5/frame_00022.png,"[54, 167, 528, 349]",RIGHT_ANKLE,-1.6370297371725393,0.9971184537366468,0.9984758496284485,0.6367841958999634,0.3000413253903389,0.3720828275560044
00022,/Users/nikko/Downloads/moi-main/project_root/data/visualizations/video/pushups_video5/frame_00022.png,"[54, 167, 528, 349]",LEFT_EYE,0.8020557143849302,-0.0009249678943108443,0.9995636343955994,0.6367841958999634,0.3000413253903389,0.3720828275560044
00022,/Users/nikko/Downloads/moi-main/project_root/data/visualizations/video/pushups_video5/frame_00022.png,"[54, 167, 528, 349]",RIGHT_EYE,0.8024810238057334,0.001966094919981358,0.9997898936271667,0.6367841958999634,0.3000413253903389,0.3720828275560044
00023,/Users/nikko/Downloads/moi-main/project_root/data/visualizations/video/pushups_video5/frame_00023.png,"[17, 172, 525, 351]",LEFT_SHOULDER,0.3872873335601847,-0.29396630310088867,0.9999624490737915,0.6741388738155365,0.2876240462064743,0.3415052312207718
00023,/Users/nikko/Downloads/moi-main/project_root/data/visualizations/video/pushups_video5/frame_00023.png,"[17, 172, 525, 351]",RIGHT_SHOULDER,0.40435808668073614,-0.31561362796937775,0.9999198913574219,0.6741388738155365,0.2876240462064743,0.3415052312207718
00023,/Users/nikko/Downloads/moi-main/project_root/data/visualizations/video/pushups_video5/frame_00023.png,"[17, 172, 525, 351]",LEFT_HIP,-0.3934306195043111,0.24652334708234588,0.998902440071106,0.6741388738155365,0.2876240462064743,0.3415052312207718
00023,/Users/nikko/Downloads/moi-main/project_root/data/visualizations/video/pushups_video5/frame_00023.png,"[17, 172, 525, 351]",RIGHT_HIP,-0.39821480073660975,0.36305658398792057,0.9996111989021301,0.6741388738155365,0.2876240462064743,0.3415052312207718
00023,/Users/nikko/Downloads/moi-main/project_root/data/visualizations/video/pushups_video5/frame_00023.png,"[17, 172, 525, 351]",RIGHT_ELBOW,0.11962399146951475,0.7422761204822416,0.9970501661300659,0.6741388738155365,0.2876240462064743,0.3415052312207718
00023,/Users/nikko/Downloads/moi-main/project_root/data/visualizations/video/pushups_video5/frame_00023.png,"[17, 172, 525, 351]",RIGHT_WRIST,0.14814127911116512,1.8363927640118838,0.9984433054924011,0.6741388738155365,0.2876240462064743,0.3415052312207718
00023,/Users/nikko/Downloads/moi-main/project_root/data/visualizations/video/pushups_video5/frame_00023.png,"[17, 172, 525, 351]",RIGHT_KNEE,-1.0453019726393347,0.9626954329182195,0.9700151681900024,0.6741388738155365,0.2876240462064743,0.3415052312207718
00023,/Users/nikko/Downloads/moi-main/project_root/data/visualizations/video/pushups_video5/frame_00023.png,"[17, 172, 525, 351]",RIGHT_ANKLE,-1.5929407108314297,1.0298800961065337,0.9891542792320251,0.6741388738155365,0.2876240462064743,0.3415052312207718
00023,/Users/nikko/Downloads/moi-main/project_root/data/visualizations/video/pushups_video5/frame_00023.png,"[17, 172, 525, 351]",LEFT_EYE,0.7999451744355913,-0.009918959817863534,0.998932421207428,0.6741388738155365,0.2876240462064743,0.3415052312207718
00023,/Users/nikko/Downloads/moi-main/project_root/data/visualizations/video/pushups_video5/frame_00023.png,"[17, 172, 525, 351]",RIGHT_EYE,0.7984391111816602,-0.0008706246409110873,0.999365508556366,0.6741388738155365,0.2876240462064743,0.3415052312207718
00024,/Users/nikko/Downloads/moi-main/project_root/data/visualizations/video/pushups_video5/frame_00024.png,"[18, 176, 523, 351]",LEFT_SHOULDER,0.3792812732703964,-0.2955489602315644,0.9999682903289795,0.6816970556974411,0.2856876440346241,0.35055677286148945
00024,/Users/nikko/Downloads/moi-main/project_root/data/visualizations/video/pushups_video5/frame_00024.png,"[18, 176, 523, 351]",RIGHT_SHOULDER,0.3933380400454114,-0.33868489495607484,0.9999637603759766,0.6816970556974411,0.2856876440346241,0.35055677286148945
00024,/Users/nikko/Downloads/moi-main/project_root/data/visualizations/video/pushups_video5/frame_00024.png,"[18, 176, 523, 351]",LEFT_HIP,-0.38267954802937254,0.2615961164055049,0.9995734095573425,0.6816970556974411,0.2856876440346241,0.35055677286148945
00024,/Users/nikko/Downloads/moi-main/project_root/data/visualizations/video/pushups_video5/frame_00024.png,"[18, 176, 523, 351]",RIGHT_HIP,-0.3899397652864352,0.3726377387821344,0.9999053478240967,0.6816970556974411,0.2856876440346241,0.35055677286148945
00024,/Users/nikko/Downloads/moi-main/project_root/data/visualizations/video/pushups_video5/frame_00024.png,"[18, 176, 523, 351]",RIGHT_ELBOW,0.11831760977773415,0.6118310372282937,0.9964815378189087,0.6816970556974411,0.2856876440346241,0.35055677286148945
00024,/Users/nikko/Downloads/moi-main/project_root/data/visualizations/video/pushups_video5/frame_00024.png,"[18, 176, 523, 351]",RIGHT_WRIST,0.13768691725993704,1.7625064408988051,0.9974662065505981,0.6816970556974411,0.2856876440346241,0.35055677286148945
00024,/Users/nikko/Downloads/moi-main/project_root/data/visualizations/video/pushups_video5/frame_00024.png,"[18, 176, 523, 351]",RIGHT_KNEE,-1.0316870314319082,0.9182557327741788,0.9914557337760925,0.6816970556974411,0.2856876440346241,0.35055677286148945
00024,/Users/nikko/Downloads/moi-main/project_root/data/visualizations/video/pushups_video5/frame_00024.png,"[18, 176, 523, 351]",RIGHT_ANKLE,-1.4790192817138186,0.901806494874477,0.9972090125083923,0.6816970556974411,0.2856876440346241,0.35055677286148945
00024,/Users/nikko/Downloads/moi-main/project_root/data/visualizations/video/pushups_video5/frame_00024.png,"[18, 176, 523, 351]",LEFT_EYE,0.7853336625194218,-0.016207085425116553,0.9993566870689392,0.6816970556974411,0.2856876440346241,0.35055677286148945
00024,/Users/nikko/Downloads/moi-main/project_root/data/visualizations/video/pushups_video5/frame_00024.png,"[18, 176, 523, 351]",RIGHT_EYE,0.782812309786284,-0.00521142687931764,0.9996505975723267,0.6816970556974411,0.2856876440346241,0.35055677286148945
00025,/Users/nikko/Downloads/moi-main/project_root/data/visualizations/video/pushups_video5/frame_00025.png,"[11, 179, 525, 351]",LEFT_SHOULDER,0.3837469641762952,-0.29181030598906244,0.9999839067459106,0.6846195757389069,0.2833472192287445,0.3362880278172876
00025,/Users/nikko/Downloads/moi-main/project_root/data/visualizations/video/pushups_video5/frame_00025.png,"[11, 179, 525, 351]",RIGHT_SHOULDER,0.398841673317738,-0.33025489812025555,0.9999788999557495,0.6846195757389069,0.2833472192287445,0.3362880278172876
00025,/Users/nikko/Downloads/moi-main/project_root/data/visualizations/video/pushups_video5/frame_00025.png,"[11, 179, 525, 351]",LEFT_HIP,-0.3845390624238307,0.26141883086970563,0.9997857213020325,0.6846195757389069,0.2833472192287445,0.3362880278172876
00025,/Users/nikko/Downloads/moi-main/project_root/data/visualizations/video/pushups_video5/frame_00025.png,"[11, 179, 525, 351]",RIGHT_HIP,-0.39804957507020255,0.3606463732396124,0.9999520778656006,0.6846195757389069,0.2833472192287445,0.3362880278172876
00025,/Users/nikko/Downloads/moi-main/project_root/data/visualizations/video/pushups_video5/frame_00025.png,"[11, 179, 525, 351]",RIGHT_ELBOW,0.11293833942435991,0.6713709715507818,0.9979821443557739,0.6846195757389069,0.2833472192287445,0.3362880278172876
00025,/Users/nikko/Downloads/moi-main/project_root/data/visualizations/video/pushups_video5/frame_00025.png,"[11, 179, 525, 351]",RIGHT_WRIST,0.13045046364705928,1.8632280354744106,0.998250424861908,0.6846195757389069,0.2833472192287445,0.3362880278172876
00025,/Users/nikko/Downloads/moi-main/project_root/data/visualizations/video/pushups_video5/frame_00025.png,"[11, 179, 525, 351]",RIGHT_KNEE,-1.0594608283899183,0.961374464038977,0.9953556060791016,0.6846195757389069,0.2833472192287445,0.3362880278172876
00025,/Users/nikko/Downloads/moi-main/project_root/data/visualizations/video/pushups_video5/frame_00025.png,"[11, 179, 525, 351]",RIGHT_ANKLE,-1.5204308137158749,0.9500569770396751,0.9976232647895813,0.6846195757389069,0.2833472192287445,0.3362880278172876
00025,/Users/nikko/Downloads/moi-main/project_root/data/visualizations/video/pushups_video5/frame_00025.png,"[11, 179, 525, 351]",LEFT_EYE,0.789010943144139,0.01956495078411252,0.9997929930686951,0.6846195757389069,0.2833472192287445,0.3362880278172876
00025,/Users/nikko/Downloads/moi-main/project_root/data/visualizations/video/pushups_video5/frame_00025.png,"[11, 179, 525, 351]",RIGHT_EYE,0.7877565955724657,0.021640641671757957,0.9998830556869507,0.6846195757389069,0.2833472192287445,0.3362880278172876
00026,/Users/nikko/Downloads/moi-main/project_root/data/visualizations/video/pushups_video5/frame_00026.png,"[10, 181, 521, 350]",LEFT_SHOULDER,0.35863592934222016,-0.3381730189193901,0.9999762773513794,0.684310793876648,0.2856734022498131,0.3621490286599037
00026,/Users/nikko/Downloads/moi-main/project_root/data/visualizations/video/pushups_video5/frame_00026.png,"[10, 181, 521, 350]",RIGHT_SHOULDER,0.4046645320793387,-0.3007027214057993,0.9999723434448242,0.684310793876648,0.2856734022498131,0.3621490286599037
00026,/Users/nikko/Downloads/moi-main/project_root/data/visualizations/video/pushups_video5/frame_00026.png,"[10, 181, 521, 350]",LEFT_HIP,-0.38650131952615796,0.23646716739719476,0.9977580904960632,0.684310793876648,0.2856734022498131,0.3621490286599037
00026,/Users/nikko/Downloads/moi-main/project_root/data/visualizations/video/pushups_video5/frame_00026.png,"[10, 181, 521, 350]",RIGHT_HIP,-0.3767991418954009,0.40240857292799465,0.9992823004722595,0.684310793876648,0.2856734022498131,0.3621490286599037
00026,/Users/nikko/Downloads/moi-main/project_root/data/visualizations/video/pushups_video5/frame_00026.png,"[10, 181, 521, 350]",LEFT_ELBOW,0.0695688385340665,0.4135129406268654,0.5011510848999023,0.684310793876648,0.2856734022498131,0.3621490286599037
00026,/Users/nikko/Downloads/moi-main/project_root/data/visualizations/video/pushups_video5/frame_00026.png,"[10, 181, 521, 350]",RIGHT_ELBOW,0.1171252927181361,0.6016748494513947,0.9983453750610352,0.684310793876648,0.2856734022498131,0.3621490286599037
00026,/Users/nikko/Downloads/moi-main/project_root/data/visualizations/video/pushups_video5/frame_00026.png,"[10, 181, 521, 350]",LEFT_WRIST,0.07823823927915964,1.4528023280578946,0.7454745769500732,0.684310793876648,0.2856734022498131,0.3621490286599037
00026,/Users/nikko/Downloads/moi-main/project_root/data/visualizations/video/pushups_video5/frame_00026.png,"[10, 181, 521, 350]",RIGHT_WRIST,0.14539984359335045,1.7560935956894133,0.9995517134666443,0.684310793876648,0.2856734022498131,0.3621490286599037
00026,/Users/nikko/Downloads/moi-main/project_root/data/visualizations/video/pushups_video5/frame_00026.png,"[10, 181, 521, 350]",RIGHT_KNEE,-0.9881092442124318,0.8876100340671503,0.9927613735198975,0.684310793876648,0.2856734022498131,0.3621490286599037
00026,/Users/nikko/Downloads/moi-main/project_root/data/visualizations/video/pushups_video5/frame_00026.png,"[10, 181, 521, 350]",LEFT_ANKLE,-1.5573515871615784,0.9676180661513368,0.7294765114784241,0.684310793876648,0.2856734022498131,0.3621490286599037
00026,/Users/nikko/Downloads/moi-main/project_root/data/visualizations/video/pushups_video5/frame_00026.png,"[10, 181, 521, 350]",RIGHT_ANKLE,-1.567903110627948,0.9844160381839467,0.9982776641845703,0.684310793876648,0.2856734022498131,0.3621490286599037
00026,/Users/nikko/Downloads/moi-main/project_root/data/visualizations/video/pushups_video5/frame_00026.png,"[10, 181, 521, 350]",LEFT_EYE,0.7669669428051341,-0.01769535639467713,0.999702513217926,0.684310793876648,0.2856734022498131,0.3621490286599037
00026,/Users/nikko/Downloads/moi-main/project_root/data/visualizations/video/pushups_video5/frame_00026.png,"[10, 181, 521, 350]",RIGHT_EYE,0.7653298062821542,-0.0009240472872428957,0.9998335838317871,0.684310793876648,0.2856734022498131,0.3621490286599037
00027,/Users/nikko/Downloads/moi-main/project_root/data/visualizations/video/pushups_video5/frame_00027.png,"[11, 184, 525, 350]",LEFT_SHOULDER,0.36910428362792524,-0.3308096855450358,0.9999523162841797,0.6858692616224289,0.28589557483792305,0.35944482002710565
00027,/Users/nikko/Downloads/moi-main/project_root/data/visualizations/video/pushups_video5/frame_00027.png,"[11, 184, 525, 350]",RIGHT_SHOULDER,0.39353118120464253,-0.3113323497349421,0.9999711513519287,0.6858692616224289,0.28589557483792305,0.35944482002710565
00027,/Users/nikko/Downloads/moi-main/project_root/data/visualizations/video/pushups_video5/frame_00027.png,"[11, 184, 525, 350]",LEFT_HIP,-0.3807329534235457,0.239124477305625,0.9990828037261963,0.6858692616224289,0.28589557483792305,0.35944482002710565
00027,/Users/nikko/Downloads/moi-main/project_root/data/visualizations/video/pushups_video5/frame_00027.png,"[11, 184, 525, 350]",RIGHT_HIP,-0.3819025114090221,0.4030175579743529,0.9998018145561218,0.6858692616224289,0.28589557483792305,0.35944482002710565
00027,/Users/nikko/Downloads/moi-main/project_root/data/visualizations/video/pushups_video5/frame_00027.png,"[11, 184, 525, 350]",RIGHT_ELBOW,0.10473227593996826,0.5826892245232799,0.9978563189506531,0.6858692616224289,0.28589557483792305,0.35944482002710565
00027,/Users/nikko/Downloads/moi-main/project_root/data/visualizations/video/pushups_video5/frame_00027.png,"[11, 184, 525, 350]",RIGHT_WRIST,0.11408956894471063,1.7173001773122896,0.9984211921691895,0.6858692616224289,0.28589557483792305,0.35944482002710565
00027,/Users/nikko/Downloads/moi-main/project_root/data/visualizations/video/pushups_video5/frame_00027.png,"[11, 184, 525, 350]",RIGHT_KNEE,-0.9959605832372015,0.8988477110102326,0.9943127632141113,0.6858692616224289,0.28589557483792305,0.35944482002710565
00027,/Users/nikko/Downloads/moi-main/project_root/data/visualizations/video/pushups_video5/frame_00027.png,"[11, 184, 525, 350]",RIGHT_ANKLE,-1.5285887814392614,0.9474247455968502,0.998184859752655,0.6858692616224289,0.28589557483792305,0.35944482002710565
00027,/Users/nikko/Downloads/moi-main/project_root/data/visualizations/video/pushups_video5/frame_00027.png,"[11, 184, 525, 350]",LEFT_EYE,0.7596852452793129,0.024709990554645907,0.9993775486946106,0.6858692616224289,0.28589557483792305,0.35944482002710565
00027,/Users/nikko/Downloads/moi-main/project_root/data/visualizations/video/pushups_video5/frame_00027.png,"[11, 184, 525, 350]",RIGHT_EYE,0.7579843866011573,0.04578815160255231,0.9996970891952515,0.6858692616224289,0.28589557483792305,0.35944482002710565
00028,/Users/nikko/Downloads/moi-main/project_root/data/visualizations/video/pushups_video5/frame_00028.png,"[11, 186, 525, 350]",LEFT_SHOULDER,0.3721229534794428,-0.34521527760190074,0.9999122619628906,0.6888308972120285,0.27410995960235596,0.3504667072670081
00028,/Users/nikko/Downloads/moi-main/project_root/data/visualizations/video/pushups_video5/frame_00028.png,"[11, 186, 525, 350]",RIGHT_SHOULDER,0.39816542954528755,-0.2807134390085439,0.9999189376831055,0.6888308972120285,0.27410995960235596,0.3504667072670081
00028,/Users/nikko/Downloads/moi-main/project_root/data/visualizations/video/pushups_video5/frame_00028.png,"[11, 186, 525, 350]",LEFT_HIP,-0.3876912778517205,0.20123215104374514,0.9993669390678406,0.6888308972120285,0.27410995960235596,0.3504667072670081
00028,/Users/nikko/Downloads/moi-main/project_root/data/visualizations/video/pushups_video5/frame_00028.png,"[11, 186, 525, 350]",RIGHT_HIP,-0.3825971051730098,0.4246965655666995,0.999828577041626,0.6888308972120285,0.27410995960235596,0.3504667072670081
00028,/Users/nikko/Downloads/moi-main/project_root/data/visualizations/video/pushups_video5/frame_00028.png,"[11, 186, 525, 350]",RIGHT_ELBOW,0.08545214032886923,0.6234076513180576,0.9967417120933533,0.6888308972120285,0.27410995960235596,0.3504667072670081
00028,/Users/nikko/Downloads/moi-main/project_root/data/visualizations/video/pushups_video5/frame_00028.png,"[11, 186, 525, 350]",RIGHT_WRIST,0.1246799741029595,1.800058306273356,0.9986292123794556,0.6888308972120285,0.27410995960235596,0.3504667072670081
00028,/Users/nikko/Downloads/moi-main/project_root/data/visualizations/video/pushups_video5/frame_00028.png,"[11, 186, 525, 350]",RIGHT_KNEE,-1.0153378937786828,0.9533873508116909,0.9833018183708191,0.6888308972120285,0.27410995960235596,0.3504667072670081
00028,/Users/nikko/Downloads/moi-main/project_root/data/visualizations/video/pushups_video5/frame_00028.png,"[11, 186, 525, 350]",RIGHT_ANKLE,-1.463367175010269,0.914884704908666,0.991228461265564,0.6888308972120285,0.27410995960235596,0.3504667072670081
00028,/Users/nikko/Downloads/moi-main/project_root/data/visualizations/video/pushups_video5/frame_00028.png,"[11, 186, 525, 350]",LEFT_EYE,0.7766767626457112,0.08781822732681241,0.99643874168396,0.6888308972120285,0.27410995960235596,0.3504667072670081
00028,/Users/nikko/Downloads/moi-main/project_root/data/visualizations/video/pushups_video5/frame_00028.png,"[11, 186, 525, 350]",RIGHT_EYE,0.774917365711806,0.1047955148599347,0.9982401132583618,0.6888308972120285,0.27410995960235596,0.3504667072670081
00029,/Users/nikko/Downloads/moi-main/project_root/data/visualizations/video/pushups_video5/frame_00029.png,"[10, 186, 523, 350]",LEFT_SHOULDER,0.36035880968780487,-0.3395245503687305,0.9999784231185913,0.6894201189279556,0.2944316156208515,0.3624159542096015
00029,/Users/nikko/Downloads/moi-main/project_root/data/visualizations/video/pushups_video5/frame_00029.png,"[10, 186, 523, 350]",RIGHT_SHOULDER,0.407855074625038,-0.28951958144183587,0.9999754428863525,0.6894201189279556,0.2944316156208515,0.3624159542096015
00029,/Users/nikko/Downloads/moi-main/project_root/data/visualizations/video/pushups_video5/frame_00029.png,"[10, 186, 523, 350]",LEFT_HIP,-0.39127974275306865,0.21134626408696125,0.9981814622879028,0.6894201189279556,0.2944316156208515,0.3624159542096015
00029,/Users/nikko/Downloads/moi-main/project_root/data/visualizations/video/pushups_video5/frame_00029.png,"[10, 186, 523, 350]",RIGHT_HIP,-0.37693414155977417,0.4176978677236051,0.9994040727615356,0.6894201189279556,0.2944316156208515,0.3624159542096015
00029,/Users/nikko/Downloads/moi-main/project_root/data/visualizations/video/pushups_video5/frame_00029.png,"[10, 186, 523, 350]",RIGHT_ELBOW,0.10619056380527517,0.5153199420536121,0.9983002543449402,0.6894201189279556,0.2944316156208515,0.3624159542096015
00029,/Users/nikko/Downloads/moi-main/project_root/data/visualizations/video/pushups_video5/frame_00029.png,"[10, 186, 523, 350]",LEFT_WRIST,0.07839733888544366,1.4102096655968726,0.7319605350494385,0.6894201189279556,0.2944316156208515,0.3624159542096015
00029,/Users/nikko/Downloads/moi-main/project_root/data/visualizations/video/pushups_video5/frame_00029.png,"[10, 186, 523, 350]",RIGHT_WRIST,0.1249207949003562,1.7283640688574728,0.9996974468231201,0.6894201189279556,0.2944316156208515,0.3624159542096015
00029,/Users/nikko/Downloads/moi-main/project_root/data/visualizations/video/pushups_video5/frame_00029.png,"[10, 186, 523, 350]",RIGHT_KNEE,-0.9873943542173592,0.8917849068334792,0.9934552311897278,0.6894201189279556,0.2944316156208515,0.3624159542096015
00029,/Users/nikko/Downloads/moi-main/project_root/data/visualizations/video/pushups_video5/frame_00029.png,"[10, 186, 523, 350]",LEFT_ANKLE,-1.541212664582366,0.9099633587342432,0.8064495325088501,0.6894201189279556,0.2944316156208515,0.3624159542096015
00029,/Users/nikko/Downloads/moi-main/project_root/data/visualizations/video/pushups_video5/frame_00029.png,"[10, 186, 523, 350]",RIGHT_ANKLE,-1.550509033869631,0.9388853051475465,0.9984418749809265,0.6894201189279556,0.2944316156208515,0.3624159542096015
00029,/Users/nikko/Downloads/moi-main/project_root/data/visualizations/video/pushups_video5/frame_00029.png,"[10, 186, 523, 350]",LEFT_EYE,0.7546033171476263,0.10975458662025252,0.9996612071990967,0.6894201189279556,0.2944316156208515,0.3624159542096015
00029,/Users/nikko/Downloads/moi-main/project_root/data/visualizations/video/pushups_video5/frame_00029.png,"[10, 186, 523, 350]",RIGHT_EYE,0.7541678145227227,0.12104673549709657,0.9998218417167664,0.6894201189279556,0.2944316156208515,0.3624159542096015
00030,/Users/nikko/Downloads/moi-main/project_root/data/visualizations/video/pushups_video5/frame_00030.png,"[11, 187, 522, 350]",LEFT_SHOULDER,0.3778043116647952,-0.34023847076565955,0.9999183416366577,0.6915041208267212,0.29551348090171814,0.3468669912985304
00030,/Users/nikko/Downloads/moi-main/project_root/data/visualizations/video/pushups_video5/frame_00030.png,"[11, 187, 522, 350]",RIGHT_SHOULDER,0.40788612796941887,-0.2591624254838634,0.9999065399169922,0.6915041208267212,0.29551348090171814,0.3468669912985304
00030,/Users/nikko/Downloads/moi-main/project_root/data/visualizations/video/pushups_video5/frame_00030.png,"[11, 187, 522, 350]",LEFT_HIP,-0.40029092472102196,0.16569898174572256,0.9984334111213684,0.6915041208267212,0.29551348090171814,0.3468669912985304
00030,/Users/nikko/Downloads/moi-main/project_root/data/visualizations/video/pushups_video5/frame_00030.png,"[11, 187, 522, 350]",RIGHT_HIP,-0.38539951491319213,0.4337019145038004,0.999455988407135,0.6915041208267212,0.29551348090171814,0.3468669912985304
00030,/Users/nikko/Downloads/moi-main/project_root/data/visualizations/video/pushups_video5/frame_00030.png,"[11, 187, 522, 350]",RIGHT_ELBOW,0.09554232991232878,0.5436294218988509,0.9982498288154602,0.6915041208267212,0.29551348090171814,0.3468669912985304
00030,/Users/nikko/Downloads/moi-main/project_root/data/visualizations/video/pushups_video5/frame_00030.png,"[11, 187, 522, 350]",LEFT_WRIST,0.08651366092868011,1.4243773528488926,0.5380557179450989,0.6915041208267212,0.29551348090171814,0.3468669912985304
00030,/Users/nikko/Downloads/moi-main/project_root/data/visualizations/video/pushups_video5/frame_00030.png,"[11, 187, 522, 350]",RIGHT_WRIST,0.11265112665946432,1.7683910864056671,0.999679684638977,0.6915041208267212,0.29551348090171814,0.3468669912985304
00030,/Users/nikko/Downloads/moi-main/project_root/data/visualizations/video/pushups_video5/frame_00030.png,"[11, 187, 522, 350]",LEFT_KNEE,-1.0004635417349919,0.7065361354277222,0.5378782749176025,0.6915041208267212,0.29551348090171814,0.3468669912985304
00030,/Users/nikko/Downloads/moi-main/project_root/data/visualizations/video/pushups_video5/frame_00030.png,"[11, 187, 522, 350]",RIGHT_KNEE,-1.0334278407746886,0.9550010092594204,0.9931562542915344,0.6915041208267212,0.29551348090171814,0.3468669912985304
00030,/Users/nikko/Downloads/moi-main/project_root/data/visualizations/video/pushups_video5/frame_00030.png,"[11, 187, 522, 350]",LEFT_ANKLE,-1.5220325926965672,0.8672798484839873,0.8829265832901001,0.6915041208267212,0.29551348090171814,0.3468669912985304
00030,/Users/nikko/Downloads/moi-main/project_root/data/visualizations/video/pushups_video5/frame_00030.png,"[11, 187, 522, 350]",RIGHT_ANKLE,-1.529140551627977,0.8973266100043875,0.9977318644523621,0.6915041208267212,0.29551348090171814,0.3468669912985304
00030,/Users/nikko/Downloads/moi-main/project_root/data/visualizations/video/pushups_video5/frame_00030.png,"[11, 187, 522, 350]",LEFT_EYE,0.7968055556278636,0.1490666035733875,0.9976134300231934,0.6915041208267212,0.29551348090171814,0.3468669912985304
00030,/Users/nikko/Downloads/moi-main/project_root/data/visualizations/video/pushups_video5/frame_00030.png,"[11, 187, 522, 350]",RIGHT_EYE,0.7962721730287001,0.15728265454432871,0.9988860487937927,0.6915041208267212,0.29551348090171814,0.3468669912985304
00031,/Users/nikko/Downloads/moi-main/project_root/data/visualizations/video/pushups_video5/frame_00031.png,"[12, 188, 523, 350]",LEFT_SHOULDER,0.37783217942281644,-0.34881627733039483,0.9999412298202515,0.6899269223213196,0.30760760605335236,0.3513416638865329
00031,/Users/nikko/Downloads/moi-main/project_root/data/visualizations/video/pushups_video5/frame_00031.png,"[12, 188, 523, 350]",RIGHT_SHOULDER,0.4067983320437776,-0.25231197267115163,0.9999196529388428,0.6899269223213196,0.30760760605335236,0.3513416638865329
00031,/Users/nikko/Downloads/moi-main/project_root/data/visualizations/video/pushups_video5/frame_00031.png,"[12, 188, 523, 350]",LEFT_HIP,-0.39822768141059445,0.17416891283930436,0.9972457885742188,0.6899269223213196,0.30760760605335236,0.3513416638865329
00031,/Users/nikko/Downloads/moi-main/project_root/data/visualizations/video/pushups_video5/frame_00031.png,"[12, 188, 523, 350]",RIGHT_HIP,-0.38640283005599957,0.4269593371622421,0.9989908337593079,0.6899269223213196,0.30760760605335236,0.3513416638865329
00031,/Users/nikko/Downloads/moi-main/project_root/data/visualizations/video/pushups_video5/frame_00031.png,"[12, 188, 523, 350]",RIGHT_ELBOW,0.08946015272751262,0.5391397723793503,0.9966458678245544,0.6899269223213196,0.30760760605335236,0.3513416638865329
00031,/Users/nikko/Downloads/moi-main/project_root/data/visualizations/video/pushups_video5/frame_00031.png,"[12, 188, 523, 350]",LEFT_WRIST,0.0871980574079785,1.4006246075824833,0.5080193877220154,0.6899269223213196,0.30760760605335236,0.3513416638865329
00031,/Users/nikko/Downloads/moi-main/project_root/data/visualizations/video/pushups_video5/frame_00031.png,"[12, 188, 523, 350]",RIGHT_WRIST,0.1176593237270838,1.7488040662308846,0.9993981122970581,0.6899269223213196,0.30760760605335236,0.3513416638865329
00031,/Users/nikko/Downloads/moi-main/project_root/data/visualizations/video/pushups_video5/frame_00031.png,"[12, 188, 523, 350]",RIGHT_KNEE,-1.0223887915698213,0.9124692217194148,0.988950788974762,0.6899269223213196,0.30760760605335236,0.3513416638865329
00031,/Users/nikko/Downloads/moi-main/project_root/data/visualizations/video/pushups_video5/frame_00031.png,"[12, 188, 523, 350]",LEFT_ANKLE,-1.553308280224543,0.8375101280610351,0.8611476421356201,0.6899269223213196,0.30760760605335236,0.3513416638865329
00031,/Users/nikko/Downloads/moi-main/project_root/data/visualizations/video/pushups_video5/frame_00031.png,"[12, 188, 523, 350]",RIGHT_ANKLE,-1.6545473095180205,0.9777639397914812,0.996986448764801,0.6899269223213196,0.30760760605335236,0.3513416638865329
00031,/Users/nikko/Downloads/moi-main/project_root/data/visualizations/video/pushups_video5/frame_00031.png,"[12, 188, 523, 350]",LEFT_EYE,0.7915760975230697,0.1562353523002349,0.9982588887214661,0.6899269223213196,0.30760760605335236,0.3513416638865329
00031,/Users/nikko/Downloads/moi-main/project_root/data/visualizations/video/pushups_video5/frame_00031.png,"[12, 188, 523, 350]",RIGHT_EYE,0.7917447282976022,0.1628259485219929,0.999096155166626,0.6899269223213196,0.30760760605335236,0.3513416638865329
00032,/Users/nikko/Downloads/moi-main/project_root/data/visualizations/video/pushups_video5/frame_00032.png,"[10, 190, 527, 350]",LEFT_SHOULDER,0.3526397553297763,-0.38800701411435845,0.9999537467956543,0.6926212906837463,0.3110910952091217,0.36149471387941484
00032,/Users/nikko/Downloads/moi-main/project_root/data/visualizations/video/pushups_video5/frame_00032.png,"[10, 190, 527, 350]",RIGHT_SHOULDER,0.40886779065729945,-0.2301623732666547,0.9999724626541138,0.6926212906837463,0.3110910952091217,0.36149471387941484
00032,/Users/nikko/Downloads/moi-main/project_root/data/visualizations/video/pushups_video5/frame_00032.png,"[10, 190, 527, 350]",LEFT_HIP,-0.3944297352186849,0.1722892916408268,0.9979986548423767,0.6926212906837463,0.3110910952091217,0.36149471387941484
00032,/Users/nikko/Downloads/moi-main/project_root/data/visualizations/video/pushups_video5/frame_00032.png,"[10, 190, 527, 350]",RIGHT_HIP,-0.3670778107683908,0.44588009574018633,0.9993608593940735,0.6926212906837463,0.3110910952091217,0.36149471387941484
00032,/Users/nikko/Downloads/moi-main/project_root/data/visualizations/video/pushups_video5/frame_00032.png,"[10, 190, 527, 350]",RIGHT_ELBOW,0.0768708354039553,0.3958234985102125,0.9973104000091553,0.6926212906837463,0.3110910952091217,0.36149471387941484
00032,/Users/nikko/Downloads/moi-main/project_root/data/visualizations/video/pushups_video5/frame_00032.png,"[10, 190, 527, 350]",RIGHT_WRIST,0.09177188472907274,1.6562787641264132,0.9996333122253418,0.6926212906837463,0.3110910952091217,0.36149471387941484
00032,/Users/nikko/Downloads/moi-main/project_root/data/visualizations/video/pushups_video5/frame_00032.png,"[10, 190, 527, 350]",RIGHT_KNEE,-1.004389307749338,0.8517469176541465,0.9773561954498291,0.6926212906837463,0.3110910952091217,0.36149471387941484
00032,/Users/nikko/Downloads/moi-main/project_root/data/visualizations/video/pushups_video5/frame_00032.png,"[10, 190, 527, 350]",LEFT_ANKLE,-1.5831906118589278,0.8209335862738822,0.6217772960662842,0.6926212906837463,0.3110910952091217,0.36149471387941484
00032,/Users/nikko/Downloads/moi-main/project_root/data/visualizations/video/pushups_video5/frame_00032.png,"[10, 190, 527, 350]",RIGHT_ANKLE,-1.6284540351997847,0.8993948914175838,0.9939162135124207,0.6926212906837463,0.3110910952091217,0.36149471387941484
00032,/Users/nikko/Downloads/moi-main/project_root/data/visualizations/video/pushups_video5/frame_00032.png,"[10, 190, 527, 350]",LEFT_EYE,0.7355836806717538,0.2001944838924602,0.9992586970329285,0.6926212906837463,0.3110910952091217,0.36149471387941484
00032,/Users/nikko/Downloads/moi-main/project_root/data/visualizations/video/pushups_video5/frame_00032.png,"[10, 190, 527, 350]",RIGHT_EYE,0.7362316742522227,0.20269824534778322,0.9996622800827026,0.6926212906837463,0.3110910952091217,0.36149471387941484
00033,/Users/nikko/Downloads/moi-main/project_root/data/visualizations/video/pushups_video5/frame_00033.png,"[17, 193, 532, 350]",LEFT_SHOULDER,0.3745130494438347,-0.3403291089603298,0.9999630451202393,0.6821646392345428,0.3018905185163021,0.3547236883049637
00033,/Users/nikko/Downloads/moi-main/project_root/data/visualizations/video/pushups_video5/frame_00033.png,"[17, 193, 532, 350]",RIGHT_SHOULDER,0.41723598862624073,-0.25605470207011394,0.9999614953994751,0.6821646392345428,0.3018905185163021,0.3547236883049637
00033,/Users/nikko/Downloads/moi-main/project_root/data/visualizations/video/pushups_video5/frame_00033.png,"[17, 193, 532, 350]",LEFT_HIP,-0.40587707993291333,0.1988255249171031,0.9973892569541931,0.6821646392345428,0.3018905185163021,0.3547236883049637
00033,/Users/nikko/Downloads/moi-main/project_root/data/visualizations/video/pushups_video5/frame_00033.png,"[17, 193, 532, 350]",RIGHT_HIP,-0.3858719581371621,0.39755828611334065,0.9991243481636047,0.6821646392345428,0.3018905185163021,0.3547236883049637
00033,/Users/nikko/Downloads/moi-main/project_root/data/visualizations/video/pushups_video5/frame_00033.png,"[17, 193, 532, 350]",RIGHT_ELBOW,0.08753727861705318,0.38075701508764376,0.997607946395874,0.6821646392345428,0.3018905185163021,0.3547236883049637
00033,/Users/nikko/Downloads/moi-main/project_root/data/visualizations/video/pushups_video5/frame_00033.png,"[17, 193, 532, 350]",LEFT_WRIST,0.04489028953419425,1.3353250032333805,0.6860608458518982,0.6821646392345428,0.3018905185163021,0.3547236883049637
00033,/Users/nikko/Downloads/moi-main/project_root/data/visualizations/video/pushups_video5/frame_00033.png,"[17, 193, 532, 350]",RIGHT_WRIST,0.09766300637990231,1.705331372046899,0.9996888637542725,0.6821646392345428,0.3018905185163021,0.3547236883049637
00033,/Users/nikko/Downloads/moi-main/project_root/data/visualizations/video/pushups_video5/frame_00033.png,"[17, 193, 532, 350]",RIGHT_KNEE,-1.018025388520098,0.9089675252733688,0.9931129813194275,0.6821646392345428,0.3018905185163021,0.3547236883049637
00033,/Users/nikko/Downloads/moi-main/project_root/data/visualizations/video/pushups_video5/frame_00033.png,"[17, 193, 532, 350]",LEFT_ANKLE,-1.5903945804226987,0.8485880362893925,0.8510039448738098,0.6821646392345428,0.3018905185163021,0.3547236883049637
00033,/Users/nikko/Downloads/moi-main/project_root/data/visualizations/video/pushups_video5/frame_00033.png,"[17, 193, 532, 350]",RIGHT_ANKLE,-1.600691615987513,0.8667757326942114,0.9981558918952942,0.6821646392345428,0.3018905185163021,0.3547236883049637
00033,/Users/nikko/Downloads/moi-main/project_root/data/visualizations/video/pushups_video5/frame_00033.png,"[17, 193, 532, 350]",LEFT_EYE,0.7657152090915794,0.25625085748484583,0.9992464780807495,0.6821646392345428,0.3018905185163021,0.3547236883049637
00033,/Users/nikko/Downloads/moi-main/project_root/data/visualizations/video/pushups_video5/frame_00033.png,"[17, 193, 532, 350]",RIGHT_EYE,0.7657787248827935,0.26060555390047113,0.9996564388275146,0.6821646392345428,0.3018905185163021,0.3547236883049637
00034,/Users/nikko/Downloads/moi-main/project_root/data/visualizations/video/pushups_video5/frame_00034.png,"[21, 197, 542, 349]",LEFT_SHOULDER,0.3704910389809375,-0.36252130010339984,0.999907374382019,0.6700973659753799,0.30047740414738655,0.3510016210838537
00034,/Users/nikko/Downloads/moi-main/project_root/data/visualizations/video/pushups_video5/frame_00034.png,"[21, 197, 542, 349]",RIGHT_SHOULDER,0.4154306958233786,-0.2320461041361064,0.9999138116836548,0.6700973659753799,0.30047740414738655,0.3510016210838537
00034,/Users/nikko/Downloads/moi-main/project_root/data/visualizations/video/pushups_video5/frame_00034.png,"[21, 197, 542, 349]",LEFT_HIP,-0.4003945171935981,0.17315607433081476,0.9948069453239441,0.6700973659753799,0.30047740414738655,0.3510016210838537
00034,/Users/nikko/Downloads/moi-main/project_root/data/visualizations/video/pushups_video5/frame_00034.png,"[21, 197, 542, 349]",RIGHT_HIP,-0.38552721761071795,0.4214113299086915,0.9983298182487488,0.6700973659753799,0.30047740414738655,0.3510016210838537
00034,/Users/nikko/Downloads/moi-main/project_root/data/visualizations/video/pushups_video5/frame_00034.png,"[21, 197, 542, 349]",RIGHT_ELBOW,0.07593252802204752,0.4319287841161303,0.9966403245925903,0.6700973659753799,0.30047740414738655,0.3510016210838537
00034,/Users/nikko/Downloads/moi-main/project_root/data/visualizations/video/pushups_video5/frame_00034.png,"[21, 197, 542, 349]",LEFT_WRIST,0.03855549395859884,1.3510406429742972,0.5988487005233765,0.6700973659753799,0.30047740414738655,0.3510016210838537
00034,/Users/nikko/Downloads/moi-main/project_root/data/visualizations/video/pushups_video5/frame_00034.png,"[21, 197, 542, 349]",RIGHT_WRIST,0.10450781371049371,1.748441314198448,0.9996620416641235,0.6700973659753799,0.30047740414738655,0.3510016210838537
00034,/Users/nikko/Downloads/moi-main/project_root/data/visualizations/video/pushups_video5/frame_00034.png,"[21, 197, 542, 349]",RIGHT_KNEE,-1.020182826887196,0.9201127686291595,0.9911866784095764,0.6700973659753799,0.30047740414738655,0.3510016210838537
00034,/Users/nikko/Downloads/moi-main/project_root/data/visualizations/video/pushups_video5/frame_00034.png,"[21, 197, 542, 349]",LEFT_ANKLE,-1.5855621114811091,0.8504356003164203,0.8842625617980957,0.6700973659753799,0.30047740414738655,0.3510016210838537
00034,/Users/nikko/Downloads/moi-main/project_root/data/visualizations/video/pushups_video5/frame_00034.png,"[21, 197, 542, 349]",RIGHT_ANKLE,-1.591756211143993,0.8647831022496655,0.9975470900535583,0.6700973659753799,0.30047740414738655,0.3510016210838537
00034,/Users/nikko/Downloads/moi-main/project_root/data/visualizations/video/pushups_video5/frame_00034.png,"[21, 197, 542, 349]",LEFT_EYE,0.7598298371516996,0.27730672881014384,0.9973326921463013,0.6700973659753799,0.30047740414738655,0.3510016210838537
00034,/Users/nikko/Downloads/moi-main/project_root/data/visualizations/video/pushups_video5/frame_00034.png,"[21, 197, 542, 349]",RIGHT_EYE,0.7607666955747759,0.2831303813731652,0.9989572763442993,0.6700973659753799,0.30047740414738655,0.3510016210838537
00035,/Users/nikko/Downloads/moi-main/project_root/data/visualizations/video/pushups_video5/frame_00035.png,"[18, 206, 547, 349]",LEFT_SHOULDER,0.367745079919895,-0.3521696501775337,0.9999468326568604,0.6703978627920151,0.25951477885246277,0.3435782897974305
00035,/Users/nikko/Downloads/moi-main/project_root/data/visualizations/video/pushups_video5/frame_00035.png,"[18, 206, 547, 349]",RIGHT_SHOULDER,0.409626234072373,-0.25130774275343737,0.9999089241027832,0.6703978627920151,0.25951477885246277,0.3435782897974305
00035,/Users/nikko/Downloads/moi-main/project_root/data/visualizations/video/pushups_video5/frame_00035.png,"[18, 206, 547, 349]",LEFT_HIP,-0.397899979311047,0.15196493035796876,0.9975340366363525,0.6703978627920151,0.25951477885246277,0.3435782897974305
00035,/Users/nikko/Downloads/moi-main/project_root/data/visualizations/video/pushups_video5/frame_00035.png,"[18, 206, 547, 349]",RIGHT_HIP,-0.3794713346812211,0.4515124625730023,0.9991045594215393,0.6703978627920151,0.25951477885246277,0.3435782897974305
00035,/Users/nikko/Downloads/moi-main/project_root/data/visualizations/video/pushups_video5/frame_00035.png,"[18, 206, 547, 349]",LEFT_ELBOW,-0.013371427824791353,0.123790588083739,0.5923444628715515,0.6703978627920151,0.25951477885246277,0.3435782897974305
00035,/Users/nikko/Downloads/moi-main/project_root/data/visualizations/video/pushups_video5/frame_00035.png,"[18, 206, 547, 349]",RIGHT_ELBOW,0.06493036142333959,0.45808101108769805,0.9989675283432007,0.6703978627920151,0.25951477885246277,0.3435782897974305
00035,/Users/nikko/Downloads/moi-main/project_root/data/visualizations/video/pushups_video5/frame_00035.png,"[18, 206, 547, 349]",LEFT_WRIST,-0.004271083176047342,1.35841817979237,0.6516565680503845,0.6703978627920151,0.25951477885246277,0.3435782897974305
00035,/Users/nikko/Downloads/moi-main/project_root/data/visualizations/video/pushups_video5/frame_00035.png,"[18, 206, 547, 349]",RIGHT_WRIST,0.10650896298860497,1.8889623570783522,0.9997715353965759,0.6703978627920151,0.25951477885246277,0.3435782897974305
00035,/Users/nikko/Downloads/moi-main/project_root/data/visualizations/video/pushups_video5/frame_00035.png,"[18, 206, 547, 349]",LEFT_KNEE,-1.0116946062961534,0.7692700521128802,0.5050528645515442,0.6703978627920151,0.25951477885246277,0.3435782897974305
00035,/Users/nikko/Downloads/moi-main/project_root/data/visualizations/video/pushups_video5/frame_00035.png,"[18, 206, 547, 349]",RIGHT_KNEE,-1.0374545130012716,1.0136032984995131,0.9941284656524658,0.6703978627920151,0.25951477885246277,0.3435782897974305
00035,/Users/nikko/Downloads/moi-main/project_root/data/visualizations/video/pushups_video5/frame_00035.png,"[18, 206, 547, 349]",LEFT_ANKLE,-1.462086201744167,0.8292164061301552,0.8659126162528992,0.6703978627920151,0.25951477885246277,0.3435782897974305
00035,/Users/nikko/Downloads/moi-main/project_root/data/visualizations/video/pushups_video5/frame_00035.png,"[18, 206, 547, 349]",RIGHT_ANKLE,-1.6037013701752352,0.8442753366235036,0.9963478446006775,0.6703978627920151,0.25951477885246277,0.3435782897974305
00035,/Users/nikko/Downloads/moi-main/project_root/data/visualizations/video/pushups_video5/frame_00035.png,"[18, 206, 547, 349]",LEFT_EYE,0.7588602220476068,0.3440192928955191,0.9985755681991577,0.6703978627920151,0.25951477885246277,0.3435782897974305
00035,/Users/nikko/Downloads/moi-main/project_root/data/visualizations/video/pushups_video5/frame_00035.png,"[18, 206, 547, 349]",RIGHT_EYE,0.75797598435436,0.339652057327578,0.9992623925209045,0.6703978627920151,0.25951477885246277,0.3435782897974305
00036,/Users/nikko/Downloads/moi-main/project_root/data/visualizations/video/pushups_video5/frame_00036.png,"[18, 210, 549, 349]",LEFT_SHOULDER,0.3821274466573594,-0.3394174925880489,0.9999438524246216,0.6807068735361099,0.25631317496299744,0.30853112466651955
00036,/Users/nikko/Downloads/moi-main/project_root/data/visualizations/video/pushups_video5/frame_00036.png,"[18, 210, 549, 349]",RIGHT_SHOULDER,0.4086951064604379,-0.2532690708652928,0.9996418952941895,0.6807068735361099,0.25631317496299744,0.30853112466651955
00036,/Users/nikko/Downloads/moi-main/project_root/data/visualizations/video/pushups_video5/frame_00036.png,"[18, 210, 549, 349]",LEFT_HIP,-0.4005264233167702,0.16315255871078596,0.99906986951828,0.6807068735361099,0.25631317496299744,0.30853112466651955
00036,/Users/nikko/Downloads/moi-main/project_root/data/visualizations/video/pushups_video5/frame_00036.png,"[18, 210, 549, 349]",RIGHT_HIP,-0.3902961298010271,0.4295340047425557,0.9994750618934631,0.6807068735361099,0.25631317496299744,0.30853112466651955
00036,/Users/nikko/Downloads/moi-main/project_root/data/visualizations/video/pushups_video5/frame_00036.png,"[18, 210, 549, 349]",LEFT_ELBOW,-0.02081648842378861,0.29464201608087703,0.537321150302887,0.6807068735361099,0.25631317496299744,0.30853112466651955
00036,/Users/nikko/Downloads/moi-main/project_root/data/visualizations/video/pushups_video5/frame_00036.png,"[18, 210, 549, 349]",RIGHT_ELBOW,0.03628054639580121,0.578054471471803,0.9986045956611633,0.6807068735361099,0.25631317496299744,0.30853112466651955
00036,/Users/nikko/Downloads/moi-main/project_root/data/visualizations/video/pushups_video5/frame_00036.png,"[18, 210, 549, 349]",LEFT_WRIST,-0.01447333938600355,1.63857107269699,0.5374716520309448,0.6807068735361099,0.25631317496299744,0.30853112466651955
00036,/Users/nikko/Downloads/moi-main/project_root/data/visualizations/video/pushups_video5/frame_00036.png,"[18, 210, 549, 349]",RIGHT_WRIST,0.12025743352760818,2.161204515607268,0.997914731502533,0.6807068735361099,0.25631317496299744,0.30853112466651955
00036,/Users/nikko/Downloads/moi-main/project_root/data/visualizations/video/pushups_video5/frame_00036.png,"[18, 210, 549, 349]",RIGHT_KNEE,-1.1201636750747914,1.0879204771642845,0.9952557682991028,0.6807068735361099,0.25631317496299744,0.30853112466651955
00036,/Users/nikko/Downloads/moi-main/project_root/data/visualizations/video/pushups_video5/frame_00036.png,"[18, 210, 549, 349]",LEFT_ANKLE,-1.486157520945443,0.7758584668126479,0.6856533288955688,0.6807068735361099,0.25631317496299744,0.30853112466651955
00036,/Users/nikko/Downloads/moi-main/project_root/data/visualizations/video/pushups_video5/frame_00036.png,"[18, 210, 549, 349]",RIGHT_ANKLE,-1.531224711987763,0.9479477292859636,0.9905164837837219,0.6807068735361099,0.25631317496299744,0.30853112466651955
00036,/Users/nikko/Downloads/moi-main/project_root/data/visualizations/video/pushups_video5/frame_00036.png,"[18, 210, 549, 349]",LEFT_EYE,0.8148706976634129,0.3456717749462524,0.9985895752906799,0.6807068735361099,0.25631317496299744,0.30853112466651955
00036,/Users/nikko/Downloads/moi-main/project_root/data/visualizations/video/pushups_video5/frame_00036.png,"[18, 210, 549, 349]",RIGHT_EYE,0.8103272920755884,0.3640370402239523,0.998875081539154,0.6807068735361099,0.25631317496299744,0.30853112466651955
00037,/Users/nikko/Downloads/moi-main/project_root/data/visualizations/video/pushups_video5/frame_00037.png,"[16, 213, 550, 351]",LEFT_SHOULDER,0.373257811635222,-0.35352633627288266,0.9997844099998474,0.6775016784667969,0.24375034123659134,0.32391592046069995
00037,/Users/nikko/Downloads/moi-main/project_root/data/visualizations/video/pushups_video5/frame_00037.png,"[16, 213, 550, 351]",RIGHT_SHOULDER,0.40481893477716474,-0.2550235071319505,0.9996590614318848,0.6775016784667969,0.24375034123659134,0.32391592046069995
00037,/Users/nikko/Downloads/moi-main/project_root/data/visualizations/video/pushups_video5/frame_00037.png,"[16, 213, 550, 351]",LEFT_HIP,-0.3980158010538925,0.17593838868943476,0.9958788156509399,0.6775016784667969,0.24375034123659134,0.32391592046069995
00037,/Users/nikko/Downloads/moi-main/project_root/data/visualizations/video/pushups_video5/frame_00037.png,"[16, 213, 550, 351]",RIGHT_HIP,-0.3800609453584942,0.4326114547153984,0.9982459545135498,0.6775016784667969,0.24375034123659134,0.32391592046069995
00037,/Users/nikko/Downloads/moi-main/project_root/data/visualizations/video/pushups_video5/frame_00037.png,"[16, 213, 550, 351]",RIGHT_ELBOW,0.0508349819080834,0.4159828705925972,0.998676598072052,0.6775016784667969,0.24375034123659134,0.32391592046069995
00037,/Users/nikko/Downloads/moi-main/project_root/data/visualizations/video/pushups_video5/frame_00037.png,"[16, 213, 550, 351]",RIGHT_WRIST,0.07788356148085561,1.964961616035984,0.9990952014923096,0.6775016784667969,0.24375034123659134,0.32391592046069995
00037,/Users/nikko/Downloads/moi-main/project_root/data/visualizations/video/pushups_video5/frame_00037.png,"[16, 213, 550, 351]",RIGHT_KNEE,-1.0797112928097394,1.0370591488867924,0.9883390665054321,0.6775016784667969,0.24375034123659134,0.32391592046069995
00037,/Users/nikko/Downloads/moi-main/project_root/data/visualizations/video/pushups_video5/frame_00037.png,"[16, 213, 550, 351]",LEFT_ANKLE,-1.532327803776906,0.7912750346899553,0.7782594561576843,0.6775016784667969,0.24375034123659134,0.32391592046069995
00037,/Users/nikko/Downloads/moi-main/project_root/data/visualizations/video/pushups_video5/frame_00037.png,"[16, 213, 550, 351]",RIGHT_ANKLE,-1.53382833538131,0.8590437857923837,0.983143150806427,0.6775016784667969,0.24375034123659134,0.32391592046069995
00037,/Users/nikko/Downloads/moi-main/project_root/data/visualizations/video/pushups_video5/frame_00037.png,"[16, 213, 550, 351]",LEFT_EYE,0.7759066845801791,0.4013688575661251,0.9935362339019775,0.6775016784667969,0.24375034123659134,0.32391592046069995
00037,/Users/nikko/Downloads/moi-main/project_root/data/visualizations/video/pushups_video5/frame_00037.png,"[16, 213, 550, 351]",RIGHT_EYE,0.7744325587989686,0.39890124718963865,0.996813952922821,0.6775016784667969,0.24375034123659134,0.32391592046069995
00038,/Users/nikko/Downloads/moi-main/project_root/data/visualizations/video/pushups_video5/frame_00038.png,"[20, 214, 537, 350]",LEFT_SHOULDER,0.3842714285789875,-0.3648045890113333,0.999829888343811,0.6915892958641052,0.2577090486884117,0.3292141202069624
00038,/Users/nikko/Downloads/moi-main/project_root/data/visualizations/video/pushups_video5/frame_00038.png,"[20, 214, 537, 350]",RIGHT_SHOULDER,0.41696983669587667,-0.196943508956487,0.999778687953949,0.6915892958641052,0.2577090486884117,0.3292141202069624
00038,/Users/nikko/Downloads/moi-main/project_root/data/visualizations/video/pushups_video5/frame_00038.png,"[20, 214, 537, 350]",LEFT_HIP,-0.40376884318510037,0.12864973611802144,0.9964426159858704,0.6915892958641052,0.2577090486884117,0.3292141202069624
00038,/Users/nikko/Downloads/moi-main/project_root/data/visualizations/video/pushups_video5/frame_00038.png,"[20, 214, 537, 350]",RIGHT_HIP,-0.39747242208976385,0.43309836184979883,0.9986481070518494,0.6915892958641052,0.2577090486884117,0.3292141202069624
00038,/Users/nikko/Downloads/moi-main/project_root/data/visualizations/video/pushups_video5/frame_00038.png,"[20, 214, 537, 350]",LEFT_ELBOW,-0.012586143292535483,0.060207637001200826,0.6162545084953308,0.6915892958641052,0.2577090486884117,0.3292141202069624
00038,/Users/nikko/Downloads/moi-main/project_root/data/visualizations/video/pushups_video5/frame_00038.png,"[20, 214, 537, 350]",RIGHT_ELBOW,0.031348308565233664,0.39624138639993717,0.9993897676467896,0.6915892958641052,0.2577090486884117,0.3292141202069624
00038,/Users/nikko/Downloads/moi-main/project_root/data/visualizations/video/pushups_video5/frame_00038.png,"[20, 214, 537, 350]",RIGHT_WRIST,0.07999697419878483,1.9138736815759205,0.999771773815155,0.6915892958641052,0.2577090486884117,0.3292141202069624
00038,/Users/nikko/Downloads/moi-main/project_root/data/visualizations/video/pushups_video5/frame_00038.png,"[20, 214, 537, 350]",LEFT_KNEE,-1.0620934619278641,0.6949820982903214,0.6750507950782776,0.6915892958641052,0.2577090486884117,0.3292141202069624
00038,/Users/nikko/Downloads/moi-main/project_root/data/visualizations/video/pushups_video5/frame_00038.png,"[20, 214, 537, 350]",RIGHT_KNEE,-1.1103454441608953,0.9952300622616408,0.9966044425964355,0.6915892958641052,0.2577090486884117,0.3292141202069624
00038,/Users/nikko/Downloads/moi-main/project_root/data/visualizations/video/pushups_video5/frame_00038.png,"[20, 214, 537, 350]",LEFT_ANKLE,-1.6005816729403908,0.7735117422200447,0.9130853414535522,0.6915892958641052,0.2577090486884117,0.3292141202069624
00038,/Users/nikko/Downloads/moi-main/project_root/data/visualizations/video/pushups_video5/frame_00038.png,"[20, 214, 537, 350]",RIGHT_ANKLE,-1.6323022229805075,0.9391715100315219,0.9968442916870117,0.6915892958641052,0.2577090486884117,0.3292141202069624
00038,/Users/nikko/Downloads/moi-main/project_root/data/visualizations/video/pushups_video5/frame_00038.png,"[20, 214, 537, 350]",LEFT_EYE,0.8209899790867834,0.38608612840045553,0.9955132603645325,0.6915892958641052,0.2577090486884117,0.3292141202069624
00038,/Users/nikko/Downloads/moi-main/project_root/data/visualizations/video/pushups_video5/frame_00038.png,"[20, 214, 537, 350]",RIGHT_EYE,0.8173222418308578,0.3898957193507251,0.9976791739463806,0.6915892958641052,0.2577090486884117,0.3292141202069624
00039,/Users/nikko/Downloads/moi-main/project_root/data/visualizations/video/pushups_video5/frame_00039.png,"[21, 218, 527, 351]",LEFT_SHOULDER,0.38585924957364826,-0.33820496420735646,0.9998645782470703,0.7010137438774109,0.2591378428041935,0.3413212107888247
00039,/Users/nikko/Downloads/moi-main/project_root/data/visualizations/video/pushups_video5/frame_00039.png,"[21, 218, 527, 351]",RIGHT_SHOULDER,0.423119878722165,-0.21838354201192528,0.99986732006073,0.7010137438774109,0.2591378428041935,0.3413212107888247
00039,/Users/nikko/Downloads/moi-main/project_root/data/visualizations/video/pushups_video5/frame_00039.png,"[21, 218, 527, 351]",LEFT_HIP,-0.41271215394069405,0.12821649105112404,0.9951786994934082,0.7010137438774109,0.2591378428041935,0.3413212107888247
00039,/Users/nikko/Downloads/moi-main/project_root/data/visualizations/video/pushups_video5/frame_00039.png,"[21, 218, 527, 351]",RIGHT_HIP,-0.39626697435511915,0.4283720151681577,0.9983774423599243,0.7010137438774109,0.2591378428041935,0.3413212107888247
00039,/Users/nikko/Downloads/moi-main/project_root/data/visualizations/video/pushups_video5/frame_00039.png,"[21, 218, 527, 351]",RIGHT_ELBOW,0.040416003887629746,0.24730390312578615,0.998358428478241,0.7010137438774109,0.2591378428041935,0.3413212107888247
00039,/Users/nikko/Downloads/moi-main/project_root/data/visualizations/video/pushups_video5/frame_00039.png,"[21, 218, 527, 351]",RIGHT_WRIST,0.08454078240082165,1.7736287256636802,0.9997887015342712,0.7010137438774109,0.2591378428041935,0.3413212107888247
00039,/Users/nikko/Downloads/moi-main/project_root/data/visualizations/video/pushups_video5/frame_00039.png,"[21, 218, 527, 351]",RIGHT_KNEE,-1.084385156576025,0.9544048016157608,0.9886865615844727,0.7010137438774109,0.2591378428041935,0.3413212107888247
00039,/Users/nikko/Downloads/moi-main/project_root/data/visualizations/video/pushups_video5/frame_00039.png,"[21, 218, 527, 351]",LEFT_ANKLE,-1.5891315185494357,0.6123377492729623,0.8013452887535095,0.7010137438774109,0.2591378428041935,0.3413212107888247
00039,/Users/nikko/Downloads/moi-main/project_root/data/visualizations/video/pushups_video5/frame_00039.png,"[21, 218, 527, 351]",RIGHT_ANKLE,-1.6473937519718298,0.7410529921900351,0.9933286905288696,0.7010137438774109,0.2591378428041935,0.3413212107888247
00039,/Users/nikko/Downloads/moi-main/project_root/data/visualizations/video/pushups_video5/frame_00039.png,"[21, 218, 527, 351]",LEFT_EYE,0.8127488485068506,0.39788507746661955,0.9947987794876099,0.7010137438774109,0.2591378428041935,0.3413212107888247
00039,/Users/nikko/Downloads/moi-main/project_root/data/visualizations/video/pushups_video5/frame_00039.png,"[21, 218, 527, 351]",RIGHT_EYE,0.810651901256462,0.36275344002389154,0.9976876974105835,0.7010137438774109,0.2591378428041935,0.3413212107888247
00040,/Users/nikko/Downloads/moi-main/project_root/data/visualizations/video/pushups_video5/frame_00040.png,"[21, 219, 534, 351]",LEFT_SHOULDER,0.4043352508938709,-0.23866764296714227,0.999887228012085,0.7051954120397568,0.2546156719326973,0.2966084918172598
00040,/Users/nikko/Downloads/moi-main/project_root/data/visualizations/video/pushups_video5/frame_00040.png,"[21, 219, 534, 351]",RIGHT_SHOULDER,0.43879684189521434,-0.296007940402088,0.9997379183769226,0.7051954120397568,0.2546156719326973,0.2966084918172598
00040,/Users/nikko/Downloads/moi-main/project_root/data/visualizations/video/pushups_video5/frame_00040.png,"[21, 219, 534, 351]",LEFT_HIP,-0.4230622489474641,0.18304148263197761,0.9995195865631104,0.7051954120397568,0.2546156719326973,0.2966084918172598
00040,/Users/nikko/Downloads/moi-main/project_root/data/visualizations/video/pushups_video5/frame_00040.png,"[21, 219, 534, 351]",RIGHT_HIP,-0.42006984384162116,0.35163410073725265,0.9997766613960266,0.7051954120397568,0.2546156719326973,0.2966084918172598
00040,/Users/nikko/Downloads/moi-main/project_root/data/visualizations/video/pushups_video5/frame_00040.png,"[21, 219, 534, 351]",RIGHT_ELBOW,0.03796547412045931,0.343708879290457,0.9984310269355774,0.7051954120397568,0.2546156719326973,0.2966084918172598
00040,/Users/nikko/Downloads/moi-main/project_root/data/visualizations/video/pushups_video5/frame_00040.png,"[21, 219, 534, 351]",RIGHT_WRIST,0.06193767141320096,2.0598654656816624,0.9979248046875,0.7051954120397568,0.2546156719326973,0.2966084918172598
00040,/Users/nikko/Downloads/moi-main/project_root/data/visualizations/video/pushups_video5/frame_00040.png,"[21, 219, 534, 351]",RIGHT_KNEE,-1.144569783504063,1.0333638078359184,0.9845219850540161,0.7051954120397568,0.2546156719326973,0.2966084918172598
00040,/Users/nikko/Downloads/moi-main/project_root/data/visualizations/video/pushups_video5/frame_00040.png,"[21, 219, 534, 351]",RIGHT_ANKLE,-1.4122479660421237,0.22724672727424558,0.9354432821273804,0.7051954120397568,0.2546156719326973,0.2966084918172598
00040,/Users/nikko/Downloads/moi-main/project_root/data/visualizations/video/pushups_video5/frame_00040.png,"[21, 219, 534, 351]",LEFT_EYE,0.8784874766726739,0.4801844360008536,0.9934282898902893,0.7051954120397568,0.2546156719326973,0.2966084918172598
00040,/Users/nikko/Downloads/moi-main/project_root/data/visualizations/video/pushups_video5/frame_00040.png,"[21, 219, 534, 351]",RIGHT_EYE,0.8753586238422411,0.45202064097120875,0.9964140057563782,0.7051954120397568,0.2546156719326973,0.2966084918172598
00041,/Users/nikko/Downloads/moi-main/project_root/data/visualizations/video/pushups_video5/frame_00041.png,"[30, 221, 539, 350]",LEFT_SHOULDER,0.38433048155051724,-0.30221312644217146,0.9998615980148315,0.6925421059131622,0.2691436968743801,0.31478705260083684
00041,/Users/nikko/Downloads/moi-main/project_root/data/visualizations/video/pushups_video5/frame_00041.png,"[30, 221, 539, 350]",RIGHT_SHOULDER,0.43725279731446076,-0.250732372705913,0.9997671246528625,0.6925421059131622,0.2691436968743801,0.31478705260083684
00041,/Users/nikko/Downloads/moi-main/project_root/data/visualizations/video/pushups_video5/frame_00041.png,"[30, 221, 539, 350]",LEFT_HIP,-0.41562250299434855,0.15628099480585544,0.9966257810592651,0.6925421059131622,0.2691436968743801,0.31478705260083684
00041,/Users/nikko/Downloads/moi-main/project_root/data/visualizations/video/pushups_video5/frame_00041.png,"[30, 221, 539, 350]",RIGHT_HIP,-0.4059607758706295,0.39666450434222894,0.9988864064216614,0.6925421059131622,0.2691436968743801,0.31478705260083684
00041,/Users/nikko/Downloads/moi-main/project_root/data/visualizations/video/pushups_video5/frame_00041.png,"[30, 221, 539, 350]",RIGHT_ELBOW,0.037138080199784394,0.21757945198610432,0.9990355968475342,0.6925421059131622,0.2691436968743801,0.31478705260083684
00041,/Users/nikko/Downloads/moi-main/project_root/data/visualizations/video/pushups_video5/frame_00041.png,"[30, 221, 539, 350]",RIGHT_WRIST,0.08342105915766658,1.9529310919192593,0.9991077780723572,0.6925421059131622,0.2691436968743801,0.31478705260083684
00041,/Users/nikko/Downloads/moi-main/project_root/data/visualizations/video/pushups_video5/frame_00041.png,"[30, 221, 539, 350]",RIGHT_KNEE,-1.1557819769975286,1.0085812419011122,0.9940406680107117,0.6925421059131622,0.2691436968743801,0.31478705260083684
00041,/Users/nikko/Downloads/moi-main/project_root/data/visualizations/video/pushups_video5/frame_00041.png,"[30, 221, 539, 350]",LEFT_ANKLE,-1.549848883891306,0.6152894355439423,0.6652688980102539,0.6925421059131622,0.2691436968743801,0.31478705260083684
00041,/Users/nikko/Downloads/moi-main/project_root/data/visualizations/video/pushups_video5/frame_00041.png,"[30, 221, 539, 350]",RIGHT_ANKLE,-1.594939342223915,0.5318260568626574,0.993033766746521,0.6925421059131622,0.2691436968743801,0.31478705260083684
00041,/Users/nikko/Downloads/moi-main/project_root/data/visualizations/video/pushups_video5/frame_00041.png,"[30, 221, 539, 350]",LEFT_EYE,0.8554645545625877,0.45623363620164287,0.998298704624176,0.6925421059131622,0.2691436968743801,0.31478705260083684
00041,/Users/nikko/Downloads/moi-main/project_root/data/visualizations/video/pushups_video5/frame_00041.png,"[30, 221, 539, 350]",RIGHT_EYE,0.851286187995757,0.44168518753186997,0.9992056488990784,0.6925421059131622,0.2691436968743801,0.31478705260083684
00042,/Users/nikko/Downloads/moi-main/project_root/data/visualizations/video/pushups_video5/frame_00042.png,"[33, 223, 555, 350]",LEFT_SHOULDER,0.3925147391611964,-0.28591178667657097,0.9998644590377808,0.67439866065979,0.27496323361992836,0.3003590769949042
00042,/Users/nikko/Downloads/moi-main/project_root/data/visualizations/video/pushups_video5/frame_00042.png,"[33, 223, 555, 350]",RIGHT_SHOULDER,0.44046451731300645,-0.2504431336816697,0.9997586607933044,0.67439866065979,0.27496323361992836,0.3003590769949042
00042,/Users/nikko/Downloads/moi-main/project_root/data/visualizations/video/pushups_video5/frame_00042.png,"[33, 223, 555, 350]",LEFT_HIP,-0.42008643708790333,0.14226980204999504,0.9979826211929321,0.67439866065979,0.27496323361992836,0.3003590769949042
00042,/Users/nikko/Downloads/moi-main/project_root/data/visualizations/video/pushups_video5/frame_00042.png,"[33, 223, 555, 350]",RIGHT_HIP,-0.41289281938629957,0.39408511830824566,0.9994021654129028,0.67439866065979,0.27496323361992836,0.3003590769949042
00042,/Users/nikko/Downloads/moi-main/project_root/data/visualizations/video/pushups_video5/frame_00042.png,"[33, 223, 555, 350]",RIGHT_ELBOW,0.025039941384994876,0.17645020214243046,0.9990552067756653,0.67439866065979,0.27496323361992836,0.3003590769949042
00042,/Users/nikko/Downloads/moi-main/project_root/data/visualizations/video/pushups_video5/frame_00042.png,"[33, 223, 555, 350]",RIGHT_WRIST,0.07518789066178877,1.9422101888581194,0.9984912872314453,0.67439866065979,0.27496323361992836,0.3003590769949042
00042,/Users/nikko/Downloads/moi-main/project_root/data/visualizations/video/pushups_video5/frame_00042.png,"[33, 223, 555, 350]",RIGHT_KNEE,-1.175337116350424,1.03424247857151,0.9973847270011902,0.67439866065979,0.27496323361992836,0.3003590769949042
00042,/Users/nikko/Downloads/moi-main/project_root/data/visualizations/video/pushups_video5/frame_00042.png,"[33, 223, 555, 350]",LEFT_ANKLE,-1.5777356877889979,0.45798299807104154,0.7355332970619202,0.67439866065979,0.27496323361992836,0.3003590769949042
00042,/Users/nikko/Downloads/moi-main/project_root/data/visualizations/video/pushups_video5/frame_00042.png,"[33, 223, 555, 350]",RIGHT_ANKLE,-1.584410472015268,0.42578803646424873,0.9937558174133301,0.67439866065979,0.27496323361992836,0.3003590769949042
00042,/Users/nikko/Downloads/moi-main/project_root/data/visualizations/video/pushups_video5/frame_00042.png,"[33, 223, 555, 350]",LEFT_EYE,0.8648129496389054,0.4087937347836669,0.9985128045082092,0.67439866065979,0.27496323361992836,0.3003590769949042
00042,/Users/nikko/Downloads/moi-main/project_root/data/visualizations/video/pushups_video5/frame_00042.png,"[33, 223, 555, 350]",RIGHT_EYE,0.8621430756373226,0.3843562712839705,0.9993950128555298,0.67439866065979,0.27496323361992836,0.3003590769949042
00043,/Users/nikko/Downloads/moi-main/project_root/data/visualizations/video/pushups_video5/frame_00043.png,"[42, 225, 556, 350]",LEFT_SHOULDER,0.40510770137310603,-0.24585384251211193,0.9998859167098999,0.6716843992471695,0.2711375020444393,0.2826259555504956
00043,/Users/nikko/Downloads/moi-main/project_root/data/visualizations/video/pushups_video5/frame_00043.png,"[42, 225, 556, 350]",RIGHT_SHOULDER,0.4592037555836144,-0.25257788803310244,0.9997877478599548,0.6716843992471695,0.2711375020444393,0.2826259555504956
00043,/Users/nikko/Downloads/moi-main/project_root/data/visualizations/video/pushups_video5/frame_00043.png,"[42, 225, 556, 350]",LEFT_HIP,-0.43470978282608064,0.18521772305901546,0.9989245533943176,0.6716843992471695,0.2711375020444393,0.2826259555504956
00043,/Users/nikko/Downloads/moi-main/project_root/data/visualizations/video/pushups_video5/frame_00043.png,"[42, 225, 556, 350]",RIGHT_HIP,-0.4296016741306399,0.31321400748619893,0.9996169805526733,0.6716843992471695,0.2711375020444393,0.2826259555504956
00043,/Users/nikko/Downloads/moi-main/project_root/data/visualizations/video/pushups_video5/frame_00043.png,"[42, 225, 556, 350]",RIGHT_ELBOW,0.02017023850020538,0.12836757977482055,0.9993871450424194,0.6716843992471695,0.2711375020444393,0.2826259555504956
00043,/Users/nikko/Downloads/moi-main/project_root/data/visualizations/video/pushups_video5/frame_00043.png,"[42, 225, 556, 350]",RIGHT_WRIST,0.05722464161274983,2.0332237234627053,0.9993131160736084,0.6716843992471695,0.2711375020444393,0.2826259555504956
00043,/Users/nikko/Downloads/moi-main/project_root/data/visualizations/video/pushups_video5/frame_00043.png,"[42, 225, 556, 350]",RIGHT_KNEE,-1.1910128216583753,1.1717919440660316,0.9976410865783691,0.6716843992471695,0.2711375020444393,0.2826259555504956
00043,/Users/nikko/Downloads/moi-main/project_root/data/visualizations/video/pushups_video5/frame_00043.png,"[42, 225, 556, 350]",LEFT_ANKLE,-1.6301399765049145,0.7726307151673825,0.8394818305969238,0.6716843992471695,0.2711375020444393,0.2826259555504956
00043,/Users/nikko/Downloads/moi-main/project_root/data/visualizations/video/pushups_video5/frame_00043.png,"[42, 225, 556, 350]",RIGHT_ANKLE,-1.6048980615695854,0.5899560930522078,0.994820237159729,0.6716843992471695,0.2711375020444393,0.2826259555504956
00043,/Users/nikko/Downloads/moi-main/project_root/data/visualizations/video/pushups_video5/frame_00043.png,"[42, 225, 556, 350]",LEFT_EYE,0.9170443330333717,0.4628459930409543,0.9975308775901794,0.6716843992471695,0.2711375020444393,0.2826259555504956
00043,/Users/nikko/Downloads/moi-main/project_root/data/visualizations/video/pushups_video5/frame_00043.png,"[42, 225, 556, 350]",RIGHT_EYE,0.9106423782190041,0.4375545175778423,0.9989173412322998,0.6716843992471695,0.2711375020444393,0.2826259555504956
00044,/Users/nikko/Downloads/moi-main/project_root/data/visualizations/video/pushups_video5/frame_00044.png,"[46, 227, 558, 350]",LEFT_SHOULDER,0.41600432380432956,-0.19643524983282618,0.9998250603675842,0.676467701792717,0.2719898074865341,0.27116081170384077
00044,/Users/nikko/Downloads/moi-main/project_root/data/visualizations/video/pushups_video5/frame_00044.png,"[46, 227, 558, 350]",RIGHT_SHOULDER,0.458280719323925,-0.2869493667588641,0.9997453093528748,0.676467701792717,0.2719898074865341,0.27116081170384077
00044,/Users/nikko/Downloads/moi-main/project_root/data/visualizations/video/pushups_video5/frame_00044.png,"[46, 227, 558, 350]",LEFT_HIP,-0.4146607174443239,0.14505733626974546,0.9983007311820984,0.676467701792717,0.2719898074865341,0.27116081170384077
00044,/Users/nikko/Downloads/moi-main/project_root/data/visualizations/video/pushups_video5/frame_00044.png,"[46, 227, 558, 350]",RIGHT_HIP,-0.45962432568393063,0.3383272803219448,0.999442994594574,0.676467701792717,0.2719898074865341,0.27116081170384077
00044,/Users/nikko/Downloads/moi-main/project_root/data/visualizations/video/pushups_video5/frame_00044.png,"[46, 227, 558, 350]",RIGHT_ELBOW,-0.009094484030639477,0.13368872291411155,0.9976632595062256,0.676467701792717,0.2719898074865341,0.27116081170384077
00044,/Users/nikko/Downloads/moi-main/project_root/data/visualizations/video/pushups_video5/frame_00044.png,"[46, 227, 558, 350]",RIGHT_WRIST,-0.03826959099905993,2.0728482447963024,0.9924288392066956,0.676467701792717,0.2719898074865341,0.27116081170384077
00044,/Users/nikko/Downloads/moi-main/project_root/data/visualizations/video/pushups_video5/frame_00044.png,"[46, 227, 558, 350]",RIGHT_KNEE,-1.2737522928255698,1.2251679264735684,0.9910220503807068,0.676467701792717,0.2719898074865341,0.27116081170384077
00044,/Users/nikko/Downloads/moi-main/project_root/data/visualizations/video/pushups_video5/frame_00044.png,"[46, 227, 558, 350]",LEFT_ANKLE,-1.6944335207804515,0.44197763605048546,0.5482603907585144,0.676467701792717,0.2719898074865341,0.27116081170384077
00044,/Users/nikko/Downloads/moi-main/project_root/data/visualizations/video/pushups_video5/frame_00044.png,"[46, 227, 558, 350]",RIGHT_ANKLE,-1.6994885580746928,0.34032724800562764,0.9769032001495361,0.676467701792717,0.2719898074865341,0.27116081170384077
00044,/Users/nikko/Downloads/moi-main/project_root/data/visualizations/video/pushups_video5/frame_00044.png,"[46, 227, 558, 350]",LEFT_EYE,0.9321498552255073,0.5252227601390548,0.9948413968086243,0.676467701792717,0.2719898074865341,0.27116081170384077
00044,/Users/nikko/Downloads/moi-main/project_root/data/visualizations/video/pushups_video5/frame_00044.png,"[46, 227, 558, 350]",RIGHT_EYE,0.9274071720642015,0.49797958876132387,0.9981715679168701,0.676467701792717,0.2719898074865341,0.27116081170384077
00045,/Users/nikko/Downloads/moi-main/project_root/data/visualizations/video/pushups_video5/frame_00045.png,"[53, 225, 565, 349]",LEFT_SHOULDER,0.4658345098057579,-0.01815205265125156,0.9999516010284424,0.6747664660215378,0.294134434312582,0.2294829220782485
00045,/Users/nikko/Downloads/moi-main/project_root/data/visualizations/video/pushups_video5/frame_00045.png,"[53, 225, 565, 349]",RIGHT_SHOULDER,0.47334889023276344,-0.30663032760702286,0.9999207258224487,0.6747664660215378,0.294134434312582,0.2294829220782485
00045,/Users/nikko/Downloads/moi-main/project_root/data/visualizations/video/pushups_video5/frame_00045.png,"[53, 225, 565, 349]",LEFT_HIP,-0.4408045400224993,0.12755513700149804,0.9998100399971008,0.6747664660215378,0.294134434312582,0.2294829220782485
00045,/Users/nikko/Downloads/moi-main/project_root/data/visualizations/video/pushups_video5/frame_00045.png,"[53, 225, 565, 349]",RIGHT_HIP,-0.4983788600160221,0.1972272432567764,0.9999330043792725,0.6747664660215378,0.294134434312582,0.2294829220782485
00045,/Users/nikko/Downloads/moi-main/project_root/data/visualizations/video/pushups_video5/frame_00045.png,"[53, 225, 565, 349]",RIGHT_ELBOW,-0.07019683499115538,0.110364345706977,0.9994288086891174,0.6747664660215378,0.294134434312582,0.2294829220782485
00045,/Users/nikko/Downloads/moi-main/project_root/data/visualizations/video/pushups_video5/frame_00045.png,"[53, 225, 565, 349]",RIGHT_WRIST,-0.002872858985448185,2.4100655289860122,0.999381422996521,0.6747664660215378,0.294134434312582,0.2294829220782485
00045,/Users/nikko/Downloads/moi-main/project_root/data/visualizations/video/pushups_video5/frame_00045.png,"[53, 225, 565, 349]",LEFT_KNEE,-1.1870600991358955,1.1629672029288805,0.7594470977783203,0.6747664660215378,0.294134434312582,0.2294829220782485
00045,/Users/nikko/Downloads/moi-main/project_root/data/visualizations/video/pushups_video5/frame_00045.png,"[53, 225, 565, 349]",RIGHT_KNEE,-1.1746860851742982,1.0956377724975064,0.999125063419342,0.6747664660215378,0.294134434312582,0.2294829220782485
00045,/Users/nikko/Downloads/moi-main/project_root/data/visualizations/video/pushups_video5/frame_00045.png,"[53, 225, 565, 349]",LEFT_ANKLE,-1.7991419815363359,0.7395066326550458,0.9672179818153381,0.6747664660215378,0.294134434312582,0.2294829220782485
00045,/Users/nikko/Downloads/moi-main/project_root/data/visualizations/video/pushups_video5/frame_00045.png,"[53, 225, 565, 349]",RIGHT_ANKLE,-1.8065912984571728,0.4978258364469984,0.9992951154708862,0.6747664660215378,0.294134434312582,0.2294829220782485
00045,/Users/nikko/Downloads/moi-main/project_root/data/visualizations/video/pushups_video5/frame_00045.png,"[53, 225, 565, 349]",LEFT_EYE,1.0429444329723607,0.7024092655530325,0.998970627784729,0.6747664660215378,0.294134434312582,0.2294829220782485
00045,/Users/nikko/Downloads/moi-main/project_root/data/visualizations/video/pushups_video5/frame_00045.png,"[53, 225, 565, 349]",RIGHT_EYE,1.0340690434742028,0.6503883300920114,0.9995841383934021,0.6747664660215378,0.294134434312582,0.2294829220782485
00046,/Users/nikko/Downloads/moi-main/project_root/data/visualizations/video/pushups_video5/frame_00046.png,"[53, 227, 568, 349]",LEFT_SHOULDER,0.4513871570120145,-0.1017996943580337,0.9996531009674072,0.6570843905210495,0.31008491665124893,0.268544688234845
00046,/Users/nikko/Downloads/moi-main/project_root/data/visualizations/video/pushups_video5/frame_00046.png,"[53, 227, 568, 349]",RIGHT_SHOULDER,0.4600684550351617,-0.30766418206039015,0.9996007084846497,0.6570843905210495,0.31008491665124893,0.268544688234845
00046,/Users/nikko/Downloads/moi-main/project_root/data/visualizations/video/pushups_video5/frame_00046.png,"[53, 227, 568, 349]",LEFT_HIP,-0.44873646794082495,0.14429023462034465,0.996067225933075,0.6570843905210495,0.31008491665124893,0.268544688234845
00046,/Users/nikko/Downloads/moi-main/project_root/data/visualizations/video/pushups_video5/frame_00046.png,"[53, 227, 568, 349]",RIGHT_HIP,-0.46271914410635123,0.2651736417980792,0.9986631870269775,0.6570843905210495,0.31008491665124893,0.268544688234845
00046,/Users/nikko/Downloads/moi-main/project_root/data/visualizations/video/pushups_video5/frame_00046.png,"[53, 227, 568, 349]",RIGHT_ELBOW,-0.005763875387687087,0.015336014685555127,0.9951918125152588,0.6570843905210495,0.31008491665124893,0.268544688234845
00046,/Users/nikko/Downloads/moi-main/project_root/data/visualizations/video/pushups_video5/frame_00046.png,"[53, 227, 568, 349]",RIGHT_WRIST,-0.027028871706089957,1.9972681632568852,0.9816555380821228,0.6570843905210495,0.31008491665124893,0.268544688234845
00046,/Users/nikko/Downloads/moi-main/project_root/data/visualizations/video/pushups_video5/frame_00046.png,"[53, 227, 568, 349]",RIGHT_KNEE,-1.2719049903601456,1.0378023962524339,0.9672068357467651,0.6570843905210495,0.31008491665124893,0.268544688234845
00046,/Users/nikko/Downloads/moi-main/project_root/data/visualizations/video/pushups_video5/frame_00046.png,"[53, 227, 568, 349]",RIGHT_ANKLE,-1.613634133742483,-0.272962628099355,0.76004558801651,0.6570843905210495,0.31008491665124893,0.268544688234845
00046,/Users/nikko/Downloads/moi-main/project_root/data/visualizations/video/pushups_video5/frame_00046.png,"[53, 227, 568, 349]",LEFT_EYE,0.9555747418895459,0.5837256526804524,0.9963082671165466,0.6570843905210495,0.31008491665124893,0.268544688234845
00046,/Users/nikko/Downloads/moi-main/project_root/data/visualizations/video/pushups_video5/frame_00046.png,"[53, 227, 568, 349]",RIGHT_EYE,0.9488006970536487,0.5422227535062324,0.9988359808921814,0.6570843905210495,0.31008491665124893,0.268544688234845
00047,/Users/nikko/Downloads/moi-main/project_root/data/visualizations/video/pushups_video5/frame_00047.png,"[52, 228, 563, 349]",LEFT_SHOULDER,0.44275768100888313,-0.17853075787361808,0.9998621940612793,0.6646630764007568,0.3077482394874096,0.2745293174228911
00047,/Users/nikko/Downloads/moi-main/project_root/data/visualizations/video/pushups_video5/frame_00047.png,"[52, 228, 563, 349]",RIGHT_SHOULDER,0.4654649511722235,-0.23687665932043922,0.999843955039978,0.6646630764007568,0.3077482394874096,0.2745293174228911
00047,/Users/nikko/Downloads/moi-main/project_root/data/visualizations/video/pushups_video5/frame_00047.png,"[52, 228, 563, 349]",LEFT_HIP,-0.45305265958474517,0.12751530910799797,0.9994986057281494,0.6646630764007568,0.3077482394874096,0.2745293174228911
00047,/Users/nikko/Downloads/moi-main/project_root/data/visualizations/video/pushups_video5/frame_00047.png,"[52, 228, 563, 349]",RIGHT_HIP,-0.4551699725963614,0.2878921080860593,0.9998418092727661,0.6646630764007568,0.3077482394874096,0.2745293174228911
00047,/Users/nikko/Downloads/moi-main/project_root/data/visualizations/video/pushups_video5/frame_00047.png,"[52, 228, 563, 349]",RIGHT_ELBOW,-0.015791698583561817,-0.09476119655708011,0.997590184211731,0.6646630764007568,0.3077482394874096,0.2745293174228911
00047,/Users/nikko/Downloads/moi-main/project_root/data/visualizations/video/pushups_video5/frame_00047.png,"[52, 228, 563, 349]",RIGHT_WRIST,-0.05744145141829977,1.712028712294511,0.9850200414657593,0.6646630764007568,0.3077482394874096,0.2745293174228911
00047,/Users/nikko/Downloads/moi-main/project_root/data/visualizations/video/pushups_video5/frame_00047.png,"[52, 228, 563, 349]",RIGHT_KNEE,-1.2624396327768288,1.0154377251355349,0.9924081563949585,0.6646630764007568,0.3077482394874096,0.2745293174228911
00047,/Users/nikko/Downloads/moi-main/project_root/data/visualizations/video/pushups_video5/frame_00047.png,"[52, 228, 563, 349]",RIGHT_ANKLE,-1.6190898498328856,-0.06637472057940923,0.9365560412406921,0.6646630764007568,0.3077482394874096,0.2745293174228911
00047,/Users/nikko/Downloads/moi-main/project_root/data/visualizations/video/pushups_video5/frame_00047.png,"[52, 228, 563, 349]",LEFT_EYE,0.9478736172159123,0.6046405713902866,0.9977466464042664,0.6646630764007568,0.3077482394874096,0.2745293174228911
00047,/Users/nikko/Downloads/moi-main/project_root/data/visualizations/video/pushups_video5/frame_00047.png,"[52, 228, 563, 349]",RIGHT_EYE,0.9401104256610159,0.5718126666162532,0.9991575479507446,0.6646630764007568,0.3077482394874096,0.2745293174228911
00048,/Users/nikko/Downloads/moi-main/project_root/data/visualizations/video/pushups_video5/frame_00048.png,"[53, 228, 564, 348]",LEFT_SHOULDER,0.46934301222976244,-0.0002664566547110428,0.9999384880065918,0.6748259365558624,0.31694087758660316,0.24003719930978296
00048,/Users/nikko/Downloads/moi-main/project_root/data/visualizations/video/pushups_video5/frame_00048.png,"[53, 228, 564, 348]",RIGHT_SHOULDER,0.48324587589391677,-0.2875372420403654,0.9999419450759888,0.6748259365558624,0.31694087758660316,0.24003719930978296
00048,/Users/nikko/Downloads/moi-main/project_root/data/visualizations/video/pushups_video5/frame_00048.png,"[53, 228, 564, 348]",LEFT_HIP,-0.4396133464908756,0.09439985515417158,0.9998382329940796,0.6748259365558624,0.31694087758660316,0.24003719930978296
00048,/Users/nikko/Downloads/moi-main/project_root/data/visualizations/video/pushups_video5/frame_00048.png,"[53, 228, 564, 348]",RIGHT_HIP,-0.5129755416328037,0.19340384354090487,0.999946117401123,0.6748259365558624,0.31694087758660316,0.24003719930978296
00048,/Users/nikko/Downloads/moi-main/project_root/data/visualizations/video/pushups_video5/frame_00048.png,"[53, 228, 564, 348]",RIGHT_ELBOW,-0.04988669496551279,-0.1261559199498248,0.9992130994796753,0.6748259365558624,0.31694087758660316,0.24003719930978296
00048,/Users/nikko/Downloads/moi-main/project_root/data/visualizations/video/pushups_video5/frame_00048.png,"[53, 228, 564, 348]",RIGHT_WRIST,-0.09112572380846569,1.9303062885240665,0.9976847171783447,0.6748259365558624,0.31694087758660316,0.24003719930978296
00048,/Users/nikko/Downloads/moi-main/project_root/data/visualizations/video/pushups_video5/frame_00048.png,"[53, 228, 564, 348]",RIGHT_KNEE,-1.241092367269622,1.108518642700463,0.9976389408111572,0.6748259365558624,0.31694087758660316,0.24003719930978296
00048,/Users/nikko/Downloads/moi-main/project_root/data/visualizations/video/pushups_video5/frame_00048.png,"[53, 228, 564, 348]",LEFT_ANKLE,-1.7868316016766312,0.5533131744152829,0.8538337349891663,0.6748259365558624,0.31694087758660316,0.24003719930978296
00048,/Users/nikko/Downloads/moi-main/project_root/data/visualizations/video/pushups_video5/frame_00048.png,"[53, 228, 564, 348]",RIGHT_ANKLE,-1.825441107313748,0.25688052628036434,0.9953818917274475,0.6748259365558624,0.31694087758660316,0.24003719930978296
00048,/Users/nikko/Downloads/moi-main/project_root/data/visualizations/video/pushups_video5/frame_00048.png,"[53, 228, 564, 348]",LEFT_EYE,1.0118395115175487,0.7623680290979649,0.9987965822219849,0.6748259365558624,0.31694087758660316,0.24003719930978296
00048,/Users/nikko/Downloads/moi-main/project_root/data/visualizations/video/pushups_video5/frame_00048.png,"[53, 228, 564, 348]",RIGHT_EYE,1.0027293602001381,0.7259732377979607,0.9996069073677063,0.6748259365558624,0.31694087758660316,0.24003719930978296
00049,/Users/nikko/Downloads/moi-main/project_root/data/visualizations/video/pushups_video5/frame_00049.png,"[50, 228, 565, 349]",LEFT_SHOULDER,0.451721743425534,-0.028958431502887585,0.9998534917831421,0.6700428426265717,0.3339231014251709,0.25032013485540766
00049,/Users/nikko/Downloads/moi-main/project_root/data/visualizations/video/pushups_video5/frame_00049.png,"[50, 228, 565, 349]",RIGHT_SHOULDER,0.49371308827764415,-0.29080583813117994,0.999907374382019,0.6700428426265717,0.3339231014251709,0.25032013485540766
00049,/Users/nikko/Downloads/moi-main/project_root/data/visualizations/video/pushups_video5/frame_00049.png,"[50, 228, 565, 349]",LEFT_HIP,-0.44361706860426225,0.09216927562630929,0.9994657635688782,0.6700428426265717,0.3339231014251709,0.25032013485540766
00049,/Users/nikko/Downloads/moi-main/project_root/data/visualizations/video/pushups_video5/frame_00049.png,"[50, 228, 565, 349]",RIGHT_HIP,-0.5018177630989159,0.22759499400775826,0.9998695850372314,0.6700428426265717,0.3339231014251709,0.25032013485540766
00049,/Users/nikko/Downloads/moi-main/project_root/data/visualizations/video/pushups_video5/frame_00049.png,"[50, 228, 565, 349]",RIGHT_ELBOW,-0.020258591575532205,-0.116853685896291,0.9994422793388367,0.6700428426265717,0.3339231014251709,0.25032013485540766
00049,/Users/nikko/Downloads/moi-main/project_root/data/visualizations/video/pushups_video5/frame_00049.png,"[50, 228, 565, 349]",RIGHT_WRIST,0.03330722042665574,2.09621079238132,0.9992522597312927,0.6700428426265717,0.3339231014251709,0.25032013485540766
00049,/Users/nikko/Downloads/moi-main/project_root/data/visualizations/video/pushups_video5/frame_00049.png,"[50, 228, 565, 349]",RIGHT_KNEE,-1.3242470042525618,1.0294156164980772,0.9975758194923401,0.6700428426265717,0.3339231014251709,0.25032013485540766
00049,/Users/nikko/Downloads/moi-main/project_root/data/visualizations/video/pushups_video5/frame_00049.png,"[50, 228, 565, 349]",LEFT_ANKLE,-1.8538404882794832,0.41526785091370316,0.8517879843711853,0.6700428426265717,0.3339231014251709,0.25032013485540766
00049,/Users/nikko/Downloads/moi-main/project_root/data/visualizations/video/pushups_video5/frame_00049.png,"[50, 228, 565, 349]",RIGHT_ANKLE,-1.8785387091420447,0.23166280880662996,0.9958574175834656,0.6700428426265717,0.3339231014251709,0.25032013485540766
00049,/Users/nikko/Downloads/moi-main/project_root/data/visualizations/video/pushups_video5/frame_00049.png,"[50, 228, 565, 349]",LEFT_EYE,0.9959471931201037,0.723964121163502,0.9975742697715759,0.6700428426265717,0.3339231014251709,0.25032013485540766
00049,/Users/nikko/Downloads/moi-main/project_root/data/visualizations/video/pushups_video5/frame_00049.png,"[50, 228, 565, 349]",RIGHT_EYE,0.9884116099585798,0.6750336678811101,0.9993267059326172,0.6700428426265717,0.3339231014251709,0.25032013485540766
00050,/Users/nikko/Downloads/moi-main/project_root/data/visualizations/video/pushups_video5/frame_00050.png,"[53, 232, 576, 349]",LEFT_SHOULDER,0.46290069861060884,0.008839062857043002,0.9998955726623535,0.6529044061899185,0.3298872858285904,0.26111659046692093
00050,/Users/nikko/Downloads/moi-main/project_root/data/visualizations/video/pushups_video5/frame_00050.png,"[53, 232, 576, 349]",RIGHT_SHOULDER,0.4962758093112592,-0.2824100813104877,0.9998863935470581,0.6529044061899185,0.3298872858285904,0.26111659046692093
00050,/Users/nikko/Downloads/moi-main/project_root/data/visualizations/video/pushups_video5/frame_00050.png,"[53, 232, 576, 349]",LEFT_HIP,-0.4744872560040769,0.0689741825515555,0.999609649181366,0.6529044061899185,0.3298872858285904,0.26111659046692093
00050,/Users/nikko/Downloads/moi-main/project_root/data/visualizations/video/pushups_video5/frame_00050.png,"[53, 232, 576, 349]",RIGHT_HIP,-0.48468925191779116,0.20459683590188918,0.9998899698257446,0.6529044061899185,0.3298872858285904,0.26111659046692093
00050,/Users/nikko/Downloads/moi-main/project_root/data/visualizations/video/pushups_video5/frame_00050.png,"[53, 232, 576, 349]",RIGHT_ELBOW,-0.011710678291104839,-0.18640830222988886,0.9979666471481323,0.6529044061899185,0.3298872858285904,0.26111659046692093
00050,/Users/nikko/Downloads/moi-main/project_root/data/visualizations/video/pushups_video5/frame_00050.png,"[53, 232, 576, 349]",RIGHT_WRIST,-0.010636904125617805,1.7950106843708111,0.9943106174468994,0.6529044061899185,0.3298872858285904,0.26111659046692093
00050,/Users/nikko/Downloads/moi-main/project_root/data/visualizations/video/pushups_video5/frame_00050.png,"[53, 232, 576, 349]",RIGHT_KNEE,-1.33879065754119,0.9308055523443785,0.9974380731582642,0.6529044061899185,0.3298872858285904,0.26111659046692093
00050,/Users/nikko/Downloads/moi-main/project_root/data/visualizations/video/pushups_video5/frame_00050.png,"[53, 232, 576, 349]",LEFT_ANKLE,-1.8315613497702652,0.32710981151028284,0.7396610379219055,0.6529044061899185,0.3298872858285904,0.26111659046692093
00050,/Users/nikko/Downloads/moi-main/project_root/data/visualizations/video/pushups_video5/frame_00050.png,"[53, 232, 576, 349]",RIGHT_ANKLE,-1.8645069736315525,0.10194286151290957,0.9953336119651794,0.6529044061899185,0.3298872858285904,0.26111659046692093
00050,/Users/nikko/Downloads/moi-main/project_root/data/visualizations/video/pushups_video5/frame_00050.png,"[53, 232, 576, 349]",LEFT_EYE,0.9523449507830172,0.7970788956391416,0.9991368651390076,0.6529044061899185,0.3298872858285904,0.26111659046692093
00050,/Users/nikko/Downloads/moi-main/project_root/data/visualizations/video/pushups_video5/frame_00050.png,"[53, 232, 576, 349]",RIGHT_EYE,0.9454909662819726,0.7342062681470943,0.9996846914291382,0.6529044061899185,0.3298872858285904,0.26111659046692093
00051,/Users/nikko/Downloads/moi-main/project_root/data/visualizations/video/pushups_video5/frame_00051.png,"[54, 233, 573, 348]",LEFT_SHOULDER,0.46807599683261875,0.001356872807796009,0.9999197721481323,0.6502620428800583,0.32787732034921646,0.2709640863933316
00051,/Users/nikko/Downloads/moi-main/project_root/data/visualizations/video/pushups_video5/frame_00051.png,"[54, 233, 573, 348]",RIGHT_SHOULDER,0.4965798121099647,-0.2625541321530935,0.9999442100524902,0.6502620428800583,0.32787732034921646,0.2709640863933316
00051,/Users/nikko/Downloads/moi-main/project_root/data/visualizations/video/pushups_video5/frame_00051.png,"[54, 233, 573, 348]",LEFT_HIP,-0.4815168659007859,0.038387041768726586,0.9991447925567627,0.6502620428800583,0.32787732034921646,0.2709640863933316
00051,/Users/nikko/Downloads/moi-main/project_root/data/visualizations/video/pushups_video5/frame_00051.png,"[54, 233, 573, 348]",RIGHT_HIP,-0.48313894304179755,0.22281021757657085,0.9997678399085999,0.6502620428800583,0.32787732034921646,0.2709640863933316
00051,/Users/nikko/Downloads/moi-main/project_root/data/visualizations/video/pushups_video5/frame_00051.png,"[54, 233, 573, 348]",RIGHT_ELBOW,-0.0036521482577883454,-0.15786229504468707,0.9995366334915161,0.6502620428800583,0.32787732034921646,0.2709640863933316
00051,/Users/nikko/Downloads/moi-main/project_root/data/visualizations/video/pushups_video5/frame_00051.png,"[54, 233, 573, 348]",RIGHT_WRIST,0.008688308429322295,1.8273579708353,0.9992703795433044,0.6502620428800583,0.32787732034921646,0.2709640863933316
00051,/Users/nikko/Downloads/moi-main/project_root/data/visualizations/video/pushups_video5/frame_00051.png,"[54, 233, 573, 348]",LEFT_KNEE,-1.2356260060721047,0.7737636546532483,0.587179958820343,0.6502620428800583,0.32787732034921646,0.2709640863933316
00051,/Users/nikko/Downloads/moi-main/project_root/data/visualizations/video/pushups_video5/frame_00051.png,"[54, 233, 573, 348]",RIGHT_KNEE,-1.324752919749229,0.911868543083824,0.9989487528800964,0.6502620428800583,0.32787732034921646,0.2709640863933316
00051,/Users/nikko/Downloads/moi-main/project_root/data/visualizations/video/pushups_video5/frame_00051.png,"[54, 233, 573, 348]",LEFT_ANKLE,-1.8142617711623488,0.23405378144246444,0.8360776901245117,0.6502620428800583,0.32787732034921646,0.2709640863933316
00051,/Users/nikko/Downloads/moi-main/project_root/data/visualizations/video/pushups_video5/frame_00051.png,"[54, 233, 573, 348]",RIGHT_ANKLE,-1.8518339523385563,-0.07318091540353704,0.9979473948478699,0.6502620428800583,0.32787732034921646,0.2709640863933316
00051,/Users/nikko/Downloads/moi-main/project_root/data/visualizations/video/pushups_video5/frame_00051.png,"[54, 233, 573, 348]",LEFT_EYE,0.944440282121556,0.8484372758771356,0.9997990727424622,0.6502620428800583,0.32787732034921646,0.2709640863933316
00051,/Users/nikko/Downloads/moi-main/project_root/data/visualizations/video/pushups_video5/frame_00051.png,"[54, 233, 573, 348]",RIGHT_EYE,0.9416017571110306,0.8073855698546407,0.9999281167984009,0.6502620428800583,0.32787732034921646,0.2709640863933316
00052,/Users/nikko/Downloads/moi-main/project_root/data/visualizations/video/pushups_video5/frame_00052.png,"[55, 235, 574, 348]",LEFT_SHOULDER,0.4636012019169,0.033892007850835904,0.9999237060546875,0.6526273190975189,0.3324566036462784,0.26863104767170753
00052,/Users/nikko/Downloads/moi-main/project_root/data/visualizations/video/pushups_video5/frame_00052.png,"[55, 235, 574, 348]",RIGHT_SHOULDER,0.4923951720264164,-0.2995512232786924,0.9999206066131592,0.6526273190975189,0.3324566036462784,0.26863104767170753
00052,/Users/nikko/Downloads/moi-main/project_root/data/visualizations/video/pushups_video5/frame_00052.png,"[55, 235, 574, 348]",LEFT_HIP,-0.4772951508981749,0.0989600655100673,0.9997565150260925,0.6526273190975189,0.3324566036462784,0.26863104767170753
00052,/Users/nikko/Downloads/moi-main/project_root/data/visualizations/video/pushups_video5/frame_00052.png,"[55, 235, 574, 348]",RIGHT_HIP,-0.4787012230451415,0.16669914991778917,0.9999271631240845,0.6526273190975189,0.3324566036462784,0.26863104767170753
00052,/Users/nikko/Downloads/moi-main/project_root/data/visualizations/video/pushups_video5/frame_00052.png,"[55, 235, 574, 348]",RIGHT_ELBOW,-0.010071377274244656,-0.21499418913330987,0.9970062375068665,0.6526273190975189,0.3324566036462784,0.26863104767170753
00052,/Users/nikko/Downloads/moi-main/project_root/data/visualizations/video/pushups_video5/frame_00052.png,"[55, 235, 574, 348]",RIGHT_WRIST,0.025430557668330724,1.835953633130226,0.9885562062263489,0.6526273190975189,0.3324566036462784,0.26863104767170753
00052,/Users/nikko/Downloads/moi-main/project_root/data/visualizations/video/pushups_video5/frame_00052.png,"[55, 235, 574, 348]",RIGHT_KNEE,-1.3287164343560138,0.9314889047473571,0.9931607246398926,0.6526273190975189,0.3324566036462784,0.26863104767170753
00052,/Users/nikko/Downloads/moi-main/project_root/data/visualizations/video/pushups_video5/frame_00052.png,"[55, 235, 574, 348]",LEFT_ANKLE,-1.8440909123474925,0.3366607000714765,0.5709533095359802,0.6526273190975189,0.3324566036462784,0.26863104767170753
00052,/Users/nikko/Downloads/moi-main/project_root/data/visualizations/video/pushups_video5/frame_00052.png,"[55, 235, 574, 348]",RIGHT_ANKLE,-1.8699984073804916,0.03280589089337944,0.9872023463249207,0.6526273190975189,0.3324566036462784,0.26863104767170753
00052,/Users/nikko/Downloads/moi-main/project_root/data/visualizations/video/pushups_video5/frame_00052.png,"[55, 235, 574, 348]",LEFT_EYE,0.9421616402409985,0.8490003742456699,0.9992749094963074,0.6526273190975189,0.3324566036462784,0.26863104767170753
00052,/Users/nikko/Downloads/moi-main/project_root/data/visualizations/video/pushups_video5/frame_00052.png,"[55, 235, 574, 348]",RIGHT_EYE,0.9359222921626172,0.779686808544769,0.9997549653053284,0.6526273190975189,0.3324566036462784,0.26863104767170753
00053,/Users/nikko/Downloads/moi-main/project_root/data/visualizations/video/pushups_video5/frame_00053.png,"[52, 235, 574, 348]",LEFT_SHOULDER,0.473405079146251,0.002056985757637607,0.9999120235443115,0.6563461422920227,0.3396078124642372,0.258062805645615
00053,/Users/nikko/Downloads/moi-main/project_root/data/visualizations/video/pushups_video5/frame_00053.png,"[52, 235, 574, 348]",RIGHT_SHOULDER,0.5053095931507431,-0.20724240496945578,0.9999392032623291,0.6563461422920227,0.3396078124642372,0.258062805645615
00053,/Users/nikko/Downloads/moi-main/project_root/data/visualizations/video/pushups_video5/frame_00053.png,"[52, 235, 574, 348]",LEFT_HIP,-0.48760462387465164,0.005074025235413934,0.9993898868560791,0.6563461422920227,0.3396078124642372,0.258062805645615
00053,/Users/nikko/Downloads/moi-main/project_root/data/visualizations/video/pushups_video5/frame_00053.png,"[52, 235, 574, 348]",RIGHT_HIP,-0.49111004842234246,0.20011139397640423,0.9998430013656616,0.6563461422920227,0.3396078124642372,0.258062805645615
00053,/Users/nikko/Downloads/moi-main/project_root/data/visualizations/video/pushups_video5/frame_00053.png,"[52, 235, 574, 348]",RIGHT_ELBOW,-0.016124675755942484,-0.2226017631897342,0.9981076717376709,0.6563461422920227,0.3396078124642372,0.258062805645615
00053,/Users/nikko/Downloads/moi-main/project_root/data/visualizations/video/pushups_video5/frame_00053.png,"[52, 235, 574, 348]",RIGHT_WRIST,-0.01084448134434864,1.9168173659447219,0.9959717392921448,0.6563461422920227,0.3396078124642372,0.258062805645615
00053,/Users/nikko/Downloads/moi-main/project_root/data/visualizations/video/pushups_video5/frame_00053.png,"[52, 235, 574, 348]",RIGHT_KNEE,-1.327285917617419,0.9527098995955179,0.9940588474273682,0.6563461422920227,0.3396078124642372,0.258062805645615
00053,/Users/nikko/Downloads/moi-main/project_root/data/visualizations/video/pushups_video5/frame_00053.png,"[52, 235, 574, 348]",LEFT_ANKLE,-1.8242731012000872,0.272892086900604,0.5156549215316772,0.6563461422920227,0.3396078124642372,0.258062805645615
00053,/Users/nikko/Downloads/moi-main/project_root/data/visualizations/video/pushups_video5/frame_00053.png,"[52, 235, 574, 348]",RIGHT_ANKLE,-1.8451998644417673,-0.018663752663818457,0.9877901077270508,0.6563461422920227,0.3396078124642372,0.258062805645615
00053,/Users/nikko/Downloads/moi-main/project_root/data/visualizations/video/pushups_video5/frame_00053.png,"[52, 235, 574, 348]",LEFT_EYE,0.9731034985497713,0.8984352937601305,0.9993141889572144,0.6563461422920227,0.3396078124642372,0.258062805645615
00053,/Users/nikko/Downloads/moi-main/project_root/data/visualizations/video/pushups_video5/frame_00053.png,"[52, 235, 574, 348]",RIGHT_EYE,0.9690698466883446,0.8359125350603702,0.9997811913490295,0.6563461422920227,0.3396078124642372,0.258062805645615
00054,/Users/nikko/Downloads/moi-main/project_root/data/visualizations/video/pushups_video5/frame_00054.png,"[51, 239, 575, 348]",LEFT_SHOULDER,0.46168991042668306,0.07651619181526918,0.9999552965164185,0.6551179438829422,0.3372679427266121,0.2573950249536599
00054,/Users/nikko/Downloads/moi-main/project_root/data/visualizations/video/pushups_video5/frame_00054.png,"[51, 239, 575, 348]",RIGHT_SHOULDER,0.500164363914196,-0.3038893235637379,0.9999529123306274,0.6551179438829422,0.3372679427266121,0.2573950249536599
00054,/Users/nikko/Downloads/moi-main/project_root/data/visualizations/video/pushups_video5/frame_00054.png,"[51, 239, 575, 348]",LEFT_HIP,-0.4782610861252703,0.0834853691999553,0.9997760653495789,0.6551179438829422,0.3372679427266121,0.2573950249536599
00054,/Users/nikko/Downloads/moi-main/project_root/data/visualizations/video/pushups_video5/frame_00054.png,"[51, 239, 575, 348]",RIGHT_HIP,-0.4835931882156088,0.1438877625485134,0.9999301433563232,0.6551179438829422,0.3372679427266121,0.2573950249536599
00054,/Users/nikko/Downloads/moi-main/project_root/data/visualizations/video/pushups_video5/frame_00054.png,"[51, 239, 575, 348]",RIGHT_ELBOW,-0.024173056806730635,-0.2561315103654814,0.9985693693161011,0.6551179438829422,0.3372679427266121,0.2573950249536599
00054,/Users/nikko/Downloads/moi-main/project_root/data/visualizations/video/pushups_video5/frame_00054.png,"[51, 239, 575, 348]",RIGHT_WRIST,-0.014109310400753845,1.8519312377056365,0.9948148131370544,0.6551179438829422,0.3372679427266121,0.2573950249536599
00054,/Users/nikko/Downloads/moi-main/project_root/data/visualizations/video/pushups_video5/frame_00054.png,"[51, 239, 575, 348]",RIGHT_KNEE,-1.3638591914136131,0.9703126414254786,0.9967195391654968,0.6551179438829422,0.3372679427266121,0.2573950249536599
00054,/Users/nikko/Downloads/moi-main/project_root/data/visualizations/video/pushups_video5/frame_00054.png,"[51, 239, 575, 348]",LEFT_ANKLE,-1.7627854598167767,0.12982644477167263,0.5270352959632874,0.6551179438829422,0.3372679427266121,0.2573950249536599
00054,/Users/nikko/Downloads/moi-main/project_root/data/visualizations/video/pushups_video5/frame_00054.png,"[51, 239, 575, 348]",RIGHT_ANKLE,-1.7922027962645382,-0.1822785618242599,0.9891923069953918,0.6551179438829422,0.3372679427266121,0.2573950249536599
00054,/Users/nikko/Downloads/moi-main/project_root/data/visualizations/video/pushups_video5/frame_00054.png,"[51, 239, 575, 348]",LEFT_EYE,0.9730404923814165,0.946789424429875,0.999790370464325,0.6551179438829422,0.3372679427266121,0.2573950249536599
00054,/Users/nikko/Downloads/moi-main/project_root/data/visualizations/video/pushups_video5/frame_00054.png,"[51, 239, 575, 348]",RIGHT_EYE,0.967734325991335,0.8736576967676755,0.9999146461486816,0.6551179438829422,0.3372679427266121,0.2573950249536599
00055,/Users/nikko/Downloads/moi-main/project_root/data/visualizations/video/pushups_video5/frame_00055.png,"[47, 237, 574, 350]",LEFT_SHOULDER,0.47599826099056003,0.015878744184463726,0.9999239444732666,0.6590417623519897,0.33276233077049255,0.2586775901825161
00055,/Users/nikko/Downloads/moi-main/project_root/data/visualizations/video/pushups_video5/frame_00055.png,"[47, 237, 574, 350]",RIGHT_SHOULDER,0.505189324749455,-0.20711309282442608,0.9999603033065796,0.6590417623519897,0.33276233077049255,0.2586775901825161
00055,/Users/nikko/Downloads/moi-main/project_root/data/visualizations/video/pushups_video5/frame_00055.png,"[47, 237, 574, 350]",LEFT_HIP,-0.48971980754536637,0.01375265333540918,0.9996390342712402,0.6590417623519897,0.33276233077049255,0.2586775901825161
00055,/Users/nikko/Downloads/moi-main/project_root/data/visualizations/video/pushups_video5/frame_00055.png,"[47, 237, 574, 350]",RIGHT_HIP,-0.4914677781946487,0.17748169530455318,0.9999079704284668,0.6590417623519897,0.33276233077049255,0.2586775901825161
00055,/Users/nikko/Downloads/moi-main/project_root/data/visualizations/video/pushups_video5/frame_00055.png,"[47, 237, 574, 350]",RIGHT_ELBOW,-0.017602059829860815,-0.22181346607553498,0.9990350008010864,0.6590417623519897,0.33276233077049255,0.2586775901825161
00055,/Users/nikko/Downloads/moi-main/project_root/data/visualizations/video/pushups_video5/frame_00055.png,"[47, 237, 574, 350]",RIGHT_WRIST,-0.010703497574540123,1.8936472743646326,0.9980800151824951,0.6590417623519897,0.33276233077049255,0.2586775901825161
00055,/Users/nikko/Downloads/moi-main/project_root/data/visualizations/video/pushups_video5/frame_00055.png,"[47, 237, 574, 350]",LEFT_KNEE,-1.2735840651578618,0.6520906353051518,0.5587323904037476,0.6590417623519897,0.33276233077049255,0.2586775901825161
00055,/Users/nikko/Downloads/moi-main/project_root/data/visualizations/video/pushups_video5/frame_00055.png,"[47, 237, 574, 350]",RIGHT_KNEE,-1.3547258719397612,0.9326000617516698,0.9984626770019531,0.6590417623519897,0.33276233077049255,0.2586775901825161
00055,/Users/nikko/Downloads/moi-main/project_root/data/visualizations/video/pushups_video5/frame_00055.png,"[47, 237, 574, 350]",LEFT_ANKLE,-1.848018005211617,0.05844906470123534,0.8159042596817017,0.6590417623519897,0.33276233077049255,0.2586775901825161
00055,/Users/nikko/Downloads/moi-main/project_root/data/visualizations/video/pushups_video5/frame_00055.png,"[47, 237, 574, 350]",RIGHT_ANKLE,-1.8580059316219935,-0.1724578350268967,0.9966373443603516,0.6590417623519897,0.33276233077049255,0.2586775901825161
00055,/Users/nikko/Downloads/moi-main/project_root/data/visualizations/video/pushups_video5/frame_00055.png,"[47, 237, 574, 350]",LEFT_EYE,0.9635023440746163,0.9717925315258691,0.999731719493866,0.6590417623519897,0.33276233077049255,0.2586775901825161
00055,/Users/nikko/Downloads/moi-main/project_root/data/visualizations/video/pushups_video5/frame_00055.png,"[47, 237, 574, 350]",RIGHT_EYE,0.9600808286289014,0.9247664527134876,0.9999188184738159,0.6590417623519897,0.33276233077049255,0.2586775901825161
00056,/Users/nikko/Downloads/moi-main/project_root/data/visualizations/video/pushups_video5/frame_00056.png,"[48, 237, 575, 350]",LEFT_SHOULDER,0.4705723906315091,-0.0026544601955576126,0.9999197721481323,0.6553662717342377,0.35388924926519394,0.26528618748804733
00056,/Users/nikko/Downloads/moi-main/project_root/data/visualizations/video/pushups_video5/frame_00056.png,"[48, 237, 575, 350]",RIGHT_SHOULDER,0.5028057354369078,-0.2245521104373551,0.9999372959136963,0.6553662717342377,0.35388924926519394,0.26528618748804733
00056,/Users/nikko/Downloads/moi-main/project_root/data/visualizations/video/pushups_video5/frame_00056.png,"[48, 237, 575, 350]",LEFT_HIP,-0.48930153605320825,0.03803001857128243,0.9996322393417358,0.6553662717342377,0.35388924926519394,0.26528618748804733
00056,/Users/nikko/Downloads/moi-main/project_root/data/visualizations/video/pushups_video5/frame_00056.png,"[48, 237, 575, 350]",RIGHT_HIP,-0.4840765900152086,0.18917655206163028,0.9998904466629028,0.6553662717342377,0.35388924926519394,0.26528618748804733
00056,/Users/nikko/Downloads/moi-main/project_root/data/visualizations/video/pushups_video5/frame_00056.png,"[48, 237, 575, 350]",RIGHT_ELBOW,-0.0007098781770397737,-0.3372145740631699,0.9994787573814392,0.6553662717342377,0.35388924926519394,0.26528618748804733
00056,/Users/nikko/Downloads/moi-main/project_root/data/visualizations/video/pushups_video5/frame_00056.png,"[48, 237, 575, 350]",RIGHT_WRIST,0.007363567790857106,1.7278314905908025,0.9990760087966919,0.6553662717342377,0.35388924926519394,0.26528618748804733
00056,/Users/nikko/Downloads/moi-main/project_root/data/visualizations/video/pushups_video5/frame_00056.png,"[48, 237, 575, 350]",LEFT_KNEE,-1.2799312484932532,0.5462066300591626,0.6003764271736145,0.6553662717342377,0.35388924926519394,0.26528618748804733
00056,/Users/nikko/Downloads/moi-main/project_root/data/visualizations/video/pushups_video5/frame_00056.png,"[48, 237, 575, 350]",RIGHT_KNEE,-1.364781968068553,0.8729022508642893,0.999340832233429,0.6553662717342377,0.35388924926519394,0.26528618748804733
00056,/Users/nikko/Downloads/moi-main/project_root/data/visualizations/video/pushups_video5/frame_00056.png,"[48, 237, 575, 350]",LEFT_ANKLE,-1.8299915711486539,-0.0055254281798001285,0.8712706565856934,0.6553662717342377,0.35388924926519394,0.26528618748804733
00056,/Users/nikko/Downloads/moi-main/project_root/data/visualizations/video/pushups_video5/frame_00056.png,"[48, 237, 575, 350]",RIGHT_ANKLE,-1.828960512134748,-0.3054141886650052,0.9982105493545532,0.6553662717342377,0.35388924926519394,0.26528618748804733
00056,/Users/nikko/Downloads/moi-main/project_root/data/visualizations/video/pushups_video5/frame_00056.png,"[48, 237, 575, 350]",LEFT_EYE,0.9411743267544822,0.9325798746913858,0.9997128844261169,0.6553662717342377,0.35388924926519394,0.26528618748804733
00056,/Users/nikko/Downloads/moi-main/project_root/data/visualizations/video/pushups_video5/frame_00056.png,"[48, 237, 575, 350]",RIGHT_EYE,0.9387208152199754,0.8811516216977099,0.9998934268951416,0.6553662717342377,0.35388924926519394,0.26528618748804733
00057,/Users/nikko/Downloads/moi-main/project_root/data/visualizations/video/pushups_video5/frame_00057.png,"[47, 236, 572, 350]",LEFT_SHOULDER,0.46622609044843577,0.00816980799927481,0.9999061822891235,0.6561757773160934,0.36223603785037994,0.2733250904919985
00057,/Users/nikko/Downloads/moi-main/project_root/data/visualizations/video/pushups_video5/frame_00057.png,"[47, 236, 572, 350]",RIGHT_SHOULDER,0.51266198049547,-0.20576581847785486,0.9999253749847412,0.6561757773160934,0.36223603785037994,0.2733250904919985
00057,/Users/nikko/Downloads/moi-main/project_root/data/visualizations/video/pushups_video5/frame_00057.png,"[47, 236, 572, 350]",LEFT_HIP,-0.49173106924172755,0.05028481250501565,0.9987596273422241,0.6561757773160934,0.36223603785037994,0.2733250904919985
00057,/Users/nikko/Downloads/moi-main/project_root/data/visualizations/video/pushups_video5/frame_00057.png,"[47, 236, 572, 350]",RIGHT_HIP,-0.48715700170217824,0.1473111979735644,0.9995492100715637,0.6561757773160934,0.36223603785037994,0.2733250904919985
00057,/Users/nikko/Downloads/moi-main/project_root/data/visualizations/video/pushups_video5/frame_00057.png,"[47, 236, 572, 350]",LEFT_ELBOW,-0.0442642710684542,-0.30578688249166514,0.5649458765983582,0.6561757773160934,0.36223603785037994,0.2733250904919985
00057,/Users/nikko/Downloads/moi-main/project_root/data/visualizations/video/pushups_video5/frame_00057.png,"[47, 236, 572, 350]",RIGHT_ELBOW,0.004369134048712973,-0.3900777336887742,0.9988455772399902,0.6561757773160934,0.36223603785037994,0.2733250904919985
00057,/Users/nikko/Downloads/moi-main/project_root/data/visualizations/video/pushups_video5/frame_00057.png,"[47, 236, 572, 350]",RIGHT_WRIST,0.013629794460369682,1.6664390604102988,0.9984307885169983,0.6561757773160934,0.36223603785037994,0.2733250904919985
00057,/Users/nikko/Downloads/moi-main/project_root/data/visualizations/video/pushups_video5/frame_00057.png,"[47, 236, 572, 350]",LEFT_KNEE,-1.3103156822666873,0.5621893732111298,0.7637094855308533,0.6561757773160934,0.36223603785037994,0.2733250904919985
00057,/Users/nikko/Downloads/moi-main/project_root/data/visualizations/video/pushups_video5/frame_00057.png,"[47, 236, 572, 350]",RIGHT_KNEE,-1.3518268444355026,0.816786006800916,0.9986066222190857,0.6561757773160934,0.36223603785037994,0.2733250904919985
00057,/Users/nikko/Downloads/moi-main/project_root/data/visualizations/video/pushups_video5/frame_00057.png,"[47, 236, 572, 350]",LEFT_ANKLE,-1.9832132456621911,0.05075235962324181,0.8750537037849426,0.6561757773160934,0.36223603785037994,0.2733250904919985
00057,/Users/nikko/Downloads/moi-main/project_root/data/visualizations/video/pushups_video5/frame_00057.png,"[47, 236, 572, 350]",RIGHT_ANKLE,-1.9937081955743887,-0.1054469766702303,0.997444748878479,0.6561757773160934,0.36223603785037994,0.2733250904919985
00057,/Users/nikko/Downloads/moi-main/project_root/data/visualizations/video/pushups_video5/frame_00057.png,"[47, 236, 572, 350]",LEFT_EYE,0.9428731497643593,0.9289772525190011,0.999769389629364,0.6561757773160934,0.36223603785037994,0.2733250904919985
00057,/Users/nikko/Downloads/moi-main/project_root/data/visualizations/video/pushups_video5/frame_00057.png,"[47, 236, 572, 350]",RIGHT_EYE,0.9400386453601133,0.8946581164505115,0.9998999834060669,0.6561757773160934,0.36223603785037994,0.2733250904919985
00058,/Users/nikko/Downloads/moi-main/project_root/data/visualizations/video/pushups_video5/frame_00058.png,"[47, 237, 576, 350]",LEFT_SHOULDER,0.47121173495680124,-0.07769360596165105,0.999758780002594,0.6527345478534698,0.3598953187465668,0.27185675659532693
00058,/Users/nikko/Downloads/moi-main/project_root/data/visualizations/video/pushups_video5/frame_00058.png,"[47, 237, 576, 350]",RIGHT_SHOULDER,0.5002564650058834,-0.11502138883300102,0.999841570854187,0.6527345478534698,0.3598953187465668,0.27185675659532693
00058,/Users/nikko/Downloads/moi-main/project_root/data/visualizations/video/pushups_video5/frame_00058.png,"[47, 237, 576, 350]",LEFT_HIP,-0.4871032077753192,-0.06007948442229459,0.9988908171653748,0.6527345478534698,0.3598953187465668,0.27185675659532693
00058,/Users/nikko/Downloads/moi-main/project_root/data/visualizations/video/pushups_video5/frame_00058.png,"[47, 237, 576, 350]",RIGHT_HIP,-0.4843649921873655,0.25279447921694664,0.9996433258056641,0.6527345478534698,0.3598953187465668,0.27185675659532693
00058,/Users/nikko/Downloads/moi-main/project_root/data/visualizations/video/pushups_video5/frame_00058.png,"[47, 237, 576, 350]",RIGHT_ELBOW,0.011103816105702628,-0.3424353567544627,0.9990481734275818,0.6527345478534698,0.3598953187465668,0.27185675659532693
00058,/Users/nikko/Downloads/moi-main/project_root/data/visualizations/video/pushups_video5/frame_00058.png,"[47, 237, 576, 350]",RIGHT_WRIST,0.022201164330882827,1.731294742345682,0.9986177682876587,0.6527345478534698,0.3598953187465668,0.27185675659532693
00058,/Users/nikko/Downloads/moi-main/project_root/data/visualizations/video/pushups_video5/frame_00058.png,"[47, 237, 576, 350]",LEFT_KNEE,-1.3065283092949855,0.455896342005154,0.7819698452949524,0.6527345478534698,0.3598953187465668,0.27185675659532693
00058,/Users/nikko/Downloads/moi-main/project_root/data/visualizations/video/pushups_video5/frame_00058.png,"[47, 237, 576, 350]",RIGHT_KNEE,-1.368254910748628,0.7737245924994833,0.9992419481277466,0.6527345478534698,0.3598953187465668,0.27185675659532693
00058,/Users/nikko/Downloads/moi-main/project_root/data/visualizations/video/pushups_video5/frame_00058.png,"[47, 237, 576, 350]",LEFT_ANKLE,-1.9122862103805076,-0.0606761738067622,0.8979141116142273,0.6527345478534698,0.3598953187465668,0.27185675659532693
00058,/Users/nikko/Downloads/moi-main/project_root/data/visualizations/video/pushups_video5/frame_00058.png,"[47, 237, 576, 350]",RIGHT_ANKLE,-1.9434373591968503,-0.11204353279043662,0.9978811144828796,0.6527345478534698,0.3598953187465668,0.27185675659532693
00058,/Users/nikko/Downloads/moi-main/project_root/data/visualizations/video/pushups_video5/frame_00058.png,"[47, 237, 576, 350]",LEFT_EYE,0.9401394310884357,0.9385720115001356,0.9988991022109985,0.6527345478534698,0.3598953187465668,0.27185675659532693
00058,/Users/nikko/Downloads/moi-main/project_root/data/visualizations/video/pushups_video5/frame_00058.png,"[47, 237, 576, 350]",RIGHT_EYE,0.9379307047025726,0.9273499099184379,0.9995699524879456,0.6527345478534698,0.3598953187465668,0.27185675659532693
00059,/Users/nikko/Downloads/moi-main/project_root/data/visualizations/video/pushups_video5/frame_00059.png,"[47, 236, 574, 350]",LEFT_SHOULDER,0.48148278535741545,0.038076520600063196,0.9998493194580078,0.6620173156261444,0.3742435798048973,0.25963752154537073
00059,/Users/nikko/Downloads/moi-main/project_root/data/visualizations/video/pushups_video5/frame_00059.png,"[47, 236, 574, 350]",RIGHT_SHOULDER,0.5091304309731521,-0.16074476904953633,0.999895453453064,0.6620173156261444,0.3742435798048973,0.25963752154537073
00059,/Users/nikko/Downloads/moi-main/project_root/data/visualizations/video/pushups_video5/frame_00059.png,"[47, 236, 574, 350]",LEFT_HIP,-0.49181911546501506,0.02396986917048328,0.9995452761650085,0.6620173156261444,0.3742435798048973,0.25963752154537073
00059,/Users/nikko/Downloads/moi-main/project_root/data/visualizations/video/pushups_video5/frame_00059.png,"[47, 236, 574, 350]",RIGHT_HIP,-0.49879410086555254,0.09869837927898986,0.9998540878295898,0.6620173156261444,0.3742435798048973,0.25963752154537073
00059,/Users/nikko/Downloads/moi-main/project_root/data/visualizations/video/pushups_video5/frame_00059.png,"[47, 236, 574, 350]",RIGHT_ELBOW,-0.025618143643138514,-0.37697436697729986,0.9974384307861328,0.6620173156261444,0.3742435798048973,0.25963752154537073
00059,/Users/nikko/Downloads/moi-main/project_root/data/visualizations/video/pushups_video5/frame_00059.png,"[47, 236, 574, 350]",RIGHT_WRIST,-0.0054149513917380624,1.783497689086457,0.9903122186660767,0.6620173156261444,0.3742435798048973,0.25963752154537073
00059,/Users/nikko/Downloads/moi-main/project_root/data/visualizations/video/pushups_video5/frame_00059.png,"[47, 236, 574, 350]",LEFT_KNEE,-1.3144631222715906,0.5224110081806125,0.5368706583976746,0.6620173156261444,0.3742435798048973,0.25963752154537073
00059,/Users/nikko/Downloads/moi-main/project_root/data/visualizations/video/pushups_video5/frame_00059.png,"[47, 236, 574, 350]",RIGHT_KNEE,-1.3878564608996795,0.8390027557463567,0.9977854490280151,0.6620173156261444,0.3742435798048973,0.25963752154537073
00059,/Users/nikko/Downloads/moi-main/project_root/data/visualizations/video/pushups_video5/frame_00059.png,"[47, 236, 574, 350]",LEFT_ANKLE,-1.8141330276759657,-0.17825707194266407,0.7810172438621521,0.6620173156261444,0.3742435798048973,0.25963752154537073
00059,/Users/nikko/Downloads/moi-main/project_root/data/visualizations/video/pushups_video5/frame_00059.png,"[47, 236, 574, 350]",RIGHT_ANKLE,-1.8208188713159141,-0.3530907295446659,0.994905948638916,0.6620173156261444,0.3742435798048973,0.25963752154537073
00059,/Users/nikko/Downloads/moi-main/project_root/data/visualizations/video/pushups_video5/frame_00059.png,"[47, 236, 574, 350]",LEFT_EYE,0.948131645686564,1.0345234216064614,0.9996620416641235,0.6620173156261444,0.3742435798048973,0.25963752154537073
00059,/Users/nikko/Downloads/moi-main/project_root/data/visualizations/video/pushups_video5/frame_00059.png,"[47, 236, 574, 350]",RIGHT_EYE,0.9427216300215848,0.9799710146443535,0.9998733997344971,0.6620173156261444,0.3742435798048973,0.25963752154537073
00060,/Users/nikko/Downloads/moi-main/project_root/data/visualizations/video/pushups_video5/frame_00060.png,"[49, 237, 572, 350]",LEFT_SHOULDER,0.4782746446477493,0.031250297733218475,0.9997017979621887,0.6596820652484894,0.37417831271886826,0.2643943868913117
00060,/Users/nikko/Downloads/moi-main/project_root/data/visualizations/video/pushups_video5/frame_00060.png,"[49, 237, 572, 350]",RIGHT_SHOULDER,0.5168990039219334,-0.12326145470125195,0.9998148083686829,0.6596820652484894,0.37417831271886826,0.2643943868913117
00060,/Users/nikko/Downloads/moi-main/project_root/data/visualizations/video/pushups_video5/frame_00060.png,"[49, 237, 572, 350]",LEFT_HIP,-0.5014805961484012,0.005136754603903771,0.9996111989021301,0.6596820652484894,0.37417831271886826,0.2643943868913117
00060,/Users/nikko/Downloads/moi-main/project_root/data/visualizations/video/pushups_video5/frame_00060.png,"[49, 237, 572, 350]",RIGHT_HIP,-0.49369305242128153,0.0868744023641297,0.999864935874939,0.6596820652484894,0.37417831271886826,0.2643943868913117
00060,/Users/nikko/Downloads/moi-main/project_root/data/visualizations/video/pushups_video5/frame_00060.png,"[49, 237, 572, 350]",RIGHT_ELBOW,0.011436376780480515,-0.39503475999924675,0.9987591505050659,0.6596820652484894,0.37417831271886826,0.2643943868913117
00060,/Users/nikko/Downloads/moi-main/project_root/data/visualizations/video/pushups_video5/frame_00060.png,"[49, 237, 572, 350]",RIGHT_WRIST,0.009054845633731658,1.7348351164946778,0.997477114200592,0.6596820652484894,0.37417831271886826,0.2643943868913117
00060,/Users/nikko/Downloads/moi-main/project_root/data/visualizations/video/pushups_video5/frame_00060.png,"[49, 237, 572, 350]",LEFT_KNEE,-1.3379548614793317,0.42838335372259756,0.747450053691864,0.6596820652484894,0.37417831271886826,0.2643943868913117
00060,/Users/nikko/Downloads/moi-main/project_root/data/visualizations/video/pushups_video5/frame_00060.png,"[49, 237, 572, 350]",RIGHT_KNEE,-1.4047058159819308,0.8037265494550111,0.9993504881858826,0.6596820652484894,0.37417831271886826,0.2643943868913117
00060,/Users/nikko/Downloads/moi-main/project_root/data/visualizations/video/pushups_video5/frame_00060.png,"[49, 237, 572, 350]",LEFT_ANKLE,-1.8773641140318995,-0.2906449501421921,0.874557614326477,0.6596820652484894,0.37417831271886826,0.2643943868913117
00060,/Users/nikko/Downloads/moi-main/project_root/data/visualizations/video/pushups_video5/frame_00060.png,"[49, 237, 572, 350]",RIGHT_ANKLE,-1.890099241374328,-0.36478149172342034,0.9971766471862793,0.6596820652484894,0.37417831271886826,0.2643943868913117
00060,/Users/nikko/Downloads/moi-main/project_root/data/visualizations/video/pushups_video5/frame_00060.png,"[49, 237, 572, 350]",LEFT_EYE,0.9570940611637415,1.042521261786433,0.9985721111297607,0.6596820652484894,0.37417831271886826,0.2643943868913117
00060,/Users/nikko/Downloads/moi-main/project_root/data/visualizations/video/pushups_video5/frame_00060.png,"[49, 237, 572, 350]",RIGHT_EYE,0.9558004956847521,1.002762496536251,0.9994581341743469,0.6596820652484894,0.37417831271886826,0.2643943868913117
00061,/Users/nikko/Downloads/moi-main/project_root/data/visualizations/video/pushups_video5/frame_00061.png,"[49, 235, 571, 350]",LEFT_SHOULDER,0.4764620757489357,-0.0001499356105075133,0.9998144507408142,0.657258927822113,0.38972310721874237,0.269429309420104
00061,/Users/nikko/Downloads/moi-main/project_root/data/visualizations/video/pushups_video5/frame_00061.png,"[49, 235, 571, 350]",RIGHT_SHOULDER,0.5146274636552952,-0.11272243263660482,0.9998718500137329,0.657258927822113,0.38972310721874237,0.269429309420104
00061,/Users/nikko/Downloads/moi-main/project_root/data/visualizations/video/pushups_video5/frame_00061.png,"[49, 235, 571, 350]",LEFT_HIP,-0.49885341889540263,-0.06846991335301256,0.9989739656448364,0.657258927822113,0.38972310721874237,0.269429309420104
00061,/Users/nikko/Downloads/moi-main/project_root/data/visualizations/video/pushups_video5/frame_00061.png,"[49, 235, 571, 350]",RIGHT_HIP,-0.4922361205088283,0.1813422816001249,0.9996522665023804,0.657258927822113,0.38972310721874237,0.269429309420104
00061,/Users/nikko/Downloads/moi-main/project_root/data/visualizations/video/pushups_video5/frame_00061.png,"[49, 235, 571, 350]",RIGHT_ELBOW,0.013975481110425875,-0.35692169315994277,0.9980986714363098,0.657258927822113,0.38972310721874237,0.269429309420104
00061,/Users/nikko/Downloads/moi-main/project_root/data/visualizations/video/pushups_video5/frame_00061.png,"[49, 235, 571, 350]",RIGHT_WRIST,0.045801872360965,1.699494704165432,0.9962467551231384,0.657258927822113,0.38972310721874237,0.269429309420104
00061,/Users/nikko/Downloads/moi-main/project_root/data/visualizations/video/pushups_video5/frame_00061.png,"[49, 235, 571, 350]",LEFT_KNEE,-1.297714554964715,0.49112319011773914,0.6688270568847656,0.657258927822113,0.38972310721874237,0.269429309420104
00061,/Users/nikko/Downloads/moi-main/project_root/data/visualizations/video/pushups_video5/frame_00061.png,"[49, 235, 571, 350]",RIGHT_KNEE,-1.377654957319442,0.7753816397923641,0.9983506202697754,0.657258927822113,0.38972310721874237,0.269429309420104
00061,/Users/nikko/Downloads/moi-main/project_root/data/visualizations/video/pushups_video5/frame_00061.png,"[49, 235, 571, 350]",LEFT_ANKLE,-1.8982289635205756,-0.21446660310053134,0.8066312074661255,0.657258927822113,0.38972310721874237,0.269429309420104
00061,/Users/nikko/Downloads/moi-main/project_root/data/visualizations/video/pushups_video5/frame_00061.png,"[49, 235, 571, 350]",RIGHT_ANKLE,-1.894458506010159,-0.4138315211670793,0.9953910112380981,0.657258927822113,0.38972310721874237,0.269429309420104
00061,/Users/nikko/Downloads/moi-main/project_root/data/visualizations/video/pushups_video5/frame_00061.png,"[49, 235, 571, 350]",LEFT_EYE,0.956000956324044,0.9757230473975032,0.9995754361152649,0.657258927822113,0.38972310721874237,0.269429309420104
00061,/Users/nikko/Downloads/moi-main/project_root/data/visualizations/video/pushups_video5/frame_00061.png,"[49, 235, 571, 350]",RIGHT_EYE,0.9546587809659487,0.9328614837038275,0.9998425245285034,0.657258927822113,0.38972310721874237,0.269429309420104
00062,/Users/nikko/Downloads/moi-main/project_root/data/visualizations/video/pushups_video5/frame_00062.png,"[48, 235, 572, 349]",LEFT_SHOULDER,0.469672038142455,-0.062267261727338444,0.999562680721283,0.658527746796608,0.3912416696548462,0.2712633151439684
00062,/Users/nikko/Downloads/moi-main/project_root/data/visualizations/video/pushups_video5/frame_00062.png,"[48, 235, 572, 349]",RIGHT_SHOULDER,0.5109307101583712,-0.049182569498144264,0.9997268319129944,0.658527746796608,0.3912416696548462,0.2712633151439684
00062,/Users/nikko/Downloads/moi-main/project_root/data/visualizations/video/pushups_video5/frame_00062.png,"[48, 235, 572, 349]",LEFT_HIP,-0.49065371094850396,-0.09762190281322501,0.998675525188446,0.658527746796608,0.3912416696548462,0.2712633151439684
00062,/Users/nikko/Downloads/moi-main/project_root/data/visualizations/video/pushups_video5/frame_00062.png,"[48, 235, 572, 349]",RIGHT_HIP,-0.4899490373523222,0.2090717340387077,0.9995306730270386,0.658527746796608,0.3912416696548462,0.2712633151439684
00062,/Users/nikko/Downloads/moi-main/project_root/data/visualizations/video/pushups_video5/frame_00062.png,"[48, 235, 572, 349]",RIGHT_ELBOW,0.022016875013723153,-0.41486707643642207,0.9978039860725403,0.658527746796608,0.3912416696548462,0.2712633151439684
00062,/Users/nikko/Downloads/moi-main/project_root/data/visualizations/video/pushups_video5/frame_00062.png,"[48, 235, 572, 349]",RIGHT_WRIST,0.006932860972350125,1.6819189823956016,0.9966297745704651,0.658527746796608,0.3912416696548462,0.2712633151439684
00062,/Users/nikko/Downloads/moi-main/project_root/data/visualizations/video/pushups_video5/frame_00062.png,"[48, 235, 572, 349]",LEFT_KNEE,-1.3202912925567638,0.49065936899187834,0.6440036296844482,0.658527746796608,0.3912416696548462,0.2712633151439684
00062,/Users/nikko/Downloads/moi-main/project_root/data/visualizations/video/pushups_video5/frame_00062.png,"[48, 235, 572, 349]",RIGHT_KNEE,-1.3767250566326428,0.8182493136071046,0.9979984164237976,0.658527746796608,0.3912416696548462,0.2712633151439684
00062,/Users/nikko/Downloads/moi-main/project_root/data/visualizations/video/pushups_video5/frame_00062.png,"[48, 235, 572, 349]",LEFT_ANKLE,-1.905018434203389,-0.1591278006457179,0.8312865495681763,0.658527746796608,0.3912416696548462,0.2712633151439684
00062,/Users/nikko/Downloads/moi-main/project_root/data/visualizations/video/pushups_video5/frame_00062.png,"[48, 235, 572, 349]",RIGHT_ANKLE,-1.9297412272615708,-0.28157049602566764,0.9953438639640808,0.658527746796608,0.3912416696548462,0.2712633151439684
00062,/Users/nikko/Downloads/moi-main/project_root/data/visualizations/video/pushups_video5/frame_00062.png,"[48, 235, 572, 349]",LEFT_EYE,0.9385473908183194,1.027122521735569,0.9978072047233582,0.658527746796608,0.3912416696548462,0.2712633151439684
00062,/Users/nikko/Downloads/moi-main/project_root/data/visualizations/video/pushups_video5/frame_00062.png,"[48, 235, 572, 349]",RIGHT_EYE,0.9384401626565056,0.9939901183843204,0.9991981387138367,0.658527746796608,0.3912416696548462,0.2712633151439684
00063,/Users/nikko/Downloads/moi-main/project_root/data/visualizations/video/pushups_video5/frame_00063.png,"[48, 235, 572, 349]",LEFT_SHOULDER,0.4660629907371292,-0.11377428459309785,0.9998212456703186,0.6572551429271698,0.3924819529056549,0.2789025083200255
00063,/Users/nikko/Downloads/moi-main/project_root/data/visualizations/video/pushups_video5/frame_00063.png,"[48, 235, 572, 349]",RIGHT_SHOULDER,0.502315923625318,-0.021169930453648393,0.9998961687088013,0.6572551429271698,0.3924819529056549,0.2789025083200255
00063,/Users/nikko/Downloads/moi-main/project_root/data/visualizations/video/pushups_video5/frame_00063.png,"[48, 235, 572, 349]",LEFT_HIP,-0.48412523690632214,-0.09556233359006648,0.9991167187690735,0.6572551429271698,0.3924819529056549,0.2789025083200255
00063,/Users/nikko/Downloads/moi-main/project_root/data/visualizations/video/pushups_video5/frame_00063.png,"[48, 235, 572, 349]",RIGHT_HIP,-0.48425367745612496,0.23050654863681272,0.9997021555900574,0.6572551429271698,0.3924819529056549,0.2789025083200255
00063,/Users/nikko/Downloads/moi-main/project_root/data/visualizations/video/pushups_video5/frame_00063.png,"[48, 235, 572, 349]",RIGHT_ELBOW,0.013877883864926206,-0.39789632117239304,0.9983824491500854,0.6572551429271698,0.3924819529056549,0.2789025083200255
00063,/Users/nikko/Downloads/moi-main/project_root/data/visualizations/video/pushups_video5/frame_00063.png,"[48, 235, 572, 349]",RIGHT_WRIST,-0.0005655872130668289,1.6465893624362873,0.998178243637085,0.6572551429271698,0.3924819529056549,0.2789025083200255
00063,/Users/nikko/Downloads/moi-main/project_root/data/visualizations/video/pushups_video5/frame_00063.png,"[48, 235, 572, 349]",LEFT_KNEE,-1.2730985622733075,0.4238558446075821,0.6508704423904419,0.6572551429271698,0.3924819529056549,0.2789025083200255
00063,/Users/nikko/Downloads/moi-main/project_root/data/visualizations/video/pushups_video5/frame_00063.png,"[48, 235, 572, 349]",RIGHT_KNEE,-1.3348656440446236,0.7570103282133507,0.9981412887573242,0.6572551429271698,0.3924819529056549,0.2789025083200255
00063,/Users/nikko/Downloads/moi-main/project_root/data/visualizations/video/pushups_video5/frame_00063.png,"[48, 235, 572, 349]",LEFT_ANKLE,-1.8515538728526195,-0.12759574864912565,0.8370168805122375,0.6572551429271698,0.3924819529056549,0.2789025083200255
00063,/Users/nikko/Downloads/moi-main/project_root/data/visualizations/video/pushups_video5/frame_00063.png,"[48, 235, 572, 349]",RIGHT_ANKLE,-1.8951545241485384,-0.16992032919151245,0.9964876174926758,0.6572551429271698,0.3924819529056549,0.2789025083200255
00063,/Users/nikko/Downloads/moi-main/project_root/data/visualizations/video/pushups_video5/frame_00063.png,"[48, 235, 572, 349]",LEFT_EYE,0.9104213451044592,1.014024783730933,0.9991795420646667,0.6572551429271698,0.3924819529056549,0.2789025083200255
00063,/Users/nikko/Downloads/moi-main/project_root/data/visualizations/video/pushups_video5/frame_00063.png,"[48, 235, 572, 349]",RIGHT_EYE,0.910479902027331,0.9920888047735107,0.9996671676635742,0.6572551429271698,0.3924819529056549,0.2789025083200255
00064,/Users/nikko/Downloads/moi-main/project_root/data/visualizations/video/pushups_video5/frame_00064.png,"[48, 236, 574, 349]",LEFT_SHOULDER,0.4805238421803956,0.09281045444301604,0.9998140931129456,0.6625014394521713,0.39821290969848633,0.24695121884424845
00064,/Users/nikko/Downloads/moi-main/project_root/data/visualizations/video/pushups_video5/frame_00064.png,"[48, 236, 574, 349]",RIGHT_SHOULDER,0.5151151226577854,-0.15313647747251566,0.9998133778572083,0.6625014394521713,0.39821290969848633,0.24695121884424845
00064,/Users/nikko/Downloads/moi-main/project_root/data/visualizations/video/pushups_video5/frame_00064.png,"[48, 236, 574, 349]",LEFT_HIP,-0.49733555157099035,-0.020516737063293534,0.9997506737709045,0.6625014394521713,0.39821290969848633,0.24695121884424845
00064,/Users/nikko/Downloads/moi-main/project_root/data/visualizations/video/pushups_video5/frame_00064.png,"[48, 236, 574, 349]",RIGHT_HIP,-0.49830341326719063,0.08084276009279316,0.9999092817306519,0.6625014394521713,0.39821290969848633,0.24695121884424845
00064,/Users/nikko/Downloads/moi-main/project_root/data/visualizations/video/pushups_video5/frame_00064.png,"[48, 236, 574, 349]",RIGHT_ELBOW,-0.011925395656392692,-0.4718786770432572,0.9940094947814941,0.6625014394521713,0.39821290969848633,0.24695121884424845
00064,/Users/nikko/Downloads/moi-main/project_root/data/visualizations/video/pushups_video5/frame_00064.png,"[48, 236, 574, 349]",RIGHT_WRIST,0.0446631365088523,1.8316304703792332,0.9827425479888916,0.6625014394521713,0.39821290969848633,0.24695121884424845
00064,/Users/nikko/Downloads/moi-main/project_root/data/visualizations/video/pushups_video5/frame_00064.png,"[48, 236, 574, 349]",RIGHT_KNEE,-1.4474649836401818,0.8572063822443108,0.9937979578971863,0.6625014394521713,0.39821290969848633,0.24695121884424845
00064,/Users/nikko/Downloads/moi-main/project_root/data/visualizations/video/pushups_video5/frame_00064.png,"[48, 236, 574, 349]",RIGHT_ANKLE,-1.8462559829422076,-0.5586012572809717,0.9721232652664185,0.6625014394521713,0.39821290969848633,0.24695121884424845
00064,/Users/nikko/Downloads/moi-main/project_root/data/visualizations/video/pushups_video5/frame_00064.png,"[48, 236, 574, 349]",LEFT_EYE,0.9986066918833317,1.0734662685465657,0.998638927936554,0.6625014394521713,0.39821290969848633,0.24695121884424845
00064,/Users/nikko/Downloads/moi-main/project_root/data/visualizations/video/pushups_video5/frame_00064.png,"[48, 236, 574, 349]",RIGHT_EYE,0.9952293131514289,0.9888348488414893,0.9995286464691162,0.6625014394521713,0.39821290969848633,0.24695121884424845
00065,/Users/nikko/Downloads/moi-main/project_root/data/visualizations/video/pushups_video5/frame_00065.png,"[48, 236, 574, 349]",LEFT_SHOULDER,0.4815287618875121,0.09371987488913489,0.9999217987060547,0.6605099141597748,0.3975338041782379,0.24460959719334624
00065,/Users/nikko/Downloads/moi-main/project_root/data/visualizations/video/pushups_video5/frame_00065.png,"[48, 236, 574, 349]",RIGHT_SHOULDER,0.5094022214305689,-0.1878753144648499,0.9999134540557861,0.6605099141597748,0.3975338041782379,0.24460959719334624
00065,/Users/nikko/Downloads/moi-main/project_root/data/visualizations/video/pushups_video5/frame_00065.png,"[48, 236, 574, 349]",LEFT_HIP,-0.49515907342498483,0.0038492953028846162,0.9998383522033691,0.6605099141597748,0.3975338041782379,0.24460959719334624
00065,/Users/nikko/Downloads/moi-main/project_root/data/visualizations/video/pushups_video5/frame_00065.png,"[48, 236, 574, 349]",RIGHT_HIP,-0.49577190989309616,0.0903061442728304,0.9999402761459351,0.6605099141597748,0.3975338041782379,0.24460959719334624
00065,/Users/nikko/Downloads/moi-main/project_root/data/visualizations/video/pushups_video5/frame_00065.png,"[48, 236, 574, 349]",RIGHT_ELBOW,-0.023358816337119306,-0.4447917132678947,0.9976832866668701,0.6605099141597748,0.3975338041782379,0.24460959719334624
00065,/Users/nikko/Downloads/moi-main/project_root/data/visualizations/video/pushups_video5/frame_00065.png,"[48, 236, 574, 349]",RIGHT_WRIST,0.04079675517109612,1.8220655276756483,0.9917619228363037,0.6605099141597748,0.3975338041782379,0.24460959719334624
00065,/Users/nikko/Downloads/moi-main/project_root/data/visualizations/video/pushups_video5/frame_00065.png,"[48, 236, 574, 349]",RIGHT_KNEE,-1.4464790122096753,0.8566287851035509,0.997087299823761,0.6605099141597748,0.3975338041782379,0.24460959719334624
00065,/Users/nikko/Downloads/moi-main/project_root/data/visualizations/video/pushups_video5/frame_00065.png,"[48, 236, 574, 349]",LEFT_ANKLE,-1.8266868994593324,-0.3164966526398914,0.5344836711883545,0.6605099141597748,0.3975338041782379,0.24460959719334624
00065,/Users/nikko/Downloads/moi-main/project_root/data/visualizations/video/pushups_video5/frame_00065.png,"[48, 236, 574, 349]",RIGHT_ANKLE,-1.8190869962370961,-0.5027387518254107,0.9850907325744629,0.6605099141597748,0.3975338041782379,0.24460959719334624
00065,/Users/nikko/Downloads/moi-main/project_root/data/visualizations/video/pushups_video5/frame_00065.png,"[48, 236, 574, 349]",LEFT_EYE,1.0193494165235357,1.1057276810954833,0.9997270703315735,0.6605099141597748,0.3975338041782379,0.24460959719334624
00065,/Users/nikko/Downloads/moi-main/project_root/data/visualizations/video/pushups_video5/frame_00065.png,"[48, 236, 574, 349]",RIGHT_EYE,1.0132166657364876,1.0254395246139958,0.9998912811279297,0.6605099141597748,0.3975338041782379,0.24460959719334624
00066,/Users/nikko/Downloads/moi-main/project_root/data/visualizations/video/pushups_video5/frame_00066.png,"[48, 236, 573, 349]",LEFT_SHOULDER,0.47681410425350046,0.010883075792496356,0.9998016953468323,0.6586412489414215,0.393953800201416,0.2563644571156003
00066,/Users/nikko/Downloads/moi-main/project_root/data/visualizations/video/pushups_video5/frame_00066.png,"[48, 236, 573, 349]",RIGHT_SHOULDER,0.5179983935281149,-0.09726820192559309,0.9998456239700317,0.6586412489414215,0.393953800201416,0.2563644571156003
00066,/Users/nikko/Downloads/moi-main/project_root/data/visualizations/video/pushups_video5/frame_00066.png,"[48, 236, 573, 349]",LEFT_HIP,-0.4983751911533048,-0.06292393590029709,0.999622106552124,0.6586412489414215,0.393953800201416,0.2563644571156003
00066,/Users/nikko/Downloads/moi-main/project_root/data/visualizations/video/pushups_video5/frame_00066.png,"[48, 236, 573, 349]",RIGHT_HIP,-0.49643730662831054,0.1493090620333938,0.9998854398727417,0.6586412489414215,0.393953800201416,0.2563644571156003
00066,/Users/nikko/Downloads/moi-main/project_root/data/visualizations/video/pushups_video5/frame_00066.png,"[48, 236, 573, 349]",RIGHT_ELBOW,-0.007728404385491575,-0.4116799104963518,0.9970625042915344,0.6586412489414215,0.393953800201416,0.2563644571156003
00066,/Users/nikko/Downloads/moi-main/project_root/data/visualizations/video/pushups_video5/frame_00066.png,"[48, 236, 573, 349]",RIGHT_WRIST,0.029317623742107484,1.7566224557645695,0.9868903160095215,0.6586412489414215,0.393953800201416,0.2563644571156003
00066,/Users/nikko/Downloads/moi-main/project_root/data/visualizations/video/pushups_video5/frame_00066.png,"[48, 236, 573, 349]",RIGHT_KNEE,-1.4030066573792297,0.794908607170499,0.9969797134399414,0.6586412489414215,0.393953800201416,0.2563644571156003
00066,/Users/nikko/Downloads/moi-main/project_root/data/visualizations/video/pushups_video5/frame_00066.png,"[48, 236, 573, 349]",LEFT_ANKLE,-1.8880518302465406,-0.2673012358939152,0.6583291292190552,0.6586412489414215,0.393953800201416,0.2563644571156003
00066,/Users/nikko/Downloads/moi-main/project_root/data/visualizations/video/pushups_video5/frame_00066.png,"[48, 236, 573, 349]",RIGHT_ANKLE,-1.8992820280061415,-0.47362874289361034,0.9924765229225159,0.6586412489414215,0.393953800201416,0.2563644571156003
00066,/Users/nikko/Downloads/moi-main/project_root/data/visualizations/video/pushups_video5/frame_00066.png,"[48, 236, 573, 349]",LEFT_EYE,0.9817372991044269,1.0955094881933936,0.9992842078208923,0.6586412489414215,0.393953800201416,0.2563644571156003
00066,/Users/nikko/Downloads/moi-main/project_root/data/visualizations/video/pushups_video5/frame_00066.png,"[48, 236, 573, 349]",RIGHT_EYE,0.9743559004362183,1.033643425669068,0.9997338652610779,0.6586412489414215,0.393953800201416,0.2563644571156003
00067,/Users/nikko/Downloads/moi-main/project_root/data/visualizations/video/pushups_video5/frame_00067.png,"[49, 237, 573, 349]",LEFT_SHOULDER,0.4735358737780999,-0.07076864996626944,0.9991499185562134,0.6568035036325455,0.3885636255145073,0.26799261071464464
00067,/Users/nikko/Downloads/moi-main/project_root/data/visualizations/video/pushups_video5/frame_00067.png,"[49, 237, 573, 349]",RIGHT_SHOULDER,0.5064896995356096,-0.06491444505639611,0.9996325969696045,0.6568035036325455,0.3885636255145073,0.26799261071464464
00067,/Users/nikko/Downloads/moi-main/project_root/data/visualizations/video/pushups_video5/frame_00067.png,"[49, 237, 573, 349]",LEFT_HIP,-0.4936769052970428,-0.07322563006388434,0.9994268417358398,0.6568035036325455,0.3885636255145073,0.26799261071464464
00067,/Users/nikko/Downloads/moi-main/project_root/data/visualizations/video/pushups_video5/frame_00067.png,"[49, 237, 573, 349]",RIGHT_HIP,-0.48634866801666676,0.2089087250865499,0.9998273849487305,0.6568035036325455,0.3885636255145073,0.26799261071464464
00067,/Users/nikko/Downloads/moi-main/project_root/data/visualizations/video/pushups_video5/frame_00067.png,"[49, 237, 573, 349]",RIGHT_ELBOW,0.001120453651376797,-0.39707960513288987,0.9979043006896973,0.6568035036325455,0.3885636255145073,0.26799261071464464
00067,/Users/nikko/Downloads/moi-main/project_root/data/visualizations/video/pushups_video5/frame_00067.png,"[49, 237, 573, 349]",RIGHT_WRIST,0.03230922156017899,1.7040014651395978,0.9971442818641663,0.6568035036325455,0.3885636255145073,0.26799261071464464
00067,/Users/nikko/Downloads/moi-main/project_root/data/visualizations/video/pushups_video5/frame_00067.png,"[49, 237, 573, 349]",RIGHT_KNEE,-1.3969332491508544,0.8013151620199391,0.9974036812782288,0.6568035036325455,0.3885636255145073,0.26799261071464464
00067,/Users/nikko/Downloads/moi-main/project_root/data/visualizations/video/pushups_video5/frame_00067.png,"[49, 237, 573, 349]",LEFT_ANKLE,-1.8486484951891222,-0.2755595091037107,0.7020842432975769,0.6568035036325455,0.3885636255145073,0.26799261071464464
00067,/Users/nikko/Downloads/moi-main/project_root/data/visualizations/video/pushups_video5/frame_00067.png,"[49, 237, 573, 349]",RIGHT_ANKLE,-1.8681108379447926,-0.34269776357700865,0.9903349280357361,0.6568035036325455,0.3885636255145073,0.26799261071464464
00067,/Users/nikko/Downloads/moi-main/project_root/data/visualizations/video/pushups_video5/frame_00067.png,"[49, 237, 573, 349]",LEFT_EYE,0.9503350250285661,1.0642885420287402,0.9884207248687744,0.6568035036325455,0.3885636255145073,0.26799261071464464
00067,/Users/nikko/Downloads/moi-main/project_root/data/visualizations/video/pushups_video5/frame_00067.png,"[49, 237, 573, 349]",RIGHT_EYE,0.946433926910329,1.0273946961364202,0.9962347149848938,0.6568035036325455,0.3885636255145073,0.26799261071464464
00068,/Users/nikko/Downloads/moi-main/project_root/data/visualizations/video/pushups_video5/frame_00068.png,"[49, 236, 573, 349]",LEFT_SHOULDER,0.47311301013357776,-0.10803891469709882,0.9996975660324097,0.658743679523468,0.3918672278523445,0.2692023736896402
00068,/Users/nikko/Downloads/moi-main/project_root/data/visualizations/video/pushups_video5/frame_00068.png,"[49, 236, 573, 349]",RIGHT_SHOULDER,0.49520173875520107,-0.044510267204949674,0.9998158812522888,0.658743679523468,0.3918672278523445,0.2692023736896402
00068,/Users/nikko/Downloads/moi-main/project_root/data/visualizations/video/pushups_video5/frame_00068.png,"[49, 236, 573, 349]",LEFT_HIP,-0.48437291905825575,-0.09031211382634796,0.9994326233863831,0.658743679523468,0.3918672278523445,0.2692023736896402
00068,/Users/nikko/Downloads/moi-main/project_root/data/visualizations/video/pushups_video5/frame_00068.png,"[49, 236, 573, 349]",RIGHT_HIP,-0.48394182983052303,0.24286129572839646,0.9998244643211365,0.658743679523468,0.3918672278523445,0.2692023736896402
00068,/Users/nikko/Downloads/moi-main/project_root/data/visualizations/video/pushups_video5/frame_00068.png,"[49, 236, 573, 349]",RIGHT_ELBOW,-0.0017719604979687012,-0.42354109780130855,0.9989084005355835,0.658743679523468,0.3918672278523445,0.2692023736896402
00068,/Users/nikko/Downloads/moi-main/project_root/data/visualizations/video/pushups_video5/frame_00068.png,"[49, 236, 573, 349]",RIGHT_WRIST,0.013507683880991697,1.693323994158489,0.9984856247901917,0.658743679523468,0.3918672278523445,0.2692023736896402
00068,/Users/nikko/Downloads/moi-main/project_root/data/visualizations/video/pushups_video5/frame_00068.png,"[49, 236, 573, 349]",LEFT_KNEE,-1.3072678981460066,0.4540332433603028,0.7408022284507751,0.658743679523468,0.3918672278523445,0.2692023736896402
00068,/Users/nikko/Downloads/moi-main/project_root/data/visualizations/video/pushups_video5/frame_00068.png,"[49, 236, 573, 349]",RIGHT_KNEE,-1.3834922008890962,0.8249079189068462,0.999422550201416,0.658743679523468,0.3918672278523445,0.2692023736896402
00068,/Users/nikko/Downloads/moi-main/project_root/data/visualizations/video/pushups_video5/frame_00068.png,"[49, 236, 573, 349]",LEFT_ANKLE,-1.845603025704098,-0.1860050659017053,0.9158627986907959,0.658743679523468,0.3918672278523445,0.2692023736896402
00068,/Users/nikko/Downloads/moi-main/project_root/data/visualizations/video/pushups_video5/frame_00068.png,"[49, 236, 573, 349]",RIGHT_ANKLE,-1.8660990268682507,-0.3041017052152498,0.9984346032142639,0.658743679523468,0.3918672278523445,0.2692023736896402
00068,/Users/nikko/Downloads/moi-main/project_root/data/visualizations/video/pushups_video5/frame_00068.png,"[49, 236, 573, 349]",LEFT_EYE,0.9317722427702922,1.0600189355179324,0.998913049697876,0.658743679523468,0.3918672278523445,0.2692023736896402
00068,/Users/nikko/Downloads/moi-main/project_root/data/visualizations/video/pushups_video5/frame_00068.png,"[49, 236, 573, 349]",RIGHT_EYE,0.9282396137880242,1.0268436635932616,0.9996174573898315,0.658743679523468,0.3918672278523445,0.2692023736896402
00069,/Users/nikko/Downloads/moi-main/project_root/data/visualizations/video/pushups_video5/frame_00069.png,"[49, 237, 575, 349]",LEFT_SHOULDER,0.4589012953830314,-0.13316507230433874,0.9998695850372314,0.6511307954788208,0.3875114694237709,0.2849494025318585
00069,/Users/nikko/Downloads/moi-main/project_root/data/visualizations/video/pushups_video5/frame_00069.png,"[49, 237, 575, 349]",RIGHT_SHOULDER,0.4910849425814897,-0.03345787041494427,0.9999483823776245,0.6511307954788208,0.3875114694237709,0.2849494025318585
00069,/Users/nikko/Downloads/moi-main/project_root/data/visualizations/video/pushups_video5/frame_00069.png,"[49, 237, 575, 349]",LEFT_HIP,-0.4766971732260958,-0.13176536949053855,0.9978658556938171,0.6511307954788208,0.3875114694237709,0.2849494025318585
00069,/Users/nikko/Downloads/moi-main/project_root/data/visualizations/video/pushups_video5/frame_00069.png,"[49, 237, 575, 349]",RIGHT_HIP,-0.47328906473842536,0.29838831220982154,0.9993495345115662,0.6511307954788208,0.3875114694237709,0.2849494025318585
00069,/Users/nikko/Downloads/moi-main/project_root/data/visualizations/video/pushups_video5/frame_00069.png,"[49, 237, 575, 349]",RIGHT_ELBOW,0.019789327415733558,-0.3777284942010775,0.9988037347793579,0.6511307954788208,0.3875114694237709,0.2849494025318585
00069,/Users/nikko/Downloads/moi-main/project_root/data/visualizations/video/pushups_video5/frame_00069.png,"[49, 237, 575, 349]",RIGHT_WRIST,0.021717932353824836,1.646639000234852,0.9992256164550781,0.6511307954788208,0.3875114694237709,0.2849494025318585
00069,/Users/nikko/Downloads/moi-main/project_root/data/visualizations/video/pushups_video5/frame_00069.png,"[49, 237, 575, 349]",LEFT_KNEE,-1.2504007619756918,0.332147684028523,0.589592695236206,0.6511307954788208,0.3875114694237709,0.2849494025318585
00069,/Users/nikko/Downloads/moi-main/project_root/data/visualizations/video/pushups_video5/frame_00069.png,"[49, 237, 575, 349]",RIGHT_KNEE,-1.2883560000040648,0.6959815157143294,0.9965998530387878,0.6511307954788208,0.3875114694237709,0.2849494025318585
00069,/Users/nikko/Downloads/moi-main/project_root/data/visualizations/video/pushups_video5/frame_00069.png,"[49, 237, 575, 349]",LEFT_ANKLE,-1.879396645848751,0.05811080689432152,0.7525675892829895,0.6511307954788208,0.3875114694237709,0.2849494025318585
00069,/Users/nikko/Downloads/moi-main/project_root/data/visualizations/video/pushups_video5/frame_00069.png,"[49, 237, 575, 349]",RIGHT_ANKLE,-1.899957833592202,-0.007368259221245392,0.9940102100372314,0.6511307954788208,0.3875114694237709,0.2849494025318585
00069,/Users/nikko/Downloads/moi-main/project_root/data/visualizations/video/pushups_video5/frame_00069.png,"[49, 237, 575, 349]",LEFT_EYE,0.8925361926671425,1.0284531352984112,0.9996544122695923,0.6511307954788208,0.3875114694237709,0.2849494025318585
00069,/Users/nikko/Downloads/moi-main/project_root/data/visualizations/video/pushups_video5/frame_00069.png,"[49, 237, 575, 349]",RIGHT_EYE,0.8932434175365228,1.0019115988369525,0.9998782873153687,0.6511307954788208,0.3875114694237709,0.2849494025318585
00070,/Users/nikko/Downloads/moi-main/project_root/data/visualizations/video/pushups_video5/frame_00070.png,"[48, 237, 575, 349]",LEFT_SHOULDER,0.4663962759710056,-0.07931753038813273,0.9997602105140686,0.6551172435283661,0.3923785164952278,0.2689804396929836
00070,/Users/nikko/Downloads/moi-main/project_root/data/visualizations/video/pushups_video5/frame_00070.png,"[48, 237, 575, 349]",RIGHT_SHOULDER,0.5020993953968181,-0.068636000179514,0.9998668432235718,0.6551172435283661,0.3923785164952278,0.2689804396929836
00070,/Users/nikko/Downloads/moi-main/project_root/data/visualizations/video/pushups_video5/frame_00070.png,"[48, 237, 575, 349]",LEFT_HIP,-0.48546272872726504,-0.120395208112803,0.9989413619041443,0.6551172435283661,0.3923785164952278,0.2689804396929836
00070,/Users/nikko/Downloads/moi-main/project_root/data/visualizations/video/pushups_video5/frame_00070.png,"[48, 237, 575, 349]",RIGHT_HIP,-0.48303294264055874,0.2683487386804497,0.9996820688247681,0.6551172435283661,0.3923785164952278,0.2689804396929836
00070,/Users/nikko/Downloads/moi-main/project_root/data/visualizations/video/pushups_video5/frame_00070.png,"[48, 237, 575, 349]",RIGHT_ELBOW,0.00990539470759832,-0.3736717665345895,0.9984105825424194,0.6551172435283661,0.3923785164952278,0.2689804396929836
00070,/Users/nikko/Downloads/moi-main/project_root/data/visualizations/video/pushups_video5/frame_00070.png,"[48, 237, 575, 349]",RIGHT_WRIST,0.014669681152120504,1.6989883941715043,0.9982621073722839,0.6551172435283661,0.3923785164952278,0.2689804396929836
00070,/Users/nikko/Downloads/moi-main/project_root/data/visualizations/video/pushups_video5/frame_00070.png,"[48, 237, 575, 349]",LEFT_KNEE,-1.3159526442249248,0.3549999185730316,0.5893266201019287,0.6551172435283661,0.3923785164952278,0.2689804396929836
00070,/Users/nikko/Downloads/moi-main/project_root/data/visualizations/video/pushups_video5/frame_00070.png,"[48, 237, 575, 349]",RIGHT_KNEE,-1.388179226723881,0.7698760873118478,0.9981868863105774,0.6551172435283661,0.3923785164952278,0.2689804396929836
00070,/Users/nikko/Downloads/moi-main/project_root/data/visualizations/video/pushups_video5/frame_00070.png,"[48, 237, 575, 349]",LEFT_ANKLE,-1.8972066701925487,-0.08305671966556842,0.7937794327735901,0.6551172435283661,0.3923785164952278,0.2689804396929836
00070,/Users/nikko/Downloads/moi-main/project_root/data/visualizations/video/pushups_video5/frame_00070.png,"[48, 237, 575, 349]",RIGHT_ANKLE,-1.9126550351849507,-0.3129375293186941,0.994642972946167,0.6551172435283661,0.3923785164952278,0.2689804396929836
00070,/Users/nikko/Downloads/moi-main/project_root/data/visualizations/video/pushups_video5/frame_00070.png,"[48, 237, 575, 349]",LEFT_EYE,0.937384326898298,1.0648352770393996,0.9986557960510254,0.6551172435283661,0.3923785164952278,0.2689804396929836
00070,/Users/nikko/Downloads/moi-main/project_root/data/visualizations/video/pushups_video5/frame_00070.png,"[48, 237, 575, 349]",RIGHT_EYE,0.9343956789319133,1.0342126597211945,0.999575674533844,0.6551172435283661,0.3923785164952278,0.2689804396929836
00071,/Users/nikko/Downloads/moi-main/project_root/data/visualizations/video/pushups_video5/frame_00071.png,"[48, 236, 574, 349]",LEFT_SHOULDER,0.47289836101496796,-0.08051477339756691,0.9996943473815918,0.6561422646045685,0.39583707600831985,0.27235037139858853
00071,/Users/nikko/Downloads/moi-main/project_root/data/visualizations/video/pushups_video5/frame_00071.png,"[48, 236, 574, 349]",RIGHT_SHOULDER,0.49963998617855576,-0.06473220282164306,0.99985671043396,0.6561422646045685,0.39583707600831985,0.27235037139858853
00071,/Users/nikko/Downloads/moi-main/project_root/data/visualizations/video/pushups_video5/frame_00071.png,"[48, 236, 574, 349]",LEFT_HIP,-0.48654711666868067,-0.10130579058834227,0.9993100166320801,0.6561422646045685,0.39583707600831985,0.27235037139858853
00071,/Users/nikko/Downloads/moi-main/project_root/data/visualizations/video/pushups_video5/frame_00071.png,"[48, 236, 574, 349]",RIGHT_HIP,-0.4859912305248431,0.24655276680755225,0.9997989535331726,0.6561422646045685,0.39583707600831985,0.27235037139858853
00071,/Users/nikko/Downloads/moi-main/project_root/data/visualizations/video/pushups_video5/frame_00071.png,"[48, 236, 574, 349]",RIGHT_ELBOW,-0.00016381133018205643,-0.380118693010547,0.9988417029380798,0.6561422646045685,0.39583707600831985,0.27235037139858853
00071,/Users/nikko/Downloads/moi-main/project_root/data/visualizations/video/pushups_video5/frame_00071.png,"[48, 236, 574, 349]",RIGHT_WRIST,0.02290940298970284,1.6514344074573113,0.9985508322715759,0.6561422646045685,0.39583707600831985,0.27235037139858853
00071,/Users/nikko/Downloads/moi-main/project_root/data/visualizations/video/pushups_video5/frame_00071.png,"[48, 236, 574, 349]",LEFT_KNEE,-1.284500119145482,0.3722709047190763,0.6848085522651672,0.6561422646045685,0.39583707600831985,0.27235037139858853
00071,/Users/nikko/Downloads/moi-main/project_root/data/visualizations/video/pushups_video5/frame_00071.png,"[48, 236, 574, 349]",RIGHT_KNEE,-1.3583692901074316,0.7507970878826147,0.9990549683570862,0.6561422646045685,0.39583707600831985,0.27235037139858853
00071,/Users/nikko/Downloads/moi-main/project_root/data/visualizations/video/pushups_video5/frame_00071.png,"[48, 236, 574, 349]",LEFT_ANKLE,-1.8435657566435557,-0.12671252302187602,0.8883466124534607,0.6561422646045685,0.39583707600831985,0.27235037139858853
00071,/Users/nikko/Downloads/moi-main/project_root/data/visualizations/video/pushups_video5/frame_00071.png,"[48, 236, 574, 349]",RIGHT_ANKLE,-1.8749131392469316,-0.197082894069837,0.9975851774215698,0.6561422646045685,0.39583707600831985,0.27235037139858853
00071,/Users/nikko/Downloads/moi-main/project_root/data/visualizations/video/pushups_video5/frame_00071.png,"[48, 236, 574, 349]",LEFT_EYE,0.924778207340531,1.0479884835166209,0.9990181922912598,0.6561422646045685,0.39583707600831985,0.27235037139858853
00071,/Users/nikko/Downloads/moi-main/project_root/data/visualizations/video/pushups_video5/frame_00071.png,"[48, 236, 574, 349]",RIGHT_EYE,0.9216140333769075,1.0073634924842834,0.999653697013855,0.6561422646045685,0.39583707600831985,0.27235037139858853
00072,/Users/nikko/Downloads/moi-main/project_root/data/visualizations/video/pushups_video5/frame_00072.png,"[48, 235, 573, 349]",LEFT_SHOULDER,0.47081518038697084,-0.06703039905806873,0.9998519420623779,0.6511631458997726,0.40549787133932114,0.287112855309681
00072,/Users/nikko/Downloads/moi-main/project_root/data/visualizations/video/pushups_video5/frame_00072.png,"[48, 235, 573, 349]",RIGHT_SHOULDER,0.5008268824497722,-0.12918782795698844,0.9999247789382935,0.6511631458997726,0.40549787133932114,0.287112855309681
00072,/Users/nikko/Downloads/moi-main/project_root/data/visualizations/video/pushups_video5/frame_00072.png,"[48, 235, 573, 349]",LEFT_HIP,-0.4870834473575262,-0.06428852132144888,0.9980338215827942,0.6511631458997726,0.40549787133932114,0.287112855309681
00072,/Users/nikko/Downloads/moi-main/project_root/data/visualizations/video/pushups_video5/frame_00072.png,"[48, 235, 573, 349]",RIGHT_HIP,-0.48455861547921686,0.26050674833650606,0.9993268251419067,0.6511631458997726,0.40549787133932114,0.287112855309681
00072,/Users/nikko/Downloads/moi-main/project_root/data/visualizations/video/pushups_video5/frame_00072.png,"[48, 235, 573, 349]",RIGHT_ELBOW,0.01741043057740361,-0.4254155653401258,0.9982511401176453,0.6511631458997726,0.40549787133932114,0.287112855309681
00072,/Users/nikko/Downloads/moi-main/project_root/data/visualizations/video/pushups_video5/frame_00072.png,"[48, 235, 573, 349]",RIGHT_WRIST,0.026976225947304772,1.590858456342479,0.9985179305076599,0.6511631458997726,0.40549787133932114,0.287112855309681
00072,/Users/nikko/Downloads/moi-main/project_root/data/visualizations/video/pushups_video5/frame_00072.png,"[48, 235, 573, 349]",LEFT_KNEE,-1.2400134538361267,0.3243333854838673,0.6406553983688354,0.6511631458997726,0.40549787133932114,0.287112855309681
00072,/Users/nikko/Downloads/moi-main/project_root/data/visualizations/video/pushups_video5/frame_00072.png,"[48, 235, 573, 349]",RIGHT_KNEE,-1.2740942207921038,0.6923436169517487,0.9962641596794128,0.6511631458997726,0.40549787133932114,0.287112855309681
00072,/Users/nikko/Downloads/moi-main/project_root/data/visualizations/video/pushups_video5/frame_00072.png,"[48, 235, 573, 349]",LEFT_ANKLE,-1.8986225547749205,-0.12092845973806579,0.8145050406455994,0.6511631458997726,0.40549787133932114,0.287112855309681
00072,/Users/nikko/Downloads/moi-main/project_root/data/visualizations/video/pushups_video5/frame_00072.png,"[48, 235, 573, 349]",RIGHT_ANKLE,-1.9367102104073692,-0.010700822724832222,0.995216965675354,0.6511631458997726,0.40549787133932114,0.287112855309681
00072,/Users/nikko/Downloads/moi-main/project_root/data/visualizations/video/pushups_video5/frame_00072.png,"[48, 235, 573, 349]",LEFT_EYE,0.9057281628286277,0.950172298618778,0.9996802806854248,0.6511631458997726,0.40549787133932114,0.287112855309681
00072,/Users/nikko/Downloads/moi-main/project_root/data/visualizations/video/pushups_video5/frame_00072.png,"[48, 235, 573, 349]",RIGHT_EYE,0.9045350853081011,0.9165180459773864,0.9998829364776611,0.6511631458997726,0.40549787133932114,0.287112855309681
00073,/Users/nikko/Downloads/moi-main/project_root/data/visualizations/video/pushups_video5/frame_00073.png,"[46, 237, 574, 350]",LEFT_SHOULDER,0.4806539765989726,-0.04177943965611377,0.9998284578323364,0.6513337641954422,0.38393980264663696,0.2801491543188643
00073,/Users/nikko/Downloads/moi-main/project_root/data/visualizations/video/pushups_video5/frame_00073.png,"[46, 237, 574, 350]",RIGHT_SHOULDER,0.5066896789145594,-0.099927387553129,0.9999194145202637,0.6513337641954422,0.38393980264663696,0.2801491543188643
00073,/Users/nikko/Downloads/moi-main/project_root/data/visualizations/video/pushups_video5/frame_00073.png,"[46, 237, 574, 350]",LEFT_HIP,-0.49470711983959315,-0.02814851941967951,0.9986629486083984,0.6513337641954422,0.38393980264663696,0.2801491543188643
00073,/Users/nikko/Downloads/moi-main/project_root/data/visualizations/video/pushups_video5/frame_00073.png,"[46, 237, 574, 350]",RIGHT_HIP,-0.4926365356739388,0.16985534662892227,0.9995431900024414,0.6513337641954422,0.38393980264663696,0.2801491543188643
00073,/Users/nikko/Downloads/moi-main/project_root/data/visualizations/video/pushups_video5/frame_00073.png,"[46, 237, 574, 350]",RIGHT_ELBOW,0.019316250325683595,-0.4117579586297828,0.9983091354370117,0.6513337641954422,0.38393980264663696,0.2801491543188643
00073,/Users/nikko/Downloads/moi-main/project_root/data/visualizations/video/pushups_video5/frame_00073.png,"[46, 237, 574, 350]",RIGHT_WRIST,0.015156571839996327,1.6700359139641456,0.998803973197937,0.6513337641954422,0.38393980264663696,0.2801491543188643
00073,/Users/nikko/Downloads/moi-main/project_root/data/visualizations/video/pushups_video5/frame_00073.png,"[46, 237, 574, 350]",LEFT_KNEE,-1.2594408504641847,0.42640629907585115,0.7403965592384338,0.6513337641954422,0.38393980264663696,0.2801491543188643
00073,/Users/nikko/Downloads/moi-main/project_root/data/visualizations/video/pushups_video5/frame_00073.png,"[46, 237, 574, 350]",RIGHT_KNEE,-1.3053322038972732,0.6679831749117284,0.9978559613227844,0.6513337641954422,0.38393980264663696,0.2801491543188643
00073,/Users/nikko/Downloads/moi-main/project_root/data/visualizations/video/pushups_video5/frame_00073.png,"[46, 237, 574, 350]",LEFT_ANKLE,-1.9222359695202413,-0.05122483101884935,0.8895641565322876,0.6513337641954422,0.38393980264663696,0.2801491543188643
00073,/Users/nikko/Downloads/moi-main/project_root/data/visualizations/video/pushups_video5/frame_00073.png,"[46, 237, 574, 350]",RIGHT_ANKLE,-1.9718853098129634,-0.08773132342162414,0.9974042773246765,0.6513337641954422,0.38393980264663696,0.2801491543188643
00073,/Users/nikko/Downloads/moi-main/project_root/data/visualizations/video/pushups_video5/frame_00073.png,"[46, 237, 574, 350]",LEFT_EYE,0.9250374652634967,0.9551097109860744,0.9996011853218079,0.6513337641954422,0.38393980264663696,0.2801491543188643
00073,/Users/nikko/Downloads/moi-main/project_root/data/visualizations/video/pushups_video5/frame_00073.png,"[46, 237, 574, 350]",RIGHT_EYE,0.9228045449163387,0.909270483849799,0.9998528957366943,0.6513337641954422,0.38393980264663696,0.2801491543188643
00074,/Users/nikko/Downloads/moi-main/project_root/data/visualizations/video/pushups_video5/frame_00074.png,"[47, 237, 573, 350]",LEFT_SHOULDER,0.4648076082170612,0.24994918277956213,0.9999767541885376,0.6708036363124847,0.3568747937679291,0.2324216737964862
00074,/Users/nikko/Downloads/moi-main/project_root/data/visualizations/video/pushups_video5/frame_00074.png,"[47, 237, 573, 350]",RIGHT_SHOULDER,0.5098254345765916,-0.10814541473630418,0.999972939491272,0.6708036363124847,0.3568747937679291,0.2324216737964862
00074,/Users/nikko/Downloads/moi-main/project_root/data/visualizations/video/pushups_video5/frame_00074.png,"[47, 237, 573, 350]",LEFT_HIP,-0.45271237879948084,-0.0733352141956751,0.9998362064361572,0.6708036363124847,0.3568747937679291,0.2324216737964862
00074,/Users/nikko/Downloads/moi-main/project_root/data/visualizations/video/pushups_video5/frame_00074.png,"[47, 237, 573, 350]",RIGHT_HIP,-0.5219206639941719,-0.06846855384758285,0.999945878982544,0.6708036363124847,0.3568747937679291,0.2324216737964862
00074,/Users/nikko/Downloads/moi-main/project_root/data/visualizations/video/pushups_video5/frame_00074.png,"[47, 237, 573, 350]",RIGHT_ELBOW,-0.08112002430932257,-0.38814866785595165,0.9967108964920044,0.6708036363124847,0.3568747937679291,0.2324216737964862
00074,/Users/nikko/Downloads/moi-main/project_root/data/visualizations/video/pushups_video5/frame_00074.png,"[47, 237, 573, 350]",RIGHT_WRIST,0.02431368328039747,2.099327173713719,0.9934600591659546,0.6708036363124847,0.3568747937679291,0.2324216737964862
00074,/Users/nikko/Downloads/moi-main/project_root/data/visualizations/video/pushups_video5/frame_00074.png,"[47, 237, 573, 350]",RIGHT_KNEE,-1.2475427480101329,0.6621880373414599,0.9966519474983215,0.6708036363124847,0.3568747937679291,0.2324216737964862
00074,/Users/nikko/Downloads/moi-main/project_root/data/visualizations/video/pushups_video5/frame_00074.png,"[47, 237, 573, 350]",LEFT_ANKLE,-1.8104861248984425,0.3239075715890257,0.6173028945922852,0.6708036363124847,0.3568747937679291,0.2324216737964862
00074,/Users/nikko/Downloads/moi-main/project_root/data/visualizations/video/pushups_video5/frame_00074.png,"[47, 237, 573, 350]",RIGHT_ANKLE,-1.8064943452890085,-0.0826652665461055,0.9939217567443848,0.6708036363124847,0.3568747937679291,0.2324216737964862
00074,/Users/nikko/Downloads/moi-main/project_root/data/visualizations/video/pushups_video5/frame_00074.png,"[47, 237, 573, 350]",LEFT_EYE,1.0091516591631389,1.315041919125156,0.9999434947967529,0.6708036363124847,0.3568747937679291,0.2324216737964862
00074,/Users/nikko/Downloads/moi-main/project_root/data/visualizations/video/pushups_video5/frame_00074.png,"[47, 237, 573, 350]",RIGHT_EYE,1.004444767450598,1.2523846608889944,0.999976396560669,0.6708036363124847,0.3568747937679291,0.2324216737964862
00075,/Users/nikko/Downloads/moi-main/project_root/data/visualizations/video/pushups_video5/frame_00075.png,"[49, 239, 579, 350]",LEFT_SHOULDER,0.460995796473324,-0.0661448367841828,0.9995679259300232,0.640266552567482,0.3382098823785782,0.2843983011437706
00075,/Users/nikko/Downloads/moi-main/project_root/data/visualizations/video/pushups_video5/frame_00075.png,"[49, 239, 579, 350]",RIGHT_SHOULDER,0.4997195559223907,-0.1455146379170596,0.9998155236244202,0.640266552567482,0.3382098823785782,0.2843983011437706
00075,/Users/nikko/Downloads/moi-main/project_root/data/visualizations/video/pushups_video5/frame_00075.png,"[49, 239, 579, 350]",LEFT_HIP,-0.4826123548155383,-0.11288676824991042,0.997830331325531,0.640266552567482,0.3382098823785782,0.2843983011437706
00075,/Users/nikko/Downloads/moi-main/project_root/data/visualizations/video/pushups_video5/frame_00075.png,"[49, 239, 579, 350]",RIGHT_HIP,-0.4781029975801764,0.3245462429511528,0.9992600083351135,0.640266552567482,0.3382098823785782,0.2843983011437706
00075,/Users/nikko/Downloads/moi-main/project_root/data/visualizations/video/pushups_video5/frame_00075.png,"[49, 239, 579, 350]",RIGHT_ELBOW,0.025330815465489688,-0.3011688849801556,0.9960429668426514,0.640266552567482,0.3382098823785782,0.2843983011437706
00075,/Users/nikko/Downloads/moi-main/project_root/data/visualizations/video/pushups_video5/frame_00075.png,"[49, 239, 579, 350]",RIGHT_WRIST,0.023369970220367627,1.7638730902310176,0.998310923576355,0.640266552567482,0.3382098823785782,0.2843983011437706
00075,/Users/nikko/Downloads/moi-main/project_root/data/visualizations/video/pushups_video5/frame_00075.png,"[49, 239, 579, 350]",RIGHT_KNEE,-1.2645633186892944,0.7754216069928407,0.9882432818412781,0.640266552567482,0.3382098823785782,0.2843983011437706
00075,/Users/nikko/Downloads/moi-main/project_root/data/visualizations/video/pushups_video5/frame_00075.png,"[49, 239, 579, 350]",LEFT_ANKLE,-1.7496685939814698,-0.011540661995933902,0.5202412009239197,0.640266552567482,0.3382098823785782,0.2843983011437706
00075,/Users/nikko/Downloads/moi-main/project_root/data/visualizations/video/pushups_video5/frame_00075.png,"[49, 239, 579, 350]",RIGHT_ANKLE,-1.78026635169192,0.3035242675461351,0.986774206161499,0.640266552567482,0.3382098823785782,0.2843983011437706
00075,/Users/nikko/Downloads/moi-main/project_root/data/visualizations/video/pushups_video5/frame_00075.png,"[49, 239, 579, 350]",LEFT_EYE,0.9022666655333735,1.042013985187652,0.993374764919281,0.640266552567482,0.3382098823785782,0.2843983011437706
00075,/Users/nikko/Downloads/moi-main/project_root/data/visualizations/video/pushups_video5/frame_00075.png,"[49, 239, 579, 350]",RIGHT_EYE,0.902542474890212,1.0054828682091355,0.9976627826690674,0.640266552567482,0.3382098823785782,0.2843983011437706
00076,/Users/nikko/Downloads/moi-main/project_root/data/visualizations/video/pushups_video5/frame_00076.png,"[54, 239, 574, 348]",LEFT_SHOULDER,0.46072702822507206,0.019279609958982476,0.9998043179512024,0.6463478952646255,0.3357219770550728,0.277205463816576
00076,/Users/nikko/Downloads/moi-main/project_root/data/visualizations/video/pushups_video5/frame_00076.png,"[54, 239, 574, 348]",RIGHT_SHOULDER,0.5098321597155065,-0.2506630432968428,0.9998631477355957,0.6463478952646255,0.3357219770550728,0.277205463816576
00076,/Users/nikko/Downloads/moi-main/project_root/data/visualizations/video/pushups_video5/frame_00076.png,"[54, 239, 574, 348]",LEFT_HIP,-0.4886820662229642,0.05609851391416384,0.9982574582099915,0.6463478952646255,0.3357219770550728,0.277205463816576
00076,/Users/nikko/Downloads/moi-main/project_root/data/visualizations/video/pushups_video5/frame_00076.png,"[54, 239, 574, 348]",RIGHT_HIP,-0.4818771217176144,0.1752849194236965,0.9993797540664673,0.6463478952646255,0.3357219770550728,0.277205463816576
00076,/Users/nikko/Downloads/moi-main/project_root/data/visualizations/video/pushups_video5/frame_00076.png,"[54, 239, 574, 348]",LEFT_ELBOW,-0.024933741976633395,-0.24835136614893408,0.5405877828598022,0.6463478952646255,0.3357219770550728,0.277205463816576
00076,/Users/nikko/Downloads/moi-main/project_root/data/visualizations/video/pushups_video5/frame_00076.png,"[54, 239, 574, 348]",RIGHT_ELBOW,0.02929961014235874,-0.30041226639704016,0.999312162399292,0.6463478952646255,0.3357219770550728,0.277205463816576
00076,/Users/nikko/Downloads/moi-main/project_root/data/visualizations/video/pushups_video5/frame_00076.png,"[54, 239, 574, 348]",RIGHT_WRIST,0.06740153684347737,1.8606474290029742,0.9993253946304321,0.6463478952646255,0.3357219770550728,0.277205463816576
00076,/Users/nikko/Downloads/moi-main/project_root/data/visualizations/video/pushups_video5/frame_00076.png,"[54, 239, 574, 348]",LEFT_KNEE,-1.3058499395911296,0.4412071337146257,0.6116724610328674,0.6463478952646255,0.3357219770550728,0.277205463816576
00076,/Users/nikko/Downloads/moi-main/project_root/data/visualizations/video/pushups_video5/frame_00076.png,"[54, 239, 574, 348]",RIGHT_KNEE,-1.3594293091926475,0.7969155678926866,0.9975675344467163,0.6463478952646255,0.3357219770550728,0.277205463816576
00076,/Users/nikko/Downloads/moi-main/project_root/data/visualizations/video/pushups_video5/frame_00076.png,"[54, 239, 574, 348]",LEFT_ANKLE,-1.9136229963171727,0.02857813830623519,0.7462757229804993,0.6463478952646255,0.3357219770550728,0.277205463816576
00076,/Users/nikko/Downloads/moi-main/project_root/data/visualizations/video/pushups_video5/frame_00076.png,"[54, 239, 574, 348]",RIGHT_ANKLE,-1.92272972706272,0.0037849654799548167,0.9913219809532166,0.6463478952646255,0.3357219770550728,0.277205463816576
00076,/Users/nikko/Downloads/moi-main/project_root/data/visualizations/video/pushups_video5/frame_00076.png,"[54, 239, 574, 348]",LEFT_EYE,0.9279803891366489,1.0270911816361752,0.9991243481636047,0.6463478952646255,0.3357219770550728,0.277205463816576
00076,/Users/nikko/Downloads/moi-main/project_root/data/visualizations/video/pushups_video5/frame_00076.png,"[54, 239, 574, 348]",RIGHT_EYE,0.9256091515227397,0.9875580835931832,0.9996514320373535,0.6463478952646255,0.3357219770550728,0.277205463816576
00077,/Users/nikko/Downloads/moi-main/project_root/data/visualizations/video/pushups_video5/frame_00077.png,"[52, 235, 568, 347]",LEFT_SHOULDER,0.4609302861321855,0.04549155161451418,0.9999642372131348,0.6478378474712372,0.34166254103183746,0.2916626751826207
00077,/Users/nikko/Downloads/moi-main/project_root/data/visualizations/video/pushups_video5/frame_00077.png,"[52, 235, 568, 347]",RIGHT_SHOULDER,0.5153538181806226,-0.2615955423636724,0.9999703168869019,0.6478378474712372,0.34166254103183746,0.2916626751826207
00077,/Users/nikko/Downloads/moi-main/project_root/data/visualizations/video/pushups_video5/frame_00077.png,"[52, 235, 568, 347]",LEFT_HIP,-0.48975405628992547,-0.02582675651434186,0.9973921775817871,0.6478378474712372,0.34166254103183746,0.2916626751826207
00077,/Users/nikko/Downloads/moi-main/project_root/data/visualizations/video/pushups_video5/frame_00077.png,"[52, 235, 568, 347]",RIGHT_HIP,-0.48653004802288274,0.24193074726350006,0.9990370273590088,0.6478378474712372,0.34166254103183746,0.2916626751826207
00077,/Users/nikko/Downloads/moi-main/project_root/data/visualizations/video/pushups_video5/frame_00077.png,"[52, 235, 568, 347]",LEFT_ELBOW,-0.00480832140663758,-0.17595710750482457,0.682895302772522,0.6478378474712372,0.34166254103183746,0.2916626751826207
00077,/Users/nikko/Downloads/moi-main/project_root/data/visualizations/video/pushups_video5/frame_00077.png,"[52, 235, 568, 347]",RIGHT_ELBOW,0.04284879876795424,-0.2553352319397086,0.9987217783927917,0.6478378474712372,0.34166254103183746,0.2916626751826207
00077,/Users/nikko/Downloads/moi-main/project_root/data/visualizations/video/pushups_video5/frame_00077.png,"[52, 235, 568, 347]",LEFT_WRIST,-0.007369993796811287,1.5395536111555908,0.697739839553833,0.6478378474712372,0.34166254103183746,0.2916626751826207
00077,/Users/nikko/Downloads/moi-main/project_root/data/visualizations/video/pushups_video5/frame_00077.png,"[52, 235, 568, 347]",RIGHT_WRIST,0.07691669139910842,1.793750191468658,0.9994304776191711,0.6478378474712372,0.34166254103183746,0.2916626751826207
00077,/Users/nikko/Downloads/moi-main/project_root/data/visualizations/video/pushups_video5/frame_00077.png,"[52, 235, 568, 347]",LEFT_KNEE,-1.2459074293050327,0.45144704033946764,0.6770671606063843,0.6478378474712372,0.34166254103183746,0.2916626751826207
00077,/Users/nikko/Downloads/moi-main/project_root/data/visualizations/video/pushups_video5/frame_00077.png,"[52, 235, 568, 347]",RIGHT_KNEE,-1.2665059524587114,0.7786561884503765,0.9951321482658386,0.6478378474712372,0.34166254103183746,0.2916626751826207
00077,/Users/nikko/Downloads/moi-main/project_root/data/visualizations/video/pushups_video5/frame_00077.png,"[52, 235, 568, 347]",LEFT_ANKLE,-1.944652773775006,0.18171898003811157,0.7777509689331055,0.6478378474712372,0.34166254103183746,0.2916626751826207
00077,/Users/nikko/Downloads/moi-main/project_root/data/visualizations/video/pushups_video5/frame_00077.png,"[52, 235, 568, 347]",RIGHT_ANKLE,-1.9734242273685747,0.41060834206052405,0.9945868253707886,0.6478378474712372,0.34166254103183746,0.2916626751826207
00077,/Users/nikko/Downloads/moi-main/project_root/data/visualizations/video/pushups_video5/frame_00077.png,"[52, 235, 568, 347]",LEFT_EYE,0.9125366774127172,0.9237422825915048,0.9998660087585449,0.6478378474712372,0.34166254103183746,0.2916626751826207
00077,/Users/nikko/Downloads/moi-main/project_root/data/visualizations/video/pushups_video5/frame_00077.png,"[52, 235, 568, 347]",RIGHT_EYE,0.9122816341623832,0.8761754902347396,0.9999357461929321,0.6478378474712372,0.34166254103183746,0.2916626751826207
00078,/Users/nikko/Downloads/moi-main/project_root/data/visualizations/video/pushups_video5/frame_00078.png,"[50, 230, 566, 348]",LEFT_SHOULDER,0.4522945740750959,0.01817081852424219,0.9999430179595947,0.6501142829656601,0.34076303243637085,0.28990268607074493
00078,/Users/nikko/Downloads/moi-main/project_root/data/visualizations/video/pushups_video5/frame_00078.png,"[50, 230, 566, 348]",RIGHT_SHOULDER,0.5216207746206486,-0.2434106543275074,0.9999685287475586,0.6501142829656601,0.34076303243637085,0.28990268607074493
00078,/Users/nikko/Downloads/moi-main/project_root/data/visualizations/video/pushups_video5/frame_00078.png,"[50, 230, 566, 348]",LEFT_HIP,-0.4871644074110734,0.018088063618286472,0.9977321624755859,0.6501142829656601,0.34076303243637085,0.28990268607074493
00078,/Users/nikko/Downloads/moi-main/project_root/data/visualizations/video/pushups_video5/frame_00078.png,"[50, 230, 566, 348]",RIGHT_HIP,-0.48675094128467106,0.2071517721849787,0.9993240833282471,0.6501142829656601,0.34076303243637085,0.28990268607074493
00078,/Users/nikko/Downloads/moi-main/project_root/data/visualizations/video/pushups_video5/frame_00078.png,"[50, 230, 566, 348]",LEFT_ELBOW,-0.0008568987808619787,-0.10549430929434357,0.5304036140441895,0.6501142829656601,0.34076303243637085,0.28990268607074493
00078,/Users/nikko/Downloads/moi-main/project_root/data/visualizations/video/pushups_video5/frame_00078.png,"[50, 230, 566, 348]",RIGHT_ELBOW,0.0505736818531733,-0.2253774865101903,0.9986099004745483,0.6501142829656601,0.34076303243637085,0.28990268607074493
00078,/Users/nikko/Downloads/moi-main/project_root/data/visualizations/video/pushups_video5/frame_00078.png,"[50, 230, 566, 348]",LEFT_WRIST,-0.01905393159208393,1.5309530128412443,0.5860106945037842,0.6501142829656601,0.34076303243637085,0.28990268607074493
00078,/Users/nikko/Downloads/moi-main/project_root/data/visualizations/video/pushups_video5/frame_00078.png,"[50, 230, 566, 348]",RIGHT_WRIST,0.056098625537252984,1.7470600994641368,0.9995222091674805,0.6501142829656601,0.34076303243637085,0.28990268607074493
00078,/Users/nikko/Downloads/moi-main/project_root/data/visualizations/video/pushups_video5/frame_00078.png,"[50, 230, 566, 348]",LEFT_KNEE,-1.219544194306804,0.45144641338989383,0.5880579352378845,0.6501142829656601,0.34076303243637085,0.28990268607074493
00078,/Users/nikko/Downloads/moi-main/project_root/data/visualizations/video/pushups_video5/frame_00078.png,"[50, 230, 566, 348]",RIGHT_KNEE,-1.2511562599785122,0.772450329166242,0.9958414435386658,0.6501142829656601,0.34076303243637085,0.28990268607074493
00078,/Users/nikko/Downloads/moi-main/project_root/data/visualizations/video/pushups_video5/frame_00078.png,"[50, 230, 566, 348]",LEFT_ANKLE,-1.8820534486979317,0.15432864750612832,0.7931593060493469,0.6501142829656601,0.34076303243637085,0.28990268607074493
00078,/Users/nikko/Downloads/moi-main/project_root/data/visualizations/video/pushups_video5/frame_00078.png,"[50, 230, 566, 348]",RIGHT_ANKLE,-1.9643775151370535,0.4464790630100425,0.9971291422843933,0.6501142829656601,0.34076303243637085,0.28990268607074493
00078,/Users/nikko/Downloads/moi-main/project_root/data/visualizations/video/pushups_video5/frame_00078.png,"[50, 230, 566, 348]",LEFT_EYE,0.9146372899517853,0.8913096071729969,0.9997649788856506,0.6501142829656601,0.34076303243637085,0.28990268607074493
00078,/Users/nikko/Downloads/moi-main/project_root/data/visualizations/video/pushups_video5/frame_00078.png,"[50, 230, 566, 348]",RIGHT_EYE,0.9158063443499572,0.8397589548244818,0.9999057054519653,0.6501142829656601,0.34076303243637085,0.28990268607074493
00079,/Users/nikko/Downloads/moi-main/project_root/data/visualizations/video/pushups_video5/frame_00079.png,"[52, 228, 564, 347]",LEFT_SHOULDER,0.4502347794150238,0.0050759468441184214,0.9999191761016846,0.6492112874984741,0.32494930922985077,0.29091915626740117
00079,/Users/nikko/Downloads/moi-main/project_root/data/visualizations/video/pushups_video5/frame_00079.png,"[52, 228, 564, 347]",RIGHT_SHOULDER,0.516892929424471,-0.25768629430573736,0.9999107122421265,0.6492112874984741,0.32494930922985077,0.29091915626740117
00079,/Users/nikko/Downloads/moi-main/project_root/data/visualizations/video/pushups_video5/frame_00079.png,"[52, 228, 564, 347]",LEFT_HIP,-0.4845081642111496,0.034016614076647654,0.9978435039520264,0.6492112874984741,0.32494930922985077,0.29091915626740117
00079,/Users/nikko/Downloads/moi-main/project_root/data/visualizations/video/pushups_video5/frame_00079.png,"[52, 228, 564, 347]",RIGHT_HIP,-0.48261954462834517,0.21859373338497126,0.9991445541381836,0.6492112874984741,0.32494930922985077,0.29091915626740117
00079,/Users/nikko/Downloads/moi-main/project_root/data/visualizations/video/pushups_video5/frame_00079.png,"[52, 228, 564, 347]",RIGHT_ELBOW,0.05996828164128386,-0.1069056925686559,0.9969940185546875,0.6492112874984741,0.32494930922985077,0.29091915626740117
00079,/Users/nikko/Downloads/moi-main/project_root/data/visualizations/video/pushups_video5/frame_00079.png,"[52, 228, 564, 347]",LEFT_WRIST,-0.003209096173298493,1.5843492510390227,0.6195192933082581,0.6492112874984741,0.32494930922985077,0.29091915626740117
00079,/Users/nikko/Downloads/moi-main/project_root/data/visualizations/video/pushups_video5/frame_00079.png,"[52, 228, 564, 347]",RIGHT_WRIST,0.07077836478599273,1.7964770029129697,0.9981173276901245,0.6492112874984741,0.32494930922985077,0.29091915626740117
00079,/Users/nikko/Downloads/moi-main/project_root/data/visualizations/video/pushups_video5/frame_00079.png,"[52, 228, 564, 347]",LEFT_KNEE,-1.2399246500996568,0.5795043667484262,0.6122455596923828,0.6492112874984741,0.32494930922985077,0.29091915626740117
00079,/Users/nikko/Downloads/moi-main/project_root/data/visualizations/video/pushups_video5/frame_00079.png,"[52, 228, 564, 347]",RIGHT_KNEE,-1.2619616526378503,0.8112094902111672,0.9936143755912781,0.6492112874984741,0.32494930922985077,0.29091915626740117
00079,/Users/nikko/Downloads/moi-main/project_root/data/visualizations/video/pushups_video5/frame_00079.png,"[52, 228, 564, 347]",LEFT_ANKLE,-1.9374233321929104,0.38382889267974973,0.8250867128372192,0.6492112874984741,0.32494930922985077,0.29091915626740117
00079,/Users/nikko/Downloads/moi-main/project_root/data/visualizations/video/pushups_video5/frame_00079.png,"[52, 228, 564, 347]",RIGHT_ANKLE,-1.9622050615960465,0.4636306507567037,0.9942465424537659,0.6492112874984741,0.32494930922985077,0.29091915626740117
00079,/Users/nikko/Downloads/moi-main/project_root/data/visualizations/video/pushups_video5/frame_00079.png,"[52, 228, 564, 347]",LEFT_EYE,0.9214939228036924,0.9018773671733264,0.9995638728141785,0.6492112874984741,0.32494930922985077,0.29091915626740117
00079,/Users/nikko/Downloads/moi-main/project_root/data/visualizations/video/pushups_video5/frame_00079.png,"[52, 228, 564, 347]",RIGHT_EYE,0.9212976440490463,0.860846092561707,0.999799907207489,0.6492112874984741,0.32494930922985077,0.29091915626740117
00080,/Users/nikko/Downloads/moi-main/project_root/data/visualizations/video/pushups_video5/frame_00080.png,"[50, 226, 563, 348]",LEFT_SHOULDER,0.44623701364097923,-0.07773427978746773,0.9997596144676208,0.6462616920471191,0.30892790481448174,0.2993288783151562
00080,/Users/nikko/Downloads/moi-main/project_root/data/visualizations/video/pushups_video5/frame_00080.png,"[50, 226, 563, 348]",RIGHT_SHOULDER,0.5065786539396129,-0.22550523793380153,0.9998220801353455,0.6462616920471191,0.30892790481448174,0.2993288783151562
00080,/Users/nikko/Downloads/moi-main/project_root/data/visualizations/video/pushups_video5/frame_00080.png,"[50, 226, 563, 348]",LEFT_HIP,-0.4780480479312717,0.0734716794497201,0.9912444949150085,0.6462616920471191,0.30892790481448174,0.2993288783151562
00080,/Users/nikko/Downloads/moi-main/project_root/data/visualizations/video/pushups_video5/frame_00080.png,"[50, 226, 563, 348]",RIGHT_HIP,-0.4747676196493204,0.22976783827154915,0.9969586133956909,0.6462616920471191,0.30892790481448174,0.2993288783151562
00080,/Users/nikko/Downloads/moi-main/project_root/data/visualizations/video/pushups_video5/frame_00080.png,"[50, 226, 563, 348]",RIGHT_ELBOW,0.07462605955356703,-0.06653484506319654,0.996518611907959,0.6462616920471191,0.30892790481448174,0.2993288783151562
00080,/Users/nikko/Downloads/moi-main/project_root/data/visualizations/video/pushups_video5/frame_00080.png,"[50, 226, 563, 348]",RIGHT_WRIST,0.06585886904745133,1.753417951997889,0.999226450920105,0.6462616920471191,0.30892790481448174,0.2993288783151562
00080,/Users/nikko/Downloads/moi-main/project_root/data/visualizations/video/pushups_video5/frame_00080.png,"[50, 226, 563, 348]",RIGHT_KNEE,-1.2241743318925717,0.7630723051071161,0.9705042839050293,0.6462616920471191,0.30892790481448174,0.2993288783151562
00080,/Users/nikko/Downloads/moi-main/project_root/data/visualizations/video/pushups_video5/frame_00080.png,"[50, 226, 563, 348]",LEFT_ANKLE,-1.8692124879265946,0.520713391457616,0.6176809072494507,0.6462616920471191,0.30892790481448174,0.2993288783151562
00080,/Users/nikko/Downloads/moi-main/project_root/data/visualizations/video/pushups_video5/frame_00080.png,"[50, 226, 563, 348]",RIGHT_ANKLE,-1.907090542302749,0.5240132346817483,0.9797938466072083,0.6462616920471191,0.30892790481448174,0.2993288783151562
00080,/Users/nikko/Downloads/moi-main/project_root/data/visualizations/video/pushups_video5/frame_00080.png,"[50, 226, 563, 348]",LEFT_EYE,0.8981858037078108,0.8187688955979873,0.9938063621520996,0.6462616920471191,0.30892790481448174,0.2993288783151562
00080,/Users/nikko/Downloads/moi-main/project_root/data/visualizations/video/pushups_video5/frame_00080.png,"[50, 226, 563, 348]",RIGHT_EYE,0.8949069684467564,0.7823052446506722,0.9976750016212463,0.6462616920471191,0.30892790481448174,0.2993288783151562
00081,/Users/nikko/Downloads/moi-main/project_root/data/visualizations/video/pushups_video5/frame_00081.png,"[51, 223, 564, 349]",LEFT_SHOULDER,0.440663021807614,-0.0946569162911416,0.9999115467071533,0.6408416703343391,0.2912163883447647,0.3062373392872182
00081,/Users/nikko/Downloads/moi-main/project_root/data/visualizations/video/pushups_video5/frame_00081.png,"[51, 223, 564, 349]",RIGHT_SHOULDER,0.4975526305426535,-0.25003664068517234,0.9999406337738037,0.6408416703343391,0.2912163883447647,0.3062373392872182
00081,/Users/nikko/Downloads/moi-main/project_root/data/visualizations/video/pushups_video5/frame_00081.png,"[51, 223, 564, 349]",LEFT_HIP,-0.47275203451330816,0.07383092228985101,0.9941666126251221,0.6408416703343391,0.2912163883447647,0.3062373392872182
00081,/Users/nikko/Downloads/moi-main/project_root/data/visualizations/video/pushups_video5/frame_00081.png,"[51, 223, 564, 349]",RIGHT_HIP,-0.46546361783695933,0.27086263468646293,0.9978823065757751,0.6408416703343391,0.2912163883447647,0.3062373392872182
00081,/Users/nikko/Downloads/moi-main/project_root/data/visualizations/video/pushups_video5/frame_00081.png,"[51, 223, 564, 349]",LEFT_ELBOW,-0.018573307540340242,-0.011931883455669326,0.5456212162971497,0.6408416703343391,0.2912163883447647,0.3062373392872182
00081,/Users/nikko/Downloads/moi-main/project_root/data/visualizations/video/pushups_video5/frame_00081.png,"[51, 223, 564, 349]",RIGHT_ELBOW,0.05149312169831954,0.08395449636451575,0.9974266886711121,0.6408416703343391,0.2912163883447647,0.3062373392872182
00081,/Users/nikko/Downloads/moi-main/project_root/data/visualizations/video/pushups_video5/frame_00081.png,"[51, 223, 564, 349]",LEFT_WRIST,-0.020315100253588368,1.5856788725655497,0.6597909331321716,0.6408416703343391,0.2912163883447647,0.3062373392872182
00081,/Users/nikko/Downloads/moi-main/project_root/data/visualizations/video/pushups_video5/frame_00081.png,"[51, 223, 564, 349]",RIGHT_WRIST,0.09596635066397274,1.9208169963689725,0.9997954964637756,0.6408416703343391,0.2912163883447647,0.3062373392872182
00081,/Users/nikko/Downloads/moi-main/project_root/data/visualizations/video/pushups_video5/frame_00081.png,"[51, 223, 564, 349]",RIGHT_KNEE,-1.2004508027390766,0.8519129278443772,0.9864503145217896,0.6408416703343391,0.2912163883447647,0.3062373392872182
00081,/Users/nikko/Downloads/moi-main/project_root/data/visualizations/video/pushups_video5/frame_00081.png,"[51, 223, 564, 349]",LEFT_ANKLE,-1.8120064085401617,0.6184422462333483,0.7970138788223267,0.6408416703343391,0.2912163883447647,0.3062373392872182
00081,/Users/nikko/Downloads/moi-main/project_root/data/visualizations/video/pushups_video5/frame_00081.png,"[51, 223, 564, 349]",RIGHT_ANKLE,-1.9205064311663715,0.734973414443467,0.9947744011878967,0.6408416703343391,0.2912163883447647,0.3062373392872182
00081,/Users/nikko/Downloads/moi-main/project_root/data/visualizations/video/pushups_video5/frame_00081.png,"[51, 223, 564, 349]",LEFT_EYE,0.8875900208880578,0.7821604455994005,0.9988569021224976,0.6408416703343391,0.2912163883447647,0.3062373392872182
00081,/Users/nikko/Downloads/moi-main/project_root/data/visualizations/video/pushups_video5/frame_00081.png,"[51, 223, 564, 349]",RIGHT_EYE,0.8853213499901228,0.7577856632931984,0.9995388984680176,0.6408416703343391,0.2912163883447647,0.3062373392872182
00082,/Users/nikko/Downloads/moi-main/project_root/data/visualizations/video/pushups_video5/frame_00082.png,"[52, 221, 564, 349]",LEFT_SHOULDER,0.4421113257232344,-0.1925956378318001,0.999858021736145,0.6369411572813988,0.2642723023891449,0.3143133042111048
00082,/Users/nikko/Downloads/moi-main/project_root/data/visualizations/video/pushups_video5/frame_00082.png,"[52, 221, 564, 349]",RIGHT_SHOULDER,0.4705932890937138,-0.1828258582741365,0.9999395608901978,0.6369411572813988,0.2642723023891449,0.3143133042111048
00082,/Users/nikko/Downloads/moi-main/project_root/data/visualizations/video/pushups_video5/frame_00082.png,"[52, 221, 564, 349]",LEFT_HIP,-0.458311184335157,0.02501648778814034,0.9945850968360901,0.6369411572813988,0.2642723023891449,0.3143133042111048
00082,/Users/nikko/Downloads/moi-main/project_root/data/visualizations/video/pushups_video5/frame_00082.png,"[52, 221, 564, 349]",RIGHT_HIP,-0.4543934304817912,0.35040500831779625,0.9984717965126038,0.6369411572813988,0.2642723023891449,0.3143133042111048
00082,/Users/nikko/Downloads/moi-main/project_root/data/visualizations/video/pushups_video5/frame_00082.png,"[52, 221, 564, 349]",RIGHT_ELBOW,0.04495449268217239,0.19255676276028627,0.9961550831794739,0.6369411572813988,0.2642723023891449,0.3143133042111048
00082,/Users/nikko/Downloads/moi-main/project_root/data/visualizations/video/pushups_video5/frame_00082.png,"[52, 221, 564, 349]",RIGHT_WRIST,0.08412766962244071,1.9775909120234039,0.9998825788497925,0.6369411572813988,0.2642723023891449,0.3143133042111048
00082,/Users/nikko/Downloads/moi-main/project_root/data/visualizations/video/pushups_video5/frame_00082.png,"[52, 221, 564, 349]",RIGHT_KNEE,-1.159184728526638,0.8450859317379007,0.981934666633606,0.6369411572813988,0.2642723023891449,0.3143133042111048
00082,/Users/nikko/Downloads/moi-main/project_root/data/visualizations/video/pushups_video5/frame_00082.png,"[52, 221, 564, 349]",LEFT_ANKLE,-1.7745867819498302,0.7083873369771236,0.6824900507926941,0.6369411572813988,0.2642723023891449,0.3143133042111048
00082,/Users/nikko/Downloads/moi-main/project_root/data/visualizations/video/pushups_video5/frame_00082.png,"[52, 221, 564, 349]",RIGHT_ANKLE,-1.7807119761444485,0.7752369099523067,0.9935904741287231,0.6369411572813988,0.2642723023891449,0.3143133042111048
00082,/Users/nikko/Downloads/moi-main/project_root/data/visualizations/video/pushups_video5/frame_00082.png,"[52, 221, 564, 349]",LEFT_EYE,0.8823679075619568,0.7488673800409898,0.9960970282554626,0.6369411572813988,0.2642723023891449,0.3143133042111048
00082,/Users/nikko/Downloads/moi-main/project_root/data/visualizations/video/pushups_video5/frame_00082.png,"[52, 221, 564, 349]",RIGHT_EYE,0.8809386323717142,0.731438642491616,0.9988183379173279,0.6369411572813988,0.2642723023891449,0.3143133042111048
00083,/Users/nikko/Downloads/moi-main/project_root/data/visualizations/video/pushups_video5/frame_00083.png,"[48, 216, 561, 349]",LEFT_SHOULDER,0.45364772373825607,-0.13379053053919676,0.9998664855957031,0.6397823169827461,0.2659403942525387,0.30225834221151326
00083,/Users/nikko/Downloads/moi-main/project_root/data/visualizations/video/pushups_video5/frame_00083.png,"[48, 216, 561, 349]",RIGHT_SHOULDER,0.4784033292789365,-0.21720115722850442,0.9998676776885986,0.6397823169827461,0.2659403942525387,0.30225834221151326
00083,/Users/nikko/Downloads/moi-main/project_root/data/visualizations/video/pushups_video5/frame_00083.png,"[48, 216, 561, 349]",LEFT_HIP,-0.46653868417938843,0.04257942904946679,0.9957910776138306,0.6397823169827461,0.2659403942525387,0.30225834221151326
00083,/Users/nikko/Downloads/moi-main/project_root/data/visualizations/video/pushups_video5/frame_00083.png,"[48, 216, 561, 349]",RIGHT_HIP,-0.4655123688378041,0.30841225871823436,0.9985289573669434,0.6397823169827461,0.2659403942525387,0.30225834221151326
00083,/Users/nikko/Downloads/moi-main/project_root/data/visualizations/video/pushups_video5/frame_00083.png,"[48, 216, 561, 349]",RIGHT_ELBOW,0.05002311161692335,0.36189000259588644,0.9957180619239807,0.6397823169827461,0.2659403942525387,0.30225834221151326
00083,/Users/nikko/Downloads/moi-main/project_root/data/visualizations/video/pushups_video5/frame_00083.png,"[48, 216, 561, 349]",LEFT_WRIST,0.013934555229696482,1.6341818461455515,0.5481692552566528,0.6397823169827461,0.2659403942525387,0.30225834221151326
00083,/Users/nikko/Downloads/moi-main/project_root/data/visualizations/video/pushups_video5/frame_00083.png,"[48, 216, 561, 349]",RIGHT_WRIST,0.11462053704687203,2.11274926854652,0.999665379524231,0.6397823169827461,0.2659403942525387,0.30225834221151326
00083,/Users/nikko/Downloads/moi-main/project_root/data/visualizations/video/pushups_video5/frame_00083.png,"[48, 216, 561, 349]",RIGHT_KNEE,-1.1869168074906562,0.9135065459258838,0.9854839444160461,0.6397823169827461,0.2659403942525387,0.30225834221151326
00083,/Users/nikko/Downloads/moi-main/project_root/data/visualizations/video/pushups_video5/frame_00083.png,"[48, 216, 561, 349]",LEFT_ANKLE,-1.7596932538080725,0.8018112146600943,0.8063371181488037,0.6397823169827461,0.2659403942525387,0.30225834221151326
00083,/Users/nikko/Downloads/moi-main/project_root/data/visualizations/video/pushups_video5/frame_00083.png,"[48, 216, 561, 349]",RIGHT_ANKLE,-1.8901605227180367,0.9180405150552347,0.9954889416694641,0.6397823169827461,0.2659403942525387,0.30225834221151326
00083,/Users/nikko/Downloads/moi-main/project_root/data/visualizations/video/pushups_video5/frame_00083.png,"[48, 216, 561, 349]",LEFT_EYE,0.9367057317782981,0.7022499498283594,0.9964303374290466,0.6397823169827461,0.2659403942525387,0.30225834221151326
00083,/Users/nikko/Downloads/moi-main/project_root/data/visualizations/video/pushups_video5/frame_00083.png,"[48, 216, 561, 349]",RIGHT_EYE,0.9325348035834955,0.697773266625943,0.9985799789428711,0.6397823169827461,0.2659403942525387,0.30225834221151326
00084,/Users/nikko/Downloads/moi-main/project_root/data/visualizations/video/pushups_video5/frame_00084.png,"[49, 209, 530, 349]",LEFT_SHOULDER,0.4564086412009306,-0.15375203380134608,0.9999663829803467,0.6897317469120026,0.25800031051039696,0.31434945417318993
00084,/Users/nikko/Downloads/moi-main/project_root/data/visualizations/video/pushups_video5/frame_00084.png,"[49, 209, 530, 349]",RIGHT_SHOULDER,0.4746941303190148,-0.19352239431448276,0.9999346733093262,0.6897317469120026,0.25800031051039696,0.31434945417318993
00084,/Users/nikko/Downloads/moi-main/project_root/data/visualizations/video/pushups_video5/frame_00084.png,"[49, 209, 530, 349]",LEFT_HIP,-0.46796003572748507,0.039032731606934046,0.9984096884727478,0.6897317469120026,0.25800031051039696,0.31434945417318993
00084,/Users/nikko/Downloads/moi-main/project_root/data/visualizations/video/pushups_video5/frame_00084.png,"[49, 209, 530, 349]",RIGHT_HIP,-0.4631427357924603,0.3082416965088948,0.9993816614151001,0.6897317469120026,0.25800031051039696,0.31434945417318993
00084,/Users/nikko/Downloads/moi-main/project_root/data/visualizations/video/pushups_video5/frame_00084.png,"[49, 209, 530, 349]",RIGHT_ELBOW,0.051537392068389365,0.45291266912855505,0.998296320438385,0.6897317469120026,0.25800031051039696,0.31434945417318993
00084,/Users/nikko/Downloads/moi-main/project_root/data/visualizations/video/pushups_video5/frame_00084.png,"[49, 209, 530, 349]",LEFT_WRIST,-0.036499778672065344,1.5229594464655345,0.5291913747787476,0.6897317469120026,0.25800031051039696,0.31434945417318993
00084,/Users/nikko/Downloads/moi-main/project_root/data/visualizations/video/pushups_video5/frame_00084.png,"[49, 209, 530, 349]",RIGHT_WRIST,0.10007179320074179,2.0776827400934574,0.9997608065605164,0.6897317469120026,0.25800031051039696,0.31434945417318993
00084,/Users/nikko/Downloads/moi-main/project_root/data/visualizations/video/pushups_video5/frame_00084.png,"[49, 209, 530, 349]",RIGHT_KNEE,-1.2352422804933942,0.9463525733642163,0.9907806515693665,0.6897317469120026,0.25800031051039696,0.31434945417318993
00084,/Users/nikko/Downloads/moi-main/project_root/data/visualizations/video/pushups_video5/frame_00084.png,"[49, 209, 530, 349]",LEFT_ANKLE,-1.7582717186230352,0.8295621554873756,0.7848144173622131,0.6897317469120026,0.25800031051039696,0.31434945417318993
00084,/Users/nikko/Downloads/moi-main/project_root/data/visualizations/video/pushups_video5/frame_00084.png,"[49, 209, 530, 349]",RIGHT_ANKLE,-1.8398129483072823,0.774249480007339,0.9957701563835144,0.6897317469120026,0.25800031051039696,0.31434945417318993
00084,/Users/nikko/Downloads/moi-main/project_root/data/visualizations/video/pushups_video5/frame_00084.png,"[49, 209, 530, 349]",LEFT_EYE,0.9128067588977128,0.6763065632539124,0.999316930770874,0.6897317469120026,0.25800031051039696,0.31434945417318993
00084,/Users/nikko/Downloads/moi-main/project_root/data/visualizations/video/pushups_video5/frame_00084.png,"[49, 209, 530, 349]",RIGHT_EYE,0.9059405042630944,0.6375240374387405,0.9996300935745239,0.6897317469120026,0.25800031051039696,0.31434945417318993
00085,/Users/nikko/Downloads/moi-main/project_root/data/visualizations/video/pushups_video5/frame_00085.png,"[28, 206, 539, 349]",LEFT_SHOULDER,0.4201753702509747,-0.24046234017983212,0.9999523162841797,0.67827008664608,0.2508474960923195,0.32402630247503583
00085,/Users/nikko/Downloads/moi-main/project_root/data/visualizations/video/pushups_video5/frame_00085.png,"[28, 206, 539, 349]",RIGHT_SHOULDER,0.458411589279079,-0.21984347442875352,0.9999614953994751,0.67827008664608,0.2508474960923195,0.32402630247503583
00085,/Users/nikko/Downloads/moi-main/project_root/data/visualizations/video/pushups_video5/frame_00085.png,"[28, 206, 539, 349]",LEFT_HIP,-0.4404726913673383,0.10752860494038155,0.9982923865318298,0.67827008664608,0.2508474960923195,0.32402630247503583
00085,/Users/nikko/Downloads/moi-main/project_root/data/visualizations/video/pushups_video5/frame_00085.png,"[28, 206, 539, 349]",RIGHT_HIP,-0.4381142681627154,0.3527772096682041,0.9993892908096313,0.67827008664608,0.2508474960923195,0.32402630247503583
00085,/Users/nikko/Downloads/moi-main/project_root/data/visualizations/video/pushups_video5/frame_00085.png,"[28, 206, 539, 349]",LEFT_ELBOW,-0.0040060175450024466,0.19864466025256183,0.509432852268219,0.67827008664608,0.2508474960923195,0.32402630247503583
00085,/Users/nikko/Downloads/moi-main/project_root/data/visualizations/video/pushups_video5/frame_00085.png,"[28, 206, 539, 349]",RIGHT_ELBOW,0.06944522538502829,0.5356429361359718,0.9976438879966736,0.67827008664608,0.2508474960923195,0.32402630247503583
00085,/Users/nikko/Downloads/moi-main/project_root/data/visualizations/video/pushups_video5/frame_00085.png,"[28, 206, 539, 349]",LEFT_WRIST,0.02197729066023848,1.5971242263618814,0.6391189098358154,0.67827008664608,0.2508474960923195,0.32402630247503583
00085,/Users/nikko/Downloads/moi-main/project_root/data/visualizations/video/pushups_video5/frame_00085.png,"[28, 206, 539, 349]",RIGHT_WRIST,0.09645773395138497,2.0301889285169294,0.999471127986908,0.67827008664608,0.2508474960923195,0.32402630247503583
00085,/Users/nikko/Downloads/moi-main/project_root/data/visualizations/video/pushups_video5/frame_00085.png,"[28, 206, 539, 349]",RIGHT_KNEE,-1.1269884216107688,0.9140125832109671,0.9921098351478577,0.67827008664608,0.2508474960923195,0.32402630247503583
00085,/Users/nikko/Downloads/moi-main/project_root/data/visualizations/video/pushups_video5/frame_00085.png,"[28, 206, 539, 349]",LEFT_ANKLE,-1.7597359289492103,0.8859826470847657,0.6959695816040039,0.67827008664608,0.2508474960923195,0.32402630247503583
00085,/Users/nikko/Downloads/moi-main/project_root/data/visualizations/video/pushups_video5/frame_00085.png,"[28, 206, 539, 349]",RIGHT_ANKLE,-1.7747346617185213,0.9427496232135097,0.9974498152732849,0.67827008664608,0.2508474960923195,0.32402630247503583
00085,/Users/nikko/Downloads/moi-main/project_root/data/visualizations/video/pushups_video5/frame_00085.png,"[28, 206, 539, 349]",LEFT_EYE,0.8470203543345222,0.5758568938025991,0.9994440674781799,0.67827008664608,0.2508474960923195,0.32402630247503583
00085,/Users/nikko/Downloads/moi-main/project_root/data/visualizations/video/pushups_video5/frame_00085.png,"[28, 206, 539, 349]",RIGHT_EYE,0.8428823986377753,0.5719348034541577,0.9997041821479797,0.67827008664608,0.2508474960923195,0.32402630247503583
00086,/Users/nikko/Downloads/moi-main/project_root/data/visualizations/video/pushups_video5/frame_00086.png,"[48, 193, 562, 349]",LEFT_SHOULDER,0.4146934631361903,-0.24732441075321315,0.999955415725708,0.6313886642456055,0.2928610146045685,0.32122364967486117
00086,/Users/nikko/Downloads/moi-main/project_root/data/visualizations/video/pushups_video5/frame_00086.png,"[48, 193, 562, 349]",RIGHT_SHOULDER,0.4671676665174257,-0.21125614284862387,0.9999724626541138,0.6313886642456055,0.2928610146045685,0.32122364967486117
00086,/Users/nikko/Downloads/moi-main/project_root/data/visualizations/video/pushups_video5/frame_00086.png,"[48, 193, 562, 349]",LEFT_HIP,-0.44549902097310323,0.13977623969059796,0.9988722205162048,0.6313886642456055,0.2928610146045685,0.32122364967486117
00086,/Users/nikko/Downloads/moi-main/project_root/data/visualizations/video/pushups_video5/frame_00086.png,"[48, 193, 562, 349]",RIGHT_HIP,-0.4363621086805128,0.3188043139112391,0.9995740056037903,0.6313886642456055,0.2928610146045685,0.32122364967486117
00086,/Users/nikko/Downloads/moi-main/project_root/data/visualizations/video/pushups_video5/frame_00086.png,"[48, 193, 562, 349]",RIGHT_ELBOW,0.0943129525297296,0.4916103588677478,0.99798583984375,0.6313886642456055,0.2928610146045685,0.32122364967486117
00086,/Users/nikko/Downloads/moi-main/project_root/data/visualizations/video/pushups_video5/frame_00086.png,"[48, 193, 562, 349]",LEFT_WRIST,0.019225907137795234,1.5326399853806318,0.5719993114471436,0.6313886642456055,0.2928610146045685,0.32122364967486117
00086,/Users/nikko/Downloads/moi-main/project_root/data/visualizations/video/pushups_video5/frame_00086.png,"[48, 193, 562, 349]",RIGHT_WRIST,0.11135895987642894,1.9466411429226291,0.9992552399635315,0.6313886642456055,0.2928610146045685,0.32122364967486117
00086,/Users/nikko/Downloads/moi-main/project_root/data/visualizations/video/pushups_video5/frame_00086.png,"[48, 193, 562, 349]",RIGHT_KNEE,-1.1285651837523705,0.8745286466697174,0.9823083877563477,0.6313886642456055,0.2928610146045685,0.32122364967486117
00086,/Users/nikko/Downloads/moi-main/project_root/data/visualizations/video/pushups_video5/frame_00086.png,"[48, 193, 562, 349]",LEFT_ANKLE,-1.7438059021249468,0.7964532384810858,0.5401076674461365,0.6313886642456055,0.2928610146045685,0.32122364967486117
00086,/Users/nikko/Downloads/moi-main/project_root/data/visualizations/video/pushups_video5/frame_00086.png,"[48, 193, 562, 349]",RIGHT_ANKLE,-1.8493558781011334,0.9147695819689499,0.9942983984947205,0.6313886642456055,0.2928610146045685,0.32122364967486117
00086,/Users/nikko/Downloads/moi-main/project_root/data/visualizations/video/pushups_video5/frame_00086.png,"[48, 193, 562, 349]",LEFT_EYE,0.8350482084162635,0.5233526909722251,0.9993909597396851,0.6313886642456055,0.2928610146045685,0.32122364967486117
00086,/Users/nikko/Downloads/moi-main/project_root/data/visualizations/video/pushups_video5/frame_00086.png,"[48, 193, 562, 349]",RIGHT_EYE,0.8366146634755444,0.520878500998232,0.9996247291564941,0.6313886642456055,0.2928610146045685,0.32122364967486117
00087,/Users/nikko/Downloads/moi-main/project_root/data/visualizations/video/pushups_video5/frame_00087.png,"[28, 191, 540, 351]",LEFT_SHOULDER,0.4101973440802621,-0.22806568993497645,0.9999071359634399,0.6742373406887054,0.2715497873723507,0.3206279129646707
00087,/Users/nikko/Downloads/moi-main/project_root/data/visualizations/video/pushups_video5/frame_00087.png,"[28, 191, 540, 351]",RIGHT_SHOULDER,0.46182374601190684,-0.2551149847287134,0.9999600648880005,0.6742373406887054,0.2715497873723507,0.3206279129646707
00087,/Users/nikko/Downloads/moi-main/project_root/data/visualizations/video/pushups_video5/frame_00087.png,"[28, 191, 540, 351]",LEFT_HIP,-0.4392175943632659,0.15474509075324147,0.9994663596153259,0.6742373406887054,0.2715497873723507,0.3206279129646707
00087,/Users/nikko/Downloads/moi-main/project_root/data/visualizations/video/pushups_video5/frame_00087.png,"[28, 191, 540, 351]",RIGHT_HIP,-0.43280349572890303,0.3284355839104484,0.9998735189437866,0.6742373406887054,0.2715497873723507,0.3206279129646707
00087,/Users/nikko/Downloads/moi-main/project_root/data/visualizations/video/pushups_video5/frame_00087.png,"[28, 191, 540, 351]",RIGHT_ELBOW,0.08369048156252383,0.5155709037648418,0.9922347068786621,0.6742373406887054,0.2715497873723507,0.3206279129646707
00087,/Users/nikko/Downloads/moi-main/project_root/data/visualizations/video/pushups_video5/frame_00087.png,"[28, 191, 540, 351]",RIGHT_WRIST,0.08561770413860242,1.9516684960956667,0.9941608309745789,0.6742373406887054,0.2715497873723507,0.3206279129646707
00087,/Users/nikko/Downloads/moi-main/project_root/data/visualizations/video/pushups_video5/frame_00087.png,"[28, 191, 540, 351]",RIGHT_KNEE,-1.1503973952372628,0.8899947248571233,0.9748518466949463,0.6742373406887054,0.2715497873723507,0.3206279129646707
00087,/Users/nikko/Downloads/moi-main/project_root/data/visualizations/video/pushups_video5/frame_00087.png,"[28, 191, 540, 351]",RIGHT_ANKLE,-1.8371920769269978,0.9953270031812997,0.9919700026512146,0.6742373406887054,0.2715497873723507,0.3206279129646707
00087,/Users/nikko/Downloads/moi-main/project_root/data/visualizations/video/pushups_video5/frame_00087.png,"[28, 191, 540, 351]",LEFT_EYE,0.8353416776845654,0.44575384074373603,0.9979670643806458,0.6742373406887054,0.2715497873723507,0.3206279129646707
00087,/Users/nikko/Downloads/moi-main/project_root/data/visualizations/video/pushups_video5/frame_00087.png,"[28, 191, 540, 351]",RIGHT_EYE,0.8385486340518782,0.4343055772246227,0.9989585876464844,0.6742373406887054,0.2715497873723507,0.3206279129646707
00088,/Users/nikko/Downloads/moi-main/project_root/data/visualizations/video/pushups_video5/frame_00088.png,"[21, 190, 538, 351]",LEFT_SHOULDER,0.4132978400716349,-0.1972058245845879,0.9999518394470215,0.6761349886655807,0.2594032809138298,0.31960403254068015
00088,/Users/nikko/Downloads/moi-main/project_root/data/visualizations/video/pushups_video5/frame_00088.png,"[21, 190, 538, 351]",RIGHT_SHOULDER,0.4554267517078089,-0.2965417915580075,0.9999587535858154,0.6761349886655807,0.2594032809138298,0.31960403254068015
00088,/Users/nikko/Downloads/moi-main/project_root/data/visualizations/video/pushups_video5/frame_00088.png,"[21, 190, 538, 351]",LEFT_HIP,-0.43493772708810974,0.1645007993854046,0.9994747042655945,0.6761349886655807,0.2594032809138298,0.31960403254068015
00088,/Users/nikko/Downloads/moi-main/project_root/data/visualizations/video/pushups_video5/frame_00088.png,"[21, 190, 538, 351]",RIGHT_HIP,-0.43378686469133404,0.32924681675719075,0.9998800754547119,0.6761349886655807,0.2594032809138298,0.31960403254068015
00088,/Users/nikko/Downloads/moi-main/project_root/data/visualizations/video/pushups_video5/frame_00088.png,"[21, 190, 538, 351]",RIGHT_ELBOW,0.09434745124894166,0.6282810944722403,0.9962601661682129,0.6761349886655807,0.2594032809138298,0.31960403254068015
00088,/Users/nikko/Downloads/moi-main/project_root/data/visualizations/video/pushups_video5/frame_00088.png,"[21, 190, 538, 351]",LEFT_WRIST,0.045410902265578854,1.7053932785071322,0.5211725234985352,0.6761349886655807,0.2594032809138298,0.31960403254068015
00088,/Users/nikko/Downloads/moi-main/project_root/data/visualizations/video/pushups_video5/frame_00088.png,"[21, 190, 538, 351]",RIGHT_WRIST,0.11336027244915,2.0267086140246096,0.998551070690155,0.6761349886655807,0.2594032809138298,0.31960403254068015
00088,/Users/nikko/Downloads/moi-main/project_root/data/visualizations/video/pushups_video5/frame_00088.png,"[21, 190, 538, 351]",RIGHT_KNEE,-1.107049292854664,0.9400358425096486,0.9942750334739685,0.6761349886655807,0.2594032809138298,0.31960403254068015
00088,/Users/nikko/Downloads/moi-main/project_root/data/visualizations/video/pushups_video5/frame_00088.png,"[21, 190, 538, 351]",RIGHT_ANKLE,-1.6767249670392743,1.0253082001262617,0.9977837204933167,0.6761349886655807,0.2594032809138298,0.31960403254068015
00088,/Users/nikko/Downloads/moi-main/project_root/data/visualizations/video/pushups_video5/frame_00088.png,"[21, 190, 538, 351]",LEFT_EYE,0.8256338773405196,0.39346236486235553,0.9982829093933105,0.6761349886655807,0.2594032809138298,0.31960403254068015
00088,/Users/nikko/Downloads/moi-main/project_root/data/visualizations/video/pushups_video5/frame_00088.png,"[21, 190, 538, 351]",RIGHT_EYE,0.8256432021047132,0.3890788864625802,0.999160647392273,0.6761349886655807,0.2594032809138298,0.31960403254068015
00089,/Users/nikko/Downloads/moi-main/project_root/data/visualizations/video/pushups_video5/frame_00089.png,"[40, 182, 552, 350]",LEFT_SHOULDER,0.3928216281764802,-0.26569883131056743,0.999958872795105,0.6433032900094986,0.28104205057024956,0.3280805810781088
00089,/Users/nikko/Downloads/moi-main/project_root/data/visualizations/video/pushups_video5/frame_00089.png,"[40, 182, 552, 350]",RIGHT_SHOULDER,0.44786880373430393,-0.2720871796197265,0.9999805688858032,0.6433032900094986,0.28104205057024956,0.3280805810781088
00089,/Users/nikko/Downloads/moi-main/project_root/data/visualizations/video/pushups_video5/frame_00089.png,"[40, 182, 552, 350]",LEFT_HIP,-0.41787913446552627,0.20641174968010997,0.9994462132453918,0.6433032900094986,0.28104205057024956,0.3280805810781088
00089,/Users/nikko/Downloads/moi-main/project_root/data/visualizations/video/pushups_video5/frame_00089.png,"[40, 182, 552, 350]",RIGHT_HIP,-0.4228112974452579,0.331374261250184,0.999885082244873,0.6433032900094986,0.28104205057024956,0.3280805810781088
00089,/Users/nikko/Downloads/moi-main/project_root/data/visualizations/video/pushups_video5/frame_00089.png,"[40, 182, 552, 350]",RIGHT_ELBOW,0.11851048552684998,0.6283398705641029,0.9966729879379272,0.6433032900094986,0.28104205057024956,0.3280805810781088
00089,/Users/nikko/Downloads/moi-main/project_root/data/visualizations/video/pushups_video5/frame_00089.png,"[40, 182, 552, 350]",RIGHT_WRIST,0.10737478500822344,1.9125339112425357,0.9970494508743286,0.6433032900094986,0.28104205057024956,0.3280805810781088
00089,/Users/nikko/Downloads/moi-main/project_root/data/visualizations/video/pushups_video5/frame_00089.png,"[40, 182, 552, 350]",RIGHT_KNEE,-1.0993628771884327,0.9066471770896054,0.9928053021430969,0.6433032900094986,0.28104205057024956,0.3280805810781088
00089,/Users/nikko/Downloads/moi-main/project_root/data/visualizations/video/pushups_video5/frame_00089.png,"[40, 182, 552, 350]",RIGHT_ANKLE,-1.7700541977907607,1.023015374683044,0.9979166388511658,0.6433032900094986,0.28104205057024956,0.3280805810781088
00089,/Users/nikko/Downloads/moi-main/project_root/data/visualizations/video/pushups_video5/frame_00089.png,"[40, 182, 552, 350]",LEFT_EYE,0.8141658396816291,0.2973382852963988,0.9995701909065247,0.6433032900094986,0.28104205057024956,0.3280805810781088
00089,/Users/nikko/Downloads/moi-main/project_root/data/visualizations/video/pushups_video5/frame_00089.png,"[40, 182, 552, 350]",RIGHT_EYE,0.8141785570607577,0.2977204425392109,0.9997901320457458,0.6433032900094986,0.28104205057024956,0.3280805810781088
00090,/Users/nikko/Downloads/moi-main/project_root/data/visualizations/video/pushups_video5/frame_00090.png,"[21, 180, 535, 350]",LEFT_SHOULDER,0.3931794831868834,-0.2550357653362795,0.9999436140060425,0.6724019944667816,0.2663966938853264,0.33317043699176047
00090,/Users/nikko/Downloads/moi-main/project_root/data/visualizations/video/pushups_video5/frame_00090.png,"[21, 180, 535, 350]",RIGHT_SHOULDER,0.43810572978030665,-0.2992595557339378,0.9999690055847168,0.6724019944667816,0.2663966938853264,0.33317043699176047
00090,/Users/nikko/Downloads/moi-main/project_root/data/visualizations/video/pushups_video5/frame_00090.png,"[21, 180, 535, 350]",LEFT_HIP,-0.4107907121101727,0.21690969366789675,0.9995317459106445,0.6724019944667816,0.2663966938853264,0.33317043699176047
00090,/Users/nikko/Downloads/moi-main/project_root/data/visualizations/video/pushups_video5/frame_00090.png,"[21, 180, 535, 350]",RIGHT_HIP,-0.4204945008570174,0.3373856274023205,0.999922513961792,0.6724019944667816,0.2663966938853264,0.33317043699176047
00090,/Users/nikko/Downloads/moi-main/project_root/data/visualizations/video/pushups_video5/frame_00090.png,"[21, 180, 535, 350]",RIGHT_ELBOW,0.11534101740717481,0.6865271092554197,0.9921514987945557,0.6724019944667816,0.2663966938853264,0.33317043699176047
00090,/Users/nikko/Downloads/moi-main/project_root/data/visualizations/video/pushups_video5/frame_00090.png,"[21, 180, 535, 350]",RIGHT_WRIST,0.11906610155545377,1.904761386595356,0.9946306943893433,0.6724019944667816,0.2663966938853264,0.33317043699176047
00090,/Users/nikko/Downloads/moi-main/project_root/data/visualizations/video/pushups_video5/frame_00090.png,"[21, 180, 535, 350]",RIGHT_KNEE,-1.0485003583471062,0.8899088857619557,0.9970274567604065,0.6724019944667816,0.2663966938853264,0.33317043699176047
00090,/Users/nikko/Downloads/moi-main/project_root/data/visualizations/video/pushups_video5/frame_00090.png,"[21, 180, 535, 350]",RIGHT_ANKLE,-1.6775244329359333,1.0541235188524443,0.9990894794464111,0.6724019944667816,0.2663966938853264,0.33317043699176047
00090,/Users/nikko/Downloads/moi-main/project_root/data/visualizations/video/pushups_video5/frame_00090.png,"[21, 180, 535, 350]",LEFT_EYE,0.8144063167670292,0.244028545995192,0.9988251328468323,0.6724019944667816,0.2663966938853264,0.33317043699176047
00090,/Users/nikko/Downloads/moi-main/project_root/data/visualizations/video/pushups_video5/frame_00090.png,"[21, 180, 535, 350]",RIGHT_EYE,0.8137908960836135,0.24524185502860033,0.9994214773178101,0.6724019944667816,0.2663966938853264,0.33317043699176047
00091,/Users/nikko/Downloads/moi-main/project_root/data/visualizations/video/pushups_video5/frame_00091.png,"[39, 176, 545, 350]",LEFT_SHOULDER,0.3925015890933093,-0.2731802087474106,0.9999899864196777,0.6448206752538681,0.26154083386063576,0.34579881905131293
00091,/Users/nikko/Downloads/moi-main/project_root/data/visualizations/video/pushups_video5/frame_00091.png,"[39, 176, 545, 350]",RIGHT_SHOULDER,0.42983563225327165,-0.29429567442617743,0.999988317489624,0.6448206752538681,0.26154083386063576,0.34579881905131293
00091,/Users/nikko/Downloads/moi-main/project_root/data/visualizations/video/pushups_video5/frame_00091.png,"[39, 176, 545, 350]",LEFT_HIP,-0.415146174236435,0.23823305277049941,0.998629093170166,0.6448206752538681,0.26154083386063576,0.34579881905131293
00091,/Users/nikko/Downloads/moi-main/project_root/data/visualizations/video/pushups_video5/frame_00091.png,"[39, 176, 545, 350]",RIGHT_HIP,-0.4071910471101459,0.3292428304030886,0.9995160102844238,0.6448206752538681,0.26154083386063576,0.34579881905131293
00091,/Users/nikko/Downloads/moi-main/project_root/data/visualizations/video/pushups_video5/frame_00091.png,"[39, 176, 545, 350]",LEFT_ELBOW,0.04555035087166723,0.49782440538804884,0.6157698631286621,0.6448206752538681,0.26154083386063576,0.34579881905131293
00091,/Users/nikko/Downloads/moi-main/project_root/data/visualizations/video/pushups_video5/frame_00091.png,"[39, 176, 545, 350]",RIGHT_ELBOW,0.11994419973150516,0.6690757880532633,0.9991036057472229,0.6448206752538681,0.26154083386063576,0.34579881905131293
00091,/Users/nikko/Downloads/moi-main/project_root/data/visualizations/video/pushups_video5/frame_00091.png,"[39, 176, 545, 350]",LEFT_WRIST,0.03216459809013323,1.6501646968973376,0.852410614490509,0.6448206752538681,0.26154083386063576,0.34579881905131293
00091,/Users/nikko/Downloads/moi-main/project_root/data/visualizations/video/pushups_video5/frame_00091.png,"[39, 176, 545, 350]",RIGHT_WRIST,0.10968796003943433,1.8815666449281394,0.9997803568840027,0.6448206752538681,0.26154083386063576,0.34579881905131293
00091,/Users/nikko/Downloads/moi-main/project_root/data/visualizations/video/pushups_video5/frame_00091.png,"[39, 176, 545, 350]",RIGHT_KNEE,-1.0486716799691762,0.9220895784603085,0.9884336590766907,0.6448206752538681,0.26154083386063576,0.34579881905131293
00091,/Users/nikko/Downloads/moi-main/project_root/data/visualizations/video/pushups_video5/frame_00091.png,"[39, 176, 545, 350]",LEFT_ANKLE,-1.6845862921227428,1.0629821331115898,0.6786776781082153,0.6448206752538681,0.26154083386063576,0.34579881905131293
00091,/Users/nikko/Downloads/moi-main/project_root/data/visualizations/video/pushups_video5/frame_00091.png,"[39, 176, 545, 350]",RIGHT_ANKLE,-1.7308308119517541,1.1018059527439157,0.9973323345184326,0.6448206752538681,0.26154083386063576,0.34579881905131293
00091,/Users/nikko/Downloads/moi-main/project_root/data/visualizations/video/pushups_video5/frame_00091.png,"[39, 176, 545, 350]",LEFT_EYE,0.7969766769958986,0.23127412639881226,0.9999028444290161,0.6448206752538681,0.26154083386063576,0.34579881905131293
00091,/Users/nikko/Downloads/moi-main/project_root/data/visualizations/video/pushups_video5/frame_00091.png,"[39, 176, 545, 350]",RIGHT_EYE,0.7957850971331832,0.23448103271239798,0.9999417066574097,0.6448206752538681,0.26154083386063576,0.34579881905131293
00092,/Users/nikko/Downloads/moi-main/project_root/data/visualizations/video/pushups_video5/frame_00092.png,"[38, 171, 538, 349]",LEFT_SHOULDER,0.40033431048100226,-0.21651182648222955,0.9999831914901733,0.6493374705314636,0.26984916254878044,0.3391103443784132
00092,/Users/nikko/Downloads/moi-main/project_root/data/visualizations/video/pushups_video5/frame_00092.png,"[38, 171, 538, 349]",RIGHT_SHOULDER,0.4433316594989194,-0.3203558661284456,0.9999880790710449,0.6493374705314636,0.26984916254878044,0.3391103443784132
00092,/Users/nikko/Downloads/moi-main/project_root/data/visualizations/video/pushups_video5/frame_00092.png,"[38, 171, 538, 349]",LEFT_HIP,-0.4218503859921142,0.23127114998168438,0.9995436072349548,0.6493374705314636,0.26984916254878044,0.3391103443784132
00092,/Users/nikko/Downloads/moi-main/project_root/data/visualizations/video/pushups_video5/frame_00092.png,"[38, 171, 538, 349]",RIGHT_HIP,-0.42181558398780744,0.3055965426289908,0.9998849630355835,0.6493374705314636,0.26984916254878044,0.3391103443784132
00092,/Users/nikko/Downloads/moi-main/project_root/data/visualizations/video/pushups_video5/frame_00092.png,"[38, 171, 538, 349]",RIGHT_ELBOW,0.14225301683621844,0.6933807757841862,0.9987528324127197,0.6493374705314636,0.26984916254878044,0.3391103443784132
00092,/Users/nikko/Downloads/moi-main/project_root/data/visualizations/video/pushups_video5/frame_00092.png,"[38, 171, 538, 349]",LEFT_WRIST,0.0406689543156355,1.627176554675301,0.6527061462402344,0.6493374705314636,0.26984916254878044,0.3391103443784132
00092,/Users/nikko/Downloads/moi-main/project_root/data/visualizations/video/pushups_video5/frame_00092.png,"[38, 171, 538, 349]",RIGHT_WRIST,0.1552023504892112,1.92468658575497,0.9995132684707642,0.6493374705314636,0.26984916254878044,0.3391103443784132
00092,/Users/nikko/Downloads/moi-main/project_root/data/visualizations/video/pushups_video5/frame_00092.png,"[38, 171, 538, 349]",RIGHT_KNEE,-1.0630497198156594,0.9357545890508167,0.9970159530639648,0.6493374705314636,0.26984916254878044,0.3391103443784132
00092,/Users/nikko/Downloads/moi-main/project_root/data/visualizations/video/pushups_video5/frame_00092.png,"[38, 171, 538, 349]",LEFT_ANKLE,-1.477124230709141,0.8364889024736998,0.6799455881118774,0.6493374705314636,0.26984916254878044,0.3391103443784132
00092,/Users/nikko/Downloads/moi-main/project_root/data/visualizations/video/pushups_video5/frame_00092.png,"[38, 171, 538, 349]",RIGHT_ANKLE,-1.7408056589964398,1.1192982505523323,0.999371349811554,0.6493374705314636,0.26984916254878044,0.3391103443784132
00092,/Users/nikko/Downloads/moi-main/project_root/data/visualizations/video/pushups_video5/frame_00092.png,"[38, 171, 538, 349]",LEFT_EYE,0.8285174308830587,0.1642755340141695,0.9998132586479187,0.6493374705314636,0.26984916254878044,0.3391103443784132
00092,/Users/nikko/Downloads/moi-main/project_root/data/visualizations/video/pushups_video5/frame_00092.png,"[38, 171, 538, 349]",RIGHT_EYE,0.8271450366930222,0.17234722614940984,0.999915361404419,0.6493374705314636,0.26984916254878044,0.3391103443784132
00093,/Users/nikko/Downloads/moi-main/project_root/data/visualizations/video/pushups_video5/frame_00093.png,"[35, 164, 532, 349]",LEFT_SHOULDER,0.402800336516935,-0.2533157406937683,0.9999891519546509,0.6545257568359375,0.2777339741587639,0.34224890368182714
00093,/Users/nikko/Downloads/moi-main/project_root/data/visualizations/video/pushups_video5/frame_00093.png,"[35, 164, 532, 349]",RIGHT_SHOULDER,0.43706514941804714,-0.28705878270291846,0.9999842643737793,0.6545257568359375,0.2777339741587639,0.34224890368182714
00093,/Users/nikko/Downloads/moi-main/project_root/data/visualizations/video/pushups_video5/frame_00093.png,"[35, 164, 532, 349]",LEFT_HIP,-0.42534010759517027,0.20693808445653622,0.9983213543891907,0.6545257568359375,0.2777339741587639,0.34224890368182714
00093,/Users/nikko/Downloads/moi-main/project_root/data/visualizations/video/pushups_video5/frame_00093.png,"[35, 164, 532, 349]",RIGHT_HIP,-0.41452537833981185,0.3334364389401505,0.9994768500328064,0.6545257568359375,0.2777339741587639,0.34224890368182714
00093,/Users/nikko/Downloads/moi-main/project_root/data/visualizations/video/pushups_video5/frame_00093.png,"[35, 164, 532, 349]",LEFT_ELBOW,0.08747394959589523,0.5562340901325348,0.5504007935523987,0.6545257568359375,0.2777339741587639,0.34224890368182714
00093,/Users/nikko/Downloads/moi-main/project_root/data/visualizations/video/pushups_video5/frame_00093.png,"[35, 164, 532, 349]",RIGHT_ELBOW,0.1710704936047941,0.7105847524680338,0.9987805485725403,0.6545257568359375,0.2777339741587639,0.34224890368182714
00093,/Users/nikko/Downloads/moi-main/project_root/data/visualizations/video/pushups_video5/frame_00093.png,"[35, 164, 532, 349]",LEFT_WRIST,0.05803569160126968,1.6185533565569041,0.7686313986778259,0.6545257568359375,0.2777339741587639,0.34224890368182714
00093,/Users/nikko/Downloads/moi-main/project_root/data/visualizations/video/pushups_video5/frame_00093.png,"[35, 164, 532, 349]",RIGHT_WRIST,0.169827543385858,1.873453066370751,0.9997221827507019,0.6545257568359375,0.2777339741587639,0.34224890368182714
00093,/Users/nikko/Downloads/moi-main/project_root/data/visualizations/video/pushups_video5/frame_00093.png,"[35, 164, 532, 349]",RIGHT_KNEE,-1.0495119331435159,0.9605609025733838,0.9951169490814209,0.6545257568359375,0.2777339741587639,0.34224890368182714
00093,/Users/nikko/Downloads/moi-main/project_root/data/visualizations/video/pushups_video5/frame_00093.png,"[35, 164, 532, 349]",LEFT_ANKLE,-1.6847681682630422,1.0885508147353053,0.8567176461219788,0.6545257568359375,0.2777339741587639,0.34224890368182714
00093,/Users/nikko/Downloads/moi-main/project_root/data/visualizations/video/pushups_video5/frame_00093.png,"[35, 164, 532, 349]",RIGHT_ANKLE,-1.7033008747325635,1.1373008653427072,0.9990249872207642,0.6545257568359375,0.2777339741587639,0.34224890368182714
00093,/Users/nikko/Downloads/moi-main/project_root/data/visualizations/video/pushups_video5/frame_00093.png,"[35, 164, 532, 349]",LEFT_EYE,0.8173244957658777,0.17043580442108452,0.9998997449874878,0.6545257568359375,0.2777339741587639,0.34224890368182714
00093,/Users/nikko/Downloads/moi-main/project_root/data/visualizations/video/pushups_video5/frame_00093.png,"[35, 164, 532, 349]",RIGHT_EYE,0.8166632260473264,0.16198367326998378,0.9999481439590454,0.6545257568359375,0.2777339741587639,0.34224890368182714
00094,/Users/nikko/Downloads/moi-main/project_root/data/visualizations/video/pushups_video5/frame_00094.png,"[34, 160, 530, 348]",LEFT_SHOULDER,0.39908951839573104,-0.2537405636509789,0.999988317489624,0.6523314416408539,0.26782092452049255,0.3351340874019332
00094,/Users/nikko/Downloads/moi-main/project_root/data/visualizations/video/pushups_video5/frame_00094.png,"[34, 160, 530, 348]",RIGHT_SHOULDER,0.44932769064561084,-0.2712867526352888,0.9999871253967285,0.6523314416408539,0.26782092452049255,0.3351340874019332
00094,/Users/nikko/Downloads/moi-main/project_root/data/visualizations/video/pushups_video5/frame_00094.png,"[34, 160, 530, 348]",LEFT_HIP,-0.4322705088287915,0.19508415835682028,0.9981789588928223,0.6523314416408539,0.26782092452049255,0.3351340874019332
00094,/Users/nikko/Downloads/moi-main/project_root/data/visualizations/video/pushups_video5/frame_00094.png,"[34, 160, 530, 348]",RIGHT_HIP,-0.4161467002125504,0.3299431579294474,0.999416708946228,0.6523314416408539,0.26782092452049255,0.3351340874019332
00094,/Users/nikko/Downloads/moi-main/project_root/data/visualizations/video/pushups_video5/frame_00094.png,"[34, 160, 530, 348]",LEFT_ELBOW,0.08709565355865583,0.6092108917009316,0.5308552980422974,0.6523314416408539,0.26782092452049255,0.3351340874019332
00094,/Users/nikko/Downloads/moi-main/project_root/data/visualizations/video/pushups_video5/frame_00094.png,"[34, 160, 530, 348]",RIGHT_ELBOW,0.1746150421878867,0.795273183506849,0.9978852868080139,0.6523314416408539,0.26782092452049255,0.3351340874019332
00094,/Users/nikko/Downloads/moi-main/project_root/data/visualizations/video/pushups_video5/frame_00094.png,"[34, 160, 530, 348]",LEFT_WRIST,0.0706650483015997,1.7061314234181322,0.769494891166687,0.6523314416408539,0.26782092452049255,0.3351340874019332
00094,/Users/nikko/Downloads/moi-main/project_root/data/visualizations/video/pushups_video5/frame_00094.png,"[34, 160, 530, 348]",RIGHT_WRIST,0.19104244608869086,1.9845009099812472,0.9997422099113464,0.6523314416408539,0.26782092452049255,0.3351340874019332
00094,/Users/nikko/Downloads/moi-main/project_root/data/visualizations/video/pushups_video5/frame_00094.png,"[34, 160, 530, 348]",RIGHT_KNEE,-1.060733734543215,0.9792657984958589,0.986178994178772,0.6523314416408539,0.26782092452049255,0.3351340874019332
00094,/Users/nikko/Downloads/moi-main/project_root/data/visualizations/video/pushups_video5/frame_00094.png,"[34, 160, 530, 348]",LEFT_ANKLE,-1.7378666457971716,1.161818692437102,0.7403887510299683,0.6523314416408539,0.26782092452049255,0.3351340874019332
00094,/Users/nikko/Downloads/moi-main/project_root/data/visualizations/video/pushups_video5/frame_00094.png,"[34, 160, 530, 348]",RIGHT_ANKLE,-1.7854140781172592,1.225270106910794,0.9973370432853699,0.6523314416408539,0.26782092452049255,0.3351340874019332
00094,/Users/nikko/Downloads/moi-main/project_root/data/visualizations/video/pushups_video5/frame_00094.png,"[34, 160, 530, 348]",LEFT_EYE,0.8529587775175935,0.18319921219789334,0.999911904335022,0.6523314416408539,0.26782092452049255,0.3351340874019332
00094,/Users/nikko/Downloads/moi-main/project_root/data/visualizations/video/pushups_video5/frame_00094.png,"[34, 160, 530, 348]",RIGHT_EYE,0.8513403140790907,0.17167806460637933,0.9999595880508423,0.6523314416408539,0.26782092452049255,0.3351340874019332
00095,/Users/nikko/Downloads/moi-main/project_root/data/visualizations/video/pushups_video5/frame_00095.png,"[18, 154, 526, 347]",LEFT_SHOULDER,0.3980080886981583,-0.24499618607881007,0.9999806880950928,0.6639370769262314,0.28624020144343376,0.3239752486524849
00095,/Users/nikko/Downloads/moi-main/project_root/data/visualizations/video/pushups_video5/frame_00095.png,"[18, 154, 526, 347]",RIGHT_SHOULDER,0.43853903205856676,-0.3023784566782695,0.9999779462814331,0.6639370769262314,0.28624020144343376,0.3239752486524849
00095,/Users/nikko/Downloads/moi-main/project_root/data/visualizations/video/pushups_video5/frame_00095.png,"[18, 154, 526, 347]",LEFT_HIP,-0.4243821233824386,0.23372772482662946,0.9980674386024475,0.6639370769262314,0.28624020144343376,0.3239752486524849
00095,/Users/nikko/Downloads/moi-main/project_root/data/visualizations/video/pushups_video5/frame_00095.png,"[18, 154, 526, 347]",RIGHT_HIP,-0.41216499737428647,0.31364691793045013,0.999339759349823,0.6639370769262314,0.28624020144343376,0.3239752486524849
00095,/Users/nikko/Downloads/moi-main/project_root/data/visualizations/video/pushups_video5/frame_00095.png,"[18, 154, 526, 347]",RIGHT_ELBOW,0.20026965894061335,0.8302502207421758,0.9970249533653259,0.6639370769262314,0.28624020144343376,0.3239752486524849
00095,/Users/nikko/Downloads/moi-main/project_root/data/visualizations/video/pushups_video5/frame_00095.png,"[18, 154, 526, 347]",LEFT_WRIST,0.10415424184950779,1.7695701309741338,0.6807995438575745,0.6639370769262314,0.28624020144343376,0.3239752486524849
00095,/Users/nikko/Downloads/moi-main/project_root/data/visualizations/video/pushups_video5/frame_00095.png,"[18, 154, 526, 347]",RIGHT_WRIST,0.20301664950499435,2.0189098889450734,0.9996097683906555,0.6639370769262314,0.28624020144343376,0.3239752486524849
00095,/Users/nikko/Downloads/moi-main/project_root/data/visualizations/video/pushups_video5/frame_00095.png,"[18, 154, 526, 347]",RIGHT_KNEE,-1.062679352740136,0.9945661040608841,0.9683273434638977,0.6639370769262314,0.28624020144343376,0.3239752486524849
00095,/Users/nikko/Downloads/moi-main/project_root/data/visualizations/video/pushups_video5/frame_00095.png,"[18, 154, 526, 347]",LEFT_ANKLE,-1.758490903630089,1.2263220683682567,0.6444438695907593,0.6639370769262314,0.28624020144343376,0.3239752486524849
00095,/Users/nikko/Downloads/moi-main/project_root/data/visualizations/video/pushups_video5/frame_00095.png,"[18, 154, 526, 347]",RIGHT_ANKLE,-1.7927227737239195,1.25990357266977,0.9945206642150879,0.6639370769262314,0.28624020144343376,0.3239752486524849
00095,/Users/nikko/Downloads/moi-main/project_root/data/visualizations/video/pushups_video5/frame_00095.png,"[18, 154, 526, 347]",LEFT_EYE,0.8563220584075755,0.11056812951559579,0.999743640422821,0.6639370769262314,0.28624020144343376,0.3239752486524849
00095,/Users/nikko/Downloads/moi-main/project_root/data/visualizations/video/pushups_video5/frame_00095.png,"[18, 154, 526, 347]",RIGHT_EYE,0.8575228893910136,0.10623238822998302,0.9998891353607178,0.6639370769262314,0.28624020144343376,0.3239752486524849
00096,/Users/nikko/Downloads/moi-main/project_root/data/visualizations/video/pushups_video5/frame_00096.png,"[19, 151, 519, 347]",LEFT_SHOULDER,0.39293426286175703,-0.21393794586089365,0.9999908208847046,0.6728353351354599,0.2909412831068039,0.3274405244690656
00096,/Users/nikko/Downloads/moi-main/project_root/data/visualizations/video/pushups_video5/frame_00096.png,"[19, 151, 519, 347]",RIGHT_SHOULDER,0.4268930555904766,-0.3579471715164196,0.999981164932251,0.6728353351354599,0.2909412831068039,0.3274405244690656
00096,/Users/nikko/Downloads/moi-main/project_root/data/visualizations/video/pushups_video5/frame_00096.png,"[19, 151, 519, 347]",LEFT_HIP,-0.4097714012390595,0.2607928847470931,0.9981271624565125,0.6728353351354599,0.2909412831068039,0.3274405244690656
00096,/Users/nikko/Downloads/moi-main/project_root/data/visualizations/video/pushups_video5/frame_00096.png,"[19, 151, 519, 347]",RIGHT_HIP,-0.41005591721317414,0.3110922326302201,0.9992396831512451,0.6728353351354599,0.2909412831068039,0.3274405244690656
00096,/Users/nikko/Downloads/moi-main/project_root/data/visualizations/video/pushups_video5/frame_00096.png,"[19, 151, 519, 347]",LEFT_ELBOW,0.13818179058941807,0.7462362969780155,0.6143795251846313,0.6728353351354599,0.2909412831068039,0.3274405244690656
00096,/Users/nikko/Downloads/moi-main/project_root/data/visualizations/video/pushups_video5/frame_00096.png,"[19, 151, 519, 347]",RIGHT_ELBOW,0.19121625988589125,0.8472527561227681,0.9965171813964844,0.6728353351354599,0.2909412831068039,0.3274405244690656
00096,/Users/nikko/Downloads/moi-main/project_root/data/visualizations/video/pushups_video5/frame_00096.png,"[19, 151, 519, 347]",LEFT_WRIST,0.13326237651363496,1.7510265764487265,0.8233726620674133,0.6728353351354599,0.2909412831068039,0.3274405244690656
00096,/Users/nikko/Downloads/moi-main/project_root/data/visualizations/video/pushups_video5/frame_00096.png,"[19, 151, 519, 347]",RIGHT_WRIST,0.18559274613776292,1.9709055453270061,0.9992539286613464,0.6728353351354599,0.2909412831068039,0.3274405244690656
00096,/Users/nikko/Downloads/moi-main/project_root/data/visualizations/video/pushups_video5/frame_00096.png,"[19, 151, 519, 347]",RIGHT_KNEE,-1.0649516190739943,0.9672471406656649,0.9547871351242065,0.6728353351354599,0.2909412831068039,0.3274405244690656
00096,/Users/nikko/Downloads/moi-main/project_root/data/visualizations/video/pushups_video5/frame_00096.png,"[19, 151, 519, 347]",RIGHT_ANKLE,-1.7968813406581678,1.2259118441060606,0.9904276132583618,0.6728353351354599,0.2909412831068039,0.3274405244690656
00096,/Users/nikko/Downloads/moi-main/project_root/data/visualizations/video/pushups_video5/frame_00096.png,"[19, 151, 519, 347]",LEFT_EYE,0.8449900986958677,0.08877922322227053,0.9998904466629028,0.6728353351354599,0.2909412831068039,0.3274405244690656
00096,/Users/nikko/Downloads/moi-main/project_root/data/visualizations/video/pushups_video5/frame_00096.png,"[19, 151, 519, 347]",RIGHT_EYE,0.8453456071395311,0.06682935281364447,0.9999426603317261,0.6728353351354599,0.2909412831068039,0.3274405244690656
00097,/Users/nikko/Downloads/moi-main/project_root/data/visualizations/video/pushups_video5/frame_00097.png,"[21, 147, 520, 347]",LEFT_SHOULDER,0.40190912842938026,-0.26466857825008955,0.9999891519546509,0.6615471094846725,0.29521334543824196,0.3287150788358835
00097,/Users/nikko/Downloads/moi-main/project_root/data/visualizations/video/pushups_video5/frame_00097.png,"[21, 147, 520, 347]",RIGHT_SHOULDER,0.4218241811822524,-0.30121418692616675,0.999976634979248,0.6615471094846725,0.29521334543824196,0.3287150788358835
00097,/Users/nikko/Downloads/moi-main/project_root/data/visualizations/video/pushups_video5/frame_00097.png,"[21, 147, 520, 347]",LEFT_HIP,-0.41403232386303135,0.2302742458668437,0.9982428550720215,0.6615471094846725,0.29521334543824196,0.3287150788358835
00097,/Users/nikko/Downloads/moi-main/project_root/data/visualizations/video/pushups_video5/frame_00097.png,"[21, 147, 520, 347]",RIGHT_HIP,-0.40970098574860125,0.3356085193094126,0.9992766976356506,0.6615471094846725,0.29521334543824196,0.3287150788358835
00097,/Users/nikko/Downloads/moi-main/project_root/data/visualizations/video/pushups_video5/frame_00097.png,"[21, 147, 520, 347]",LEFT_ELBOW,0.1736236566124565,0.6932217054353857,0.6725109815597534,0.6615471094846725,0.29521334543824196,0.3287150788358835
00097,/Users/nikko/Downloads/moi-main/project_root/data/visualizations/video/pushups_video5/frame_00097.png,"[21, 147, 520, 347]",RIGHT_ELBOW,0.2197378017085089,0.8453365882951688,0.9968191385269165,0.6615471094846725,0.29521334543824196,0.3287150788358835
00097,/Users/nikko/Downloads/moi-main/project_root/data/visualizations/video/pushups_video5/frame_00097.png,"[21, 147, 520, 347]",LEFT_WRIST,0.192694092086599,1.7472244671033628,0.8190491199493408,0.6615471094846725,0.29521334543824196,0.3287150788358835
00097,/Users/nikko/Downloads/moi-main/project_root/data/visualizations/video/pushups_video5/frame_00097.png,"[21, 147, 520, 347]",RIGHT_WRIST,0.21320208140053726,1.953269740747674,0.9993895292282104,0.6615471094846725,0.29521334543824196,0.3287150788358835
00097,/Users/nikko/Downloads/moi-main/project_root/data/visualizations/video/pushups_video5/frame_00097.png,"[21, 147, 520, 347]",RIGHT_KNEE,-1.057105388353684,0.9497947843693001,0.9756004810333252,0.6615471094846725,0.29521334543824196,0.3287150788358835
00097,/Users/nikko/Downloads/moi-main/project_root/data/visualizations/video/pushups_video5/frame_00097.png,"[21, 147, 520, 347]",LEFT_ANKLE,-1.735616929285634,1.1915384655131012,0.6037703156471252,0.6615471094846725,0.29521334543824196,0.3287150788358835
00097,/Users/nikko/Downloads/moi-main/project_root/data/visualizations/video/pushups_video5/frame_00097.png,"[21, 147, 520, 347]",RIGHT_ANKLE,-1.7758415098643445,1.2494649223321173,0.9950742125511169,0.6615471094846725,0.29521334543824196,0.3287150788358835
00097,/Users/nikko/Downloads/moi-main/project_root/data/visualizations/video/pushups_video5/frame_00097.png,"[21, 147, 520, 347]",LEFT_EYE,0.8674152815187798,0.015197115920788234,0.9999047517776489,0.6615471094846725,0.29521334543824196,0.3287150788358835
00097,/Users/nikko/Downloads/moi-main/project_root/data/visualizations/video/pushups_video5/frame_00097.png,"[21, 147, 520, 347]",RIGHT_EYE,0.8658653054563966,0.008113699930033663,0.9999512434005737,0.6615471094846725,0.29521334543824196,0.3287150788358835
00098,/Users/nikko/Downloads/moi-main/project_root/data/visualizations/video/pushups_video5/frame_00098.png,"[21, 144, 519, 346]",LEFT_SHOULDER,0.39106023676426654,-0.26897669008090475,0.9999788999557495,0.662252888083458,0.28894880414009094,0.3245136461629916
00098,/Users/nikko/Downloads/moi-main/project_root/data/visualizations/video/pushups_video5/frame_00098.png,"[21, 144, 519, 346]",RIGHT_SHOULDER,0.43164258887656703,-0.298220217518962,0.9999692440032959,0.662252888083458,0.28894880414009094,0.3245136461629916
00098,/Users/nikko/Downloads/moi-main/project_root/data/visualizations/video/pushups_video5/frame_00098.png,"[21, 144, 519, 346]",LEFT_HIP,-0.4135936103664951,0.23829660417000179,0.9968754053115845,0.662252888083458,0.28894880414009094,0.3245136461629916
00098,/Users/nikko/Downloads/moi-main/project_root/data/visualizations/video/pushups_video5/frame_00098.png,"[21, 144, 519, 346]",RIGHT_HIP,-0.4091092152743385,0.3289003034298649,0.9988504648208618,0.662252888083458,0.28894880414009094,0.3245136461629916
00098,/Users/nikko/Downloads/moi-main/project_root/data/visualizations/video/pushups_video5/frame_00098.png,"[21, 144, 519, 346]",RIGHT_ELBOW,0.2212433670850109,0.8893020162384384,0.9951547384262085,0.662252888083458,0.28894880414009094,0.3245136461629916
00098,/Users/nikko/Downloads/moi-main/project_root/data/visualizations/video/pushups_video5/frame_00098.png,"[21, 144, 519, 346]",LEFT_WRIST,0.15777985508717254,1.7805209437764586,0.7129579782485962,0.662252888083458,0.28894880414009094,0.3245136461629916
00098,/Users/nikko/Downloads/moi-main/project_root/data/visualizations/video/pushups_video5/frame_00098.png,"[21, 144, 519, 346]",RIGHT_WRIST,0.22397735115000172,2.0394295102417446,0.9989571571350098,0.662252888083458,0.28894880414009094,0.3245136461629916
00098,/Users/nikko/Downloads/moi-main/project_root/data/visualizations/video/pushups_video5/frame_00098.png,"[21, 144, 519, 346]",RIGHT_KNEE,-1.0868690996880057,1.0191511062394856,0.9404467344284058,0.662252888083458,0.28894880414009094,0.3245136461629916
00098,/Users/nikko/Downloads/moi-main/project_root/data/visualizations/video/pushups_video5/frame_00098.png,"[21, 144, 519, 346]",RIGHT_ANKLE,-1.8162695992046916,1.321339825149392,0.9891571998596191,0.662252888083458,0.28894880414009094,0.3245136461629916
00098,/Users/nikko/Downloads/moi-main/project_root/data/visualizations/video/pushups_video5/frame_00098.png,"[21, 144, 519, 346]",LEFT_EYE,0.8739413329430942,0.02494611224366081,0.9998500347137451,0.662252888083458,0.28894880414009094,0.3245136461629916
00098,/Users/nikko/Downloads/moi-main/project_root/data/visualizations/video/pushups_video5/frame_00098.png,"[21, 144, 519, 346]",RIGHT_EYE,0.8723420854285577,0.008942800345872066,0.9999288320541382,0.662252888083458,0.28894880414009094,0.3245136461629916
00099,/Users/nikko/Downloads/moi-main/project_root/data/visualizations/video/pushups_video5/frame_00099.png,"[17, 140, 515, 346]",LEFT_SHOULDER,0.3867330073031444,-0.2667158120435165,0.9999507665634155,0.6646299809217453,0.300087284296751,0.3347730806905384
00099,/Users/nikko/Downloads/moi-main/project_root/data/visualizations/video/pushups_video5/frame_00099.png,"[17, 140, 515, 346]",RIGHT_SHOULDER,0.4215633999363383,-0.32128599991787876,0.9998923540115356,0.6646299809217453,0.300087284296751,0.3347730806905384
00099,/Users/nikko/Downloads/moi-main/project_root/data/visualizations/video/pushups_video5/frame_00099.png,"[17, 140, 515, 346]",LEFT_HIP,-0.4074561000999415,0.24447139221285705,0.9950671195983887,0.6646299809217453,0.300087284296751,0.3347730806905384
00099,/Users/nikko/Downloads/moi-main/project_root/data/visualizations/video/pushups_video5/frame_00099.png,"[17, 140, 515, 346]",RIGHT_HIP,-0.4008403071395412,0.3435304197485382,0.9980005621910095,0.6646299809217453,0.300087284296751,0.3347730806905384
00099,/Users/nikko/Downloads/moi-main/project_root/data/visualizations/video/pushups_video5/frame_00099.png,"[17, 140, 515, 346]",RIGHT_ELBOW,0.23733818960096903,0.8758807102984898,0.989632248878479,0.6646299809217453,0.300087284296751,0.3347730806905384
00099,/Users/nikko/Downloads/moi-main/project_root/data/visualizations/video/pushups_video5/frame_00099.png,"[17, 140, 515, 346]",LEFT_WRIST,0.2018395944008883,1.7314451047924646,0.5952887535095215,0.6646299809217453,0.300087284296751,0.3347730806905384
00099,/Users/nikko/Downloads/moi-main/project_root/data/visualizations/video/pushups_video5/frame_00099.png,"[17, 140, 515, 346]",RIGHT_WRIST,0.23041099608381815,1.9407388611483785,0.997768759727478,0.6646299809217453,0.300087284296751,0.3347730806905384
00099,/Users/nikko/Downloads/moi-main/project_root/data/visualizations/video/pushups_video5/frame_00099.png,"[17, 140, 515, 346]",RIGHT_KNEE,-1.0559592434301672,0.9425444655066824,0.9429563879966736,0.6646299809217453,0.300087284296751,0.3347730806905384
00099,/Users/nikko/Downloads/moi-main/project_root/data/visualizations/video/pushups_video5/frame_00099.png,"[17, 140, 515, 346]",LEFT_ANKLE,-1.7127758379875841,1.197180920426166,0.5571884512901306,0.6646299809217453,0.300087284296751,0.3347730806905384
00099,/Users/nikko/Downloads/moi-main/project_root/data/visualizations/video/pushups_video5/frame_00099.png,"[17, 140, 515, 346]",RIGHT_ANKLE,-1.7517672293123394,1.2559724197071263,0.9913737177848816,0.6646299809217453,0.300087284296751,0.3347730806905384
00099,/Users/nikko/Downloads/moi-main/project_root/data/visualizations/video/pushups_video5/frame_00099.png,"[17, 140, 515, 346]",LEFT_EYE,0.8523113803588966,-0.0211996633958522,0.9991174340248108,0.6646299809217453,0.300087284296751,0.3347730806905384
00099,/Users/nikko/Downloads/moi-main/project_root/data/visualizations/video/pushups_video5/frame_00099.png,"[17, 140, 515, 346]",RIGHT_EYE,0.8515124928242254,-0.02947741661753819,0.9995880722999573,0.6646299809217453,0.300087284296751,0.3347730806905384
00100,/Users/nikko/Downloads/moi-main/project_root/data/visualizations/video/pushups_video5/frame_00100.png,"[17, 136, 517, 346]",LEFT_SHOULDER,0.3860515545421926,-0.24684595533580894,0.9999939203262329,0.6584387421607971,0.3004209063947201,0.32442443602134263
00100,/Users/nikko/Downloads/moi-main/project_root/data/visualizations/video/pushups_video5/frame_00100.png,"[17, 136, 517, 346]",RIGHT_SHOULDER,0.4310307481819293,-0.32939037909390734,0.999987006187439,0.6584387421607971,0.3004209063947201,0.32442443602134263
00100,/Users/nikko/Downloads/moi-main/project_root/data/visualizations/video/pushups_video5/frame_00100.png,"[17, 136, 517, 346]",LEFT_HIP,-0.41571916698138667,0.24560657433231467,0.9987269043922424,0.6584387421607971,0.3004209063947201,0.32442443602134263
00100,/Users/nikko/Downloads/moi-main/project_root/data/visualizations/video/pushups_video5/frame_00100.png,"[17, 136, 517, 346]",RIGHT_HIP,-0.4013631357427353,0.3306297600974016,0.9995204210281372,0.6584387421607971,0.3004209063947201,0.32442443602134263
00100,/Users/nikko/Downloads/moi-main/project_root/data/visualizations/video/pushups_video5/frame_00100.png,"[17, 136, 517, 346]",LEFT_ELBOW,0.16301267133001093,0.724615814967262,0.6378192901611328,0.6584387421607971,0.3004209063947201,0.32442443602134263
00100,/Users/nikko/Downloads/moi-main/project_root/data/visualizations/video/pushups_video5/frame_00100.png,"[17, 136, 517, 346]",RIGHT_ELBOW,0.27214378920420285,0.9030495671665885,0.9964168071746826,0.6584387421607971,0.3004209063947201,0.32442443602134263
00100,/Users/nikko/Downloads/moi-main/project_root/data/visualizations/video/pushups_video5/frame_00100.png,"[17, 136, 517, 346]",LEFT_WRIST,0.15474563006194256,1.6857072684853003,0.8553228378295898,0.6584387421607971,0.3004209063947201,0.32442443602134263
00100,/Users/nikko/Downloads/moi-main/project_root/data/visualizations/video/pushups_video5/frame_00100.png,"[17, 136, 517, 346]",RIGHT_WRIST,0.25098279448958677,1.9664725030868713,0.9994609951972961,0.6584387421607971,0.3004209063947201,0.32442443602134263
00100,/Users/nikko/Downloads/moi-main/project_root/data/visualizations/video/pushups_video5/frame_00100.png,"[17, 136, 517, 346]",RIGHT_KNEE,-1.0811549007389674,0.9809854052427849,0.9722417593002319,0.6584387421607971,0.3004209063947201,0.32442443602134263
00100,/Users/nikko/Downloads/moi-main/project_root/data/visualizations/video/pushups_video5/frame_00100.png,"[17, 136, 517, 346]",LEFT_ANKLE,-1.7319282430268925,1.2508328247154592,0.5437785983085632,0.6584387421607971,0.3004209063947201,0.32442443602134263
00100,/Users/nikko/Downloads/moi-main/project_root/data/visualizations/video/pushups_video5/frame_00100.png,"[17, 136, 517, 346]",RIGHT_ANKLE,-1.7800503160019674,1.316248955696266,0.9959885478019714,0.6584387421607971,0.3004209063947201,0.32442443602134263
00100,/Users/nikko/Downloads/moi-main/project_root/data/visualizations/video/pushups_video5/frame_00100.png,"[17, 136, 517, 346]",LEFT_EYE,0.8666389867119692,-0.015986848295920297,0.9999573230743408,0.6584387421607971,0.3004209063947201,0.32442443602134263
00100,/Users/nikko/Downloads/moi-main/project_root/data/visualizations/video/pushups_video5/frame_00100.png,"[17, 136, 517, 346]",RIGHT_EYE,0.8667144973895959,-0.027035750696074324,0.9999773502349854,0.6584387421607971,0.3004209063947201,0.32442443602134263
00101,/Users/nikko/Downloads/moi-main/project_root/data/visualizations/video/pushups_video5/frame_00101.png,"[16, 136, 513, 346]",LEFT_SHOULDER,0.396062766221938,-0.2537295371108578,0.999976396560669,0.6623241007328033,0.29881155118346214,0.3233511335810468
00101,/Users/nikko/Downloads/moi-main/project_root/data/visualizations/video/pushups_video5/frame_00101.png,"[16, 136, 513, 346]",RIGHT_SHOULDER,0.42256411314831427,-0.32042396987848515,0.999940037727356,0.6623241007328033,0.29881155118346214,0.3233511335810468
00101,/Users/nikko/Downloads/moi-main/project_root/data/visualizations/video/pushups_video5/frame_00101.png,"[16, 136, 513, 346]",LEFT_HIP,-0.4128329309270249,0.24831474554879993,0.9970513582229614,0.6623241007328033,0.29881155118346214,0.3233511335810468
00101,/Users/nikko/Downloads/moi-main/project_root/data/visualizations/video/pushups_video5/frame_00101.png,"[16, 136, 513, 346]",RIGHT_HIP,-0.40579394844322736,0.325838761440543,0.9987497329711914,0.6623241007328033,0.29881155118346214,0.3233511335810468
00101,/Users/nikko/Downloads/moi-main/project_root/data/visualizations/video/pushups_video5/frame_00101.png,"[16, 136, 513, 346]",LEFT_ELBOW,0.23136041954277237,0.7897706756562022,0.6141149401664734,0.6623241007328033,0.29881155118346214,0.3233511335810468
00101,/Users/nikko/Downloads/moi-main/project_root/data/visualizations/video/pushups_video5/frame_00101.png,"[16, 136, 513, 346]",RIGHT_ELBOW,0.27344813749301866,0.8894463985492462,0.9928802847862244,0.6623241007328033,0.29881155118346214,0.3233511335810468
00101,/Users/nikko/Downloads/moi-main/project_root/data/visualizations/video/pushups_video5/frame_00101.png,"[16, 136, 513, 346]",LEFT_WRIST,0.22043530526398664,1.7974356914586958,0.7403364777565002,0.6623241007328033,0.29881155118346214,0.3233511335810468
00101,/Users/nikko/Downloads/moi-main/project_root/data/visualizations/video/pushups_video5/frame_00101.png,"[16, 136, 513, 346]",RIGHT_WRIST,0.26511807887355576,1.9931292110831413,0.9983080625534058,0.6623241007328033,0.29881155118346214,0.3233511335810468
00101,/Users/nikko/Downloads/moi-main/project_root/data/visualizations/video/pushups_video5/frame_00101.png,"[16, 136, 513, 346]",RIGHT_KNEE,-1.089470375830011,0.9844831691250209,0.9497573971748352,0.6623241007328033,0.29881155118346214,0.3233511335810468
00101,/Users/nikko/Downloads/moi-main/project_root/data/visualizations/video/pushups_video5/frame_00101.png,"[16, 136, 513, 346]",LEFT_ANKLE,-1.7568120356893837,1.2525049711320815,0.5317038297653198,0.6623241007328033,0.29881155118346214,0.3233511335810468
00101,/Users/nikko/Downloads/moi-main/project_root/data/visualizations/video/pushups_video5/frame_00101.png,"[16, 136, 513, 346]",RIGHT_ANKLE,-1.7917910928606753,1.3024495620307095,0.9917289614677429,0.6623241007328033,0.29881155118346214,0.3233511335810468
00101,/Users/nikko/Downloads/moi-main/project_root/data/visualizations/video/pushups_video5/frame_00101.png,"[16, 136, 513, 346]",LEFT_EYE,0.8805381644597986,-0.06459674511098878,0.9997813105583191,0.6623241007328033,0.29881155118346214,0.3233511335810468
00101,/Users/nikko/Downloads/moi-main/project_root/data/visualizations/video/pushups_video5/frame_00101.png,"[16, 136, 513, 346]",RIGHT_EYE,0.882295790238435,-0.07099700988917802,0.9998875856399536,0.6623241007328033,0.29881155118346214,0.3233511335810468
00102,/Users/nikko/Downloads/moi-main/project_root/data/visualizations/video/pushups_video5/frame_00102.png,"[16, 134, 511, 346]",LEFT_SHOULDER,0.3919935662589295,-0.24716932474735423,0.9999775886535645,0.6616568714380264,0.3030722662806511,0.32378728591741973
00102,/Users/nikko/Downloads/moi-main/project_root/data/visualizations/video/pushups_video5/frame_00102.png,"[16, 134, 511, 346]",RIGHT_SHOULDER,0.4209241239769986,-0.33516731221407814,0.999935507774353,0.6616568714380264,0.3030722662806511,0.32378728591741973
00102,/Users/nikko/Downloads/moi-main/project_root/data/visualizations/video/pushups_video5/frame_00102.png,"[16, 134, 511, 346]",LEFT_HIP,-0.4084927171890523,0.26758513139114776,0.9969059824943542,0.6616568714380264,0.3030722662806511,0.32378728591741973
00102,/Users/nikko/Downloads/moi-main/project_root/data/visualizations/video/pushups_video5/frame_00102.png,"[16, 134, 511, 346]",RIGHT_HIP,-0.4044249730468758,0.31475150557028464,0.9986498951911926,0.6616568714380264,0.3030722662806511,0.32378728591741973
00102,/Users/nikko/Downloads/moi-main/project_root/data/visualizations/video/pushups_video5/frame_00102.png,"[16, 134, 511, 346]",LEFT_ELBOW,0.22692750220467736,0.7993363224040321,0.6026027202606201,0.6616568714380264,0.3030722662806511,0.32378728591741973
00102,/Users/nikko/Downloads/moi-main/project_root/data/visualizations/video/pushups_video5/frame_00102.png,"[16, 134, 511, 346]",RIGHT_ELBOW,0.2810673229929403,0.9002184757082421,0.9913226366043091,0.6616568714380264,0.3030722662806511,0.32378728591741973
00102,/Users/nikko/Downloads/moi-main/project_root/data/visualizations/video/pushups_video5/frame_00102.png,"[16, 134, 511, 346]",LEFT_WRIST,0.21724440451618457,1.7931241196060133,0.723264217376709,0.6616568714380264,0.3030722662806511,0.32378728591741973
00102,/Users/nikko/Downloads/moi-main/project_root/data/visualizations/video/pushups_video5/frame_00102.png,"[16, 134, 511, 346]",RIGHT_WRIST,0.27222973142948786,1.98033202487948,0.9979575872421265,0.6616568714380264,0.3030722662806511,0.32378728591741973
00102,/Users/nikko/Downloads/moi-main/project_root/data/visualizations/video/pushups_video5/frame_00102.png,"[16, 134, 511, 346]",RIGHT_KNEE,-1.087803503774091,0.9826128911204857,0.9399516582489014,0.6616568714380264,0.3030722662806511,0.32378728591741973
00102,/Users/nikko/Downloads/moi-main/project_root/data/visualizations/video/pushups_video5/frame_00102.png,"[16, 134, 511, 346]",RIGHT_ANKLE,-1.7879707524104598,1.300753669569698,0.9907097816467285,0.6616568714380264,0.3030722662806511,0.32378728591741973
00102,/Users/nikko/Downloads/moi-main/project_root/data/visualizations/video/pushups_video5/frame_00102.png,"[16, 134, 511, 346]",LEFT_EYE,0.880994509630159,-0.10147092875656714,0.9997668862342834,0.6616568714380264,0.3030722662806511,0.32378728591741973
00102,/Users/nikko/Downloads/moi-main/project_root/data/visualizations/video/pushups_video5/frame_00102.png,"[16, 134, 511, 346]",RIGHT_EYE,0.8820322013407735,-0.10763918403302904,0.9998781681060791,0.6616568714380264,0.3030722662806511,0.32378728591741973
00103,/Users/nikko/Downloads/moi-main/project_root/data/visualizations/video/pushups_video5/frame_00103.png,"[14, 131, 510, 346]",LEFT_SHOULDER,0.3823936685822192,-0.2781546932735984,0.9999877214431763,0.6599191129207611,0.30050210654735565,0.3234248491978404
00103,/Users/nikko/Downloads/moi-main/project_root/data/visualizations/video/pushups_video5/frame_00103.png,"[14, 131, 510, 346]",RIGHT_SHOULDER,0.433571216274949,-0.2971868149185139,0.9999752044677734,0.6599191129207611,0.30050210654735565,0.3234248491978404
00103,/Users/nikko/Downloads/moi-main/project_root/data/visualizations/video/pushups_video5/frame_00103.png,"[14, 131, 510, 346]",LEFT_HIP,-0.4149925453430309,0.232102769622828,0.9979670643806458,0.6599191129207611,0.30050210654735565,0.3234248491978404
00103,/Users/nikko/Downloads/moi-main/project_root/data/visualizations/video/pushups_video5/frame_00103.png,"[14, 131, 510, 346]",RIGHT_HIP,-0.40097233951413724,0.3432387385692843,0.999288022518158,0.6599191129207611,0.30050210654735565,0.3234248491978404
00103,/Users/nikko/Downloads/moi-main/project_root/data/visualizations/video/pushups_video5/frame_00103.png,"[14, 131, 510, 346]",LEFT_ELBOW,0.23030182114484013,0.7888955543493348,0.7029701471328735,0.6599191129207611,0.30050210654735565,0.3234248491978404
00103,/Users/nikko/Downloads/moi-main/project_root/data/visualizations/video/pushups_video5/frame_00103.png,"[14, 131, 510, 346]",RIGHT_ELBOW,0.30416591068707094,0.9311028949825613,0.997272789478302,0.6599191129207611,0.30050210654735565,0.3234248491978404
00103,/Users/nikko/Downloads/moi-main/project_root/data/visualizations/video/pushups_video5/frame_00103.png,"[14, 131, 510, 346]",LEFT_WRIST,0.22148547135451935,1.7487877780126233,0.8393683433532715,0.6599191129207611,0.30050210654735565,0.3234248491978404
00103,/Users/nikko/Downloads/moi-main/project_root/data/visualizations/video/pushups_video5/frame_00103.png,"[14, 131, 510, 346]",RIGHT_WRIST,0.30650586748566006,2.0205132109991633,0.9996371269226074,0.6599191129207611,0.30050210654735565,0.3234248491978404
00103,/Users/nikko/Downloads/moi-main/project_root/data/visualizations/video/pushups_video5/frame_00103.png,"[14, 131, 510, 346]",RIGHT_KNEE,-1.0806509124853003,0.9920202801806414,0.9819336533546448,0.6599191129207611,0.30050210654735565,0.3234248491978404
00103,/Users/nikko/Downloads/moi-main/project_root/data/visualizations/video/pushups_video5/frame_00103.png,"[14, 131, 510, 346]",LEFT_ANKLE,-1.7380167801325934,1.2809523294117329,0.6968917846679688,0.6599191129207611,0.30050210654735565,0.3234248491978404
00103,/Users/nikko/Downloads/moi-main/project_root/data/visualizations/video/pushups_video5/frame_00103.png,"[14, 131, 510, 346]",RIGHT_ANKLE,-1.7740235864137257,1.3395850454413394,0.997830331325531,0.6599191129207611,0.30050210654735565,0.3234248491978404
00103,/Users/nikko/Downloads/moi-main/project_root/data/visualizations/video/pushups_video5/frame_00103.png,"[14, 131, 510, 346]",LEFT_EYE,0.8889293525113693,-0.10259204895352972,0.9999111890792847,0.6599191129207611,0.30050210654735565,0.3234248491978404
00103,/Users/nikko/Downloads/moi-main/project_root/data/visualizations/video/pushups_video5/frame_00103.png,"[14, 131, 510, 346]",RIGHT_EYE,0.8868059389307327,-0.11461664777340377,0.9999566078186035,0.6599191129207611,0.30050210654735565,0.3234248491978404
00104,/Users/nikko/Downloads/moi-main/project_root/data/visualizations/video/pushups_video5/frame_00104.png,"[13, 129, 508, 347]",LEFT_SHOULDER,0.3876917760871919,-0.28190836456482915,0.9999884366989136,0.6625334173440933,0.2963205724954605,0.3211371362242127
00104,/Users/nikko/Downloads/moi-main/project_root/data/visualizations/video/pushups_video5/frame_00104.png,"[13, 129, 508, 347]",RIGHT_SHOULDER,0.4324747260292071,-0.2882381432599917,0.9999806880950928,0.6625334173440933,0.2963205724954605,0.3211371362242127
00104,/Users/nikko/Downloads/moi-main/project_root/data/visualizations/video/pushups_video5/frame_00104.png,"[13, 129, 508, 347]",LEFT_HIP,-0.4162505326123761,0.24386538027580515,0.9984481334686279,0.6625334173440933,0.2963205724954605,0.3211371362242127
00104,/Users/nikko/Downloads/moi-main/project_root/data/visualizations/video/pushups_video5/frame_00104.png,"[13, 129, 508, 347]",RIGHT_HIP,-0.4039159695040229,0.32628112754901567,0.9994528889656067,0.6625334173440933,0.2963205724954605,0.3211371362242127
00104,/Users/nikko/Downloads/moi-main/project_root/data/visualizations/video/pushups_video5/frame_00104.png,"[13, 129, 508, 347]",LEFT_ELBOW,0.2651680037589839,0.7928696273014129,0.6717419028282166,0.6625334173440933,0.2963205724954605,0.3211371362242127
00104,/Users/nikko/Downloads/moi-main/project_root/data/visualizations/video/pushups_video5/frame_00104.png,"[13, 129, 508, 347]",RIGHT_ELBOW,0.30878554016787413,0.93382786969229,0.9969437718391418,0.6625334173440933,0.2963205724954605,0.3211371362242127
00104,/Users/nikko/Downloads/moi-main/project_root/data/visualizations/video/pushups_video5/frame_00104.png,"[13, 129, 508, 347]",LEFT_WRIST,0.22833024526663878,1.764651715711423,0.8190197348594666,0.6625334173440933,0.2963205724954605,0.3211371362242127
00104,/Users/nikko/Downloads/moi-main/project_root/data/visualizations/video/pushups_video5/frame_00104.png,"[13, 129, 508, 347]",RIGHT_WRIST,0.30602540883309143,2.007478311436899,0.9994722008705139,0.6625334173440933,0.2963205724954605,0.3211371362242127
00104,/Users/nikko/Downloads/moi-main/project_root/data/visualizations/video/pushups_video5/frame_00104.png,"[13, 129, 508, 347]",RIGHT_KNEE,-1.0789042220953045,0.989517895008423,0.9735860228538513,0.6625334173440933,0.2963205724954605,0.3211371362242127
00104,/Users/nikko/Downloads/moi-main/project_root/data/visualizations/video/pushups_video5/frame_00104.png,"[13, 129, 508, 347]",LEFT_ANKLE,-1.7456973661605737,1.28284017568723,0.5389291644096375,0.6625334173440933,0.2963205724954605,0.3211371362242127
00104,/Users/nikko/Downloads/moi-main/project_root/data/visualizations/video/pushups_video5/frame_00104.png,"[13, 129, 508, 347]",RIGHT_ANKLE,-1.7958054151585086,1.357996634634144,0.9964789748191833,0.6625334173440933,0.2963205724954605,0.3211371362242127
00104,/Users/nikko/Downloads/moi-main/project_root/data/visualizations/video/pushups_video5/frame_00104.png,"[13, 129, 508, 347]",LEFT_EYE,0.8773861442950683,-0.14030969226536016,0.9999369382858276,0.6625334173440933,0.2963205724954605,0.3211371362242127
00104,/Users/nikko/Downloads/moi-main/project_root/data/visualizations/video/pushups_video5/frame_00104.png,"[13, 129, 508, 347]",RIGHT_EYE,0.8818744433965219,-0.14738300442344648,0.9999687671661377,0.6625334173440933,0.2963205724954605,0.3211371362242127
00105,/Users/nikko/Downloads/moi-main/project_root/data/visualizations/video/pushups_video5/frame_00105.png,"[15, 129, 508, 347]",LEFT_SHOULDER,0.38744726286936787,-0.2764775007393265,0.9999909400939941,0.6582613587379456,0.29195015504956245,0.32719173638047755
00105,/Users/nikko/Downloads/moi-main/project_root/data/visualizations/video/pushups_video5/frame_00105.png,"[15, 129, 508, 347]",RIGHT_SHOULDER,0.4303349080651907,-0.2979264696506305,0.9999856948852539,0.6582613587379456,0.29195015504956245,0.32719173638047755
00105,/Users/nikko/Downloads/moi-main/project_root/data/visualizations/video/pushups_video5/frame_00105.png,"[15, 129, 508, 347]",LEFT_HIP,-0.4146055882925737,0.25162278815568856,0.999049723148346,0.6582613587379456,0.29195015504956245,0.32719173638047755
00105,/Users/nikko/Downloads/moi-main/project_root/data/visualizations/video/pushups_video5/frame_00105.png,"[15, 129, 508, 347]",RIGHT_HIP,-0.40317658264198486,0.3227811822342684,0.9996381998062134,0.6582613587379456,0.29195015504956245,0.32719173638047755
00105,/Users/nikko/Downloads/moi-main/project_root/data/visualizations/video/pushups_video5/frame_00105.png,"[15, 129, 508, 347]",LEFT_ELBOW,0.2416872722543393,0.7415663056832299,0.6368427872657776,0.6582613587379456,0.29195015504956245,0.32719173638047755
00105,/Users/nikko/Downloads/moi-main/project_root/data/visualizations/video/pushups_video5/frame_00105.png,"[15, 129, 508, 347]",RIGHT_ELBOW,0.2931994100147295,0.8900921892625367,0.9973760843276978,0.6582613587379456,0.29195015504956245,0.32719173638047755
00105,/Users/nikko/Downloads/moi-main/project_root/data/visualizations/video/pushups_video5/frame_00105.png,"[15, 129, 508, 347]",LEFT_WRIST,0.21115005051937472,1.6717302983347146,0.8486368656158447,0.6582613587379456,0.29195015504956245,0.32719173638047755
00105,/Users/nikko/Downloads/moi-main/project_root/data/visualizations/video/pushups_video5/frame_00105.png,"[15, 129, 508, 347]",RIGHT_WRIST,0.2841051000257484,1.9761546831681822,0.9994142055511475,0.6582613587379456,0.29195015504956245,0.32719173638047755
00105,/Users/nikko/Downloads/moi-main/project_root/data/visualizations/video/pushups_video5/frame_00105.png,"[15, 129, 508, 347]",RIGHT_KNEE,-1.0721836609097615,0.9862943660136895,0.9721109867095947,0.6582613587379456,0.29195015504956245,0.32719173638047755
00105,/Users/nikko/Downloads/moi-main/project_root/data/visualizations/video/pushups_video5/frame_00105.png,"[15, 129, 508, 347]",LEFT_ANKLE,-1.714151826442081,1.3328702455148465,0.5272473692893982,0.6582613587379456,0.29195015504956245,0.32719173638047755
00105,/Users/nikko/Downloads/moi-main/project_root/data/visualizations/video/pushups_video5/frame_00105.png,"[15, 129, 508, 347]",RIGHT_ANKLE,-1.7810390536603256,1.4015770816294681,0.9960760474205017,0.6582613587379456,0.29195015504956245,0.32719173638047755
00105,/Users/nikko/Downloads/moi-main/project_root/data/visualizations/video/pushups_video5/frame_00105.png,"[15, 129, 508, 347]",LEFT_EYE,0.8757619038942356,-0.10535128586924643,0.9999516010284424,0.6582613587379456,0.29195015504956245,0.32719173638047755
00105,/Users/nikko/Downloads/moi-main/project_root/data/visualizations/video/pushups_video5/frame_00105.png,"[15, 129, 508, 347]",RIGHT_EYE,0.8770489376683662,-0.1265358800084759,0.9999749660491943,0.6582613587379456,0.29195015504956245,0.32719173638047755
00106,/Users/nikko/Downloads/moi-main/project_root/data/visualizations/video/pushups_video5/frame_00106.png,"[14, 128, 507, 348]",LEFT_SHOULDER,0.3802127772675193,-0.285408467544237,0.9999921321868896,0.6590936779975891,0.28829260542988777,0.32685496145677706
00106,/Users/nikko/Downloads/moi-main/project_root/data/visualizations/video/pushups_video5/frame_00106.png,"[14, 128, 507, 348]",RIGHT_SHOULDER,0.43070809566205975,-0.29766662359334684,0.9999891519546509,0.6590936779975891,0.28829260542988777,0.32685496145677706
00106,/Users/nikko/Downloads/moi-main/project_root/data/visualizations/video/pushups_video5/frame_00106.png,"[14, 128, 507, 348]",LEFT_HIP,-0.4121161418434576,0.2476236216333675,0.999224066734314,0.6590936779975891,0.28829260542988777,0.32685496145677706
00106,/Users/nikko/Downloads/moi-main/project_root/data/visualizations/video/pushups_video5/frame_00106.png,"[14, 128, 507, 348]",RIGHT_HIP,-0.39880473108612147,0.3354514695042163,0.9997124075889587,0.6590936779975891,0.28829260542988777,0.32685496145677706
00106,/Users/nikko/Downloads/moi-main/project_root/data/visualizations/video/pushups_video5/frame_00106.png,"[14, 128, 507, 348]",LEFT_ELBOW,0.23788247444695296,0.7681591215659992,0.6454157829284668,0.6590936779975891,0.28829260542988777,0.32685496145677706
00106,/Users/nikko/Downloads/moi-main/project_root/data/visualizations/video/pushups_video5/frame_00106.png,"[14, 128, 507, 348]",RIGHT_ELBOW,0.30157340621498785,0.9105902684074544,0.9981398582458496,0.6590936779975891,0.28829260542988777,0.32685496145677706
00106,/Users/nikko/Downloads/moi-main/project_root/data/visualizations/video/pushups_video5/frame_00106.png,"[14, 128, 507, 348]",LEFT_WRIST,0.22678324961620525,1.6842269367531946,0.8708362579345703,0.6590936779975891,0.28829260542988777,0.32685496145677706
00106,/Users/nikko/Downloads/moi-main/project_root/data/visualizations/video/pushups_video5/frame_00106.png,"[14, 128, 507, 348]",RIGHT_WRIST,0.28963405768761225,1.988922495737873,0.9996463060379028,0.6590936779975891,0.28829260542988777,0.32685496145677706
00106,/Users/nikko/Downloads/moi-main/project_root/data/visualizations/video/pushups_video5/frame_00106.png,"[14, 128, 507, 348]",RIGHT_KNEE,-1.0775414314957266,0.998127255133063,0.9674950838088989,0.6590936779975891,0.28829260542988777,0.32685496145677706
00106,/Users/nikko/Downloads/moi-main/project_root/data/visualizations/video/pushups_video5/frame_00106.png,"[14, 128, 507, 348]",RIGHT_ANKLE,-1.776689381156842,1.3884775006921473,0.9952433705329895,0.6590936779975891,0.28829260542988777,0.32685496145677706
00106,/Users/nikko/Downloads/moi-main/project_root/data/visualizations/video/pushups_video5/frame_00106.png,"[14, 128, 507, 348]",LEFT_EYE,0.8770050722023988,-0.10520735977058329,0.9999606609344482,0.6590936779975891,0.28829260542988777,0.32685496145677706
00106,/Users/nikko/Downloads/moi-main/project_root/data/visualizations/video/pushups_video5/frame_00106.png,"[14, 128, 507, 348]",RIGHT_EYE,0.879998297806143,-0.12060841182152882,0.9999803304672241,0.6590936779975891,0.28829260542988777,0.32685496145677706
00107,/Users/nikko/Downloads/moi-main/project_root/data/visualizations/video/pushups_video5/frame_00107.png,"[15, 128, 507, 347]",LEFT_SHOULDER,0.3749876866169075,-0.30253193279372165,0.9999933242797852,0.6550582051277161,0.2875751443207264,0.3290192238810935
00107,/Users/nikko/Downloads/moi-main/project_root/data/visualizations/video/pushups_video5/frame_00107.png,"[15, 128, 507, 347]",RIGHT_SHOULDER,0.4330893995223099,-0.28273642125519494,0.9999885559082031,0.6550582051277161,0.2875751443207264,0.3290192238810935
00107,/Users/nikko/Downloads/moi-main/project_root/data/visualizations/video/pushups_video5/frame_00107.png,"[15, 128, 507, 347]",LEFT_HIP,-0.4131485535388623,0.2475969392371928,0.9987764954566956,0.6550582051277161,0.2875751443207264,0.3290192238810935
00107,/Users/nikko/Downloads/moi-main/project_root/data/visualizations/video/pushups_video5/frame_00107.png,"[15, 128, 507, 347]",RIGHT_HIP,-0.3949285326003551,0.33767141481172375,0.9995647072792053,0.6550582051277161,0.2875751443207264,0.3290192238810935
00107,/Users/nikko/Downloads/moi-main/project_root/data/visualizations/video/pushups_video5/frame_00107.png,"[15, 128, 507, 347]",LEFT_ELBOW,0.24314882886813924,0.7643458995794424,0.7217892408370972,0.6550582051277161,0.2875751443207264,0.3290192238810935
00107,/Users/nikko/Downloads/moi-main/project_root/data/visualizations/video/pushups_video5/frame_00107.png,"[15, 128, 507, 347]",RIGHT_ELBOW,0.3165191276523405,0.9106817889522038,0.9979076385498047,0.6550582051277161,0.2875751443207264,0.3290192238810935
00107,/Users/nikko/Downloads/moi-main/project_root/data/visualizations/video/pushups_video5/frame_00107.png,"[15, 128, 507, 347]",LEFT_WRIST,0.21945637051963526,1.7410828617703304,0.9062359929084778,0.6550582051277161,0.2875751443207264,0.3290192238810935
00107,/Users/nikko/Downloads/moi-main/project_root/data/visualizations/video/pushups_video5/frame_00107.png,"[15, 128, 507, 347]",RIGHT_WRIST,0.30536012342892355,1.9842614006402983,0.9997056126594543,0.6550582051277161,0.2875751443207264,0.3290192238810935
00107,/Users/nikko/Downloads/moi-main/project_root/data/visualizations/video/pushups_video5/frame_00107.png,"[15, 128, 507, 347]",RIGHT_KNEE,-1.0600118328347112,0.9978483980977568,0.9787588119506836,0.6550582051277161,0.2875751443207264,0.3290192238810935
00107,/Users/nikko/Downloads/moi-main/project_root/data/visualizations/video/pushups_video5/frame_00107.png,"[15, 128, 507, 347]",LEFT_ANKLE,-1.69014258402751,1.3333460575279734,0.5625168681144714,0.6550582051277161,0.2875751443207264,0.3290192238810935
00107,/Users/nikko/Downloads/moi-main/project_root/data/visualizations/video/pushups_video5/frame_00107.png,"[15, 128, 507, 347]",RIGHT_ANKLE,-1.7561231539117548,1.403545357092611,0.9974954724311829,0.6550582051277161,0.2875751443207264,0.3290192238810935
00107,/Users/nikko/Downloads/moi-main/project_root/data/visualizations/video/pushups_video5/frame_00107.png,"[15, 128, 507, 347]",LEFT_EYE,0.8756633548113167,-0.1275883460656573,0.9999605417251587,0.6550582051277161,0.2875751443207264,0.3290192238810935
00107,/Users/nikko/Downloads/moi-main/project_root/data/visualizations/video/pushups_video5/frame_00107.png,"[15, 128, 507, 347]",RIGHT_EYE,0.8803720277840602,-0.1310219798898008,0.9999791383743286,0.6550582051277161,0.2875751443207264,0.3290192238810935
00108,/Users/nikko/Downloads/moi-main/project_root/data/visualizations/video/pushups_video5/frame_00108.png,"[14, 128, 507, 347]",LEFT_SHOULDER,0.37924377895063177,-0.287535232997173,0.9999920129776001,0.6568959355354309,0.2883320301771164,0.32606389415752396
00108,/Users/nikko/Downloads/moi-main/project_root/data/visualizations/video/pushups_video5/frame_00108.png,"[14, 128, 507, 347]",RIGHT_SHOULDER,0.4303626607942992,-0.2978502085382505,0.9999853372573853,0.6568959355354309,0.2883320301771164,0.32606389415752396
00108,/Users/nikko/Downloads/moi-main/project_root/data/visualizations/video/pushups_video5/frame_00108.png,"[14, 128, 507, 347]",LEFT_HIP,-0.4129863759148935,0.25869676230241,0.998487114906311,0.6568959355354309,0.2883320301771164,0.32606389415752396
00108,/Users/nikko/Downloads/moi-main/project_root/data/visualizations/video/pushups_video5/frame_00108.png,"[14, 128, 507, 347]",RIGHT_HIP,-0.39662006383003745,0.3266886792330134,0.9994226694107056,0.6568959355354309,0.2883320301771164,0.32606389415752396
00108,/Users/nikko/Downloads/moi-main/project_root/data/visualizations/video/pushups_video5/frame_00108.png,"[14, 128, 507, 347]",LEFT_ELBOW,0.25414004839418575,0.7488121556298567,0.700175940990448,0.6568959355354309,0.2883320301771164,0.32606389415752396
00108,/Users/nikko/Downloads/moi-main/project_root/data/visualizations/video/pushups_video5/frame_00108.png,"[14, 128, 507, 347]",RIGHT_ELBOW,0.32381482678119183,0.8925949902705511,0.9977807402610779,0.6568959355354309,0.2883320301771164,0.32606389415752396
00108,/Users/nikko/Downloads/moi-main/project_root/data/visualizations/video/pushups_video5/frame_00108.png,"[14, 128, 507, 347]",LEFT_WRIST,0.2162526327613955,1.7149868629922052,0.8804975748062134,0.6568959355354309,0.2883320301771164,0.32606389415752396
00108,/Users/nikko/Downloads/moi-main/project_root/data/visualizations/video/pushups_video5/frame_00108.png,"[14, 128, 507, 347]",RIGHT_WRIST,0.31813484946494774,1.9917442695676129,0.9994798302650452,0.6568959355354309,0.2883320301771164,0.32606389415752396
00108,/Users/nikko/Downloads/moi-main/project_root/data/visualizations/video/pushups_video5/frame_00108.png,"[14, 128, 507, 347]",RIGHT_KNEE,-1.066494345342315,1.0019246823809358,0.9715023636817932,0.6568959355354309,0.2883320301771164,0.32606389415752396
00108,/Users/nikko/Downloads/moi-main/project_root/data/visualizations/video/pushups_video5/frame_00108.png,"[14, 128, 507, 347]",RIGHT_ANKLE,-1.7722489843339424,1.411550819398198,0.9961856007575989,0.6568959355354309,0.2883320301771164,0.32606389415752396
00108,/Users/nikko/Downloads/moi-main/project_root/data/visualizations/video/pushups_video5/frame_00108.png,"[14, 128, 507, 347]",LEFT_EYE,0.8753491792521607,-0.10560389790127825,0.9999622106552124,0.6568959355354309,0.2883320301771164,0.32606389415752396
00108,/Users/nikko/Downloads/moi-main/project_root/data/visualizations/video/pushups_video5/frame_00108.png,"[14, 128, 507, 347]",RIGHT_EYE,0.8766646116919037,-0.1146985886658822,0.9999784231185913,0.6568959355354309,0.2883320301771164,0.32606389415752396
00109,/Users/nikko/Downloads/moi-main/project_root/data/visualizations/video/pushups_video5/frame_00109.png,"[13, 128, 507, 348]",LEFT_SHOULDER,0.3794969055092801,-0.28113181854195646,0.9999911785125732,0.6542389988899231,0.29115788266062737,0.33133997467310616
00109,/Users/nikko/Downloads/moi-main/project_root/data/visualizations/video/pushups_video5/frame_00109.png,"[13, 128, 507, 348]",RIGHT_SHOULDER,0.4211728490532556,-0.3172992250222965,0.9999830722808838,0.6542389988899231,0.29115788266062737,0.33133997467310616
00109,/Users/nikko/Downloads/moi-main/project_root/data/visualizations/video/pushups_video5/frame_00109.png,"[13, 128, 507, 348]",LEFT_HIP,-0.4070815500972602,0.26625937110059683,0.9990697503089905,0.6542389988899231,0.29115788266062737,0.33133997467310616
00109,/Users/nikko/Downloads/moi-main/project_root/data/visualizations/video/pushups_video5/frame_00109.png,"[13, 128, 507, 348]",RIGHT_HIP,-0.3935882044652755,0.3321716724636562,0.9996377229690552,0.6542389988899231,0.29115788266062737,0.33133997467310616
00109,/Users/nikko/Downloads/moi-main/project_root/data/visualizations/video/pushups_video5/frame_00109.png,"[13, 128, 507, 348]",LEFT_ELBOW,0.2523783969195764,0.7586299503945952,0.704713761806488,0.6542389988899231,0.29115788266062737,0.33133997467310616
00109,/Users/nikko/Downloads/moi-main/project_root/data/visualizations/video/pushups_video5/frame_00109.png,"[13, 128, 507, 348]",RIGHT_ELBOW,0.3297372590407957,0.8913131666031155,0.9977610111236572,0.6542389988899231,0.29115788266062737,0.33133997467310616
00109,/Users/nikko/Downloads/moi-main/project_root/data/visualizations/video/pushups_video5/frame_00109.png,"[13, 128, 507, 348]",LEFT_WRIST,0.24003400672695882,1.7334464149877082,0.8381261825561523,0.6542389988899231,0.29115788266062737,0.33133997467310616
00109,/Users/nikko/Downloads/moi-main/project_root/data/visualizations/video/pushups_video5/frame_00109.png,"[13, 128, 507, 348]",RIGHT_WRIST,0.32104283062440453,1.943206606175834,0.9993060827255249,0.6542389988899231,0.29115788266062737,0.33133997467310616
00109,/Users/nikko/Downloads/moi-main/project_root/data/visualizations/video/pushups_video5/frame_00109.png,"[13, 128, 507, 348]",RIGHT_KNEE,-1.0387324401399245,0.9749163595856641,0.9820201992988586,0.6542389988899231,0.29115788266062737,0.33133997467310616
00109,/Users/nikko/Downloads/moi-main/project_root/data/visualizations/video/pushups_video5/frame_00109.png,"[13, 128, 507, 348]",LEFT_ANKLE,-1.6788352672991103,1.2792663265814372,0.6116644740104675,0.6542389988899231,0.29115788266062737,0.33133997467310616
00109,/Users/nikko/Downloads/moi-main/project_root/data/visualizations/video/pushups_video5/frame_00109.png,"[13, 128, 507, 348]",RIGHT_ANKLE,-1.7419449772628242,1.3644383375359164,0.9975455403327942,0.6542389988899231,0.29115788266062737,0.33133997467310616
00109,/Users/nikko/Downloads/moi-main/project_root/data/visualizations/video/pushups_video5/frame_00109.png,"[13, 128, 507, 348]",LEFT_EYE,0.864805105584266,-0.14248975640748737,0.9999525547027588,0.6542389988899231,0.29115788266062737,0.33133997467310616
00109,/Users/nikko/Downloads/moi-main/project_root/data/visualizations/video/pushups_video5/frame_00109.png,"[13, 128, 507, 348]",RIGHT_EYE,0.8698028009054648,-0.15181289928459374,0.9999741315841675,0.6542389988899231,0.29115788266062737,0.33133997467310616
00110,/Users/nikko/Downloads/moi-main/project_root/data/visualizations/video/pushups_video5/frame_00110.png,"[13, 128, 507, 348]",LEFT_SHOULDER,0.382214124431867,-0.2772000224888408,0.9999909400939941,0.6540590524673462,0.2913488484919071,0.3301900440134635
00110,/Users/nikko/Downloads/moi-main/project_root/data/visualizations/video/pushups_video5/frame_00110.png,"[13, 128, 507, 348]",RIGHT_SHOULDER,0.4216052817088161,-0.31699431752041957,0.9999845027923584,0.6540590524673462,0.2913488484919071,0.3301900440134635
00110,/Users/nikko/Downloads/moi-main/project_root/data/visualizations/video/pushups_video5/frame_00110.png,"[13, 128, 507, 348]",LEFT_HIP,-0.40918739330459547,0.2618053094859684,0.9990246295928955,0.6540590524673462,0.2913488484919071,0.3301900440134635
00110,/Users/nikko/Downloads/moi-main/project_root/data/visualizations/video/pushups_video5/frame_00110.png,"[13, 128, 507, 348]",RIGHT_HIP,-0.3946320128360876,0.33238903052329194,0.9996339082717896,0.6540590524673462,0.2913488484919071,0.3301900440134635
00110,/Users/nikko/Downloads/moi-main/project_root/data/visualizations/video/pushups_video5/frame_00110.png,"[13, 128, 507, 348]",LEFT_ELBOW,0.2572155164251365,0.7477924984190306,0.6896867752075195,0.6540590524673462,0.2913488484919071,0.3301900440134635
00110,/Users/nikko/Downloads/moi-main/project_root/data/visualizations/video/pushups_video5/frame_00110.png,"[13, 128, 507, 348]",RIGHT_ELBOW,0.33406630787390235,0.8855306746592665,0.997931718826294,0.6540590524673462,0.2913488484919071,0.3301900440134635
00110,/Users/nikko/Downloads/moi-main/project_root/data/visualizations/video/pushups_video5/frame_00110.png,"[13, 128, 507, 348]",LEFT_WRIST,0.24164870381101594,1.708109683055236,0.8314059376716614,0.6540590524673462,0.2913488484919071,0.3301900440134635
00110,/Users/nikko/Downloads/moi-main/project_root/data/visualizations/video/pushups_video5/frame_00110.png,"[13, 128, 507, 348]",RIGHT_WRIST,0.3206521506830251,1.930086094814746,0.9994712471961975,0.6540590524673462,0.2913488484919071,0.3301900440134635
00110,/Users/nikko/Downloads/moi-main/project_root/data/visualizations/video/pushups_video5/frame_00110.png,"[13, 128, 507, 348]",RIGHT_KNEE,-1.043824510150556,0.9779110923894746,0.9820776581764221,0.6540590524673462,0.2913488484919071,0.3301900440134635
00110,/Users/nikko/Downloads/moi-main/project_root/data/visualizations/video/pushups_video5/frame_00110.png,"[13, 128, 507, 348]",LEFT_ANKLE,-1.682798618432251,1.2821366319023282,0.6124728918075562,0.6540590524673462,0.2913488484919071,0.3301900440134635
00110,/Users/nikko/Downloads/moi-main/project_root/data/visualizations/video/pushups_video5/frame_00110.png,"[13, 128, 507, 348]",RIGHT_ANKLE,-1.7440867491389913,1.368706775409649,0.9975792765617371,0.6540590524673462,0.2913488484919071,0.3301900440134635
00110,/Users/nikko/Downloads/moi-main/project_root/data/visualizations/video/pushups_video5/frame_00110.png,"[13, 128, 507, 348]",LEFT_EYE,0.8757879570379152,-0.14083629642827583,0.9999492168426514,0.6540590524673462,0.2913488484919071,0.3301900440134635
00110,/Users/nikko/Downloads/moi-main/project_root/data/visualizations/video/pushups_video5/frame_00110.png,"[13, 128, 507, 348]",RIGHT_EYE,0.880837355570323,-0.15142257743191467,0.9999734163284302,0.6540590524673462,0.2913488484919071,0.3301900440134635
00111,/Users/nikko/Downloads/moi-main/project_root/data/visualizations/video/pushups_video5/frame_00111.png,"[15, 128, 507, 348]",LEFT_SHOULDER,0.3715944585173646,-0.3089077905517566,0.999994158744812,0.6529232263565063,0.2886652275919914,0.328625389352365
00111,/Users/nikko/Downloads/moi-main/project_root/data/visualizations/video/pushups_video5/frame_00111.png,"[15, 128, 507, 348]",RIGHT_SHOULDER,0.4402625554585524,-0.2677436790944584,0.9999936819076538,0.6529232263565063,0.2886652275919914,0.328625389352365
00111,/Users/nikko/Downloads/moi-main/project_root/data/visualizations/video/pushups_video5/frame_00111.png,"[15, 128, 507, 348]",LEFT_HIP,-0.4169811765655613,0.2289914103905845,0.9991077780723572,0.6529232263565063,0.2886652275919914,0.328625389352365
00111,/Users/nikko/Downloads/moi-main/project_root/data/visualizations/video/pushups_video5/frame_00111.png,"[15, 128, 507, 348]",RIGHT_HIP,-0.39487583741035576,0.3476600592556305,0.9997338652610779,0.6529232263565063,0.2886652275919914,0.328625389352365
00111,/Users/nikko/Downloads/moi-main/project_root/data/visualizations/video/pushups_video5/frame_00111.png,"[15, 128, 507, 348]",LEFT_ELBOW,0.2478324185486027,0.7175944771036424,0.7110264301300049,0.6529232263565063,0.2886652275919914,0.328625389352365
00111,/Users/nikko/Downloads/moi-main/project_root/data/visualizations/video/pushups_video5/frame_00111.png,"[15, 128, 507, 348]",RIGHT_ELBOW,0.33737703459201995,0.9309165500463755,0.9990257024765015,0.6529232263565063,0.2886652275919914,0.328625389352365
00111,/Users/nikko/Downloads/moi-main/project_root/data/visualizations/video/pushups_video5/frame_00111.png,"[15, 128, 507, 348]",LEFT_WRIST,0.20600338394529555,1.6334513839616618,0.8882967233657837,0.6529232263565063,0.2886652275919914,0.328625389352365
00111,/Users/nikko/Downloads/moi-main/project_root/data/visualizations/video/pushups_video5/frame_00111.png,"[15, 128, 507, 348]",RIGHT_WRIST,0.3233427306452844,1.9855394350639086,0.9999037981033325,0.6529232263565063,0.2886652275919914,0.328625389352365
00111,/Users/nikko/Downloads/moi-main/project_root/data/visualizations/video/pushups_video5/frame_00111.png,"[15, 128, 507, 348]",RIGHT_KNEE,-1.0548557713567244,1.0036048383490712,0.9871786832809448,0.6529232263565063,0.2886652275919914,0.328625389352365
00111,/Users/nikko/Downloads/moi-main/project_root/data/visualizations/video/pushups_video5/frame_00111.png,"[15, 128, 507, 348]",LEFT_ANKLE,-1.7026088097442404,1.3241103096454692,0.6973137259483337,0.6529232263565063,0.2886652275919914,0.328625389352365
00111,/Users/nikko/Downloads/moi-main/project_root/data/visualizations/video/pushups_video5/frame_00111.png,"[15, 128, 507, 348]",RIGHT_ANKLE,-1.7552676939347325,1.381167462747348,0.9985446929931641,0.6529232263565063,0.2886652275919914,0.328625389352365
00111,/Users/nikko/Downloads/moi-main/project_root/data/visualizations/video/pushups_video5/frame_00111.png,"[15, 128, 507, 348]",LEFT_EYE,0.8810559974551212,-0.0952144869900672,0.9999678134918213,0.6529232263565063,0.2886652275919914,0.328625389352365
00111,/Users/nikko/Downloads/moi-main/project_root/data/visualizations/video/pushups_video5/frame_00111.png,"[15, 128, 507, 348]",RIGHT_EYE,0.8816416594405175,-0.09838992124504571,0.9999856948852539,0.6529232263565063,0.2886652275919914,0.328625389352365
00112,/Users/nikko/Downloads/moi-main/project_root/data/visualizations/video/pushups_video5/frame_00112.png,"[15, 128, 507, 348]",LEFT_SHOULDER,0.3702489919584154,-0.31104415717389927,0.9999936819076538,0.6525988727807999,0.28865836188197136,0.3292659291037282
00112,/Users/nikko/Downloads/moi-main/project_root/data/visualizations/video/pushups_video5/frame_00112.png,"[15, 128, 507, 348]",RIGHT_SHOULDER,0.44067284004383206,-0.26690604346828345,0.9999932050704956,0.6525988727807999,0.28865836188197136,0.3292659291037282
00112,/Users/nikko/Downloads/moi-main/project_root/data/visualizations/video/pushups_video5/frame_00112.png,"[15, 128, 507, 348]",LEFT_HIP,-0.41621747258394204,0.23140215225574437,0.9990919828414917,0.6525988727807999,0.28865836188197136,0.3292659291037282
00112,/Users/nikko/Downloads/moi-main/project_root/data/visualizations/video/pushups_video5/frame_00112.png,"[15, 128, 507, 348]",RIGHT_HIP,-0.39470435941830545,0.3465480483864384,0.9997300505638123,0.6525988727807999,0.28865836188197136,0.3292659291037282
00112,/Users/nikko/Downloads/moi-main/project_root/data/visualizations/video/pushups_video5/frame_00112.png,"[15, 128, 507, 348]",LEFT_ELBOW,0.24511516210972606,0.6910307509275139,0.7117294073104858,0.6525988727807999,0.28865836188197136,0.3292659291037282
00112,/Users/nikko/Downloads/moi-main/project_root/data/visualizations/video/pushups_video5/frame_00112.png,"[15, 128, 507, 348]",RIGHT_ELBOW,0.3378685362482856,0.9255195571128116,0.9990697503089905,0.6525988727807999,0.28865836188197136,0.3292659291037282
00112,/Users/nikko/Downloads/moi-main/project_root/data/visualizations/video/pushups_video5/frame_00112.png,"[15, 128, 507, 348]",LEFT_WRIST,0.20088929759541432,1.6130791390276957,0.8833829760551453,0.6525988727807999,0.28865836188197136,0.3292659291037282
00112,/Users/nikko/Downloads/moi-main/project_root/data/visualizations/video/pushups_video5/frame_00112.png,"[15, 128, 507, 348]",RIGHT_WRIST,0.32420801169620445,1.9810090929819824,0.9999048709869385,0.6525988727807999,0.28865836188197136,0.3292659291037282
00112,/Users/nikko/Downloads/moi-main/project_root/data/visualizations/video/pushups_video5/frame_00112.png,"[15, 128, 507, 348]",RIGHT_KNEE,-1.0504088138269496,0.9996733802640968,0.9878237247467041,0.6525988727807999,0.28865836188197136,0.3292659291037282
00112,/Users/nikko/Downloads/moi-main/project_root/data/visualizations/video/pushups_video5/frame_00112.png,"[15, 128, 507, 348]",LEFT_ANKLE,-1.6980384741188426,1.3214068553596385,0.7185451984405518,0.6525988727807999,0.28865836188197136,0.3292659291037282
00112,/Users/nikko/Downloads/moi-main/project_root/data/visualizations/video/pushups_video5/frame_00112.png,"[15, 128, 507, 348]",RIGHT_ANKLE,-1.74808105417812,1.3749381975862032,0.9986250400543213,0.6525988727807999,0.28865836188197136,0.3292659291037282
00112,/Users/nikko/Downloads/moi-main/project_root/data/visualizations/video/pushups_video5/frame_00112.png,"[15, 128, 507, 348]",LEFT_EYE,0.8831487125627826,-0.09808987010189828,0.9999631643295288,0.6525988727807999,0.28865836188197136,0.3292659291037282
00112,/Users/nikko/Downloads/moi-main/project_root/data/visualizations/video/pushups_video5/frame_00112.png,"[15, 128, 507, 348]",RIGHT_EYE,0.8831215591408035,-0.10053277296595531,0.999983549118042,0.6525988727807999,0.28865836188197136,0.3292659291037282
00113,/Users/nikko/Downloads/moi-main/project_root/data/visualizations/video/pushups_video5/frame_00113.png,"[15, 128, 507, 348]",LEFT_SHOULDER,0.3706776834020482,-0.3082588455994319,0.9999938011169434,0.6525889188051224,0.28864599019289017,0.32969218143214185
00113,/Users/nikko/Downloads/moi-main/project_root/data/visualizations/video/pushups_video5/frame_00113.png,"[15, 128, 507, 348]",RIGHT_SHOULDER,0.440103103074877,-0.27035855852114227,0.9999932050704956,0.6525889188051224,0.28864599019289017,0.32969218143214185
00113,/Users/nikko/Downloads/moi-main/project_root/data/visualizations/video/pushups_video5/frame_00113.png,"[15, 128, 507, 348]",LEFT_HIP,-0.4162618548880276,0.2320385703075543,0.9991176724433899,0.6525889188051224,0.28864599019289017,0.32969218143214185
00113,/Users/nikko/Downloads/moi-main/project_root/data/visualizations/video/pushups_video5/frame_00113.png,"[15, 128, 507, 348]",RIGHT_HIP,-0.3945189315888976,0.34657883381301996,0.9997339844703674,0.6525889188051224,0.28864599019289017,0.32969218143214185
00113,/Users/nikko/Downloads/moi-main/project_root/data/visualizations/video/pushups_video5/frame_00113.png,"[15, 128, 507, 348]",LEFT_ELBOW,0.2480792123354854,0.7117905042708963,0.7171478867530823,0.6525889188051224,0.28864599019289017,0.32969218143214185
00113,/Users/nikko/Downloads/moi-main/project_root/data/visualizations/video/pushups_video5/frame_00113.png,"[15, 128, 507, 348]",RIGHT_ELBOW,0.33887296097087805,0.9262535358722152,0.9990465044975281,0.6525889188051224,0.28864599019289017,0.32969218143214185
00113,/Users/nikko/Downloads/moi-main/project_root/data/visualizations/video/pushups_video5/frame_00113.png,"[15, 128, 507, 348]",LEFT_WRIST,0.2067017244018172,1.634183318505526,0.885879635810852,0.6525889188051224,0.28864599019289017,0.32969218143214185
00113,/Users/nikko/Downloads/moi-main/project_root/data/visualizations/video/pushups_video5/frame_00113.png,"[15, 128, 507, 348]",RIGHT_WRIST,0.3242965046126172,1.9772423079114598,0.9999003410339355,0.6525889188051224,0.28864599019289017,0.32969218143214185
00113,/Users/nikko/Downloads/moi-main/project_root/data/visualizations/video/pushups_video5/frame_00113.png,"[15, 128, 507, 348]",RIGHT_KNEE,-1.0504187902368274,0.9984678031492278,0.9876003265380859,0.6525889188051224,0.28864599019289017,0.32969218143214185
00113,/Users/nikko/Downloads/moi-main/project_root/data/visualizations/video/pushups_video5/frame_00113.png,"[15, 128, 507, 348]",LEFT_ANKLE,-1.696229821831232,1.3218864426799044,0.7194205522537231,0.6525889188051224,0.28864599019289017,0.32969218143214185
00113,/Users/nikko/Downloads/moi-main/project_root/data/visualizations/video/pushups_video5/frame_00113.png,"[15, 128, 507, 348]",RIGHT_ANKLE,-1.7465748848515414,1.3746491035601225,0.9986107349395752,0.6525889188051224,0.28864599019289017,0.32969218143214185
00113,/Users/nikko/Downloads/moi-main/project_root/data/visualizations/video/pushups_video5/frame_00113.png,"[15, 128, 507, 348]",LEFT_EYE,0.8796156144272745,-0.09611384244158146,0.9999651908874512,0.6525889188051224,0.28864599019289017,0.32969218143214185
00113,/Users/nikko/Downloads/moi-main/project_root/data/visualizations/video/pushups_video5/frame_00113.png,"[15, 128, 507, 348]",RIGHT_EYE,0.8801001283375048,-0.09942661590839494,0.9999843835830688,0.6525889188051224,0.28864599019289017,0.32969218143214185
00114,/Users/nikko/Downloads/moi-main/project_root/data/visualizations/video/pushups_video5/frame_00114.png,"[15, 128, 507, 348]",LEFT_SHOULDER,0.37129364567102097,-0.30823829677848785,0.9999938011169434,0.6525139957666397,0.2891764007508755,0.32922421635669863
00114,/Users/nikko/Downloads/moi-main/project_root/data/visualizations/video/pushups_video5/frame_00114.png,"[15, 128, 507, 348]",RIGHT_SHOULDER,0.4402880079920292,-0.26941253807121657,0.999993085861206,0.6525139957666397,0.2891764007508755,0.32922421635669863
00114,/Users/nikko/Downloads/moi-main/project_root/data/visualizations/video/pushups_video5/frame_00114.png,"[15, 128, 507, 348]",LEFT_HIP,-0.4163261505231736,0.232903146566326,0.9991051554679871,0.6525139957666397,0.2891764007508755,0.32922421635669863
00114,/Users/nikko/Downloads/moi-main/project_root/data/visualizations/video/pushups_video5/frame_00114.png,"[15, 128, 507, 348]",RIGHT_HIP,-0.39525550313987656,0.34474768828337843,0.9997302889823914,0.6525139957666397,0.2891764007508755,0.32922421635669863
00114,/Users/nikko/Downloads/moi-main/project_root/data/visualizations/video/pushups_video5/frame_00114.png,"[15, 128, 507, 348]",LEFT_ELBOW,0.24807282275911582,0.7101246230991054,0.7166734933853149,0.6525139957666397,0.2891764007508755,0.32922421635669863
00114,/Users/nikko/Downloads/moi-main/project_root/data/visualizations/video/pushups_video5/frame_00114.png,"[15, 128, 507, 348]",RIGHT_ELBOW,0.3388303324526043,0.9259800380281203,0.9990297555923462,0.6525139957666397,0.2891764007508755,0.32922421635669863
00114,/Users/nikko/Downloads/moi-main/project_root/data/visualizations/video/pushups_video5/frame_00114.png,"[15, 128, 507, 348]",LEFT_WRIST,0.20560872342240052,1.6316436825612848,0.8842984437942505,0.6525139957666397,0.2891764007508755,0.32922421635669863
00114,/Users/nikko/Downloads/moi-main/project_root/data/visualizations/video/pushups_video5/frame_00114.png,"[15, 128, 507, 348]",RIGHT_WRIST,0.32547024246520906,1.9791876111196138,0.9998989105224609,0.6525139957666397,0.2891764007508755,0.32922421635669863
00114,/Users/nikko/Downloads/moi-main/project_root/data/visualizations/video/pushups_video5/frame_00114.png,"[15, 128, 507, 348]",RIGHT_KNEE,-1.049382483772156,0.9942601748700887,0.9876892566680908,0.6525139957666397,0.2891764007508755,0.32922421635669863
00114,/Users/nikko/Downloads/moi-main/project_root/data/visualizations/video/pushups_video5/frame_00114.png,"[15, 128, 507, 348]",LEFT_ANKLE,-1.697445608616799,1.3167692783292628,0.7204006910324097,0.6525139957666397,0.2891764007508755,0.32922421635669863
00114,/Users/nikko/Downloads/moi-main/project_root/data/visualizations/video/pushups_video5/frame_00114.png,"[15, 128, 507, 348]",RIGHT_ANKLE,-1.747763744105345,1.3719188911933218,0.9985841512680054,0.6525139957666397,0.2891764007508755,0.32922421635669863
00114,/Users/nikko/Downloads/moi-main/project_root/data/visualizations/video/pushups_video5/frame_00114.png,"[15, 128, 507, 348]",LEFT_EYE,0.8834217383252294,-0.09927986491167737,0.9999642372131348,0.6525139957666397,0.2891764007508755,0.32922421635669863
00114,/Users/nikko/Downloads/moi-main/project_root/data/visualizations/video/pushups_video5/frame_00114.png,"[15, 128, 507, 348]",RIGHT_EYE,0.8831689984598962,-0.10213586159909314,0.9999839067459106,0.6525139957666397,0.2891764007508755,0.32922421635669863
00115,/Users/nikko/Downloads/moi-main/project_root/data/visualizations/video/pushups_video5/frame_00115.png,"[15, 128, 507, 348]",LEFT_SHOULDER,0.37262985058196446,-0.3089464737034606,0.9999935626983643,0.6522933393716812,0.29022254794836044,0.3305239474609928
00115,/Users/nikko/Downloads/moi-main/project_root/data/visualizations/video/pushups_video5/frame_00115.png,"[15, 128, 507, 348]",RIGHT_SHOULDER,0.4385537624175266,-0.26937528342369477,0.999993085861206,0.6522933393716812,0.29022254794836044,0.3305239474609928
00115,/Users/nikko/Downloads/moi-main/project_root/data/visualizations/video/pushups_video5/frame_00115.png,"[15, 128, 507, 348]",LEFT_HIP,-0.4152879049597188,0.2328276600724478,0.9991682767868042,0.6522933393716812,0.29022254794836044,0.3305239474609928
00115,/Users/nikko/Downloads/moi-main/project_root/data/visualizations/video/pushups_video5/frame_00115.png,"[15, 128, 507, 348]",RIGHT_HIP,-0.39589570803977225,0.3454940970547076,0.999749481678009,0.6522933393716812,0.29022254794836044,0.3305239474609928
00115,/Users/nikko/Downloads/moi-main/project_root/data/visualizations/video/pushups_video5/frame_00115.png,"[15, 128, 507, 348]",LEFT_ELBOW,0.25536057327623124,0.7135325134270702,0.7076044082641602,0.6522933393716812,0.29022254794836044,0.3305239474609928
00115,/Users/nikko/Downloads/moi-main/project_root/data/visualizations/video/pushups_video5/frame_00115.png,"[15, 128, 507, 348]",RIGHT_ELBOW,0.3353177020171395,0.9218925489491437,0.9990069270133972,0.6522933393716812,0.29022254794836044,0.3305239474609928
00115,/Users/nikko/Downloads/moi-main/project_root/data/visualizations/video/pushups_video5/frame_00115.png,"[15, 128, 507, 348]",LEFT_WRIST,0.20711586744098415,1.6305781176908514,0.8837326169013977,0.6522933393716812,0.29022254794836044,0.3305239474609928
00115,/Users/nikko/Downloads/moi-main/project_root/data/visualizations/video/pushups_video5/frame_00115.png,"[15, 128, 507, 348]",RIGHT_WRIST,0.3239137521512951,1.9707416147652757,0.9999033212661743,0.6522933393716812,0.29022254794836044,0.3305239474609928
00115,/Users/nikko/Downloads/moi-main/project_root/data/visualizations/video/pushups_video5/frame_00115.png,"[15, 128, 507, 348]",RIGHT_KNEE,-1.0508192578410507,0.9911268486478152,0.9870890974998474,0.6522933393716812,0.29022254794836044,0.3305239474609928
00115,/Users/nikko/Downloads/moi-main/project_root/data/visualizations/video/pushups_video5/frame_00115.png,"[15, 128, 507, 348]",LEFT_ANKLE,-1.6929513693950082,1.3094329855354898,0.717534065246582,0.6522933393716812,0.29022254794836044,0.3305239474609928
00115,/Users/nikko/Downloads/moi-main/project_root/data/visualizations/video/pushups_video5/frame_00115.png,"[15, 128, 507, 348]",RIGHT_ANKLE,-1.7450972366750797,1.3720841992755184,0.9985406398773193,0.6522933393716812,0.29022254794836044,0.3305239474609928
00115,/Users/nikko/Downloads/moi-main/project_root/data/visualizations/video/pushups_video5/frame_00115.png,"[15, 128, 507, 348]",LEFT_EYE,0.8803914487106421,-0.10540933084402052,0.9999632835388184,0.6522933393716812,0.29022254794836044,0.3305239474609928
00115,/Users/nikko/Downloads/moi-main/project_root/data/visualizations/video/pushups_video5/frame_00115.png,"[15, 128, 507, 348]",RIGHT_EYE,0.8800039113397307,-0.10793553710759118,0.9999836683273315,0.6522933393716812,0.29022254794836044,0.3305239474609928
00116,/Users/nikko/Downloads/moi-main/project_root/data/visualizations/video/pushups_video5/frame_00116.png,"[15, 128, 507, 348]",LEFT_SHOULDER,0.37113792699509984,-0.3130122477102253,0.9999939203262329,0.6523871719837189,0.28818970173597336,0.3302462499327492
00116,/Users/nikko/Downloads/moi-main/project_root/data/visualizations/video/pushups_video5/frame_00116.png,"[15, 128, 507, 348]",RIGHT_SHOULDER,0.43864093115546177,-0.26633157979795086,0.9999932050704956,0.6523871719837189,0.28818970173597336,0.3302462499327492
00116,/Users/nikko/Downloads/moi-main/project_root/data/visualizations/video/pushups_video5/frame_00116.png,"[15, 128, 507, 348]",LEFT_HIP,-0.4155070274388072,0.23061224479879375,0.9991378784179688,0.6523871719837189,0.28818970173597336,0.3302462499327492
00116,/Users/nikko/Downloads/moi-main/project_root/data/visualizations/video/pushups_video5/frame_00116.png,"[15, 128, 507, 348]",RIGHT_HIP,-0.3942718307117544,0.34873158270938237,0.9997382760047913,0.6523871719837189,0.28818970173597336,0.3302462499327492
00116,/Users/nikko/Downloads/moi-main/project_root/data/visualizations/video/pushups_video5/frame_00116.png,"[15, 128, 507, 348]",LEFT_ELBOW,0.24926223554638494,0.7043970330792353,0.7180220484733582,0.6523871719837189,0.28818970173597336,0.3302462499327492
00116,/Users/nikko/Downloads/moi-main/project_root/data/visualizations/video/pushups_video5/frame_00116.png,"[15, 128, 507, 348]",RIGHT_ELBOW,0.33998866420922297,0.919468916160913,0.999002993106842,0.6523871719837189,0.28818970173597336,0.3302462499327492
00116,/Users/nikko/Downloads/moi-main/project_root/data/visualizations/video/pushups_video5/frame_00116.png,"[15, 128, 507, 348]",LEFT_WRIST,0.20905440775973655,1.6378752077187149,0.8855181336402893,0.6523871719837189,0.28818970173597336,0.3302462499327492
00116,/Users/nikko/Downloads/moi-main/project_root/data/visualizations/video/pushups_video5/frame_00116.png,"[15, 128, 507, 348]",RIGHT_WRIST,0.32091893197468385,1.9688664012537804,0.9998931884765625,0.6523871719837189,0.28818970173597336,0.3302462499327492
00116,/Users/nikko/Downloads/moi-main/project_root/data/visualizations/video/pushups_video5/frame_00116.png,"[15, 128, 507, 348]",RIGHT_KNEE,-1.0484564339290097,0.9974610130406381,0.9869598746299744,0.6523871719837189,0.28818970173597336,0.3302462499327492
00116,/Users/nikko/Downloads/moi-main/project_root/data/visualizations/video/pushups_video5/frame_00116.png,"[15, 128, 507, 348]",LEFT_ANKLE,-1.693985405924418,1.3167843633478717,0.7068693041801453,0.6523871719837189,0.28818970173597336,0.3302462499327492
00116,/Users/nikko/Downloads/moi-main/project_root/data/visualizations/video/pushups_video5/frame_00116.png,"[15, 128, 507, 348]",RIGHT_ANKLE,-1.7449295915041705,1.375808702275294,0.9985226988792419,0.6523871719837189,0.28818970173597336,0.3302462499327492
00116,/Users/nikko/Downloads/moi-main/project_root/data/visualizations/video/pushups_video5/frame_00116.png,"[15, 128, 507, 348]",LEFT_EYE,0.8766578338492744,-0.09434062734424521,0.9999659061431885,0.6523871719837189,0.28818970173597336,0.3302462499327492
00116,/Users/nikko/Downloads/moi-main/project_root/data/visualizations/video/pushups_video5/frame_00116.png,"[15, 128, 507, 348]",RIGHT_EYE,0.8773619076103426,-0.09745544533155973,0.999984622001648,0.6523871719837189,0.28818970173597336,0.3302462499327492
00117,/Users/nikko/Downloads/moi-main/project_root/data/visualizations/video/pushups_video5/frame_00117.png,"[14, 128, 507, 348]",LEFT_SHOULDER,0.38628823667262335,-0.262601838159806,0.999992847442627,0.6553007662296295,0.29196928441524506,0.3238912110492176
00117,/Users/nikko/Downloads/moi-main/project_root/data/visualizations/video/pushups_video5/frame_00117.png,"[14, 128, 507, 348]",RIGHT_SHOULDER,0.432701253564358,-0.31071728645445185,0.9999876022338867,0.6553007662296295,0.29196928441524506,0.3238912110492176
00117,/Users/nikko/Downloads/moi-main/project_root/data/visualizations/video/pushups_video5/frame_00117.png,"[14, 128, 507, 348]",LEFT_HIP,-0.41708860868363307,0.25524707134098645,0.9988046884536743,0.6553007662296295,0.29196928441524506,0.3238912110492176
00117,/Users/nikko/Downloads/moi-main/project_root/data/visualizations/video/pushups_video5/frame_00117.png,"[14, 128, 507, 348]",RIGHT_HIP,-0.4019008815533483,0.31807205327327137,0.9995587468147278,0.6553007662296295,0.29196928441524506,0.3238912110492176
00117,/Users/nikko/Downloads/moi-main/project_root/data/visualizations/video/pushups_video5/frame_00117.png,"[14, 128, 507, 348]",LEFT_ELBOW,0.25690124173044904,0.7974493899590107,0.727010190486908,0.6553007662296295,0.29196928441524506,0.3238912110492176
00117,/Users/nikko/Downloads/moi-main/project_root/data/visualizations/video/pushups_video5/frame_00117.png,"[14, 128, 507, 348]",RIGHT_ELBOW,0.3231234493587066,0.9250301624150135,0.9979023933410645,0.6553007662296295,0.29196928441524506,0.3238912110492176
00117,/Users/nikko/Downloads/moi-main/project_root/data/visualizations/video/pushups_video5/frame_00117.png,"[14, 128, 507, 348]",LEFT_WRIST,0.2490740322547141,1.7821187093317823,0.8783652782440186,0.6553007662296295,0.29196928441524506,0.3238912110492176
00117,/Users/nikko/Downloads/moi-main/project_root/data/visualizations/video/pushups_video5/frame_00117.png,"[14, 128, 507, 348]",RIGHT_WRIST,0.30605441683095547,1.9894137941329206,0.9996445178985596,0.6553007662296295,0.29196928441524506,0.3238912110492176
00117,/Users/nikko/Downloads/moi-main/project_root/data/visualizations/video/pushups_video5/frame_00117.png,"[14, 128, 507, 348]",RIGHT_KNEE,-1.0688848338473536,1.0031717822113135,0.974477231502533,0.6553007662296295,0.29196928441524506,0.3238912110492176
00117,/Users/nikko/Downloads/moi-main/project_root/data/visualizations/video/pushups_video5/frame_00117.png,"[14, 128, 507, 348]",LEFT_ANKLE,-1.7189812959959416,1.3387782256396317,0.5496156215667725,0.6553007662296295,0.29196928441524506,0.3238912110492176
00117,/Users/nikko/Downloads/moi-main/project_root/data/visualizations/video/pushups_video5/frame_00117.png,"[14, 128, 507, 348]",RIGHT_ANKLE,-1.7796208683373422,1.3959023351024447,0.9966294169425964,0.6553007662296295,0.29196928441524506,0.3238912110492176
00117,/Users/nikko/Downloads/moi-main/project_root/data/visualizations/video/pushups_video5/frame_00117.png,"[14, 128, 507, 348]",LEFT_EYE,0.8883054634613953,-0.10222717798855763,0.9999555349349976,0.6553007662296295,0.29196928441524506,0.3238912110492176
00117,/Users/nikko/Downloads/moi-main/project_root/data/visualizations/video/pushups_video5/frame_00117.png,"[14, 128, 507, 348]",RIGHT_EYE,0.8922730800484417,-0.11482196830476614,0.9999773502349854,0.6553007662296295,0.29196928441524506,0.3238912110492176
00118,/Users/nikko/Downloads/moi-main/project_root/data/visualizations/video/pushups_video5/frame_00118.png,"[14, 128, 507, 348]",LEFT_SHOULDER,0.3881511604122199,-0.2640443814703049,0.9999921321868896,0.6547490954399109,0.29162726178765297,0.32291739027926114
00118,/Users/nikko/Downloads/moi-main/project_root/data/visualizations/video/pushups_video5/frame_00118.png,"[14, 128, 507, 348]",RIGHT_SHOULDER,0.4336116057118392,-0.3051209649613283,0.999987006187439,0.6547490954399109,0.29162726178765297,0.32291739027926114
00118,/Users/nikko/Downloads/moi-main/project_root/data/visualizations/video/pushups_video5/frame_00118.png,"[14, 128, 507, 348]",LEFT_HIP,-0.4185266652877383,0.2516249163329802,0.9987706542015076,0.6547490954399109,0.29162726178765297,0.32291739027926114
00118,/Users/nikko/Downloads/moi-main/project_root/data/visualizations/video/pushups_video5/frame_00118.png,"[14, 128, 507, 348]",RIGHT_HIP,-0.40323610083632083,0.31754043009865307,0.9995498061180115,0.6547490954399109,0.29162726178765297,0.32291739027926114
00118,/Users/nikko/Downloads/moi-main/project_root/data/visualizations/video/pushups_video5/frame_00118.png,"[14, 128, 507, 348]",LEFT_ELBOW,0.25527318540965355,0.7957648818879951,0.7097793817520142,0.6547490954399109,0.29162726178765297,0.32291739027926114
00118,/Users/nikko/Downloads/moi-main/project_root/data/visualizations/video/pushups_video5/frame_00118.png,"[14, 128, 507, 348]",RIGHT_ELBOW,0.32706845732447937,0.9368556355902243,0.997791051864624,0.6547490954399109,0.29162726178765297,0.32291739027926114
00118,/Users/nikko/Downloads/moi-main/project_root/data/visualizations/video/pushups_video5/frame_00118.png,"[14, 128, 507, 348]",LEFT_WRIST,0.24705025471582334,1.7858729990010507,0.8565611839294434,0.6547490954399109,0.29162726178765297,0.32291739027926114
00118,/Users/nikko/Downloads/moi-main/project_root/data/visualizations/video/pushups_video5/frame_00118.png,"[14, 128, 507, 348]",RIGHT_WRIST,0.301864378277802,2.000110162750922,0.9996028542518616,0.6547490954399109,0.29162726178765297,0.32291739027926114
00118,/Users/nikko/Downloads/moi-main/project_root/data/visualizations/video/pushups_video5/frame_00118.png,"[14, 128, 507, 348]",RIGHT_KNEE,-1.071462506735845,1.005555103029149,0.9764055013656616,0.6547490954399109,0.29162726178765297,0.32291739027926114
00118,/Users/nikko/Downloads/moi-main/project_root/data/visualizations/video/pushups_video5/frame_00118.png,"[14, 128, 507, 348]",LEFT_ANKLE,-1.7250157740110381,1.3445953456208877,0.5681251883506775,0.6547490954399109,0.29162726178765297,0.32291739027926114
00118,/Users/nikko/Downloads/moi-main/project_root/data/visualizations/video/pushups_video5/frame_00118.png,"[14, 128, 507, 348]",RIGHT_ANKLE,-1.7847072847344292,1.3993452347470439,0.996886670589447,0.6547490954399109,0.29162726178765297,0.32291739027926114
00118,/Users/nikko/Downloads/moi-main/project_root/data/visualizations/video/pushups_video5/frame_00118.png,"[14, 128, 507, 348]",LEFT_EYE,0.8895681197494097,-0.09667542159306611,0.9999542236328125,0.6547490954399109,0.29162726178765297,0.32291739027926114
00118,/Users/nikko/Downloads/moi-main/project_root/data/visualizations/video/pushups_video5/frame_00118.png,"[14, 128, 507, 348]",RIGHT_EYE,0.8933088527275049,-0.11083865323762897,0.9999771118164062,0.6547490954399109,0.29162726178765297,0.32291739027926114
00119,/Users/nikko/Downloads/moi-main/project_root/data/visualizations/video/pushups_video5/frame_00119.png,"[14, 128, 507, 348]",LEFT_SHOULDER,0.38377916230485615,-0.27822347078807397,0.999993085861206,0.6544333845376968,0.2894189916551113,0.3230558841064015
00119,/Users/nikko/Downloads/moi-main/project_root/data/visualizations/video/pushups_video5/frame_00119.png,"[14, 128, 507, 348]",RIGHT_SHOULDER,0.435949296917799,-0.2924444224330867,0.9999899864196777,0.6544333845376968,0.2894189916551113,0.3230558841064015
00119,/Users/nikko/Downloads/moi-main/project_root/data/visualizations/video/pushups_video5/frame_00119.png,"[14, 128, 507, 348]",LEFT_HIP,-0.4190476611320274,0.24329314213104178,0.9987965822219849,0.6544333845376968,0.2894189916551113,0.3230558841064015
00119,/Users/nikko/Downloads/moi-main/project_root/data/visualizations/video/pushups_video5/frame_00119.png,"[14, 128, 507, 348]",RIGHT_HIP,-0.4006807980906277,0.32737475109011893,0.9995922446250916,0.6544333845376968,0.2894189916551113,0.3230558841064015
00119,/Users/nikko/Downloads/moi-main/project_root/data/visualizations/video/pushups_video5/frame_00119.png,"[14, 128, 507, 348]",LEFT_ELBOW,0.2513417328635708,0.7832850594841778,0.7086637616157532,0.6544333845376968,0.2894189916551113,0.3230558841064015
00119,/Users/nikko/Downloads/moi-main/project_root/data/visualizations/video/pushups_video5/frame_00119.png,"[14, 128, 507, 348]",RIGHT_ELBOW,0.329661787440588,0.9483336893141548,0.9981586337089539,0.6544333845376968,0.2894189916551113,0.3230558841064015
00119,/Users/nikko/Downloads/moi-main/project_root/data/visualizations/video/pushups_video5/frame_00119.png,"[14, 128, 507, 348]",LEFT_WRIST,0.22766248697619704,1.7531046164584683,0.8672851324081421,0.6544333845376968,0.2894189916551113,0.3230558841064015
00119,/Users/nikko/Downloads/moi-main/project_root/data/visualizations/video/pushups_video5/frame_00119.png,"[14, 128, 507, 348]",RIGHT_WRIST,0.3071873434142294,2.0101264919397543,0.9997444748878479,0.6544333845376968,0.2894189916551113,0.3230558841064015
00119,/Users/nikko/Downloads/moi-main/project_root/data/visualizations/video/pushups_video5/frame_00119.png,"[14, 128, 507, 348]",RIGHT_KNEE,-1.069414465914595,1.0106160414460135,0.9783745408058167,0.6544333845376968,0.2894189916551113,0.3230558841064015
00119,/Users/nikko/Downloads/moi-main/project_root/data/visualizations/video/pushups_video5/frame_00119.png,"[14, 128, 507, 348]",LEFT_ANKLE,-1.7166872546468877,1.341021973925796,0.5617344379425049,0.6544333845376968,0.2894189916551113,0.3230558841064015
00119,/Users/nikko/Downloads/moi-main/project_root/data/visualizations/video/pushups_video5/frame_00119.png,"[14, 128, 507, 348]",RIGHT_ANKLE,-1.7770718132194199,1.4055707557759871,0.9972514510154724,0.6544333845376968,0.2894189916551113,0.3230558841064015
00119,/Users/nikko/Downloads/moi-main/project_root/data/visualizations/video/pushups_video5/frame_00119.png,"[14, 128, 507, 348]",LEFT_EYE,0.8910492699713404,-0.09304777715796055,0.9999610185623169,0.6544333845376968,0.2894189916551113,0.3230558841064015
00119,/Users/nikko/Downloads/moi-main/project_root/data/visualizations/video/pushups_video5/frame_00119.png,"[14, 128, 507, 348]",RIGHT_EYE,0.8949312042984092,-0.1071993097064638,0.9999812841415405,0.6544333845376968,0.2894189916551113,0.3230558841064015
00120,/Users/nikko/Downloads/moi-main/project_root/data/visualizations/video/pushups_video5/frame_00120.png,"[14, 128, 507, 348]",LEFT_SHOULDER,0.38404457164444655,-0.2784266075818158,0.9999932050704956,0.6543018668889999,0.2896757908165455,0.32318842497028655
00120,/Users/nikko/Downloads/moi-main/project_root/data/visualizations/video/pushups_video5/frame_00120.png,"[14, 128, 507, 348]",RIGHT_SHOULDER,0.43608597461121823,-0.2916594693986752,0.9999905824661255,0.6543018668889999,0.2896757908165455,0.32318842497028655
00120,/Users/nikko/Downloads/moi-main/project_root/data/visualizations/video/pushups_video5/frame_00120.png,"[14, 128, 507, 348]",LEFT_HIP,-0.4194586892832039,0.24353568605276663,0.9987891316413879,0.6543018668889999,0.2896757908165455,0.32318842497028655
00120,/Users/nikko/Downloads/moi-main/project_root/data/visualizations/video/pushups_video5/frame_00120.png,"[14, 128, 507, 348]",RIGHT_HIP,-0.4006718569724609,0.32655039092772437,0.9995947480201721,0.6543018668889999,0.2896757908165455,0.32318842497028655
00120,/Users/nikko/Downloads/moi-main/project_root/data/visualizations/video/pushups_video5/frame_00120.png,"[14, 128, 507, 348]",LEFT_ELBOW,0.24960564847991948,0.781449617005523,0.7124464511871338,0.6543018668889999,0.2896757908165455,0.32318842497028655
00120,/Users/nikko/Downloads/moi-main/project_root/data/visualizations/video/pushups_video5/frame_00120.png,"[14, 128, 507, 348]",RIGHT_ELBOW,0.3305214828277886,0.9470644350463839,0.9982948899269104,0.6543018668889999,0.2896757908165455,0.32318842497028655
00120,/Users/nikko/Downloads/moi-main/project_root/data/visualizations/video/pushups_video5/frame_00120.png,"[14, 128, 507, 348]",LEFT_WRIST,0.22441735788568737,1.7442154796773415,0.872989296913147,0.6543018668889999,0.2896757908165455,0.32318842497028655
00120,/Users/nikko/Downloads/moi-main/project_root/data/visualizations/video/pushups_video5/frame_00120.png,"[14, 128, 507, 348]",RIGHT_WRIST,0.3056540950688567,2.010292987701109,0.9997772574424744,0.6543018668889999,0.2896757908165455,0.32318842497028655
00120,/Users/nikko/Downloads/moi-main/project_root/data/visualizations/video/pushups_video5/frame_00120.png,"[14, 128, 507, 348]",RIGHT_KNEE,-1.0702228051556646,1.0108499596505598,0.9797336459159851,0.6543018668889999,0.2896757908165455,0.32318842497028655
00120,/Users/nikko/Downloads/moi-main/project_root/data/visualizations/video/pushups_video5/frame_00120.png,"[14, 128, 507, 348]",LEFT_ANKLE,-1.7200027267864126,1.3412055965733807,0.5724737644195557,0.6543018668889999,0.2896757908165455,0.32318842497028655
00120,/Users/nikko/Downloads/moi-main/project_root/data/visualizations/video/pushups_video5/frame_00120.png,"[14, 128, 507, 348]",RIGHT_ANKLE,-1.7788659891936083,1.4045514474078118,0.9974390268325806,0.6543018668889999,0.2896757908165455,0.32318842497028655
00120,/Users/nikko/Downloads/moi-main/project_root/data/visualizations/video/pushups_video5/frame_00120.png,"[14, 128, 507, 348]",LEFT_EYE,0.8911475885892938,-0.0951408322905474,0.9999619722366333,0.6543018668889999,0.2896757908165455,0.32318842497028655
00120,/Users/nikko/Downloads/moi-main/project_root/data/visualizations/video/pushups_video5/frame_00120.png,"[14, 128, 507, 348]",RIGHT_EYE,0.8949172747694872,-0.10862954034779203,0.9999817609786987,0.6543018668889999,0.2896757908165455,0.32318842497028655
00121,/Users/nikko/Downloads/moi-main/project_root/data/visualizations/video/pushups_video5/frame_00121.png,"[14, 128, 507, 348]",LEFT_SHOULDER,0.3844978143690081,-0.2767245324303827,0.999993085861206,0.6539983153343201,0.2900949865579605,0.32308071378662107
00121,/Users/nikko/Downloads/moi-main/project_root/data/visualizations/video/pushups_video5/frame_00121.png,"[14, 128, 507, 348]",RIGHT_SHOULDER,0.435702386003361,-0.2933864180166574,0.9999902248382568,0.6539983153343201,0.2900949865579605,0.32308071378662107
00121,/Users/nikko/Downloads/moi-main/project_root/data/visualizations/video/pushups_video5/frame_00121.png,"[14, 128, 507, 348]",LEFT_HIP,-0.419494341887315,0.24334790533050799,0.9988299012184143,0.6539983153343201,0.2900949865579605,0.32308071378662107
00121,/Users/nikko/Downloads/moi-main/project_root/data/visualizations/video/pushups_video5/frame_00121.png,"[14, 128, 507, 348]",RIGHT_HIP,-0.400705858485054,0.3267630451165321,0.9996078610420227,0.6539983153343201,0.2900949865579605,0.32308071378662107
00121,/Users/nikko/Downloads/moi-main/project_root/data/visualizations/video/pushups_video5/frame_00121.png,"[14, 128, 507, 348]",LEFT_ELBOW,0.2507479657665695,0.78196622424433,0.7161906361579895,0.6539983153343201,0.2900949865579605,0.32308071378662107
00121,/Users/nikko/Downloads/moi-main/project_root/data/visualizations/video/pushups_video5/frame_00121.png,"[14, 128, 507, 348]",RIGHT_ELBOW,0.3313588818341073,0.94572182009978,0.998291552066803,0.6539983153343201,0.2900949865579605,0.32308071378662107
00121,/Users/nikko/Downloads/moi-main/project_root/data/visualizations/video/pushups_video5/frame_00121.png,"[14, 128, 507, 348]",LEFT_WRIST,0.2261973560880267,1.7522383311679484,0.8714401125907898,0.6539983153343201,0.2900949865579605,0.32308071378662107
00121,/Users/nikko/Downloads/moi-main/project_root/data/visualizations/video/pushups_video5/frame_00121.png,"[14, 128, 507, 348]",RIGHT_WRIST,0.30620222775324685,2.009423281787262,0.9997742772102356,0.6539983153343201,0.2900949865579605,0.32308071378662107
00121,/Users/nikko/Downloads/moi-main/project_root/data/visualizations/video/pushups_video5/frame_00121.png,"[14, 128, 507, 348]",RIGHT_KNEE,-1.0713088409658886,1.0099769168408437,0.980270266532898,0.6539983153343201,0.2900949865579605,0.32308071378662107
00121,/Users/nikko/Downloads/moi-main/project_root/data/visualizations/video/pushups_video5/frame_00121.png,"[14, 128, 507, 348]",LEFT_ANKLE,-1.7209193493436137,1.3420350097205473,0.5846952795982361,0.6539983153343201,0.2900949865579605,0.32308071378662107
00121,/Users/nikko/Downloads/moi-main/project_root/data/visualizations/video/pushups_video5/frame_00121.png,"[14, 128, 507, 348]",RIGHT_ANKLE,-1.778893561481526,1.4035552503824766,0.997505247592926,0.6539983153343201,0.2900949865579605,0.32308071378662107
00121,/Users/nikko/Downloads/moi-main/project_root/data/visualizations/video/pushups_video5/frame_00121.png,"[14, 128, 507, 348]",LEFT_EYE,0.8924499175487542,-0.09500899058844295,0.9999603033065796,0.6539983153343201,0.2900949865579605,0.32308071378662107
00121,/Users/nikko/Downloads/moi-main/project_root/data/visualizations/video/pushups_video5/frame_00121.png,"[14, 128, 507, 348]",RIGHT_EYE,0.8962132964720044,-0.10827961035937446,0.9999810457229614,0.6539983153343201,0.2900949865579605,0.32308071378662107
00122,/Users/nikko/Downloads/moi-main/project_root/data/visualizations/video/pushups_video5/frame_00122.png,"[14, 128, 507, 347]",LEFT_SHOULDER,0.37752991958556253,-0.3119079608079189,0.999992847442627,0.656389907002449,0.28504468873143196,0.32522749370564896
00122,/Users/nikko/Downloads/moi-main/project_root/data/visualizations/video/pushups_video5/frame_00122.png,"[14, 128, 507, 347]",RIGHT_SHOULDER,0.4345406447785594,-0.2659612371940316,0.9999887943267822,0.656389907002449,0.28504468873143196,0.32522749370564896
00122,/Users/nikko/Downloads/moi-main/project_root/data/visualizations/video/pushups_video5/frame_00122.png,"[14, 128, 507, 347]",LEFT_HIP,-0.4144793844146639,0.2384341960818773,0.9988420605659485,0.656389907002449,0.28504468873143196,0.32522749370564896
00122,/Users/nikko/Downloads/moi-main/project_root/data/visualizations/video/pushups_video5/frame_00122.png,"[14, 128, 507, 347]",RIGHT_HIP,-0.39759117994945803,0.3394350019200732,0.9995903372764587,0.656389907002449,0.28504468873143196,0.32522749370564896
00122,/Users/nikko/Downloads/moi-main/project_root/data/visualizations/video/pushups_video5/frame_00122.png,"[14, 128, 507, 347]",LEFT_ELBOW,0.24824092683689056,0.7740344307503555,0.7091168165206909,0.656389907002449,0.28504468873143196,0.32522749370564896
00122,/Users/nikko/Downloads/moi-main/project_root/data/visualizations/video/pushups_video5/frame_00122.png,"[14, 128, 507, 347]",RIGHT_ELBOW,0.31317737331066414,0.937985029529429,0.9977845549583435,0.656389907002449,0.28504468873143196,0.32522749370564896
00122,/Users/nikko/Downloads/moi-main/project_root/data/visualizations/video/pushups_video5/frame_00122.png,"[14, 128, 507, 347]",LEFT_WRIST,0.2207770911801936,1.7120679009958282,0.8958987593650818,0.656389907002449,0.28504468873143196,0.32522749370564896
00122,/Users/nikko/Downloads/moi-main/project_root/data/visualizations/video/pushups_video5/frame_00122.png,"[14, 128, 507, 347]",RIGHT_WRIST,0.2956942724093161,2.009006626740176,0.9996702671051025,0.656389907002449,0.28504468873143196,0.32522749370564896
00122,/Users/nikko/Downloads/moi-main/project_root/data/visualizations/video/pushups_video5/frame_00122.png,"[14, 128, 507, 347]",RIGHT_KNEE,-1.0650843163514223,1.0079146840755042,0.9789830446243286,0.656389907002449,0.28504468873143196,0.32522749370564896
00122,/Users/nikko/Downloads/moi-main/project_root/data/visualizations/video/pushups_video5/frame_00122.png,"[14, 128, 507, 347]",LEFT_ANKLE,-1.7086632024864619,1.3438017156781539,0.549892008304596,0.656389907002449,0.28504468873143196,0.32522749370564896
00122,/Users/nikko/Downloads/moi-main/project_root/data/visualizations/video/pushups_video5/frame_00122.png,"[14, 128, 507, 347]",RIGHT_ANKLE,-1.778577439391536,1.421030672522032,0.9973657727241516,0.656389907002449,0.28504468873143196,0.32522749370564896
00122,/Users/nikko/Downloads/moi-main/project_root/data/visualizations/video/pushups_video5/frame_00122.png,"[14, 128, 507, 347]",LEFT_EYE,0.8824500108320709,-0.10191520023901203,0.9999617338180542,0.656389907002449,0.28504468873143196,0.32522749370564896
00122,/Users/nikko/Downloads/moi-main/project_root/data/visualizations/video/pushups_video5/frame_00122.png,"[14, 128, 507, 347]",RIGHT_EYE,0.8869577350290367,-0.10543555396471614,0.9999808073043823,0.656389907002449,0.28504468873143196,0.32522749370564896
00123,/Users/nikko/Downloads/moi-main/project_root/data/visualizations/video/pushups_video5/frame_00123.png,"[14, 128, 507, 348]",LEFT_SHOULDER,0.3735337593578217,-0.30692780912290274,0.9999938011169434,0.6532278656959534,0.28802546486258507,0.3266168579229548
00123,/Users/nikko/Downloads/moi-main/project_root/data/visualizations/video/pushups_video5/frame_00123.png,"[14, 128, 507, 348]",RIGHT_SHOULDER,0.4360737981779683,-0.27483543953706946,0.9999926090240479,0.6532278656959534,0.28802546486258507,0.3266168579229548
00123,/Users/nikko/Downloads/moi-main/project_root/data/visualizations/video/pushups_video5/frame_00123.png,"[14, 128, 507, 348]",LEFT_HIP,-0.4156477603809896,0.24111673275898082,0.9991061091423035,0.6532278656959534,0.28802546486258507,0.3266168579229548
00123,/Users/nikko/Downloads/moi-main/project_root/data/visualizations/video/pushups_video5/frame_00123.png,"[14, 128, 507, 348]",RIGHT_HIP,-0.3939597971548004,0.3406465159009914,0.9997082352638245,0.6532278656959534,0.28802546486258507,0.3266168579229548
00123,/Users/nikko/Downloads/moi-main/project_root/data/visualizations/video/pushups_video5/frame_00123.png,"[14, 128, 507, 348]",LEFT_ELBOW,0.24544641213720145,0.7351411030008823,0.713308572769165,0.6532278656959534,0.28802546486258507,0.3266168579229548
00123,/Users/nikko/Downloads/moi-main/project_root/data/visualizations/video/pushups_video5/frame_00123.png,"[14, 128, 507, 348]",RIGHT_ELBOW,0.3412709887785646,0.9331909464505113,0.9988232254981995,0.6532278656959534,0.28802546486258507,0.3266168579229548
00123,/Users/nikko/Downloads/moi-main/project_root/data/visualizations/video/pushups_video5/frame_00123.png,"[14, 128, 507, 348]",LEFT_WRIST,0.21528648562458116,1.6776375290831,0.872446596622467,0.6532278656959534,0.28802546486258507,0.3266168579229548
00123,/Users/nikko/Downloads/moi-main/project_root/data/visualizations/video/pushups_video5/frame_00123.png,"[14, 128, 507, 348]",RIGHT_WRIST,0.30101255648485625,1.9773525743891152,0.9998137354850769,0.6532278656959534,0.28802546486258507,0.3266168579229548
00123,/Users/nikko/Downloads/moi-main/project_root/data/visualizations/video/pushups_video5/frame_00123.png,"[14, 128, 507, 348]",RIGHT_KNEE,-1.0481176683513915,1.0034182371549767,0.9848321080207825,0.6532278656959534,0.28802546486258507,0.3266168579229548
00123,/Users/nikko/Downloads/moi-main/project_root/data/visualizations/video/pushups_video5/frame_00123.png,"[14, 128, 507, 348]",LEFT_ANKLE,-1.6911895748373993,1.320662092764963,0.6275320053100586,0.6532278656959534,0.28802546486258507,0.3266168579229548
00123,/Users/nikko/Downloads/moi-main/project_root/data/visualizations/video/pushups_video5/frame_00123.png,"[14, 128, 507, 348]",RIGHT_ANKLE,-1.7550555934360919,1.4036546305805317,0.9981163740158081,0.6532278656959534,0.28802546486258507,0.3266168579229548
00123,/Users/nikko/Downloads/moi-main/project_root/data/visualizations/video/pushups_video5/frame_00123.png,"[14, 128, 507, 348]",LEFT_EYE,0.8861466652785933,-0.09057502844656781,0.9999724626541138,0.6532278656959534,0.28802546486258507,0.3266168579229548
00123,/Users/nikko/Downloads/moi-main/project_root/data/visualizations/video/pushups_video5/frame_00123.png,"[14, 128, 507, 348]",RIGHT_EYE,0.8896045051965515,-0.10213428362723884,0.999987006187439,0.6532278656959534,0.28802546486258507,0.3266168579229548
00124,/Users/nikko/Downloads/moi-main/project_root/data/visualizations/video/pushups_video5/frame_00124.png,"[14, 128, 507, 348]",LEFT_SHOULDER,0.3756404154669469,-0.29900983505817746,0.9999935626983643,0.6533478498458862,0.28895531222224236,0.32744975925024555
00124,/Users/nikko/Downloads/moi-main/project_root/data/visualizations/video/pushups_video5/frame_00124.png,"[14, 128, 507, 348]",RIGHT_SHOULDER,0.43312776786804713,-0.2857396688973408,0.999991774559021,0.6533478498458862,0.28895531222224236,0.32744975925024555
00124,/Users/nikko/Downloads/moi-main/project_root/data/visualizations/video/pushups_video5/frame_00124.png,"[14, 128, 507, 348]",LEFT_HIP,-0.41399965946473505,0.2490705668577794,0.9990699887275696,0.6533478498458862,0.28895531222224236,0.32744975925024555
00124,/Users/nikko/Downloads/moi-main/project_root/data/visualizations/video/pushups_video5/frame_00124.png,"[14, 128, 507, 348]",RIGHT_HIP,-0.39476852387025896,0.3356789370977389,0.9996902942657471,0.6533478498458862,0.28895531222224236,0.32744975925024555
00124,/Users/nikko/Downloads/moi-main/project_root/data/visualizations/video/pushups_video5/frame_00124.png,"[14, 128, 507, 348]",LEFT_ELBOW,0.24605423423025324,0.7554820672732253,0.7212356328964233,0.6533478498458862,0.28895531222224236,0.32744975925024555
00124,/Users/nikko/Downloads/moi-main/project_root/data/visualizations/video/pushups_video5/frame_00124.png,"[14, 128, 507, 348]",RIGHT_ELBOW,0.3349787139761674,0.9348944552896249,0.9986971020698547,0.6533478498458862,0.28895531222224236,0.32744975925024555
00124,/Users/nikko/Downloads/moi-main/project_root/data/visualizations/video/pushups_video5/frame_00124.png,"[14, 128, 507, 348]",LEFT_WRIST,0.21759961665084865,1.7054162512673283,0.8704147934913635,0.6533478498458862,0.28895531222224236,0.32744975925024555
00124,/Users/nikko/Downloads/moi-main/project_root/data/visualizations/video/pushups_video5/frame_00124.png,"[14, 128, 507, 348]",RIGHT_WRIST,0.30310890883383274,1.9760606732741397,0.9997875094413757,0.6533478498458862,0.28895531222224236,0.32744975925024555
00124,/Users/nikko/Downloads/moi-main/project_root/data/visualizations/video/pushups_video5/frame_00124.png,"[14, 128, 507, 348]",RIGHT_KNEE,-1.0458593249742412,0.9945157083303281,0.9848225116729736,0.6533478498458862,0.28895531222224236,0.32744975925024555
00124,/Users/nikko/Downloads/moi-main/project_root/data/visualizations/video/pushups_video5/frame_00124.png,"[14, 128, 507, 348]",LEFT_ANKLE,-1.691984524909747,1.3167742047345354,0.628939688205719,0.6533478498458862,0.28895531222224236,0.32744975925024555
00124,/Users/nikko/Downloads/moi-main/project_root/data/visualizations/video/pushups_video5/frame_00124.png,"[14, 128, 507, 348]",RIGHT_ANKLE,-1.7530766458271294,1.3939770661500541,0.9981258511543274,0.6533478498458862,0.28895531222224236,0.32744975925024555
00124,/Users/nikko/Downloads/moi-main/project_root/data/visualizations/video/pushups_video5/frame_00124.png,"[14, 128, 507, 348]",LEFT_EYE,0.8839232428059991,-0.09341502499329563,0.999970555305481,0.6533478498458862,0.28895531222224236,0.32744975925024555
00124,/Users/nikko/Downloads/moi-main/project_root/data/visualizations/video/pushups_video5/frame_00124.png,"[14, 128, 507, 348]",RIGHT_EYE,0.8872217511648017,-0.10609246625797032,0.9999860525131226,0.6533478498458862,0.28895531222224236,0.32744975925024555
00125,/Users/nikko/Downloads/moi-main/project_root/data/visualizations/video/pushups_video5/frame_00125.png,"[14, 128, 507, 348]",LEFT_SHOULDER,0.372571931030099,-0.3064868087899419,0.999994158744812,0.65346859395504,0.28731610998511314,0.32581051901270686
00125,/Users/nikko/Downloads/moi-main/project_root/data/visualizations/video/pushups_video5/frame_00125.png,"[14, 128, 507, 348]",RIGHT_SHOULDER,0.43724948096847205,-0.27494351426573904,0.9999929666519165,0.65346859395504,0.28731610998511314,0.32581051901270686
00125,/Users/nikko/Downloads/moi-main/project_root/data/visualizations/video/pushups_video5/frame_00125.png,"[14, 128, 507, 348]",LEFT_HIP,-0.41574905274173035,0.24111826153638247,0.9990767240524292,0.65346859395504,0.28731610998511314,0.32581051901270686
00125,/Users/nikko/Downloads/moi-main/project_root/data/visualizations/video/pushups_video5/frame_00125.png,"[14, 128, 507, 348]",RIGHT_HIP,-0.3940723592568407,0.34031206151929844,0.9996989965438843,0.65346859395504,0.28731610998511314,0.32581051901270686
00125,/Users/nikko/Downloads/moi-main/project_root/data/visualizations/video/pushups_video5/frame_00125.png,"[14, 128, 507, 348]",LEFT_ELBOW,0.2423339498499569,0.742619813539089,0.717353880405426,0.65346859395504,0.28731610998511314,0.32581051901270686
00125,/Users/nikko/Downloads/moi-main/project_root/data/visualizations/video/pushups_video5/frame_00125.png,"[14, 128, 507, 348]",RIGHT_ELBOW,0.34102822488489887,0.9375232704416854,0.9987776875495911,0.65346859395504,0.28731610998511314,0.32581051901270686
00125,/Users/nikko/Downloads/moi-main/project_root/data/visualizations/video/pushups_video5/frame_00125.png,"[14, 128, 507, 348]",LEFT_WRIST,0.21479229745384276,1.6865106664313687,0.8761961460113525,0.65346859395504,0.28731610998511314,0.32581051901270686
00125,/Users/nikko/Downloads/moi-main/project_root/data/visualizations/video/pushups_video5/frame_00125.png,"[14, 128, 507, 348]",RIGHT_WRIST,0.2987267582413787,1.9835707712549557,0.9998162388801575,0.65346859395504,0.28731610998511314,0.32581051901270686
00125,/Users/nikko/Downloads/moi-main/project_root/data/visualizations/video/pushups_video5/frame_00125.png,"[14, 128, 507, 348]",RIGHT_KNEE,-1.0494845818758225,1.0096921395870122,0.9838592410087585,0.65346859395504,0.28731610998511314,0.32581051901270686
00125,/Users/nikko/Downloads/moi-main/project_root/data/visualizations/video/pushups_video5/frame_00125.png,"[14, 128, 507, 348]",LEFT_ANKLE,-1.6971221985704221,1.3261106884390792,0.6114227771759033,0.65346859395504,0.28731610998511314,0.32581051901270686
00125,/Users/nikko/Downloads/moi-main/project_root/data/visualizations/video/pushups_video5/frame_00125.png,"[14, 128, 507, 348]",RIGHT_ANKLE,-1.7612737883456657,1.409040611050704,0.9980105757713318,0.65346859395504,0.28731610998511314,0.32581051901270686
00125,/Users/nikko/Downloads/moi-main/project_root/data/visualizations/video/pushups_video5/frame_00125.png,"[14, 128, 507, 348]",LEFT_EYE,0.8855775581347732,-0.0841360521709302,0.9999740123748779,0.65346859395504,0.28731610998511314,0.32581051901270686
00125,/Users/nikko/Downloads/moi-main/project_root/data/visualizations/video/pushups_video5/frame_00125.png,"[14, 128, 507, 348]",RIGHT_EYE,0.8892559863087023,-0.09527076603138195,0.9999877214431763,0.65346859395504,0.28731610998511314,0.32581051901270686
00126,/Users/nikko/Downloads/moi-main/project_root/data/visualizations/video/pushups_video5/frame_00126.png,"[14, 128, 507, 347]",LEFT_SHOULDER,0.380555458738322,-0.29558428316049634,0.9999920129776001,0.6564935445785522,0.28598206117749214,0.3246527822534655
00126,/Users/nikko/Downloads/moi-main/project_root/data/visualizations/video/pushups_video5/frame_00126.png,"[14, 128, 507, 347]",RIGHT_SHOULDER,0.43277833719356984,-0.28294197370735324,0.9999884366989136,0.6564935445785522,0.28598206117749214,0.3246527822534655
00126,/Users/nikko/Downloads/moi-main/project_root/data/visualizations/video/pushups_video5/frame_00126.png,"[14, 128, 507, 347]",LEFT_HIP,-0.41465585310365805,0.24423690066502177,0.9987720847129822,0.6564935445785522,0.28598206117749214,0.3246527822534655
00126,/Users/nikko/Downloads/moi-main/project_root/data/visualizations/video/pushups_video5/frame_00126.png,"[14, 128, 507, 347]",RIGHT_HIP,-0.3986779428282338,0.3342893562028278,0.9995627999305725,0.6564935445785522,0.28598206117749214,0.3246527822534655
00126,/Users/nikko/Downloads/moi-main/project_root/data/visualizations/video/pushups_video5/frame_00126.png,"[14, 128, 507, 347]",LEFT_ELBOW,0.24619362231618339,0.7682294828919954,0.6892554759979248,0.6564935445785522,0.28598206117749214,0.3246527822534655
00126,/Users/nikko/Downloads/moi-main/project_root/data/visualizations/video/pushups_video5/frame_00126.png,"[14, 128, 507, 347]",RIGHT_ELBOW,0.3153287262717443,0.9195872641586306,0.9980214834213257,0.6564935445785522,0.28598206117749214,0.3246527822534655
00126,/Users/nikko/Downloads/moi-main/project_root/data/visualizations/video/pushups_video5/frame_00126.png,"[14, 128, 507, 347]",LEFT_WRIST,0.22801330578456594,1.7307151655283215,0.8799166679382324,0.6564935445785522,0.28598206117749214,0.3246527822534655
00126,/Users/nikko/Downloads/moi-main/project_root/data/visualizations/video/pushups_video5/frame_00126.png,"[14, 128, 507, 347]",RIGHT_WRIST,0.29603453855337086,1.9960085484017156,0.9996750354766846,0.6564935445785522,0.28598206117749214,0.3246527822534655
00126,/Users/nikko/Downloads/moi-main/project_root/data/visualizations/video/pushups_video5/frame_00126.png,"[14, 128, 507, 347]",RIGHT_KNEE,-1.066107281353753,1.006582494873318,0.9780480861663818,0.6564935445785522,0.28598206117749214,0.3246527822534655
00126,/Users/nikko/Downloads/moi-main/project_root/data/visualizations/video/pushups_video5/frame_00126.png,"[14, 128, 507, 347]",LEFT_ANKLE,-1.708819768674493,1.3478487958574632,0.5468728542327881,0.6564935445785522,0.28598206117749214,0.3246527822534655
00126,/Users/nikko/Downloads/moi-main/project_root/data/visualizations/video/pushups_video5/frame_00126.png,"[14, 128, 507, 347]",RIGHT_ANKLE,-1.782294784291193,1.4212528519861658,0.9972304701805115,0.6564935445785522,0.28598206117749214,0.3246527822534655
00126,/Users/nikko/Downloads/moi-main/project_root/data/visualizations/video/pushups_video5/frame_00126.png,"[14, 128, 507, 347]",LEFT_EYE,0.8873730909440912,-0.10556409175197848,0.9999604225158691,0.6564935445785522,0.28598206117749214,0.3246527822534655
00126,/Users/nikko/Downloads/moi-main/project_root/data/visualizations/video/pushups_video5/frame_00126.png,"[14, 128, 507, 347]",RIGHT_EYE,0.8923621029152313,-0.11121276074866891,0.999980092048645,0.6564935445785522,0.28598206117749214,0.3246527822534655
00127,/Users/nikko/Downloads/moi-main/project_root/data/visualizations/video/pushups_video5/frame_00127.png,"[14, 128, 507, 348]",LEFT_SHOULDER,0.3811556750407044,-0.28177684651932966,0.9999933242797852,0.6536419093608856,0.2906886860728264,0.3247577530379378
00127,/Users/nikko/Downloads/moi-main/project_root/data/visualizations/video/pushups_video5/frame_00127.png,"[14, 128, 507, 348]",RIGHT_SHOULDER,0.43509296595397406,-0.29391938555590935,0.9999905824661255,0.6536419093608856,0.2906886860728264,0.3247577530379378
00127,/Users/nikko/Downloads/moi-main/project_root/data/visualizations/video/pushups_video5/frame_00127.png,"[14, 128, 507, 348]",LEFT_HIP,-0.4173612139413675,0.24847608141659566,0.9988008737564087,0.6536419093608856,0.2906886860728264,0.3247577530379378
00127,/Users/nikko/Downloads/moi-main/project_root/data/visualizations/video/pushups_video5/frame_00127.png,"[14, 128, 507, 348]",RIGHT_HIP,-0.398887427053311,0.32722015065864335,0.9995922446250916,0.6536419093608856,0.2906886860728264,0.3247577530379378
00127,/Users/nikko/Downloads/moi-main/project_root/data/visualizations/video/pushups_video5/frame_00127.png,"[14, 128, 507, 348]",LEFT_ELBOW,0.24896664942740898,0.777050758820462,0.7291240692138672,0.6536419093608856,0.2906886860728264,0.3247577530379378
00127,/Users/nikko/Downloads/moi-main/project_root/data/visualizations/video/pushups_video5/frame_00127.png,"[14, 128, 507, 348]",RIGHT_ELBOW,0.3323293030432533,0.9402118025643353,0.9983103275299072,0.6536419093608856,0.2906886860728264,0.3247577530379378
00127,/Users/nikko/Downloads/moi-main/project_root/data/visualizations/video/pushups_video5/frame_00127.png,"[14, 128, 507, 348]",LEFT_WRIST,0.22361834898633431,1.7542649893962308,0.870740532875061,0.6536419093608856,0.2906886860728264,0.3247577530379378
00127,/Users/nikko/Downloads/moi-main/project_root/data/visualizations/video/pushups_video5/frame_00127.png,"[14, 128, 507, 348]",RIGHT_WRIST,0.30208059914570745,1.9946027991867759,0.9997572302818298,0.6536419093608856,0.2906886860728264,0.3247577530379378
00127,/Users/nikko/Downloads/moi-main/project_root/data/visualizations/video/pushups_video5/frame_00127.png,"[14, 128, 507, 348]",RIGHT_KNEE,-1.054227833376268,1.0012521089895485,0.9800818562507629,0.6536419093608856,0.2906886860728264,0.3247577530379378
00127,/Users/nikko/Downloads/moi-main/project_root/data/visualizations/video/pushups_video5/frame_00127.png,"[14, 128, 507, 348]",LEFT_ANKLE,-1.7116445791862311,1.3219914072511174,0.5826942324638367,0.6536419093608856,0.2906886860728264,0.3247577530379378
00127,/Users/nikko/Downloads/moi-main/project_root/data/visualizations/video/pushups_video5/frame_00127.png,"[14, 128, 507, 348]",RIGHT_ANKLE,-1.7725734794354864,1.3921405909626476,0.9974908828735352,0.6536419093608856,0.2906886860728264,0.3247577530379378
00127,/Users/nikko/Downloads/moi-main/project_root/data/visualizations/video/pushups_video5/frame_00127.png,"[14, 128, 507, 348]",LEFT_EYE,0.8879792601512531,-0.092051119416488,0.9999645948410034,0.6536419093608856,0.2906886860728264,0.3247577530379378
00127,/Users/nikko/Downloads/moi-main/project_root/data/visualizations/video/pushups_video5/frame_00127.png,"[14, 128, 507, 348]",RIGHT_EYE,0.8915978502092226,-0.10423018205935375,0.9999830722808838,0.6536419093608856,0.2906886860728264,0.3247577530379378
00128,/Users/nikko/Downloads/moi-main/project_root/data/visualizations/video/pushups_video5/frame_00128.png,"[14, 128, 507, 347]",LEFT_SHOULDER,0.37788025347331294,-0.3085664709843223,0.9999922513961792,0.6561162173748016,0.2840776555240154,0.3246666198640098
00128,/Users/nikko/Downloads/moi-main/project_root/data/visualizations/video/pushups_video5/frame_00128.png,"[14, 128, 507, 347]",RIGHT_SHOULDER,0.4342143615694241,-0.269637212351375,0.99998939037323,0.6561162173748016,0.2840776555240154,0.3246666198640098
00128,/Users/nikko/Downloads/moi-main/project_root/data/visualizations/video/pushups_video5/frame_00128.png,"[14, 128, 507, 347]",LEFT_HIP,-0.4148982313720249,0.23840312712341136,0.9987021684646606,0.6561162173748016,0.2840776555240154,0.3246666198640098
00128,/Users/nikko/Downloads/moi-main/project_root/data/visualizations/video/pushups_video5/frame_00128.png,"[14, 128, 507, 347]",RIGHT_HIP,-0.39719638367071214,0.339800556212286,0.9995585083961487,0.6561162173748016,0.2840776555240154,0.3246666198640098
00128,/Users/nikko/Downloads/moi-main/project_root/data/visualizations/video/pushups_video5/frame_00128.png,"[14, 128, 507, 347]",LEFT_ELBOW,0.24544979011957338,0.7674026565896773,0.6842747330665588,0.6561162173748016,0.2840776555240154,0.3246666198640098
00128,/Users/nikko/Downloads/moi-main/project_root/data/visualizations/video/pushups_video5/frame_00128.png,"[14, 128, 507, 347]",RIGHT_ELBOW,0.31808075286086757,0.9279579489290252,0.9979288578033447,0.6561162173748016,0.2840776555240154,0.3246666198640098
00128,/Users/nikko/Downloads/moi-main/project_root/data/visualizations/video/pushups_video5/frame_00128.png,"[14, 128, 507, 347]",LEFT_WRIST,0.22376832207620836,1.7198660467262628,0.8869665861129761,0.6561162173748016,0.2840776555240154,0.3246666198640098
00128,/Users/nikko/Downloads/moi-main/project_root/data/visualizations/video/pushups_video5/frame_00128.png,"[14, 128, 507, 347]",RIGHT_WRIST,0.2974857540329966,2.0012674483305237,0.9997263550758362,0.6561162173748016,0.2840776555240154,0.3246666198640098
00128,/Users/nikko/Downloads/moi-main/project_root/data/visualizations/video/pushups_video5/frame_00128.png,"[14, 128, 507, 347]",RIGHT_KNEE,-1.0642747129419678,1.0093933879522836,0.9765204787254333,0.6561162173748016,0.2840776555240154,0.3246666198640098
00128,/Users/nikko/Downloads/moi-main/project_root/data/visualizations/video/pushups_video5/frame_00128.png,"[14, 128, 507, 347]",LEFT_ANKLE,-1.710831455328162,1.3457619071527285,0.5319074988365173,0.6561162173748016,0.2840776555240154,0.3246666198640098
00128,/Users/nikko/Downloads/moi-main/project_root/data/visualizations/video/pushups_video5/frame_00128.png,"[14, 128, 507, 347]",RIGHT_ANKLE,-1.7811455702000945,1.4275323928671455,0.9971012473106384,0.6561162173748016,0.2840776555240154,0.3246666198640098
00128,/Users/nikko/Downloads/moi-main/project_root/data/visualizations/video/pushups_video5/frame_00128.png,"[14, 128, 507, 347]",LEFT_EYE,0.887478927236443,-0.10013071163805827,0.9999582767486572,0.6561162173748016,0.2840776555240154,0.3246666198640098
00128,/Users/nikko/Downloads/moi-main/project_root/data/visualizations/video/pushups_video5/frame_00128.png,"[14, 128, 507, 347]",RIGHT_EYE,0.8925284939434663,-0.10473930182334851,0.9999797344207764,0.6561162173748016,0.2840776555240154,0.3246666198640098
00129,/Users/nikko/Downloads/moi-main/project_root/data/visualizations/video/pushups_video5/frame_00129.png,"[14, 128, 507, 347]",LEFT_SHOULDER,0.37742167155793577,-0.30846986456577796,0.9999921321868896,0.6562210470438004,0.2839852161705494,0.3245035055974381
00129,/Users/nikko/Downloads/moi-main/project_root/data/visualizations/video/pushups_video5/frame_00129.png,"[14, 128, 507, 347]",RIGHT_SHOULDER,0.4349978506407957,-0.2692626926012608,0.9999892711639404,0.6562210470438004,0.2839852161705494,0.3245035055974381
00129,/Users/nikko/Downloads/moi-main/project_root/data/visualizations/video/pushups_video5/frame_00129.png,"[14, 128, 507, 347]",LEFT_HIP,-0.4150490619801608,0.23861578938249986,0.9986360669136047,0.6562210470438004,0.2839852161705494,0.3245035055974381
00129,/Users/nikko/Downloads/moi-main/project_root/data/visualizations/video/pushups_video5/frame_00129.png,"[14, 128, 507, 347]",RIGHT_HIP,-0.3973704602185707,0.3391167677845389,0.9995347261428833,0.6562210470438004,0.2839852161705494,0.3245035055974381
00129,/Users/nikko/Downloads/moi-main/project_root/data/visualizations/video/pushups_video5/frame_00129.png,"[14, 128, 507, 347]",LEFT_ELBOW,0.24735196569861734,0.7712586316502609,0.6784946322441101,0.6562210470438004,0.2839852161705494,0.3245035055974381
00129,/Users/nikko/Downloads/moi-main/project_root/data/visualizations/video/pushups_video5/frame_00129.png,"[14, 128, 507, 347]",RIGHT_ELBOW,0.31965042483586825,0.9304378661928296,0.997780978679657,0.6562210470438004,0.2839852161705494,0.3245035055974381
00129,/Users/nikko/Downloads/moi-main/project_root/data/visualizations/video/pushups_video5/frame_00129.png,"[14, 128, 507, 347]",LEFT_WRIST,0.22534587469057737,1.7205097453353984,0.88496333360672,0.6562210470438004,0.2839852161705494,0.3245035055974381
00129,/Users/nikko/Downloads/moi-main/project_root/data/visualizations/video/pushups_video5/frame_00129.png,"[14, 128, 507, 347]",RIGHT_WRIST,0.2959438289278439,1.9995314106421103,0.9997005462646484,0.6562210470438004,0.2839852161705494,0.3245035055974381
00129,/Users/nikko/Downloads/moi-main/project_root/data/visualizations/video/pushups_video5/frame_00129.png,"[14, 128, 507, 347]",RIGHT_KNEE,-1.0643417096157504,1.0105436228861226,0.9745962023735046,0.6562210470438004,0.2839852161705494,0.3245035055974381
00129,/Users/nikko/Downloads/moi-main/project_root/data/visualizations/video/pushups_video5/frame_00129.png,"[14, 128, 507, 347]",LEFT_ANKLE,-1.7120714283040548,1.3462594382705395,0.5116775035858154,0.6562210470438004,0.2839852161705494,0.3245035055974381
00129,/Users/nikko/Downloads/moi-main/project_root/data/visualizations/video/pushups_video5/frame_00129.png,"[14, 128, 507, 347]",RIGHT_ANKLE,-1.781746760364542,1.427050686893703,0.9968265891075134,0.6562210470438004,0.2839852161705494,0.3245035055974381
00129,/Users/nikko/Downloads/moi-main/project_root/data/visualizations/video/pushups_video5/frame_00129.png,"[14, 128, 507, 347]",LEFT_EYE,0.8866290288738591,-0.0988816254053949,0.9999575614929199,0.6562210470438004,0.2839852161705494,0.3245035055974381
00129,/Users/nikko/Downloads/moi-main/project_root/data/visualizations/video/pushups_video5/frame_00129.png,"[14, 128, 507, 347]",RIGHT_EYE,0.8915758854267194,-0.10314602074029319,0.9999794960021973,0.6562210470438004,0.2839852161705494,0.3245035055974381
00130,/Users/nikko/Downloads/moi-main/project_root/data/visualizations/video/pushups_video5/frame_00130.png,"[14, 128, 507, 347]",LEFT_SHOULDER,0.3769517520836819,-0.30759669550261065,0.9999922513961792,0.6558614373207092,0.2837192118167877,0.3237806658763404
00130,/Users/nikko/Downloads/moi-main/project_root/data/visualizations/video/pushups_video5/frame_00130.png,"[14, 128, 507, 347]",RIGHT_SHOULDER,0.4369216920821097,-0.2678083113867597,0.9999896287918091,0.6558614373207092,0.2837192118167877,0.3237806658763404
00130,/Users/nikko/Downloads/moi-main/project_root/data/visualizations/video/pushups_video5/frame_00130.png,"[14, 128, 507, 347]",LEFT_HIP,-0.4164408065525866,0.23663720624136722,0.9986335635185242,0.6558614373207092,0.2837192118167877,0.3237806658763404
00130,/Users/nikko/Downloads/moi-main/project_root/data/visualizations/video/pushups_video5/frame_00130.png,"[14, 128, 507, 347]",RIGHT_HIP,-0.39743263761320496,0.33876780064800316,0.999531626701355,0.6558614373207092,0.2837192118167877,0.3237806658763404
00130,/Users/nikko/Downloads/moi-main/project_root/data/visualizations/video/pushups_video5/frame_00130.png,"[14, 128, 507, 347]",LEFT_ELBOW,0.24655687292383857,0.7756979608505061,0.6892186403274536,0.6558614373207092,0.2837192118167877,0.3237806658763404
00130,/Users/nikko/Downloads/moi-main/project_root/data/visualizations/video/pushups_video5/frame_00130.png,"[14, 128, 507, 347]",RIGHT_ELBOW,0.32040624633648046,0.9354440816518681,0.9979581832885742,0.6558614373207092,0.2837192118167877,0.3237806658763404
00130,/Users/nikko/Downloads/moi-main/project_root/data/visualizations/video/pushups_video5/frame_00130.png,"[14, 128, 507, 347]",LEFT_WRIST,0.2224462932683382,1.7305564050862743,0.8908482193946838,0.6558614373207092,0.2837192118167877,0.3237806658763404
00130,/Users/nikko/Downloads/moi-main/project_root/data/visualizations/video/pushups_video5/frame_00130.png,"[14, 128, 507, 347]",RIGHT_WRIST,0.297726042669155,2.006185255768226,0.9997254014015198,0.6558614373207092,0.2837192118167877,0.3237806658763404
00130,/Users/nikko/Downloads/moi-main/project_root/data/visualizations/video/pushups_video5/frame_00130.png,"[14, 128, 507, 347]",RIGHT_KNEE,-1.0659077182675136,1.0109719837981237,0.9768969416618347,0.6558614373207092,0.2837192118167877,0.3237806658763404
00130,/Users/nikko/Downloads/moi-main/project_root/data/visualizations/video/pushups_video5/frame_00130.png,"[14, 128, 507, 347]",LEFT_ANKLE,-1.7172260188258222,1.3470293416067585,0.533703625202179,0.6558614373207092,0.2837192118167877,0.3237806658763404
00130,/Users/nikko/Downloads/moi-main/project_root/data/visualizations/video/pushups_video5/frame_00130.png,"[14, 128, 507, 347]",RIGHT_ANKLE,-1.7864858550748621,1.428428044350039,0.9971156120300293,0.6558614373207092,0.2837192118167877,0.3237806658763404
00130,/Users/nikko/Downloads/moi-main/project_root/data/visualizations/video/pushups_video5/frame_00130.png,"[14, 128, 507, 347]",LEFT_EYE,0.8887224239639919,-0.09560121335945702,0.9999610185623169,0.6558614373207092,0.2837192118167877,0.3237806658763404
00130,/Users/nikko/Downloads/moi-main/project_root/data/visualizations/video/pushups_video5/frame_00130.png,"[14, 128, 507, 347]",RIGHT_EYE,0.8939058340925685,-0.09991608887899764,0.9999810457229614,0.6558614373207092,0.2837192118167877,0.3237806658763404
00131,/Users/nikko/Downloads/moi-main/project_root/data/visualizations/video/pushups_video5/frame_00131.png,"[14, 128, 507, 348]",LEFT_SHOULDER,0.38146608430461615,-0.2829848790942847,0.9999933242797852,0.6535424888134003,0.2888634577393532,0.3233425403868059
00131,/Users/nikko/Downloads/moi-main/project_root/data/visualizations/video/pushups_video5/frame_00131.png,"[14, 128, 507, 348]",RIGHT_SHOULDER,0.4385614068198563,-0.28664778745330416,0.9999908208847046,0.6535424888134003,0.2888634577393532,0.3233425403868059
00131,/Users/nikko/Downloads/moi-main/project_root/data/visualizations/video/pushups_video5/frame_00131.png,"[14, 128, 507, 348]",LEFT_HIP,-0.42037230772314693,0.24251085236967404,0.9987712502479553,0.6535424888134003,0.2888634577393532,0.3233425403868059
00131,/Users/nikko/Downloads/moi-main/project_root/data/visualizations/video/pushups_video5/frame_00131.png,"[14, 128, 507, 348]",RIGHT_HIP,-0.39965518340132544,0.3271218141779148,0.9995842576026917,0.6535424888134003,0.2888634577393532,0.3233425403868059
00131,/Users/nikko/Downloads/moi-main/project_root/data/visualizations/video/pushups_video5/frame_00131.png,"[14, 128, 507, 348]",LEFT_ELBOW,0.2507789409953484,0.7783374490578312,0.7349897027015686,0.6535424888134003,0.2888634577393532,0.3233425403868059
00131,/Users/nikko/Downloads/moi-main/project_root/data/visualizations/video/pushups_video5/frame_00131.png,"[14, 128, 507, 348]",RIGHT_ELBOW,0.3381950817348379,0.9427007493070763,0.9984568357467651,0.6535424888134003,0.2888634577393532,0.3233425403868059
00131,/Users/nikko/Downloads/moi-main/project_root/data/visualizations/video/pushups_video5/frame_00131.png,"[14, 128, 507, 348]",LEFT_WRIST,0.22408185908984307,1.74095724997206,0.8774195313453674,0.6535424888134003,0.2888634577393532,0.3233425403868059
00131,/Users/nikko/Downloads/moi-main/project_root/data/visualizations/video/pushups_video5/frame_00131.png,"[14, 128, 507, 348]",RIGHT_WRIST,0.3011984261526012,2.0010243886489834,0.9997761845588684,0.6535424888134003,0.2888634577393532,0.3233425403868059
00131,/Users/nikko/Downloads/moi-main/project_root/data/visualizations/video/pushups_video5/frame_00131.png,"[14, 128, 507, 348]",RIGHT_KNEE,-1.06366661346596,1.0119897288582447,0.9807099103927612,0.6535424888134003,0.2888634577393532,0.3233425403868059
00131,/Users/nikko/Downloads/moi-main/project_root/data/visualizations/video/pushups_video5/frame_00131.png,"[14, 128, 507, 348]",LEFT_ANKLE,-1.718729490480584,1.3453808437432184,0.5926712155342102,0.6535424888134003,0.2888634577393532,0.3233425403868059
00131,/Users/nikko/Downloads/moi-main/project_root/data/visualizations/video/pushups_video5/frame_00131.png,"[14, 128, 507, 348]",RIGHT_ANKLE,-1.7792715608196534,1.4088010221355787,0.9975436329841614,0.6535424888134003,0.2888634577393532,0.3233425403868059
00131,/Users/nikko/Downloads/moi-main/project_root/data/visualizations/video/pushups_video5/frame_00131.png,"[14, 128, 507, 348]",LEFT_EYE,0.8915022705230062,-0.0875165363744776,0.9999650716781616,0.6535424888134003,0.2888634577393532,0.3233425403868059
00131,/Users/nikko/Downloads/moi-main/project_root/data/visualizations/video/pushups_video5/frame_00131.png,"[14, 128, 507, 348]",RIGHT_EYE,0.8951175272471494,-0.09951894168435568,0.9999831914901733,0.6535424888134003,0.2888634577393532,0.3233425403868059
00132,/Users/nikko/Downloads/moi-main/project_root/data/visualizations/video/pushups_video5/frame_00132.png,"[14, 128, 507, 348]",LEFT_SHOULDER,0.3814440861339424,-0.282767750970144,0.9999929666519165,0.6535530686378479,0.2890353091061115,0.3233751731121499
00132,/Users/nikko/Downloads/moi-main/project_root/data/visualizations/video/pushups_video5/frame_00132.png,"[14, 128, 507, 348]",RIGHT_SHOULDER,0.43798953314190797,-0.2878931025552927,0.9999902248382568,0.6535530686378479,0.2890353091061115,0.3233751731121499
00132,/Users/nikko/Downloads/moi-main/project_root/data/visualizations/video/pushups_video5/frame_00132.png,"[14, 128, 507, 348]",LEFT_HIP,-0.4198326824276662,0.2441677161250931,0.9987233281135559,0.6535530686378479,0.2890353091061115,0.3233751731121499
00132,/Users/nikko/Downloads/moi-main/project_root/data/visualizations/video/pushups_video5/frame_00132.png,"[14, 128, 507, 348]",RIGHT_HIP,-0.39960093684818415,0.3264931374003436,0.9995644688606262,0.6535530686378479,0.2890353091061115,0.3233751731121499
00132,/Users/nikko/Downloads/moi-main/project_root/data/visualizations/video/pushups_video5/frame_00132.png,"[14, 128, 507, 348]",LEFT_ELBOW,0.2503734733186219,0.7803910887244127,0.7300841212272644,0.6535530686378479,0.2890353091061115,0.3233751731121499
00132,/Users/nikko/Downloads/moi-main/project_root/data/visualizations/video/pushups_video5/frame_00132.png,"[14, 128, 507, 348]",RIGHT_ELBOW,0.3371509697981908,0.9458409602560646,0.9983906745910645,0.6535530686378479,0.2890353091061115,0.3233751731121499
00132,/Users/nikko/Downloads/moi-main/project_root/data/visualizations/video/pushups_video5/frame_00132.png,"[14, 128, 507, 348]",LEFT_WRIST,0.22547086420711068,1.7455163530879754,0.8705613613128662,0.6535530686378479,0.2890353091061115,0.3233751731121499
00132,/Users/nikko/Downloads/moi-main/project_root/data/visualizations/video/pushups_video5/frame_00132.png,"[14, 128, 507, 348]",RIGHT_WRIST,0.3017411756646471,2.0006893455854184,0.9997561573982239,0.6535530686378479,0.2890353091061115,0.3233751731121499
00132,/Users/nikko/Downloads/moi-main/project_root/data/visualizations/video/pushups_video5/frame_00132.png,"[14, 128, 507, 348]",RIGHT_KNEE,-1.06354950680541,1.010961545739252,0.9801788926124573,0.6535530686378479,0.2890353091061115,0.3233751731121499
00132,/Users/nikko/Downloads/moi-main/project_root/data/visualizations/video/pushups_video5/frame_00132.png,"[14, 128, 507, 348]",LEFT_ANKLE,-1.7192303847327566,1.346106003544638,0.5868514776229858,0.6535530686378479,0.2890353091061115,0.3233751731121499
00132,/Users/nikko/Downloads/moi-main/project_root/data/visualizations/video/pushups_video5/frame_00132.png,"[14, 128, 507, 348]",RIGHT_ANKLE,-1.779249995005134,1.408774758922342,0.9974492192268372,0.6535530686378479,0.2890353091061115,0.3233751731121499
00132,/Users/nikko/Downloads/moi-main/project_root/data/visualizations/video/pushups_video5/frame_00132.png,"[14, 128, 507, 348]",LEFT_EYE,0.8911930573179987,-0.08654687708548499,0.9999628067016602,0.6535530686378479,0.2890353091061115,0.3233751731121499
00132,/Users/nikko/Downloads/moi-main/project_root/data/visualizations/video/pushups_video5/frame_00132.png,"[14, 128, 507, 348]",RIGHT_EYE,0.8947375388191596,-0.09828292628683316,0.9999819993972778,0.6535530686378479,0.2890353091061115,0.3233751731121499
00133,/Users/nikko/Downloads/moi-main/project_root/data/visualizations/video/pushups_video5/frame_00133.png,"[14, 128, 507, 348]",LEFT_SHOULDER,0.38002851456440734,-0.28238982370593535,0.9999933242797852,0.6534135043621063,0.2883111573755741,0.3229268308402293
00133,/Users/nikko/Downloads/moi-main/project_root/data/visualizations/video/pushups_video5/frame_00133.png,"[14, 128, 507, 348]",RIGHT_SHOULDER,0.4404493870320557,-0.2865253944982457,0.9999912977218628,0.6534135043621063,0.2883111573755741,0.3229268308402293
00133,/Users/nikko/Downloads/moi-main/project_root/data/visualizations/video/pushups_video5/frame_00133.png,"[14, 128, 507, 348]",LEFT_HIP,-0.4209010939803703,0.24242132215780032,0.9987756609916687,0.6534135043621063,0.2883111573755741,0.3229268308402293
00133,/Users/nikko/Downloads/moi-main/project_root/data/visualizations/video/pushups_video5/frame_00133.png,"[14, 128, 507, 348]",RIGHT_HIP,-0.39957680761609277,0.32649389604638074,0.9995895028114319,0.6534135043621063,0.2883111573755741,0.3229268308402293
00133,/Users/nikko/Downloads/moi-main/project_root/data/visualizations/video/pushups_video5/frame_00133.png,"[14, 128, 507, 348]",LEFT_ELBOW,0.2507167470639954,0.7767418859661497,0.7244411110877991,0.6534135043621063,0.2883111573755741,0.3229268308402293
00133,/Users/nikko/Downloads/moi-main/project_root/data/visualizations/video/pushups_video5/frame_00133.png,"[14, 128, 507, 348]",RIGHT_ELBOW,0.3418559174989534,0.9404237938460138,0.9984884262084961,0.6534135043621063,0.2883111573755741,0.3229268308402293
00133,/Users/nikko/Downloads/moi-main/project_root/data/visualizations/video/pushups_video5/frame_00133.png,"[14, 128, 507, 348]",LEFT_WRIST,0.22252991327068292,1.7348852945490574,0.8736230731010437,0.6534135043621063,0.2883111573755741,0.3229268308402293
00133,/Users/nikko/Downloads/moi-main/project_root/data/visualizations/video/pushups_video5/frame_00133.png,"[14, 128, 507, 348]",RIGHT_WRIST,0.3008912345013044,1.9968097923852999,0.9997826218605042,0.6534135043621063,0.2883111573755741,0.3229268308402293
00133,/Users/nikko/Downloads/moi-main/project_root/data/visualizations/video/pushups_video5/frame_00133.png,"[14, 128, 507, 348]",RIGHT_KNEE,-1.0638732445098371,1.013461195817811,0.9799301624298096,0.6534135043621063,0.2883111573755741,0.3229268308402293
00133,/Users/nikko/Downloads/moi-main/project_root/data/visualizations/video/pushups_video5/frame_00133.png,"[14, 128, 507, 348]",LEFT_ANKLE,-1.7194209486013,1.347822484293573,0.5835688710212708,0.6534135043621063,0.2883111573755741,0.3229268308402293
00133,/Users/nikko/Downloads/moi-main/project_root/data/visualizations/video/pushups_video5/frame_00133.png,"[14, 128, 507, 348]",RIGHT_ANKLE,-1.7807882361292597,1.4127905788823003,0.9974669218063354,0.6534135043621063,0.2883111573755741,0.3229268308402293
00133,/Users/nikko/Downloads/moi-main/project_root/data/visualizations/video/pushups_video5/frame_00133.png,"[14, 128, 507, 348]",LEFT_EYE,0.8919463125940669,-0.08356186275821664,0.9999661445617676,0.6534135043621063,0.2883111573755741,0.3229268308402293
00133,/Users/nikko/Downloads/moi-main/project_root/data/visualizations/video/pushups_video5/frame_00133.png,"[14, 128, 507, 348]",RIGHT_EYE,0.8956658945141829,-0.09519164727700725,0.9999839067459106,0.6534135043621063,0.2883111573755741,0.3229268308402293
00134,/Users/nikko/Downloads/moi-main/project_root/data/visualizations/video/pushups_video5/frame_00134.png,"[14, 128, 507, 348]",LEFT_SHOULDER,0.38094798306330585,-0.281955799751671,0.999993085861206,0.6536101400852203,0.28873976692557335,0.32313766473868144
00134,/Users/nikko/Downloads/moi-main/project_root/data/visualizations/video/pushups_video5/frame_00134.png,"[14, 128, 507, 348]",RIGHT_SHOULDER,0.43913809747740196,-0.28762777218225805,0.9999902248382568,0.6536101400852203,0.28873976692557335,0.32313766473868144
00134,/Users/nikko/Downloads/moi-main/project_root/data/visualizations/video/pushups_video5/frame_00134.png,"[14, 128, 507, 348]",LEFT_HIP,-0.42080336670307317,0.24258357525255916,0.9987019300460815,0.6536101400852203,0.28873976692557335,0.32313766473868144
00134,/Users/nikko/Downloads/moi-main/project_root/data/visualizations/video/pushups_video5/frame_00134.png,"[14, 128, 507, 348]",RIGHT_HIP,-0.3992827138376347,0.3269999966813699,0.9995529055595398,0.6536101400852203,0.28873976692557335,0.32313766473868144
00134,/Users/nikko/Downloads/moi-main/project_root/data/visualizations/video/pushups_video5/frame_00134.png,"[14, 128, 507, 348]",LEFT_ELBOW,0.2500069909216523,0.7850609625308024,0.7301352620124817,0.6536101400852203,0.28873976692557335,0.32313766473868144
00134,/Users/nikko/Downloads/moi-main/project_root/data/visualizations/video/pushups_video5/frame_00134.png,"[14, 128, 507, 348]",RIGHT_ELBOW,0.33734205786039984,0.9460025980598133,0.9983540773391724,0.6536101400852203,0.28873976692557335,0.32313766473868144
00134,/Users/nikko/Downloads/moi-main/project_root/data/visualizations/video/pushups_video5/frame_00134.png,"[14, 128, 507, 348]",LEFT_WRIST,0.22745818093857573,1.7622315215343336,0.8698352575302124,0.6536101400852203,0.28873976692557335,0.32313766473868144
00134,/Users/nikko/Downloads/moi-main/project_root/data/visualizations/video/pushups_video5/frame_00134.png,"[14, 128, 507, 348]",RIGHT_WRIST,0.30266527326578674,1.9991116169850003,0.9997429251670837,0.6536101400852203,0.28873976692557335,0.32313766473868144
00134,/Users/nikko/Downloads/moi-main/project_root/data/visualizations/video/pushups_video5/frame_00134.png,"[14, 128, 507, 348]",RIGHT_KNEE,-1.0613553038374812,1.0105992343630028,0.9805058240890503,0.6536101400852203,0.28873976692557335,0.32313766473868144
00134,/Users/nikko/Downloads/moi-main/project_root/data/visualizations/video/pushups_video5/frame_00134.png,"[14, 128, 507, 348]",LEFT_ANKLE,-1.721188876045356,1.3430900101508443,0.5932282209396362,0.6536101400852203,0.28873976692557335,0.32313766473868144
00134,/Users/nikko/Downloads/moi-main/project_root/data/visualizations/video/pushups_video5/frame_00134.png,"[14, 128, 507, 348]",RIGHT_ANKLE,-1.7801468803196472,1.4045927678508503,0.9974985718727112,0.6536101400852203,0.28873976692557335,0.32313766473868144
00134,/Users/nikko/Downloads/moi-main/project_root/data/visualizations/video/pushups_video5/frame_00134.png,"[14, 128, 507, 348]",LEFT_EYE,0.8916083898287195,-0.0840890006997782,0.9999645948410034,0.6536101400852203,0.28873976692557335,0.32313766473868144
00134,/Users/nikko/Downloads/moi-main/project_root/data/visualizations/video/pushups_video5/frame_00134.png,"[14, 128, 507, 348]",RIGHT_EYE,0.8953211179348944,-0.09551429060739614,0.9999828338623047,0.6536101400852203,0.28873976692557335,0.32313766473868144
00135,/Users/nikko/Downloads/moi-main/project_root/data/visualizations/video/pushups_video5/frame_00135.png,"[14, 128, 507, 348]",LEFT_SHOULDER,0.3826642358564138,-0.2803772018016164,0.999993085861206,0.6536084413528442,0.28960418328642845,0.3229052818190721
00135,/Users/nikko/Downloads/moi-main/project_root/data/visualizations/video/pushups_video5/frame_00135.png,"[14, 128, 507, 348]",RIGHT_SHOULDER,0.4376792168236683,-0.28920519935398065,0.9999897480010986,0.6536084413528442,0.28960418328642845,0.3229052818190721
00135,/Users/nikko/Downloads/moi-main/project_root/data/visualizations/video/pushups_video5/frame_00135.png,"[14, 128, 507, 348]",LEFT_HIP,-0.4201911050812615,0.24421114305775357,0.9986870884895325,0.6536084413528442,0.28960418328642845,0.3229052818190721
00135,/Users/nikko/Downloads/moi-main/project_root/data/visualizations/video/pushups_video5/frame_00135.png,"[14, 128, 507, 348]",RIGHT_HIP,-0.40015234759882057,0.32537125809784345,0.999544084072113,0.6536084413528442,0.28960418328642845,0.3229052818190721
00135,/Users/nikko/Downloads/moi-main/project_root/data/visualizations/video/pushups_video5/frame_00135.png,"[14, 128, 507, 348]",LEFT_ELBOW,0.2520393508862201,0.7870835458479097,0.7381707429885864,0.6536084413528442,0.28960418328642845,0.3229052818190721
00135,/Users/nikko/Downloads/moi-main/project_root/data/visualizations/video/pushups_video5/frame_00135.png,"[14, 128, 507, 348]",RIGHT_ELBOW,0.33727629048951696,0.9475150650283913,0.9983178377151489,0.6536084413528442,0.28960418328642845,0.3229052818190721
00135,/Users/nikko/Downloads/moi-main/project_root/data/visualizations/video/pushups_video5/frame_00135.png,"[14, 128, 507, 348]",LEFT_WRIST,0.22726460282974117,1.7634010713826416,0.8737044930458069,0.6536084413528442,0.28960418328642845,0.3229052818190721
00135,/Users/nikko/Downloads/moi-main/project_root/data/visualizations/video/pushups_video5/frame_00135.png,"[14, 128, 507, 348]",RIGHT_WRIST,0.30246730430680724,2.002590284536015,0.9997345805168152,0.6536084413528442,0.28960418328642845,0.3229052818190721
00135,/Users/nikko/Downloads/moi-main/project_root/data/visualizations/video/pushups_video5/frame_00135.png,"[14, 128, 507, 348]",RIGHT_KNEE,-1.0635114738321843,1.0093823452546955,0.9798589944839478,0.6536084413528442,0.28960418328642845,0.3229052818190721
00135,/Users/nikko/Downloads/moi-main/project_root/data/visualizations/video/pushups_video5/frame_00135.png,"[14, 128, 507, 348]",LEFT_ANKLE,-1.7227906374955684,1.3457999294203855,0.5779358148574829,0.6536084413528442,0.28960418328642845,0.3229052818190721
00135,/Users/nikko/Downloads/moi-main/project_root/data/visualizations/video/pushups_video5/frame_00135.png,"[14, 128, 507, 348]",RIGHT_ANKLE,-1.7820144238991031,1.4049138855868872,0.9973646998405457,0.6536084413528442,0.28960418328642845,0.3229052818190721
00135,/Users/nikko/Downloads/moi-main/project_root/data/visualizations/video/pushups_video5/frame_00135.png,"[14, 128, 507, 348]",LEFT_EYE,0.8925329293011403,-0.08901139644776494,0.9999634027481079,0.6536084413528442,0.28960418328642845,0.3229052818190721
00135,/Users/nikko/Downloads/moi-main/project_root/data/visualizations/video/pushups_video5/frame_00135.png,"[14, 128, 507, 348]",RIGHT_EYE,0.8961383144939574,-0.1008555261271174,0.9999819993972778,0.6536084413528442,0.28960418328642845,0.3229052818190721
00136,/Users/nikko/Downloads/moi-main/project_root/data/visualizations/video/pushups_video5/frame_00136.png,"[14, 128, 507, 348]",LEFT_SHOULDER,0.38215911724057344,-0.2806306040984644,0.999993085861206,0.653555378317833,0.28940219432115555,0.3231728772347825
00136,/Users/nikko/Downloads/moi-main/project_root/data/visualizations/video/pushups_video5/frame_00136.png,"[14, 128, 507, 348]",RIGHT_SHOULDER,0.43785097938286555,-0.2893754426244006,0.9999903440475464,0.653555378317833,0.28940219432115555,0.3231728772347825
00136,/Users/nikko/Downloads/moi-main/project_root/data/visualizations/video/pushups_video5/frame_00136.png,"[14, 128, 507, 348]",LEFT_HIP,-0.4201719789930155,0.24405085453980807,0.9987327456474304,0.653555378317833,0.28940219432115555,0.3231728772347825
00136,/Users/nikko/Downloads/moi-main/project_root/data/visualizations/video/pushups_video5/frame_00136.png,"[14, 128, 507, 348]",RIGHT_HIP,-0.3998381176304235,0.32595519218305696,0.9995694756507874,0.653555378317833,0.28940219432115555,0.3231728772347825
00136,/Users/nikko/Downloads/moi-main/project_root/data/visualizations/video/pushups_video5/frame_00136.png,"[14, 128, 507, 348]",LEFT_ELBOW,0.2517910482655673,0.7842323891501339,0.7329256534576416,0.653555378317833,0.28940219432115555,0.3231728772347825
00136,/Users/nikko/Downloads/moi-main/project_root/data/visualizations/video/pushups_video5/frame_00136.png,"[14, 128, 507, 348]",RIGHT_ELBOW,0.3383178078845254,0.9464106520569702,0.9984450936317444,0.653555378317833,0.28940219432115555,0.3231728772347825
00136,/Users/nikko/Downloads/moi-main/project_root/data/visualizations/video/pushups_video5/frame_00136.png,"[14, 128, 507, 348]",LEFT_WRIST,0.2259757552374161,1.7516879255929023,0.8736578226089478,0.653555378317833,0.28940219432115555,0.3231728772347825
00136,/Users/nikko/Downloads/moi-main/project_root/data/visualizations/video/pushups_video5/frame_00136.png,"[14, 128, 507, 348]",RIGHT_WRIST,0.30201309819704214,2.0020969503783905,0.9997652173042297,0.653555378317833,0.28940219432115555,0.3231728772347825
00136,/Users/nikko/Downloads/moi-main/project_root/data/visualizations/video/pushups_video5/frame_00136.png,"[14, 128, 507, 348]",RIGHT_KNEE,-1.0652590229977192,1.011059453883186,0.9804629683494568,0.653555378317833,0.28940219432115555,0.3231728772347825
00136,/Users/nikko/Downloads/moi-main/project_root/data/visualizations/video/pushups_video5/frame_00136.png,"[14, 128, 507, 348]",LEFT_ANKLE,-1.7210406684776345,1.3465455729817342,0.5838219523429871,0.653555378317833,0.28940219432115555,0.3231728772347825
00136,/Users/nikko/Downloads/moi-main/project_root/data/visualizations/video/pushups_video5/frame_00136.png,"[14, 128, 507, 348]",RIGHT_ANKLE,-1.780798878690129,1.4082843469203596,0.9975026249885559,0.653555378317833,0.28940219432115555,0.3231728772347825
00136,/Users/nikko/Downloads/moi-main/project_root/data/visualizations/video/pushups_video5/frame_00136.png,"[14, 128, 507, 348]",LEFT_EYE,0.8920705889797439,-0.08870552265543889,0.9999638795852661,0.653555378317833,0.28940219432115555,0.3231728772347825
00136,/Users/nikko/Downloads/moi-main/project_root/data/visualizations/video/pushups_video5/frame_00136.png,"[14, 128, 507, 348]",RIGHT_EYE,0.8956113872676109,-0.1006520742701461,0.9999825954437256,0.653555378317833,0.28940219432115555,0.3231728772347825
00137,/Users/nikko/Downloads/moi-main/project_root/data/visualizations/video/pushups_video5/frame_00137.png,"[14, 128, 507, 348]",LEFT_SHOULDER,0.3774265794046163,-0.2947102515104578,0.9999935626983643,0.6532032042741776,0.28590112924575806,0.323736513913454
00137,/Users/nikko/Downloads/moi-main/project_root/data/visualizations/video/pushups_video5/frame_00137.png,"[14, 128, 507, 348]",RIGHT_SHOULDER,0.43919613408718017,-0.2787131713366055,0.9999914169311523,0.6532032042741776,0.28590112924575806,0.323736513913454
00137,/Users/nikko/Downloads/moi-main/project_root/data/visualizations/video/pushups_video5/frame_00137.png,"[14, 128, 507, 348]",LEFT_HIP,-0.41944164151683383,0.24396741709113517,0.9987401366233826,0.6532032042741776,0.28590112924575806,0.323736513913454
00137,/Users/nikko/Downloads/moi-main/project_root/data/visualizations/video/pushups_video5/frame_00137.png,"[14, 128, 507, 348]",RIGHT_HIP,-0.39718107197496266,0.3294560057559282,0.9995786547660828,0.6532032042741776,0.28590112924575806,0.323736513913454
00137,/Users/nikko/Downloads/moi-main/project_root/data/visualizations/video/pushups_video5/frame_00137.png,"[14, 128, 507, 348]",LEFT_ELBOW,0.24877294833416688,0.7779450981902046,0.7322551608085632,0.6532032042741776,0.28590112924575806,0.323736513913454
00137,/Users/nikko/Downloads/moi-main/project_root/data/visualizations/video/pushups_video5/frame_00137.png,"[14, 128, 507, 348]",RIGHT_ELBOW,0.34179504943200306,0.944029427889605,0.9986128807067871,0.6532032042741776,0.28590112924575806,0.323736513913454
00137,/Users/nikko/Downloads/moi-main/project_root/data/visualizations/video/pushups_video5/frame_00137.png,"[14, 128, 507, 348]",LEFT_WRIST,0.2217102996995205,1.73187161072179,0.877272367477417,0.6532032042741776,0.28590112924575806,0.323736513913454
00137,/Users/nikko/Downloads/moi-main/project_root/data/visualizations/video/pushups_video5/frame_00137.png,"[14, 128, 507, 348]",RIGHT_WRIST,0.3005579639015861,1.998397126678235,0.9997867941856384,0.6532032042741776,0.28590112924575806,0.323736513913454
00137,/Users/nikko/Downloads/moi-main/project_root/data/visualizations/video/pushups_video5/frame_00137.png,"[14, 128, 507, 348]",RIGHT_KNEE,-1.0612474660204356,1.0177412130834287,0.9810629487037659,0.6532032042741776,0.28590112924575806,0.323736513913454
00137,/Users/nikko/Downloads/moi-main/project_root/data/visualizations/video/pushups_video5/frame_00137.png,"[14, 128, 507, 348]",LEFT_ANKLE,-1.7119591937843772,1.3534179936015356,0.5767436027526855,0.6532032042741776,0.28590112924575806,0.323736513913454
00137,/Users/nikko/Downloads/moi-main/project_root/data/visualizations/video/pushups_video5/frame_00137.png,"[14, 128, 507, 348]",RIGHT_ANKLE,-1.7733861110468179,1.4161149339290005,0.9976091384887695,0.6532032042741776,0.28590112924575806,0.323736513913454
00137,/Users/nikko/Downloads/moi-main/project_root/data/visualizations/video/pushups_video5/frame_00137.png,"[14, 128, 507, 348]",LEFT_EYE,0.8920504935351117,-0.08091168182608052,0.9999687671661377,0.6532032042741776,0.28590112924575806,0.323736513913454
00137,/Users/nikko/Downloads/moi-main/project_root/data/visualizations/video/pushups_video5/frame_00137.png,"[14, 128, 507, 348]",RIGHT_EYE,0.8955344956312925,-0.09269198347597642,0.9999849796295166,0.6532032042741776,0.28590112924575806,0.323736513913454
00138,/Users/nikko/Downloads/moi-main/project_root/data/visualizations/video/pushups_video5/frame_00138.png,"[14, 128, 507, 348]",LEFT_SHOULDER,0.38303423040631523,-0.28010873022924426,0.9999932050704956,0.6536166965961456,0.28902069851756096,0.3226214571700057
00138,/Users/nikko/Downloads/moi-main/project_root/data/visualizations/video/pushups_video5/frame_00138.png,"[14, 128, 507, 348]",RIGHT_SHOULDER,0.4372937588259022,-0.2895859497267473,0.9999897480010986,0.6536166965961456,0.28902069851756096,0.3226214571700057
00138,/Users/nikko/Downloads/moi-main/project_root/data/visualizations/video/pushups_video5/frame_00138.png,"[14, 128, 507, 348]",LEFT_HIP,-0.42034469982759476,0.24502739738935184,0.9986975193023682,0.6536166965961456,0.28902069851756096,0.3226214571700057
00138,/Users/nikko/Downloads/moi-main/project_root/data/visualizations/video/pushups_video5/frame_00138.png,"[14, 128, 507, 348]",RIGHT_HIP,-0.3999832894046227,0.3246672825666397,0.9995500445365906,0.6536166965961456,0.28902069851756096,0.3226214571700057
00138,/Users/nikko/Downloads/moi-main/project_root/data/visualizations/video/pushups_video5/frame_00138.png,"[14, 128, 507, 348]",LEFT_ELBOW,0.25173888250140847,0.7904290496491442,0.7405520677566528,0.6536166965961456,0.28902069851756096,0.3226214571700057
00138,/Users/nikko/Downloads/moi-main/project_root/data/visualizations/video/pushups_video5/frame_00138.png,"[14, 128, 507, 348]",RIGHT_ELBOW,0.3362966552029599,0.9490200681839499,0.9983437061309814,0.6536166965961456,0.28902069851756096,0.3226214571700057
00138,/Users/nikko/Downloads/moi-main/project_root/data/visualizations/video/pushups_video5/frame_00138.png,"[14, 128, 507, 348]",LEFT_WRIST,0.2283835817245278,1.7679626094825691,0.8764788508415222,0.6536166965961456,0.28902069851756096,0.3226214571700057
00138,/Users/nikko/Downloads/moi-main/project_root/data/visualizations/video/pushups_video5/frame_00138.png,"[14, 128, 507, 348]",RIGHT_WRIST,0.3032945796757346,2.0062118035461,0.999739944934845,0.6536166965961456,0.28902069851756096,0.3226214571700057
00138,/Users/nikko/Downloads/moi-main/project_root/data/visualizations/video/pushups_video5/frame_00138.png,"[14, 128, 507, 348]",RIGHT_KNEE,-1.0658409469550783,1.0133141637545513,0.9796722531318665,0.6536166965961456,0.28902069851756096,0.3226214571700057
00138,/Users/nikko/Downloads/moi-main/project_root/data/visualizations/video/pushups_video5/frame_00138.png,"[14, 128, 507, 348]",LEFT_ANKLE,-1.7233453640540408,1.3540364373766844,0.5778176188468933,0.6536166965961456,0.28902069851756096,0.3226214571700057
00138,/Users/nikko/Downloads/moi-main/project_root/data/visualizations/video/pushups_video5/frame_00138.png,"[14, 128, 507, 348]",RIGHT_ANKLE,-1.782328144793458,1.4117556134832379,0.9974334836006165,0.6536166965961456,0.28902069851756096,0.3226214571700057
00138,/Users/nikko/Downloads/moi-main/project_root/data/visualizations/video/pushups_video5/frame_00138.png,"[14, 128, 507, 348]",LEFT_EYE,0.8937244906591314,-0.08796932738742248,0.9999630451202393,0.6536166965961456,0.28902069851756096,0.3226214571700057
00138,/Users/nikko/Downloads/moi-main/project_root/data/visualizations/video/pushups_video5/frame_00138.png,"[14, 128, 507, 348]",RIGHT_EYE,0.8972580387559445,-0.09999495633072777,0.9999817609786987,0.6536166965961456,0.28902069851756096,0.3226214571700057
00139,/Users/nikko/Downloads/moi-main/project_root/data/visualizations/video/pushups_video5/frame_00139.png,"[14, 128, 507, 347]",LEFT_SHOULDER,0.37780602541619895,-0.3084959268479872,0.999991774559021,0.6562844961881638,0.2832348234951496,0.3247254773881283
00139,/Users/nikko/Downloads/moi-main/project_root/data/visualizations/video/pushups_video5/frame_00139.png,"[14, 128, 507, 347]",RIGHT_SHOULDER,0.4354120471328619,-0.2679574399401478,0.9999887943267822,0.6562844961881638,0.2832348234951496,0.3247254773881283
00139,/Users/nikko/Downloads/moi-main/project_root/data/visualizations/video/pushups_video5/frame_00139.png,"[14, 128, 507, 347]",LEFT_HIP,-0.41566834158851795,0.237449098144064,0.9985827207565308,0.6562844961881638,0.2832348234951496,0.3247254773881283
00139,/Users/nikko/Downloads/moi-main/project_root/data/visualizations/video/pushups_video5/frame_00139.png,"[14, 128, 507, 347]",RIGHT_HIP,-0.3975497309605429,0.339004268644071,0.9995098114013672,0.6562844961881638,0.2832348234951496,0.3247254773881283
00139,/Users/nikko/Downloads/moi-main/project_root/data/visualizations/video/pushups_video5/frame_00139.png,"[14, 128, 507, 347]",LEFT_ELBOW,0.24512955764076672,0.7700191431849857,0.6792497634887695,0.6562844961881638,0.2832348234951496,0.3247254773881283
00139,/Users/nikko/Downloads/moi-main/project_root/data/visualizations/video/pushups_video5/frame_00139.png,"[14, 128, 507, 347]",RIGHT_ELBOW,0.31883381163283536,0.93246145407535,0.9978801012039185,0.6562844961881638,0.2832348234951496,0.3247254773881283
00139,/Users/nikko/Downloads/moi-main/project_root/data/visualizations/video/pushups_video5/frame_00139.png,"[14, 128, 507, 347]",LEFT_WRIST,0.22083178676377788,1.7175301513900914,0.8854677677154541,0.6562844961881638,0.2832348234951496,0.3247254773881283
00139,/Users/nikko/Downloads/moi-main/project_root/data/visualizations/video/pushups_video5/frame_00139.png,"[14, 128, 507, 347]",RIGHT_WRIST,0.29289818883979524,1.9986795565188396,0.9996979236602783,0.6562844961881638,0.2832348234951496,0.3247254773881283
00139,/Users/nikko/Downloads/moi-main/project_root/data/visualizations/video/pushups_video5/frame_00139.png,"[14, 128, 507, 347]",RIGHT_KNEE,-1.0654399713513545,1.0115405348976119,0.9753771424293518,0.6562844961881638,0.2832348234951496,0.3247254773881283
00139,/Users/nikko/Downloads/moi-main/project_root/data/visualizations/video/pushups_video5/frame_00139.png,"[14, 128, 507, 347]",LEFT_ANKLE,-1.7107896028502003,1.3427096768959537,0.5229699611663818,0.6562844961881638,0.2832348234951496,0.3247254773881283
00139,/Users/nikko/Downloads/moi-main/project_root/data/visualizations/video/pushups_video5/frame_00139.png,"[14, 128, 507, 347]",RIGHT_ANKLE,-1.7806014117305595,1.4242966553679979,0.9968724846839905,0.6562844961881638,0.2832348234951496,0.3247254773881283
00139,/Users/nikko/Downloads/moi-main/project_root/data/visualizations/video/pushups_video5/frame_00139.png,"[14, 128, 507, 347]",LEFT_EYE,0.8852440468670921,-0.09579145020557661,0.9999566078186035,0.6562844961881638,0.2832348234951496,0.3247254773881283
00139,/Users/nikko/Downloads/moi-main/project_root/data/visualizations/video/pushups_video5/frame_00139.png,"[14, 128, 507, 347]",RIGHT_EYE,0.8902497466992825,-0.10063305280444296,0.9999788999557495,0.6562844961881638,0.2832348234951496,0.3247254773881283
00140,/Users/nikko/Downloads/moi-main/project_root/data/visualizations/video/pushups_video5/frame_00140.png,"[14, 128, 507, 347]",LEFT_SHOULDER,0.3779235571098268,-0.3087204004412244,0.9999916553497314,0.6560112982988358,0.2839752659201622,0.32397856348797915
00140,/Users/nikko/Downloads/moi-main/project_root/data/visualizations/video/pushups_video5/frame_00140.png,"[14, 128, 507, 347]",RIGHT_SHOULDER,0.4368674363592995,-0.2652260922789496,0.9999884366989136,0.6560112982988358,0.2839752659201622,0.32397856348797915
00140,/Users/nikko/Downloads/moi-main/project_root/data/visualizations/video/pushups_video5/frame_00140.png,"[14, 128, 507, 347]",LEFT_HIP,-0.4165330886177655,0.23579246589056088,0.9985643029212952,0.6560112982988358,0.2839752659201622,0.32397856348797915
00140,/Users/nikko/Downloads/moi-main/project_root/data/visualizations/video/pushups_video5/frame_00140.png,"[14, 128, 507, 347]",RIGHT_HIP,-0.39825790485136076,0.33815402682961315,0.9995025396347046,0.6560112982988358,0.2839752659201622,0.32397856348797915
00140,/Users/nikko/Downloads/moi-main/project_root/data/visualizations/video/pushups_video5/frame_00140.png,"[14, 128, 507, 347]",LEFT_ELBOW,0.24794022250680534,0.7745355336066647,0.6790754199028015,0.6560112982988358,0.2839752659201622,0.32397856348797915
00140,/Users/nikko/Downloads/moi-main/project_root/data/visualizations/video/pushups_video5/frame_00140.png,"[14, 128, 507, 347]",RIGHT_ELBOW,0.3207598405249375,0.937982467533899,0.9977808594703674,0.6560112982988358,0.2839752659201622,0.32397856348797915
00140,/Users/nikko/Downloads/moi-main/project_root/data/visualizations/video/pushups_video5/frame_00140.png,"[14, 128, 507, 347]",LEFT_WRIST,0.22229215544325487,1.7222359258684432,0.8811457753181458,0.6560112982988358,0.2839752659201622,0.32397856348797915
00140,/Users/nikko/Downloads/moi-main/project_root/data/visualizations/video/pushups_video5/frame_00140.png,"[14, 128, 507, 347]",RIGHT_WRIST,0.29463196111855594,2.0032718394431055,0.9996578693389893,0.6560112982988358,0.2839752659201622,0.32397856348797915
00140,/Users/nikko/Downloads/moi-main/project_root/data/visualizations/video/pushups_video5/frame_00140.png,"[14, 128, 507, 347]",RIGHT_KNEE,-1.0666981307520527,1.0090151157338108,0.9752346873283386,0.6560112982988358,0.2839752659201622,0.32397856348797915
00140,/Users/nikko/Downloads/moi-main/project_root/data/visualizations/video/pushups_video5/frame_00140.png,"[14, 128, 507, 347]",LEFT_ANKLE,-1.7153035987950136,1.345991665964244,0.5139593482017517,0.6560112982988358,0.2839752659201622,0.32397856348797915
00140,/Users/nikko/Downloads/moi-main/project_root/data/visualizations/video/pushups_video5/frame_00140.png,"[14, 128, 507, 347]",RIGHT_ANKLE,-1.7847767648921617,1.4249999065238454,0.9968774318695068,0.6560112982988358,0.2839752659201622,0.32397856348797915
00140,/Users/nikko/Downloads/moi-main/project_root/data/visualizations/video/pushups_video5/frame_00140.png,"[14, 128, 507, 347]",LEFT_EYE,0.8862525383424372,-0.09743987387394919,0.9999570846557617,0.6560112982988358,0.2839752659201622,0.32397856348797915
00140,/Users/nikko/Downloads/moi-main/project_root/data/visualizations/video/pushups_video5/frame_00140.png,"[14, 128, 507, 347]",RIGHT_EYE,0.8911187333071161,-0.1022567629690426,0.9999788999557495,0.6560112982988358,0.2839752659201622,0.32397856348797915
00141,/Users/nikko/Downloads/moi-main/project_root/data/visualizations/video/pushups_video5/frame_00141.png,"[14, 128, 507, 347]",LEFT_SHOULDER,0.37941921987738364,-0.3120612380705725,0.9999920129776001,0.6565295308828354,0.28301867097616196,0.32293449623039727
00141,/Users/nikko/Downloads/moi-main/project_root/data/visualizations/video/pushups_video5/frame_00141.png,"[14, 128, 507, 347]",RIGHT_SHOULDER,0.4376315469585489,-0.2575702503383755,0.9999901056289673,0.6565295308828354,0.28301867097616196,0.32293449623039727
00141,/Users/nikko/Downloads/moi-main/project_root/data/visualizations/video/pushups_video5/frame_00141.png,"[14, 128, 507, 347]",LEFT_HIP,-0.41781858033397423,0.23016584003643423,0.9987053871154785,0.6565295308828354,0.28301867097616196,0.32293449623039727
00141,/Users/nikko/Downloads/moi-main/project_root/data/visualizations/video/pushups_video5/frame_00141.png,"[14, 128, 507, 347]",RIGHT_HIP,-0.3992321865019583,0.33946564837251375,0.9995661377906799,0.6565295308828354,0.28301867097616196,0.32293449623039727
00141,/Users/nikko/Downloads/moi-main/project_root/data/visualizations/video/pushups_video5/frame_00141.png,"[14, 128, 507, 347]",LEFT_ELBOW,0.2478772013971656,0.779346804215105,0.6723253726959229,0.6565295308828354,0.28301867097616196,0.32293449623039727
00141,/Users/nikko/Downloads/moi-main/project_root/data/visualizations/video/pushups_video5/frame_00141.png,"[14, 128, 507, 347]",RIGHT_ELBOW,0.3207834847778405,0.9475117705656552,0.9979079961776733,0.6565295308828354,0.28301867097616196,0.32293449623039727
00141,/Users/nikko/Downloads/moi-main/project_root/data/visualizations/video/pushups_video5/frame_00141.png,"[14, 128, 507, 347]",LEFT_WRIST,0.21951975391000472,1.7213401277173466,0.8838573694229126,0.6565295308828354,0.28301867097616196,0.32293449623039727
00141,/Users/nikko/Downloads/moi-main/project_root/data/visualizations/video/pushups_video5/frame_00141.png,"[14, 128, 507, 347]",RIGHT_WRIST,0.29468353662493374,2.017175716216173,0.9997331500053406,0.6565295308828354,0.28301867097616196,0.32293449623039727
00141,/Users/nikko/Downloads/moi-main/project_root/data/visualizations/video/pushups_video5/frame_00141.png,"[14, 128, 507, 347]",RIGHT_KNEE,-1.0706776608592952,1.0201136948258833,0.9754955172538757,0.6565295308828354,0.28301867097616196,0.32293449623039727
00141,/Users/nikko/Downloads/moi-main/project_root/data/visualizations/video/pushups_video5/frame_00141.png,"[14, 128, 507, 347]",LEFT_ANKLE,-1.7182697043678603,1.3424717166363203,0.5274242162704468,0.6565295308828354,0.28301867097616196,0.32293449623039727
00141,/Users/nikko/Downloads/moi-main/project_root/data/visualizations/video/pushups_video5/frame_00141.png,"[14, 128, 507, 347]",RIGHT_ANKLE,-1.7918397084259923,1.4303238970074752,0.9968845248222351,0.6565295308828354,0.28301867097616196,0.32293449623039727
00141,/Users/nikko/Downloads/moi-main/project_root/data/visualizations/video/pushups_video5/frame_00141.png,"[14, 128, 507, 347]",LEFT_EYE,0.8896404632054817,-0.09174321054265845,0.9999598264694214,0.6565295308828354,0.28301867097616196,0.32293449623039727
00141,/Users/nikko/Downloads/moi-main/project_root/data/visualizations/video/pushups_video5/frame_00141.png,"[14, 128, 507, 347]",RIGHT_EYE,0.8942946291128115,-0.09565558184412064,0.9999812841415405,0.6565295308828354,0.28301867097616196,0.32293449623039727
00142,/Users/nikko/Downloads/moi-main/project_root/data/visualizations/video/pushups_video5/frame_00142.png,"[14, 128, 507, 347]",LEFT_SHOULDER,0.3787467473039453,-0.3045134690024254,0.9999922513961792,0.6576919853687286,0.28173140808939934,0.32257878009337515
00142,/Users/nikko/Downloads/moi-main/project_root/data/visualizations/video/pushups_video5/frame_00142.png,"[14, 128, 507, 347]",RIGHT_SHOULDER,0.4372651377414752,-0.2680845699145267,0.9999902248382568,0.6576919853687286,0.28173140808939934,0.32257878009337515
00142,/Users/nikko/Downloads/moi-main/project_root/data/visualizations/video/pushups_video5/frame_00142.png,"[14, 128, 507, 347]",LEFT_HIP,-0.4172014784195025,0.23487517546882802,0.9987747073173523,0.6576919853687286,0.28173140808939934,0.32257878009337515
00142,/Users/nikko/Downloads/moi-main/project_root/data/visualizations/video/pushups_video5/frame_00142.png,"[14, 128, 507, 347]",RIGHT_HIP,-0.398810406625918,0.3377228634481241,0.9995830655097961,0.6576919853687286,0.28173140808939934,0.32257878009337515
00142,/Users/nikko/Downloads/moi-main/project_root/data/visualizations/video/pushups_video5/frame_00142.png,"[14, 128, 507, 347]",LEFT_ELBOW,0.23669912875018914,0.7626345601719589,0.6920638680458069,0.6576919853687286,0.28173140808939934,0.32257878009337515
00142,/Users/nikko/Downloads/moi-main/project_root/data/visualizations/video/pushups_video5/frame_00142.png,"[14, 128, 507, 347]",RIGHT_ELBOW,0.3103232831758748,0.9432801108282918,0.9982237219810486,0.6576919853687286,0.28173140808939934,0.32257878009337515
00142,/Users/nikko/Downloads/moi-main/project_root/data/visualizations/video/pushups_video5/frame_00142.png,"[14, 128, 507, 347]",LEFT_WRIST,0.21355341463662192,1.7028466014018238,0.8959468603134155,0.6576919853687286,0.28173140808939934,0.32257878009337515
00142,/Users/nikko/Downloads/moi-main/project_root/data/visualizations/video/pushups_video5/frame_00142.png,"[14, 128, 507, 347]",RIGHT_WRIST,0.2996979547144927,2.0352961000514203,0.9997627139091492,0.6576919853687286,0.28173140808939934,0.32257878009337515
00142,/Users/nikko/Downloads/moi-main/project_root/data/visualizations/video/pushups_video5/frame_00142.png,"[14, 128, 507, 347]",RIGHT_KNEE,-1.0711362690506117,1.0271413804589362,0.9795305728912354,0.6576919853687286,0.28173140808939934,0.32257878009337515
00142,/Users/nikko/Downloads/moi-main/project_root/data/visualizations/video/pushups_video5/frame_00142.png,"[14, 128, 507, 347]",LEFT_ANKLE,-1.7209575882326515,1.358609536602648,0.5619584321975708,0.6576919853687286,0.28173140808939934,0.32257878009337515
00142,/Users/nikko/Downloads/moi-main/project_root/data/visualizations/video/pushups_video5/frame_00142.png,"[14, 128, 507, 347]",RIGHT_ANKLE,-1.7914519926992918,1.4377035991815454,0.997156023979187,0.6576919853687286,0.28173140808939934,0.32257878009337515
00142,/Users/nikko/Downloads/moi-main/project_root/data/visualizations/video/pushups_video5/frame_00142.png,"[14, 128, 507, 347]",LEFT_EYE,0.8847397667555744,-0.08758009532734148,0.9999639987945557,0.6576919853687286,0.28173140808939934,0.32257878009337515
00142,/Users/nikko/Downloads/moi-main/project_root/data/visualizations/video/pushups_video5/frame_00142.png,"[14, 128, 507, 347]",RIGHT_EYE,0.8889705706262664,-0.09417704144226383,0.9999827146530151,0.6576919853687286,0.28173140808939934,0.32257878009337515
00143,/Users/nikko/Downloads/moi-main/project_root/data/visualizations/video/pushups_video5/frame_00143.png,"[14, 128, 507, 347]",LEFT_SHOULDER,0.38057595993320875,-0.29966919810280584,0.9999905824661255,0.6570657789707184,0.28190740942955017,0.32354531793714925
00143,/Users/nikko/Downloads/moi-main/project_root/data/visualizations/video/pushups_video5/frame_00143.png,"[14, 128, 507, 347]",RIGHT_SHOULDER,0.43482406419962266,-0.2748230693138362,0.9999877214431763,0.6570657789707184,0.28190740942955017,0.32354531793714925
00143,/Users/nikko/Downloads/moi-main/project_root/data/visualizations/video/pushups_video5/frame_00143.png,"[14, 128, 507, 347]",LEFT_HIP,-0.4171301357305071,0.23822491016041683,0.9987645149230957,0.6570657789707184,0.28190740942955017,0.32354531793714925
00143,/Users/nikko/Downloads/moi-main/project_root/data/visualizations/video/pushups_video5/frame_00143.png,"[14, 128, 507, 347]",RIGHT_HIP,-0.3982698884023243,0.33626735725622525,0.9995790123939514,0.6570657789707184,0.28190740942955017,0.32354531793714925
00143,/Users/nikko/Downloads/moi-main/project_root/data/visualizations/video/pushups_video5/frame_00143.png,"[14, 128, 507, 347]",LEFT_ELBOW,0.2370111537549573,0.7661831552479617,0.6784359812736511,0.6570657789707184,0.28190740942955017,0.32354531793714925
00143,/Users/nikko/Downloads/moi-main/project_root/data/visualizations/video/pushups_video5/frame_00143.png,"[14, 128, 507, 347]",RIGHT_ELBOW,0.3053508805403682,0.9492423439824299,0.9980050921440125,0.6570657789707184,0.28190740942955017,0.32354531793714925
00143,/Users/nikko/Downloads/moi-main/project_root/data/visualizations/video/pushups_video5/frame_00143.png,"[14, 128, 507, 347]",LEFT_WRIST,0.21651352812644448,1.7209992727638788,0.8671170473098755,0.6570657789707184,0.28190740942955017,0.32354531793714925
00143,/Users/nikko/Downloads/moi-main/project_root/data/visualizations/video/pushups_video5/frame_00143.png,"[14, 128, 507, 347]",RIGHT_WRIST,0.293586921705515,2.038951868419563,0.999677300453186,0.6570657789707184,0.28190740942955017,0.32354531793714925
00143,/Users/nikko/Downloads/moi-main/project_root/data/visualizations/video/pushups_video5/frame_00143.png,"[14, 128, 507, 347]",RIGHT_KNEE,-1.0688413332763165,1.0179834937332346,0.9816750884056091,0.6570657789707184,0.28190740942955017,0.32354531793714925
00143,/Users/nikko/Downloads/moi-main/project_root/data/visualizations/video/pushups_video5/frame_00143.png,"[14, 128, 507, 347]",LEFT_ANKLE,-1.7134314642705837,1.3513736486610894,0.5961452722549438,0.6570657789707184,0.28190740942955017,0.32354531793714925
00143,/Users/nikko/Downloads/moi-main/project_root/data/visualizations/video/pushups_video5/frame_00143.png,"[14, 128, 507, 347]",RIGHT_ANKLE,-1.7865223146344724,1.4341093351563328,0.9975861310958862,0.6570657789707184,0.28190740942955017,0.32354531793714925
00143,/Users/nikko/Downloads/moi-main/project_root/data/visualizations/video/pushups_video5/frame_00143.png,"[14, 128, 507, 347]",LEFT_EYE,0.8827542474059094,-0.0882777735899754,0.9999526739120483,0.6570657789707184,0.28190740942955017,0.32354531793714925
00143,/Users/nikko/Downloads/moi-main/project_root/data/visualizations/video/pushups_video5/frame_00143.png,"[14, 128, 507, 347]",RIGHT_EYE,0.88790826773763,-0.09529429331597342,0.9999772310256958,0.6570657789707184,0.28190740942955017,0.32354531793714925
00144,/Users/nikko/Downloads/moi-main/project_root/data/visualizations/video/pushups_video5/frame_00144.png,"[14, 128, 507, 347]",LEFT_SHOULDER,0.3846817226405774,-0.28243023490516456,0.9999911785125732,0.6571139842271805,0.2838513217866421,0.3215506120986942
00144,/Users/nikko/Downloads/moi-main/project_root/data/visualizations/video/pushups_video5/frame_00144.png,"[14, 128, 507, 347]",RIGHT_SHOULDER,0.43765032605279836,-0.28351856674926657,0.9999878406524658,0.6571139842271805,0.2838513217866421,0.3215506120986942
00144,/Users/nikko/Downloads/moi-main/project_root/data/visualizations/video/pushups_video5/frame_00144.png,"[14, 128, 507, 347]",LEFT_HIP,-0.42042562674965644,0.2355009348108547,0.9989205598831177,0.6571139842271805,0.2838513217866421,0.3215506120986942
00144,/Users/nikko/Downloads/moi-main/project_root/data/visualizations/video/pushups_video5/frame_00144.png,"[14, 128, 507, 347]",RIGHT_HIP,-0.4019064219437193,0.3304478668435764,0.9996261596679688,0.6571139842271805,0.2838513217866421,0.3215506120986942
00144,/Users/nikko/Downloads/moi-main/project_root/data/visualizations/video/pushups_video5/frame_00144.png,"[14, 128, 507, 347]",LEFT_ELBOW,0.24190352130563952,0.7864576582998585,0.6879925727844238,0.6571139842271805,0.2838513217866421,0.3215506120986942
00144,/Users/nikko/Downloads/moi-main/project_root/data/visualizations/video/pushups_video5/frame_00144.png,"[14, 128, 507, 347]",RIGHT_ELBOW,0.31031332223892405,0.9491445701683705,0.9980940222740173,0.6571139842271805,0.2838513217866421,0.3215506120986942
00144,/Users/nikko/Downloads/moi-main/project_root/data/visualizations/video/pushups_video5/frame_00144.png,"[14, 128, 507, 347]",LEFT_WRIST,0.22151526817369327,1.7397863048343063,0.871112048625946,0.6571139842271805,0.2838513217866421,0.3215506120986942
00144,/Users/nikko/Downloads/moi-main/project_root/data/visualizations/video/pushups_video5/frame_00144.png,"[14, 128, 507, 347]",RIGHT_WRIST,0.2955689166108952,2.0477156775285787,0.9996572732925415,0.6571139842271805,0.2838513217866421,0.3215506120986942
00144,/Users/nikko/Downloads/moi-main/project_root/data/visualizations/video/pushups_video5/frame_00144.png,"[14, 128, 507, 347]",RIGHT_KNEE,-1.0764751209181915,1.020501695150405,0.9836367964744568,0.6571139842271805,0.2838513217866421,0.3215506120986942
00144,/Users/nikko/Downloads/moi-main/project_root/data/visualizations/video/pushups_video5/frame_00144.png,"[14, 128, 507, 347]",LEFT_ANKLE,-1.721615530731066,1.352212265592241,0.6249379515647888,0.6571139842271805,0.2838513217866421,0.3215506120986942
00144,/Users/nikko/Downloads/moi-main/project_root/data/visualizations/video/pushups_video5/frame_00144.png,"[14, 128, 507, 347]",RIGHT_ANKLE,-1.7979490918813246,1.4390053978391524,0.997884213924408,0.6571139842271805,0.2838513217866421,0.3215506120986942
00144,/Users/nikko/Downloads/moi-main/project_root/data/visualizations/video/pushups_video5/frame_00144.png,"[14, 128, 507, 347]",LEFT_EYE,0.8917369422256981,-0.09351617071963812,0.9999570846557617,0.6571139842271805,0.2838513217866421,0.3215506120986942
00144,/Users/nikko/Downloads/moi-main/project_root/data/visualizations/video/pushups_video5/frame_00144.png,"[14, 128, 507, 347]",RIGHT_EYE,0.8973046041834496,-0.1033765452761915,0.9999790191650391,0.6571139842271805,0.2838513217866421,0.3215506120986942
00145,/Users/nikko/Downloads/moi-main/project_root/data/visualizations/video/pushups_video5/frame_00145.png,"[13, 128, 507, 347]",LEFT_SHOULDER,0.38375646601660607,-0.2801402453848014,0.9999905824661255,0.6571855396032333,0.2850808948278427,0.32061372894561757
00145,/Users/nikko/Downloads/moi-main/project_root/data/visualizations/video/pushups_video5/frame_00145.png,"[13, 128, 507, 347]",RIGHT_SHOULDER,0.4375065476597834,-0.2879101756814782,0.9999884366989136,0.6571855396032333,0.2850808948278427,0.32061372894561757
00145,/Users/nikko/Downloads/moi-main/project_root/data/visualizations/video/pushups_video5/frame_00145.png,"[13, 128, 507, 347]",LEFT_HIP,-0.4188619311554931,0.2395596513489339,0.9989690780639648,0.6571855396032333,0.2850808948278427,0.32061372894561757
00145,/Users/nikko/Downloads/moi-main/project_root/data/visualizations/video/pushups_video5/frame_00145.png,"[13, 128, 507, 347]",RIGHT_HIP,-0.4024010825208964,0.32849076971734575,0.999648928642273,0.6571855396032333,0.2850808948278427,0.32061372894561757
00145,/Users/nikko/Downloads/moi-main/project_root/data/visualizations/video/pushups_video5/frame_00145.png,"[13, 128, 507, 347]",LEFT_ELBOW,0.24605815709695059,0.7636095619966857,0.6665353178977966,0.6571855396032333,0.2850808948278427,0.32061372894561757
00145,/Users/nikko/Downloads/moi-main/project_root/data/visualizations/video/pushups_video5/frame_00145.png,"[13, 128, 507, 347]",RIGHT_ELBOW,0.31665503230278697,0.9518763237065039,0.9982824325561523,0.6571855396032333,0.2850808948278427,0.32061372894561757
00145,/Users/nikko/Downloads/moi-main/project_root/data/visualizations/video/pushups_video5/frame_00145.png,"[13, 128, 507, 347]",LEFT_WRIST,0.21889142668377723,1.7085468245634217,0.8682022094726562,0.6571855396032333,0.2850808948278427,0.32061372894561757
00145,/Users/nikko/Downloads/moi-main/project_root/data/visualizations/video/pushups_video5/frame_00145.png,"[13, 128, 507, 347]",RIGHT_WRIST,0.30050688085942384,2.0502170279640173,0.9997146725654602,0.6571855396032333,0.2850808948278427,0.32061372894561757
00145,/Users/nikko/Downloads/moi-main/project_root/data/visualizations/video/pushups_video5/frame_00145.png,"[13, 128, 507, 347]",RIGHT_KNEE,-1.0725390495286027,1.017134108166183,0.9821333289146423,0.6571855396032333,0.2850808948278427,0.32061372894561757
00145,/Users/nikko/Downloads/moi-main/project_root/data/visualizations/video/pushups_video5/frame_00145.png,"[13, 128, 507, 347]",LEFT_ANKLE,-1.728024587597149,1.3552482640793142,0.6190490126609802,0.6571855396032333,0.2850808948278427,0.32061372894561757
00145,/Users/nikko/Downloads/moi-main/project_root/data/visualizations/video/pushups_video5/frame_00145.png,"[13, 128, 507, 347]",RIGHT_ANKLE,-1.7976088221367255,1.4433440979767318,0.9977397918701172,0.6571855396032333,0.2850808948278427,0.32061372894561757
00145,/Users/nikko/Downloads/moi-main/project_root/data/visualizations/video/pushups_video5/frame_00145.png,"[13, 128, 507, 347]",LEFT_EYE,0.897014884269513,-0.09795299935478213,0.9999557733535767,0.6571855396032333,0.2850808948278427,0.32061372894561757
00145,/Users/nikko/Downloads/moi-main/project_root/data/visualizations/video/pushups_video5/frame_00145.png,"[13, 128, 507, 347]",RIGHT_EYE,0.9023976633866213,-0.1105104314758621,0.9999790191650391,0.6571855396032333,0.2850808948278427,0.32061372894561757
