frame_id,image_path,bbox,landmark,x_norm,y_norm,visibility,center_x,center_y,unit_length
00000,/Users/nikko/Downloads/moi-main/project_root/data/visualizations/video/pushups_video3/frame_00000.png,"[50, 61, 528, 282]",LEFT_SHOULDER,0.411393526104664,-0.3392077589922642,0.9999681711196899,0.6660023331642151,0.34790506958961487,0.34811558312638424
00000,/Users/nikko/Downloads/moi-main/project_root/data/visualizations/video/pushups_video3/frame_00000.png,"[50, 61, 528, 282]",RIGHT_SHOULDER,0.4092248428646178,-0.2321684476148586,0.9999324083328247,0.6660023331642151,0.34790506958961487,0.34811558312638424
00000,/Users/nikko/Downloads/moi-main/project_root/data/visualizations/video/pushups_video3/frame_00000.png,"[50, 61, 528, 282]",LEFT_HIP,-0.39426561995948944,0.31423579782303973,0.9993494153022766,0.6660023331642151,0.34790506958961487,0.34811558312638424
00000,/Users/nikko/Downloads/moi-main/project_root/data/visualizations/video/pushups_video3/frame_00000.png,"[50, 61, 528, 282]",RIGHT_HIP,-0.42635274900979236,0.2571404087840831,0.9996967315673828,0.6660023331642151,0.34790506958961487,0.34811558312638424
00000,/Users/nikko/Downloads/moi-main/project_root/data/visualizations/video/pushups_video3/frame_00000.png,"[50, 61, 528, 282]",RIGHT_ELBOW,0.2826917812974033,0.8278970527586378,0.9937793612480164,0.6660023331642151,0.34790506958961487,0.34811558312638424
00000,/Users/nikko/Downloads/moi-main/project_root/data/visualizations/video/pushups_video3/frame_00000.png,"[50, 61, 528, 282]",RIGHT_WRIST,0.22521825101925186,1.7719807193908306,0.9871371984481812,0.6660023331642151,0.34790506958961487,0.34811558312638424
00000,/Users/nikko/Downloads/moi-main/project_root/data/visualizations/video/pushups_video3/frame_00000.png,"[50, 61, 528, 282]",RIGHT_KNEE,-1.0129474068834385,0.8557130777963913,0.9824059009552002,0.6660023331642151,0.34790506958961487,0.34811558312638424
00000,/Users/nikko/Downloads/moi-main/project_root/data/visualizations/video/pushups_video3/frame_00000.png,"[50, 61, 528, 282]",LEFT_ANKLE,-1.4864308341154966,1.1251811306874115,0.5435864329338074,0.6660023331642151,0.34790506958961487,0.34811558312638424
00000,/Users/nikko/Downloads/moi-main/project_root/data/visualizations/video/pushups_video3/frame_00000.png,"[50, 61, 528, 282]",RIGHT_ANKLE,-1.6399555779556452,1.156983005807672,0.9969252943992615,0.6660023331642151,0.34790506958961487,0.34811558312638424
00000,/Users/nikko/Downloads/moi-main/project_root/data/visualizations/video/pushups_video3/frame_00000.png,"[50, 61, 528, 282]",LEFT_EYE,0.7943953826860989,-0.308950895179169,0.999735414981842,0.6660023331642151,0.34790506958961487,0.34811558312638424
00000,/Users/nikko/Downloads/moi-main/project_root/data/visualizations/video/pushups_video3/frame_00000.png,"[50, 61, 528, 282]",RIGHT_EYE,0.7887870438634467,-0.3277968741019714,0.9998202919960022,0.6660023331642151,0.34790506958961487,0.34811558312638424
00001,/Users/nikko/Downloads/moi-main/project_root/data/visualizations/video/pushups_video3/frame_00001.png,"[49, 60, 528, 282]",LEFT_SHOULDER,0.4102887560479837,-0.3440731966874329,0.9999723434448242,0.6666845381259918,0.3559258468449116,0.34916778145703087
00001,/Users/nikko/Downloads/moi-main/project_root/data/visualizations/video/pushups_video3/frame_00001.png,"[49, 60, 528, 282]",RIGHT_SHOULDER,0.4064489204423534,-0.23264614004524203,0.9999330043792725,0.6666845381259918,0.3559258468449116,0.34916778145703087
00001,/Users/nikko/Downloads/moi-main/project_root/data/visualizations/video/pushups_video3/frame_00001.png,"[49, 60, 528, 282]",LEFT_HIP,-0.3927172490654305,0.3092935494008201,0.9994914531707764,0.6666845381259918,0.3559258468449116,0.34916778145703087
00001,/Users/nikko/Downloads/moi-main/project_root/data/visualizations/video/pushups_video3/frame_00001.png,"[49, 60, 528, 282]",RIGHT_HIP,-0.42402042742490664,0.2674257873318549,0.999743640422821,0.6666845381259918,0.3559258468449116,0.34916778145703087
00001,/Users/nikko/Downloads/moi-main/project_root/data/visualizations/video/pushups_video3/frame_00001.png,"[49, 60, 528, 282]",RIGHT_ELBOW,0.2800201054282725,0.8158425320986439,0.9938979744911194,0.6666845381259918,0.3559258468449116,0.34916778145703087
00001,/Users/nikko/Downloads/moi-main/project_root/data/visualizations/video/pushups_video3/frame_00001.png,"[49, 60, 528, 282]",RIGHT_WRIST,0.2233652036997484,1.7381227692305323,0.9871058464050293,0.6666845381259918,0.3559258468449116,0.34916778145703087
00001,/Users/nikko/Downloads/moi-main/project_root/data/visualizations/video/pushups_video3/frame_00001.png,"[49, 60, 528, 282]",RIGHT_KNEE,-1.0220718356663945,0.8537460147033273,0.9784060716629028,0.6666845381259918,0.3559258468449116,0.34916778145703087
00001,/Users/nikko/Downloads/moi-main/project_root/data/visualizations/video/pushups_video3/frame_00001.png,"[49, 60, 528, 282]",LEFT_ANKLE,-1.516609382754915,1.1010654662592985,0.5589409470558167,0.6666845381259918,0.3559258468449116,0.34916778145703087
00001,/Users/nikko/Downloads/moi-main/project_root/data/visualizations/video/pushups_video3/frame_00001.png,"[49, 60, 528, 282]",RIGHT_ANKLE,-1.623858864183325,1.1174613287226032,0.996095597743988,0.6666845381259918,0.3559258468449116,0.34916778145703087
00001,/Users/nikko/Downloads/moi-main/project_root/data/visualizations/video/pushups_video3/frame_00001.png,"[49, 60, 528, 282]",LEFT_EYE,0.7895794687122655,-0.3275608708186894,0.9998134970664978,0.6666845381259918,0.3559258468449116,0.34916778145703087
00001,/Users/nikko/Downloads/moi-main/project_root/data/visualizations/video/pushups_video3/frame_00001.png,"[49, 60, 528, 282]",RIGHT_EYE,0.7828886908798355,-0.34870552970566826,0.9998698234558105,0.6666845381259918,0.3559258468449116,0.34916778145703087
00002,/Users/nikko/Downloads/moi-main/project_root/data/visualizations/video/pushups_video3/frame_00002.png,"[50, 60, 528, 282]",LEFT_SHOULDER,0.41201013911684703,-0.3368732388105723,0.9999802112579346,0.6653461903333664,0.3527582325041294,0.3486249555010592
00002,/Users/nikko/Downloads/moi-main/project_root/data/visualizations/video/pushups_video3/frame_00002.png,"[50, 60, 528, 282]",RIGHT_SHOULDER,0.40891300529705393,-0.2339520112740972,0.9999542236328125,0.6653461903333664,0.3527582325041294,0.3486249555010592
00002,/Users/nikko/Downloads/moi-main/project_root/data/visualizations/video/pushups_video3/frame_00002.png,"[50, 60, 528, 282]",LEFT_HIP,-0.39638316275307,0.3070006650418229,0.999537467956543,0.6653461903333664,0.3527582325041294,0.3486249555010592
00002,/Users/nikko/Downloads/moi-main/project_root/data/visualizations/video/pushups_video3/frame_00002.png,"[50, 60, 528, 282]",RIGHT_HIP,-0.4245399816608309,0.2638245850428466,0.9997738003730774,0.6653461903333664,0.3527582325041294,0.3486249555010592
00002,/Users/nikko/Downloads/moi-main/project_root/data/visualizations/video/pushups_video3/frame_00002.png,"[50, 60, 528, 282]",RIGHT_ELBOW,0.28289667398311547,0.8006450710584311,0.9944983124732971,0.6653461903333664,0.3527582325041294,0.3486249555010592
00002,/Users/nikko/Downloads/moi-main/project_root/data/visualizations/video/pushups_video3/frame_00002.png,"[50, 60, 528, 282]",RIGHT_WRIST,0.2258367491610578,1.750600384048994,0.9913325905799866,0.6653461903333664,0.3527582325041294,0.3486249555010592
00002,/Users/nikko/Downloads/moi-main/project_root/data/visualizations/video/pushups_video3/frame_00002.png,"[50, 60, 528, 282]",RIGHT_KNEE,-1.0270512487459964,0.8446825013297848,0.969691276550293,0.6653461903333664,0.3527582325041294,0.3486249555010592
00002,/Users/nikko/Downloads/moi-main/project_root/data/visualizations/video/pushups_video3/frame_00002.png,"[50, 60, 528, 282]",RIGHT_ANKLE,-1.6226467519332524,1.1517437861623878,0.9940909743309021,0.6653461903333664,0.3527582325041294,0.3486249555010592
00002,/Users/nikko/Downloads/moi-main/project_root/data/visualizations/video/pushups_video3/frame_00002.png,"[50, 60, 528, 282]",LEFT_EYE,0.7977781171986579,-0.31711240518235567,0.9997896552085876,0.6653461903333664,0.3527582325041294,0.3486249555010592
00002,/Users/nikko/Downloads/moi-main/project_root/data/visualizations/video/pushups_video3/frame_00002.png,"[50, 60, 528, 282]",RIGHT_EYE,0.7909280060408421,-0.33428542663853866,0.999855637550354,0.6653461903333664,0.3527582325041294,0.3486249555010592
00003,/Users/nikko/Downloads/moi-main/project_root/data/visualizations/video/pushups_video3/frame_00003.png,"[50, 60, 529, 282]",LEFT_SHOULDER,0.40481188059005874,-0.3496812181901596,0.9999586343765259,0.6659341752529144,0.35142796486616135,0.3496988601975509
00003,/Users/nikko/Downloads/moi-main/project_root/data/visualizations/video/pushups_video3/frame_00003.png,"[50, 60, 529, 282]",RIGHT_SHOULDER,0.40276636250759956,-0.23995360128934487,0.9999234676361084,0.6659341752529144,0.35142796486616135,0.3496988601975509
00003,/Users/nikko/Downloads/moi-main/project_root/data/visualizations/video/pushups_video3/frame_00003.png,"[50, 60, 529, 282]",LEFT_HIP,-0.3875735202612798,0.3220306322134523,0.9992607235908508,0.6659341752529144,0.35142796486616135,0.3496988601975509
00003,/Users/nikko/Downloads/moi-main/project_root/data/visualizations/video/pushups_video3/frame_00003.png,"[50, 60, 529, 282]",RIGHT_HIP,-0.4200047228363785,0.26760418726605223,0.9996469020843506,0.6659341752529144,0.35142796486616135,0.3496988601975509
00003,/Users/nikko/Downloads/moi-main/project_root/data/visualizations/video/pushups_video3/frame_00003.png,"[50, 60, 529, 282]",RIGHT_ELBOW,0.2819239856570169,0.7805270078956537,0.9945803284645081,0.6659341752529144,0.35142796486616135,0.3496988601975509
00003,/Users/nikko/Downloads/moi-main/project_root/data/visualizations/video/pushups_video3/frame_00003.png,"[50, 60, 529, 282]",RIGHT_WRIST,0.2223411340943683,1.7448097306341273,0.9888794422149658,0.6659341752529144,0.35142796486616135,0.3496988601975509
00003,/Users/nikko/Downloads/moi-main/project_root/data/visualizations/video/pushups_video3/frame_00003.png,"[50, 60, 529, 282]",RIGHT_KNEE,-1.0162464839083207,0.8415727943555398,0.9715378880500793,0.6659341752529144,0.35142796486616135,0.3496988601975509
00003,/Users/nikko/Downloads/moi-main/project_root/data/visualizations/video/pushups_video3/frame_00003.png,"[50, 60, 529, 282]",LEFT_ANKLE,-1.4916831105012343,1.1428375020435348,0.5121933817863464,0.6659341752529144,0.35142796486616135,0.3496988601975509
00003,/Users/nikko/Downloads/moi-main/project_root/data/visualizations/video/pushups_video3/frame_00003.png,"[50, 60, 529, 282]",RIGHT_ANKLE,-1.6107449270111445,1.1251159283355565,0.9953255653381348,0.6659341752529144,0.35142796486616135,0.3496988601975509
00003,/Users/nikko/Downloads/moi-main/project_root/data/visualizations/video/pushups_video3/frame_00003.png,"[50, 60, 529, 282]",LEFT_EYE,0.7939544381572362,-0.3017975846645011,0.9996005892753601,0.6659341752529144,0.35142796486616135,0.3496988601975509
00003,/Users/nikko/Downloads/moi-main/project_root/data/visualizations/video/pushups_video3/frame_00003.png,"[50, 60, 529, 282]",RIGHT_EYE,0.791075100021499,-0.3178405245223753,0.9997428059577942,0.6659341752529144,0.35142796486616135,0.3496988601975509
00004,/Users/nikko/Downloads/moi-main/project_root/data/visualizations/video/pushups_video3/frame_00004.png,"[51, 61, 530, 282]",LEFT_SHOULDER,0.41562061609199735,-0.329396801439979,0.9999703168869019,0.6641936004161835,0.3538014031946659,0.345339222903851
00004,/Users/nikko/Downloads/moi-main/project_root/data/visualizations/video/pushups_video3/frame_00004.png,"[51, 61, 530, 282]",RIGHT_SHOULDER,0.40118957662764226,-0.24718629655826543,0.9999253749847412,0.6641936004161835,0.3538014031946659,0.345339222903851
00004,/Users/nikko/Downloads/moi-main/project_root/data/visualizations/video/pushups_video3/frame_00004.png,"[51, 61, 530, 282]",LEFT_HIP,-0.38896709322631584,0.3342194526829161,0.9994469285011292,0.6641936004161835,0.3538014031946659,0.345339222903851
00004,/Users/nikko/Downloads/moi-main/project_root/data/visualizations/video/pushups_video3/frame_00004.png,"[51, 61, 530, 282]",RIGHT_HIP,-0.4278430994933238,0.2423636453153284,0.9997119307518005,0.6641936004161835,0.3538014031946659,0.345339222903851
00004,/Users/nikko/Downloads/moi-main/project_root/data/visualizations/video/pushups_video3/frame_00004.png,"[51, 61, 530, 282]",RIGHT_ELBOW,0.2789291875542823,0.798440729172839,0.9919694066047668,0.6641936004161835,0.3538014031946659,0.345339222903851
00004,/Users/nikko/Downloads/moi-main/project_root/data/visualizations/video/pushups_video3/frame_00004.png,"[51, 61, 530, 282]",RIGHT_WRIST,0.22432231096087896,1.7522512997387918,0.9820064902305603,0.6641936004161835,0.3538014031946659,0.345339222903851
00004,/Users/nikko/Downloads/moi-main/project_root/data/visualizations/video/pushups_video3/frame_00004.png,"[51, 61, 530, 282]",RIGHT_KNEE,-1.025731639542972,0.8413446404760223,0.97718346118927,0.6641936004161835,0.3538014031946659,0.345339222903851
00004,/Users/nikko/Downloads/moi-main/project_root/data/visualizations/video/pushups_video3/frame_00004.png,"[51, 61, 530, 282]",RIGHT_ANKLE,-1.6455571338794972,1.150967251450009,0.9957233667373657,0.6641936004161835,0.3538014031946659,0.345339222903851
00004,/Users/nikko/Downloads/moi-main/project_root/data/visualizations/video/pushups_video3/frame_00004.png,"[51, 61, 530, 282]",LEFT_EYE,0.7996164733066391,-0.31761029901827204,0.999612033367157,0.6641936004161835,0.3538014031946659,0.345339222903851
00004,/Users/nikko/Downloads/moi-main/project_root/data/visualizations/video/pushups_video3/frame_00004.png,"[51, 61, 530, 282]",RIGHT_EYE,0.7940691935422017,-0.3362796397239315,0.9997231364250183,0.6641936004161835,0.3538014031946659,0.345339222903851
00005,/Users/nikko/Downloads/moi-main/project_root/data/visualizations/video/pushups_video3/frame_00005.png,"[51, 61, 531, 282]",LEFT_SHOULDER,0.4009769281918467,-0.3468272057561259,0.9999759197235107,0.6608143150806427,0.3502176031470299,0.35077664603509395
00005,/Users/nikko/Downloads/moi-main/project_root/data/visualizations/video/pushups_video3/frame_00005.png,"[51, 61, 531, 282]",RIGHT_SHOULDER,0.4068980277727905,-0.24242190424034582,0.9999454021453857,0.6608143150806427,0.3502176031470299,0.35077664603509395
00005,/Users/nikko/Downloads/moi-main/project_root/data/visualizations/video/pushups_video3/frame_00005.png,"[51, 61, 531, 282]",LEFT_HIP,-0.3874244648021511,0.3231891536388221,0.9995391368865967,0.6608143150806427,0.3502176031470299,0.35077664603509395
00005,/Users/nikko/Downloads/moi-main/project_root/data/visualizations/video/pushups_video3/frame_00005.png,"[51, 61, 531, 282]",RIGHT_HIP,-0.4204504911624861,0.26605995635764956,0.9997734427452087,0.6608143150806427,0.3502176031470299,0.35077664603509395
00005,/Users/nikko/Downloads/moi-main/project_root/data/visualizations/video/pushups_video3/frame_00005.png,"[51, 61, 531, 282]",RIGHT_ELBOW,0.2833370872178394,0.7850314375528676,0.9952489733695984,0.6608143150806427,0.3502176031470299,0.35077664603509395
00005,/Users/nikko/Downloads/moi-main/project_root/data/visualizations/video/pushups_video3/frame_00005.png,"[51, 61, 531, 282]",RIGHT_WRIST,0.22168363358321394,1.7203065501641694,0.9896844625473022,0.6608143150806427,0.3502176031470299,0.35077664603509395
00005,/Users/nikko/Downloads/moi-main/project_root/data/visualizations/video/pushups_video3/frame_00005.png,"[51, 61, 531, 282]",RIGHT_KNEE,-1.0107545189823348,0.8496418726174301,0.979009747505188,0.6608143150806427,0.3502176031470299,0.35077664603509395
00005,/Users/nikko/Downloads/moi-main/project_root/data/visualizations/video/pushups_video3/frame_00005.png,"[51, 61, 531, 282]",LEFT_ANKLE,-1.5085666417370591,1.130022233288228,0.5578189492225647,0.6608143150806427,0.3502176031470299,0.35077664603509395
00005,/Users/nikko/Downloads/moi-main/project_root/data/visualizations/video/pushups_video3/frame_00005.png,"[51, 61, 531, 282]",RIGHT_ANKLE,-1.6015126631607346,1.151751170038867,0.9963870048522949,0.6608143150806427,0.3502176031470299,0.35077664603509395
00005,/Users/nikko/Downloads/moi-main/project_root/data/visualizations/video/pushups_video3/frame_00005.png,"[51, 61, 531, 282]",LEFT_EYE,0.7968185607691181,-0.30931613252773954,0.9997984766960144,0.6608143150806427,0.3502176031470299,0.35077664603509395
00005,/Users/nikko/Downloads/moi-main/project_root/data/visualizations/video/pushups_video3/frame_00005.png,"[51, 61, 531, 282]",RIGHT_EYE,0.7951142438088682,-0.32068692577467467,0.9998592138290405,0.6608143150806427,0.3502176031470299,0.35077664603509395
00006,/Users/nikko/Downloads/moi-main/project_root/data/visualizations/video/pushups_video3/frame_00006.png,"[51, 61, 530, 282]",LEFT_SHOULDER,0.406484884017567,-0.3420604364754838,0.9999634027481079,0.6636617183685303,0.3504560776054859,0.345870828901429
00006,/Users/nikko/Downloads/moi-main/project_root/data/visualizations/video/pushups_video3/frame_00006.png,"[51, 61, 530, 282]",RIGHT_SHOULDER,0.4057252441398576,-0.24128153167169863,0.9999290704727173,0.6636617183685303,0.3504560776054859,0.345870828901429
00006,/Users/nikko/Downloads/moi-main/project_root/data/visualizations/video/pushups_video3/frame_00006.png,"[51, 61, 530, 282]",LEFT_HIP,-0.3899989064174786,0.32384142269681104,0.9989872574806213,0.6636617183685303,0.3504560776054859,0.345870828901429
00006,/Users/nikko/Downloads/moi-main/project_root/data/visualizations/video/pushups_video3/frame_00006.png,"[51, 61, 530, 282]",RIGHT_HIP,-0.422211221739946,0.2595005454503714,0.9995473027229309,0.6636617183685303,0.3504560776054859,0.345870828901429
00006,/Users/nikko/Downloads/moi-main/project_root/data/visualizations/video/pushups_video3/frame_00006.png,"[51, 61, 530, 282]",RIGHT_ELBOW,0.283671209714316,0.7982182591241751,0.9954728484153748,0.6636617183685303,0.3504560776054859,0.345870828901429
00006,/Users/nikko/Downloads/moi-main/project_root/data/visualizations/video/pushups_video3/frame_00006.png,"[51, 61, 530, 282]",RIGHT_WRIST,0.22765173237144995,1.768100191572126,0.9913707971572876,0.6636617183685303,0.3504560776054859,0.345870828901429
00006,/Users/nikko/Downloads/moi-main/project_root/data/visualizations/video/pushups_video3/frame_00006.png,"[51, 61, 530, 282]",RIGHT_KNEE,-1.0177395032417849,0.8602412696838655,0.9858848452568054,0.6636617183685303,0.3504560776054859,0.345870828901429
00006,/Users/nikko/Downloads/moi-main/project_root/data/visualizations/video/pushups_video3/frame_00006.png,"[51, 61, 530, 282]",LEFT_ANKLE,-1.5283398568504103,1.136583023037279,0.6230008602142334,0.6636617183685303,0.3504560776054859,0.345870828901429
00006,/Users/nikko/Downloads/moi-main/project_root/data/visualizations/video/pushups_video3/frame_00006.png,"[51, 61, 530, 282]",RIGHT_ANKLE,-1.6416306318790828,1.2000565528462164,0.997799813747406,0.6636617183685303,0.3504560776054859,0.345870828901429
00006,/Users/nikko/Downloads/moi-main/project_root/data/visualizations/video/pushups_video3/frame_00006.png,"[51, 61, 530, 282]",LEFT_EYE,0.8038554681593868,-0.3058817687221203,0.9996944665908813,0.6636617183685303,0.3504560776054859,0.345870828901429
00006,/Users/nikko/Downloads/moi-main/project_root/data/visualizations/video/pushups_video3/frame_00006.png,"[51, 61, 530, 282]",RIGHT_EYE,0.799280740347755,-0.32325732460005263,0.999804675579071,0.6636617183685303,0.3504560776054859,0.345870828901429
00007,/Users/nikko/Downloads/moi-main/project_root/data/visualizations/video/pushups_video3/frame_00007.png,"[50, 61, 530, 282]",LEFT_SHOULDER,0.41379416771307054,-0.3331578139888624,0.9999653100967407,0.6643773466348648,0.35275401920080185,0.34095514913981206
00007,/Users/nikko/Downloads/moi-main/project_root/data/visualizations/video/pushups_video3/frame_00007.png,"[50, 61, 530, 282]",RIGHT_SHOULDER,0.4048236249606858,-0.24100285524456042,0.999919056892395,0.6643773466348648,0.35275401920080185,0.34095514913981206
00007,/Users/nikko/Downloads/moi-main/project_root/data/visualizations/video/pushups_video3/frame_00007.png,"[50, 61, 530, 282]",LEFT_HIP,-0.38914632796143156,0.3333311884241954,0.9995055198669434,0.6643773466348648,0.35275401920080185,0.34095514913981206
00007,/Users/nikko/Downloads/moi-main/project_root/data/visualizations/video/pushups_video3/frame_00007.png,"[50, 61, 530, 282]",RIGHT_HIP,-0.42947146471232484,0.24082948080922742,0.9997575879096985,0.6643773466348648,0.35275401920080185,0.34095514913981206
00007,/Users/nikko/Downloads/moi-main/project_root/data/visualizations/video/pushups_video3/frame_00007.png,"[50, 61, 530, 282]",RIGHT_ELBOW,0.2839125472436274,0.8112012171787243,0.9929210543632507,0.6643773466348648,0.35275401920080185,0.34095514913981206
00007,/Users/nikko/Downloads/moi-main/project_root/data/visualizations/video/pushups_video3/frame_00007.png,"[50, 61, 530, 282]",RIGHT_WRIST,0.23286345651131996,1.798808955621206,0.9854115843772888,0.6643773466348648,0.35275401920080185,0.34095514913981206
00007,/Users/nikko/Downloads/moi-main/project_root/data/visualizations/video/pushups_video3/frame_00007.png,"[50, 61, 530, 282]",RIGHT_KNEE,-1.0095374848599474,0.8540893411707742,0.9857214689254761,0.6643773466348648,0.35275401920080185,0.34095514913981206
00007,/Users/nikko/Downloads/moi-main/project_root/data/visualizations/video/pushups_video3/frame_00007.png,"[50, 61, 530, 282]",LEFT_ANKLE,-1.501573957518328,1.1615427452891691,0.6185516119003296,0.6643773466348648,0.35275401920080185,0.34095514913981206
00007,/Users/nikko/Downloads/moi-main/project_root/data/visualizations/video/pushups_video3/frame_00007.png,"[50, 61, 530, 282]",RIGHT_ANKLE,-1.6364124173390688,1.1414381286407835,0.9975443482398987,0.6643773466348648,0.35275401920080185,0.34095514913981206
00007,/Users/nikko/Downloads/moi-main/project_root/data/visualizations/video/pushups_video3/frame_00007.png,"[50, 61, 530, 282]",LEFT_EYE,0.8096201970412428,-0.31993721569365113,0.9994049072265625,0.6643773466348648,0.35275401920080185,0.34095514913981206
00007,/Users/nikko/Downloads/moi-main/project_root/data/visualizations/video/pushups_video3/frame_00007.png,"[50, 61, 530, 282]",RIGHT_EYE,0.8048695539556121,-0.33619735148030166,0.99959796667099,0.6643773466348648,0.35275401920080185,0.34095514913981206
00008,/Users/nikko/Downloads/moi-main/project_root/data/visualizations/video/pushups_video3/frame_00008.png,"[50, 61, 530, 282]",LEFT_SHOULDER,0.4096495389121777,-0.3334239668021143,0.9999575614929199,0.6647603064775467,0.34964998438954353,0.3507382996933508
00008,/Users/nikko/Downloads/moi-main/project_root/data/visualizations/video/pushups_video3/frame_00008.png,"[50, 61, 530, 282]",RIGHT_SHOULDER,0.40325161867231274,-0.24896357688145931,0.9999207258224487,0.6647603064775467,0.34964998438954353,0.3507382996933508
00008,/Users/nikko/Downloads/moi-main/project_root/data/visualizations/video/pushups_video3/frame_00008.png,"[50, 61, 530, 282]",LEFT_HIP,-0.3910581323226881,0.3151157873115347,0.9991856217384338,0.6647603064775467,0.34964998438954353,0.3507382996933508
00008,/Users/nikko/Downloads/moi-main/project_root/data/visualizations/video/pushups_video3/frame_00008.png,"[50, 61, 530, 282]",RIGHT_HIP,-0.4218430252618024,0.2672717563720389,0.9996321201324463,0.6647603064775467,0.34964998438954353,0.3507382996933508
00008,/Users/nikko/Downloads/moi-main/project_root/data/visualizations/video/pushups_video3/frame_00008.png,"[50, 61, 530, 282]",RIGHT_ELBOW,0.2763261122817791,0.7912844169676913,0.9945501685142517,0.6647603064775467,0.34964998438954353,0.3507382996933508
00008,/Users/nikko/Downloads/moi-main/project_root/data/visualizations/video/pushups_video3/frame_00008.png,"[50, 61, 530, 282]",RIGHT_WRIST,0.21516656278952148,1.7303481330326838,0.9858344197273254,0.6647603064775467,0.34964998438954353,0.3507382996933508
00008,/Users/nikko/Downloads/moi-main/project_root/data/visualizations/video/pushups_video3/frame_00008.png,"[50, 61, 530, 282]",RIGHT_KNEE,-1.0097660623504214,0.831431672365758,0.9894469976425171,0.6647603064775467,0.34964998438954353,0.3507382996933508
00008,/Users/nikko/Downloads/moi-main/project_root/data/visualizations/video/pushups_video3/frame_00008.png,"[50, 61, 530, 282]",LEFT_ANKLE,-1.507897038509953,1.118410207986772,0.6655861139297485,0.6647603064775467,0.34964998438954353,0.3507382996933508
00008,/Users/nikko/Downloads/moi-main/project_root/data/visualizations/video/pushups_video3/frame_00008.png,"[50, 61, 530, 282]",RIGHT_ANKLE,-1.6212920516052836,1.1644695237127354,0.9981454610824585,0.6647603064775467,0.34964998438954353,0.3507382996933508
00008,/Users/nikko/Downloads/moi-main/project_root/data/visualizations/video/pushups_video3/frame_00008.png,"[50, 61, 530, 282]",LEFT_EYE,0.7856087545075076,-0.30436061369273576,0.9996466636657715,0.6647603064775467,0.34964998438954353,0.3507382996933508
00008,/Users/nikko/Downloads/moi-main/project_root/data/visualizations/video/pushups_video3/frame_00008.png,"[50, 61, 530, 282]",RIGHT_EYE,0.7817059008040244,-0.3212623442977131,0.9997726082801819,0.6647603064775467,0.34964998438954353,0.3507382996933508
00009,/Users/nikko/Downloads/moi-main/project_root/data/visualizations/video/pushups_video3/frame_00009.png,"[50, 61, 530, 282]",LEFT_SHOULDER,0.41072394616151486,-0.33753008521520894,0.9999698400497437,0.6644743829965591,0.3502000719308853,0.3504326379694339
00009,/Users/nikko/Downloads/moi-main/project_root/data/visualizations/video/pushups_video3/frame_00009.png,"[50, 61, 530, 282]",RIGHT_SHOULDER,0.4015076879503255,-0.24579901822893666,0.9999351501464844,0.6644743829965591,0.3502000719308853,0.3504326379694339
00009,/Users/nikko/Downloads/moi-main/project_root/data/visualizations/video/pushups_video3/frame_00009.png,"[50, 61, 530, 282]",LEFT_HIP,-0.39069625251972784,0.31990676595883066,0.9993051290512085,0.6644743829965591,0.3502000719308853,0.3504326379694339
00009,/Users/nikko/Downloads/moi-main/project_root/data/visualizations/video/pushups_video3/frame_00009.png,"[50, 61, 530, 282]",RIGHT_HIP,-0.4215353815921125,0.2634223374853149,0.9996775388717651,0.6644743829965591,0.3502000719308853,0.3504326379694339
00009,/Users/nikko/Downloads/moi-main/project_root/data/visualizations/video/pushups_video3/frame_00009.png,"[50, 61, 530, 282]",RIGHT_ELBOW,0.27716754849505254,0.7800216323418893,0.9950742125511169,0.6644743829965591,0.3502000719308853,0.3504326379694339
00009,/Users/nikko/Downloads/moi-main/project_root/data/visualizations/video/pushups_video3/frame_00009.png,"[50, 61, 530, 282]",RIGHT_WRIST,0.21819523206628968,1.7302599508779046,0.9888594150543213,0.6644743829965591,0.3502000719308853,0.3504326379694339
00009,/Users/nikko/Downloads/moi-main/project_root/data/visualizations/video/pushups_video3/frame_00009.png,"[50, 61, 530, 282]",RIGHT_KNEE,-1.006767522869531,0.8268518241065906,0.990317702293396,0.6644743829965591,0.3502000719308853,0.3504326379694339
00009,/Users/nikko/Downloads/moi-main/project_root/data/visualizations/video/pushups_video3/frame_00009.png,"[50, 61, 530, 282]",LEFT_ANKLE,-1.5004274600409808,1.1210048165723057,0.6852684617042542,0.6644743829965591,0.3502000719308853,0.3504326379694339
00009,/Users/nikko/Downloads/moi-main/project_root/data/visualizations/video/pushups_video3/frame_00009.png,"[50, 61, 530, 282]",RIGHT_ANKLE,-1.6204824689021116,1.1722687114428678,0.9982686042785645,0.6644743829965591,0.3502000719308853,0.3504326379694339
00009,/Users/nikko/Downloads/moi-main/project_root/data/visualizations/video/pushups_video3/frame_00009.png,"[50, 61, 530, 282]",LEFT_EYE,0.7860606329470066,-0.3083912482016626,0.9997410178184509,0.6644743829965591,0.3502000719308853,0.3504326379694339
00009,/Users/nikko/Downloads/moi-main/project_root/data/visualizations/video/pushups_video3/frame_00009.png,"[50, 61, 530, 282]",RIGHT_EYE,0.782102157772161,-0.32372751177893766,0.9998283386230469,0.6644743829965591,0.3502000719308853,0.3504326379694339
00010,/Users/nikko/Downloads/moi-main/project_root/data/visualizations/video/pushups_video3/frame_00010.png,"[54, 61, 530, 282]",LEFT_SHOULDER,0.4051496485910636,-0.3380799387889426,0.9999480247497559,0.6624206453561783,0.35182756558060646,0.3556155732674291
00010,/Users/nikko/Downloads/moi-main/project_root/data/visualizations/video/pushups_video3/frame_00010.png,"[54, 61, 530, 282]",RIGHT_SHOULDER,0.402287208923078,-0.25177125666204986,0.9998966455459595,0.6624206453561783,0.35182756558060646,0.3556155732674291
00010,/Users/nikko/Downloads/moi-main/project_root/data/visualizations/video/pushups_video3/frame_00010.png,"[54, 61, 530, 282]",LEFT_HIP,-0.3858590210300125,0.33762473160231127,0.999049961566925,0.6624206453561783,0.35182756558060646,0.3556155732674291
00010,/Users/nikko/Downloads/moi-main/project_root/data/visualizations/video/pushups_video3/frame_00010.png,"[54, 61, 530, 282]",RIGHT_HIP,-0.4215778364841291,0.2522264638486812,0.999537467956543,0.6624206453561783,0.35182756558060646,0.3556155732674291
00010,/Users/nikko/Downloads/moi-main/project_root/data/visualizations/video/pushups_video3/frame_00010.png,"[54, 61, 530, 282]",RIGHT_ELBOW,0.27565216064157644,0.7548404818954788,0.993026852607727,0.6624206453561783,0.35182756558060646,0.3556155732674291
00010,/Users/nikko/Downloads/moi-main/project_root/data/visualizations/video/pushups_video3/frame_00010.png,"[54, 61, 530, 282]",RIGHT_WRIST,0.22022008958900244,1.7074170930362704,0.9829707145690918,0.6624206453561783,0.35182756558060646,0.3556155732674291
00010,/Users/nikko/Downloads/moi-main/project_root/data/visualizations/video/pushups_video3/frame_00010.png,"[54, 61, 530, 282]",RIGHT_KNEE,-1.0035591875068628,0.8412086235886099,0.9713966846466064,0.6624206453561783,0.35182756558060646,0.3556155732674291
00010,/Users/nikko/Downloads/moi-main/project_root/data/visualizations/video/pushups_video3/frame_00010.png,"[54, 61, 530, 282]",LEFT_ANKLE,-1.5051455900480732,1.1128080218714806,0.5097221732139587,0.6624206453561783,0.35182756558060646,0.3556155732674291
00010,/Users/nikko/Downloads/moi-main/project_root/data/visualizations/video/pushups_video3/frame_00010.png,"[54, 61, 530, 282]",RIGHT_ANKLE,-1.6138941616245108,1.1255322852415939,0.9951964020729065,0.6624206453561783,0.35182756558060646,0.3556155732674291
00010,/Users/nikko/Downloads/moi-main/project_root/data/visualizations/video/pushups_video3/frame_00010.png,"[54, 61, 530, 282]",LEFT_EYE,0.7851461407607266,-0.3098707534141294,0.999538779258728,0.6624206453561783,0.35182756558060646,0.3556155732674291
00010,/Users/nikko/Downloads/moi-main/project_root/data/visualizations/video/pushups_video3/frame_00010.png,"[54, 61, 530, 282]",RIGHT_EYE,0.7825572402389029,-0.3276855350396769,0.9996994733810425,0.6624206453561783,0.35182756558060646,0.3556155732674291
00011,/Users/nikko/Downloads/moi-main/project_root/data/visualizations/video/pushups_video3/frame_00011.png,"[54, 61, 530, 282]",LEFT_SHOULDER,0.40917323055128374,-0.3377083908698184,0.9999713897705078,0.6622674465179443,0.35190945118665695,0.35180257802022896
00011,/Users/nikko/Downloads/moi-main/project_root/data/visualizations/video/pushups_video3/frame_00011.png,"[54, 61, 530, 282]",RIGHT_SHOULDER,0.4025857626408618,-0.2461706947549357,0.9999322891235352,0.6622674465179443,0.35190945118665695,0.35180257802022896
00011,/Users/nikko/Downloads/moi-main/project_root/data/visualizations/video/pushups_video3/frame_00011.png,"[54, 61, 530, 282]",LEFT_HIP,-0.38661444406593465,0.33566159287185465,0.9995583891868591,0.6622674465179443,0.35190945118665695,0.35180257802022896
00011,/Users/nikko/Downloads/moi-main/project_root/data/visualizations/video/pushups_video3/frame_00011.png,"[54, 61, 530, 282]",RIGHT_HIP,-0.4251445491262109,0.24821749275289948,0.9997743964195251,0.6622674465179443,0.35190945118665695,0.35180257802022896
00011,/Users/nikko/Downloads/moi-main/project_root/data/visualizations/video/pushups_video3/frame_00011.png,"[54, 61, 530, 282]",RIGHT_ELBOW,0.28037290828453415,0.7724422625287573,0.9943374991416931,0.6622674465179443,0.35190945118665695,0.35180257802022896
00011,/Users/nikko/Downloads/moi-main/project_root/data/visualizations/video/pushups_video3/frame_00011.png,"[54, 61, 530, 282]",RIGHT_WRIST,0.22196688380409565,1.7209927436331593,0.9869159460067749,0.6622674465179443,0.35190945118665695,0.35180257802022896
00011,/Users/nikko/Downloads/moi-main/project_root/data/visualizations/video/pushups_video3/frame_00011.png,"[54, 61, 530, 282]",RIGHT_KNEE,-1.0069372756882888,0.8388164106641208,0.9767541885375977,0.6622674465179443,0.35190945118665695,0.35180257802022896
00011,/Users/nikko/Downloads/moi-main/project_root/data/visualizations/video/pushups_video3/frame_00011.png,"[54, 61, 530, 282]",LEFT_ANKLE,-1.4801513139757094,1.103126340690604,0.5854196548461914,0.6622674465179443,0.35190945118665695,0.35180257802022896
00011,/Users/nikko/Downloads/moi-main/project_root/data/visualizations/video/pushups_video3/frame_00011.png,"[54, 61, 530, 282]",RIGHT_ANKLE,-1.614571764114442,1.1120061478111287,0.9964442849159241,0.6622674465179443,0.35190945118665695,0.35180257802022896
00011,/Users/nikko/Downloads/moi-main/project_root/data/visualizations/video/pushups_video3/frame_00011.png,"[54, 61, 530, 282]",LEFT_EYE,0.7947853480269029,-0.3159529820230137,0.9997149109840393,0.6622674465179443,0.35190945118665695,0.35180257802022896
00011,/Users/nikko/Downloads/moi-main/project_root/data/visualizations/video/pushups_video3/frame_00011.png,"[54, 61, 530, 282]",RIGHT_EYE,0.7917543097069665,-0.33104777311061884,0.9997990727424622,0.6622674465179443,0.35190945118665695,0.35180257802022896
00012,/Users/nikko/Downloads/moi-main/project_root/data/visualizations/video/pushups_video3/frame_00012.png,"[55, 61, 530, 282]",LEFT_SHOULDER,0.40657621796713644,-0.33851293625090584,0.9999507665634155,0.6617327928543091,0.3494487516582012,0.35110186198643334
00012,/Users/nikko/Downloads/moi-main/project_root/data/visualizations/video/pushups_video3/frame_00012.png,"[55, 61, 530, 282]",RIGHT_SHOULDER,0.40695835793822716,-0.24299097290637514,0.9999121427536011,0.6617327928543091,0.3494487516582012,0.35110186198643334
00012,/Users/nikko/Downloads/moi-main/project_root/data/visualizations/video/pushups_video3/frame_00012.png,"[55, 61, 530, 282]",LEFT_HIP,-0.39017967999830966,0.32208174509611776,0.9993556141853333,0.6617327928543091,0.3494487516582012,0.35110186198643334
00012,/Users/nikko/Downloads/moi-main/project_root/data/visualizations/video/pushups_video3/frame_00012.png,"[55, 61, 530, 282]",RIGHT_HIP,-0.42335489590705394,0.2594221640611632,0.9996877908706665,0.6617327928543091,0.3494487516582012,0.35110186198643334
00012,/Users/nikko/Downloads/moi-main/project_root/data/visualizations/video/pushups_video3/frame_00012.png,"[55, 61, 530, 282]",RIGHT_ELBOW,0.28243284507527017,0.7766990349997591,0.9939898252487183,0.6617327928543091,0.3494487516582012,0.35110186198643334
00012,/Users/nikko/Downloads/moi-main/project_root/data/visualizations/video/pushups_video3/frame_00012.png,"[55, 61, 530, 282]",RIGHT_WRIST,0.22053941139239583,1.7137055650561344,0.9853370785713196,0.6617327928543091,0.3494487516582012,0.35110186198643334
00012,/Users/nikko/Downloads/moi-main/project_root/data/visualizations/video/pushups_video3/frame_00012.png,"[55, 61, 530, 282]",RIGHT_KNEE,-1.0167929760950887,0.8487640806363755,0.9697157740592957,0.6617327928543091,0.3494487516582012,0.35110186198643334
00012,/Users/nikko/Downloads/moi-main/project_root/data/visualizations/video/pushups_video3/frame_00012.png,"[55, 61, 530, 282]",LEFT_ANKLE,-1.4894066649571434,1.1280970252797857,0.5125951170921326,0.6617327928543091,0.3494487516582012,0.35110186198643334
00012,/Users/nikko/Downloads/moi-main/project_root/data/visualizations/video/pushups_video3/frame_00012.png,"[55, 61, 530, 282]",RIGHT_ANKLE,-1.623318883440507,1.1185358865983859,0.9950749278068542,0.6617327928543091,0.3494487516582012,0.35110186198643334
00012,/Users/nikko/Downloads/moi-main/project_root/data/visualizations/video/pushups_video3/frame_00012.png,"[55, 61, 530, 282]",LEFT_EYE,0.7962496601183592,-0.30285003326914023,0.9996261596679688,0.6617327928543091,0.3494487516582012,0.35110186198643334
00012,/Users/nikko/Downloads/moi-main/project_root/data/visualizations/video/pushups_video3/frame_00012.png,"[55, 61, 530, 282]",RIGHT_EYE,0.794059018542635,-0.32009509683126075,0.9997561573982239,0.6617327928543091,0.3494487516582012,0.35110186198643334
00013,/Users/nikko/Downloads/moi-main/project_root/data/visualizations/video/pushups_video3/frame_00013.png,"[52, 61, 530, 282]",LEFT_SHOULDER,0.4036173066694541,-0.3429677101982737,0.999972939491272,0.6613042950630188,0.3510453402996063,0.35149874187771446
00013,/Users/nikko/Downloads/moi-main/project_root/data/visualizations/video/pushups_video3/frame_00013.png,"[52, 61, 530, 282]",RIGHT_SHOULDER,0.4090748393968929,-0.23922956678424745,0.9999454021453857,0.6613042950630188,0.3510453402996063,0.35149874187771446
00013,/Users/nikko/Downloads/moi-main/project_root/data/visualizations/video/pushups_video3/frame_00013.png,"[52, 61, 530, 282]",LEFT_HIP,-0.39309158048695414,0.3058715287638243,0.9994246959686279,0.6613042950630188,0.3510453402996063,0.35149874187771446
00013,/Users/nikko/Downloads/moi-main/project_root/data/visualizations/video/pushups_video3/frame_00013.png,"[52, 61, 530, 282]",RIGHT_HIP,-0.4196005655793928,0.2763257482186968,0.9997226595878601,0.6613042950630188,0.3510453402996063,0.35149874187771446
00013,/Users/nikko/Downloads/moi-main/project_root/data/visualizations/video/pushups_video3/frame_00013.png,"[52, 61, 530, 282]",RIGHT_ELBOW,0.28381459416208105,0.8063390143114422,0.9953787326812744,0.6613042950630188,0.3510453402996063,0.35149874187771446
00013,/Users/nikko/Downloads/moi-main/project_root/data/visualizations/video/pushups_video3/frame_00013.png,"[52, 61, 530, 282]",RIGHT_WRIST,0.2338524963759477,1.7355065143474477,0.989919900894165,0.6613042950630188,0.3510453402996063,0.35149874187771446
00013,/Users/nikko/Downloads/moi-main/project_root/data/visualizations/video/pushups_video3/frame_00013.png,"[52, 61, 530, 282]",RIGHT_KNEE,-1.0109569811154544,0.8576305632715476,0.9764038920402527,0.6613042950630188,0.3510453402996063,0.35149874187771446
00013,/Users/nikko/Downloads/moi-main/project_root/data/visualizations/video/pushups_video3/frame_00013.png,"[52, 61, 530, 282]",LEFT_ANKLE,-1.5039000104203852,1.116540670684063,0.5379090905189514,0.6613042950630188,0.3510453402996063,0.35149874187771446
00013,/Users/nikko/Downloads/moi-main/project_root/data/visualizations/video/pushups_video3/frame_00013.png,"[52, 61, 530, 282]",RIGHT_ANKLE,-1.6144098761789785,1.1448783294321287,0.9962154030799866,0.6613042950630188,0.3510453402996063,0.35149874187771446
00013,/Users/nikko/Downloads/moi-main/project_root/data/visualizations/video/pushups_video3/frame_00013.png,"[52, 61, 530, 282]",LEFT_EYE,0.801744013904974,-0.29927980800359055,0.9998152852058411,0.6613042950630188,0.3510453402996063,0.35149874187771446
00013,/Users/nikko/Downloads/moi-main/project_root/data/visualizations/video/pushups_video3/frame_00013.png,"[52, 61, 530, 282]",RIGHT_EYE,0.7980688614440685,-0.3176918588988358,0.9998767375946045,0.6613042950630188,0.3510453402996063,0.35149874187771446
00014,/Users/nikko/Downloads/moi-main/project_root/data/visualizations/video/pushups_video3/frame_00014.png,"[50, 61, 531, 282]",LEFT_SHOULDER,0.41010059319722086,-0.33110613460383953,0.9999696016311646,0.6644867807626724,0.35698292776942253,0.3532304432677459
00014,/Users/nikko/Downloads/moi-main/project_root/data/visualizations/video/pushups_video3/frame_00014.png,"[50, 61, 531, 282]",RIGHT_SHOULDER,0.3945935842460787,-0.2620873482161828,0.9999258518218994,0.6644867807626724,0.35698292776942253,0.3532304432677459
00014,/Users/nikko/Downloads/moi-main/project_root/data/visualizations/video/pushups_video3/frame_00014.png,"[50, 61, 531, 282]",LEFT_HIP,-0.38457430290168065,0.3424311168001366,0.9993898868560791,0.6644867807626724,0.35698292776942253,0.3532304432677459
00014,/Users/nikko/Downloads/moi-main/project_root/data/visualizations/video/pushups_video3/frame_00014.png,"[50, 61, 531, 282]",RIGHT_HIP,-0.4201198745416189,0.25076236601988566,0.9997013211250305,0.6644867807626724,0.35698292776942253,0.3532304432677459
00014,/Users/nikko/Downloads/moi-main/project_root/data/visualizations/video/pushups_video3/frame_00014.png,"[50, 61, 531, 282]",RIGHT_ELBOW,0.2718423908738909,0.774101981722278,0.9936049580574036,0.6644867807626724,0.35698292776942253,0.3532304432677459
00014,/Users/nikko/Downloads/moi-main/project_root/data/visualizations/video/pushups_video3/frame_00014.png,"[50, 61, 531, 282]",RIGHT_WRIST,0.2152262333591766,1.710239313021974,0.9883509874343872,0.6644867807626724,0.35698292776942253,0.3532304432677459
00014,/Users/nikko/Downloads/moi-main/project_root/data/visualizations/video/pushups_video3/frame_00014.png,"[50, 61, 531, 282]",RIGHT_KNEE,-0.9903329337789156,0.8447952324788482,0.9795761108398438,0.6644867807626724,0.35698292776942253,0.3532304432677459
00014,/Users/nikko/Downloads/moi-main/project_root/data/visualizations/video/pushups_video3/frame_00014.png,"[50, 61, 531, 282]",LEFT_ANKLE,-1.5027056157149896,1.1204255753613517,0.5574545860290527,0.6644867807626724,0.35698292776942253,0.3532304432677459
00014,/Users/nikko/Downloads/moi-main/project_root/data/visualizations/video/pushups_video3/frame_00014.png,"[50, 61, 531, 282]",RIGHT_ANKLE,-1.5948138538052283,1.1044265161142126,0.9964355230331421,0.6644867807626724,0.35698292776942253,0.3532304432677459
00014,/Users/nikko/Downloads/moi-main/project_root/data/visualizations/video/pushups_video3/frame_00014.png,"[50, 61, 531, 282]",LEFT_EYE,0.7760925306123962,-0.3120623032233089,0.999356210231781,0.6644867807626724,0.35698292776942253,0.3532304432677459
00014,/Users/nikko/Downloads/moi-main/project_root/data/visualizations/video/pushups_video3/frame_00014.png,"[50, 61, 531, 282]",RIGHT_EYE,0.7692554613760431,-0.3236084844702799,0.9995624423027039,0.6644867807626724,0.35698292776942253,0.3532304432677459
00015,/Users/nikko/Downloads/moi-main/project_root/data/visualizations/video/pushups_video3/frame_00015.png,"[55, 61, 531, 282]",LEFT_SHOULDER,0.40811560023715077,-0.3443245151808618,0.9999697208404541,0.6609313488006592,0.35809480771422386,0.3560644783656122
00015,/Users/nikko/Downloads/moi-main/project_root/data/visualizations/video/pushups_video3/frame_00015.png,"[55, 61, 531, 282]",RIGHT_SHOULDER,0.3957014979594182,-0.2504918621418074,0.9999200105667114,0.6609313488006592,0.35809480771422386,0.3560644783656122
00015,/Users/nikko/Downloads/moi-main/project_root/data/visualizations/video/pushups_video3/frame_00015.png,"[55, 61, 531, 282]",LEFT_HIP,-0.38395012617855784,0.3369621426564246,0.9993979930877686,0.6609313488006592,0.35809480771422386,0.3560644783656122
00015,/Users/nikko/Downloads/moi-main/project_root/data/visualizations/video/pushups_video3/frame_00015.png,"[55, 61, 531, 282]",RIGHT_HIP,-0.41986697201801115,0.25785423466624463,0.9996933937072754,0.6609313488006592,0.35809480771422386,0.3560644783656122
00015,/Users/nikko/Downloads/moi-main/project_root/data/visualizations/video/pushups_video3/frame_00015.png,"[55, 61, 531, 282]",RIGHT_ELBOW,0.2780746187929248,0.7580433393925621,0.9930818676948547,0.6609313488006592,0.35809480771422386,0.3560644783656122
00015,/Users/nikko/Downloads/moi-main/project_root/data/visualizations/video/pushups_video3/frame_00015.png,"[55, 61, 531, 282]",RIGHT_WRIST,0.22204853094077645,1.686308134342276,0.9811621904373169,0.6609313488006592,0.35809480771422386,0.3560644783656122
00015,/Users/nikko/Downloads/moi-main/project_root/data/visualizations/video/pushups_video3/frame_00015.png,"[55, 61, 531, 282]",RIGHT_KNEE,-1.001701577965649,0.8215502969528995,0.9782857894897461,0.6609313488006592,0.35809480771422386,0.3560644783656122
00015,/Users/nikko/Downloads/moi-main/project_root/data/visualizations/video/pushups_video3/frame_00015.png,"[55, 61, 531, 282]",LEFT_ANKLE,-1.496244918584172,1.0869724380633061,0.5439749360084534,0.6609313488006592,0.35809480771422386,0.3560644783656122
00015,/Users/nikko/Downloads/moi-main/project_root/data/visualizations/video/pushups_video3/frame_00015.png,"[55, 61, 531, 282]",RIGHT_ANKLE,-1.6112969583625272,1.0991680853528047,0.9962859153747559,0.6609313488006592,0.35809480771422386,0.3560644783656122
00015,/Users/nikko/Downloads/moi-main/project_root/data/visualizations/video/pushups_video3/frame_00015.png,"[55, 61, 531, 282]",LEFT_EYE,0.7799827382887246,-0.31909380103213353,0.9997323155403137,0.6609313488006592,0.35809480771422386,0.3560644783656122
00015,/Users/nikko/Downloads/moi-main/project_root/data/visualizations/video/pushups_video3/frame_00015.png,"[55, 61, 531, 282]",RIGHT_EYE,0.7753853070267651,-0.333841270421738,0.999812662601471,0.6609313488006592,0.35809480771422386,0.3560644783656122
00016,/Users/nikko/Downloads/moi-main/project_root/data/visualizations/video/pushups_video3/frame_00016.png,"[54, 61, 531, 282]",LEFT_SHOULDER,0.3990652447113197,-0.3451787969266642,0.9999456405639648,0.6610835641622543,0.3535805940628052,0.35837180145475866
00016,/Users/nikko/Downloads/moi-main/project_root/data/visualizations/video/pushups_video3/frame_00016.png,"[54, 61, 531, 282]",RIGHT_SHOULDER,0.40301835483681137,-0.2520290657758324,0.9998918771743774,0.6610835641622543,0.3535805940628052,0.35837180145475866
00016,/Users/nikko/Downloads/moi-main/project_root/data/visualizations/video/pushups_video3/frame_00016.png,"[54, 61, 531, 282]",LEFT_HIP,-0.38404607073339947,0.3313028282015026,0.9992251396179199,0.6610835641622543,0.3535805940628052,0.35837180145475866
00016,/Users/nikko/Downloads/moi-main/project_root/data/visualizations/video/pushups_video3/frame_00016.png,"[54, 61, 531, 282]",RIGHT_HIP,-0.4180375288147316,0.265905034500994,0.999629020690918,0.6610835641622543,0.3535805940628052,0.35837180145475866
00016,/Users/nikko/Downloads/moi-main/project_root/data/visualizations/video/pushups_video3/frame_00016.png,"[54, 61, 531, 282]",RIGHT_ELBOW,0.2791087765832027,0.751363357131258,0.9932880997657776,0.6610835641622543,0.3535805940628052,0.35837180145475866
00016,/Users/nikko/Downloads/moi-main/project_root/data/visualizations/video/pushups_video3/frame_00016.png,"[54, 61, 531, 282]",RIGHT_WRIST,0.21492529022980852,1.6962892347125342,0.9841889142990112,0.6610835641622543,0.3535805940628052,0.35837180145475866
00016,/Users/nikko/Downloads/moi-main/project_root/data/visualizations/video/pushups_video3/frame_00016.png,"[54, 61, 531, 282]",RIGHT_KNEE,-0.9992046758702248,0.8183849397140947,0.969465970993042,0.6610835641622543,0.3535805940628052,0.35837180145475866
00016,/Users/nikko/Downloads/moi-main/project_root/data/visualizations/video/pushups_video3/frame_00016.png,"[54, 61, 531, 282]",RIGHT_ANKLE,-1.5850511723377696,1.1246874399366698,0.994240403175354,0.6610835641622543,0.3535805940628052,0.35837180145475866
00016,/Users/nikko/Downloads/moi-main/project_root/data/visualizations/video/pushups_video3/frame_00016.png,"[54, 61, 531, 282]",LEFT_EYE,0.7764033110142329,-0.313350297819772,0.9994421601295471,0.6610835641622543,0.3535805940628052,0.35837180145475866
00016,/Users/nikko/Downloads/moi-main/project_root/data/visualizations/video/pushups_video3/frame_00016.png,"[54, 61, 531, 282]",RIGHT_EYE,0.7743163190142889,-0.32773375254587633,0.9996331930160522,0.6610835641622543,0.3535805940628052,0.35837180145475866
00017,/Users/nikko/Downloads/moi-main/project_root/data/visualizations/video/pushups_video3/frame_00017.png,"[55, 61, 531, 282]",LEFT_SHOULDER,0.406753666491144,-0.34268379006728694,0.9999605417251587,0.660845547914505,0.35490240901708603,0.35936602276137497
00017,/Users/nikko/Downloads/moi-main/project_root/data/visualizations/video/pushups_video3/frame_00017.png,"[55, 61, 531, 282]",RIGHT_SHOULDER,0.4007554857029493,-0.24716428693230985,0.999922513961792,0.660845547914505,0.35490240901708603,0.35936602276137497
00017,/Users/nikko/Downloads/moi-main/project_root/data/visualizations/video/pushups_video3/frame_00017.png,"[55, 61, 531, 282]",LEFT_HIP,-0.38789714686861687,0.3253616878216204,0.9995068311691284,0.660845547914505,0.35490240901708603,0.35936602276137497
00017,/Users/nikko/Downloads/moi-main/project_root/data/visualizations/video/pushups_video3/frame_00017.png,"[55, 61, 531, 282]",RIGHT_HIP,-0.4196120053254764,0.26448638917797634,0.9997594952583313,0.660845547914505,0.35490240901708603,0.35936602276137497
00017,/Users/nikko/Downloads/moi-main/project_root/data/visualizations/video/pushups_video3/frame_00017.png,"[55, 61, 531, 282]",RIGHT_ELBOW,0.27420704039939886,0.7559952922942135,0.9944446682929993,0.660845547914505,0.35490240901708603,0.35936602276137497
00017,/Users/nikko/Downloads/moi-main/project_root/data/visualizations/video/pushups_video3/frame_00017.png,"[55, 61, 531, 282]",RIGHT_WRIST,0.21797567118526104,1.6722257007182608,0.9875820875167847,0.660845547914505,0.35490240901708603,0.35936602276137497
00017,/Users/nikko/Downloads/moi-main/project_root/data/visualizations/video/pushups_video3/frame_00017.png,"[55, 61, 531, 282]",RIGHT_KNEE,-1.007648594905997,0.8192493628896408,0.9738727807998657,0.660845547914505,0.35490240901708603,0.35936602276137497
00017,/Users/nikko/Downloads/moi-main/project_root/data/visualizations/video/pushups_video3/frame_00017.png,"[55, 61, 531, 282]",LEFT_ANKLE,-1.474885631570414,1.0833963806577829,0.5104755759239197,0.660845547914505,0.35490240901708603,0.35936602276137497
00017,/Users/nikko/Downloads/moi-main/project_root/data/visualizations/video/pushups_video3/frame_00017.png,"[55, 61, 531, 282]",RIGHT_ANKLE,-1.6003962874371838,1.1001562571173975,0.9951477646827698,0.660845547914505,0.35490240901708603,0.35936602276137497
00017,/Users/nikko/Downloads/moi-main/project_root/data/visualizations/video/pushups_video3/frame_00017.png,"[55, 61, 531, 282]",LEFT_EYE,0.7782879241171727,-0.30882468647079186,0.9996258020401001,0.660845547914505,0.35490240901708603,0.35936602276137497
00017,/Users/nikko/Downloads/moi-main/project_root/data/visualizations/video/pushups_video3/frame_00017.png,"[55, 61, 531, 282]",RIGHT_EYE,0.7733217276466461,-0.3226402894467863,0.9997459053993225,0.660845547914505,0.35490240901708603,0.35936602276137497
00018,/Users/nikko/Downloads/moi-main/project_root/data/visualizations/video/pushups_video3/frame_00018.png,"[55, 61, 531, 282]",LEFT_SHOULDER,0.40758215332990844,-0.3362552661331316,0.9999686479568481,0.6614977717399597,0.3556373678147793,0.35944373727594703
00018,/Users/nikko/Downloads/moi-main/project_root/data/visualizations/video/pushups_video3/frame_00018.png,"[55, 61, 531, 282]",RIGHT_SHOULDER,0.39999418153508143,-0.25347587320437426,0.9999290704727173,0.6614977717399597,0.3556373678147793,0.35944373727594703
00018,/Users/nikko/Downloads/moi-main/project_root/data/visualizations/video/pushups_video3/frame_00018.png,"[55, 61, 531, 282]",LEFT_HIP,-0.38597486512847157,0.32807221172543694,0.9995972514152527,0.6614977717399597,0.3556373678147793,0.35944373727594703
00018,/Users/nikko/Downloads/moi-main/project_root/data/visualizations/video/pushups_video3/frame_00018.png,"[55, 61, 531, 282]",RIGHT_HIP,-0.4216014697365183,0.26165892761206894,0.9997807145118713,0.6614977717399597,0.3556373678147793,0.35944373727594703
00018,/Users/nikko/Downloads/moi-main/project_root/data/visualizations/video/pushups_video3/frame_00018.png,"[55, 61, 531, 282]",RIGHT_ELBOW,0.2700957456091618,0.7629088129296955,0.9923027753829956,0.6614977717399597,0.3556373678147793,0.35944373727594703
00018,/Users/nikko/Downloads/moi-main/project_root/data/visualizations/video/pushups_video3/frame_00018.png,"[55, 61, 531, 282]",RIGHT_WRIST,0.2168917243125584,1.6772369449614335,0.9821016192436218,0.6614977717399597,0.3556373678147793,0.35944373727594703
00018,/Users/nikko/Downloads/moi-main/project_root/data/visualizations/video/pushups_video3/frame_00018.png,"[55, 61, 531, 282]",RIGHT_KNEE,-0.9981216672823164,0.8342654967496914,0.9574632048606873,0.6614977717399597,0.3556373678147793,0.35944373727594703
00018,/Users/nikko/Downloads/moi-main/project_root/data/visualizations/video/pushups_video3/frame_00018.png,"[55, 61, 531, 282]",RIGHT_ANKLE,-1.5910143164377335,1.0983297010643922,0.9925965070724487,0.6614977717399597,0.3556373678147793,0.35944373727594703
00018,/Users/nikko/Downloads/moi-main/project_root/data/visualizations/video/pushups_video3/frame_00018.png,"[55, 61, 531, 282]",LEFT_EYE,0.7770942753073751,-0.30129013619650613,0.9996331930160522,0.6614977717399597,0.3556373678147793,0.35944373727594703
00018,/Users/nikko/Downloads/moi-main/project_root/data/visualizations/video/pushups_video3/frame_00018.png,"[55, 61, 531, 282]",RIGHT_EYE,0.7730964079588428,-0.3142937349467803,0.9997379183769226,0.6614977717399597,0.3556373678147793,0.35944373727594703
00019,/Users/nikko/Downloads/moi-main/project_root/data/visualizations/video/pushups_video3/frame_00019.png,"[56, 62, 530, 282]",LEFT_SHOULDER,0.40697804220770173,-0.34181584733348785,0.9999529123306274,0.6611834168434143,0.3520607277750969,0.36030930655160337
00019,/Users/nikko/Downloads/moi-main/project_root/data/visualizations/video/pushups_video3/frame_00019.png,"[56, 62, 530, 282]",RIGHT_SHOULDER,0.40120085862781313,-0.24701887026070984,0.999904990196228,0.6611834168434143,0.3520607277750969,0.36030930655160337
00019,/Users/nikko/Downloads/moi-main/project_root/data/visualizations/video/pushups_video3/frame_00019.png,"[56, 62, 530, 282]",LEFT_HIP,-0.3895555069887834,0.3155437067400648,0.9993618130683899,0.6611834168434143,0.3520607277750969,0.36030930655160337
00019,/Users/nikko/Downloads/moi-main/project_root/data/visualizations/video/pushups_video3/frame_00019.png,"[56, 62, 530, 282]",RIGHT_HIP,-0.41862339384673153,0.2732910108541328,0.9996792078018188,0.6611834168434143,0.3520607277750969,0.36030930655160337
00019,/Users/nikko/Downloads/moi-main/project_root/data/visualizations/video/pushups_video3/frame_00019.png,"[56, 62, 530, 282]",RIGHT_ELBOW,0.27411638482898915,0.7552582127223427,0.992946207523346,0.6611834168434143,0.3520607277750969,0.36030930655160337
00019,/Users/nikko/Downloads/moi-main/project_root/data/visualizations/video/pushups_video3/frame_00019.png,"[56, 62, 530, 282]",RIGHT_WRIST,0.2172017882509887,1.6804476203875074,0.9849327206611633,0.6611834168434143,0.3520607277750969,0.36030930655160337
00019,/Users/nikko/Downloads/moi-main/project_root/data/visualizations/video/pushups_video3/frame_00019.png,"[56, 62, 530, 282]",RIGHT_KNEE,-1.01043499953233,0.8410152200760708,0.9581350088119507,0.6611834168434143,0.3520607277750969,0.36030930655160337
00019,/Users/nikko/Downloads/moi-main/project_root/data/visualizations/video/pushups_video3/frame_00019.png,"[56, 62, 530, 282]",RIGHT_ANKLE,-1.592096211286182,1.1016055213667157,0.991500973701477,0.6611834168434143,0.3520607277750969,0.36030930655160337
00019,/Users/nikko/Downloads/moi-main/project_root/data/visualizations/video/pushups_video3/frame_00019.png,"[56, 62, 530, 282]",LEFT_EYE,0.7751684083520625,-0.29268538652136256,0.9994053840637207,0.6611834168434143,0.3520607277750969,0.36030930655160337
00019,/Users/nikko/Downloads/moi-main/project_root/data/visualizations/video/pushups_video3/frame_00019.png,"[56, 62, 530, 282]",RIGHT_EYE,0.769924724673246,-0.3077509274486607,0.9996007084846497,0.6611834168434143,0.3520607277750969,0.36030930655160337
00020,/Users/nikko/Downloads/moi-main/project_root/data/visualizations/video/pushups_video3/frame_00020.png,"[51, 62, 530, 282]",LEFT_SHOULDER,0.4051357583010239,-0.356050827856633,0.9999780654907227,0.6649829298257828,0.35256094112992287,0.3526435299794751
00020,/Users/nikko/Downloads/moi-main/project_root/data/visualizations/video/pushups_video3/frame_00020.png,"[51, 62, 530, 282]",RIGHT_SHOULDER,0.39760851612935627,-0.23981418709574712,0.9999562501907349,0.6649829298257828,0.35256094112992287,0.3526435299794751
00020,/Users/nikko/Downloads/moi-main/project_root/data/visualizations/video/pushups_video3/frame_00020.png,"[51, 62, 530, 282]",LEFT_HIP,-0.38707664781890366,0.31355473795628896,0.9994933605194092,0.6649829298257828,0.35256094112992287,0.3526435299794751
00020,/Users/nikko/Downloads/moi-main/project_root/data/visualizations/video/pushups_video3/frame_00020.png,"[51, 62, 530, 282]",RIGHT_HIP,-0.4156676266114765,0.2823102769960911,0.9997660517692566,0.6649829298257828,0.35256094112992287,0.3526435299794751
00020,/Users/nikko/Downloads/moi-main/project_root/data/visualizations/video/pushups_video3/frame_00020.png,"[51, 62, 530, 282]",RIGHT_ELBOW,0.2700513909408386,0.7670786002946752,0.9959243535995483,0.6649829298257828,0.35256094112992287,0.3526435299794751
00020,/Users/nikko/Downloads/moi-main/project_root/data/visualizations/video/pushups_video3/frame_00020.png,"[51, 62, 530, 282]",RIGHT_WRIST,0.2177470808742177,1.711936797892008,0.993363618850708,0.6649829298257828,0.35256094112992287,0.3526435299794751
00020,/Users/nikko/Downloads/moi-main/project_root/data/visualizations/video/pushups_video3/frame_00020.png,"[51, 62, 530, 282]",RIGHT_KNEE,-1.0063485776185126,0.8667346960000185,0.9746982455253601,0.6649829298257828,0.35256094112992287,0.3526435299794751
00020,/Users/nikko/Downloads/moi-main/project_root/data/visualizations/video/pushups_video3/frame_00020.png,"[51, 62, 530, 282]",LEFT_ANKLE,-1.5090940355503542,1.1045547466248902,0.5127137899398804,0.6649829298257828,0.35256094112992287,0.3526435299794751
00020,/Users/nikko/Downloads/moi-main/project_root/data/visualizations/video/pushups_video3/frame_00020.png,"[51, 62, 530, 282]",RIGHT_ANKLE,-1.6215127567894327,1.143968903780524,0.9954859614372253,0.6649829298257828,0.35256094112992287,0.3526435299794751
00020,/Users/nikko/Downloads/moi-main/project_root/data/visualizations/video/pushups_video3/frame_00020.png,"[51, 62, 530, 282]",LEFT_EYE,0.7894388758148699,-0.30148161804823403,0.9997978806495667,0.6649829298257828,0.35256094112992287,0.3526435299794751
00020,/Users/nikko/Downloads/moi-main/project_root/data/visualizations/video/pushups_video3/frame_00020.png,"[51, 62, 530, 282]",RIGHT_EYE,0.7867365461826648,-0.31317192341877703,0.999871015548706,0.6649829298257828,0.35256094112992287,0.3526435299794751
00021,/Users/nikko/Downloads/moi-main/project_root/data/visualizations/video/pushups_video3/frame_00021.png,"[51, 63, 531, 283]",LEFT_SHOULDER,0.4006486400087733,-0.35128353715634764,0.9999672174453735,0.662224143743515,0.3497692234814167,0.3552562696596191
00021,/Users/nikko/Downloads/moi-main/project_root/data/visualizations/video/pushups_video3/frame_00021.png,"[51, 63, 531, 283]",RIGHT_SHOULDER,0.398334628037838,-0.2496339088841555,0.9999346733093262,0.662224143743515,0.3497692234814167,0.3552562696596191
00021,/Users/nikko/Downloads/moi-main/project_root/data/visualizations/video/pushups_video3/frame_00021.png,"[51, 63, 531, 283]",LEFT_HIP,-0.3862149232283481,0.3118040844604796,0.999321699142456,0.662224143743515,0.3497692234814167,0.3552562696596191
00021,/Users/nikko/Downloads/moi-main/project_root/data/visualizations/video/pushups_video3/frame_00021.png,"[51, 63, 531, 283]",RIGHT_HIP,-0.4127683448182632,0.28911336158002354,0.9996722936630249,0.662224143743515,0.3497692234814167,0.3552562696596191
00021,/Users/nikko/Downloads/moi-main/project_root/data/visualizations/video/pushups_video3/frame_00021.png,"[51, 63, 531, 283]",RIGHT_ELBOW,0.26621716150005653,0.7629855816679271,0.9950384497642517,0.662224143743515,0.3497692234814167,0.3552562696596191
00021,/Users/nikko/Downloads/moi-main/project_root/data/visualizations/video/pushups_video3/frame_00021.png,"[51, 63, 531, 283]",RIGHT_WRIST,0.22089628406291958,1.698647899595257,0.991902768611908,0.662224143743515,0.3497692234814167,0.3552562696596191
00021,/Users/nikko/Downloads/moi-main/project_root/data/visualizations/video/pushups_video3/frame_00021.png,"[51, 63, 531, 283]",RIGHT_KNEE,-1.003600095357219,0.8595781324082924,0.9722622632980347,0.662224143743515,0.3497692234814167,0.3552562696596191
00021,/Users/nikko/Downloads/moi-main/project_root/data/visualizations/video/pushups_video3/frame_00021.png,"[51, 63, 531, 283]",LEFT_ANKLE,-1.4981891988655969,1.0959731122964105,0.5248860716819763,0.662224143743515,0.3497692234814167,0.3552562696596191
00021,/Users/nikko/Downloads/moi-main/project_root/data/visualizations/video/pushups_video3/frame_00021.png,"[51, 63, 531, 283]",RIGHT_ANKLE,-1.601316920739946,1.1228414556140984,0.9948329925537109,0.662224143743515,0.3497692234814167,0.3552562696596191
00021,/Users/nikko/Downloads/moi-main/project_root/data/visualizations/video/pushups_video3/frame_00021.png,"[51, 63, 531, 283]",LEFT_EYE,0.7864401721982108,-0.295195088209733,0.9997339844703674,0.662224143743515,0.3497692234814167,0.3552562696596191
00021,/Users/nikko/Downloads/moi-main/project_root/data/visualizations/video/pushups_video3/frame_00021.png,"[51, 63, 531, 283]",RIGHT_EYE,0.7848756303167599,-0.30314963019429086,0.9998266100883484,0.662224143743515,0.3497692234814167,0.3552562696596191
00022,/Users/nikko/Downloads/moi-main/project_root/data/visualizations/video/pushups_video3/frame_00022.png,"[51, 64, 532, 282]",LEFT_SHOULDER,0.40356829670800565,-0.33140819536698773,0.9999628067016602,0.6627468466758728,0.3525533601641655,0.36235263444826116
00022,/Users/nikko/Downloads/moi-main/project_root/data/visualizations/video/pushups_video3/frame_00022.png,"[51, 64, 532, 282]",RIGHT_SHOULDER,0.39435024674500735,-0.2711180461416603,0.9999171495437622,0.6627468466758728,0.3525533601641655,0.36235263444826116
00022,/Users/nikko/Downloads/moi-main/project_root/data/visualizations/video/pushups_video3/frame_00022.png,"[51, 64, 532, 282]",LEFT_HIP,-0.38345156692651644,0.3374861059755873,0.9992746710777283,0.6627468466758728,0.3525533601641655,0.36235263444826116
00022,/Users/nikko/Downloads/moi-main/project_root/data/visualizations/video/pushups_video3/frame_00022.png,"[51, 64, 532, 282]",RIGHT_HIP,-0.41446697652649656,0.2650401355330607,0.9996225833892822,0.6627468466758728,0.3525533601641655,0.36235263444826116
00022,/Users/nikko/Downloads/moi-main/project_root/data/visualizations/video/pushups_video3/frame_00022.png,"[51, 64, 532, 282]",RIGHT_ELBOW,0.24013728298029363,0.7409376945615931,0.9937315583229065,0.6627468466758728,0.3525533601641655,0.36235263444826116
00022,/Users/nikko/Downloads/moi-main/project_root/data/visualizations/video/pushups_video3/frame_00022.png,"[51, 64, 532, 282]",RIGHT_WRIST,0.20751131774606388,1.6988570692644294,0.9856263995170593,0.6627468466758728,0.3525533601641655,0.36235263444826116
00022,/Users/nikko/Downloads/moi-main/project_root/data/visualizations/video/pushups_video3/frame_00022.png,"[51, 64, 532, 282]",RIGHT_KNEE,-0.9836207402784827,0.825435361850317,0.9746440052986145,0.6627468466758728,0.3525533601641655,0.36235263444826116
00022,/Users/nikko/Downloads/moi-main/project_root/data/visualizations/video/pushups_video3/frame_00022.png,"[51, 64, 532, 282]",LEFT_ANKLE,-1.4716075006659903,1.1011621245482068,0.5594742894172668,0.6627468466758728,0.3525533601641655,0.36235263444826116
00022,/Users/nikko/Downloads/moi-main/project_root/data/visualizations/video/pushups_video3/frame_00022.png,"[51, 64, 532, 282]",RIGHT_ANKLE,-1.5729625417342792,1.11406663782641,0.9954907298088074,0.6627468466758728,0.3525533601641655,0.36235263444826116
00022,/Users/nikko/Downloads/moi-main/project_root/data/visualizations/video/pushups_video3/frame_00022.png,"[51, 64, 532, 282]",LEFT_EYE,0.7647842933745558,-0.2785346457902387,0.9996383190155029,0.6627468466758728,0.3525533601641655,0.36235263444826116
00022,/Users/nikko/Downloads/moi-main/project_root/data/visualizations/video/pushups_video3/frame_00022.png,"[51, 64, 532, 282]",RIGHT_EYE,0.7600889915643196,-0.2949170446546882,0.9997460246086121,0.6627468466758728,0.3525533601641655,0.36235263444826116
00023,/Users/nikko/Downloads/moi-main/project_root/data/visualizations/video/pushups_video3/frame_00023.png,"[51, 66, 534, 283]",LEFT_SHOULDER,0.3950633782184246,-0.35904311098567543,0.9999794960021973,0.6606630831956863,0.3477836698293686,0.3576732032638115
00023,/Users/nikko/Downloads/moi-main/project_root/data/visualizations/video/pushups_video3/frame_00023.png,"[51, 66, 534, 283]",RIGHT_SHOULDER,0.3982089794670326,-0.24918337066278687,0.9999597072601318,0.6606630831956863,0.3477836698293686,0.3576732032638115
00023,/Users/nikko/Downloads/moi-main/project_root/data/visualizations/video/pushups_video3/frame_00023.png,"[51, 66, 534, 283]",LEFT_HIP,-0.3826463689243127,0.3143647746243275,0.999487042427063,0.6606630831956863,0.3477836698293686,0.3576732032638115
00023,/Users/nikko/Downloads/moi-main/project_root/data/visualizations/video/pushups_video3/frame_00023.png,"[51, 66, 534, 283]",RIGHT_HIP,-0.4106259887611445,0.2938617070241348,0.9997619986534119,0.6606630831956863,0.3477836698293686,0.3576732032638115
00023,/Users/nikko/Downloads/moi-main/project_root/data/visualizations/video/pushups_video3/frame_00023.png,"[51, 66, 534, 283]",RIGHT_ELBOW,0.23119481764408628,0.7269958842068094,0.9958621263504028,0.6606630831956863,0.3477836698293686,0.3576732032638115
00023,/Users/nikko/Downloads/moi-main/project_root/data/visualizations/video/pushups_video3/frame_00023.png,"[51, 66, 534, 283]",RIGHT_WRIST,0.20966854641672394,1.6934622036676792,0.9942303895950317,0.6606630831956863,0.3477836698293686,0.3576732032638115
00023,/Users/nikko/Downloads/moi-main/project_root/data/visualizations/video/pushups_video3/frame_00023.png,"[51, 66, 534, 283]",RIGHT_KNEE,-0.9927641941503909,0.8551281415517693,0.9746310114860535,0.6606630831956863,0.3477836698293686,0.3576732032638115
00023,/Users/nikko/Downloads/moi-main/project_root/data/visualizations/video/pushups_video3/frame_00023.png,"[51, 66, 534, 283]",LEFT_ANKLE,-1.4782601503713018,1.0979600256925635,0.5063813924789429,0.6606630831956863,0.3477836698293686,0.3576732032638115
00023,/Users/nikko/Downloads/moi-main/project_root/data/visualizations/video/pushups_video3/frame_00023.png,"[51, 66, 534, 283]",RIGHT_ANKLE,-1.5787977390811827,1.111105026036397,0.9952515363693237,0.6606630831956863,0.3477836698293686,0.3576732032638115
00023,/Users/nikko/Downloads/moi-main/project_root/data/visualizations/video/pushups_video3/frame_00023.png,"[51, 66, 534, 283]",LEFT_EYE,0.7762875524269112,-0.2734008840688097,0.9998558759689331,0.6606630831956863,0.3477836698293686,0.3576732032638115
00023,/Users/nikko/Downloads/moi-main/project_root/data/visualizations/video/pushups_video3/frame_00023.png,"[51, 66, 534, 283]",RIGHT_EYE,0.7729688064602854,-0.28626400347854586,0.9999037981033325,0.6606630831956863,0.3477836698293686,0.3576732032638115
00024,/Users/nikko/Downloads/moi-main/project_root/data/visualizations/video/pushups_video3/frame_00024.png,"[52, 67, 535, 283]",LEFT_SHOULDER,0.3875946987575645,-0.36439270688567554,0.9999678134918213,0.6612298786640167,0.3495068848133087,0.3601031726002643
00024,/Users/nikko/Downloads/moi-main/project_root/data/visualizations/video/pushups_video3/frame_00024.png,"[52, 67, 535, 283]",RIGHT_SHOULDER,0.3976059066675592,-0.2539833167910253,0.9999535083770752,0.6612298786640167,0.3495068848133087,0.3601031726002643
00024,/Users/nikko/Downloads/moi-main/project_root/data/visualizations/video/pushups_video3/frame_00024.png,"[52, 67, 535, 283]",LEFT_HIP,-0.3777738400216599,0.31503053145551585,0.9995105266571045,0.6612298786640167,0.3495068848133087,0.3601031726002643
00024,/Users/nikko/Downloads/moi-main/project_root/data/visualizations/video/pushups_video3/frame_00024.png,"[52, 67, 535, 283]",RIGHT_HIP,-0.40742676540346373,0.303345492221185,0.9997751116752625,0.6612298786640167,0.3495068848133087,0.3601031726002643
00024,/Users/nikko/Downloads/moi-main/project_root/data/visualizations/video/pushups_video3/frame_00024.png,"[52, 67, 535, 283]",RIGHT_ELBOW,0.21236073877937073,0.6904491728701074,0.9954724907875061,0.6612298786640167,0.3495068848133087,0.3601031726002643
00024,/Users/nikko/Downloads/moi-main/project_root/data/visualizations/video/pushups_video3/frame_00024.png,"[52, 67, 535, 283]",RIGHT_WRIST,0.19266439937064878,1.6645483261577827,0.9930364489555359,0.6612298786640167,0.3495068848133087,0.3601031726002643
00024,/Users/nikko/Downloads/moi-main/project_root/data/visualizations/video/pushups_video3/frame_00024.png,"[52, 67, 535, 283]",RIGHT_KNEE,-0.9865956593272034,0.8558985232159843,0.9586642980575562,0.6612298786640167,0.3495068848133087,0.3601031726002643
00024,/Users/nikko/Downloads/moi-main/project_root/data/visualizations/video/pushups_video3/frame_00024.png,"[52, 67, 535, 283]",RIGHT_ANKLE,-1.5674209221075692,1.1053410190788342,0.9926901459693909,0.6612298786640167,0.3495068848133087,0.3601031726002643
00024,/Users/nikko/Downloads/moi-main/project_root/data/visualizations/video/pushups_video3/frame_00024.png,"[52, 67, 535, 283]",LEFT_EYE,0.7722504890276877,-0.25491023450833383,0.9997993111610413,0.6612298786640167,0.3495068848133087,0.3601031726002643
00024,/Users/nikko/Downloads/moi-main/project_root/data/visualizations/video/pushups_video3/frame_00024.png,"[52, 67, 535, 283]",RIGHT_EYE,0.7703286244534611,-0.26865708634010277,0.9998787641525269,0.6612298786640167,0.3495068848133087,0.3601031726002643
00025,/Users/nikko/Downloads/moi-main/project_root/data/visualizations/video/pushups_video3/frame_00025.png,"[55, 70, 538, 282]",LEFT_SHOULDER,0.39185267036203925,-0.3575127458282098,0.9999650716781616,0.6552473306655884,0.35547518730163574,0.361498452124405
00025,/Users/nikko/Downloads/moi-main/project_root/data/visualizations/video/pushups_video3/frame_00025.png,"[55, 70, 538, 282]",RIGHT_SHOULDER,0.3991147401138175,-0.2528701195899974,0.9999392032623291,0.6552473306655884,0.35547518730163574,0.361498452124405
00025,/Users/nikko/Downloads/moi-main/project_root/data/visualizations/video/pushups_video3/frame_00025.png,"[55, 70, 538, 282]",LEFT_HIP,-0.3841437699630146,0.2979727269647887,0.9997394680976868,0.6552473306655884,0.35547518730163574,0.361498452124405
00025,/Users/nikko/Downloads/moi-main/project_root/data/visualizations/video/pushups_video3/frame_00025.png,"[55, 70, 538, 282]",RIGHT_HIP,-0.40682364051284214,0.3124101384534185,0.9998672008514404,0.6552473306655884,0.35547518730163574,0.361498452124405
00025,/Users/nikko/Downloads/moi-main/project_root/data/visualizations/video/pushups_video3/frame_00025.png,"[55, 70, 538, 282]",RIGHT_ELBOW,0.19373010484104852,0.6740425474317294,0.9928563833236694,0.6552473306655884,0.35547518730163574,0.361498452124405
00025,/Users/nikko/Downloads/moi-main/project_root/data/visualizations/video/pushups_video3/frame_00025.png,"[55, 70, 538, 282]",RIGHT_WRIST,0.19489005082015487,1.712412337826491,0.9893853068351746,0.6552473306655884,0.35547518730163574,0.361498452124405
00025,/Users/nikko/Downloads/moi-main/project_root/data/visualizations/video/pushups_video3/frame_00025.png,"[55, 70, 538, 282]",RIGHT_KNEE,-1.0039559986543025,0.8448635955238093,0.9567253589630127,0.6552473306655884,0.35547518730163574,0.361498452124405
00025,/Users/nikko/Downloads/moi-main/project_root/data/visualizations/video/pushups_video3/frame_00025.png,"[55, 70, 538, 282]",LEFT_ANKLE,-1.4693527066169951,1.0468874377770865,0.5048449635505676,0.6552473306655884,0.35547518730163574,0.361498452124405
00025,/Users/nikko/Downloads/moi-main/project_root/data/visualizations/video/pushups_video3/frame_00025.png,"[55, 70, 538, 282]",RIGHT_ANKLE,-1.56696459277062,1.0949049143759904,0.9924817681312561,0.6552473306655884,0.35547518730163574,0.361498452124405
00025,/Users/nikko/Downloads/moi-main/project_root/data/visualizations/video/pushups_video3/frame_00025.png,"[55, 70, 538, 282]",LEFT_EYE,0.775866183420506,-0.24829801979928956,0.9995412826538086,0.6552473306655884,0.35547518730163574,0.361498452124405
00025,/Users/nikko/Downloads/moi-main/project_root/data/visualizations/video/pushups_video3/frame_00025.png,"[55, 70, 538, 282]",RIGHT_EYE,0.7720803241985783,-0.2669231907691322,0.9996929168701172,0.6552473306655884,0.35547518730163574,0.361498452124405
00026,/Users/nikko/Downloads/moi-main/project_root/data/visualizations/video/pushups_video3/frame_00026.png,"[60, 73, 541, 281]",LEFT_SHOULDER,0.3931083077026883,-0.36365491113569254,0.9999784231185913,0.6511967182159424,0.36429430544376373,0.35786033152550883
00026,/Users/nikko/Downloads/moi-main/project_root/data/visualizations/video/pushups_video3/frame_00026.png,"[60, 73, 541, 281]",RIGHT_SHOULDER,0.4004913419655133,-0.2414720816006361,0.9999579191207886,0.6511967182159424,0.36429430544376373,0.35786033152550883
00026,/Users/nikko/Downloads/moi-main/project_root/data/visualizations/video/pushups_video3/frame_00026.png,"[60, 73, 541, 281]",LEFT_HIP,-0.3897121818963174,0.2814336893572047,0.9998136162757874,0.6511967182159424,0.36429430544376373,0.35786033152550883
00026,/Users/nikko/Downloads/moi-main/project_root/data/visualizations/video/pushups_video3/frame_00026.png,"[60, 73, 541, 281]",RIGHT_HIP,-0.40388746777188417,0.3236933033791239,0.9999035596847534,0.6511967182159424,0.36429430544376373,0.35786033152550883
00026,/Users/nikko/Downloads/moi-main/project_root/data/visualizations/video/pushups_video3/frame_00026.png,"[60, 73, 541, 281]",RIGHT_ELBOW,0.16693982022890913,0.6930096595002456,0.9932732582092285,0.6511967182159424,0.36429430544376373,0.35786033152550883
00026,/Users/nikko/Downloads/moi-main/project_root/data/visualizations/video/pushups_video3/frame_00026.png,"[60, 73, 541, 281]",RIGHT_WRIST,0.1868147346034465,1.671776947739564,0.9926901459693909,0.6511967182159424,0.36429430544376373,0.35786033152550883
00026,/Users/nikko/Downloads/moi-main/project_root/data/visualizations/video/pushups_video3/frame_00026.png,"[60, 73, 541, 281]",RIGHT_KNEE,-1.015378490470725,0.8775308849151817,0.9576780200004578,0.6511967182159424,0.36429430544376373,0.35786033152550883
00026,/Users/nikko/Downloads/moi-main/project_root/data/visualizations/video/pushups_video3/frame_00026.png,"[60, 73, 541, 281]",LEFT_ANKLE,-1.497585049791001,1.0243331281704044,0.54047030210495,0.6511967182159424,0.36429430544376373,0.35786033152550883
00026,/Users/nikko/Downloads/moi-main/project_root/data/visualizations/video/pushups_video3/frame_00026.png,"[60, 73, 541, 281]",RIGHT_ANKLE,-1.5993274158992625,1.0750105205244023,0.9937762022018433,0.6511967182159424,0.36429430544376373,0.35786033152550883
00026,/Users/nikko/Downloads/moi-main/project_root/data/visualizations/video/pushups_video3/frame_00026.png,"[60, 73, 541, 281]",LEFT_EYE,0.7847492358882541,-0.22272493416258415,0.9997050166130066,0.6511967182159424,0.36429430544376373,0.35786033152550883
00026,/Users/nikko/Downloads/moi-main/project_root/data/visualizations/video/pushups_video3/frame_00026.png,"[60, 73, 541, 281]",RIGHT_EYE,0.784068678259768,-0.23466567252376777,0.9997995495796204,0.6511967182159424,0.36429430544376373,0.35786033152550883
00027,/Users/nikko/Downloads/moi-main/project_root/data/visualizations/video/pushups_video3/frame_00027.png,"[62, 82, 546, 281]",LEFT_SHOULDER,0.3870237495688123,-0.382795526652604,0.9999701976776123,0.6466698199510574,0.3501354306936264,0.36411471266670314
00027,/Users/nikko/Downloads/moi-main/project_root/data/visualizations/video/pushups_video3/frame_00027.png,"[62, 82, 546, 281]",RIGHT_SHOULDER,0.40292728284492946,-0.22452416982398804,0.9999514818191528,0.6466698199510574,0.3501354306936264,0.36411471266670314
00027,/Users/nikko/Downloads/moi-main/project_root/data/visualizations/video/pushups_video3/frame_00027.png,"[62, 82, 546, 281]",LEFT_HIP,-0.3862041983568261,0.27581147677433926,0.9996237754821777,0.6466698199510574,0.3501354306936264,0.36411471266670314
00027,/Users/nikko/Downloads/moi-main/project_root/data/visualizations/video/pushups_video3/frame_00027.png,"[62, 82, 546, 281]",RIGHT_HIP,-0.40374683405691564,0.3315082197022528,0.9998130202293396,0.6466698199510574,0.3501354306936264,0.36411471266670314
00027,/Users/nikko/Downloads/moi-main/project_root/data/visualizations/video/pushups_video3/frame_00027.png,"[62, 82, 546, 281]",RIGHT_ELBOW,0.14178305538770952,0.680017359365403,0.992895781993866,0.6466698199510574,0.3501354306936264,0.36411471266670314
00027,/Users/nikko/Downloads/moi-main/project_root/data/visualizations/video/pushups_video3/frame_00027.png,"[62, 82, 546, 281]",RIGHT_WRIST,0.1674794603615494,1.652697864329015,0.9928223490715027,0.6466698199510574,0.3501354306936264,0.36411471266670314
00027,/Users/nikko/Downloads/moi-main/project_root/data/visualizations/video/pushups_video3/frame_00027.png,"[62, 82, 546, 281]",RIGHT_KNEE,-1.0097154537477038,0.8863520839963702,0.9557439088821411,0.6466698199510574,0.3501354306936264,0.36411471266670314
00027,/Users/nikko/Downloads/moi-main/project_root/data/visualizations/video/pushups_video3/frame_00027.png,"[62, 82, 546, 281]",LEFT_ANKLE,-1.5115053065163455,1.042346409493971,0.5335550308227539,0.6466698199510574,0.3501354306936264,0.36411471266670314
00027,/Users/nikko/Downloads/moi-main/project_root/data/visualizations/video/pushups_video3/frame_00027.png,"[62, 82, 546, 281]",RIGHT_ANKLE,-1.5804623602256311,1.1253059781582322,0.9924566745758057,0.6466698199510574,0.3501354306936264,0.36411471266670314
00027,/Users/nikko/Downloads/moi-main/project_root/data/visualizations/video/pushups_video3/frame_00027.png,"[62, 82, 546, 281]",LEFT_EYE,0.7739560331954101,-0.19324707371993216,0.999639630317688,0.6466698199510574,0.3501354306936264,0.36411471266670314
00027,/Users/nikko/Downloads/moi-main/project_root/data/visualizations/video/pushups_video3/frame_00027.png,"[62, 82, 546, 281]",RIGHT_EYE,0.7741233319747269,-0.20420964544466919,0.9997546076774597,0.6466698199510574,0.3501354306936264,0.36411471266670314
00028,/Users/nikko/Downloads/moi-main/project_root/data/visualizations/video/pushups_video3/frame_00028.png,"[58, 88, 549, 280]",LEFT_SHOULDER,0.38344468454802777,-0.3840437153263391,0.9999402761459351,0.6527308374643326,0.35397711023688316,0.3629763723715041
00028,/Users/nikko/Downloads/moi-main/project_root/data/visualizations/video/pushups_video3/frame_00028.png,"[58, 88, 549, 280]",RIGHT_SHOULDER,0.397616898661389,-0.23733880237183233,0.9999369382858276,0.6527308374643326,0.35397711023688316,0.3629763723715041
00028,/Users/nikko/Downloads/moi-main/project_root/data/visualizations/video/pushups_video3/frame_00028.png,"[58, 88, 549, 280]",LEFT_HIP,-0.377045635527965,0.30003549611255137,0.9996874332427979,0.6527308374643326,0.35397711023688316,0.3629763723715041
00028,/Users/nikko/Downloads/moi-main/project_root/data/visualizations/video/pushups_video3/frame_00028.png,"[58, 88, 549, 280]",RIGHT_HIP,-0.4040159476814517,0.32134702158562,0.9998524188995361,0.6527308374643326,0.35397711023688316,0.3629763723715041
00028,/Users/nikko/Downloads/moi-main/project_root/data/visualizations/video/pushups_video3/frame_00028.png,"[58, 88, 549, 280]",RIGHT_ELBOW,0.11808165476932898,0.6842594841207319,0.9917335510253906,0.6527308374643326,0.35397711023688316,0.3629763723715041
00028,/Users/nikko/Downloads/moi-main/project_root/data/visualizations/video/pushups_video3/frame_00028.png,"[58, 88, 549, 280]",RIGHT_WRIST,0.14517578187492133,1.6526804309660976,0.98841792345047,0.6527308374643326,0.35397711023688316,0.3629763723715041
00028,/Users/nikko/Downloads/moi-main/project_root/data/visualizations/video/pushups_video3/frame_00028.png,"[58, 88, 549, 280]",RIGHT_KNEE,-1.0010493477833204,0.8576120760362195,0.9346608519554138,0.6527308374643326,0.35397711023688316,0.3629763723715041
00028,/Users/nikko/Downloads/moi-main/project_root/data/visualizations/video/pushups_video3/frame_00028.png,"[58, 88, 549, 280]",RIGHT_ANKLE,-1.5845672128082606,1.0603549548388547,0.9871411323547363,0.6527308374643326,0.35397711023688316,0.3629763723715041
00028,/Users/nikko/Downloads/moi-main/project_root/data/visualizations/video/pushups_video3/frame_00028.png,"[58, 88, 549, 280]",LEFT_EYE,0.7600690782909942,-0.17888558285088257,0.9993076324462891,0.6527308374643326,0.35397711023688316,0.3629763723715041
00028,/Users/nikko/Downloads/moi-main/project_root/data/visualizations/video/pushups_video3/frame_00028.png,"[58, 88, 549, 280]",RIGHT_EYE,0.759397127649063,-0.19530083454817818,0.9995669722557068,0.6527308374643326,0.35397711023688316,0.3629763723715041
00029,/Users/nikko/Downloads/moi-main/project_root/data/visualizations/video/pushups_video3/frame_00029.png,"[70, 94, 545, 279]",LEFT_SHOULDER,0.3880372230061786,-0.39948591772007785,0.9999580383300781,0.6534556746482849,0.3552313670516014,0.37643127823359135
00029,/Users/nikko/Downloads/moi-main/project_root/data/visualizations/video/pushups_video3/frame_00029.png,"[70, 94, 545, 279]",RIGHT_SHOULDER,0.39569904527802996,-0.2141136951352475,0.9999517202377319,0.6534556746482849,0.3552313670516014,0.37643127823359135
00029,/Users/nikko/Downloads/moi-main/project_root/data/visualizations/video/pushups_video3/frame_00029.png,"[70, 94, 545, 279]",LEFT_HIP,-0.38028277103214836,0.2716892699382607,0.9996695518493652,0.6534556746482849,0.3552313670516014,0.37643127823359135
00029,/Users/nikko/Downloads/moi-main/project_root/data/visualizations/video/pushups_video3/frame_00029.png,"[70, 94, 545, 279]",RIGHT_HIP,-0.4034534972520602,0.3419103429170646,0.9998494386672974,0.6534556746482849,0.3552313670516014,0.37643127823359135
00029,/Users/nikko/Downloads/moi-main/project_root/data/visualizations/video/pushups_video3/frame_00029.png,"[70, 94, 545, 279]",RIGHT_ELBOW,0.09111263350100088,0.6601230589087249,0.9930778741836548,0.6534556746482849,0.3552313670516014,0.37643127823359135
00029,/Users/nikko/Downloads/moi-main/project_root/data/visualizations/video/pushups_video3/frame_00029.png,"[70, 94, 545, 279]",RIGHT_WRIST,0.135252349173649,1.6136034939478408,0.9951325058937073,0.6534556746482849,0.3552313670516014,0.37643127823359135
00029,/Users/nikko/Downloads/moi-main/project_root/data/visualizations/video/pushups_video3/frame_00029.png,"[70, 94, 545, 279]",RIGHT_KNEE,-0.9975049573641824,0.8219701081141092,0.9311037659645081,0.6534556746482849,0.3552313670516014,0.37643127823359135
00029,/Users/nikko/Downloads/moi-main/project_root/data/visualizations/video/pushups_video3/frame_00029.png,"[70, 94, 545, 279]",RIGHT_ANKLE,-1.5582321299959287,1.0105057537843778,0.9878621101379395,0.6534556746482849,0.3552313670516014,0.37643127823359135
00029,/Users/nikko/Downloads/moi-main/project_root/data/visualizations/video/pushups_video3/frame_00029.png,"[70, 94, 545, 279]",LEFT_EYE,0.7581753790653384,-0.13096088236678294,0.9994491934776306,0.6534556746482849,0.3552313670516014,0.37643127823359135
00029,/Users/nikko/Downloads/moi-main/project_root/data/visualizations/video/pushups_video3/frame_00029.png,"[70, 94, 545, 279]",RIGHT_EYE,0.7584138411704349,-0.14227817353521938,0.9996616840362549,0.6534556746482849,0.3552313670516014,0.37643127823359135
00030,/Users/nikko/Downloads/moi-main/project_root/data/visualizations/video/pushups_video3/frame_00030.png,"[62, 100, 555, 281]",LEFT_SHOULDER,0.3842885943463462,-0.40209752119611003,0.9999675750732422,0.6509688943624496,0.35102206841111183,0.36456933782889744
00030,/Users/nikko/Downloads/moi-main/project_root/data/visualizations/video/pushups_video3/frame_00030.png,"[62, 100, 555, 281]",RIGHT_SHOULDER,0.39750310395734584,-0.20854184765851635,0.999964714050293,0.6509688943624496,0.35102206841111183,0.36456933782889744
00030,/Users/nikko/Downloads/moi-main/project_root/data/visualizations/video/pushups_video3/frame_00030.png,"[62, 100, 555, 281]",LEFT_HIP,-0.3870103490880026,0.24483431559458155,0.999660849571228,0.6509688943624496,0.35102206841111183,0.36456933782889744
00030,/Users/nikko/Downloads/moi-main/project_root/data/visualizations/video/pushups_video3/frame_00030.png,"[62, 100, 555, 281]",RIGHT_HIP,-0.39478134921568947,0.36580505326004487,0.999861478805542,0.6509688943624496,0.35102206841111183,0.36456933782889744
00030,/Users/nikko/Downloads/moi-main/project_root/data/visualizations/video/pushups_video3/frame_00030.png,"[62, 100, 555, 281]",RIGHT_ELBOW,0.05992769318030397,0.6549044548144876,0.994681179523468,0.6509688943624496,0.35102206841111183,0.36456933782889744
00030,/Users/nikko/Downloads/moi-main/project_root/data/visualizations/video/pushups_video3/frame_00030.png,"[62, 100, 555, 281]",RIGHT_WRIST,0.11454704496455546,1.6326439380276825,0.9982402324676514,0.6509688943624496,0.35102206841111183,0.36456933782889744
00030,/Users/nikko/Downloads/moi-main/project_root/data/visualizations/video/pushups_video3/frame_00030.png,"[62, 100, 555, 281]",RIGHT_KNEE,-0.9905136644891313,0.8363086113160367,0.9437589645385742,0.6509688943624496,0.35102206841111183,0.36456933782889744
00030,/Users/nikko/Downloads/moi-main/project_root/data/visualizations/video/pushups_video3/frame_00030.png,"[62, 100, 555, 281]",LEFT_ANKLE,-1.4704306763826571,0.9167149441261327,0.509529173374176,0.6509688943624496,0.35102206841111183,0.36456933782889744
00030,/Users/nikko/Downloads/moi-main/project_root/data/visualizations/video/pushups_video3/frame_00030.png,"[62, 100, 555, 281]",RIGHT_ANKLE,-1.54725184632431,1.0369662295170408,0.9913696050643921,0.6509688943624496,0.35102206841111183,0.36456933782889744
00030,/Users/nikko/Downloads/moi-main/project_root/data/visualizations/video/pushups_video3/frame_00030.png,"[62, 100, 555, 281]",LEFT_EYE,0.7510258148849148,-0.08740483730512609,0.9992662072181702,0.6509688943624496,0.35102206841111183,0.36456933782889744
00030,/Users/nikko/Downloads/moi-main/project_root/data/visualizations/video/pushups_video3/frame_00030.png,"[62, 100, 555, 281]",RIGHT_EYE,0.747742215411635,-0.09076249924411971,0.9995790123939514,0.6509688943624496,0.35102206841111183,0.36456933782889744
00031,/Users/nikko/Downloads/moi-main/project_root/data/visualizations/video/pushups_video3/frame_00031.png,"[61, 106, 557, 282]",LEFT_SHOULDER,0.40386543252944646,-0.36824303857005797,0.9999724626541138,0.652642011642456,0.3596060574054718,0.36003755536037146
00031,/Users/nikko/Downloads/moi-main/project_root/data/visualizations/video/pushups_video3/frame_00031.png,"[61, 106, 557, 282]",RIGHT_SHOULDER,0.3963924519331081,-0.22728563897129694,0.999956488609314,0.652642011642456,0.3596060574054718,0.36003755536037146
00031,/Users/nikko/Downloads/moi-main/project_root/data/visualizations/video/pushups_video3/frame_00031.png,"[61, 106, 557, 282]",LEFT_HIP,-0.39205981180934274,0.2721052291431261,0.9995313882827759,0.652642011642456,0.3596060574054718,0.36003755536037146
00031,/Users/nikko/Downloads/moi-main/project_root/data/visualizations/video/pushups_video3/frame_00031.png,"[61, 106, 557, 282]",RIGHT_HIP,-0.40819807265321184,0.3234234483982288,0.9998047947883606,0.652642011642456,0.3596060574054718,0.36003755536037146
00031,/Users/nikko/Downloads/moi-main/project_root/data/visualizations/video/pushups_video3/frame_00031.png,"[61, 106, 557, 282]",RIGHT_ELBOW,0.03275960005238404,0.6381750772770269,0.9959176182746887,0.652642011642456,0.3596060574054718,0.36003755536037146
00031,/Users/nikko/Downloads/moi-main/project_root/data/visualizations/video/pushups_video3/frame_00031.png,"[61, 106, 557, 282]",RIGHT_WRIST,0.13176781874093774,1.6517271248887866,0.9972213506698608,0.652642011642456,0.3596060574054718,0.36003755536037146
00031,/Users/nikko/Downloads/moi-main/project_root/data/visualizations/video/pushups_video3/frame_00031.png,"[61, 106, 557, 282]",RIGHT_KNEE,-1.0169422876016159,0.8248212935567238,0.9691306948661804,0.652642011642456,0.3596060574054718,0.36003755536037146
00031,/Users/nikko/Downloads/moi-main/project_root/data/visualizations/video/pushups_video3/frame_00031.png,"[61, 106, 557, 282]",LEFT_ANKLE,-1.486091175345064,0.8725124518484862,0.5265949964523315,0.652642011642456,0.3596060574054718,0.36003755536037146
00031,/Users/nikko/Downloads/moi-main/project_root/data/visualizations/video/pushups_video3/frame_00031.png,"[61, 106, 557, 282]",RIGHT_ANKLE,-1.590085030121931,0.9224736480209973,0.9944248199462891,0.652642011642456,0.3596060574054718,0.36003755536037146
00031,/Users/nikko/Downloads/moi-main/project_root/data/visualizations/video/pushups_video3/frame_00031.png,"[61, 106, 557, 282]",LEFT_EYE,0.7668869038753394,-0.05948427989722227,0.9996681213378906,0.652642011642456,0.3596060574054718,0.36003755536037146
00031,/Users/nikko/Downloads/moi-main/project_root/data/visualizations/video/pushups_video3/frame_00031.png,"[61, 106, 557, 282]",RIGHT_EYE,0.764140244126251,-0.06992443442418023,0.9997918009757996,0.652642011642456,0.3596060574054718,0.36003755536037146
00032,/Users/nikko/Downloads/moi-main/project_root/data/visualizations/video/pushups_video3/frame_00032.png,"[67, 115, 553, 281]",LEFT_SHOULDER,0.4115185554407452,-0.3694178816969649,0.9999796152114868,0.6615062206983566,0.35685644671320915,0.35795316894415635
00032,/Users/nikko/Downloads/moi-main/project_root/data/visualizations/video/pushups_video3/frame_00032.png,"[67, 115, 553, 281]",RIGHT_SHOULDER,0.39829891343373036,-0.21548477510403977,0.9999672174453735,0.6615062206983566,0.35685644671320915,0.35795316894415635
00032,/Users/nikko/Downloads/moi-main/project_root/data/visualizations/video/pushups_video3/frame_00032.png,"[67, 115, 553, 281]",LEFT_HIP,-0.3939602765485587,0.30049971587597224,0.9996459484100342,0.6615062206983566,0.35685644671320915,0.35795316894415635
00032,/Users/nikko/Downloads/moi-main/project_root/data/visualizations/video/pushups_video3/frame_00032.png,"[67, 115, 553, 281]",RIGHT_HIP,-0.41585719232591684,0.2844029409250324,0.9998651742935181,0.6615062206983566,0.35685644671320915,0.35795316894415635
00032,/Users/nikko/Downloads/moi-main/project_root/data/visualizations/video/pushups_video3/frame_00032.png,"[67, 115, 553, 281]",RIGHT_ELBOW,-0.005233364702455836,0.599661596570908,0.9972354769706726,0.6615062206983566,0.35685644671320915,0.35795316894415635
00032,/Users/nikko/Downloads/moi-main/project_root/data/visualizations/video/pushups_video3/frame_00032.png,"[67, 115, 553, 281]",RIGHT_WRIST,0.10849318899386637,1.6763195958197423,0.9984238147735596,0.6615062206983566,0.35685644671320915,0.35795316894415635
00032,/Users/nikko/Downloads/moi-main/project_root/data/visualizations/video/pushups_video3/frame_00032.png,"[67, 115, 553, 281]",RIGHT_KNEE,-1.0319649439663388,0.7637551694806808,0.9835752248764038,0.6615062206983566,0.35685644671320915,0.35795316894415635
00032,/Users/nikko/Downloads/moi-main/project_root/data/visualizations/video/pushups_video3/frame_00032.png,"[67, 115, 553, 281]",LEFT_ANKLE,-1.4801478576369251,0.8802890029930537,0.6077620983123779,0.6615062206983566,0.35685644671320915,0.35795316894415635
00032,/Users/nikko/Downloads/moi-main/project_root/data/visualizations/video/pushups_video3/frame_00032.png,"[67, 115, 553, 281]",RIGHT_ANKLE,-1.6040922837665066,0.8885476575417616,0.9969248175621033,0.6615062206983566,0.35685644671320915,0.35795316894415635
00032,/Users/nikko/Downloads/moi-main/project_root/data/visualizations/video/pushups_video3/frame_00032.png,"[67, 115, 553, 281]",LEFT_EYE,0.7716907741273703,0.014903162750547405,0.9996826648712158,0.6615062206983566,0.35685644671320915,0.35795316894415635
00032,/Users/nikko/Downloads/moi-main/project_root/data/visualizations/video/pushups_video3/frame_00032.png,"[67, 115, 553, 281]",RIGHT_EYE,0.7662455604572432,0.004904590840316706,0.9998072981834412,0.6615062206983566,0.35685644671320915,0.35795316894415635
00033,/Users/nikko/Downloads/moi-main/project_root/data/visualizations/video/pushups_video3/frame_00033.png,"[64, 126, 559, 281]",LEFT_SHOULDER,0.4153937965109368,-0.3611472558756717,0.9999730587005615,0.6591000407934189,0.34455515071749687,0.35419208034433813
00033,/Users/nikko/Downloads/moi-main/project_root/data/visualizations/video/pushups_video3/frame_00033.png,"[64, 126, 559, 281]",RIGHT_SHOULDER,0.3955681617909091,-0.21905948755711085,0.9999675750732422,0.6591000407934189,0.34455515071749687,0.35419208034433813
00033,/Users/nikko/Downloads/moi-main/project_root/data/visualizations/video/pushups_video3/frame_00033.png,"[64, 126, 559, 281]",LEFT_HIP,-0.4004804381513081,0.2578814774757637,0.999534010887146,0.6591000407934189,0.34455515071749687,0.35419208034433813
00033,/Users/nikko/Downloads/moi-main/project_root/data/visualizations/video/pushups_video3/frame_00033.png,"[64, 126, 559, 281]",RIGHT_HIP,-0.4104815201505378,0.3223252659570189,0.9998416900634766,0.6591000407934189,0.34455515071749687,0.35419208034433813
00033,/Users/nikko/Downloads/moi-main/project_root/data/visualizations/video/pushups_video3/frame_00033.png,"[64, 126, 559, 281]",RIGHT_ELBOW,-0.01613799867561208,0.5482936807700022,0.9970067143440247,0.6591000407934189,0.34455515071749687,0.35419208034433813
00033,/Users/nikko/Downloads/moi-main/project_root/data/visualizations/video/pushups_video3/frame_00033.png,"[64, 126, 559, 281]",RIGHT_WRIST,0.10745942156928469,1.710312549126433,0.9984835982322693,0.6591000407934189,0.34455515071749687,0.35419208034433813
00033,/Users/nikko/Downloads/moi-main/project_root/data/visualizations/video/pushups_video3/frame_00033.png,"[64, 126, 559, 281]",RIGHT_KNEE,-1.0109012656367988,0.8194534225780912,0.9838833212852478,0.6591000407934189,0.34455515071749687,0.35419208034433813
00033,/Users/nikko/Downloads/moi-main/project_root/data/visualizations/video/pushups_video3/frame_00033.png,"[64, 126, 559, 281]",LEFT_ANKLE,-1.4518967298095444,0.8347296840730275,0.542306125164032,0.6591000407934189,0.34455515071749687,0.35419208034433813
00033,/Users/nikko/Downloads/moi-main/project_root/data/visualizations/video/pushups_video3/frame_00033.png,"[64, 126, 559, 281]",RIGHT_ANKLE,-1.5822151363143475,0.8931310890734762,0.9956896901130676,0.6591000407934189,0.34455515071749687,0.35419208034433813
00033,/Users/nikko/Downloads/moi-main/project_root/data/visualizations/video/pushups_video3/frame_00033.png,"[64, 126, 559, 281]",LEFT_EYE,0.763422026214165,0.06883544861470672,0.9996786117553711,0.6591000407934189,0.34455515071749687,0.35419208034433813
00033,/Users/nikko/Downloads/moi-main/project_root/data/visualizations/video/pushups_video3/frame_00033.png,"[64, 126, 559, 281]",RIGHT_EYE,0.7606000820101421,0.06169308074069857,0.999821126461029,0.6591000407934189,0.34455515071749687,0.35419208034433813
00034,/Users/nikko/Downloads/moi-main/project_root/data/visualizations/video/pushups_video3/frame_00034.png,"[63, 126, 559, 281]",LEFT_SHOULDER,0.4194937523480019,-0.3771440327772506,0.9999723434448242,0.6602426618337631,0.344634048640728,0.34721853122436996
00034,/Users/nikko/Downloads/moi-main/project_root/data/visualizations/video/pushups_video3/frame_00034.png,"[63, 126, 559, 281]",RIGHT_SHOULDER,0.38995738185564865,-0.20317728252739523,0.9999715089797974,0.6602426618337631,0.344634048640728,0.34721853122436996
00034,/Users/nikko/Downloads/moi-main/project_root/data/visualizations/video/pushups_video3/frame_00034.png,"[63, 126, 559, 281]",LEFT_HIP,-0.396097688750489,0.25068056745145273,0.9996390342712402,0.6602426618337631,0.344634048640728,0.34721853122436996
00034,/Users/nikko/Downloads/moi-main/project_root/data/visualizations/video/pushups_video3/frame_00034.png,"[63, 126, 559, 281]",RIGHT_HIP,-0.41335344545316155,0.32964074785319314,0.9998732805252075,0.6602426618337631,0.344634048640728,0.34721853122436996
00034,/Users/nikko/Downloads/moi-main/project_root/data/visualizations/video/pushups_video3/frame_00034.png,"[63, 126, 559, 281]",RIGHT_ELBOW,-0.02033620994219746,0.5609076448665297,0.996959924697876,0.6602426618337631,0.344634048640728,0.34721853122436996
00034,/Users/nikko/Downloads/moi-main/project_root/data/visualizations/video/pushups_video3/frame_00034.png,"[63, 126, 559, 281]",RIGHT_WRIST,0.09708639828466463,1.7190293155265859,0.9987334609031677,0.6602426618337631,0.344634048640728,0.34721853122436996
00034,/Users/nikko/Downloads/moi-main/project_root/data/visualizations/video/pushups_video3/frame_00034.png,"[63, 126, 559, 281]",RIGHT_KNEE,-1.0166696045370403,0.8090073204534375,0.9744900465011597,0.6602426618337631,0.344634048640728,0.34721853122436996
00034,/Users/nikko/Downloads/moi-main/project_root/data/visualizations/video/pushups_video3/frame_00034.png,"[63, 126, 559, 281]",RIGHT_ANKLE,-1.579909358372985,0.8918705212416674,0.9906009435653687,0.6602426618337631,0.344634048640728,0.34721853122436996
00034,/Users/nikko/Downloads/moi-main/project_root/data/visualizations/video/pushups_video3/frame_00034.png,"[63, 126, 559, 281]",LEFT_EYE,0.7719390767791932,0.07517889068318875,0.9996882677078247,0.6602426618337631,0.344634048640728,0.34721853122436996
00034,/Users/nikko/Downloads/moi-main/project_root/data/visualizations/video/pushups_video3/frame_00034.png,"[63, 126, 559, 281]",RIGHT_EYE,0.7678183016212893,0.06677280118850783,0.9998339414596558,0.6602426618337631,0.344634048640728,0.34721853122436996
00035,/Users/nikko/Downloads/moi-main/project_root/data/visualizations/video/pushups_video3/frame_00035.png,"[68, 137, 557, 281]",LEFT_SHOULDER,0.41661405534823187,-0.3812288013680204,0.9999674558639526,0.6653515249490738,0.3368217796087265,0.34788076607056706
00035,/Users/nikko/Downloads/moi-main/project_root/data/visualizations/video/pushups_video3/frame_00035.png,"[68, 137, 557, 281]",RIGHT_SHOULDER,0.3967695286008838,-0.1937864160642591,0.9999611377716064,0.6653515249490738,0.3368217796087265,0.34788076607056706
00035,/Users/nikko/Downloads/moi-main/project_root/data/visualizations/video/pushups_video3/frame_00035.png,"[68, 137, 557, 281]",LEFT_HIP,-0.3953488926808891,0.2587023585798021,0.9997181296348572,0.6653515249490738,0.3368217796087265,0.34788076607056706
00035,/Users/nikko/Downloads/moi-main/project_root/data/visualizations/video/pushups_video3/frame_00035.png,"[68, 137, 557, 281]",RIGHT_HIP,-0.4180346912682267,0.3163128588524774,0.9998977184295654,0.6653515249490738,0.3368217796087265,0.34788076607056706
00035,/Users/nikko/Downloads/moi-main/project_root/data/visualizations/video/pushups_video3/frame_00035.png,"[68, 137, 557, 281]",RIGHT_ELBOW,-0.03339608098712705,0.5255414408744413,0.9968664050102234,0.6653515249490738,0.3368217796087265,0.34788076607056706
00035,/Users/nikko/Downloads/moi-main/project_root/data/visualizations/video/pushups_video3/frame_00035.png,"[68, 137, 557, 281]",RIGHT_WRIST,0.08160852166074378,1.7390347140831057,0.998302698135376,0.6653515249490738,0.3368217796087265,0.34788076607056706
00035,/Users/nikko/Downloads/moi-main/project_root/data/visualizations/video/pushups_video3/frame_00035.png,"[68, 137, 557, 281]",RIGHT_KNEE,-1.0232346740162248,0.820242309312962,0.984961986541748,0.6653515249490738,0.3368217796087265,0.34788076607056706
00035,/Users/nikko/Downloads/moi-main/project_root/data/visualizations/video/pushups_video3/frame_00035.png,"[68, 137, 557, 281]",LEFT_ANKLE,-1.4791869287066872,0.8154791568585382,0.5610454678535461,0.6653515249490738,0.3368217796087265,0.34788076607056706
00035,/Users/nikko/Downloads/moi-main/project_root/data/visualizations/video/pushups_video3/frame_00035.png,"[68, 137, 557, 281]",RIGHT_ANKLE,-1.5848889918092166,0.8497981843019194,0.9946181178092957,0.6653515249490738,0.3368217796087265,0.34788076607056706
00035,/Users/nikko/Downloads/moi-main/project_root/data/visualizations/video/pushups_video3/frame_00035.png,"[68, 137, 557, 281]",LEFT_EYE,0.7745851799956501,0.14703855910216806,0.9996141195297241,0.6653515249490738,0.3368217796087265,0.34788076607056706
00035,/Users/nikko/Downloads/moi-main/project_root/data/visualizations/video/pushups_video3/frame_00035.png,"[68, 137, 557, 281]",RIGHT_EYE,0.770588586680834,0.13586374083575786,0.9997830986976624,0.6653515249490738,0.3368217796087265,0.34788076607056706
00036,/Users/nikko/Downloads/moi-main/project_root/data/visualizations/video/pushups_video3/frame_00036.png,"[69, 146, 559, 282]",LEFT_SHOULDER,0.4306275328546435,-0.3761745685697485,0.9999687671661377,0.6603960692882538,0.33397866040468216,0.3520733786122061
00036,/Users/nikko/Downloads/moi-main/project_root/data/visualizations/video/pushups_video3/frame_00036.png,"[69, 146, 559, 282]",RIGHT_SHOULDER,0.4087185878498324,-0.1518105296846683,0.9999685287475586,0.6603960692882538,0.33397866040468216,0.3520733786122061
00036,/Users/nikko/Downloads/moi-main/project_root/data/visualizations/video/pushups_video3/frame_00036.png,"[69, 146, 559, 282]",LEFT_HIP,-0.4090021587928907,0.21063325871605937,0.9996114373207092,0.6603960692882538,0.33397866040468216,0.3520733786122061
00036,/Users/nikko/Downloads/moi-main/project_root/data/visualizations/video/pushups_video3/frame_00036.png,"[69, 146, 559, 282]",RIGHT_HIP,-0.4303439619115852,0.31735183953835744,0.9998619556427002,0.6603960692882538,0.33397866040468216,0.3520733786122061
00036,/Users/nikko/Downloads/moi-main/project_root/data/visualizations/video/pushups_video3/frame_00036.png,"[69, 146, 559, 282]",RIGHT_ELBOW,-0.03094503891541665,0.4226887103595987,0.9973983764648438,0.6603960692882538,0.33397866040468216,0.3520733786122061
00036,/Users/nikko/Downloads/moi-main/project_root/data/visualizations/video/pushups_video3/frame_00036.png,"[69, 146, 559, 282]",RIGHT_WRIST,0.08325549775344222,1.7165715421726238,0.9979154467582703,0.6603960692882538,0.33397866040468216,0.3520733786122061
00036,/Users/nikko/Downloads/moi-main/project_root/data/visualizations/video/pushups_video3/frame_00036.png,"[69, 146, 559, 282]",RIGHT_KNEE,-1.0488401225757933,0.8225058793347676,0.9918128252029419,0.6603960692882538,0.33397866040468216,0.3520733786122061
00036,/Users/nikko/Downloads/moi-main/project_root/data/visualizations/video/pushups_video3/frame_00036.png,"[69, 146, 559, 282]",LEFT_ANKLE,-1.5178031456582513,0.7637801146362939,0.618405818939209,0.6603960692882538,0.33397866040468216,0.3520733786122061
00036,/Users/nikko/Downloads/moi-main/project_root/data/visualizations/video/pushups_video3/frame_00036.png,"[69, 146, 559, 282]",RIGHT_ANKLE,-1.635005809809649,0.8342230307019358,0.9968827962875366,0.6603960692882538,0.33397866040468216,0.3520733786122061
00036,/Users/nikko/Downloads/moi-main/project_root/data/visualizations/video/pushups_video3/frame_00036.png,"[69, 146, 559, 282]",LEFT_EYE,0.780551198555113,0.1960322331820097,0.9998595714569092,0.6603960692882538,0.33397866040468216,0.3520733786122061
00036,/Users/nikko/Downloads/moi-main/project_root/data/visualizations/video/pushups_video3/frame_00036.png,"[69, 146, 559, 282]",RIGHT_EYE,0.7764279923950029,0.17417864799712704,0.9999152421951294,0.6603960692882538,0.33397866040468216,0.3520733786122061
00037,/Users/nikko/Downloads/moi-main/project_root/data/visualizations/video/pushups_video3/frame_00037.png,"[74, 150, 560, 280]",LEFT_SHOULDER,0.43230483339136194,-0.4019477267653958,0.9999527931213379,0.660124346613884,0.36855195462703705,0.3624841865015286
00037,/Users/nikko/Downloads/moi-main/project_root/data/visualizations/video/pushups_video3/frame_00037.png,"[74, 150, 560, 280]",RIGHT_SHOULDER,0.40213403023750666,-0.11071873112329562,0.9999493360519409,0.660124346613884,0.36855195462703705,0.3624841865015286
00037,/Users/nikko/Downloads/moi-main/project_root/data/visualizations/video/pushups_video3/frame_00037.png,"[74, 150, 560, 280]",LEFT_HIP,-0.40814219388774753,0.15251607130345896,0.9995437264442444,0.660124346613884,0.36855195462703705,0.3624841865015286
00037,/Users/nikko/Downloads/moi-main/project_root/data/visualizations/video/pushups_video3/frame_00037.png,"[74, 150, 560, 280]",RIGHT_HIP,-0.4262966697411211,0.36015038658523246,0.9998248219490051,0.660124346613884,0.36855195462703705,0.3624841865015286
00037,/Users/nikko/Downloads/moi-main/project_root/data/visualizations/video/pushups_video3/frame_00037.png,"[74, 150, 560, 280]",RIGHT_ELBOW,-0.05046419250180097,0.30516052428021934,0.9968114495277405,0.660124346613884,0.36855195462703705,0.3624841865015286
00037,/Users/nikko/Downloads/moi-main/project_root/data/visualizations/video/pushups_video3/frame_00037.png,"[74, 150, 560, 280]",RIGHT_WRIST,0.083761292887349,1.6324515753746909,0.9946516156196594,0.660124346613884,0.36855195462703705,0.3624841865015286
00037,/Users/nikko/Downloads/moi-main/project_root/data/visualizations/video/pushups_video3/frame_00037.png,"[74, 150, 560, 280]",RIGHT_KNEE,-1.0579525078831737,0.7194062123018408,0.9892159700393677,0.660124346613884,0.36855195462703705,0.3624841865015286
00037,/Users/nikko/Downloads/moi-main/project_root/data/visualizations/video/pushups_video3/frame_00037.png,"[74, 150, 560, 280]",LEFT_ANKLE,-1.525368105138914,0.5679025186699781,0.656094491481781,0.660124346613884,0.36855195462703705,0.3624841865015286
00037,/Users/nikko/Downloads/moi-main/project_root/data/visualizations/video/pushups_video3/frame_00037.png,"[74, 150, 560, 280]",RIGHT_ANKLE,-1.628591163534667,0.6820235080153195,0.9953067898750305,0.660124346613884,0.36855195462703705,0.3624841865015286
00037,/Users/nikko/Downloads/moi-main/project_root/data/visualizations/video/pushups_video3/frame_00037.png,"[74, 150, 560, 280]",LEFT_EYE,0.7728767887016744,0.19965882478581118,0.9998483657836914,0.660124346613884,0.36855195462703705,0.3624841865015286
00037,/Users/nikko/Downloads/moi-main/project_root/data/visualizations/video/pushups_video3/frame_00037.png,"[74, 150, 560, 280]",RIGHT_EYE,0.7690957983771225,0.17334974894221508,0.9998950958251953,0.660124346613884,0.36855195462703705,0.3624841865015286
00038,/Users/nikko/Downloads/moi-main/project_root/data/visualizations/video/pushups_video3/frame_00038.png,"[74, 158, 561, 280]",LEFT_SHOULDER,0.42088631875389804,-0.39816991597886353,0.9999418258666992,0.6579148918390274,0.3748464062809944,0.3644780000460597
00038,/Users/nikko/Downloads/moi-main/project_root/data/visualizations/video/pushups_video3/frame_00038.png,"[74, 158, 561, 280]",RIGHT_SHOULDER,0.414740537238907,-0.10579949958849402,0.9999600648880005,0.6579148918390274,0.3748464062809944,0.3644780000460597
00038,/Users/nikko/Downloads/moi-main/project_root/data/visualizations/video/pushups_video3/frame_00038.png,"[74, 158, 561, 280]",LEFT_HIP,-0.4130742047637999,0.14079432132631514,0.9995263814926147,0.6579148918390274,0.3748464062809944,0.3644780000460597
00038,/Users/nikko/Downloads/moi-main/project_root/data/visualizations/video/pushups_video3/frame_00038.png,"[74, 158, 561, 280]",RIGHT_HIP,-0.42255265122900515,0.3631750942410424,0.9998296499252319,0.6579148918390274,0.3748464062809944,0.3644780000460597
00038,/Users/nikko/Downloads/moi-main/project_root/data/visualizations/video/pushups_video3/frame_00038.png,"[74, 158, 561, 280]",RIGHT_ELBOW,-0.03472163773471338,0.22778294364843635,0.9969651103019714,0.6579148918390274,0.3748464062809944,0.3644780000460597
00038,/Users/nikko/Downloads/moi-main/project_root/data/visualizations/video/pushups_video3/frame_00038.png,"[74, 158, 561, 280]",RIGHT_WRIST,0.09114611326196413,1.6116122515645344,0.9967535138130188,0.6579148918390274,0.3748464062809944,0.3644780000460597
00038,/Users/nikko/Downloads/moi-main/project_root/data/visualizations/video/pushups_video3/frame_00038.png,"[74, 158, 561, 280]",RIGHT_KNEE,-1.0389730980809977,0.7524286923764801,0.9827960133552551,0.6579148918390274,0.3748464062809944,0.3644780000460597
00038,/Users/nikko/Downloads/moi-main/project_root/data/visualizations/video/pushups_video3/frame_00038.png,"[74, 158, 561, 280]",LEFT_ANKLE,-1.534992683358576,0.5039068023825686,0.530648410320282,0.6579148918390274,0.3748464062809944,0.3644780000460597
00038,/Users/nikko/Downloads/moi-main/project_root/data/visualizations/video/pushups_video3/frame_00038.png,"[74, 158, 561, 280]",RIGHT_ANKLE,-1.6063227968285159,0.6470890716055493,0.9910110235214233,0.6579148918390274,0.3748464062809944,0.3644780000460597
00038,/Users/nikko/Downloads/moi-main/project_root/data/visualizations/video/pushups_video3/frame_00038.png,"[74, 158, 561, 280]",LEFT_EYE,0.7706241492898477,0.23756360145021332,0.9997867941856384,0.6579148918390274,0.3748464062809944,0.3644780000460597
00038,/Users/nikko/Downloads/moi-main/project_root/data/visualizations/video/pushups_video3/frame_00038.png,"[74, 158, 561, 280]",RIGHT_EYE,0.7690162803173511,0.2088728215201144,0.9998741149902344,0.6579148918390274,0.3748464062809944,0.3644780000460597
00039,/Users/nikko/Downloads/moi-main/project_root/data/visualizations/video/pushups_video3/frame_00039.png,"[77, 166, 563, 282]",LEFT_SHOULDER,0.4368808809439343,-0.3734294539512326,0.9998353719711304,0.6579248309135437,0.37858521193265915,0.35634004560159127
00039,/Users/nikko/Downloads/moi-main/project_root/data/visualizations/video/pushups_video3/frame_00039.png,"[77, 166, 563, 282]",RIGHT_SHOULDER,0.4125056052287677,-0.13193190115592174,0.9998483657836914,0.6579248309135437,0.37858521193265915,0.35634004560159127
00039,/Users/nikko/Downloads/moi-main/project_root/data/visualizations/video/pushups_video3/frame_00039.png,"[77, 166, 563, 282]",LEFT_HIP,-0.4166886684992078,0.18550410709952608,0.9992614388465881,0.6579248309135437,0.37858521193265915,0.35634004560159127
00039,/Users/nikko/Downloads/moi-main/project_root/data/visualizations/video/pushups_video3/frame_00039.png,"[77, 166, 563, 282]",RIGHT_HIP,-0.43269781767349413,0.31985724800762827,0.9997004270553589,0.6579248309135437,0.37858521193265915,0.35634004560159127
00039,/Users/nikko/Downloads/moi-main/project_root/data/visualizations/video/pushups_video3/frame_00039.png,"[77, 166, 563, 282]",RIGHT_ELBOW,-0.042486661740976,0.06780619189650333,0.9930807948112488,0.6579248309135437,0.37858521193265915,0.35634004560159127
00039,/Users/nikko/Downloads/moi-main/project_root/data/visualizations/video/pushups_video3/frame_00039.png,"[77, 166, 563, 282]",RIGHT_WRIST,0.0762072567507478,1.5921356573546783,0.983022153377533,0.6579248309135437,0.37858521193265915,0.35634004560159127
00039,/Users/nikko/Downloads/moi-main/project_root/data/visualizations/video/pushups_video3/frame_00039.png,"[77, 166, 563, 282]",RIGHT_KNEE,-1.058227358462865,0.6864012615565301,0.9809920191764832,0.6579248309135437,0.37858521193265915,0.35634004560159127
00039,/Users/nikko/Downloads/moi-main/project_root/data/visualizations/video/pushups_video3/frame_00039.png,"[77, 166, 563, 282]",LEFT_ANKLE,-1.5612518401221027,0.46061403185854455,0.5271957516670227,0.6579248309135437,0.37858521193265915,0.35634004560159127
00039,/Users/nikko/Downloads/moi-main/project_root/data/visualizations/video/pushups_video3/frame_00039.png,"[77, 166, 563, 282]",RIGHT_ANKLE,-1.6496069247073064,0.5771680779726795,0.9904539585113525,0.6579248309135437,0.37858521193265915,0.35634004560159127
00039,/Users/nikko/Downloads/moi-main/project_root/data/visualizations/video/pushups_video3/frame_00039.png,"[77, 166, 563, 282]",LEFT_EYE,0.7927237762803425,0.28291329564208967,0.9992663264274597,0.6579248309135437,0.37858521193265915,0.35634004560159127
00039,/Users/nikko/Downloads/moi-main/project_root/data/visualizations/video/pushups_video3/frame_00039.png,"[77, 166, 563, 282]",RIGHT_EYE,0.7888277466220295,0.24937753288255127,0.9995477795600891,0.6579248309135437,0.37858521193265915,0.35634004560159127
00040,/Users/nikko/Downloads/moi-main/project_root/data/visualizations/video/pushups_video3/frame_00040.png,"[91, 172, 575, 279]",LEFT_SHOULDER,0.43446324722253016,-0.4438081007020023,0.9998658895492554,0.6370581910014153,0.3962092772126198,0.3510350841500094
00040,/Users/nikko/Downloads/moi-main/project_root/data/visualizations/video/pushups_video3/frame_00040.png,"[91, 172, 575, 279]",RIGHT_SHOULDER,0.40734109005422015,-0.029171116749734237,0.9999154806137085,0.6370581910014153,0.3962092772126198,0.3510350841500094
00040,/Users/nikko/Downloads/moi-main/project_root/data/visualizations/video/pushups_video3/frame_00040.png,"[91, 172, 575, 279]",LEFT_HIP,-0.41380546764741644,0.13807697868536717,0.9996339082717896,0.6370581910014153,0.3962092772126198,0.3510350841500094
00040,/Users/nikko/Downloads/moi-main/project_root/data/visualizations/video/pushups_video3/frame_00040.png,"[91, 172, 575, 279]",RIGHT_HIP,-0.42799886962933387,0.3349022387663693,0.9998610019683838,0.6370581910014153,0.3962092772126198,0.3510350841500094
00040,/Users/nikko/Downloads/moi-main/project_root/data/visualizations/video/pushups_video3/frame_00040.png,"[91, 172, 575, 279]",RIGHT_ELBOW,-0.041394578350343846,-0.0363438442716672,0.9954811334609985,0.6370581910014153,0.3962092772126198,0.3510350841500094
00040,/Users/nikko/Downloads/moi-main/project_root/data/visualizations/video/pushups_video3/frame_00040.png,"[91, 172, 575, 279]",RIGHT_WRIST,0.058974026282134766,1.5689341563141201,0.9844409227371216,0.6370581910014153,0.3962092772126198,0.3510350841500094
00040,/Users/nikko/Downloads/moi-main/project_root/data/visualizations/video/pushups_video3/frame_00040.png,"[91, 172, 575, 279]",RIGHT_KNEE,-1.0689521064168925,0.6431018246594332,0.9786373376846313,0.6370581910014153,0.3962092772126198,0.3510350841500094
00040,/Users/nikko/Downloads/moi-main/project_root/data/visualizations/video/pushups_video3/frame_00040.png,"[91, 172, 575, 279]",LEFT_ANKLE,-1.5798847784221204,0.4922353029642955,0.5142914652824402,0.6370581910014153,0.3962092772126198,0.3510350841500094
00040,/Users/nikko/Downloads/moi-main/project_root/data/visualizations/video/pushups_video3/frame_00040.png,"[91, 172, 575, 279]",RIGHT_ANKLE,-1.6651263531987297,0.481834567892722,0.9868928790092468,0.6370581910014153,0.3962092772126198,0.3510350841500094
00040,/Users/nikko/Downloads/moi-main/project_root/data/visualizations/video/pushups_video3/frame_00040.png,"[91, 172, 575, 279]",LEFT_EYE,0.7874914037958981,0.37442279072018275,0.9995977282524109,0.6370581910014153,0.3962092772126198,0.3510350841500094
00040,/Users/nikko/Downloads/moi-main/project_root/data/visualizations/video/pushups_video3/frame_00040.png,"[91, 172, 575, 279]",RIGHT_EYE,0.7846999438981499,0.3513575892292997,0.9997559189796448,0.6370581910014153,0.3962092772126198,0.3510350841500094
00041,/Users/nikko/Downloads/moi-main/project_root/data/visualizations/video/pushups_video3/frame_00041.png,"[92, 179, 576, 284]",LEFT_SHOULDER,0.45207159316699547,-0.39948226052863317,0.9998315572738647,0.6392641663551331,0.3751949593424797,0.33688853163125987
00041,/Users/nikko/Downloads/moi-main/project_root/data/visualizations/video/pushups_video3/frame_00041.png,"[92, 179, 576, 284]",RIGHT_SHOULDER,0.4042597513601992,-0.06865124350033776,0.9999388456344604,0.6392641663551331,0.3751949593424797,0.33688853163125987
00041,/Users/nikko/Downloads/moi-main/project_root/data/visualizations/video/pushups_video3/frame_00041.png,"[92, 179, 576, 284]",LEFT_HIP,-0.42259928648453643,0.13772567403833397,0.9994426369667053,0.6392641663551331,0.3751949593424797,0.33688853163125987
00041,/Users/nikko/Downloads/moi-main/project_root/data/visualizations/video/pushups_video3/frame_00041.png,"[92, 179, 576, 284]",RIGHT_HIP,-0.43373205804265824,0.33040782999063695,0.9998123049736023,0.6392641663551331,0.3751949593424797,0.33688853163125987
00041,/Users/nikko/Downloads/moi-main/project_root/data/visualizations/video/pushups_video3/frame_00041.png,"[92, 179, 576, 284]",RIGHT_ELBOW,-0.049876578772345956,-0.137111781914408,0.9957444071769714,0.6392641663551331,0.3751949593424797,0.33688853163125987
00041,/Users/nikko/Downloads/moi-main/project_root/data/visualizations/video/pushups_video3/frame_00041.png,"[92, 179, 576, 284]",RIGHT_WRIST,0.03949716196994913,1.5723851540530422,0.9901654124259949,0.6392641663551331,0.3751949593424797,0.33688853163125987
00041,/Users/nikko/Downloads/moi-main/project_root/data/visualizations/video/pushups_video3/frame_00041.png,"[92, 179, 576, 284]",RIGHT_KNEE,-1.0773834640887898,0.7350909674312612,0.9817578196525574,0.6392641663551331,0.3751949593424797,0.33688853163125987
00041,/Users/nikko/Downloads/moi-main/project_root/data/visualizations/video/pushups_video3/frame_00041.png,"[92, 179, 576, 284]",LEFT_ANKLE,-1.5919992484753827,0.36633098004348363,0.5444880127906799,0.6392641663551331,0.3751949593424797,0.33688853163125987
00041,/Users/nikko/Downloads/moi-main/project_root/data/visualizations/video/pushups_video3/frame_00041.png,"[92, 179, 576, 284]",RIGHT_ANKLE,-1.6511293696987737,0.4036221289153217,0.9862639904022217,0.6392641663551331,0.3751949593424797,0.33688853163125987
00041,/Users/nikko/Downloads/moi-main/project_root/data/visualizations/video/pushups_video3/frame_00041.png,"[92, 179, 576, 284]",LEFT_EYE,0.8092390644375269,0.45624956718555676,0.9994988441467285,0.6392641663551331,0.3751949593424797,0.33688853163125987
00041,/Users/nikko/Downloads/moi-main/project_root/data/visualizations/video/pushups_video3/frame_00041.png,"[92, 179, 576, 284]",RIGHT_EYE,0.8049397406789274,0.4492140688620707,0.9997565150260925,0.6392641663551331,0.3751949593424797,0.33688853163125987
00042,/Users/nikko/Downloads/moi-main/project_root/data/visualizations/video/pushups_video3/frame_00042.png,"[92, 182, 584, 285]",LEFT_SHOULDER,0.44325934260007294,-0.39428714481003463,0.9998737573623657,0.6256514191627502,0.4081254377961159,0.34647083298402787
00042,/Users/nikko/Downloads/moi-main/project_root/data/visualizations/video/pushups_video3/frame_00042.png,"[92, 182, 584, 285]",RIGHT_SHOULDER,0.41974612629713987,-0.037851813114129815,0.999954342842102,0.6256514191627502,0.4081254377961159,0.34647083298402787
00042,/Users/nikko/Downloads/moi-main/project_root/data/visualizations/video/pushups_video3/frame_00042.png,"[92, 182, 584, 285]",LEFT_HIP,-0.42730889793480825,0.09684288557235303,0.9996707439422607,0.6256514191627502,0.4081254377961159,0.34647083298402787
00042,/Users/nikko/Downloads/moi-main/project_root/data/visualizations/video/pushups_video3/frame_00042.png,"[92, 182, 584, 285]",RIGHT_HIP,-0.43569657096240455,0.3352960723518114,0.999893307685852,0.6256514191627502,0.4081254377961159,0.34647083298402787
00042,/Users/nikko/Downloads/moi-main/project_root/data/visualizations/video/pushups_video3/frame_00042.png,"[92, 182, 584, 285]",RIGHT_ELBOW,-0.03352351079242711,-0.3404650386473528,0.9979523420333862,0.6256514191627502,0.4081254377961159,0.34647083298402787
00042,/Users/nikko/Downloads/moi-main/project_root/data/visualizations/video/pushups_video3/frame_00042.png,"[92, 182, 584, 285]",RIGHT_WRIST,0.050241913706834236,1.4599549290907536,0.9964283108711243,0.6256514191627502,0.4081254377961159,0.34647083298402787
00042,/Users/nikko/Downloads/moi-main/project_root/data/visualizations/video/pushups_video3/frame_00042.png,"[92, 182, 584, 285]",RIGHT_KNEE,-1.0744112659213954,0.6249439812527267,0.9860106706619263,0.6256514191627502,0.4081254377961159,0.34647083298402787
00042,/Users/nikko/Downloads/moi-main/project_root/data/visualizations/video/pushups_video3/frame_00042.png,"[92, 182, 584, 285]",LEFT_ANKLE,-1.5840161628659823,0.08164766866554163,0.6462908387184143,0.6256514191627502,0.4081254377961159,0.34647083298402787
00042,/Users/nikko/Downloads/moi-main/project_root/data/visualizations/video/pushups_video3/frame_00042.png,"[92, 182, 584, 285]",RIGHT_ANKLE,-1.653629410526656,0.2967161482845646,0.9915930032730103,0.6256514191627502,0.4081254377961159,0.34647083298402787
00042,/Users/nikko/Downloads/moi-main/project_root/data/visualizations/video/pushups_video3/frame_00042.png,"[92, 182, 584, 285]",LEFT_EYE,0.7946389491557899,0.4577563394018382,0.9997437596321106,0.6256514191627502,0.4081254377961159,0.34647083298402787
00042,/Users/nikko/Downloads/moi-main/project_root/data/visualizations/video/pushups_video3/frame_00042.png,"[92, 182, 584, 285]",RIGHT_EYE,0.7901411291683729,0.43245947813315494,0.9998693466186523,0.6256514191627502,0.4081254377961159,0.34647083298402787
00043,/Users/nikko/Downloads/moi-main/project_root/data/visualizations/video/pushups_video3/frame_00043.png,"[90, 185, 571, 284]",LEFT_SHOULDER,0.4512200399247419,-0.39176139439040114,0.9998676776885986,0.6443393230438232,0.416360579431057,0.3465384573680307
00043,/Users/nikko/Downloads/moi-main/project_root/data/visualizations/video/pushups_video3/frame_00043.png,"[90, 185, 571, 284]",RIGHT_SHOULDER,0.42592123514555874,0.006075494568914075,0.9999151229858398,0.6443393230438232,0.416360579431057,0.3465384573680307
00043,/Users/nikko/Downloads/moi-main/project_root/data/visualizations/video/pushups_video3/frame_00043.png,"[90, 185, 571, 284]",LEFT_HIP,-0.43417328331391514,0.07491689534276523,0.9996250867843628,0.6443393230438232,0.416360579431057,0.3465384573680307
00043,/Users/nikko/Downloads/moi-main/project_root/data/visualizations/video/pushups_video3/frame_00043.png,"[90, 185, 571, 284]",RIGHT_HIP,-0.4429679917563855,0.31076900447872186,0.9998546838760376,0.6443393230438232,0.416360579431057,0.3465384573680307
00043,/Users/nikko/Downloads/moi-main/project_root/data/visualizations/video/pushups_video3/frame_00043.png,"[90, 185, 571, 284]",RIGHT_ELBOW,-0.026379997325325893,-0.44232159392987064,0.9958009123802185,0.6443393230438232,0.416360579431057,0.3465384573680307
00043,/Users/nikko/Downloads/moi-main/project_root/data/visualizations/video/pushups_video3/frame_00043.png,"[90, 185, 571, 284]",RIGHT_WRIST,0.05115970584229804,1.45460071426234,0.9791567325592041,0.6443393230438232,0.416360579431057,0.3465384573680307
00043,/Users/nikko/Downloads/moi-main/project_root/data/visualizations/video/pushups_video3/frame_00043.png,"[90, 185, 571, 284]",RIGHT_KNEE,-1.105475862408932,0.5808079368834658,0.9811259508132935,0.6443393230438232,0.416360579431057,0.3465384573680307
00043,/Users/nikko/Downloads/moi-main/project_root/data/visualizations/video/pushups_video3/frame_00043.png,"[90, 185, 571, 284]",LEFT_ANKLE,-1.6217477971933323,0.13555311797193542,0.5352787375450134,0.6443393230438232,0.416360579431057,0.3465384573680307
00043,/Users/nikko/Downloads/moi-main/project_root/data/visualizations/video/pushups_video3/frame_00043.png,"[90, 185, 571, 284]",RIGHT_ANKLE,-1.7147564141747675,0.19131589013937997,0.9859333634376526,0.6443393230438232,0.416360579431057,0.3465384573680307
00043,/Users/nikko/Downloads/moi-main/project_root/data/visualizations/video/pushups_video3/frame_00043.png,"[90, 185, 571, 284]",LEFT_EYE,0.8095263209159643,0.5129200185912471,0.9997565150260925,0.6443393230438232,0.416360579431057,0.3465384573680307
00043,/Users/nikko/Downloads/moi-main/project_root/data/visualizations/video/pushups_video3/frame_00043.png,"[90, 185, 571, 284]",RIGHT_EYE,0.8050137266365179,0.4915677558055803,0.9998407363891602,0.6443393230438232,0.416360579431057,0.3465384573680307
00044,/Users/nikko/Downloads/moi-main/project_root/data/visualizations/video/pushups_video3/frame_00044.png,"[97, 188, 571, 282]",LEFT_SHOULDER,0.43281416763895714,-0.409315775056724,0.9998202919960022,0.6371642351150513,0.4327806681394577,0.3602250194208431
00044,/Users/nikko/Downloads/moi-main/project_root/data/visualizations/video/pushups_video3/frame_00044.png,"[97, 188, 571, 282]",RIGHT_SHOULDER,0.4253134722218056,0.03552761775880557,0.9998724460601807,0.6371642351150513,0.4327806681394577,0.3602250194208431
00044,/Users/nikko/Downloads/moi-main/project_root/data/visualizations/video/pushups_video3/frame_00044.png,"[97, 188, 571, 282]",LEFT_HIP,-0.4254498154091108,0.027079965957008716,0.9995877146720886,0.6371642351150513,0.4327806681394577,0.3602250194208431
00044,/Users/nikko/Downloads/moi-main/project_root/data/visualizations/video/pushups_video3/frame_00044.png,"[97, 188, 571, 282]",RIGHT_HIP,-0.43267782445165187,0.3467081913409097,0.9998225569725037,0.6371642351150513,0.4327806681394577,0.3602250194208431
00044,/Users/nikko/Downloads/moi-main/project_root/data/visualizations/video/pushups_video3/frame_00044.png,"[97, 188, 571, 282]",RIGHT_ELBOW,-0.009799997517628832,-0.5100734732077968,0.993498682975769,0.6371642351150513,0.4327806681394577,0.3602250194208431
00044,/Users/nikko/Downloads/moi-main/project_root/data/visualizations/video/pushups_video3/frame_00044.png,"[97, 188, 571, 282]",RIGHT_WRIST,0.05769203124388496,1.4075473742283684,0.9598264694213867,0.6371642351150513,0.4327806681394577,0.3602250194208431
00044,/Users/nikko/Downloads/moi-main/project_root/data/visualizations/video/pushups_video3/frame_00044.png,"[97, 188, 571, 282]",RIGHT_KNEE,-1.064169332144382,0.5659170945665039,0.9771795868873596,0.6371642351150513,0.4327806681394577,0.3602250194208431
00044,/Users/nikko/Downloads/moi-main/project_root/data/visualizations/video/pushups_video3/frame_00044.png,"[97, 188, 571, 282]",LEFT_ANKLE,-1.5536952334384015,-0.015148613347537027,0.5124190449714661,0.6371642351150513,0.4327806681394577,0.3602250194208431
00044,/Users/nikko/Downloads/moi-main/project_root/data/visualizations/video/pushups_video3/frame_00044.png,"[97, 188, 571, 282]",RIGHT_ANKLE,-1.63647143277585,0.18760710884300655,0.9796424508094788,0.6371642351150513,0.4327806681394577,0.3602250194208431
00044,/Users/nikko/Downloads/moi-main/project_root/data/visualizations/video/pushups_video3/frame_00044.png,"[97, 188, 571, 282]",LEFT_EYE,0.7905211092963178,0.5556544568162228,0.9996875524520874,0.6371642351150513,0.4327806681394577,0.3602250194208431
00044,/Users/nikko/Downloads/moi-main/project_root/data/visualizations/video/pushups_video3/frame_00044.png,"[97, 188, 571, 282]",RIGHT_EYE,0.7879818828977913,0.5481188482770794,0.999782383441925,0.6371642351150513,0.4327806681394577,0.3602250194208431
00045,/Users/nikko/Downloads/moi-main/project_root/data/visualizations/video/pushups_video3/frame_00045.png,"[96, 188, 582, 283]",LEFT_SHOULDER,0.45475665454472647,-0.3733152247244759,0.9997889399528503,0.6268411055207253,0.44714756309986115,0.3398650200908493
00045,/Users/nikko/Downloads/moi-main/project_root/data/visualizations/video/pushups_video3/frame_00045.png,"[96, 188, 582, 283]",RIGHT_SHOULDER,0.4292625675252736,0.06243536407799282,0.9998695850372314,0.6268411055207253,0.44714756309986115,0.3398650200908493
00045,/Users/nikko/Downloads/moi-main/project_root/data/visualizations/video/pushups_video3/frame_00045.png,"[96, 188, 582, 283]",LEFT_HIP,-0.4391450403700349,0.0013259847037658359,0.999596893787384,0.6268411055207253,0.44714756309986115,0.3398650200908493
00045,/Users/nikko/Downloads/moi-main/project_root/data/visualizations/video/pushups_video3/frame_00045.png,"[96, 188, 582, 283]",RIGHT_HIP,-0.4448741816999652,0.3095538759427172,0.9998310804367065,0.6268411055207253,0.44714756309986115,0.3398650200908493
00045,/Users/nikko/Downloads/moi-main/project_root/data/visualizations/video/pushups_video3/frame_00045.png,"[96, 188, 582, 283]",RIGHT_ELBOW,-0.018253389770642867,-0.6222528387073515,0.995149552822113,0.6268411055207253,0.44714756309986115,0.3398650200908493
00045,/Users/nikko/Downloads/moi-main/project_root/data/visualizations/video/pushups_video3/frame_00045.png,"[96, 188, 582, 283]",RIGHT_WRIST,0.037803191230380735,1.4373238814417388,0.9602771997451782,0.6268411055207253,0.44714756309986115,0.3398650200908493
00045,/Users/nikko/Downloads/moi-main/project_root/data/visualizations/video/pushups_video3/frame_00045.png,"[96, 188, 582, 283]",RIGHT_KNEE,-1.1010016481876699,0.5152010685712808,0.988318145275116,0.6268411055207253,0.44714756309986115,0.3398650200908493
00045,/Users/nikko/Downloads/moi-main/project_root/data/visualizations/video/pushups_video3/frame_00045.png,"[96, 188, 582, 283]",LEFT_ANKLE,-1.6290886153279247,0.006472259233052572,0.6598370671272278,0.6268411055207253,0.44714756309986115,0.3398650200908493
00045,/Users/nikko/Downloads/moi-main/project_root/data/visualizations/video/pushups_video3/frame_00045.png,"[96, 188, 582, 283]",RIGHT_ANKLE,-1.71134202060436,0.2001473134094024,0.989096999168396,0.6268411055207253,0.44714756309986115,0.3398650200908493
00045,/Users/nikko/Downloads/moi-main/project_root/data/visualizations/video/pushups_video3/frame_00045.png,"[96, 188, 582, 283]",LEFT_EYE,0.824908903952125,0.6066642428168736,0.9996166229248047,0.6268411055207253,0.44714756309986115,0.3398650200908493
00045,/Users/nikko/Downloads/moi-main/project_root/data/visualizations/video/pushups_video3/frame_00045.png,"[96, 188, 582, 283]",RIGHT_EYE,0.8185705892110211,0.5859156929596335,0.9997450709342957,0.6268411055207253,0.44714756309986115,0.3398650200908493
00046,/Users/nikko/Downloads/moi-main/project_root/data/visualizations/video/pushups_video3/frame_00046.png,"[96, 189, 577, 282]",LEFT_SHOULDER,0.4503771572997892,-0.3512441793874664,0.9997469782829285,0.6317814365029335,0.46184057742357254,0.3489591391726187
00046,/Users/nikko/Downloads/moi-main/project_root/data/visualizations/video/pushups_video3/frame_00046.png,"[96, 189, 577, 282]",RIGHT_SHOULDER,0.43684446459696635,0.05885535498506647,0.999887228012085,0.6317814365029335,0.46184057742357254,0.3489591391726187
00046,/Users/nikko/Downloads/moi-main/project_root/data/visualizations/video/pushups_video3/frame_00046.png,"[96, 189, 577, 282]",LEFT_HIP,-0.43995208346734027,-0.024854823263810208,0.9994392991065979,0.6317814365029335,0.46184057742357254,0.3489591391726187
00046,/Users/nikko/Downloads/moi-main/project_root/data/visualizations/video/pushups_video3/frame_00046.png,"[96, 189, 577, 282]",RIGHT_HIP,-0.44726953842941536,0.31724364766621016,0.9997902512550354,0.6317814365029335,0.46184057742357254,0.3489591391726187
00046,/Users/nikko/Downloads/moi-main/project_root/data/visualizations/video/pushups_video3/frame_00046.png,"[96, 189, 577, 282]",RIGHT_ELBOW,-0.009780683278503555,-0.6617251744024683,0.9961045980453491,0.6317814365029335,0.46184057742357254,0.3489591391726187
00046,/Users/nikko/Downloads/moi-main/project_root/data/visualizations/video/pushups_video3/frame_00046.png,"[96, 189, 577, 282]",RIGHT_WRIST,0.04825695480435439,1.3880139438138432,0.9728291034698486,0.6317814365029335,0.46184057742357254,0.3489591391726187
00046,/Users/nikko/Downloads/moi-main/project_root/data/visualizations/video/pushups_video3/frame_00046.png,"[96, 189, 577, 282]",RIGHT_KNEE,-1.09603702036127,0.5717724720032503,0.9902892112731934,0.6317814365029335,0.46184057742357254,0.3489591391726187
00046,/Users/nikko/Downloads/moi-main/project_root/data/visualizations/video/pushups_video3/frame_00046.png,"[96, 189, 577, 282]",LEFT_ANKLE,-1.60891288750204,-0.1894474707736397,0.6509299874305725,0.6317814365029335,0.46184057742357254,0.3489591391726187
00046,/Users/nikko/Downloads/moi-main/project_root/data/visualizations/video/pushups_video3/frame_00046.png,"[96, 189, 577, 282]",RIGHT_ANKLE,-1.6844789051711098,0.0961785515214744,0.9910213351249695,0.6317814365029335,0.46184057742357254,0.3489591391726187
00046,/Users/nikko/Downloads/moi-main/project_root/data/visualizations/video/pushups_video3/frame_00046.png,"[96, 189, 577, 282]",LEFT_EYE,0.8313207146534058,0.5918694464405886,0.9996957778930664,0.6317814365029335,0.46184057742357254,0.3489591391726187
00046,/Users/nikko/Downloads/moi-main/project_root/data/visualizations/video/pushups_video3/frame_00046.png,"[96, 189, 577, 282]",RIGHT_EYE,0.8262865215394777,0.5697055371519747,0.9998231530189514,0.6317814365029335,0.46184057742357254,0.3489591391726187
00047,/Users/nikko/Downloads/moi-main/project_root/data/visualizations/video/pushups_video3/frame_00047.png,"[101, 189, 579, 281]",LEFT_SHOULDER,0.4449633008922953,-0.35243083335504166,0.9997864365577698,0.6248532608151436,0.4799606278538704,0.35112708700605877
00047,/Users/nikko/Downloads/moi-main/project_root/data/visualizations/video/pushups_video3/frame_00047.png,"[101, 189, 579, 281]",RIGHT_SHOULDER,0.4421589922299093,0.07789898825744719,0.9998860359191895,0.6248532608151436,0.4799606278538704,0.35112708700605877
00047,/Users/nikko/Downloads/moi-main/project_root/data/visualizations/video/pushups_video3/frame_00047.png,"[101, 189, 579, 281]",LEFT_HIP,-0.44109417823705327,-0.03441671408940834,0.999538779258728,0.6248532608151436,0.4799606278538704,0.35112708700605877
00047,/Users/nikko/Downloads/moi-main/project_root/data/visualizations/video/pushups_video3/frame_00047.png,"[101, 189, 579, 281]",RIGHT_HIP,-0.4460281148851513,0.3089485591870028,0.9998219609260559,0.6248532608151436,0.4799606278538704,0.35112708700605877
00047,/Users/nikko/Downloads/moi-main/project_root/data/visualizations/video/pushups_video3/frame_00047.png,"[101, 189, 579, 281]",RIGHT_ELBOW,3.5435801045585798e-06,-0.6889457509371074,0.9950478672981262,0.6248532608151436,0.4799606278538704,0.35112708700605877
00047,/Users/nikko/Downloads/moi-main/project_root/data/visualizations/video/pushups_video3/frame_00047.png,"[101, 189, 579, 281]",RIGHT_WRIST,0.04607432874787455,1.3422614404941544,0.966688871383667,0.6248532608151436,0.4799606278538704,0.35112708700605877
00047,/Users/nikko/Downloads/moi-main/project_root/data/visualizations/video/pushups_video3/frame_00047.png,"[101, 189, 579, 281]",RIGHT_KNEE,-1.097545830091422,0.5534189198960318,0.9929935336112976,0.6248532608151436,0.4799606278538704,0.35112708700605877
00047,/Users/nikko/Downloads/moi-main/project_root/data/visualizations/video/pushups_video3/frame_00047.png,"[101, 189, 579, 281]",LEFT_ANKLE,-1.641855934890601,-0.18376635088996304,0.7409805059432983,0.6248532608151436,0.4799606278538704,0.35112708700605877
00047,/Users/nikko/Downloads/moi-main/project_root/data/visualizations/video/pushups_video3/frame_00047.png,"[101, 189, 579, 281]",RIGHT_ANKLE,-1.6826200178804116,0.11111663547183458,0.9934317469596863,0.6248532608151436,0.4799606278538704,0.35112708700605877
00047,/Users/nikko/Downloads/moi-main/project_root/data/visualizations/video/pushups_video3/frame_00047.png,"[101, 189, 579, 281]",LEFT_EYE,0.8309232557872023,0.609125187406075,0.9996459484100342,0.6248532608151436,0.4799606278538704,0.35112708700605877
00047,/Users/nikko/Downloads/moi-main/project_root/data/visualizations/video/pushups_video3/frame_00047.png,"[101, 189, 579, 281]",RIGHT_EYE,0.8275463724808557,0.5984109289409529,0.9997738003730774,0.6248532608151436,0.4799606278538704,0.35112708700605877
00048,/Users/nikko/Downloads/moi-main/project_root/data/visualizations/video/pushups_video3/frame_00048.png,"[100, 189, 580, 279]",LEFT_SHOULDER,0.4692971501536442,-0.32830553767089665,0.9998165965080261,0.6272391229867935,0.5205640196800232,0.3469474654526752
00048,/Users/nikko/Downloads/moi-main/project_root/data/visualizations/video/pushups_video3/frame_00048.png,"[100, 189, 580, 279]",RIGHT_SHOULDER,0.43031994596985856,0.06172626171493018,0.999933123588562,0.6272391229867935,0.5205640196800232,0.3469474654526752
00048,/Users/nikko/Downloads/moi-main/project_root/data/visualizations/video/pushups_video3/frame_00048.png,"[100, 189, 580, 279]",LEFT_HIP,-0.4470631409881175,-0.036192713219832216,0.9995098114013672,0.6272391229867935,0.5205640196800232,0.3469474654526752
00048,/Users/nikko/Downloads/moi-main/project_root/data/visualizations/video/pushups_video3/frame_00048.png,"[100, 189, 580, 279]",RIGHT_HIP,-0.45255395513538527,0.3027719891757987,0.9998347759246826,0.6272391229867935,0.5205640196800232,0.3469474654526752
00048,/Users/nikko/Downloads/moi-main/project_root/data/visualizations/video/pushups_video3/frame_00048.png,"[100, 189, 580, 279]",RIGHT_ELBOW,-0.0064262935044659625,-0.8762278358790578,0.9960363507270813,0.6272391229867935,0.5205640196800232,0.3469474654526752
00048,/Users/nikko/Downloads/moi-main/project_root/data/visualizations/video/pushups_video3/frame_00048.png,"[100, 189, 580, 279]",RIGHT_WRIST,0.035292624110571776,1.205487535865712,0.9755331873893738,0.6272391229867935,0.5205640196800232,0.3469474654526752
00048,/Users/nikko/Downloads/moi-main/project_root/data/visualizations/video/pushups_video3/frame_00048.png,"[100, 189, 580, 279]",RIGHT_KNEE,-1.1189747433527477,0.5145626945938668,0.9909133911132812,0.6272391229867935,0.5205640196800232,0.3469474654526752
00048,/Users/nikko/Downloads/moi-main/project_root/data/visualizations/video/pushups_video3/frame_00048.png,"[100, 189, 580, 279]",LEFT_ANKLE,-1.668851407874207,-0.17474390182142852,0.741904616355896,0.6272391229867935,0.5205640196800232,0.3469474654526752
00048,/Users/nikko/Downloads/moi-main/project_root/data/visualizations/video/pushups_video3/frame_00048.png,"[100, 189, 580, 279]",RIGHT_ANKLE,-1.7273396337001568,0.04468791890076354,0.9937021732330322,0.6272391229867935,0.5205640196800232,0.3469474654526752
00048,/Users/nikko/Downloads/moi-main/project_root/data/visualizations/video/pushups_video3/frame_00048.png,"[100, 189, 580, 279]",LEFT_EYE,0.8178788947303678,0.6226384988894321,0.9997784495353699,0.6272391229867935,0.5205640196800232,0.3469474654526752
00048,/Users/nikko/Downloads/moi-main/project_root/data/visualizations/video/pushups_video3/frame_00048.png,"[100, 189, 580, 279]",RIGHT_EYE,0.8155049993614198,0.5965244472497636,0.9998712539672852,0.6272391229867935,0.5205640196800232,0.3469474654526752
00049,/Users/nikko/Downloads/moi-main/project_root/data/visualizations/video/pushups_video3/frame_00049.png,"[101, 189, 581, 280]",LEFT_SHOULDER,0.43825955727333893,-0.3574243116654007,0.9998118281364441,0.6225773468613625,0.5068579763174057,0.35528059595079897
00049,/Users/nikko/Downloads/moi-main/project_root/data/visualizations/video/pushups_video3/frame_00049.png,"[101, 189, 581, 280]",RIGHT_SHOULDER,0.43268144561533156,0.06821308820657623,0.9999247789382935,0.6225773468613625,0.5068579763174057,0.35528059595079897
00049,/Users/nikko/Downloads/moi-main/project_root/data/visualizations/video/pushups_video3/frame_00049.png,"[101, 189, 581, 280]",LEFT_HIP,-0.43161523928989165,-0.05939085055588068,0.9995587468147278,0.6225773468613625,0.5068579763174057,0.35528059595079897
00049,/Users/nikko/Downloads/moi-main/project_root/data/visualizations/video/pushups_video3/frame_00049.png,"[101, 189, 581, 280]",RIGHT_HIP,-0.43932576359877884,0.3486020740147051,0.9998388290405273,0.6225773468613625,0.5068579763174057,0.35528059595079897
00049,/Users/nikko/Downloads/moi-main/project_root/data/visualizations/video/pushups_video3/frame_00049.png,"[101, 189, 581, 280]",RIGHT_ELBOW,0.0069677952772183955,-0.7893491454634247,0.9959982633590698,0.6225773468613625,0.5068579763174057,0.35528059595079897
00049,/Users/nikko/Downloads/moi-main/project_root/data/visualizations/video/pushups_video3/frame_00049.png,"[101, 189, 581, 280]",RIGHT_WRIST,0.038365539473918506,1.2135705850841585,0.9712849259376526,0.6225773468613625,0.5068579763174057,0.35528059595079897
00049,/Users/nikko/Downloads/moi-main/project_root/data/visualizations/video/pushups_video3/frame_00049.png,"[101, 189, 581, 280]",RIGHT_KNEE,-1.0770095023869977,0.5283340693464902,0.9924842715263367,0.6225773468613625,0.5068579763174057,0.35528059595079897
00049,/Users/nikko/Downloads/moi-main/project_root/data/visualizations/video/pushups_video3/frame_00049.png,"[101, 189, 581, 280]",LEFT_ANKLE,-1.5937171476951206,-0.18243821580841305,0.7542762160301208,0.6225773468613625,0.5068579763174057,0.35528059595079897
00049,/Users/nikko/Downloads/moi-main/project_root/data/visualizations/video/pushups_video3/frame_00049.png,"[101, 189, 581, 280]",RIGHT_ANKLE,-1.6410651535563996,0.06967115817619161,0.9940001964569092,0.6225773468613625,0.5068579763174057,0.35528059595079897
00049,/Users/nikko/Downloads/moi-main/project_root/data/visualizations/video/pushups_video3/frame_00049.png,"[101, 189, 581, 280]",LEFT_EYE,0.8007525956070743,0.632091241041166,0.9997966885566711,0.6225773468613625,0.5068579763174057,0.35528059595079897
00049,/Users/nikko/Downloads/moi-main/project_root/data/visualizations/video/pushups_video3/frame_00049.png,"[101, 189, 581, 280]",RIGHT_EYE,0.7995305749352669,0.6187528619208954,0.9998797178268433,0.6225773468613625,0.5068579763174057,0.35528059595079897
00050,/Users/nikko/Downloads/moi-main/project_root/data/visualizations/video/pushups_video3/frame_00050.png,"[101, 187, 586, 280]",LEFT_SHOULDER,0.4802402726767729,-0.24302944875239202,0.9997370839118958,0.6191438063979149,0.5205245614051819,0.32013184569836384
00050,/Users/nikko/Downloads/moi-main/project_root/data/visualizations/video/pushups_video3/frame_00050.png,"[101, 187, 586, 280]",RIGHT_SHOULDER,0.45233481725368674,0.14833228447083444,0.9999351501464844,0.6191438063979149,0.5205245614051819,0.32013184569836384
00050,/Users/nikko/Downloads/moi-main/project_root/data/visualizations/video/pushups_video3/frame_00050.png,"[101, 187, 586, 280]",LEFT_HIP,-0.4574837012835902,-0.10881280632005459,0.9995068311691284,0.6191438063979149,0.5205245614051819,0.32013184569836384
00050,/Users/nikko/Downloads/moi-main/project_root/data/visualizations/video/pushups_video3/frame_00050.png,"[101, 187, 586, 280]",RIGHT_HIP,-0.4750913886468694,0.20350997060161216,0.9998533725738525,0.6191438063979149,0.5205245614051819,0.32013184569836384
00050,/Users/nikko/Downloads/moi-main/project_root/data/visualizations/video/pushups_video3/frame_00050.png,"[101, 187, 586, 280]",RIGHT_ELBOW,-0.010901551828973583,-0.9252328204963496,0.9961258769035339,0.6191438063979149,0.5205245614051819,0.32013184569836384
00050,/Users/nikko/Downloads/moi-main/project_root/data/visualizations/video/pushups_video3/frame_00050.png,"[101, 187, 586, 280]",RIGHT_WRIST,0.02606417442637764,1.391516246056455,0.9888500571250916,0.6191438063979149,0.5205245614051819,0.32013184569836384
00050,/Users/nikko/Downloads/moi-main/project_root/data/visualizations/video/pushups_video3/frame_00050.png,"[101, 187, 586, 280]",RIGHT_KNEE,-1.123964257880175,0.609192152445792,0.9915214776992798,0.6191438063979149,0.5205245614051819,0.32013184569836384
00050,/Users/nikko/Downloads/moi-main/project_root/data/visualizations/video/pushups_video3/frame_00050.png,"[101, 187, 586, 280]",LEFT_ANKLE,-1.6220507012214123,-0.06463239582207352,0.717839777469635,0.6191438063979149,0.5205245614051819,0.32013184569836384
00050,/Users/nikko/Downloads/moi-main/project_root/data/visualizations/video/pushups_video3/frame_00050.png,"[101, 187, 586, 280]",RIGHT_ANKLE,-1.6660409208794122,0.11140435433933651,0.9944968819618225,0.6191438063979149,0.5205245614051819,0.32013184569836384
00050,/Users/nikko/Downloads/moi-main/project_root/data/visualizations/video/pushups_video3/frame_00050.png,"[101, 187, 586, 280]",LEFT_EYE,0.8805604320044429,0.7195411943220715,0.9994913339614868,0.6191438063979149,0.5205245614051819,0.32013184569836384
00050,/Users/nikko/Downloads/moi-main/project_root/data/visualizations/video/pushups_video3/frame_00050.png,"[101, 187, 586, 280]",RIGHT_EYE,0.8792276997160586,0.7047735226001544,0.9997407793998718,0.6191438063979149,0.5205245614051819,0.32013184569836384
00051,/Users/nikko/Downloads/moi-main/project_root/data/visualizations/video/pushups_video3/frame_00051.png,"[100, 189, 581, 279]",LEFT_SHOULDER,0.4407657716883973,-0.33942685200156014,0.9998495578765869,0.6283129900693893,0.5270069465041161,0.3555224252816171
00051,/Users/nikko/Downloads/moi-main/project_root/data/visualizations/video/pushups_video3/frame_00051.png,"[100, 189, 581, 279]",RIGHT_SHOULDER,0.4310706943797269,0.12185365331118565,0.9999269247055054,0.6283129900693893,0.5270069465041161,0.3555224252816171
00051,/Users/nikko/Downloads/moi-main/project_root/data/visualizations/video/pushups_video3/frame_00051.png,"[100, 189, 581, 279]",LEFT_HIP,-0.433610899191277,-0.11157618901349614,0.9993796348571777,0.6283129900693893,0.5270069465041161,0.3555224252816171
00051,/Users/nikko/Downloads/moi-main/project_root/data/visualizations/video/pushups_video3/frame_00051.png,"[100, 189, 581, 279]",RIGHT_HIP,-0.4382255668768472,0.32914938770387064,0.9997839331626892,0.6283129900693893,0.5270069465041161,0.3555224252816171
00051,/Users/nikko/Downloads/moi-main/project_root/data/visualizations/video/pushups_video3/frame_00051.png,"[100, 189, 581, 279]",RIGHT_ELBOW,0.0008592670501532682,-0.8627393884979085,0.9945660829544067,0.6283129900693893,0.5270069465041161,0.3555224252816171
00051,/Users/nikko/Downloads/moi-main/project_root/data/visualizations/video/pushups_video3/frame_00051.png,"[100, 189, 581, 279]",RIGHT_WRIST,0.012321917162055926,1.204120726205006,0.9644962549209595,0.6283129900693893,0.5270069465041161,0.3555224252816171
00051,/Users/nikko/Downloads/moi-main/project_root/data/visualizations/video/pushups_video3/frame_00051.png,"[100, 189, 581, 279]",RIGHT_KNEE,-1.079716766947736,0.4534865579242927,0.99205082654953,0.6283129900693893,0.5270069465041161,0.3555224252816171
00051,/Users/nikko/Downloads/moi-main/project_root/data/visualizations/video/pushups_video3/frame_00051.png,"[100, 189, 581, 279]",LEFT_ANKLE,-1.6051962273255012,-0.18564768281298705,0.7229450941085815,0.6283129900693893,0.5270069465041161,0.3555224252816171
00051,/Users/nikko/Downloads/moi-main/project_root/data/visualizations/video/pushups_video3/frame_00051.png,"[100, 189, 581, 279]",RIGHT_ANKLE,-1.6640556639969188,-0.009224703938086323,0.9942434430122375,0.6283129900693893,0.5270069465041161,0.3555224252816171
00051,/Users/nikko/Downloads/moi-main/project_root/data/visualizations/video/pushups_video3/frame_00051.png,"[100, 189, 581, 279]",LEFT_EYE,0.7858450048168827,0.6138474754870753,0.9998098015785217,0.6283129900693893,0.5270069465041161,0.3555224252816171
00051,/Users/nikko/Downloads/moi-main/project_root/data/visualizations/video/pushups_video3/frame_00051.png,"[100, 189, 581, 279]",RIGHT_EYE,0.7841788624932061,0.6080718060313843,0.999874472618103,0.6283129900693893,0.5270069465041161,0.3555224252816171
00052,/Users/nikko/Downloads/moi-main/project_root/data/visualizations/video/pushups_video3/frame_00052.png,"[98, 188, 586, 280]",LEFT_SHOULDER,0.45272502996420116,-0.3020895869005476,0.9998250603675842,0.623552642762661,0.5243078991770744,0.3387112462827334
00052,/Users/nikko/Downloads/moi-main/project_root/data/visualizations/video/pushups_video3/frame_00052.png,"[98, 188, 586, 280]",RIGHT_SHOULDER,0.4446886126693046,0.12123011950403337,0.9999384880065918,0.623552642762661,0.5243078991770744,0.3387112462827334
00052,/Users/nikko/Downloads/moi-main/project_root/data/visualizations/video/pushups_video3/frame_00052.png,"[98, 188, 586, 280]",LEFT_HIP,-0.44488706825317775,-0.10837608402620649,0.9993419051170349,0.623552642762661,0.5243078991770744,0.3387112462827334
00052,/Users/nikko/Downloads/moi-main/project_root/data/visualizations/video/pushups_video3/frame_00052.png,"[98, 188, 586, 280]",RIGHT_HIP,-0.452526574380328,0.2892355514227207,0.9997889399528503,0.623552642762661,0.5243078991770744,0.3387112462827334
00052,/Users/nikko/Downloads/moi-main/project_root/data/visualizations/video/pushups_video3/frame_00052.png,"[98, 188, 586, 280]",RIGHT_ELBOW,-0.004430055676583439,-0.8355094244713513,0.9963541030883789,0.623552642762661,0.5243078991770744,0.3387112462827334
00052,/Users/nikko/Downloads/moi-main/project_root/data/visualizations/video/pushups_video3/frame_00052.png,"[98, 188, 586, 280]",RIGHT_WRIST,0.02824969702954256,1.3058020409972957,0.9826834797859192,0.623552642762661,0.5243078991770744,0.3387112462827334
00052,/Users/nikko/Downloads/moi-main/project_root/data/visualizations/video/pushups_video3/frame_00052.png,"[98, 188, 586, 280]",RIGHT_KNEE,-1.1183913836416326,0.4925839387133168,0.9931394457817078,0.623552642762661,0.5243078991770744,0.3387112462827334
00052,/Users/nikko/Downloads/moi-main/project_root/data/visualizations/video/pushups_video3/frame_00052.png,"[98, 188, 586, 280]",LEFT_ANKLE,-1.6231860159505398,-0.26516241836630844,0.7595991492271423,0.623552642762661,0.5243078991770744,0.3387112462827334
00052,/Users/nikko/Downloads/moi-main/project_root/data/visualizations/video/pushups_video3/frame_00052.png,"[98, 188, 586, 280]",RIGHT_ANKLE,-1.6724659117430902,0.018477376292290102,0.9951186180114746,0.623552642762661,0.5243078991770744,0.3387112462827334
00052,/Users/nikko/Downloads/moi-main/project_root/data/visualizations/video/pushups_video3/frame_00052.png,"[98, 188, 586, 280]",LEFT_EYE,0.8199691336285732,0.641421843159929,0.999739944934845,0.623552642762661,0.5243078991770744,0.3387112462827334
00052,/Users/nikko/Downloads/moi-main/project_root/data/visualizations/video/pushups_video3/frame_00052.png,"[98, 188, 586, 280]",RIGHT_EYE,0.818758251010412,0.6575120992552007,0.9998486042022705,0.623552642762661,0.5243078991770744,0.3387112462827334
00053,/Users/nikko/Downloads/moi-main/project_root/data/visualizations/video/pushups_video3/frame_00053.png,"[97, 188, 587, 280]",LEFT_SHOULDER,0.43815326100598306,-0.33194817125667736,0.9997939467430115,0.6231831982731819,0.5267337933182716,0.34272978516772257
00053,/Users/nikko/Downloads/moi-main/project_root/data/visualizations/video/pushups_video3/frame_00053.png,"[97, 188, 587, 280]",RIGHT_SHOULDER,0.43887360236335543,0.12292209180339922,0.9998904466629028,0.6231831982731819,0.5267337933182716,0.34272978516772257
00053,/Users/nikko/Downloads/moi-main/project_root/data/visualizations/video/pushups_video3/frame_00053.png,"[97, 188, 587, 280]",LEFT_HIP,-0.43597349797170826,-0.11082780910653554,0.9992733597755432,0.6231831982731819,0.5267337933182716,0.34272978516772257
00053,/Users/nikko/Downloads/moi-main/project_root/data/visualizations/video/pushups_video3/frame_00053.png,"[97, 188, 587, 280]",RIGHT_HIP,-0.4410533653976303,0.31985388855981367,0.9997259974479675,0.6231831982731819,0.5267337933182716,0.34272978516772257
00053,/Users/nikko/Downloads/moi-main/project_root/data/visualizations/video/pushups_video3/frame_00053.png,"[97, 188, 587, 280]",RIGHT_ELBOW,-0.002247479817477833,-0.8359970361678134,0.9943498969078064,0.6231831982731819,0.5267337933182716,0.34272978516772257
00053,/Users/nikko/Downloads/moi-main/project_root/data/visualizations/video/pushups_video3/frame_00053.png,"[97, 188, 587, 280]",RIGHT_WRIST,0.019728148926832573,1.2487189385926107,0.9579125642776489,0.6231831982731819,0.5267337933182716,0.34272978516772257
00053,/Users/nikko/Downloads/moi-main/project_root/data/visualizations/video/pushups_video3/frame_00053.png,"[97, 188, 587, 280]",RIGHT_KNEE,-1.1003043148443232,0.46135487874082864,0.9923344254493713,0.6231831982731819,0.5267337933182716,0.34272978516772257
00053,/Users/nikko/Downloads/moi-main/project_root/data/visualizations/video/pushups_video3/frame_00053.png,"[97, 188, 587, 280]",LEFT_ANKLE,-1.6199752133815744,-0.2399310845329187,0.7370566725730896,0.6231831982731819,0.5267337933182716,0.34272978516772257
00053,/Users/nikko/Downloads/moi-main/project_root/data/visualizations/video/pushups_video3/frame_00053.png,"[97, 188, 587, 280]",RIGHT_ANKLE,-1.6536629217332193,-0.0027293015776420604,0.9938018918037415,0.6231831982731819,0.5267337933182716,0.34272978516772257
00053,/Users/nikko/Downloads/moi-main/project_root/data/visualizations/video/pushups_video3/frame_00053.png,"[97, 188, 587, 280]",LEFT_EYE,0.7999720988046447,0.6349014941934196,0.9996005892753601,0.6231831982731819,0.5267337933182716,0.34272978516772257
00053,/Users/nikko/Downloads/moi-main/project_root/data/visualizations/video/pushups_video3/frame_00053.png,"[97, 188, 587, 280]",RIGHT_EYE,0.7987588923080174,0.6447252320625395,0.9997434020042419,0.6231831982731819,0.5267337933182716,0.34272978516772257
00054,/Users/nikko/Downloads/moi-main/project_root/data/visualizations/video/pushups_video3/frame_00054.png,"[97, 188, 588, 280]",LEFT_SHOULDER,0.47557493978883403,-0.27481528641654,0.999561607837677,0.6238707229495049,0.5247458890080452,0.31805542865948755
00054,/Users/nikko/Downloads/moi-main/project_root/data/visualizations/video/pushups_video3/frame_00054.png,"[97, 188, 588, 280]",RIGHT_SHOULDER,0.45024175835345737,0.11932735695883642,0.9998626708984375,0.6238707229495049,0.5247458890080452,0.31805542865948755
00054,/Users/nikko/Downloads/moi-main/project_root/data/visualizations/video/pushups_video3/frame_00054.png,"[97, 188, 588, 280]",LEFT_HIP,-0.4567983916245342,-0.07664292334530248,0.9990052580833435,0.6238707229495049,0.5247458890080452,0.31805542865948755
00054,/Users/nikko/Downloads/moi-main/project_root/data/visualizations/video/pushups_video3/frame_00054.png,"[97, 188, 588, 280]",RIGHT_HIP,-0.4690183065177572,0.23213085280300608,0.9996798038482666,0.6238707229495049,0.5247458890080452,0.31805542865948755
00054,/Users/nikko/Downloads/moi-main/project_root/data/visualizations/video/pushups_video3/frame_00054.png,"[97, 188, 588, 280]",RIGHT_ELBOW,-0.01436013113774915,-0.9077369389647085,0.9954994320869446,0.6238707229495049,0.5247458890080452,0.31805542865948755
00054,/Users/nikko/Downloads/moi-main/project_root/data/visualizations/video/pushups_video3/frame_00054.png,"[97, 188, 588, 280]",RIGHT_WRIST,0.012971894159069524,1.3640866636044522,0.9834240078926086,0.6238707229495049,0.5247458890080452,0.31805542865948755
00054,/Users/nikko/Downloads/moi-main/project_root/data/visualizations/video/pushups_video3/frame_00054.png,"[97, 188, 588, 280]",RIGHT_KNEE,-1.1267140226820063,0.6319228631036684,0.9915820956230164,0.6238707229495049,0.5247458890080452,0.31805542865948755
00054,/Users/nikko/Downloads/moi-main/project_root/data/visualizations/video/pushups_video3/frame_00054.png,"[97, 188, 588, 280]",LEFT_ANKLE,-1.6199031649389926,-0.27265696232576303,0.7274433970451355,0.6238707229495049,0.5247458890080452,0.31805542865948755
00054,/Users/nikko/Downloads/moi-main/project_root/data/visualizations/video/pushups_video3/frame_00054.png,"[97, 188, 588, 280]",RIGHT_ANKLE,-1.6357991834498835,0.1792934224153949,0.9939295053482056,0.6238707229495049,0.5247458890080452,0.31805542865948755
00054,/Users/nikko/Downloads/moi-main/project_root/data/visualizations/video/pushups_video3/frame_00054.png,"[97, 188, 588, 280]",LEFT_EYE,0.8553164809745949,0.7008246938894297,0.998939573764801,0.6238707229495049,0.5247458890080452,0.31805542865948755
00054,/Users/nikko/Downloads/moi-main/project_root/data/visualizations/video/pushups_video3/frame_00054.png,"[97, 188, 588, 280]",RIGHT_EYE,0.8540721228984675,0.6952535678522136,0.9994004964828491,0.6238707229495049,0.5247458890080452,0.31805542865948755
00055,/Users/nikko/Downloads/moi-main/project_root/data/visualizations/video/pushups_video3/frame_00055.png,"[96, 188, 587, 280]",LEFT_SHOULDER,0.43644063277423717,-0.3523152601871122,0.9997116923332214,0.6238128989934921,0.5210079923272133,0.343233465231759
00055,/Users/nikko/Downloads/moi-main/project_root/data/visualizations/video/pushups_video3/frame_00055.png,"[96, 188, 587, 280]",RIGHT_SHOULDER,0.44059796398015366,0.12879345652404445,0.9998624324798584,0.6238128989934921,0.5210079923272133,0.343233465231759
00055,/Users/nikko/Downloads/moi-main/project_root/data/visualizations/video/pushups_video3/frame_00055.png,"[96, 188, 587, 280]",LEFT_HIP,-0.43529953739603844,-0.08421298217749192,0.9989418387413025,0.6238128989934921,0.5210079923272133,0.343233465231759
00055,/Users/nikko/Downloads/moi-main/project_root/data/visualizations/video/pushups_video3/frame_00055.png,"[96, 188, 587, 280]",RIGHT_HIP,-0.4417390593583524,0.30773478584055963,0.9996134638786316,0.6238128989934921,0.5210079923272133,0.343233465231759
00055,/Users/nikko/Downloads/moi-main/project_root/data/visualizations/video/pushups_video3/frame_00055.png,"[96, 188, 587, 280]",RIGHT_ELBOW,-0.0007541457850665801,-0.8287133333884737,0.9933504462242126,0.6238128989934921,0.5210079923272133,0.343233465231759
00055,/Users/nikko/Downloads/moi-main/project_root/data/visualizations/video/pushups_video3/frame_00055.png,"[96, 188, 587, 280]",RIGHT_WRIST,0.01891329555687471,1.2616292213498752,0.9532594680786133,0.6238128989934921,0.5210079923272133,0.343233465231759
00055,/Users/nikko/Downloads/moi-main/project_root/data/visualizations/video/pushups_video3/frame_00055.png,"[96, 188, 587, 280]",RIGHT_KNEE,-1.0974457883103694,0.43810688643284906,0.9912946820259094,0.6238128989934921,0.5210079923272133,0.343233465231759
00055,/Users/nikko/Downloads/moi-main/project_root/data/visualizations/video/pushups_video3/frame_00055.png,"[96, 188, 587, 280]",LEFT_ANKLE,-1.6267907478398476,-0.22878035442520475,0.7345628142356873,0.6238128989934921,0.5210079923272133,0.343233465231759
00055,/Users/nikko/Downloads/moi-main/project_root/data/visualizations/video/pushups_video3/frame_00055.png,"[96, 188, 587, 280]",RIGHT_ANKLE,-1.6860506041204073,-0.02255493274932548,0.993686854839325,0.6238128989934921,0.5210079923272133,0.343233465231759
00055,/Users/nikko/Downloads/moi-main/project_root/data/visualizations/video/pushups_video3/frame_00055.png,"[96, 188, 587, 280]",LEFT_EYE,0.7973115685748287,0.6430657460723728,0.9995514750480652,0.6238128989934921,0.5210079923272133,0.343233465231759
00055,/Users/nikko/Downloads/moi-main/project_root/data/visualizations/video/pushups_video3/frame_00055.png,"[96, 188, 587, 280]",RIGHT_EYE,0.7954859201634752,0.6456636439353849,0.999714195728302,0.6238128989934921,0.5210079923272133,0.343233465231759
00056,/Users/nikko/Downloads/moi-main/project_root/data/visualizations/video/pushups_video3/frame_00056.png,"[96, 188, 591, 280]",LEFT_SHOULDER,0.44952501467947176,-0.30347864101979294,0.9996858835220337,0.6189897954463959,0.5312939286231995,0.3327311425238948
00056,/Users/nikko/Downloads/moi-main/project_root/data/visualizations/video/pushups_video3/frame_00056.png,"[96, 188, 591, 280]",RIGHT_SHOULDER,0.44784362954786616,0.13381521938567859,0.9998993873596191,0.6189897954463959,0.5312939286231995,0.3327311425238948
00056,/Users/nikko/Downloads/moi-main/project_root/data/visualizations/video/pushups_video3/frame_00056.png,"[96, 188, 591, 280]",LEFT_HIP,-0.4432385403108978,-0.11085327746560933,0.9989917874336243,0.6189897954463959,0.5312939286231995,0.3327311425238948
00056,/Users/nikko/Downloads/moi-main/project_root/data/visualizations/video/pushups_video3/frame_00056.png,"[96, 188, 591, 280]",RIGHT_HIP,-0.4541301039164401,0.28051669909972365,0.9996683597564697,0.6189897954463959,0.5312939286231995,0.3327311425238948
00056,/Users/nikko/Downloads/moi-main/project_root/data/visualizations/video/pushups_video3/frame_00056.png,"[96, 188, 591, 280]",RIGHT_ELBOW,-0.001327319745645813,-0.8782158833682596,0.9946386218070984,0.6189897954463959,0.5312939286231995,0.3327311425238948
00056,/Users/nikko/Downloads/moi-main/project_root/data/visualizations/video/pushups_video3/frame_00056.png,"[96, 188, 591, 280]",RIGHT_WRIST,0.017207864377739926,1.3320470066982253,0.9727669358253479,0.6189897954463959,0.5312939286231995,0.3327311425238948
00056,/Users/nikko/Downloads/moi-main/project_root/data/visualizations/video/pushups_video3/frame_00056.png,"[96, 188, 591, 280]",RIGHT_KNEE,-1.1001465393861647,0.47841587239974875,0.9906630516052246,0.6189897954463959,0.5312939286231995,0.3327311425238948
00056,/Users/nikko/Downloads/moi-main/project_root/data/visualizations/video/pushups_video3/frame_00056.png,"[96, 188, 591, 280]",LEFT_ANKLE,-1.5792769915099678,-0.24550945812342967,0.69273442029953,0.6189897954463959,0.5312939286231995,0.3327311425238948
00056,/Users/nikko/Downloads/moi-main/project_root/data/visualizations/video/pushups_video3/frame_00056.png,"[96, 188, 591, 280]",RIGHT_ANKLE,-1.6357430311462307,0.007648994644622522,0.993100643157959,0.6189897954463959,0.5312939286231995,0.3327311425238948
00056,/Users/nikko/Downloads/moi-main/project_root/data/visualizations/video/pushups_video3/frame_00056.png,"[96, 188, 591, 280]",LEFT_EYE,0.8161773221060197,0.6562654326500518,0.9993515610694885,0.6189897954463959,0.5312939286231995,0.3327311425238948
00056,/Users/nikko/Downloads/moi-main/project_root/data/visualizations/video/pushups_video3/frame_00056.png,"[96, 188, 591, 280]",RIGHT_EYE,0.8127145930847182,0.6410725971081168,0.9996123909950256,0.6189897954463959,0.5312939286231995,0.3327311425238948
00057,/Users/nikko/Downloads/moi-main/project_root/data/visualizations/video/pushups_video3/frame_00057.png,"[96, 188, 584, 279]",LEFT_SHOULDER,0.4410050201772462,-0.3319953591951646,0.9997137188911438,0.6286390498280525,0.5264764502644539,0.34128905019345734
00057,/Users/nikko/Downloads/moi-main/project_root/data/visualizations/video/pushups_video3/frame_00057.png,"[96, 188, 584, 279]",RIGHT_SHOULDER,0.4413293371317021,0.106743742949788,0.9998493194580078,0.6286390498280525,0.5264764502644539,0.34128905019345734
00057,/Users/nikko/Downloads/moi-main/project_root/data/visualizations/video/pushups_video3/frame_00057.png,"[96, 188, 584, 279]",LEFT_HIP,-0.43901226975743957,-0.09253688769136677,0.9991834759712219,0.6286390498280525,0.5264764502644539,0.34128905019345734
00057,/Users/nikko/Downloads/moi-main/project_root/data/visualizations/video/pushups_video3/frame_00057.png,"[96, 188, 584, 279]",RIGHT_HIP,-0.4433220875515087,0.31778850393674335,0.9996979236602783,0.6286390498280525,0.5264764502644539,0.34128905019345734
00057,/Users/nikko/Downloads/moi-main/project_root/data/visualizations/video/pushups_video3/frame_00057.png,"[96, 188, 584, 279]",RIGHT_ELBOW,-0.0004661510452677405,-0.8058319478426924,0.9945036172866821,0.6286390498280525,0.5264764502644539,0.34128905019345734
00057,/Users/nikko/Downloads/moi-main/project_root/data/visualizations/video/pushups_video3/frame_00057.png,"[96, 188, 584, 279]",RIGHT_WRIST,0.021493791794414064,1.3525943123920383,0.965013325214386,0.6286390498280525,0.5264764502644539,0.34128905019345734
00057,/Users/nikko/Downloads/moi-main/project_root/data/visualizations/video/pushups_video3/frame_00057.png,"[96, 188, 584, 279]",RIGHT_KNEE,-1.1009509455330038,0.48634215522947455,0.9925686717033386,0.6286390498280525,0.5264764502644539,0.34128905019345734
00057,/Users/nikko/Downloads/moi-main/project_root/data/visualizations/video/pushups_video3/frame_00057.png,"[96, 188, 584, 279]",LEFT_ANKLE,-1.5968043241762044,-0.21459925821645653,0.769257128238678,0.6286390498280525,0.5264764502644539,0.34128905019345734
00057,/Users/nikko/Downloads/moi-main/project_root/data/visualizations/video/pushups_video3/frame_00057.png,"[96, 188, 584, 279]",RIGHT_ANKLE,-1.6343629170450658,0.004832597688277241,0.994392991065979,0.6286390498280525,0.5264764502644539,0.34128905019345734
00057,/Users/nikko/Downloads/moi-main/project_root/data/visualizations/video/pushups_video3/frame_00057.png,"[96, 188, 584, 279]",LEFT_EYE,0.8061501085383198,0.6509126633987397,0.9992857575416565,0.6286390498280525,0.5264764502644539,0.34128905019345734
00057,/Users/nikko/Downloads/moi-main/project_root/data/visualizations/video/pushups_video3/frame_00057.png,"[96, 188, 584, 279]",RIGHT_EYE,0.8055437388744151,0.6595370144191721,0.9995312690734863,0.6286390498280525,0.5264764502644539,0.34128905019345734
00058,/Users/nikko/Downloads/moi-main/project_root/data/visualizations/video/pushups_video3/frame_00058.png,"[95, 188, 584, 279]",LEFT_SHOULDER,0.4431342452233373,-0.3296314587096158,0.9997386336326599,0.6263503804802895,0.5304073244333267,0.34770218283222276
00058,/Users/nikko/Downloads/moi-main/project_root/data/visualizations/video/pushups_video3/frame_00058.png,"[95, 188, 584, 279]",RIGHT_SHOULDER,0.4402226014618182,0.10594196250488487,0.9998703002929688,0.6263503804802895,0.5304073244333267,0.34770218283222276
00058,/Users/nikko/Downloads/moi-main/project_root/data/visualizations/video/pushups_video3/frame_00058.png,"[95, 188, 584, 279]",LEFT_HIP,-0.43811095260898736,-0.09399419475412857,0.9989463686943054,0.6263503804802895,0.5304073244333267,0.34770218283222276
00058,/Users/nikko/Downloads/moi-main/project_root/data/visualizations/video/pushups_video3/frame_00058.png,"[95, 188, 584, 279]",RIGHT_HIP,-0.44524589407616816,0.31768369095885945,0.9996241331100464,0.6263503804802895,0.5304073244333267,0.34770218283222276
00058,/Users/nikko/Downloads/moi-main/project_root/data/visualizations/video/pushups_video3/frame_00058.png,"[95, 188, 584, 279]",RIGHT_ELBOW,0.005595871602807069,-0.8167153894084263,0.9940067529678345,0.6263503804802895,0.5304073244333267,0.34770218283222276
00058,/Users/nikko/Downloads/moi-main/project_root/data/visualizations/video/pushups_video3/frame_00058.png,"[95, 188, 584, 279]",RIGHT_WRIST,0.030515668009534647,1.3000640677232733,0.9601448774337769,0.6263503804802895,0.5304073244333267,0.34770218283222276
00058,/Users/nikko/Downloads/moi-main/project_root/data/visualizations/video/pushups_video3/frame_00058.png,"[95, 188, 584, 279]",RIGHT_KNEE,-1.1080621825705042,0.43597322581637304,0.9915907382965088,0.6263503804802895,0.5304073244333267,0.34770218283222276
00058,/Users/nikko/Downloads/moi-main/project_root/data/visualizations/video/pushups_video3/frame_00058.png,"[95, 188, 584, 279]",LEFT_ANKLE,-1.5932568018882936,-0.22157021896524196,0.7171756625175476,0.6263503804802895,0.5304073244333267,0.34770218283222276
00058,/Users/nikko/Downloads/moi-main/project_root/data/visualizations/video/pushups_video3/frame_00058.png,"[95, 188, 584, 279]",RIGHT_ANKLE,-1.6250853452409584,0.009097793924074213,0.9934117197990417,0.6263503804802895,0.5304073244333267,0.34770218283222276
00058,/Users/nikko/Downloads/moi-main/project_root/data/visualizations/video/pushups_video3/frame_00058.png,"[95, 188, 584, 279]",LEFT_EYE,0.7955245669663059,0.6293725414070835,0.999536395072937,0.6263503804802895,0.5304073244333267,0.34770218283222276
00058,/Users/nikko/Downloads/moi-main/project_root/data/visualizations/video/pushups_video3/frame_00058.png,"[95, 188, 584, 279]",RIGHT_EYE,0.7931678240500054,0.6254587504904369,0.9996935129165649,0.6263503804802895,0.5304073244333267,0.34770218283222276
00059,/Users/nikko/Downloads/moi-main/project_root/data/visualizations/video/pushups_video3/frame_00059.png,"[96, 189, 573, 279]",LEFT_SHOULDER,0.4374148955159855,-0.35851588612317836,0.9997594952583313,0.6415641084313393,0.4976837486028671,0.3548089404777064
00059,/Users/nikko/Downloads/moi-main/project_root/data/visualizations/video/pushups_video3/frame_00059.png,"[96, 189, 573, 279]",RIGHT_SHOULDER,0.4364953137685211,0.0655293970042227,0.9998860359191895,0.6415641084313393,0.4976837486028671,0.3548089404777064
00059,/Users/nikko/Downloads/moi-main/project_root/data/visualizations/video/pushups_video3/frame_00059.png,"[96, 189, 573, 279]",LEFT_HIP,-0.43425343428087954,-0.04803525300959794,0.9991784691810608,0.6415641084313393,0.4976837486028671,0.3548089404777064
00059,/Users/nikko/Downloads/moi-main/project_root/data/visualizations/video/pushups_video3/frame_00059.png,"[96, 189, 573, 279]",RIGHT_HIP,-0.439656775003627,0.34102174212855363,0.9997044205665588,0.6415641084313393,0.4976837486028671,0.3548089404777064
00059,/Users/nikko/Downloads/moi-main/project_root/data/visualizations/video/pushups_video3/frame_00059.png,"[96, 189, 573, 279]",RIGHT_ELBOW,-0.0035813332902883905,-0.7020887788385847,0.9948325157165527,0.6415641084313393,0.4976837486028671,0.3548089404777064
00059,/Users/nikko/Downloads/moi-main/project_root/data/visualizations/video/pushups_video3/frame_00059.png,"[96, 189, 573, 279]",RIGHT_WRIST,0.01602907505648891,1.3381262131958966,0.9737246632575989,0.6415641084313393,0.4976837486028671,0.3548089404777064
00059,/Users/nikko/Downloads/moi-main/project_root/data/visualizations/video/pushups_video3/frame_00059.png,"[96, 189, 573, 279]",RIGHT_KNEE,-1.0735458587622086,0.5519269927545012,0.9897764921188354,0.6415641084313393,0.4976837486028671,0.3548089404777064
00059,/Users/nikko/Downloads/moi-main/project_root/data/visualizations/video/pushups_video3/frame_00059.png,"[96, 189, 573, 279]",LEFT_ANKLE,-1.556577254465777,-0.10112749166926613,0.7259938716888428,0.6415641084313393,0.4976837486028671,0.3548089404777064
00059,/Users/nikko/Downloads/moi-main/project_root/data/visualizations/video/pushups_video3/frame_00059.png,"[96, 189, 573, 279]",RIGHT_ANKLE,-1.5943986236351715,0.12269516105727615,0.9925179481506348,0.6415641084313393,0.4976837486028671,0.3548089404777064
00059,/Users/nikko/Downloads/moi-main/project_root/data/visualizations/video/pushups_video3/frame_00059.png,"[96, 189, 573, 279]",LEFT_EYE,0.8040105101049083,0.6352771499047019,0.9995623230934143,0.6415641084313393,0.4976837486028671,0.3548089404777064
00059,/Users/nikko/Downloads/moi-main/project_root/data/visualizations/video/pushups_video3/frame_00059.png,"[96, 189, 573, 279]",RIGHT_EYE,0.8009967547980922,0.6164568023833402,0.9997345805168152,0.6415641084313393,0.4976837486028671,0.3548089404777064
00060,/Users/nikko/Downloads/moi-main/project_root/data/visualizations/video/pushups_video3/frame_00060.png,"[89, 187, 575, 281]",LEFT_SHOULDER,0.4566018319954844,-0.30334549203382494,0.9997829794883728,0.6451386213302612,0.48282700777053833,0.34216531724517474
00060,/Users/nikko/Downloads/moi-main/project_root/data/visualizations/video/pushups_video3/frame_00060.png,"[89, 187, 575, 281]",RIGHT_SHOULDER,0.44315005870864826,0.0440020758967325,0.9999278783798218,0.6451386213302612,0.48282700777053833,0.34216531724517474
00060,/Users/nikko/Downloads/moi-main/project_root/data/visualizations/video/pushups_video3/frame_00060.png,"[89, 187, 575, 281]",LEFT_HIP,-0.4477814711013538,-0.0622609406449183,0.9986706972122192,0.6451386213302612,0.48282700777053833,0.34216531724517474
00060,/Users/nikko/Downloads/moi-main/project_root/data/visualizations/video/pushups_video3/frame_00060.png,"[89, 187, 575, 281]",RIGHT_HIP,-0.4519704196027789,0.32160435678201077,0.9995822310447693,0.6451386213302612,0.48282700777053833,0.34216531724517474
00060,/Users/nikko/Downloads/moi-main/project_root/data/visualizations/video/pushups_video3/frame_00060.png,"[89, 187, 575, 281]",RIGHT_ELBOW,-0.024162012431557658,-0.7101360804765064,0.9966089725494385,0.6451386213302612,0.48282700777053833,0.34216531724517474
00060,/Users/nikko/Downloads/moi-main/project_root/data/visualizations/video/pushups_video3/frame_00060.png,"[89, 187, 575, 281]",RIGHT_WRIST,0.02096616890815994,1.3418480491992981,0.9885166883468628,0.6451386213302612,0.48282700777053833,0.34216531724517474
00060,/Users/nikko/Downloads/moi-main/project_root/data/visualizations/video/pushups_video3/frame_00060.png,"[89, 187, 575, 281]",RIGHT_KNEE,-1.1047556021397116,0.5272457213963423,0.9902462959289551,0.6451386213302612,0.48282700777053833,0.34216531724517474
00060,/Users/nikko/Downloads/moi-main/project_root/data/visualizations/video/pushups_video3/frame_00060.png,"[89, 187, 575, 281]",LEFT_ANKLE,-1.6136658114996147,-0.1310309780463655,0.640935480594635,0.6451386213302612,0.48282700777053833,0.34216531724517474
00060,/Users/nikko/Downloads/moi-main/project_root/data/visualizations/video/pushups_video3/frame_00060.png,"[89, 187, 575, 281]",RIGHT_ANKLE,-1.6586035069081846,0.0718669362436452,0.9922428727149963,0.6451386213302612,0.48282700777053833,0.34216531724517474
00060,/Users/nikko/Downloads/moi-main/project_root/data/visualizations/video/pushups_video3/frame_00060.png,"[89, 187, 575, 281]",LEFT_EYE,0.8057608889045556,0.5835377544685351,0.9997461438179016,0.6451386213302612,0.48282700777053833,0.34216531724517474
00060,/Users/nikko/Downloads/moi-main/project_root/data/visualizations/video/pushups_video3/frame_00060.png,"[89, 187, 575, 281]",RIGHT_EYE,0.8016602589830042,0.5717976544871011,0.9998620748519897,0.6451386213302612,0.48282700777053833,0.34216531724517474
00061,/Users/nikko/Downloads/moi-main/project_root/data/visualizations/video/pushups_video3/frame_00061.png,"[88, 187, 569, 283]",LEFT_SHOULDER,0.4496251391516832,-0.370306203222572,0.9998506307601929,0.6471743360161781,0.4170609712600708,0.35029536155361973
00061,/Users/nikko/Downloads/moi-main/project_root/data/visualizations/video/pushups_video3/frame_00061.png,"[88, 187, 569, 283]",RIGHT_SHOULDER,0.4262044404463614,-0.019589309729872766,0.9999094009399414,0.6471743360161781,0.4170609712600708,0.35029536155361973
00061,/Users/nikko/Downloads/moi-main/project_root/data/visualizations/video/pushups_video3/frame_00061.png,"[88, 187, 569, 283]",LEFT_HIP,-0.4361745680599291,0.056041103945311393,0.9995860457420349,0.6471743360161781,0.4170609712600708,0.35029536155361973
00061,/Users/nikko/Downloads/moi-main/project_root/data/visualizations/video/pushups_video3/frame_00061.png,"[88, 187, 569, 283]",RIGHT_HIP,-0.4396550115381155,0.33385440900713337,0.9998371601104736,0.6471743360161781,0.4170609712600708,0.35029536155361973
00061,/Users/nikko/Downloads/moi-main/project_root/data/visualizations/video/pushups_video3/frame_00061.png,"[88, 187, 569, 283]",RIGHT_ELBOW,-0.017632458906560174,-0.4727872229296585,0.9960810542106628,0.6471743360161781,0.4170609712600708,0.35029536155361973
00061,/Users/nikko/Downloads/moi-main/project_root/data/visualizations/video/pushups_video3/frame_00061.png,"[88, 187, 569, 283]",RIGHT_WRIST,0.04633507877050189,1.488020989426612,0.9751390218734741,0.6471743360161781,0.4170609712600708,0.35029536155361973
00061,/Users/nikko/Downloads/moi-main/project_root/data/visualizations/video/pushups_video3/frame_00061.png,"[88, 187, 569, 283]",RIGHT_KNEE,-1.0821910407693325,0.6770350350833417,0.9864987134933472,0.6471743360161781,0.4170609712600708,0.35029536155361973
00061,/Users/nikko/Downloads/moi-main/project_root/data/visualizations/video/pushups_video3/frame_00061.png,"[88, 187, 569, 283]",LEFT_ANKLE,-1.6125294967537358,0.10430653183672653,0.6011900305747986,0.6471743360161781,0.4170609712600708,0.35029536155361973
00061,/Users/nikko/Downloads/moi-main/project_root/data/visualizations/video/pushups_video3/frame_00061.png,"[88, 187, 569, 283]",RIGHT_ANKLE,-1.6920500030148202,0.33874059126138545,0.9897170066833496,0.6471743360161781,0.4170609712600708,0.35029536155361973
00061,/Users/nikko/Downloads/moi-main/project_root/data/visualizations/video/pushups_video3/frame_00061.png,"[88, 187, 569, 283]",LEFT_EYE,0.796131962842675,0.6287915572375736,0.9997221827507019,0.6471743360161781,0.4170609712600708,0.35029536155361973
00061,/Users/nikko/Downloads/moi-main/project_root/data/visualizations/video/pushups_video3/frame_00061.png,"[88, 187, 569, 283]",RIGHT_EYE,0.793765611797617,0.6161551371606208,0.9998238682746887,0.6471743360161781,0.4170609712600708,0.35029536155361973
00062,/Users/nikko/Downloads/moi-main/project_root/data/visualizations/video/pushups_video3/frame_00062.png,"[91, 183, 580, 283]",LEFT_SHOULDER,0.44480670500880054,-0.37604643322186787,0.9997751116752625,0.6319248005747795,0.3911489397287369,0.34091093335680356
00062,/Users/nikko/Downloads/moi-main/project_root/data/visualizations/video/pushups_video3/frame_00062.png,"[91, 183, 580, 283]",RIGHT_SHOULDER,0.4364574268598802,0.01645968204079497,0.9999088048934937,0.6319248005747795,0.3911489397287369,0.34091093335680356
00062,/Users/nikko/Downloads/moi-main/project_root/data/visualizations/video/pushups_video3/frame_00062.png,"[91, 183, 580, 283]",LEFT_HIP,-0.43724232439579425,0.04460846713565361,0.9995005130767822,0.6319248005747795,0.3911489397287369,0.34091093335680356
00062,/Users/nikko/Downloads/moi-main/project_root/data/visualizations/video/pushups_video3/frame_00062.png,"[91, 183, 580, 283]",RIGHT_HIP,-0.44402180747288644,0.3149782840454193,0.9998284578323364,0.6319248005747795,0.3911489397287369,0.34091093335680356
00062,/Users/nikko/Downloads/moi-main/project_root/data/visualizations/video/pushups_video3/frame_00062.png,"[91, 183, 580, 283]",RIGHT_ELBOW,-0.02026455775249605,-0.28330325159229747,0.9969077706336975,0.6319248005747795,0.3911489397287369,0.34091093335680356
00062,/Users/nikko/Downloads/moi-main/project_root/data/visualizations/video/pushups_video3/frame_00062.png,"[91, 183, 580, 283]",RIGHT_WRIST,0.04318114427623911,1.5635273872278634,0.9900056719779968,0.6319248005747795,0.3911489397287369,0.34091093335680356
00062,/Users/nikko/Downloads/moi-main/project_root/data/visualizations/video/pushups_video3/frame_00062.png,"[91, 183, 580, 283]",RIGHT_KNEE,-1.0924874807134137,0.5705822187926662,0.9843877553939819,0.6319248005747795,0.3911489397287369,0.34091093335680356
00062,/Users/nikko/Downloads/moi-main/project_root/data/visualizations/video/pushups_video3/frame_00062.png,"[91, 183, 580, 283]",LEFT_ANKLE,-1.6080556686682654,0.16270553948789257,0.5350064039230347,0.6319248005747795,0.3911489397287369,0.34091093335680356
00062,/Users/nikko/Downloads/moi-main/project_root/data/visualizations/video/pushups_video3/frame_00062.png,"[91, 183, 580, 283]",RIGHT_ANKLE,-1.68052334323127,0.35281124569911176,0.9869215488433838,0.6319248005747795,0.3911489397287369,0.34091093335680356
00062,/Users/nikko/Downloads/moi-main/project_root/data/visualizations/video/pushups_video3/frame_00062.png,"[91, 183, 580, 283]",LEFT_EYE,0.7999302447741478,0.5564308969328123,0.9996201992034912,0.6319248005747795,0.3911489397287369,0.34091093335680356
00062,/Users/nikko/Downloads/moi-main/project_root/data/visualizations/video/pushups_video3/frame_00062.png,"[91, 183, 580, 283]",RIGHT_EYE,0.7989408289127594,0.5351171064075341,0.9997820258140564,0.6319248005747795,0.3911489397287369,0.34091093335680356
00063,/Users/nikko/Downloads/moi-main/project_root/data/visualizations/video/pushups_video3/frame_00063.png,"[77, 176, 565, 282]",LEFT_SHOULDER,0.43822203794797215,-0.37635887176667515,0.9998699426651001,0.6617933660745621,0.3649922050535679,0.3453837592044951
00063,/Users/nikko/Downloads/moi-main/project_root/data/visualizations/video/pushups_video3/frame_00063.png,"[77, 176, 565, 282]",RIGHT_SHOULDER,0.4248693829452343,-0.012789380586752943,0.9999561309814453,0.6617933660745621,0.3649922050535679,0.3453837592044951
00063,/Users/nikko/Downloads/moi-main/project_root/data/visualizations/video/pushups_video3/frame_00063.png,"[77, 176, 565, 282]",LEFT_HIP,-0.42995974506494344,0.023628629924184408,0.999369204044342,0.6617933660745621,0.3649922050535679,0.3453837592044951
00063,/Users/nikko/Downloads/moi-main/project_root/data/visualizations/video/pushups_video3/frame_00063.png,"[77, 176, 565, 282]",RIGHT_HIP,-0.433131675828263,0.3655196224292437,0.9997932314872742,0.6617933660745621,0.3649922050535679,0.3453837592044951
00063,/Users/nikko/Downloads/moi-main/project_root/data/visualizations/video/pushups_video3/frame_00063.png,"[77, 176, 565, 282]",RIGHT_ELBOW,-0.032301274092205234,-0.046105698409488895,0.997474730014801,0.6617933660745621,0.3649922050535679,0.3453837592044951
00063,/Users/nikko/Downloads/moi-main/project_root/data/visualizations/video/pushups_video3/frame_00063.png,"[77, 176, 565, 282]",RIGHT_WRIST,0.0522922900692211,1.606823835707296,0.9949414134025574,0.6617933660745621,0.3649922050535679,0.3453837592044951
00063,/Users/nikko/Downloads/moi-main/project_root/data/visualizations/video/pushups_video3/frame_00063.png,"[77, 176, 565, 282]",RIGHT_KNEE,-1.056727827780502,0.7347547980456441,0.992879331111908,0.6617933660745621,0.3649922050535679,0.3453837592044951
00063,/Users/nikko/Downloads/moi-main/project_root/data/visualizations/video/pushups_video3/frame_00063.png,"[77, 176, 565, 282]",LEFT_ANKLE,-1.5756544926337135,0.33267779990758206,0.7129965424537659,0.6617933660745621,0.3649922050535679,0.3453837592044951
00063,/Users/nikko/Downloads/moi-main/project_root/data/visualizations/video/pushups_video3/frame_00063.png,"[77, 176, 565, 282]",RIGHT_ANKLE,-1.6455320583195931,0.5316989389308833,0.9946618676185608,0.6617933660745621,0.3649922050535679,0.3453837592044951
00063,/Users/nikko/Downloads/moi-main/project_root/data/visualizations/video/pushups_video3/frame_00063.png,"[77, 176, 565, 282]",LEFT_EYE,0.7901651862257102,0.47874115604305223,0.9997925162315369,0.6617933660745621,0.3649922050535679,0.3453837592044951
00063,/Users/nikko/Downloads/moi-main/project_root/data/visualizations/video/pushups_video3/frame_00063.png,"[77, 176, 565, 282]",RIGHT_EYE,0.7880243918231542,0.4618690039789902,0.9998981952667236,0.6617933660745621,0.3649922050535679,0.3453837592044951
00064,/Users/nikko/Downloads/moi-main/project_root/data/visualizations/video/pushups_video3/frame_00064.png,"[68, 165, 563, 278]",LEFT_SHOULDER,0.4667458408888023,-0.34505655409305913,0.9998658895492554,0.66690593957901,0.36537426710128784,0.328304542667053
00064,/Users/nikko/Downloads/moi-main/project_root/data/visualizations/video/pushups_video3/frame_00064.png,"[68, 165, 563, 278]",RIGHT_SHOULDER,0.44110657596700453,0.021988689803083585,0.9999163150787354,0.66690593957901,0.36537426710128784,0.328304542667053
00064,/Users/nikko/Downloads/moi-main/project_root/data/visualizations/video/pushups_video3/frame_00064.png,"[68, 165, 563, 278]",LEFT_HIP,-0.44392917904399815,0.05525662641023499,0.9994451403617859,0.66690593957901,0.36537426710128784,0.328304542667053
00064,/Users/nikko/Downloads/moi-main/project_root/data/visualizations/video/pushups_video3/frame_00064.png,"[68, 165, 563, 278]",RIGHT_HIP,-0.46392323781180866,0.26781123787974054,0.9998025298118591,0.66690593957901,0.36537426710128784,0.328304542667053
00064,/Users/nikko/Downloads/moi-main/project_root/data/visualizations/video/pushups_video3/frame_00064.png,"[68, 165, 563, 278]",RIGHT_ELBOW,-0.047801610082387216,0.15629091107277265,0.9972110390663147,0.66690593957901,0.36537426710128784,0.328304542667053
00064,/Users/nikko/Downloads/moi-main/project_root/data/visualizations/video/pushups_video3/frame_00064.png,"[68, 165, 563, 278]",RIGHT_WRIST,0.06781473190564795,1.8391395016588226,0.9962460398674011,0.66690593957901,0.36537426710128784,0.328304542667053
00064,/Users/nikko/Downloads/moi-main/project_root/data/visualizations/video/pushups_video3/frame_00064.png,"[68, 165, 563, 278]",RIGHT_KNEE,-1.095085390217897,0.7656031708747456,0.9949002861976624,0.66690593957901,0.36537426710128784,0.328304542667053
00064,/Users/nikko/Downloads/moi-main/project_root/data/visualizations/video/pushups_video3/frame_00064.png,"[68, 165, 563, 278]",LEFT_ANKLE,-1.6381698720922242,0.5142126674069021,0.8255548477172852,0.66690593957901,0.36537426710128784,0.328304542667053
00064,/Users/nikko/Downloads/moi-main/project_root/data/visualizations/video/pushups_video3/frame_00064.png,"[68, 165, 563, 278]",RIGHT_ANKLE,-1.7034319700966352,0.68916721752997,0.9975220561027527,0.66690593957901,0.36537426710128784,0.328304542667053
00064,/Users/nikko/Downloads/moi-main/project_root/data/visualizations/video/pushups_video3/frame_00064.png,"[68, 165, 563, 278]",LEFT_EYE,0.837173687809902,0.39957770966873435,0.9996815919876099,0.66690593957901,0.36537426710128784,0.328304542667053
00064,/Users/nikko/Downloads/moi-main/project_root/data/visualizations/video/pushups_video3/frame_00064.png,"[68, 165, 563, 278]",RIGHT_EYE,0.8333803213282204,0.38229187564521616,0.9998217225074768,0.66690593957901,0.36537426710128784,0.328304542667053
00065,/Users/nikko/Downloads/moi-main/project_root/data/visualizations/video/pushups_video3/frame_00065.png,"[72, 152, 560, 278]",LEFT_SHOULDER,0.45815193482455013,-0.3174309415408702,0.9999275207519531,0.662235677242279,0.3669622913002968,0.3425493025586621
00065,/Users/nikko/Downloads/moi-main/project_root/data/visualizations/video/pushups_video3/frame_00065.png,"[72, 152, 560, 278]",RIGHT_SHOULDER,0.447970142705926,-0.06622778134621629,0.9999415874481201,0.662235677242279,0.3669622913002968,0.3425493025586621
00065,/Users/nikko/Downloads/moi-main/project_root/data/visualizations/video/pushups_video3/frame_00065.png,"[72, 152, 560, 278]",LEFT_HIP,-0.4436372912055268,0.1185908424483913,0.9995238780975342,0.662235677242279,0.3669622913002968,0.3425493025586621
00065,/Users/nikko/Downloads/moi-main/project_root/data/visualizations/video/pushups_video3/frame_00065.png,"[72, 152, 560, 278]",RIGHT_HIP,-0.4624847863249493,0.26506788043869517,0.999815046787262,0.662235677242279,0.3669622913002968,0.3425493025586621
00065,/Users/nikko/Downloads/moi-main/project_root/data/visualizations/video/pushups_video3/frame_00065.png,"[72, 152, 560, 278]",RIGHT_ELBOW,-0.0489975364040566,0.2873227915055322,0.9957297444343567,0.662235677242279,0.3669622913002968,0.3425493025586621
00065,/Users/nikko/Downloads/moi-main/project_root/data/visualizations/video/pushups_video3/frame_00065.png,"[72, 152, 560, 278]",RIGHT_WRIST,0.08907758730375759,1.7871306991141909,0.9940925240516663,0.662235677242279,0.3669622913002968,0.3425493025586621
00065,/Users/nikko/Downloads/moi-main/project_root/data/visualizations/video/pushups_video3/frame_00065.png,"[72, 152, 560, 278]",RIGHT_KNEE,-1.1087709742497618,0.7644100060196809,0.9867321848869324,0.662235677242279,0.3669622913002968,0.3425493025586621
00065,/Users/nikko/Downloads/moi-main/project_root/data/visualizations/video/pushups_video3/frame_00065.png,"[72, 152, 560, 278]",LEFT_ANKLE,-1.6051773193193328,0.6021253072825489,0.6506890654563904,0.662235677242279,0.3669622913002968,0.3425493025586621
00065,/Users/nikko/Downloads/moi-main/project_root/data/visualizations/video/pushups_video3/frame_00065.png,"[72, 152, 560, 278]",RIGHT_ANKLE,-1.714173564902083,0.7685993049523989,0.994592010974884,0.662235677242279,0.3669622913002968,0.3425493025586621
00065,/Users/nikko/Downloads/moi-main/project_root/data/visualizations/video/pushups_video3/frame_00065.png,"[72, 152, 560, 278]",LEFT_EYE,0.8173387294896869,0.26145635884050494,0.9997758269309998,0.662235677242279,0.3669622913002968,0.3425493025586621
00065,/Users/nikko/Downloads/moi-main/project_root/data/visualizations/video/pushups_video3/frame_00065.png,"[72, 152, 560, 278]",RIGHT_EYE,0.8158137662131317,0.25535285166892535,0.9998611211776733,0.662235677242279,0.3669622913002968,0.3425493025586621
00066,/Users/nikko/Downloads/moi-main/project_root/data/visualizations/video/pushups_video3/frame_00066.png,"[66, 146, 558, 280]",LEFT_SHOULDER,0.4636273392003247,-0.2895369436854534,0.9999496936798096,0.6652625203132629,0.33355866745114326,0.3379971597561081
00066,/Users/nikko/Downloads/moi-main/project_root/data/visualizations/video/pushups_video3/frame_00066.png,"[66, 146, 558, 280]",RIGHT_SHOULDER,0.4334205800067462,-0.1512626607699022,0.9999687671661377,0.6652625203132629,0.33355866745114326,0.3379971597561081
00066,/Users/nikko/Downloads/moi-main/project_root/data/visualizations/video/pushups_video3/frame_00066.png,"[66, 146, 558, 280]",LEFT_HIP,-0.43907107727504036,0.24225527212099648,0.9996511936187744,0.6652625203132629,0.33355866745114326,0.3379971597561081
00066,/Users/nikko/Downloads/moi-main/project_root/data/visualizations/video/pushups_video3/frame_00066.png,"[66, 146, 558, 280]",RIGHT_HIP,-0.45797684193203053,0.1985443323343591,0.9998911619186401,0.6652625203132629,0.33355866745114326,0.3379971597561081
00066,/Users/nikko/Downloads/moi-main/project_root/data/visualizations/video/pushups_video3/frame_00066.png,"[66, 146, 558, 280]",RIGHT_ELBOW,-0.035169857474549336,0.4430920769920133,0.998360812664032,0.6652625203132629,0.33355866745114326,0.3379971597561081
00066,/Users/nikko/Downloads/moi-main/project_root/data/visualizations/video/pushups_video3/frame_00066.png,"[66, 146, 558, 280]",RIGHT_WRIST,0.0905816576786768,1.8468614148326197,0.9993226528167725,0.6652625203132629,0.33355866745114326,0.3379971597561081
00066,/Users/nikko/Downloads/moi-main/project_root/data/visualizations/video/pushups_video3/frame_00066.png,"[66, 146, 558, 280]",RIGHT_KNEE,-1.0850362000870986,0.7396963635592066,0.995826005935669,0.6652625203132629,0.33355866745114326,0.3379971597561081
00066,/Users/nikko/Downloads/moi-main/project_root/data/visualizations/video/pushups_video3/frame_00066.png,"[66, 146, 558, 280]",LEFT_ANKLE,-1.5928718646163245,0.8289859298114809,0.7868856191635132,0.6652625203132629,0.33355866745114326,0.3379971597561081
00066,/Users/nikko/Downloads/moi-main/project_root/data/visualizations/video/pushups_video3/frame_00066.png,"[66, 146, 558, 280]",RIGHT_ANKLE,-1.7150962717281315,0.8385484997156853,0.9985313415527344,0.6652625203132629,0.33355866745114326,0.3379971597561081
00066,/Users/nikko/Downloads/moi-main/project_root/data/visualizations/video/pushups_video3/frame_00066.png,"[66, 146, 558, 280]",LEFT_EYE,0.8354096737888829,0.1250975669086961,0.9997642636299133,0.6652625203132629,0.33355866745114326,0.3379971597561081
00066,/Users/nikko/Downloads/moi-main/project_root/data/visualizations/video/pushups_video3/frame_00066.png,"[66, 146, 558, 280]",RIGHT_EYE,0.8312392534063259,0.11579898784185005,0.9998852014541626,0.6652625203132629,0.33355866745114326,0.3379971597561081
00067,/Users/nikko/Downloads/moi-main/project_root/data/visualizations/video/pushups_video3/frame_00067.png,"[71, 128, 557, 280]",LEFT_SHOULDER,0.4415057526758348,-0.3251739109321229,0.9999712705612183,0.6699561774730682,0.34284037724137306,0.3277138798396516
00067,/Users/nikko/Downloads/moi-main/project_root/data/visualizations/video/pushups_video3/frame_00067.png,"[71, 128, 557, 280]",RIGHT_SHOULDER,0.4437194158014742,-0.1342657459807949,0.9999654293060303,0.6699561774730682,0.34284037724137306,0.3277138798396516
00067,/Users/nikko/Downloads/moi-main/project_root/data/visualizations/video/pushups_video3/frame_00067.png,"[71, 128, 557, 280]",LEFT_HIP,-0.4297146453903134,0.2372035139698385,0.9998190999031067,0.6699561774730682,0.34284037724137306,0.3277138798396516
00067,/Users/nikko/Downloads/moi-main/project_root/data/visualizations/video/pushups_video3/frame_00067.png,"[71, 128, 557, 280]",RIGHT_HIP,-0.45551052308699563,0.22223614294307933,0.999936580657959,0.6699561774730682,0.34284037724137306,0.3277138798396516
00067,/Users/nikko/Downloads/moi-main/project_root/data/visualizations/video/pushups_video3/frame_00067.png,"[71, 128, 557, 280]",RIGHT_ELBOW,-0.03477266271003355,0.6015267034080757,0.9966235160827637,0.6699561774730682,0.34284037724137306,0.3277138798396516
00067,/Users/nikko/Downloads/moi-main/project_root/data/visualizations/video/pushups_video3/frame_00067.png,"[71, 128, 557, 280]",RIGHT_WRIST,0.07431740546763636,1.8903351616696211,0.9990664124488831,0.6699561774730682,0.34284037724137306,0.3277138798396516
00067,/Users/nikko/Downloads/moi-main/project_root/data/visualizations/video/pushups_video3/frame_00067.png,"[71, 128, 557, 280]",RIGHT_KNEE,-1.1085176826131957,0.8066722179934641,0.9934597015380859,0.6699561774730682,0.34284037724137306,0.3277138798396516
00067,/Users/nikko/Downloads/moi-main/project_root/data/visualizations/video/pushups_video3/frame_00067.png,"[71, 128, 557, 280]",LEFT_ANKLE,-1.587153992071925,0.9406560383971753,0.7794113755226135,0.6699561774730682,0.34284037724137306,0.3277138798396516
00067,/Users/nikko/Downloads/moi-main/project_root/data/visualizations/video/pushups_video3/frame_00067.png,"[71, 128, 557, 280]",RIGHT_ANKLE,-1.6629846402645077,0.9305995219611505,0.9981390237808228,0.6699561774730682,0.34284037724137306,0.3277138798396516
00067,/Users/nikko/Downloads/moi-main/project_root/data/visualizations/video/pushups_video3/frame_00067.png,"[71, 128, 557, 280]",LEFT_EYE,0.8314680391342033,0.12655882533646212,0.9996609687805176,0.6699561774730682,0.34284037724137306,0.3277138798396516
00067,/Users/nikko/Downloads/moi-main/project_root/data/visualizations/video/pushups_video3/frame_00067.png,"[71, 128, 557, 280]",RIGHT_EYE,0.8262186146717757,0.1069244100402174,0.9998132586479187,0.6699561774730682,0.34284037724137306,0.3277138798396516
00068,/Users/nikko/Downloads/moi-main/project_root/data/visualizations/video/pushups_video3/frame_00068.png,"[67, 115, 555, 281]",LEFT_SHOULDER,0.4385262923538701,-0.2996068179073806,0.9999620914459229,0.6643132716417313,0.3538191020488739,0.3373756008253228
00068,/Users/nikko/Downloads/moi-main/project_root/data/visualizations/video/pushups_video3/frame_00068.png,"[67, 115, 555, 281]",RIGHT_SHOULDER,0.4477193925167158,-0.16261434339845615,0.9999572038650513,0.6643132716417313,0.3538191020488739,0.3373756008253228
00068,/Users/nikko/Downloads/moi-main/project_root/data/visualizations/video/pushups_video3/frame_00068.png,"[67, 115, 555, 281]",LEFT_HIP,-0.42841123210262594,0.2601316087071114,0.9992780089378357,0.6643132716417313,0.3538191020488739,0.3373756008253228
00068,/Users/nikko/Downloads/moi-main/project_root/data/visualizations/video/pushups_video3/frame_00068.png,"[67, 115, 555, 281]",RIGHT_HIP,-0.4578344527679599,0.2020895525987253,0.9997482895851135,0.6643132716417313,0.3538191020488739,0.3373756008253228
00068,/Users/nikko/Downloads/moi-main/project_root/data/visualizations/video/pushups_video3/frame_00068.png,"[67, 115, 555, 281]",RIGHT_ELBOW,0.01931085465407224,0.6095301015466557,0.9965919256210327,0.6643132716417313,0.3538191020488739,0.3373756008253228
00068,/Users/nikko/Downloads/moi-main/project_root/data/visualizations/video/pushups_video3/frame_00068.png,"[67, 115, 555, 281]",RIGHT_WRIST,0.09564794860743435,1.7606292052810224,0.9979678988456726,0.6643132716417313,0.3538191020488739,0.3373756008253228
00068,/Users/nikko/Downloads/moi-main/project_root/data/visualizations/video/pushups_video3/frame_00068.png,"[67, 115, 555, 281]",RIGHT_KNEE,-1.0960822374475132,0.7878212998773696,0.9947623610496521,0.6643132716417313,0.3538191020488739,0.3373756008253228
00068,/Users/nikko/Downloads/moi-main/project_root/data/visualizations/video/pushups_video3/frame_00068.png,"[67, 115, 555, 281]",LEFT_ANKLE,-1.5856310307268113,0.9248826762612533,0.7750858664512634,0.6643132716417313,0.3538191020488739,0.3373756008253228
00068,/Users/nikko/Downloads/moi-main/project_root/data/visualizations/video/pushups_video3/frame_00068.png,"[67, 115, 555, 281]",RIGHT_ANKLE,-1.7246857913547113,0.9503053480635628,0.9988017082214355,0.6643132716417313,0.3538191020488739,0.3373756008253228
00068,/Users/nikko/Downloads/moi-main/project_root/data/visualizations/video/pushups_video3/frame_00068.png,"[67, 115, 555, 281]",LEFT_EYE,0.8156290807499867,0.012580245667257729,0.9997673630714417,0.6643132716417313,0.3538191020488739,0.3373756008253228
00068,/Users/nikko/Downloads/moi-main/project_root/data/visualizations/video/pushups_video3/frame_00068.png,"[67, 115, 555, 281]",RIGHT_EYE,0.8118871789252712,-0.0026069642741030383,0.9998725652694702,0.6643132716417313,0.3538191020488739,0.3373756008253228
00069,/Users/nikko/Downloads/moi-main/project_root/data/visualizations/video/pushups_video3/frame_00069.png,"[67, 103, 552, 281]",LEFT_SHOULDER,0.4291647917520562,-0.2972962876187272,0.9999772310256958,0.663660854101181,0.3547906428575516,0.34994192600988516
00069,/Users/nikko/Downloads/moi-main/project_root/data/visualizations/video/pushups_video3/frame_00069.png,"[67, 103, 552, 281]",RIGHT_SHOULDER,0.4349961153713719,-0.2041130613280418,0.9999750852584839,0.663660854101181,0.3547906428575516,0.34994192600988516
00069,/Users/nikko/Downloads/moi-main/project_root/data/visualizations/video/pushups_video3/frame_00069.png,"[67, 103, 552, 281]",LEFT_HIP,-0.4243591788125956,0.24528115686457078,0.9995400905609131,0.663660854101181,0.3547906428575516,0.34994192600988516
00069,/Users/nikko/Downloads/moi-main/project_root/data/visualizations/video/pushups_video3/frame_00069.png,"[67, 103, 552, 281]",RIGHT_HIP,-0.43980172831083253,0.25612819208219817,0.999832034111023,0.663660854101181,0.3547906428575516,0.34994192600988516
00069,/Users/nikko/Downloads/moi-main/project_root/data/visualizations/video/pushups_video3/frame_00069.png,"[67, 103, 552, 281]",RIGHT_ELBOW,0.051573983185105476,0.6409034039165498,0.998166561126709,0.663660854101181,0.3547906428575516,0.34994192600988516
00069,/Users/nikko/Downloads/moi-main/project_root/data/visualizations/video/pushups_video3/frame_00069.png,"[67, 103, 552, 281]",RIGHT_WRIST,0.11519308344139212,1.7060070287426772,0.9984115362167358,0.663660854101181,0.3547906428575516,0.34994192600988516
00069,/Users/nikko/Downloads/moi-main/project_root/data/visualizations/video/pushups_video3/frame_00069.png,"[67, 103, 552, 281]",RIGHT_KNEE,-1.0477754675428794,0.810571313882239,0.9955869913101196,0.663660854101181,0.3547906428575516,0.34994192600988516
00069,/Users/nikko/Downloads/moi-main/project_root/data/visualizations/video/pushups_video3/frame_00069.png,"[67, 103, 552, 281]",LEFT_ANKLE,-1.5547591162936367,0.9547858607499232,0.7943993210792542,0.663660854101181,0.3547906428575516,0.34994192600988516
00069,/Users/nikko/Downloads/moi-main/project_root/data/visualizations/video/pushups_video3/frame_00069.png,"[67, 103, 552, 281]",RIGHT_ANKLE,-1.6634212569497377,1.001495553259067,0.9990774393081665,0.663660854101181,0.3547906428575516,0.34994192600988516
00069,/Users/nikko/Downloads/moi-main/project_root/data/visualizations/video/pushups_video3/frame_00069.png,"[67, 103, 552, 281]",LEFT_EYE,0.7939103710062749,-0.05744878283415101,0.9998792409896851,0.663660854101181,0.3547906428575516,0.34994192600988516
00069,/Users/nikko/Downloads/moi-main/project_root/data/visualizations/video/pushups_video3/frame_00069.png,"[67, 103, 552, 281]",RIGHT_EYE,0.7926763501036594,-0.06324944754905391,0.9999266862869263,0.663660854101181,0.3547906428575516,0.34994192600988516
00070,/Users/nikko/Downloads/moi-main/project_root/data/visualizations/video/pushups_video3/frame_00070.png,"[68, 96, 549, 281]",LEFT_SHOULDER,0.4217407259183879,-0.30402199581010714,0.9999784231185913,0.6604377329349518,0.34979237243533134,0.356460361394984
00070,/Users/nikko/Downloads/moi-main/project_root/data/visualizations/video/pushups_video3/frame_00070.png,"[68, 96, 549, 281]",RIGHT_SHOULDER,0.42284098447473123,-0.23089363692721285,0.9999661445617676,0.6604377329349518,0.34979237243533134,0.356460361394984
00070,/Users/nikko/Downloads/moi-main/project_root/data/visualizations/video/pushups_video3/frame_00070.png,"[68, 96, 549, 281]",LEFT_HIP,-0.4162834100364156,0.27288758398358703,0.9994719624519348,0.6604377329349518,0.34979237243533134,0.356460361394984
00070,/Users/nikko/Downloads/moi-main/project_root/data/visualizations/video/pushups_video3/frame_00070.png,"[68, 96, 549, 281]",RIGHT_HIP,-0.4282983003567035,0.2620280487537329,0.9997788071632385,0.6604377329349518,0.34979237243533134,0.356460361394984
00070,/Users/nikko/Downloads/moi-main/project_root/data/visualizations/video/pushups_video3/frame_00070.png,"[68, 96, 549, 281]",RIGHT_ELBOW,0.08892789617881078,0.6442879694857895,0.9968806505203247,0.6604377329349518,0.34979237243533134,0.356460361394984
00070,/Users/nikko/Downloads/moi-main/project_root/data/visualizations/video/pushups_video3/frame_00070.png,"[68, 96, 549, 281]",RIGHT_WRIST,0.12430622514164587,1.7107291259884014,0.9963603615760803,0.6604377329349518,0.34979237243533134,0.356460361394984
00070,/Users/nikko/Downloads/moi-main/project_root/data/visualizations/video/pushups_video3/frame_00070.png,"[68, 96, 549, 281]",RIGHT_KNEE,-1.0217426510135241,0.8232107451029895,0.9937238097190857,0.6604377329349518,0.34979237243533134,0.356460361394984
00070,/Users/nikko/Downloads/moi-main/project_root/data/visualizations/video/pushups_video3/frame_00070.png,"[68, 96, 549, 281]",LEFT_ANKLE,-1.533666788516544,0.9919032899093019,0.6879861354827881,0.6604377329349518,0.34979237243533134,0.356460361394984
00070,/Users/nikko/Downloads/moi-main/project_root/data/visualizations/video/pushups_video3/frame_00070.png,"[68, 96, 549, 281]",RIGHT_ANKLE,-1.6401752446277837,1.0618113441611965,0.9986502528190613,0.6604377329349518,0.34979237243533134,0.356460361394984
00070,/Users/nikko/Downloads/moi-main/project_root/data/visualizations/video/pushups_video3/frame_00070.png,"[68, 96, 549, 281]",LEFT_EYE,0.7821269045851712,-0.1456557036195429,0.9997836947441101,0.6604377329349518,0.34979237243533134,0.356460361394984
00070,/Users/nikko/Downloads/moi-main/project_root/data/visualizations/video/pushups_video3/frame_00070.png,"[68, 96, 549, 281]",RIGHT_EYE,0.7790598920562275,-0.15491727214822754,0.9998481273651123,0.6604377329349518,0.34979237243533134,0.356460361394984
00071,/Users/nikko/Downloads/moi-main/project_root/data/visualizations/video/pushups_video3/frame_00071.png,"[58, 85, 553, 282]",LEFT_SHOULDER,0.4101268789669212,-0.34417763213856073,0.9999713897705078,0.6551064699888229,0.3549085147678852,0.34836686091914876
00071,/Users/nikko/Downloads/moi-main/project_root/data/visualizations/video/pushups_video3/frame_00071.png,"[58, 85, 553, 282]",RIGHT_SHOULDER,0.40192413008236244,-0.23706509111482915,0.9999690055847168,0.6551064699888229,0.3549085147678852,0.34836686091914876
00071,/Users/nikko/Downloads/moi-main/project_root/data/visualizations/video/pushups_video3/frame_00071.png,"[58, 85, 553, 282]",LEFT_HIP,-0.4008942096178303,0.2733901480735701,0.9994962215423584,0.6551064699888229,0.3549085147678852,0.34836686091914876
00071,/Users/nikko/Downloads/moi-main/project_root/data/visualizations/video/pushups_video3/frame_00071.png,"[58, 85, 553, 282]",RIGHT_HIP,-0.41115679943145333,0.3078525751798198,0.9998205304145813,0.6551064699888229,0.3549085147678852,0.34836686091914876
00071,/Users/nikko/Downloads/moi-main/project_root/data/visualizations/video/pushups_video3/frame_00071.png,"[58, 85, 553, 282]",RIGHT_ELBOW,0.12703331928193384,0.6856207972127267,0.9976524710655212,0.6551064699888229,0.3549085147678852,0.34836686091914876
00071,/Users/nikko/Downloads/moi-main/project_root/data/visualizations/video/pushups_video3/frame_00071.png,"[58, 85, 553, 282]",RIGHT_WRIST,0.1452620303528297,1.7370327991732366,0.9972781538963318,0.6551064699888229,0.3549085147678852,0.34836686091914876
00071,/Users/nikko/Downloads/moi-main/project_root/data/visualizations/video/pushups_video3/frame_00071.png,"[58, 85, 553, 282]",RIGHT_KNEE,-1.0029826847603418,0.8484811732453977,0.9951316118240356,0.6551064699888229,0.3549085147678852,0.34836686091914876
00071,/Users/nikko/Downloads/moi-main/project_root/data/visualizations/video/pushups_video3/frame_00071.png,"[58, 85, 553, 282]",LEFT_ANKLE,-1.4810669907802672,1.0071359765530583,0.8029840588569641,0.6551064699888229,0.3549085147678852,0.34836686091914876
00071,/Users/nikko/Downloads/moi-main/project_root/data/visualizations/video/pushups_video3/frame_00071.png,"[58, 85, 553, 282]",RIGHT_ANKLE,-1.613867274377743,1.092651455861301,0.9991742968559265,0.6551064699888229,0.3549085147678852,0.34836686091914876
00071,/Users/nikko/Downloads/moi-main/project_root/data/visualizations/video/pushups_video3/frame_00071.png,"[58, 85, 553, 282]",LEFT_EYE,0.7762700630328585,-0.19104358406787067,0.999840259552002,0.6551064699888229,0.3549085147678852,0.34836686091914876
00071,/Users/nikko/Downloads/moi-main/project_root/data/visualizations/video/pushups_video3/frame_00071.png,"[58, 85, 553, 282]",RIGHT_EYE,0.775594057425189,-0.20476918413186856,0.9999107122421265,0.6551064699888229,0.3549085147678852,0.34836686091914876
00072,/Users/nikko/Downloads/moi-main/project_root/data/visualizations/video/pushups_video3/frame_00072.png,"[58, 78, 552, 282]",LEFT_SHOULDER,0.4071145942695641,-0.32841275520634733,0.9998916387557983,0.6500720977783203,0.35250692814588547,0.3523355926238093
00072,/Users/nikko/Downloads/moi-main/project_root/data/visualizations/video/pushups_video3/frame_00072.png,"[58, 78, 552, 282]",RIGHT_SHOULDER,0.395170847402851,-0.2685277266719096,0.9998514652252197,0.6500720977783203,0.35250692814588547,0.3523355926238093
00072,/Users/nikko/Downloads/moi-main/project_root/data/visualizations/video/pushups_video3/frame_00072.png,"[58, 78, 552, 282]",LEFT_HIP,-0.39110095331883943,0.3169491553545127,0.998141884803772,0.6500720977783203,0.35250692814588547,0.3523355926238093
00072,/Users/nikko/Downloads/moi-main/project_root/data/visualizations/video/pushups_video3/frame_00072.png,"[58, 78, 552, 282]",RIGHT_HIP,-0.4111844883535757,0.27999132652374426,0.9992165565490723,0.6500720977783203,0.35250692814588547,0.3523355926238093
00072,/Users/nikko/Downloads/moi-main/project_root/data/visualizations/video/pushups_video3/frame_00072.png,"[58, 78, 552, 282]",RIGHT_ELBOW,0.15929005153475062,0.6898656770963894,0.9960441589355469,0.6500720977783203,0.35250692814588547,0.3523355926238093
00072,/Users/nikko/Downloads/moi-main/project_root/data/visualizations/video/pushups_video3/frame_00072.png,"[58, 78, 552, 282]",RIGHT_WRIST,0.16363823042083214,1.73530098433912,0.9930121302604675,0.6500720977783203,0.35250692814588547,0.3523355926238093
00072,/Users/nikko/Downloads/moi-main/project_root/data/visualizations/video/pushups_video3/frame_00072.png,"[58, 78, 552, 282]",RIGHT_KNEE,-1.0074855495749184,0.8511018613746127,0.9864208698272705,0.6500720977783203,0.35250692814588547,0.3523355926238093
00072,/Users/nikko/Downloads/moi-main/project_root/data/visualizations/video/pushups_video3/frame_00072.png,"[58, 78, 552, 282]",LEFT_ANKLE,-1.4883751365741524,1.045400141009764,0.6548153758049011,0.6500720977783203,0.35250692814588547,0.3523355926238093
00072,/Users/nikko/Downloads/moi-main/project_root/data/visualizations/video/pushups_video3/frame_00072.png,"[58, 78, 552, 282]",RIGHT_ANKLE,-1.578209530764553,1.0785155249458114,0.997277557849884,0.6500720977783203,0.35250692814588547,0.3523355926238093
00072,/Users/nikko/Downloads/moi-main/project_root/data/visualizations/video/pushups_video3/frame_00072.png,"[58, 78, 552, 282]",LEFT_EYE,0.7796406714380806,-0.23851492223128035,0.9984530210494995,0.6500720977783203,0.35250692814588547,0.3523355926238093
00072,/Users/nikko/Downloads/moi-main/project_root/data/visualizations/video/pushups_video3/frame_00072.png,"[58, 78, 552, 282]",RIGHT_EYE,0.7765130547689807,-0.2446515673346771,0.9990527033805847,0.6500720977783203,0.35250692814588547,0.3523355926238093
00073,/Users/nikko/Downloads/moi-main/project_root/data/visualizations/video/pushups_video3/frame_00073.png,"[57, 70, 546, 282]",LEFT_SHOULDER,0.41691633012404,-0.32152845692332366,0.9999513626098633,0.6530677527189255,0.36315499246120453,0.3463123320816609
00073,/Users/nikko/Downloads/moi-main/project_root/data/visualizations/video/pushups_video3/frame_00073.png,"[57, 70, 546, 282]",RIGHT_SHOULDER,0.38983547749841757,-0.26930904004583417,0.9999194145202637,0.6530677527189255,0.36315499246120453,0.3463123320816609
00073,/Users/nikko/Downloads/moi-main/project_root/data/visualizations/video/pushups_video3/frame_00073.png,"[57, 70, 546, 282]",LEFT_HIP,-0.3909756360568528,0.31233180322697995,0.9993095397949219,0.6530677527189255,0.36315499246120453,0.3463123320816609
00073,/Users/nikko/Downloads/moi-main/project_root/data/visualizations/video/pushups_video3/frame_00073.png,"[57, 70, 546, 282]",RIGHT_HIP,-0.41577617156560476,0.2785056937421779,0.999680757522583,0.6530677527189255,0.36315499246120453,0.3463123320816609
00073,/Users/nikko/Downloads/moi-main/project_root/data/visualizations/video/pushups_video3/frame_00073.png,"[57, 70, 546, 282]",RIGHT_ELBOW,0.2013004623630833,0.7175233637175917,0.9938932657241821,0.6530677527189255,0.36315499246120453,0.3463123320816609
00073,/Users/nikko/Downloads/moi-main/project_root/data/visualizations/video/pushups_video3/frame_00073.png,"[57, 70, 546, 282]",RIGHT_WRIST,0.17337918491432872,1.7475231050736793,0.9881721138954163,0.6530677527189255,0.36315499246120453,0.3463123320816609
00073,/Users/nikko/Downloads/moi-main/project_root/data/visualizations/video/pushups_video3/frame_00073.png,"[57, 70, 546, 282]",RIGHT_KNEE,-1.031401295613915,0.8334560353004619,0.9770062565803528,0.6530677527189255,0.36315499246120453,0.3463123320816609
00073,/Users/nikko/Downloads/moi-main/project_root/data/visualizations/video/pushups_video3/frame_00073.png,"[57, 70, 546, 282]",LEFT_ANKLE,-1.510849199769688,1.0537778001562539,0.5142282843589783,0.6530677527189255,0.36315499246120453,0.3463123320816609
00073,/Users/nikko/Downloads/moi-main/project_root/data/visualizations/video/pushups_video3/frame_00073.png,"[57, 70, 546, 282]",RIGHT_ANKLE,-1.6250751187908972,1.08497041789034,0.9955254197120667,0.6530677527189255,0.36315499246120453,0.3463123320816609
00073,/Users/nikko/Downloads/moi-main/project_root/data/visualizations/video/pushups_video3/frame_00073.png,"[57, 70, 546, 282]",LEFT_EYE,0.799679666297717,-0.28877477976965754,0.9992764592170715,0.6530677527189255,0.36315499246120453,0.3463123320816609
00073,/Users/nikko/Downloads/moi-main/project_root/data/visualizations/video/pushups_video3/frame_00073.png,"[57, 70, 546, 282]",RIGHT_EYE,0.7974950436722783,-0.29780999203980874,0.9995123147964478,0.6530677527189255,0.36315499246120453,0.3463123320816609
00074,/Users/nikko/Downloads/moi-main/project_root/data/visualizations/video/pushups_video3/frame_00074.png,"[56, 65, 539, 282]",LEFT_SHOULDER,0.40853978606413316,-0.33660057935333265,0.9999481439590454,0.6618435829877853,0.36043937876820564,0.353145413423743
00074,/Users/nikko/Downloads/moi-main/project_root/data/visualizations/video/pushups_video3/frame_00074.png,"[56, 65, 539, 282]",RIGHT_SHOULDER,0.39142088696141497,-0.26342123519169686,0.9999083280563354,0.6618435829877853,0.36043937876820564,0.353145413423743
00074,/Users/nikko/Downloads/moi-main/project_root/data/visualizations/video/pushups_video3/frame_00074.png,"[56, 65, 539, 282]",LEFT_HIP,-0.38773983249825233,0.32857484008163734,0.9994691014289856,0.6618435829877853,0.36043937876820564,0.353145413423743
00074,/Users/nikko/Downloads/moi-main/project_root/data/visualizations/video/pushups_video3/frame_00074.png,"[56, 65, 539, 282]",RIGHT_HIP,-0.4122208405272958,0.2714469744633921,0.9997598528862,0.6618435829877853,0.36043937876820564,0.353145413423743
00074,/Users/nikko/Downloads/moi-main/project_root/data/visualizations/video/pushups_video3/frame_00074.png,"[56, 65, 539, 282]",RIGHT_ELBOW,0.2343717899577506,0.7097537303594961,0.9937983155250549,0.6618435829877853,0.36043937876820564,0.353145413423743
00074,/Users/nikko/Downloads/moi-main/project_root/data/visualizations/video/pushups_video3/frame_00074.png,"[56, 65, 539, 282]",RIGHT_WRIST,0.17838235999158505,1.7102035549921972,0.9875949621200562,0.6618435829877853,0.36043937876820564,0.353145413423743
00074,/Users/nikko/Downloads/moi-main/project_root/data/visualizations/video/pushups_video3/frame_00074.png,"[56, 65, 539, 282]",RIGHT_KNEE,-0.999411772168772,0.8462686213042032,0.9826430082321167,0.6618435829877853,0.36043937876820564,0.353145413423743
00074,/Users/nikko/Downloads/moi-main/project_root/data/visualizations/video/pushups_video3/frame_00074.png,"[56, 65, 539, 282]",LEFT_ANKLE,-1.484748157202183,1.065690658251395,0.5928425192832947,0.6618435829877853,0.36043937876820564,0.353145413423743
00074,/Users/nikko/Downloads/moi-main/project_root/data/visualizations/video/pushups_video3/frame_00074.png,"[56, 65, 539, 282]",RIGHT_ANKLE,-1.5883216656929176,1.1011448694656585,0.9969244599342346,0.6618435829877853,0.36043937876820564,0.353145413423743
00074,/Users/nikko/Downloads/moi-main/project_root/data/visualizations/video/pushups_video3/frame_00074.png,"[56, 65, 539, 282]",LEFT_EYE,0.7804985290352487,-0.2868836429004585,0.9991499185562134,0.6618435829877853,0.36043937876820564,0.353145413423743
00074,/Users/nikko/Downloads/moi-main/project_root/data/visualizations/video/pushups_video3/frame_00074.png,"[56, 65, 539, 282]",RIGHT_EYE,0.7759333092402225,-0.299585512942402,0.9994389414787292,0.6618435829877853,0.36043937876820564,0.353145413423743
00075,/Users/nikko/Downloads/moi-main/project_root/data/visualizations/video/pushups_video3/frame_00075.png,"[54, 60, 536, 283]",LEFT_SHOULDER,0.402486215743511,-0.3340833237872717,0.9999533891677856,0.6615810543298721,0.36731288582086563,0.34467292269703276
00075,/Users/nikko/Downloads/moi-main/project_root/data/visualizations/video/pushups_video3/frame_00075.png,"[54, 60, 536, 283]",RIGHT_SHOULDER,0.39746827594158524,-0.2656723256888324,0.9999202489852905,0.6615810543298721,0.36731288582086563,0.34467292269703276
00075,/Users/nikko/Downloads/moi-main/project_root/data/visualizations/video/pushups_video3/frame_00075.png,"[54, 60, 536, 283]",LEFT_HIP,-0.38357041402989683,0.3438103917978747,0.9994220733642578,0.6615810543298721,0.36731288582086563,0.34467292269703276
00075,/Users/nikko/Downloads/moi-main/project_root/data/visualizations/video/pushups_video3/frame_00075.png,"[54, 60, 536, 283]",RIGHT_HIP,-0.41638407765519947,0.2559452576782294,0.9997503161430359,0.6615810543298721,0.36731288582086563,0.34467292269703276
00075,/Users/nikko/Downloads/moi-main/project_root/data/visualizations/video/pushups_video3/frame_00075.png,"[54, 60, 536, 283]",RIGHT_ELBOW,0.27060140055586773,0.7492334520522295,0.9953502416610718,0.6615810543298721,0.36731288582086563,0.34467292269703276
00075,/Users/nikko/Downloads/moi-main/project_root/data/visualizations/video/pushups_video3/frame_00075.png,"[54, 60, 536, 283]",RIGHT_WRIST,0.20505154640831458,1.7553737015622541,0.992948055267334,0.6615810543298721,0.36731288582086563,0.34467292269703276
00075,/Users/nikko/Downloads/moi-main/project_root/data/visualizations/video/pushups_video3/frame_00075.png,"[54, 60, 536, 283]",RIGHT_KNEE,-1.0091806797099938,0.8298066897436466,0.9760785102844238,0.6615810543298721,0.36731288582086563,0.34467292269703276
00075,/Users/nikko/Downloads/moi-main/project_root/data/visualizations/video/pushups_video3/frame_00075.png,"[54, 60, 536, 283]",RIGHT_ANKLE,-1.6095724992259481,1.1063906826396104,0.995888888835907,0.6615810543298721,0.36731288582086563,0.34467292269703276
00075,/Users/nikko/Downloads/moi-main/project_root/data/visualizations/video/pushups_video3/frame_00075.png,"[54, 60, 536, 283]",LEFT_EYE,0.8108573177931351,-0.34080463427014196,0.9992045760154724,0.6615810543298721,0.36731288582086563,0.34467292269703276
00075,/Users/nikko/Downloads/moi-main/project_root/data/visualizations/video/pushups_video3/frame_00075.png,"[54, 60, 536, 283]",RIGHT_EYE,0.8070756619504045,-0.35293310907880965,0.999488115310669,0.6615810543298721,0.36731288582086563,0.34467292269703276
00076,/Users/nikko/Downloads/moi-main/project_root/data/visualizations/video/pushups_video3/frame_00076.png,"[53, 56, 535, 283]",LEFT_SHOULDER,0.4127660834344349,-0.3133928001546522,0.9999706745147705,0.6623720228672028,0.37078996002674103,0.34611823053370244
00076,/Users/nikko/Downloads/moi-main/project_root/data/visualizations/video/pushups_video3/frame_00076.png,"[53, 56, 535, 283]",RIGHT_SHOULDER,0.398964916607066,-0.2700115663937539,0.9999489784240723,0.6623720228672028,0.37078996002674103,0.34611823053370244
00076,/Users/nikko/Downloads/moi-main/project_root/data/visualizations/video/pushups_video3/frame_00076.png,"[53, 56, 535, 283]",LEFT_HIP,-0.39063465478504616,0.3308069100086264,0.9996488094329834,0.6623720228672028,0.37078996002674103,0.34611823053370244
00076,/Users/nikko/Downloads/moi-main/project_root/data/visualizations/video/pushups_video3/frame_00076.png,"[53, 56, 535, 283]",RIGHT_HIP,-0.4210963452564548,0.2525974565397797,0.9998471736907959,0.6623720228672028,0.37078996002674103,0.34611823053370244
00076,/Users/nikko/Downloads/moi-main/project_root/data/visualizations/video/pushups_video3/frame_00076.png,"[53, 56, 535, 283]",RIGHT_ELBOW,0.2692774828433887,0.728162275996142,0.9954110980033875,0.6623720228672028,0.37078996002674103,0.34611823053370244
00076,/Users/nikko/Downloads/moi-main/project_root/data/visualizations/video/pushups_video3/frame_00076.png,"[53, 56, 535, 283]",RIGHT_WRIST,0.20273733594462498,1.732102017261958,0.9945694804191589,0.6623720228672028,0.37078996002674103,0.34611823053370244
00076,/Users/nikko/Downloads/moi-main/project_root/data/visualizations/video/pushups_video3/frame_00076.png,"[53, 56, 535, 283]",RIGHT_KNEE,-1.0173666981219351,0.8393567110563847,0.9649229645729065,0.6623720228672028,0.37078996002674103,0.34611823053370244
00076,/Users/nikko/Downloads/moi-main/project_root/data/visualizations/video/pushups_video3/frame_00076.png,"[53, 56, 535, 283]",RIGHT_ANKLE,-1.6151450844518571,1.1075707177481622,0.9937845468521118,0.6623720228672028,0.37078996002674103,0.34611823053370244
00076,/Users/nikko/Downloads/moi-main/project_root/data/visualizations/video/pushups_video3/frame_00076.png,"[53, 56, 535, 283]",LEFT_EYE,0.8022740613962416,-0.3433658478311136,0.9990307092666626,0.6623720228672028,0.37078996002674103,0.34611823053370244
00076,/Users/nikko/Downloads/moi-main/project_root/data/visualizations/video/pushups_video3/frame_00076.png,"[53, 56, 535, 283]",RIGHT_EYE,0.7988717298720928,-0.3514650052898492,0.9993460774421692,0.6623720228672028,0.37078996002674103,0.34611823053370244
00077,/Users/nikko/Downloads/moi-main/project_root/data/visualizations/video/pushups_video3/frame_00077.png,"[53, 56, 534, 283]",LEFT_SHOULDER,0.4264945683268197,-0.32480896361247413,0.99997878074646,0.6635233759880066,0.3732351139187813,0.34359168208980073
00077,/Users/nikko/Downloads/moi-main/project_root/data/visualizations/video/pushups_video3/frame_00077.png,"[53, 56, 534, 283]",RIGHT_SHOULDER,0.3897960576967121,-0.2528252450202152,0.9999641180038452,0.6635233759880066,0.3732351139187813,0.34359168208980073
00077,/Users/nikko/Downloads/moi-main/project_root/data/visualizations/video/pushups_video3/frame_00077.png,"[53, 56, 534, 283]",LEFT_HIP,-0.39363731963074383,0.30509224645799077,0.9996210336685181,0.6635233759880066,0.3732351139187813,0.34359168208980073
00077,/Users/nikko/Downloads/moi-main/project_root/data/visualizations/video/pushups_video3/frame_00077.png,"[53, 56, 534, 283]",RIGHT_HIP,-0.42265330639278803,0.27254196217469856,0.9998401403427124,0.6635233759880066,0.3732351139187813,0.34359168208980073
00077,/Users/nikko/Downloads/moi-main/project_root/data/visualizations/video/pushups_video3/frame_00077.png,"[53, 56, 534, 283]",RIGHT_ELBOW,0.26643418135698577,0.7394422934534082,0.9964095950126648,0.6635233759880066,0.3732351139187813,0.34359168208980073
00077,/Users/nikko/Downloads/moi-main/project_root/data/visualizations/video/pushups_video3/frame_00077.png,"[53, 56, 534, 283]",RIGHT_WRIST,0.20505951369900147,1.7339199063089834,0.9954525828361511,0.6635233759880066,0.3732351139187813,0.34359168208980073
00077,/Users/nikko/Downloads/moi-main/project_root/data/visualizations/video/pushups_video3/frame_00077.png,"[53, 56, 534, 283]",RIGHT_KNEE,-1.0393317142956289,0.8311130215676615,0.9754081964492798,0.6635233759880066,0.3732351139187813,0.34359168208980073
00077,/Users/nikko/Downloads/moi-main/project_root/data/visualizations/video/pushups_video3/frame_00077.png,"[53, 56, 534, 283]",RIGHT_ANKLE,-1.6471909886482596,1.0972814388780892,0.9957515001296997,0.6635233759880066,0.3732351139187813,0.34359168208980073
00077,/Users/nikko/Downloads/moi-main/project_root/data/visualizations/video/pushups_video3/frame_00077.png,"[53, 56, 534, 283]",LEFT_EYE,0.8051670475683098,-0.3421972529119217,0.9996191263198853,0.6635233759880066,0.3732351139187813,0.34359168208980073
00077,/Users/nikko/Downloads/moi-main/project_root/data/visualizations/video/pushups_video3/frame_00077.png,"[53, 56, 534, 283]",RIGHT_EYE,0.7977098680190969,-0.355559615899034,0.9997581839561462,0.6635233759880066,0.3732351139187813,0.34359168208980073
00078,/Users/nikko/Downloads/moi-main/project_root/data/visualizations/video/pushups_video3/frame_00078.png,"[55, 58, 534, 283]",LEFT_SHOULDER,0.4082246816198205,-0.3273428724905116,0.9999727010726929,0.6619741171598434,0.36812470853328705,0.3450518095813284
00078,/Users/nikko/Downloads/moi-main/project_root/data/visualizations/video/pushups_video3/frame_00078.png,"[55, 58, 534, 283]",RIGHT_SHOULDER,0.40231779815623997,-0.2583211249153044,0.9999598264694214,0.6619741171598434,0.36812470853328705,0.3450518095813284
00078,/Users/nikko/Downloads/moi-main/project_root/data/visualizations/video/pushups_video3/frame_00078.png,"[55, 58, 534, 283]",LEFT_HIP,-0.3934403715874844,0.31134496954186064,0.9996645450592041,0.6619741171598434,0.36812470853328705,0.3450518095813284
00078,/Users/nikko/Downloads/moi-main/project_root/data/visualizations/video/pushups_video3/frame_00078.png,"[55, 58, 534, 283]",RIGHT_HIP,-0.4171021081885761,0.27431902786395534,0.9998658895492554,0.6619741171598434,0.36812470853328705,0.3450518095813284
00078,/Users/nikko/Downloads/moi-main/project_root/data/visualizations/video/pushups_video3/frame_00078.png,"[55, 58, 534, 283]",RIGHT_ELBOW,0.27166969691846815,0.7478963055769229,0.9961904287338257,0.6619741171598434,0.36812470853328705,0.3450518095813284
00078,/Users/nikko/Downloads/moi-main/project_root/data/visualizations/video/pushups_video3/frame_00078.png,"[55, 58, 534, 283]",RIGHT_WRIST,0.20772541619767698,1.7564496282064879,0.995642900466919,0.6619741171598434,0.36812470853328705,0.3450518095813284
00078,/Users/nikko/Downloads/moi-main/project_root/data/visualizations/video/pushups_video3/frame_00078.png,"[55, 58, 534, 283]",RIGHT_KNEE,-1.0184357139963978,0.8242262991569679,0.9698847532272339,0.6619741171598434,0.36812470853328705,0.3450518095813284
00078,/Users/nikko/Downloads/moi-main/project_root/data/visualizations/video/pushups_video3/frame_00078.png,"[55, 58, 534, 283]",RIGHT_ANKLE,-1.6408174828769013,1.1188831353188395,0.9947450160980225,0.6619741171598434,0.36812470853328705,0.3450518095813284
00078,/Users/nikko/Downloads/moi-main/project_root/data/visualizations/video/pushups_video3/frame_00078.png,"[55, 58, 534, 283]",LEFT_EYE,0.8102736513686852,-0.33771114151379067,0.999248206615448,0.6619741171598434,0.36812470853328705,0.3450518095813284
00078,/Users/nikko/Downloads/moi-main/project_root/data/visualizations/video/pushups_video3/frame_00078.png,"[55, 58, 534, 283]",RIGHT_EYE,0.8060864060065799,-0.3455425772624601,0.9995307922363281,0.6619741171598434,0.36812470853328705,0.3450518095813284
00079,/Users/nikko/Downloads/moi-main/project_root/data/visualizations/video/pushups_video3/frame_00079.png,"[56, 60, 535, 283]",LEFT_SHOULDER,0.41857308990491215,-0.3268969175038271,0.9999760389328003,0.6575816124677658,0.36274541914463043,0.34722097913680994
00079,/Users/nikko/Downloads/moi-main/project_root/data/visualizations/video/pushups_video3/frame_00079.png,"[56, 60, 535, 283]",RIGHT_SHOULDER,0.3961389275574319,-0.25271928187010206,0.9999558925628662,0.6575816124677658,0.36274541914463043,0.34722097913680994
00079,/Users/nikko/Downloads/moi-main/project_root/data/visualizations/video/pushups_video3/frame_00079.png,"[56, 60, 535, 283]",LEFT_HIP,-0.40013702117087757,0.2929160829588925,0.999554455280304,0.6575816124677658,0.36274541914463043,0.34722097913680994
00079,/Users/nikko/Downloads/moi-main/project_root/data/visualizations/video/pushups_video3/frame_00079.png,"[56, 60, 535, 283]",RIGHT_HIP,-0.4145749962914665,0.2867001164150366,0.9998061060905457,0.6575816124677658,0.36274541914463043,0.34722097913680994
00079,/Users/nikko/Downloads/moi-main/project_root/data/visualizations/video/pushups_video3/frame_00079.png,"[56, 60, 535, 283]",RIGHT_ELBOW,0.27801075806639636,0.7451752208538053,0.9949642419815063,0.6575816124677658,0.36274541914463043,0.34722097913680994
00079,/Users/nikko/Downloads/moi-main/project_root/data/visualizations/video/pushups_video3/frame_00079.png,"[56, 60, 535, 283]",RIGHT_WRIST,0.21627750101476806,1.7385951821068093,0.9943137168884277,0.6575816124677658,0.36274541914463043,0.34722097913680994
00079,/Users/nikko/Downloads/moi-main/project_root/data/visualizations/video/pushups_video3/frame_00079.png,"[56, 60, 535, 283]",RIGHT_KNEE,-1.0106381310727175,0.8444018601208058,0.9685178399085999,0.6575816124677658,0.36274541914463043,0.34722097913680994
00079,/Users/nikko/Downloads/moi-main/project_root/data/visualizations/video/pushups_video3/frame_00079.png,"[56, 60, 535, 283]",RIGHT_ANKLE,-1.6205823694740737,1.1473725721623775,0.993442177772522,0.6575816124677658,0.36274541914463043,0.34722097913680994
00079,/Users/nikko/Downloads/moi-main/project_root/data/visualizations/video/pushups_video3/frame_00079.png,"[56, 60, 535, 283]",LEFT_EYE,0.8117703746601969,-0.32900960454893474,0.999235987663269,0.6575816124677658,0.36274541914463043,0.34722097913680994
00079,/Users/nikko/Downloads/moi-main/project_root/data/visualizations/video/pushups_video3/frame_00079.png,"[56, 60, 535, 283]",RIGHT_EYE,0.8061716188068434,-0.3355866620919483,0.9994971752166748,0.6575816124677658,0.36274541914463043,0.34722097913680994
00080,/Users/nikko/Downloads/moi-main/project_root/data/visualizations/video/pushups_video3/frame_00080.png,"[53, 58, 535, 283]",LEFT_SHOULDER,0.40680809399967044,-0.3349546518972391,0.9999639987945557,0.6599841266870499,0.3654497340321541,0.34248102773020045
00080,/Users/nikko/Downloads/moi-main/project_root/data/visualizations/video/pushups_video3/frame_00080.png,"[53, 58, 535, 283]",RIGHT_SHOULDER,0.40044370567358667,-0.25504536984049603,0.999942421913147,0.6599841266870499,0.3654497340321541,0.34248102773020045
00080,/Users/nikko/Downloads/moi-main/project_root/data/visualizations/video/pushups_video3/frame_00080.png,"[53, 58, 535, 283]",LEFT_HIP,-0.39315039058739265,0.30561244435763824,0.9996781349182129,0.6599841266870499,0.3654497340321541,0.34248102773020045
00080,/Users/nikko/Downloads/moi-main/project_root/data/visualizations/video/pushups_video3/frame_00080.png,"[53, 58, 535, 283]",RIGHT_HIP,-0.4141014090858645,0.2843875773800969,0.9998577833175659,0.6599841266870499,0.3654497340321541,0.34248102773020045
00080,/Users/nikko/Downloads/moi-main/project_root/data/visualizations/video/pushups_video3/frame_00080.png,"[53, 58, 535, 283]",RIGHT_ELBOW,0.27793031813272717,0.7659761899844487,0.9940622448921204,0.6599841266870499,0.3654497340321541,0.34248102773020045
00080,/Users/nikko/Downloads/moi-main/project_root/data/visualizations/video/pushups_video3/frame_00080.png,"[53, 58, 535, 283]",RIGHT_WRIST,0.2145762078097037,1.7654707532102032,0.9917864203453064,0.6599841266870499,0.3654497340321541,0.34248102773020045
00080,/Users/nikko/Downloads/moi-main/project_root/data/visualizations/video/pushups_video3/frame_00080.png,"[53, 58, 535, 283]",RIGHT_KNEE,-1.0213167714440243,0.8841227950732377,0.9652851819992065,0.6599841266870499,0.3654497340321541,0.34248102773020045
00080,/Users/nikko/Downloads/moi-main/project_root/data/visualizations/video/pushups_video3/frame_00080.png,"[53, 58, 535, 283]",RIGHT_ANKLE,-1.6434622275738373,1.1590518748459815,0.9937855005264282,0.6599841266870499,0.3654497340321541,0.34248102773020045
00080,/Users/nikko/Downloads/moi-main/project_root/data/visualizations/video/pushups_video3/frame_00080.png,"[53, 58, 535, 283]",LEFT_EYE,0.8172898214015137,-0.3399334817841795,0.9990682005882263,0.6599841266870499,0.3654497340321541,0.34248102773020045
00080,/Users/nikko/Downloads/moi-main/project_root/data/visualizations/video/pushups_video3/frame_00080.png,"[53, 58, 535, 283]",RIGHT_EYE,0.8132378733305279,-0.3515126517452167,0.9994080066680908,0.6599841266870499,0.3654497340321541,0.34248102773020045
00081,/Users/nikko/Downloads/moi-main/project_root/data/visualizations/video/pushups_video3/frame_00081.png,"[53, 58, 535, 283]",LEFT_SHOULDER,0.40643697969218495,-0.3350525049558681,0.9999650716781616,0.6598090827465057,0.36505988985300064,0.3428003070373762
00081,/Users/nikko/Downloads/moi-main/project_root/data/visualizations/video/pushups_video3/frame_00081.png,"[53, 58, 535, 283]",RIGHT_SHOULDER,0.40063318256273595,-0.25516331310493373,0.9999434947967529,0.6598090827465057,0.36505988985300064,0.3428003070373762
00081,/Users/nikko/Downloads/moi-main/project_root/data/visualizations/video/pushups_video3/frame_00081.png,"[53, 58, 535, 283]",LEFT_HIP,-0.3933182316883562,0.3046245610088175,0.9996798038482666,0.6598090827465057,0.36505988985300064,0.3428003070373762
00081,/Users/nikko/Downloads/moi-main/project_root/data/visualizations/video/pushups_video3/frame_00081.png,"[53, 58, 535, 283]",RIGHT_HIP,-0.4137519305665646,0.2855912570519843,0.9998582601547241,0.6598090827465057,0.36505988985300064,0.3428003070373762
00081,/Users/nikko/Downloads/moi-main/project_root/data/visualizations/video/pushups_video3/frame_00081.png,"[53, 58, 535, 283]",RIGHT_ELBOW,0.2783994319106191,0.7655266270883808,0.9940447211265564,0.6598090827465057,0.36505988985300064,0.3428003070373762
00081,/Users/nikko/Downloads/moi-main/project_root/data/visualizations/video/pushups_video3/frame_00081.png,"[53, 58, 535, 283]",RIGHT_WRIST,0.2149810508263309,1.7647115332522512,0.9917067289352417,0.6598090827465057,0.36505988985300064,0.3428003070373762
00081,/Users/nikko/Downloads/moi-main/project_root/data/visualizations/video/pushups_video3/frame_00081.png,"[53, 58, 535, 283]",RIGHT_KNEE,-1.0196079986241244,0.8849369840562054,0.9656180739402771,0.6598090827465057,0.36505988985300064,0.3428003070373762
00081,/Users/nikko/Downloads/moi-main/project_root/data/visualizations/video/pushups_video3/frame_00081.png,"[53, 58, 535, 283]",RIGHT_ANKLE,-1.6416099906950912,1.1613870085095364,0.9938456416130066,0.6598090827465057,0.36505988985300064,0.3428003070373762
00081,/Users/nikko/Downloads/moi-main/project_root/data/visualizations/video/pushups_video3/frame_00081.png,"[53, 58, 535, 283]",LEFT_EYE,0.8171800781359613,-0.33821269587913527,0.999110996723175,0.6598090827465057,0.36505988985300064,0.3428003070373762
00081,/Users/nikko/Downloads/moi-main/project_root/data/visualizations/video/pushups_video3/frame_00081.png,"[53, 58, 535, 283]",RIGHT_EYE,0.81319136948233,-0.3495385245594278,0.9994341731071472,0.6598090827465057,0.36505988985300064,0.3428003070373762
00082,/Users/nikko/Downloads/moi-main/project_root/data/visualizations/video/pushups_video3/frame_00082.png,"[53, 58, 535, 283]",LEFT_SHOULDER,0.40621873548251647,-0.3357274101315007,0.9999635219573975,0.6598474234342575,0.3650359846651554,0.34270668183421477
00082,/Users/nikko/Downloads/moi-main/project_root/data/visualizations/video/pushups_video3/frame_00082.png,"[53, 58, 535, 283]",RIGHT_SHOULDER,0.4011224377043092,-0.2540478114811039,0.9999420642852783,0.6598474234342575,0.3650359846651554,0.34270668183421477
00082,/Users/nikko/Downloads/moi-main/project_root/data/visualizations/video/pushups_video3/frame_00082.png,"[53, 58, 535, 283]",LEFT_HIP,-0.39387410113835203,0.3030463049125496,0.9996846914291382,0.6598474234342575,0.3650359846651554,0.34270668183421477
00082,/Users/nikko/Downloads/moi-main/project_root/data/visualizations/video/pushups_video3/frame_00082.png,"[53, 58, 535, 283]",RIGHT_HIP,-0.41346707204847366,0.28672891670005496,0.9998608827590942,0.6598474234342575,0.3650359846651554,0.34270668183421477
00082,/Users/nikko/Downloads/moi-main/project_root/data/visualizations/video/pushups_video3/frame_00082.png,"[53, 58, 535, 283]",RIGHT_ELBOW,0.2784944029462516,0.7656879458980048,0.9940000772476196,0.6598474234342575,0.3650359846651554,0.34270668183421477
00082,/Users/nikko/Downloads/moi-main/project_root/data/visualizations/video/pushups_video3/frame_00082.png,"[53, 58, 535, 283]",RIGHT_WRIST,0.21498373547716898,1.76533174668937,0.9916463494300842,0.6598474234342575,0.3650359846651554,0.34270668183421477
00082,/Users/nikko/Downloads/moi-main/project_root/data/visualizations/video/pushups_video3/frame_00082.png,"[53, 58, 535, 283]",RIGHT_KNEE,-1.0195230927791394,0.8860838502320124,0.9660671949386597,0.6598474234342575,0.3650359846651554,0.34270668183421477
00082,/Users/nikko/Downloads/moi-main/project_root/data/visualizations/video/pushups_video3/frame_00082.png,"[53, 58, 535, 283]",RIGHT_ANKLE,-1.642730724379223,1.1622008533965167,0.9939623475074768,0.6598474234342575,0.3650359846651554,0.34270668183421477
00082,/Users/nikko/Downloads/moi-main/project_root/data/visualizations/video/pushups_video3/frame_00082.png,"[53, 58, 535, 283]",LEFT_EYE,0.8170093467967608,-0.33818251010546746,0.9990605711936951,0.6598474234342575,0.3650359846651554,0.34270668183421477
00082,/Users/nikko/Downloads/moi-main/project_root/data/visualizations/video/pushups_video3/frame_00082.png,"[53, 58, 535, 283]",RIGHT_EYE,0.812976241575996,-0.3497405332703135,0.9994049072265625,0.6598474234342575,0.3650359846651554,0.34270668183421477
00083,/Users/nikko/Downloads/moi-main/project_root/data/visualizations/video/pushups_video3/frame_00083.png,"[53, 58, 535, 283]",LEFT_SHOULDER,0.40419380471036925,-0.3383462873068945,0.9999675750732422,0.6599355489015579,0.36558907106518745,0.34339153696108726
00083,/Users/nikko/Downloads/moi-main/project_root/data/visualizations/video/pushups_video3/frame_00083.png,"[53, 58, 535, 283]",RIGHT_SHOULDER,0.4012997664613931,-0.2539298230015134,0.9999517202377319,0.6599355489015579,0.36558907106518745,0.34339153696108726
00083,/Users/nikko/Downloads/moi-main/project_root/data/visualizations/video/pushups_video3/frame_00083.png,"[53, 58, 535, 283]",LEFT_HIP,-0.3926416920369912,0.30537765369805847,0.9996471405029297,0.6599355489015579,0.36558907106518745,0.34339153696108726
00083,/Users/nikko/Downloads/moi-main/project_root/data/visualizations/video/pushups_video3/frame_00083.png,"[53, 58, 535, 283]",RIGHT_HIP,-0.4128518791347712,0.2868984566103494,0.9998505115509033,0.6599355489015579,0.36558907106518745,0.34339153696108726
00083,/Users/nikko/Downloads/moi-main/project_root/data/visualizations/video/pushups_video3/frame_00083.png,"[53, 58, 535, 283]",RIGHT_ELBOW,0.27749418836630146,0.7632434745765495,0.9949206709861755,0.6599355489015579,0.36558907106518745,0.34339153696108726
00083,/Users/nikko/Downloads/moi-main/project_root/data/visualizations/video/pushups_video3/frame_00083.png,"[53, 58, 535, 283]",RIGHT_WRIST,0.2135134302131587,1.7595886533009182,0.9927882552146912,0.6599355489015579,0.36558907106518745,0.34339153696108726
00083,/Users/nikko/Downloads/moi-main/project_root/data/visualizations/video/pushups_video3/frame_00083.png,"[53, 58, 535, 283]",RIGHT_KNEE,-1.0234408353099402,0.8702152724603892,0.96808260679245,0.6599355489015579,0.36558907106518745,0.34339153696108726
00083,/Users/nikko/Downloads/moi-main/project_root/data/visualizations/video/pushups_video3/frame_00083.png,"[53, 58, 535, 283]",RIGHT_ANKLE,-1.6454012979809514,1.1522141572908537,0.9943558573722839,0.6599355489015579,0.36558907106518745,0.34339153696108726
00083,/Users/nikko/Downloads/moi-main/project_root/data/visualizations/video/pushups_video3/frame_00083.png,"[53, 58, 535, 283]",LEFT_EYE,0.8144810500876772,-0.33849660441381063,0.9993448853492737,0.6599355489015579,0.36558907106518745,0.34339153696108726
00083,/Users/nikko/Downloads/moi-main/project_root/data/visualizations/video/pushups_video3/frame_00083.png,"[53, 58, 535, 283]",RIGHT_EYE,0.8105037219261563,-0.3500090982885125,0.9995934367179871,0.6599355489015579,0.36558907106518745,0.34339153696108726
00084,/Users/nikko/Downloads/moi-main/project_root/data/visualizations/video/pushups_video3/frame_00084.png,"[53, 58, 535, 283]",LEFT_SHOULDER,0.4045789362749167,-0.3381797005463317,0.9999682903289795,0.6598407030105591,0.3657248951494694,0.34303154030595623
00084,/Users/nikko/Downloads/moi-main/project_root/data/visualizations/video/pushups_video3/frame_00084.png,"[53, 58, 535, 283]",RIGHT_SHOULDER,0.4016848147533405,-0.253009410435079,0.9999527931213379,0.6598407030105591,0.3657248951494694,0.34303154030595623
00084,/Users/nikko/Downloads/moi-main/project_root/data/visualizations/video/pushups_video3/frame_00084.png,"[53, 58, 535, 283]",LEFT_HIP,-0.39336560544678273,0.30412974660870157,0.9996470212936401,0.6598407030105591,0.3657248951494694,0.34303154030595623
00084,/Users/nikko/Downloads/moi-main/project_root/data/visualizations/video/pushups_video3/frame_00084.png,"[53, 58, 535, 283]",RIGHT_HIP,-0.4128981455814744,0.2870593643727091,0.9998507499694824,0.6598407030105591,0.3657248951494694,0.34303154030595623
00084,/Users/nikko/Downloads/moi-main/project_root/data/visualizations/video/pushups_video3/frame_00084.png,"[53, 58, 535, 283]",RIGHT_ELBOW,0.2778817120729506,0.7640632747046784,0.9950467348098755,0.6598407030105591,0.3657248951494694,0.34303154030595623
00084,/Users/nikko/Downloads/moi-main/project_root/data/visualizations/video/pushups_video3/frame_00084.png,"[53, 58, 535, 283]",RIGHT_WRIST,0.21380878767833822,1.7596348228210135,0.9930455088615417,0.6598407030105591,0.3657248951494694,0.34303154030595623
00084,/Users/nikko/Downloads/moi-main/project_root/data/visualizations/video/pushups_video3/frame_00084.png,"[53, 58, 535, 283]",RIGHT_KNEE,-1.0249800868090593,0.8712366466967894,0.9683027267456055,0.6598407030105591,0.3657248951494694,0.34303154030595623
00084,/Users/nikko/Downloads/moi-main/project_root/data/visualizations/video/pushups_video3/frame_00084.png,"[53, 58, 535, 283]",RIGHT_ANKLE,-1.6478308846301364,1.1521584374285716,0.9943172335624695,0.6598407030105591,0.3657248951494694,0.34303154030595623
00084,/Users/nikko/Downloads/moi-main/project_root/data/visualizations/video/pushups_video3/frame_00084.png,"[53, 58, 535, 283]",LEFT_EYE,0.8161919640145577,-0.340545074962351,0.9993670582771301,0.6598407030105591,0.3657248951494694,0.34303154030595623
00084,/Users/nikko/Downloads/moi-main/project_root/data/visualizations/video/pushups_video3/frame_00084.png,"[53, 58, 535, 283]",RIGHT_EYE,0.8121850930799067,-0.35140272214767354,0.999607503414154,0.6598407030105591,0.3657248951494694,0.34303154030595623
00085,/Users/nikko/Downloads/moi-main/project_root/data/visualizations/video/pushups_video3/frame_00085.png,"[53, 58, 535, 283]",LEFT_SHOULDER,0.40487076832007257,-0.3381187627778168,0.9999691247940063,0.6598448157310486,0.3658150024712086,0.34299539411685676
00085,/Users/nikko/Downloads/moi-main/project_root/data/visualizations/video/pushups_video3/frame_00085.png,"[53, 58, 535, 283]",RIGHT_SHOULDER,0.4012654208828597,-0.25325924641689146,0.9999551773071289,0.6598448157310486,0.3658150024712086,0.34299539411685676
00085,/Users/nikko/Downloads/moi-main/project_root/data/visualizations/video/pushups_video3/frame_00085.png,"[53, 58, 535, 283]",LEFT_HIP,-0.3933832524220171,0.3043915733691372,0.9996433258056641,0.6598448157310486,0.3658150024712086,0.34299539411685676
00085,/Users/nikko/Downloads/moi-main/project_root/data/visualizations/video/pushups_video3/frame_00085.png,"[53, 58, 535, 283]",RIGHT_HIP,-0.4127529367809152,0.28698643582557104,0.9998507499694824,0.6598448157310486,0.3658150024712086,0.34299539411685676
00085,/Users/nikko/Downloads/moi-main/project_root/data/visualizations/video/pushups_video3/frame_00085.png,"[53, 58, 535, 283]",RIGHT_ELBOW,0.27770941523153164,0.7636723816291366,0.9952254295349121,0.6598448157310486,0.3658150024712086,0.34299539411685676
00085,/Users/nikko/Downloads/moi-main/project_root/data/visualizations/video/pushups_video3/frame_00085.png,"[53, 58, 535, 283]",RIGHT_WRIST,0.21397763975263662,1.75915804001334,0.993526816368103,0.6598448157310486,0.3658150024712086,0.34299539411685676
00085,/Users/nikko/Downloads/moi-main/project_root/data/visualizations/video/pushups_video3/frame_00085.png,"[53, 58, 535, 283]",RIGHT_KNEE,-1.025204099217816,0.873053239268661,0.9685377478599548,0.6598448157310486,0.3658150024712086,0.34299539411685676
00085,/Users/nikko/Downloads/moi-main/project_root/data/visualizations/video/pushups_video3/frame_00085.png,"[53, 58, 535, 283]",RIGHT_ANKLE,-1.6489721287272388,1.1524745298365777,0.9943445920944214,0.6598448157310486,0.3658150024712086,0.34299539411685676
00085,/Users/nikko/Downloads/moi-main/project_root/data/visualizations/video/pushups_video3/frame_00085.png,"[53, 58, 535, 283]",LEFT_EYE,0.81630282758278,-0.34064321846877893,0.9993864297866821,0.6598448157310486,0.3658150024712086,0.34299539411685676
00085,/Users/nikko/Downloads/moi-main/project_root/data/visualizations/video/pushups_video3/frame_00085.png,"[53, 58, 535, 283]",RIGHT_EYE,0.8122505261951882,-0.35198402329661377,0.9996225833892822,0.6598448157310486,0.3658150024712086,0.34299539411685676
00086,/Users/nikko/Downloads/moi-main/project_root/data/visualizations/video/pushups_video3/frame_00086.png,"[53, 58, 535, 283]",LEFT_SHOULDER,0.40553474696539243,-0.3362490322544233,0.9999637603759766,0.6597705036401749,0.3649268038570881,0.3426740827494212
00086,/Users/nikko/Downloads/moi-main/project_root/data/visualizations/video/pushups_video3/frame_00086.png,"[53, 58, 535, 283]",RIGHT_SHOULDER,0.4017739955996958,-0.253536288470106,0.9999450445175171,0.6597705036401749,0.3649268038570881,0.3426740827494212
00086,/Users/nikko/Downloads/moi-main/project_root/data/visualizations/video/pushups_video3/frame_00086.png,"[53, 58, 535, 283]",LEFT_HIP,-0.39389826456451266,0.30280878890471774,0.9996734857559204,0.6597705036401749,0.3649268038570881,0.3426740827494212
00086,/Users/nikko/Downloads/moi-main/project_root/data/visualizations/video/pushups_video3/frame_00086.png,"[53, 58, 535, 283]",RIGHT_HIP,-0.4134104780005755,0.28697653181981164,0.9998593330383301,0.6597705036401749,0.3649268038570881,0.3426740827494212
00086,/Users/nikko/Downloads/moi-main/project_root/data/visualizations/video/pushups_video3/frame_00086.png,"[53, 58, 535, 283]",RIGHT_ELBOW,0.2793673743249315,0.7645422954642481,0.9945113658905029,0.6597705036401749,0.3649268038570881,0.3426740827494212
00086,/Users/nikko/Downloads/moi-main/project_root/data/visualizations/video/pushups_video3/frame_00086.png,"[53, 58, 535, 283]",RIGHT_WRIST,0.2152368316107116,1.7662021844417455,0.9925150275230408,0.6597705036401749,0.3649268038570881,0.3426740827494212
00086,/Users/nikko/Downloads/moi-main/project_root/data/visualizations/video/pushups_video3/frame_00086.png,"[53, 58, 535, 283]",RIGHT_KNEE,-1.0210104688995427,0.8807877968035636,0.9686698317527771,0.6597705036401749,0.3649268038570881,0.3426740827494212
00086,/Users/nikko/Downloads/moi-main/project_root/data/visualizations/video/pushups_video3/frame_00086.png,"[53, 58, 535, 283]",RIGHT_ANKLE,-1.6459099856566148,1.1629086808785907,0.9944992065429688,0.6597705036401749,0.3649268038570881,0.3426740827494212
00086,/Users/nikko/Downloads/moi-main/project_root/data/visualizations/video/pushups_video3/frame_00086.png,"[53, 58, 535, 283]",LEFT_EYE,0.816508981322483,-0.3366376136591209,0.9991415739059448,0.6597705036401749,0.3649268038570881,0.3426740827494212
00086,/Users/nikko/Downloads/moi-main/project_root/data/visualizations/video/pushups_video3/frame_00086.png,"[53, 58, 535, 283]",RIGHT_EYE,0.8124648821017048,-0.34854344176509205,0.9994631409645081,0.6597705036401749,0.3649268038570881,0.3426740827494212
00087,/Users/nikko/Downloads/moi-main/project_root/data/visualizations/video/pushups_video3/frame_00087.png,"[53, 58, 535, 283]",LEFT_SHOULDER,0.4060252930717013,-0.3351998555800269,0.9999645948410034,0.659716472029686,0.36469854786992073,0.34253686745704315
00087,/Users/nikko/Downloads/moi-main/project_root/data/visualizations/video/pushups_video3/frame_00087.png,"[53, 58, 535, 283]",RIGHT_SHOULDER,0.4022442421852975,-0.2532955748764586,0.999945878982544,0.659716472029686,0.36469854786992073,0.34253686745704315
00087,/Users/nikko/Downloads/moi-main/project_root/data/visualizations/video/pushups_video3/frame_00087.png,"[53, 58, 535, 283]",LEFT_HIP,-0.3944260855374681,0.3028585718306495,0.9996780157089233,0.659716472029686,0.36469854786992073,0.34253686745704315
00087,/Users/nikko/Downloads/moi-main/project_root/data/visualizations/video/pushups_video3/frame_00087.png,"[53, 58, 535, 283]",RIGHT_HIP,-0.41384344971953063,0.285636858625836,0.9998606443405151,0.659716472029686,0.36469854786992073,0.34253686745704315
00087,/Users/nikko/Downloads/moi-main/project_root/data/visualizations/video/pushups_video3/frame_00087.png,"[53, 58, 535, 283]",RIGHT_ELBOW,0.27982495456719503,0.7632481082749824,0.9945487380027771,0.659716472029686,0.36469854786992073,0.34253686745704315
00087,/Users/nikko/Downloads/moi-main/project_root/data/visualizations/video/pushups_video3/frame_00087.png,"[53, 58, 535, 283]",RIGHT_WRIST,0.21583646717903635,1.7670822297246653,0.99281245470047,0.659716472029686,0.36469854786992073,0.34253686745704315
00087,/Users/nikko/Downloads/moi-main/project_root/data/visualizations/video/pushups_video3/frame_00087.png,"[53, 58, 535, 283]",RIGHT_KNEE,-1.0201680820492358,0.8853298176004977,0.9674448370933533,0.659716472029686,0.36469854786992073,0.34253686745704315
00087,/Users/nikko/Downloads/moi-main/project_root/data/visualizations/video/pushups_video3/frame_00087.png,"[53, 58, 535, 283]",RIGHT_ANKLE,-1.6440850676678835,1.1622985378949626,0.9942300319671631,0.659716472029686,0.36469854786992073,0.34253686745704315
00087,/Users/nikko/Downloads/moi-main/project_root/data/visualizations/video/pushups_video3/frame_00087.png,"[53, 58, 535, 283]",LEFT_EYE,0.817361136409841,-0.3358655286513113,0.9991232752799988,0.659716472029686,0.36469854786992073,0.34253686745704315
00087,/Users/nikko/Downloads/moi-main/project_root/data/visualizations/video/pushups_video3/frame_00087.png,"[53, 58, 535, 283]",RIGHT_EYE,0.8133068907196425,-0.3473912172017208,0.9994505047798157,0.659716472029686,0.36469854786992073,0.34253686745704315
00088,/Users/nikko/Downloads/moi-main/project_root/data/visualizations/video/pushups_video3/frame_00088.png,"[53, 58, 535, 283]",LEFT_SHOULDER,0.40533986119007953,-0.3362300613164488,0.9999650716781616,0.6594968885183334,0.365080863237381,0.3426330446042507
00088,/Users/nikko/Downloads/moi-main/project_root/data/visualizations/video/pushups_video3/frame_00088.png,"[53, 58, 535, 283]",RIGHT_SHOULDER,0.40227415380598885,-0.25317127544914714,0.9999469518661499,0.6594968885183334,0.365080863237381,0.3426330446042507
00088,/Users/nikko/Downloads/moi-main/project_root/data/visualizations/video/pushups_video3/frame_00088.png,"[53, 58, 535, 283]",LEFT_HIP,-0.394089395276353,0.3043552633826731,0.9996761083602905,0.6594968885183334,0.365080863237381,0.3426330446042507
00088,/Users/nikko/Downloads/moi-main/project_root/data/visualizations/video/pushups_video3/frame_00088.png,"[53, 58, 535, 283]",RIGHT_HIP,-0.4135246197197154,0.28504607338292276,0.9998601675033569,0.6594968885183334,0.365080863237381,0.3426330446042507
00088,/Users/nikko/Downloads/moi-main/project_root/data/visualizations/video/pushups_video3/frame_00088.png,"[53, 58, 535, 283]",RIGHT_ELBOW,0.2802227117412139,0.7647716980395737,0.9946420192718506,0.6594968885183334,0.365080863237381,0.3426330446042507
00088,/Users/nikko/Downloads/moi-main/project_root/data/visualizations/video/pushups_video3/frame_00088.png,"[53, 58, 535, 283]",RIGHT_WRIST,0.21594236212975634,1.765332616885802,0.9930673837661743,0.6594968885183334,0.365080863237381,0.3426330446042507
00088,/Users/nikko/Downloads/moi-main/project_root/data/visualizations/video/pushups_video3/frame_00088.png,"[53, 58, 535, 283]",RIGHT_KNEE,-1.0215136449600366,0.8820505314632248,0.9668710231781006,0.6594968885183334,0.365080863237381,0.3426330446042507
00088,/Users/nikko/Downloads/moi-main/project_root/data/visualizations/video/pushups_video3/frame_00088.png,"[53, 58, 535, 283]",RIGHT_ANKLE,-1.6443996978904736,1.1583764826171108,0.9940600991249084,0.6594968885183334,0.365080863237381,0.3426330446042507
00088,/Users/nikko/Downloads/moi-main/project_root/data/visualizations/video/pushups_video3/frame_00088.png,"[53, 58, 535, 283]",LEFT_EYE,0.8177734436127302,-0.33806556293571827,0.9991350769996643,0.6594968885183334,0.365080863237381,0.3426330446042507
00088,/Users/nikko/Downloads/moi-main/project_root/data/visualizations/video/pushups_video3/frame_00088.png,"[53, 58, 535, 283]",RIGHT_EYE,0.8137793085881191,-0.34975140870279164,0.9994582533836365,0.6594968885183334,0.365080863237381,0.3426330446042507
00089,/Users/nikko/Downloads/moi-main/project_root/data/visualizations/video/pushups_video3/frame_00089.png,"[53, 58, 535, 283]",LEFT_SHOULDER,0.4045973887952216,-0.3368508782553987,0.9999657869338989,0.6596450060606003,0.36525730416178703,0.3425999052608877
00089,/Users/nikko/Downloads/moi-main/project_root/data/visualizations/video/pushups_video3/frame_00089.png,"[53, 58, 535, 283]",RIGHT_SHOULDER,0.4025150531542547,-0.2531993636090321,0.9999496936798096,0.6596450060606003,0.36525730416178703,0.3425999052608877
00089,/Users/nikko/Downloads/moi-main/project_root/data/visualizations/video/pushups_video3/frame_00089.png,"[53, 58, 535, 283]",LEFT_HIP,-0.3938818590408047,0.30393798373501746,0.999651312828064,0.6596450060606003,0.36525730416178703,0.3425999052608877
00089,/Users/nikko/Downloads/moi-main/project_root/data/visualizations/video/pushups_video3/frame_00089.png,"[53, 58, 535, 283]",RIGHT_HIP,-0.41323058290867165,0.28611225812941343,0.999852180480957,0.6596450060606003,0.36525730416178703,0.3425999052608877
00089,/Users/nikko/Downloads/moi-main/project_root/data/visualizations/video/pushups_video3/frame_00089.png,"[53, 58, 535, 283]",RIGHT_ELBOW,0.2797343223305993,0.7648941807118474,0.9949628114700317,0.6596450060606003,0.36525730416178703,0.3425999052608877
00089,/Users/nikko/Downloads/moi-main/project_root/data/visualizations/video/pushups_video3/frame_00089.png,"[53, 58, 535, 283]",RIGHT_WRIST,0.21517234870297855,1.7654676777395282,0.9932729005813599,0.6596450060606003,0.36525730416178703,0.3425999052608877
00089,/Users/nikko/Downloads/moi-main/project_root/data/visualizations/video/pushups_video3/frame_00089.png,"[53, 58, 535, 283]",RIGHT_KNEE,-1.023616761716641,0.8775638662981332,0.9682388305664062,0.6596450060606003,0.36525730416178703,0.3425999052608877
00089,/Users/nikko/Downloads/moi-main/project_root/data/visualizations/video/pushups_video3/frame_00089.png,"[53, 58, 535, 283]",RIGHT_ANKLE,-1.6480119496717354,1.158196912443364,0.9942997694015503,0.6596450060606003,0.36525730416178703,0.3425999052608877
00089,/Users/nikko/Downloads/moi-main/project_root/data/visualizations/video/pushups_video3/frame_00089.png,"[53, 58, 535, 283]",LEFT_EYE,0.8173394866261152,-0.33869838788488643,0.9992659687995911,0.6596450060606003,0.36525730416178703,0.3425999052608877
00089,/Users/nikko/Downloads/moi-main/project_root/data/visualizations/video/pushups_video3/frame_00089.png,"[53, 58, 535, 283]",RIGHT_EYE,0.8133682782260223,-0.35043729626943776,0.9995458722114563,0.6596450060606003,0.36525730416178703,0.3425999052608877
00090,/Users/nikko/Downloads/moi-main/project_root/data/visualizations/video/pushups_video3/frame_00090.png,"[53, 58, 535, 283]",LEFT_SHOULDER,0.40493963917503484,-0.33644741546466445,0.999964714050293,0.6595562100410461,0.36498744040727615,0.34256274445563395
00090,/Users/nikko/Downloads/moi-main/project_root/data/visualizations/video/pushups_video3/frame_00090.png,"[53, 58, 535, 283]",RIGHT_SHOULDER,0.4029987106203957,-0.25245001309207354,0.999947190284729,0.6595562100410461,0.36498744040727615,0.34256274445563395
00090,/Users/nikko/Downloads/moi-main/project_root/data/visualizations/video/pushups_video3/frame_00090.png,"[53, 58, 535, 283]",LEFT_HIP,-0.3944454012623545,0.30298640746986794,0.9996687173843384,0.6595562100410461,0.36498744040727615,0.34256274445563395
00090,/Users/nikko/Downloads/moi-main/project_root/data/visualizations/video/pushups_video3/frame_00090.png,"[53, 58, 535, 283]",RIGHT_HIP,-0.41349294853307605,0.28591102108687005,0.9998579025268555,0.6595562100410461,0.36498744040727615,0.34256274445563395
00090,/Users/nikko/Downloads/moi-main/project_root/data/visualizations/video/pushups_video3/frame_00090.png,"[53, 58, 535, 283]",RIGHT_ELBOW,0.2802916588291779,0.7644309050758903,0.9947406649589539,0.6595562100410461,0.36498744040727615,0.34256274445563395
00090,/Users/nikko/Downloads/moi-main/project_root/data/visualizations/video/pushups_video3/frame_00090.png,"[53, 58, 535, 283]",RIGHT_WRIST,0.21583786713468422,1.766148569030395,0.9931592345237732,0.6595562100410461,0.36498744040727615,0.34256274445563395
00090,/Users/nikko/Downloads/moi-main/project_root/data/visualizations/video/pushups_video3/frame_00090.png,"[53, 58, 535, 283]",RIGHT_KNEE,-1.021495560629807,0.8822634509542246,0.9678162336349487,0.6595562100410461,0.36498744040727615,0.34256274445563395
00090,/Users/nikko/Downloads/moi-main/project_root/data/visualizations/video/pushups_video3/frame_00090.png,"[53, 58, 535, 283]",RIGHT_ANKLE,-1.6454837333809855,1.1617169696805163,0.9942359328269958,0.6595562100410461,0.36498744040727615,0.34256274445563395
00090,/Users/nikko/Downloads/moi-main/project_root/data/visualizations/video/pushups_video3/frame_00090.png,"[53, 58, 535, 283]",LEFT_EYE,0.817513365336604,-0.3377182843273345,0.9991620779037476,0.6595562100410461,0.36498744040727615,0.34256274445563395
00090,/Users/nikko/Downloads/moi-main/project_root/data/visualizations/video/pushups_video3/frame_00090.png,"[53, 58, 535, 283]",RIGHT_EYE,0.8135152787092175,-0.3495428543329446,0.9994779229164124,0.6595562100410461,0.36498744040727615,0.34256274445563395
