frame_id,image_path,bbox,landmark,x_norm,y_norm,visibility,center_x,center_y,unit_length
00000,/Users/nikko/Downloads/moi-main/project_root/data/visualizations/video/pushups_video4/frame_00000.png,"[46, 76, 482, 352]",LEFT_SHOULDER,0.5532368386392993,-0.09930386962747323,0.9999783039093018,0.5907396599650383,0.2940557822585106,0.36287062649944085
00000,/Users/nikko/Downloads/moi-main/project_root/data/visualizations/video/pushups_video4/frame_00000.png,"[46, 76, 482, 352]",RIGHT_SHOULDER,0.3069347480125008,-0.3238811091853321,0.9998809099197388,0.5907396599650383,0.2940557822585106,0.36287062649944085
00000,/Users/nikko/Downloads/moi-main/project_root/data/visualizations/video/pushups_video4/frame_00000.png,"[46, 76, 482, 352]",LEFT_HIP,-0.3549462828669939,0.31791757514861535,0.9998108744621277,0.5907396599650383,0.2940557822585106,0.36287062649944085
00000,/Users/nikko/Downloads/moi-main/project_root/data/visualizations/video/pushups_video4/frame_00000.png,"[46, 76, 482, 352]",RIGHT_HIP,-0.5052253037848061,0.10526740366418996,0.9998359680175781,0.5907396599650383,0.2940557822585106,0.36287062649944085
00000,/Users/nikko/Downloads/moi-main/project_root/data/visualizations/video/pushups_video4/frame_00000.png,"[46, 76, 482, 352]",LEFT_ELBOW,0.4678908285610227,0.6240857895672889,0.8987525105476379,0.5907396599650383,0.2940557822585106,0.36287062649944085
00000,/Users/nikko/Downloads/moi-main/project_root/data/visualizations/video/pushups_video4/frame_00000.png,"[46, 76, 482, 352]",RIGHT_ELBOW,0.04173042722080522,0.714871225346064,0.9993284940719604,0.5907396599650383,0.2940557822585106,0.36287062649944085
00000,/Users/nikko/Downloads/moi-main/project_root/data/visualizations/video/pushups_video4/frame_00000.png,"[46, 76, 482, 352]",LEFT_WRIST,0.5858958962794327,1.3427903809818165,0.9630248546600342,0.5907396599650383,0.2940557822585106,0.36287062649944085
00000,/Users/nikko/Downloads/moi-main/project_root/data/visualizations/video/pushups_video4/frame_00000.png,"[46, 76, 482, 352]",RIGHT_WRIST,0.16235427083965454,1.644143106240029,0.9996908903121948,0.5907396599650383,0.2940557822585106,0.36287062649944085
00000,/Users/nikko/Downloads/moi-main/project_root/data/visualizations/video/pushups_video4/frame_00000.png,"[46, 76, 482, 352]",RIGHT_KNEE,-1.0487364484503205,0.7824441193245264,0.989685595035553,0.5907396599650383,0.2940557822585106,0.36287062649944085
00000,/Users/nikko/Downloads/moi-main/project_root/data/visualizations/video/pushups_video4/frame_00000.png,"[46, 76, 482, 352]",LEFT_ANKLE,-1.3026927670231523,1.0461172208385519,0.7303411364555359,0.5907396599650383,0.2940557822585106,0.36287062649944085
00000,/Users/nikko/Downloads/moi-main/project_root/data/visualizations/video/pushups_video4/frame_00000.png,"[46, 76, 482, 352]",RIGHT_ANKLE,-1.4748899611927633,0.9631731652225549,0.9963716268539429,0.5907396599650383,0.2940557822585106,0.36287062649944085
00000,/Users/nikko/Downloads/moi-main/project_root/data/visualizations/video/pushups_video4/frame_00000.png,"[46, 76, 482, 352]",LEFT_EYE,0.9205663564255215,0.04072582122399867,0.9995076656341553,0.5907396599650383,0.2940557822585106,0.36287062649944085
00000,/Users/nikko/Downloads/moi-main/project_root/data/visualizations/video/pushups_video4/frame_00000.png,"[46, 76, 482, 352]",RIGHT_EYE,0.9038594433219912,0.011375754395779498,0.999688982963562,0.5907396599650383,0.2940557822585106,0.36287062649944085
00001,/Users/nikko/Downloads/moi-main/project_root/data/visualizations/video/pushups_video4/frame_00001.png,"[46, 76, 482, 352]",LEFT_SHOULDER,0.5537221221747274,-0.09524592560787458,0.9999790191650391,0.5903884321451187,0.294181264936924,0.36388400909060503
00001,/Users/nikko/Downloads/moi-main/project_root/data/visualizations/video/pushups_video4/frame_00001.png,"[46, 76, 482, 352]",RIGHT_SHOULDER,0.3071899831789867,-0.32429220242462886,0.9998838901519775,0.5903884321451187,0.294181264936924,0.36388400909060503
00001,/Users/nikko/Downloads/moi-main/project_root/data/visualizations/video/pushups_video4/frame_00001.png,"[46, 76, 482, 352]",LEFT_HIP,-0.3568450127354036,0.31843209091367697,0.9998021721839905,0.5903884321451187,0.294181264936924,0.36388400909060503
00001,/Users/nikko/Downloads/moi-main/project_root/data/visualizations/video/pushups_video4/frame_00001.png,"[46, 76, 482, 352]",RIGHT_HIP,-0.5040670926183105,0.10110603711882647,0.9998251795768738,0.5903884321451187,0.294181264936924,0.36388400909060503
00001,/Users/nikko/Downloads/moi-main/project_root/data/visualizations/video/pushups_video4/frame_00001.png,"[46, 76, 482, 352]",LEFT_ELBOW,0.46912861990808025,0.6208684398255565,0.900945782661438,0.5903884321451187,0.294181264936924,0.36388400909060503
00001,/Users/nikko/Downloads/moi-main/project_root/data/visualizations/video/pushups_video4/frame_00001.png,"[46, 76, 482, 352]",RIGHT_ELBOW,0.04287066965932225,0.7128962242815655,0.9993337988853455,0.5903884321451187,0.294181264936924,0.36388400909060503
00001,/Users/nikko/Downloads/moi-main/project_root/data/visualizations/video/pushups_video4/frame_00001.png,"[46, 76, 482, 352]",LEFT_WRIST,0.5881193956527351,1.3430162594114345,0.9649292826652527,0.5903884321451187,0.294181264936924,0.36388400909060503
00001,/Users/nikko/Downloads/moi-main/project_root/data/visualizations/video/pushups_video4/frame_00001.png,"[46, 76, 482, 352]",RIGHT_WRIST,0.16164195176863255,1.6365043114537365,0.9997060894966125,0.5903884321451187,0.294181264936924,0.36388400909060503
00001,/Users/nikko/Downloads/moi-main/project_root/data/visualizations/video/pushups_video4/frame_00001.png,"[46, 76, 482, 352]",RIGHT_KNEE,-1.050533557834529,0.7808416257109945,0.9903229475021362,0.5903884321451187,0.294181264936924,0.36388400909060503
00001,/Users/nikko/Downloads/moi-main/project_root/data/visualizations/video/pushups_video4/frame_00001.png,"[46, 76, 482, 352]",LEFT_ANKLE,-1.3019005765026983,1.051652872999023,0.7542230486869812,0.5903884321451187,0.294181264936924,0.36388400909060503
00001,/Users/nikko/Downloads/moi-main/project_root/data/visualizations/video/pushups_video4/frame_00001.png,"[46, 76, 482, 352]",RIGHT_ANKLE,-1.4716967577746838,0.9575793751013595,0.996720016002655,0.5903884321451187,0.294181264936924,0.36388400909060503
00001,/Users/nikko/Downloads/moi-main/project_root/data/visualizations/video/pushups_video4/frame_00001.png,"[46, 76, 482, 352]",LEFT_EYE,0.9212167122051539,0.04027157426967729,0.9995593428611755,0.5903884321451187,0.294181264936924,0.36388400909060503
00001,/Users/nikko/Downloads/moi-main/project_root/data/visualizations/video/pushups_video4/frame_00001.png,"[46, 76, 482, 352]",RIGHT_EYE,0.904157142702275,0.01046147206853878,0.9997212290763855,0.5903884321451187,0.294181264936924,0.36388400909060503
00002,/Users/nikko/Downloads/moi-main/project_root/data/visualizations/video/pushups_video4/frame_00002.png,"[50, 76, 508, 351]",LEFT_SHOULDER,0.5500995115692402,-0.10488639828861958,0.9999635219573975,0.5560761094093323,0.3054696246981621,0.3550990226660472
00002,/Users/nikko/Downloads/moi-main/project_root/data/visualizations/video/pushups_video4/frame_00002.png,"[50, 76, 508, 351]",RIGHT_SHOULDER,0.29403634645024457,-0.34744691729029265,0.9996887445449829,0.5560761094093323,0.3054696246981621,0.3550990226660472
00002,/Users/nikko/Downloads/moi-main/project_root/data/visualizations/video/pushups_video4/frame_00002.png,"[50, 76, 508, 351]",LEFT_HIP,-0.3527486777513577,0.3248489986588705,0.9970932006835938,0.5560761094093323,0.3054696246981621,0.3550990226660472
00002,/Users/nikko/Downloads/moi-main/project_root/data/visualizations/video/pushups_video4/frame_00002.png,"[50, 76, 508, 351]",RIGHT_HIP,-0.49138718026812706,0.12748431692004175,0.9971961975097656,0.5560761094093323,0.3054696246981621,0.3550990226660472
00002,/Users/nikko/Downloads/moi-main/project_root/data/visualizations/video/pushups_video4/frame_00002.png,"[50, 76, 508, 351]",LEFT_ELBOW,0.4467483651344964,0.609604468490939,0.9509448409080505,0.5560761094093323,0.3054696246981621,0.3550990226660472
00002,/Users/nikko/Downloads/moi-main/project_root/data/visualizations/video/pushups_video4/frame_00002.png,"[50, 76, 508, 351]",RIGHT_ELBOW,0.023981242007158836,0.7036575333148158,0.999403715133667,0.5560761094093323,0.3054696246981621,0.3550990226660472
00002,/Users/nikko/Downloads/moi-main/project_root/data/visualizations/video/pushups_video4/frame_00002.png,"[50, 76, 508, 351]",LEFT_WRIST,0.5593615046588533,1.3595143724917027,0.9800175428390503,0.5560761094093323,0.3054696246981621,0.3550990226660472
00002,/Users/nikko/Downloads/moi-main/project_root/data/visualizations/video/pushups_video4/frame_00002.png,"[50, 76, 508, 351]",RIGHT_WRIST,0.13941700745432936,1.645604865829783,0.9993158578872681,0.5560761094093323,0.3054696246981621,0.3550990226660472
00002,/Users/nikko/Downloads/moi-main/project_root/data/visualizations/video/pushups_video4/frame_00002.png,"[50, 76, 508, 351]",RIGHT_KNEE,-1.0248333499609954,0.7740427387788872,0.9867209196090698,0.5560761094093323,0.3054696246981621,0.3550990226660472
00002,/Users/nikko/Downloads/moi-main/project_root/data/visualizations/video/pushups_video4/frame_00002.png,"[50, 76, 508, 351]",LEFT_ANKLE,-1.2724148733173974,1.0360111609501252,0.5684593319892883,0.5560761094093323,0.3054696246981621,0.3550990226660472
00002,/Users/nikko/Downloads/moi-main/project_root/data/visualizations/video/pushups_video4/frame_00002.png,"[50, 76, 508, 351]",RIGHT_ANKLE,-1.4628948723225128,0.9177087919402875,0.9918842315673828,0.5560761094093323,0.3054696246981621,0.3550990226660472
00002,/Users/nikko/Downloads/moi-main/project_root/data/visualizations/video/pushups_video4/frame_00002.png,"[50, 76, 508, 351]",LEFT_EYE,0.898283746723127,0.03269286416595211,0.999729335308075,0.5560761094093323,0.3054696246981621,0.3550990226660472
00002,/Users/nikko/Downloads/moi-main/project_root/data/visualizations/video/pushups_video4/frame_00002.png,"[50, 76, 508, 351]",RIGHT_EYE,0.8814597816753387,-0.0021746061676243818,0.9997997879981995,0.5560761094093323,0.3054696246981621,0.3550990226660472
00003,/Users/nikko/Downloads/moi-main/project_root/data/visualizations/video/pushups_video4/frame_00003.png,"[48, 79, 510, 351]",LEFT_SHOULDER,0.5400619251203637,-0.12524851013681776,0.9999822378158569,0.5595064982771873,0.3032492436468601,0.3465165273123453
00003,/Users/nikko/Downloads/moi-main/project_root/data/visualizations/video/pushups_video4/frame_00003.png,"[48, 79, 510, 351]",RIGHT_SHOULDER,0.30359328119270224,-0.33817998966928703,0.9998499155044556,0.5595064982771873,0.3032492436468601,0.3465165273123453
00003,/Users/nikko/Downloads/moi-main/project_root/data/visualizations/video/pushups_video4/frame_00003.png,"[48, 79, 510, 351]",LEFT_HIP,-0.35289055078065273,0.33105643476998486,0.9991620779037476,0.5595064982771873,0.3032492436468601,0.3465165273123453
00003,/Users/nikko/Downloads/moi-main/project_root/data/visualizations/video/pushups_video4/frame_00003.png,"[48, 79, 510, 351]",RIGHT_HIP,-0.49076465553241316,0.13237206503611995,0.999174177646637,0.5595064982771873,0.3032492436468601,0.3465165273123453
00003,/Users/nikko/Downloads/moi-main/project_root/data/visualizations/video/pushups_video4/frame_00003.png,"[48, 79, 510, 351]",LEFT_ELBOW,0.44259861610368684,0.6283629514408023,0.918391764163971,0.5595064982771873,0.3032492436468601,0.3465165273123453
00003,/Users/nikko/Downloads/moi-main/project_root/data/visualizations/video/pushups_video4/frame_00003.png,"[48, 79, 510, 351]",RIGHT_ELBOW,0.007388494799362273,0.7105343130104801,0.9992055296897888,0.5595064982771873,0.3032492436468601,0.3465165273123453
00003,/Users/nikko/Downloads/moi-main/project_root/data/visualizations/video/pushups_video4/frame_00003.png,"[48, 79, 510, 351]",LEFT_WRIST,0.5515907885267108,1.3846171035911041,0.9744229912757874,0.5595064982771873,0.3032492436468601,0.3465165273123453
00003,/Users/nikko/Downloads/moi-main/project_root/data/visualizations/video/pushups_video4/frame_00003.png,"[48, 79, 510, 351]",RIGHT_WRIST,0.13895779537851968,1.696062234139758,0.9991831183433533,0.5595064982771873,0.3032492436468601,0.3465165273123453
00003,/Users/nikko/Downloads/moi-main/project_root/data/visualizations/video/pushups_video4/frame_00003.png,"[48, 79, 510, 351]",RIGHT_KNEE,-1.0433876604024273,0.766287541412928,0.9853231906890869,0.5595064982771873,0.3032492436468601,0.3465165273123453
00003,/Users/nikko/Downloads/moi-main/project_root/data/visualizations/video/pushups_video4/frame_00003.png,"[48, 79, 510, 351]",LEFT_ANKLE,-1.3164415760415813,1.059639697841914,0.5288266539573669,0.5595064982771873,0.3032492436468601,0.3465165273123453
00003,/Users/nikko/Downloads/moi-main/project_root/data/visualizations/video/pushups_video4/frame_00003.png,"[48, 79, 510, 351]",RIGHT_ANKLE,-1.514110392995083,0.9146329001079488,0.9932711720466614,0.5595064982771873,0.3032492436468601,0.3465165273123453
00003,/Users/nikko/Downloads/moi-main/project_root/data/visualizations/video/pushups_video4/frame_00003.png,"[48, 79, 510, 351]",LEFT_EYE,0.906809615324082,0.04624402107648484,0.9998846054077148,0.5595064982771873,0.3032492436468601,0.3465165273123453
00003,/Users/nikko/Downloads/moi-main/project_root/data/visualizations/video/pushups_video4/frame_00003.png,"[48, 79, 510, 351]",RIGHT_EYE,0.8903072266651221,0.01113305540843641,0.9999125003814697,0.5595064982771873,0.3032492436468601,0.3465165273123453
00004,/Users/nikko/Downloads/moi-main/project_root/data/visualizations/video/pushups_video4/frame_00004.png,"[31, 81, 497, 352]",LEFT_SHOULDER,0.5421820797962663,-0.11818893592236601,0.9999910593032837,0.593834713101387,0.2971368692815304,0.3348810820040558
00004,/Users/nikko/Downloads/moi-main/project_root/data/visualizations/video/pushups_video4/frame_00004.png,"[31, 81, 497, 352]",RIGHT_SHOULDER,0.31635688627053454,-0.3216904484095491,0.9999531507492065,0.593834713101387,0.2971368692815304,0.3348810820040558
00004,/Users/nikko/Downloads/moi-main/project_root/data/visualizations/video/pushups_video4/frame_00004.png,"[31, 81, 497, 352]",LEFT_HIP,-0.36137490730513994,0.3208958899852105,0.9998834133148193,0.593834713101387,0.2971368692815304,0.3348810820040558
00004,/Users/nikko/Downloads/moi-main/project_root/data/visualizations/video/pushups_video4/frame_00004.png,"[31, 81, 497, 352]",RIGHT_HIP,-0.4971640587616609,0.11898349434670459,0.9999064207077026,0.593834713101387,0.2971368692815304,0.3348810820040558
00004,/Users/nikko/Downloads/moi-main/project_root/data/visualizations/video/pushups_video4/frame_00004.png,"[31, 81, 497, 352]",LEFT_ELBOW,0.4503394646568488,0.6565642859294027,0.8245127201080322,0.593834713101387,0.2971368692815304,0.3348810820040558
00004,/Users/nikko/Downloads/moi-main/project_root/data/visualizations/video/pushups_video4/frame_00004.png,"[31, 81, 497, 352]",RIGHT_ELBOW,0.0007989413663931434,0.7455128244065975,0.9994332194328308,0.593834713101387,0.2971368692815304,0.3348810820040558
00004,/Users/nikko/Downloads/moi-main/project_root/data/visualizations/video/pushups_video4/frame_00004.png,"[31, 81, 497, 352]",LEFT_WRIST,0.5730691396719632,1.4502717520562902,0.9440670609474182,0.593834713101387,0.2971368692815304,0.3348810820040558
00004,/Users/nikko/Downloads/moi-main/project_root/data/visualizations/video/pushups_video4/frame_00004.png,"[31, 81, 497, 352]",RIGHT_WRIST,0.1385504049508973,1.777629199927553,0.999701201915741,0.593834713101387,0.2971368692815304,0.3348810820040558
00004,/Users/nikko/Downloads/moi-main/project_root/data/visualizations/video/pushups_video4/frame_00004.png,"[31, 81, 497, 352]",RIGHT_KNEE,-1.085557654737584,0.8158173508117643,0.9775410294532776,0.593834713101387,0.2971368692815304,0.3348810820040558
00004,/Users/nikko/Downloads/moi-main/project_root/data/visualizations/video/pushups_video4/frame_00004.png,"[31, 81, 497, 352]",RIGHT_ANKLE,-1.5368712449523876,0.9427101533256113,0.9906802773475647,0.593834713101387,0.2971368692815304,0.3348810820040558
00004,/Users/nikko/Downloads/moi-main/project_root/data/visualizations/video/pushups_video4/frame_00004.png,"[31, 81, 497, 352]",LEFT_EYE,0.9388264995660585,0.07828549678732306,0.9997791647911072,0.593834713101387,0.2971368692815304,0.3348810820040558
00004,/Users/nikko/Downloads/moi-main/project_root/data/visualizations/video/pushups_video4/frame_00004.png,"[31, 81, 497, 352]",RIGHT_EYE,0.9201290912456501,0.043668352987259525,0.9998530149459839,0.593834713101387,0.2971368692815304,0.3348810820040558
00005,/Users/nikko/Downloads/moi-main/project_root/data/visualizations/video/pushups_video4/frame_00005.png,"[27, 82, 499, 352]",LEFT_SHOULDER,0.5304894092125637,-0.13011096677654477,0.9999916553497314,0.5956215932965279,0.3042755275964737,0.3360872322944207
00005,/Users/nikko/Downloads/moi-main/project_root/data/visualizations/video/pushups_video4/frame_00005.png,"[27, 82, 499, 352]",RIGHT_SHOULDER,0.3053576072673453,-0.34252074604494026,0.999937891960144,0.5956215932965279,0.3042755275964737,0.3360872322944207
00005,/Users/nikko/Downloads/moi-main/project_root/data/visualizations/video/pushups_video4/frame_00005.png,"[27, 82, 499, 352]",LEFT_HIP,-0.3491791933769373,0.34797652511368826,0.9999048709869385,0.5956215932965279,0.3042755275964737,0.3360872322944207
00005,/Users/nikko/Downloads/moi-main/project_root/data/visualizations/video/pushups_video4/frame_00005.png,"[27, 82, 499, 352]",RIGHT_HIP,-0.4866678231029717,0.1246551877077968,0.9999138116836548,0.5956215932965279,0.3042755275964737,0.3360872322944207
00005,/Users/nikko/Downloads/moi-main/project_root/data/visualizations/video/pushups_video4/frame_00005.png,"[27, 82, 499, 352]",LEFT_ELBOW,0.42967179769904956,0.627285438691318,0.8225960731506348,0.5956215932965279,0.3042755275964737,0.3360872322944207
00005,/Users/nikko/Downloads/moi-main/project_root/data/visualizations/video/pushups_video4/frame_00005.png,"[27, 82, 499, 352]",RIGHT_ELBOW,-0.017397046117778404,0.7027918390520931,0.9992303848266602,0.5956215932965279,0.3042755275964737,0.3360872322944207
00005,/Users/nikko/Downloads/moi-main/project_root/data/visualizations/video/pushups_video4/frame_00005.png,"[27, 82, 499, 352]",LEFT_WRIST,0.5481043947544264,1.4218797654570066,0.9551394581794739,0.5956215932965279,0.3042755275964737,0.3360872322944207
00005,/Users/nikko/Downloads/moi-main/project_root/data/visualizations/video/pushups_video4/frame_00005.png,"[27, 82, 499, 352]",RIGHT_WRIST,0.12490669037957354,1.7228155589367269,0.9994925260543823,0.5956215932965279,0.3042755275964737,0.3360872322944207
00005,/Users/nikko/Downloads/moi-main/project_root/data/visualizations/video/pushups_video4/frame_00005.png,"[27, 82, 499, 352]",RIGHT_KNEE,-1.061998374121706,0.8270404104526419,0.9862306714057922,0.5956215932965279,0.3042755275964737,0.3360872322944207
00005,/Users/nikko/Downloads/moi-main/project_root/data/visualizations/video/pushups_video4/frame_00005.png,"[27, 82, 499, 352]",LEFT_ANKLE,-1.391646040706616,0.98647816272836,0.5402334928512573,0.5956215932965279,0.3042755275964737,0.3360872322944207
00005,/Users/nikko/Downloads/moi-main/project_root/data/visualizations/video/pushups_video4/frame_00005.png,"[27, 82, 499, 352]",RIGHT_ANKLE,-1.5320008033042831,0.9620093580566713,0.9948541522026062,0.5956215932965279,0.3042755275964737,0.3360872322944207
00005,/Users/nikko/Downloads/moi-main/project_root/data/visualizations/video/pushups_video4/frame_00005.png,"[27, 82, 499, 352]",LEFT_EYE,0.9360856065492505,0.07550378446696546,0.9998227953910828,0.5956215932965279,0.3042755275964737,0.3360872322944207
00005,/Users/nikko/Downloads/moi-main/project_root/data/visualizations/video/pushups_video4/frame_00005.png,"[27, 82, 499, 352]",RIGHT_EYE,0.9137421490920689,0.04403635542507662,0.9998712539672852,0.5956215932965279,0.3042755275964737,0.3360872322944207
00006,/Users/nikko/Downloads/moi-main/project_root/data/visualizations/video/pushups_video4/frame_00006.png,"[36, 86, 498, 352]",LEFT_SHOULDER,0.5423701405890202,-0.15253340187549136,0.9999904632568359,0.5922795385122299,0.3005688898265362,0.3382790749686
00006,/Users/nikko/Downloads/moi-main/project_root/data/visualizations/video/pushups_video4/frame_00006.png,"[36, 86, 498, 352]",RIGHT_SHOULDER,0.3001025336061671,-0.3214933768231759,0.9999270439147949,0.5922795385122299,0.3005688898265362,0.3382790749686
00006,/Users/nikko/Downloads/moi-main/project_root/data/visualizations/video/pushups_video4/frame_00006.png,"[36, 86, 498, 352]",LEFT_HIP,-0.3514927388447244,0.3380448423891741,0.9998961687088013,0.5922795385122299,0.3005688898265362,0.3382790749686
00006,/Users/nikko/Downloads/moi-main/project_root/data/visualizations/video/pushups_video4/frame_00006.png,"[36, 86, 498, 352]",RIGHT_HIP,-0.4909799353504629,0.13598193630949318,0.9999030828475952,0.5922795385122299,0.3005688898265362,0.3382790749686
00006,/Users/nikko/Downloads/moi-main/project_root/data/visualizations/video/pushups_video4/frame_00006.png,"[36, 86, 498, 352]",LEFT_ELBOW,0.4275924741229318,0.60517342298586,0.8209032416343689,0.5922795385122299,0.3005688898265362,0.3382790749686
00006,/Users/nikko/Downloads/moi-main/project_root/data/visualizations/video/pushups_video4/frame_00006.png,"[36, 86, 498, 352]",RIGHT_ELBOW,-0.02206050088880006,0.72144931482865,0.9990710020065308,0.5922795385122299,0.3005688898265362,0.3382790749686
00006,/Users/nikko/Downloads/moi-main/project_root/data/visualizations/video/pushups_video4/frame_00006.png,"[36, 86, 498, 352]",LEFT_WRIST,0.5456277191806304,1.40863453201095,0.9516718983650208,0.5922795385122299,0.3005688898265362,0.3382790749686
00006,/Users/nikko/Downloads/moi-main/project_root/data/visualizations/video/pushups_video4/frame_00006.png,"[36, 86, 498, 352]",RIGHT_WRIST,0.12581802636373884,1.729624605629438,0.9992454051971436,0.5922795385122299,0.3005688898265362,0.3382790749686
00006,/Users/nikko/Downloads/moi-main/project_root/data/visualizations/video/pushups_video4/frame_00006.png,"[36, 86, 498, 352]",RIGHT_KNEE,-1.0981496449789903,0.8415060981371895,0.9874373078346252,0.5922795385122299,0.3005688898265362,0.3382790749686
00006,/Users/nikko/Downloads/moi-main/project_root/data/visualizations/video/pushups_video4/frame_00006.png,"[36, 86, 498, 352]",LEFT_ANKLE,-1.340642611277003,1.0773374853669953,0.5926631093025208,0.5922795385122299,0.3005688898265362,0.3382790749686
00006,/Users/nikko/Downloads/moi-main/project_root/data/visualizations/video/pushups_video4/frame_00006.png,"[36, 86, 498, 352]",RIGHT_ANKLE,-1.556491904296502,1.0090308831225572,0.995212197303772,0.5922795385122299,0.3005688898265362,0.3382790749686
00006,/Users/nikko/Downloads/moi-main/project_root/data/visualizations/video/pushups_video4/frame_00006.png,"[36, 86, 498, 352]",LEFT_EYE,0.9368777440411001,0.10160644746529124,0.9998490810394287,0.5922795385122299,0.3005688898265362,0.3382790749686
00006,/Users/nikko/Downloads/moi-main/project_root/data/visualizations/video/pushups_video4/frame_00006.png,"[36, 86, 498, 352]",RIGHT_EYE,0.9145391561005796,0.06616213172057506,0.9998890161514282,0.5922795385122299,0.3005688898265362,0.3382790749686
00007,/Users/nikko/Downloads/moi-main/project_root/data/visualizations/video/pushups_video4/frame_00007.png,"[51, 90, 519, 351]",LEFT_SHOULDER,0.5217632019472166,-0.18744617961371446,0.9999731779098511,0.5519168004393578,0.30446843802928925,0.3454402025186077
00007,/Users/nikko/Downloads/moi-main/project_root/data/visualizations/video/pushups_video4/frame_00007.png,"[51, 90, 519, 351]",RIGHT_SHOULDER,0.31735548704216604,-0.3144962766502372,0.9997738003730774,0.5519168004393578,0.30446843802928925,0.3454402025186077
00007,/Users/nikko/Downloads/moi-main/project_root/data/visualizations/video/pushups_video4/frame_00007.png,"[51, 90, 519, 351]",LEFT_HIP,-0.35771089131159534,0.3330214753142136,0.9972707629203796,0.5519168004393578,0.30446843802928925,0.3454402025186077
00007,/Users/nikko/Downloads/moi-main/project_root/data/visualizations/video/pushups_video4/frame_00007.png,"[51, 90, 519, 351]",RIGHT_HIP,-0.48140779767778735,0.168920980949738,0.9974843263626099,0.5519168004393578,0.30446843802928925,0.3454402025186077
00007,/Users/nikko/Downloads/moi-main/project_root/data/visualizations/video/pushups_video4/frame_00007.png,"[51, 90, 519, 351]",LEFT_ELBOW,0.4198581957690893,0.578339548536778,0.9315310120582581,0.5519168004393578,0.30446843802928925,0.3454402025186077
00007,/Users/nikko/Downloads/moi-main/project_root/data/visualizations/video/pushups_video4/frame_00007.png,"[51, 90, 519, 351]",RIGHT_ELBOW,-0.028168522786356735,0.6847813310184537,0.9995187520980835,0.5519168004393578,0.30446843802928925,0.3454402025186077
00007,/Users/nikko/Downloads/moi-main/project_root/data/visualizations/video/pushups_video4/frame_00007.png,"[51, 90, 519, 351]",LEFT_WRIST,0.5357027503910898,1.3813532679379568,0.9817718267440796,0.5519168004393578,0.30446843802928925,0.3454402025186077
00007,/Users/nikko/Downloads/moi-main/project_root/data/visualizations/video/pushups_video4/frame_00007.png,"[51, 90, 519, 351]",RIGHT_WRIST,0.12085542517082459,1.6884384816051299,0.9995705485343933,0.5519168004393578,0.30446843802928925,0.3454402025186077
00007,/Users/nikko/Downloads/moi-main/project_root/data/visualizations/video/pushups_video4/frame_00007.png,"[51, 90, 519, 351]",RIGHT_KNEE,-1.0402549357615372,0.8323586455549927,0.9868500232696533,0.5519168004393578,0.30446843802928925,0.3454402025186077
00007,/Users/nikko/Downloads/moi-main/project_root/data/visualizations/video/pushups_video4/frame_00007.png,"[51, 90, 519, 351]",LEFT_ANKLE,-1.3868521011911674,1.0685803899763378,0.5314310789108276,0.5519168004393578,0.30446843802928925,0.3454402025186077
00007,/Users/nikko/Downloads/moi-main/project_root/data/visualizations/video/pushups_video4/frame_00007.png,"[51, 90, 519, 351]",RIGHT_ANKLE,-1.4864358335849555,0.9431762180590312,0.9918076395988464,0.5519168004393578,0.30446843802928925,0.3454402025186077
00007,/Users/nikko/Downloads/moi-main/project_root/data/visualizations/video/pushups_video4/frame_00007.png,"[51, 90, 519, 351]",LEFT_EYE,0.8964752496378408,0.11113915683582781,0.9996799230575562,0.5519168004393578,0.30446843802928925,0.3454402025186077
00007,/Users/nikko/Downloads/moi-main/project_root/data/visualizations/video/pushups_video4/frame_00007.png,"[51, 90, 519, 351]",RIGHT_EYE,0.8723590560942462,0.07287730754624211,0.9997641444206238,0.5519168004393578,0.30446843802928925,0.3454402025186077
00008,/Users/nikko/Downloads/moi-main/project_root/data/visualizations/video/pushups_video4/frame_00008.png,"[41, 95, 517, 351]",LEFT_SHOULDER,0.5102465117028391,-0.14720496839543573,0.9999902248382568,0.5681056156754494,0.3037542589008808,0.3448181623233646
00008,/Users/nikko/Downloads/moi-main/project_root/data/visualizations/video/pushups_video4/frame_00008.png,"[41, 95, 517, 351]",RIGHT_SHOULDER,0.3120132534721371,-0.353717745184714,0.9999382495880127,0.5681056156754494,0.3037542589008808,0.3448181623233646
00008,/Users/nikko/Downloads/moi-main/project_root/data/visualizations/video/pushups_video4/frame_00008.png,"[41, 95, 517, 351]",LEFT_HIP,-0.3464558104029249,0.3636039590486469,0.9998594522476196,0.5681056156754494,0.3037542589008808,0.3448181623233646
00008,/Users/nikko/Downloads/moi-main/project_root/data/visualizations/video/pushups_video4/frame_00008.png,"[41, 95, 517, 351]",RIGHT_HIP,-0.47580395477205134,0.13731875453150277,0.999870777130127,0.5681056156754494,0.3037542589008808,0.3448181623233646
00008,/Users/nikko/Downloads/moi-main/project_root/data/visualizations/video/pushups_video4/frame_00008.png,"[41, 95, 517, 351]",LEFT_ELBOW,0.39265540382333575,0.5941948883185315,0.7908934354782104,0.5681056156754494,0.3037542589008808,0.3448181623233646
00008,/Users/nikko/Downloads/moi-main/project_root/data/visualizations/video/pushups_video4/frame_00008.png,"[41, 95, 517, 351]",RIGHT_ELBOW,-0.05601618864673627,0.6257759074923618,0.99922776222229,0.5681056156754494,0.3037542589008808,0.3448181623233646
00008,/Users/nikko/Downloads/moi-main/project_root/data/visualizations/video/pushups_video4/frame_00008.png,"[41, 95, 517, 351]",LEFT_WRIST,0.5114440732704245,1.356037819338286,0.9546405673027039,0.5681056156754494,0.3037542589008808,0.3448181623233646
00008,/Users/nikko/Downloads/moi-main/project_root/data/visualizations/video/pushups_video4/frame_00008.png,"[41, 95, 517, 351]",RIGHT_WRIST,0.09479359693594268,1.67669357196899,0.999263346195221,0.5681056156754494,0.3037542589008808,0.3448181623233646
00008,/Users/nikko/Downloads/moi-main/project_root/data/visualizations/video/pushups_video4/frame_00008.png,"[41, 95, 517, 351]",RIGHT_KNEE,-1.0273602256979784,0.8225097937488669,0.9810000658035278,0.5681056156754494,0.3037542589008808,0.3448181623233646
00008,/Users/nikko/Downloads/moi-main/project_root/data/visualizations/video/pushups_video4/frame_00008.png,"[41, 95, 517, 351]",RIGHT_ANKLE,-1.4847986671898794,0.9630379739562596,0.9913672804832458,0.5681056156754494,0.3037542589008808,0.3448181623233646
00008,/Users/nikko/Downloads/moi-main/project_root/data/visualizations/video/pushups_video4/frame_00008.png,"[41, 95, 517, 351]",LEFT_EYE,0.8763048518362655,0.12465991684411794,0.9998776912689209,0.5681056156754494,0.3037542589008808,0.3448181623233646
00008,/Users/nikko/Downloads/moi-main/project_root/data/visualizations/video/pushups_video4/frame_00008.png,"[41, 95, 517, 351]",RIGHT_EYE,0.85461754425053,0.08900713648303893,0.9999074935913086,0.5681056156754494,0.3037542589008808,0.3448181623233646
00009,/Users/nikko/Downloads/moi-main/project_root/data/visualizations/video/pushups_video4/frame_00009.png,"[28, 97, 500, 351]",LEFT_SHOULDER,0.5228930436995938,-0.10980303702707539,0.9999918937683105,0.6028568223118782,0.31791698187589645,0.33122702702142454
00009,/Users/nikko/Downloads/moi-main/project_root/data/visualizations/video/pushups_video4/frame_00009.png,"[28, 97, 500, 351]",RIGHT_SHOULDER,0.3167895502161733,-0.3549994522347182,0.9999470710754395,0.6028568223118782,0.31791698187589645,0.33122702702142454
00009,/Users/nikko/Downloads/moi-main/project_root/data/visualizations/video/pushups_video4/frame_00009.png,"[28, 97, 500, 351]",LEFT_HIP,-0.3551061182079279,0.3377502912131621,0.9998540878295898,0.6028568223118782,0.31791698187589645,0.33122702702142454
00009,/Users/nikko/Downloads/moi-main/project_root/data/visualizations/video/pushups_video4/frame_00009.png,"[28, 97, 500, 351]",RIGHT_HIP,-0.48457647570783907,0.12705219804863152,0.9998741149902344,0.6028568223118782,0.31791698187589645,0.33122702702142454
00009,/Users/nikko/Downloads/moi-main/project_root/data/visualizations/video/pushups_video4/frame_00009.png,"[28, 97, 500, 351]",LEFT_ELBOW,0.4008493551956388,0.5592629914210887,0.8171874284744263,0.6028568223118782,0.31791698187589645,0.33122702702142454
00009,/Users/nikko/Downloads/moi-main/project_root/data/visualizations/video/pushups_video4/frame_00009.png,"[28, 97, 500, 351]",RIGHT_ELBOW,-0.0823418349870795,0.5998334910550963,0.9994908571243286,0.6028568223118782,0.31791698187589645,0.33122702702142454
00009,/Users/nikko/Downloads/moi-main/project_root/data/visualizations/video/pushups_video4/frame_00009.png,"[28, 97, 500, 351]",LEFT_WRIST,0.5286791891278289,1.365276612604634,0.9658962488174438,0.6028568223118782,0.31791698187589645,0.33122702702142454
00009,/Users/nikko/Downloads/moi-main/project_root/data/visualizations/video/pushups_video4/frame_00009.png,"[28, 97, 500, 351]",RIGHT_WRIST,0.09475607172656124,1.710873286098046,0.9995692372322083,0.6028568223118782,0.31791698187589645,0.33122702702142454
00009,/Users/nikko/Downloads/moi-main/project_root/data/visualizations/video/pushups_video4/frame_00009.png,"[28, 97, 500, 351]",RIGHT_KNEE,-1.0991178818284875,0.8249982974229417,0.9888521432876587,0.6028568223118782,0.31791698187589645,0.33122702702142454
00009,/Users/nikko/Downloads/moi-main/project_root/data/visualizations/video/pushups_video4/frame_00009.png,"[28, 97, 500, 351]",LEFT_ANKLE,-1.4711796834214326,0.9859727717728196,0.578356921672821,0.6028568223118782,0.31791698187589645,0.33122702702142454
00009,/Users/nikko/Downloads/moi-main/project_root/data/visualizations/video/pushups_video4/frame_00009.png,"[28, 97, 500, 351]",RIGHT_ANKLE,-1.5896898534944357,0.9423036953480929,0.9950811862945557,0.6028568223118782,0.31791698187589645,0.33122702702142454
00009,/Users/nikko/Downloads/moi-main/project_root/data/visualizations/video/pushups_video4/frame_00009.png,"[28, 97, 500, 351]",LEFT_EYE,0.9381870905912146,0.11027734295518607,0.9999198913574219,0.6028568223118782,0.31791698187589645,0.33122702702142454
00009,/Users/nikko/Downloads/moi-main/project_root/data/visualizations/video/pushups_video4/frame_00009.png,"[28, 97, 500, 351]",RIGHT_EYE,0.9166887009034499,0.0745619221186463,0.9999431371688843,0.6028568223118782,0.31791698187589645,0.33122702702142454
00010,/Users/nikko/Downloads/moi-main/project_root/data/visualizations/video/pushups_video4/frame_00010.png,"[30, 105, 503, 352]",LEFT_SHOULDER,0.5213614596579345,-0.18393907775947357,0.999991774559021,0.6006682366132736,0.29951152205467224,0.3329154346061187
00010,/Users/nikko/Downloads/moi-main/project_root/data/visualizations/video/pushups_video4/frame_00010.png,"[30, 105, 503, 352]",RIGHT_SHOULDER,0.31260716812377803,-0.31998910014997484,0.9999470710754395,0.6006682366132736,0.29951152205467224,0.3329154346061187
00010,/Users/nikko/Downloads/moi-main/project_root/data/visualizations/video/pushups_video4/frame_00010.png,"[30, 105, 503, 352]",LEFT_HIP,-0.3573339130977634,0.34711140267073637,0.99982750415802,0.6006682366132736,0.29951152205467224,0.3329154346061187
00010,/Users/nikko/Downloads/moi-main/project_root/data/visualizations/video/pushups_video4/frame_00010.png,"[30, 105, 503, 352]",RIGHT_HIP,-0.4766347146839491,0.15681677523871204,0.9998513460159302,0.6006682366132736,0.29951152205467224,0.3329154346061187
00010,/Users/nikko/Downloads/moi-main/project_root/data/visualizations/video/pushups_video4/frame_00010.png,"[30, 105, 503, 352]",LEFT_ELBOW,0.3857334307622731,0.5822097615861993,0.7740328907966614,0.6006682366132736,0.29951152205467224,0.3329154346061187
00010,/Users/nikko/Downloads/moi-main/project_root/data/visualizations/video/pushups_video4/frame_00010.png,"[30, 105, 503, 352]",RIGHT_ELBOW,-0.09590992775558398,0.6102990057137732,0.9993340373039246,0.6006682366132736,0.29951152205467224,0.3329154346061187
00010,/Users/nikko/Downloads/moi-main/project_root/data/visualizations/video/pushups_video4/frame_00010.png,"[30, 105, 503, 352]",LEFT_WRIST,0.5165739730003103,1.3532836338357461,0.9524654746055603,0.6006682366132736,0.29951152205467224,0.3329154346061187
00010,/Users/nikko/Downloads/moi-main/project_root/data/visualizations/video/pushups_video4/frame_00010.png,"[30, 105, 503, 352]",RIGHT_WRIST,0.09148776894107431,1.742494482566582,0.9993687272071838,0.6006682366132736,0.29951152205467224,0.3329154346061187
00010,/Users/nikko/Downloads/moi-main/project_root/data/visualizations/video/pushups_video4/frame_00010.png,"[30, 105, 503, 352]",RIGHT_KNEE,-1.1092286554585788,0.86217988657485,0.9883430600166321,0.6006682366132736,0.29951152205467224,0.3329154346061187
00010,/Users/nikko/Downloads/moi-main/project_root/data/visualizations/video/pushups_video4/frame_00010.png,"[30, 105, 503, 352]",LEFT_ANKLE,-1.4702860747975643,0.9988527835383458,0.5471798181533813,0.6006682366132736,0.29951152205467224,0.3329154346061187
00010,/Users/nikko/Downloads/moi-main/project_root/data/visualizations/video/pushups_video4/frame_00010.png,"[30, 105, 503, 352]",RIGHT_ANKLE,-1.6131310518392803,0.9509412140913183,0.9948557615280151,0.6006682366132736,0.29951152205467224,0.3329154346061187
00010,/Users/nikko/Downloads/moi-main/project_root/data/visualizations/video/pushups_video4/frame_00010.png,"[30, 105, 503, 352]",LEFT_EYE,0.9325102408918371,0.15708542234902487,0.9999301433563232,0.6006682366132736,0.29951152205467224,0.3329154346061187
00010,/Users/nikko/Downloads/moi-main/project_root/data/visualizations/video/pushups_video4/frame_00010.png,"[30, 105, 503, 352]",RIGHT_EYE,0.9110986812673573,0.12237220523657993,0.9999496936798096,0.6006682366132736,0.29951152205467224,0.3329154346061187
00011,/Users/nikko/Downloads/moi-main/project_root/data/visualizations/video/pushups_video4/frame_00011.png,"[51, 112, 520, 351]",LEFT_SHOULDER,0.5241777240128159,-0.21378067623202204,0.99997878074646,0.5641937255859375,0.292021743953228,0.33658872449636545
00011,/Users/nikko/Downloads/moi-main/project_root/data/visualizations/video/pushups_video4/frame_00011.png,"[51, 112, 520, 351]",RIGHT_SHOULDER,0.31695132129755627,-0.28426827460632986,0.9998189806938171,0.5641937255859375,0.292021743953228,0.33658872449636545
00011,/Users/nikko/Downloads/moi-main/project_root/data/visualizations/video/pushups_video4/frame_00011.png,"[51, 112, 520, 351]",LEFT_HIP,-0.3595636063804128,0.3607799333795806,0.9982283711433411,0.5641937255859375,0.292021743953228,0.33658872449636545
00011,/Users/nikko/Downloads/moi-main/project_root/data/visualizations/video/pushups_video4/frame_00011.png,"[51, 112, 520, 351]",RIGHT_HIP,-0.4815654389299594,0.13726901745877135,0.9983640313148499,0.5641937255859375,0.292021743953228,0.33658872449636545
00011,/Users/nikko/Downloads/moi-main/project_root/data/visualizations/video/pushups_video4/frame_00011.png,"[51, 112, 520, 351]",LEFT_ELBOW,0.3754908516144512,0.5288581779307949,0.8768664598464966,0.5641937255859375,0.292021743953228,0.33658872449636545
00011,/Users/nikko/Downloads/moi-main/project_root/data/visualizations/video/pushups_video4/frame_00011.png,"[51, 112, 520, 351]",RIGHT_ELBOW,-0.12651040382819567,0.6064289790770857,0.9995204210281372,0.5641937255859375,0.292021743953228,0.33658872449636545
00011,/Users/nikko/Downloads/moi-main/project_root/data/visualizations/video/pushups_video4/frame_00011.png,"[51, 112, 520, 351]",LEFT_WRIST,0.49959998967130037,1.3542313957996555,0.9752365946769714,0.5641937255859375,0.292021743953228,0.33658872449636545
00011,/Users/nikko/Downloads/moi-main/project_root/data/visualizations/video/pushups_video4/frame_00011.png,"[51, 112, 520, 351]",RIGHT_WRIST,0.07773619806593955,1.7499212134128432,0.9995570778846741,0.5641937255859375,0.292021743953228,0.33658872449636545
00011,/Users/nikko/Downloads/moi-main/project_root/data/visualizations/video/pushups_video4/frame_00011.png,"[51, 112, 520, 351]",RIGHT_KNEE,-1.0982121713144544,0.7982618692304927,0.9891974329948425,0.5641937255859375,0.292021743953228,0.33658872449636545
00011,/Users/nikko/Downloads/moi-main/project_root/data/visualizations/video/pushups_video4/frame_00011.png,"[51, 112, 520, 351]",LEFT_ANKLE,-1.4367531252966326,1.0947634728823932,0.5980997085571289,0.5641937255859375,0.292021743953228,0.33658872449636545
00011,/Users/nikko/Downloads/moi-main/project_root/data/visualizations/video/pushups_video4/frame_00011.png,"[51, 112, 520, 351]",RIGHT_ANKLE,-1.5716388953315674,0.8756191064741106,0.9932034015655518,0.5641937255859375,0.292021743953228,0.33658872449636545
00011,/Users/nikko/Downloads/moi-main/project_root/data/visualizations/video/pushups_video4/frame_00011.png,"[51, 112, 520, 351]",LEFT_EYE,0.9310203232100303,0.20136191758314606,0.9997095465660095,0.5641937255859375,0.292021743953228,0.33658872449636545
00011,/Users/nikko/Downloads/moi-main/project_root/data/visualizations/video/pushups_video4/frame_00011.png,"[51, 112, 520, 351]",RIGHT_EYE,0.9090692832037937,0.1680044224517726,0.9997782111167908,0.5641937255859375,0.292021743953228,0.33658872449636545
00012,/Users/nikko/Downloads/moi-main/project_root/data/visualizations/video/pushups_video4/frame_00012.png,"[21, 109, 512, 352]",LEFT_SHOULDER,0.5738021449427125,-0.22235268414457993,0.9999942779541016,0.5999540090560913,0.31665118783712387,0.2947383611590383
00012,/Users/nikko/Downloads/moi-main/project_root/data/visualizations/video/pushups_video4/frame_00012.png,"[21, 109, 512, 352]",RIGHT_SHOULDER,0.3348388508267434,-0.1781085174053363,0.9999617338180542,0.5999540090560913,0.31665118783712387,0.2947383611590383
00012,/Users/nikko/Downloads/moi-main/project_root/data/visualizations/video/pushups_video4/frame_00012.png,"[21, 109, 512, 352]",LEFT_HIP,-0.3920257748404261,0.2701474360379496,0.9998730421066284,0.5999540090560913,0.31665118783712387,0.2947383611590383
00012,/Users/nikko/Downloads/moi-main/project_root/data/visualizations/video/pushups_video4/frame_00012.png,"[21, 109, 512, 352]",RIGHT_HIP,-0.5166152209290299,0.13031376551196658,0.9999055862426758,0.5999540090560913,0.31665118783712387,0.2947383611590383
00012,/Users/nikko/Downloads/moi-main/project_root/data/visualizations/video/pushups_video4/frame_00012.png,"[21, 109, 512, 352]",LEFT_ELBOW,0.394340083545025,0.540010007247254,0.727412223815918,0.5999540090560913,0.31665118783712387,0.2947383611590383
00012,/Users/nikko/Downloads/moi-main/project_root/data/visualizations/video/pushups_video4/frame_00012.png,"[21, 109, 512, 352]",RIGHT_ELBOW,-0.14388553082005356,0.6194231120095949,0.9995492100715637,0.5999540090560913,0.31665118783712387,0.2947383611590383
00012,/Users/nikko/Downloads/moi-main/project_root/data/visualizations/video/pushups_video4/frame_00012.png,"[21, 109, 512, 352]",LEFT_WRIST,0.5401281848205894,1.4527983153999602,0.9525438547134399,0.5999540090560913,0.31665118783712387,0.2947383611590383
00012,/Users/nikko/Downloads/moi-main/project_root/data/visualizations/video/pushups_video4/frame_00012.png,"[21, 109, 512, 352]",RIGHT_WRIST,0.09676819552780498,1.9218955853827908,0.9996976852416992,0.5999540090560913,0.31665118783712387,0.2947383611590383
00012,/Users/nikko/Downloads/moi-main/project_root/data/visualizations/video/pushups_video4/frame_00012.png,"[21, 109, 512, 352]",RIGHT_KNEE,-1.1958020336235249,0.9307817600431837,0.9948969483375549,0.5999540090560913,0.31665118783712387,0.2947383611590383
00012,/Users/nikko/Downloads/moi-main/project_root/data/visualizations/video/pushups_video4/frame_00012.png,"[21, 109, 512, 352]",LEFT_ANKLE,-1.5758468523253972,1.0271932236105803,0.7342642545700073,0.5999540090560913,0.31665118783712387,0.2947383611590383
00012,/Users/nikko/Downloads/moi-main/project_root/data/visualizations/video/pushups_video4/frame_00012.png,"[21, 109, 512, 352]",RIGHT_ANKLE,-1.7537464924497774,1.006750500434961,0.9982934594154358,0.5999540090560913,0.31665118783712387,0.2947383611590383
00012,/Users/nikko/Downloads/moi-main/project_root/data/visualizations/video/pushups_video4/frame_00012.png,"[21, 109, 512, 352]",LEFT_EYE,1.0476906244527504,0.24656854549157542,0.999967098236084,0.5999540090560913,0.31665118783712387,0.2947383611590383
00012,/Users/nikko/Downloads/moi-main/project_root/data/visualizations/video/pushups_video4/frame_00012.png,"[21, 109, 512, 352]",RIGHT_EYE,1.0214603094546113,0.21131810918047106,0.9999758005142212,0.5999540090560913,0.31665118783712387,0.2947383611590383
00013,/Users/nikko/Downloads/moi-main/project_root/data/visualizations/video/pushups_video4/frame_00013.png,"[23, 119, 511, 354]",LEFT_SHOULDER,0.5707197588209276,-0.2562218141795533,0.9999920129776001,0.6046937257051468,0.3034502789378166,0.29722886631355017
00013,/Users/nikko/Downloads/moi-main/project_root/data/visualizations/video/pushups_video4/frame_00013.png,"[23, 119, 511, 354]",RIGHT_SHOULDER,0.32155603242159475,-0.16735604944321636,0.9999716281890869,0.6046937257051468,0.3034502789378166,0.29722886631355017
00013,/Users/nikko/Downloads/moi-main/project_root/data/visualizations/video/pushups_video4/frame_00013.png,"[23, 119, 511, 354]",LEFT_HIP,-0.37858473797000186,0.33633088864375454,0.9998606443405151,0.6046937257051468,0.3034502789378166,0.29722886631355017
00013,/Users/nikko/Downloads/moi-main/project_root/data/visualizations/video/pushups_video4/frame_00013.png,"[23, 119, 511, 354]",RIGHT_HIP,-0.5136910532725206,0.08724697497901514,0.9999210834503174,0.6046937257051468,0.3034502789378166,0.29722886631355017
00013,/Users/nikko/Downloads/moi-main/project_root/data/visualizations/video/pushups_video4/frame_00013.png,"[23, 119, 511, 354]",LEFT_ELBOW,0.36578792907808905,0.5355441760598718,0.6124992370605469,0.6046937257051468,0.3034502789378166,0.29722886631355017
00013,/Users/nikko/Downloads/moi-main/project_root/data/visualizations/video/pushups_video4/frame_00013.png,"[23, 119, 511, 354]",RIGHT_ELBOW,-0.1798199459833276,0.5803597284048946,0.999687910079956,0.6046937257051468,0.3034502789378166,0.29722886631355017
00013,/Users/nikko/Downloads/moi-main/project_root/data/visualizations/video/pushups_video4/frame_00013.png,"[23, 119, 511, 354]",LEFT_WRIST,0.5150032508323509,1.4472670018499763,0.9202924966812134,0.6046937257051468,0.3034502789378166,0.29722886631355017
00013,/Users/nikko/Downloads/moi-main/project_root/data/visualizations/video/pushups_video4/frame_00013.png,"[23, 119, 511, 354]",RIGHT_WRIST,0.059139782458581064,1.9006663021767995,0.9998584985733032,0.6046937257051468,0.3034502789378166,0.29722886631355017
00013,/Users/nikko/Downloads/moi-main/project_root/data/visualizations/video/pushups_video4/frame_00013.png,"[23, 119, 511, 354]",RIGHT_KNEE,-1.192821021015128,0.8710134431187703,0.9941670894622803,0.6046937257051468,0.3034502789378166,0.29722886631355017
00013,/Users/nikko/Downloads/moi-main/project_root/data/visualizations/video/pushups_video4/frame_00013.png,"[23, 119, 511, 354]",LEFT_ANKLE,-1.5625030795904211,0.9867304778123072,0.6632403135299683,0.6046937257051468,0.3034502789378166,0.29722886631355017
00013,/Users/nikko/Downloads/moi-main/project_root/data/visualizations/video/pushups_video4/frame_00013.png,"[23, 119, 511, 354]",RIGHT_ANKLE,-1.7461397487504677,0.9396307371421913,0.9979523420333862,0.6046937257051468,0.3034502789378166,0.29722886631355017
00013,/Users/nikko/Downloads/moi-main/project_root/data/visualizations/video/pushups_video4/frame_00013.png,"[23, 119, 511, 354]",LEFT_EYE,1.0518979014764638,0.29929176375710714,0.9999592304229736,0.6046937257051468,0.3034502789378166,0.29722886631355017
00013,/Users/nikko/Downloads/moi-main/project_root/data/visualizations/video/pushups_video4/frame_00013.png,"[23, 119, 511, 354]",RIGHT_EYE,1.0199114440793076,0.2557841977472251,0.9999762773513794,0.6046937257051468,0.3034502789378166,0.29722886631355017
00014,/Users/nikko/Downloads/moi-main/project_root/data/visualizations/video/pushups_video4/frame_00014.png,"[33, 125, 523, 353]",LEFT_SHOULDER,0.5557976368209608,-0.2039810022466924,0.9999942779541016,0.5897967666387558,0.3040347844362259,0.2903771171755225
00014,/Users/nikko/Downloads/moi-main/project_root/data/visualizations/video/pushups_video4/frame_00014.png,"[33, 125, 523, 353]",RIGHT_SHOULDER,0.3348551186193395,-0.19889388682300838,0.999969482421875,0.5897967666387558,0.3040347844362259,0.2903771171755225
00014,/Users/nikko/Downloads/moi-main/project_root/data/visualizations/video/pushups_video4/frame_00014.png,"[33, 125, 523, 353]",LEFT_HIP,-0.3738215442248724,0.3517341688267211,0.9998489618301392,0.5897967666387558,0.3040347844362259,0.2903771171755225
00014,/Users/nikko/Downloads/moi-main/project_root/data/visualizations/video/pushups_video4/frame_00014.png,"[33, 125, 523, 353]",RIGHT_HIP,-0.5168312112154279,0.05114072024297973,0.9998928308486938,0.5897967666387558,0.3040347844362259,0.2903771171755225
00014,/Users/nikko/Downloads/moi-main/project_root/data/visualizations/video/pushups_video4/frame_00014.png,"[33, 125, 523, 353]",LEFT_ELBOW,0.3365415867757769,0.5460202884200961,0.7748945951461792,0.5897967666387558,0.3040347844362259,0.2903771171755225
00014,/Users/nikko/Downloads/moi-main/project_root/data/visualizations/video/pushups_video4/frame_00014.png,"[33, 125, 523, 353]",RIGHT_ELBOW,-0.20223100416152848,0.57330777835587,0.9997658133506775,0.5897967666387558,0.3040347844362259,0.2903771171755225
00014,/Users/nikko/Downloads/moi-main/project_root/data/visualizations/video/pushups_video4/frame_00014.png,"[33, 125, 523, 353]",LEFT_WRIST,0.5059743671920335,1.4793008049706,0.9579609036445618,0.5897967666387558,0.3040347844362259,0.2903771171755225
00014,/Users/nikko/Downloads/moi-main/project_root/data/visualizations/video/pushups_video4/frame_00014.png,"[33, 125, 523, 353]",RIGHT_WRIST,0.0374671090242698,1.9533151534705275,0.9997636675834656,0.5897967666387558,0.3040347844362259,0.2903771171755225
00014,/Users/nikko/Downloads/moi-main/project_root/data/visualizations/video/pushups_video4/frame_00014.png,"[33, 125, 523, 353]",LEFT_KNEE,-1.0552323727309862,0.8811629338493345,0.5442817211151123,0.5897967666387558,0.3040347844362259,0.2903771171755225
00014,/Users/nikko/Downloads/moi-main/project_root/data/visualizations/video/pushups_video4/frame_00014.png,"[33, 125, 523, 353]",RIGHT_KNEE,-1.208167693044878,0.8369725828120521,0.9971582889556885,0.5897967666387558,0.3040347844362259,0.2903771171755225
00014,/Users/nikko/Downloads/moi-main/project_root/data/visualizations/video/pushups_video4/frame_00014.png,"[33, 125, 523, 353]",LEFT_ANKLE,-1.622063844467246,1.1025568327077238,0.7936643362045288,0.5897967666387558,0.3040347844362259,0.2903771171755225
00014,/Users/nikko/Downloads/moi-main/project_root/data/visualizations/video/pushups_video4/frame_00014.png,"[33, 125, 523, 353]",RIGHT_ANKLE,-1.798526072942324,0.9199188588348058,0.9987359642982483,0.5897967666387558,0.3040347844362259,0.2903771171755225
00014,/Users/nikko/Downloads/moi-main/project_root/data/visualizations/video/pushups_video4/frame_00014.png,"[33, 125, 523, 353]",LEFT_EYE,1.0293462360211127,0.33951476691354676,0.9999784231185913,0.5897967666387558,0.3040347844362259,0.2903771171755225
00014,/Users/nikko/Downloads/moi-main/project_root/data/visualizations/video/pushups_video4/frame_00014.png,"[33, 125, 523, 353]",RIGHT_EYE,1.007958100371611,0.3036272336050541,0.9999841451644897,0.5897967666387558,0.3040347844362259,0.2903771171755225
00015,/Users/nikko/Downloads/moi-main/project_root/data/visualizations/video/pushups_video4/frame_00015.png,"[41, 135, 523, 353]",LEFT_SHOULDER,0.561424853930076,-0.26998089876656944,0.9999949932098389,0.584026113152504,0.29083574563264847,0.29599517169845513
00015,/Users/nikko/Downloads/moi-main/project_root/data/visualizations/video/pushups_video4/frame_00015.png,"[41, 135, 523, 353]",RIGHT_SHOULDER,0.33149960944734463,-0.156099131760092,0.999970555305481,0.584026113152504,0.29083574563264847,0.29599517169845513
00015,/Users/nikko/Downloads/moi-main/project_root/data/visualizations/video/pushups_video4/frame_00015.png,"[41, 135, 523, 353]",LEFT_HIP,-0.37970675977499807,0.34295498846066363,0.9998815059661865,0.584026113152504,0.29083574563264847,0.29599517169845513
00015,/Users/nikko/Downloads/moi-main/project_root/data/visualizations/video/pushups_video4/frame_00015.png,"[41, 135, 523, 353]",RIGHT_HIP,-0.5132177036024225,0.08312504206599781,0.999915599822998,0.584026113152504,0.29083574563264847,0.29599517169845513
00015,/Users/nikko/Downloads/moi-main/project_root/data/visualizations/video/pushups_video4/frame_00015.png,"[41, 135, 523, 353]",LEFT_ELBOW,0.332832278277245,0.5115573297351907,0.6774569153785706,0.584026113152504,0.29083574563264847,0.29599517169845513
00015,/Users/nikko/Downloads/moi-main/project_root/data/visualizations/video/pushups_video4/frame_00015.png,"[41, 135, 523, 353]",RIGHT_ELBOW,-0.21282754439612786,0.597407843675152,0.9995853304862976,0.584026113152504,0.29083574563264847,0.29599517169845513
00015,/Users/nikko/Downloads/moi-main/project_root/data/visualizations/video/pushups_video4/frame_00015.png,"[41, 135, 523, 353]",LEFT_WRIST,0.4981140228450545,1.4553142084048176,0.937831461429596,0.584026113152504,0.29083574563264847,0.29599517169845513
00015,/Users/nikko/Downloads/moi-main/project_root/data/visualizations/video/pushups_video4/frame_00015.png,"[41, 135, 523, 353]",RIGHT_WRIST,0.034297142531367675,1.9412006725430118,0.9996498823165894,0.584026113152504,0.29083574563264847,0.29599517169845513
00015,/Users/nikko/Downloads/moi-main/project_root/data/visualizations/video/pushups_video4/frame_00015.png,"[41, 135, 523, 353]",RIGHT_KNEE,-1.2229092645332986,0.8587135325176759,0.9940714240074158,0.584026113152504,0.29083574563264847,0.29599517169845513
00015,/Users/nikko/Downloads/moi-main/project_root/data/visualizations/video/pushups_video4/frame_00015.png,"[41, 135, 523, 353]",LEFT_ANKLE,-1.6525624605004194,1.049606360866393,0.6811903119087219,0.584026113152504,0.29083574563264847,0.29599517169845513
00015,/Users/nikko/Downloads/moi-main/project_root/data/visualizations/video/pushups_video4/frame_00015.png,"[41, 135, 523, 353]",RIGHT_ANKLE,-1.80000923786868,0.9351412240200515,0.997171938419342,0.584026113152504,0.29083574563264847,0.29599517169845513
00015,/Users/nikko/Downloads/moi-main/project_root/data/visualizations/video/pushups_video4/frame_00015.png,"[41, 135, 523, 353]",LEFT_EYE,1.0330849071443051,0.38862124799114534,0.9999812841415405,0.584026113152504,0.29083574563264847,0.29599517169845513
00015,/Users/nikko/Downloads/moi-main/project_root/data/visualizations/video/pushups_video4/frame_00015.png,"[41, 135, 523, 353]",RIGHT_EYE,1.0119090048349229,0.3454874217040645,0.9999865293502808,0.584026113152504,0.29083574563264847,0.29599517169845513
00016,/Users/nikko/Downloads/moi-main/project_root/data/visualizations/video/pushups_video4/frame_00016.png,"[38, 144, 529, 353]",LEFT_SHOULDER,0.5544130775838161,-0.26825803099520706,0.9999923706054688,0.5854259878396988,0.27983396500349045,0.2908026056462445
00016,/Users/nikko/Downloads/moi-main/project_root/data/visualizations/video/pushups_video4/frame_00016.png,"[38, 144, 529, 353]",RIGHT_SHOULDER,0.3389247456104258,-0.15112980447710878,0.9999707937240601,0.5854259878396988,0.27983396500349045,0.2908026056462445
00016,/Users/nikko/Downloads/moi-main/project_root/data/visualizations/video/pushups_video4/frame_00016.png,"[38, 144, 529, 353]",LEFT_HIP,-0.37480260788828546,0.36091900577917,0.9998819828033447,0.5854259878396988,0.27983396500349045,0.2908026056462445
00016,/Users/nikko/Downloads/moi-main/project_root/data/visualizations/video/pushups_video4/frame_00016.png,"[38, 144, 529, 353]",RIGHT_HIP,-0.5185352153059565,0.05846882969314578,0.9999265670776367,0.5854259878396988,0.27983396500349045,0.2908026056462445
00016,/Users/nikko/Downloads/moi-main/project_root/data/visualizations/video/pushups_video4/frame_00016.png,"[38, 144, 529, 353]",LEFT_ELBOW,0.30744237904818283,0.4967392084937489,0.6506720185279846,0.5854259878396988,0.27983396500349045,0.2908026056462445
00016,/Users/nikko/Downloads/moi-main/project_root/data/visualizations/video/pushups_video4/frame_00016.png,"[38, 144, 529, 353]",RIGHT_ELBOW,-0.24362570477461973,0.6160300312018901,0.99977046251297,0.5854259878396988,0.27983396500349045,0.2908026056462445
00016,/Users/nikko/Downloads/moi-main/project_root/data/visualizations/video/pushups_video4/frame_00016.png,"[38, 144, 529, 353]",LEFT_WRIST,0.48219126036046733,1.4971749398993845,0.9087347984313965,0.5854259878396988,0.27983396500349045,0.2908026056462445
00016,/Users/nikko/Downloads/moi-main/project_root/data/visualizations/video/pushups_video4/frame_00016.png,"[38, 144, 529, 353]",RIGHT_WRIST,0.015221953179858423,2.0086413392871196,0.9997788071632385,0.5854259878396988,0.27983396500349045,0.2908026056462445
00016,/Users/nikko/Downloads/moi-main/project_root/data/visualizations/video/pushups_video4/frame_00016.png,"[38, 144, 529, 353]",LEFT_KNEE,-1.0992845270292635,0.9046465400187952,0.6304938793182373,0.5854259878396988,0.27983396500349045,0.2908026056462445
00016,/Users/nikko/Downloads/moi-main/project_root/data/visualizations/video/pushups_video4/frame_00016.png,"[38, 144, 529, 353]",RIGHT_KNEE,-1.2207240082399373,0.8209210064494921,0.9968721270561218,0.5854259878396988,0.27983396500349045,0.2908026056462445
00016,/Users/nikko/Downloads/moi-main/project_root/data/visualizations/video/pushups_video4/frame_00016.png,"[38, 144, 529, 353]",LEFT_ANKLE,-1.670413247465475,1.0602247470584125,0.8669832348823547,0.5854259878396988,0.27983396500349045,0.2908026056462445
00016,/Users/nikko/Downloads/moi-main/project_root/data/visualizations/video/pushups_video4/frame_00016.png,"[38, 144, 529, 353]",RIGHT_ANKLE,-1.796216864594867,0.8833112198961569,0.9988942742347717,0.5854259878396988,0.27983396500349045,0.2908026056462445
00016,/Users/nikko/Downloads/moi-main/project_root/data/visualizations/video/pushups_video4/frame_00016.png,"[38, 144, 529, 353]",LEFT_EYE,1.045146346935762,0.4619617061482412,0.999977707862854,0.5854259878396988,0.27983396500349045,0.2908026056462445
00016,/Users/nikko/Downloads/moi-main/project_root/data/visualizations/video/pushups_video4/frame_00016.png,"[38, 144, 529, 353]",RIGHT_EYE,1.0205567817454229,0.42517830411418683,0.9999866485595703,0.5854259878396988,0.27983396500349045,0.2908026056462445
00017,/Users/nikko/Downloads/moi-main/project_root/data/visualizations/video/pushups_video4/frame_00017.png,"[57, 147, 532, 353]",LEFT_SHOULDER,0.5557644900402698,-0.22572822740631537,0.9999843835830688,0.5720702856779099,0.2777666822075844,0.3127059934786117
00017,/Users/nikko/Downloads/moi-main/project_root/data/visualizations/video/pushups_video4/frame_00017.png,"[57, 147, 532, 353]",RIGHT_SHOULDER,0.33515490639122036,-0.18561947338886273,0.9999467134475708,0.5720702856779099,0.2777666822075844,0.3127059934786117
00017,/Users/nikko/Downloads/moi-main/project_root/data/visualizations/video/pushups_video4/frame_00017.png,"[57, 147, 532, 353]",LEFT_HIP,-0.3686504736018662,0.3498846387306918,0.9994088411331177,0.5720702856779099,0.2777666822075844,0.3127059934786117
00017,/Users/nikko/Downloads/moi-main/project_root/data/visualizations/video/pushups_video4/frame_00017.png,"[57, 147, 532, 353]",RIGHT_HIP,-0.522268922829624,0.061463062064486304,0.9996289014816284,0.5720702856779099,0.2777666822075844,0.3127059934786117
00017,/Users/nikko/Downloads/moi-main/project_root/data/visualizations/video/pushups_video4/frame_00017.png,"[57, 147, 532, 353]",LEFT_ELBOW,0.27993827517260567,0.4453862421884883,0.6391012072563171,0.5720702856779099,0.2777666822075844,0.3127059934786117
00017,/Users/nikko/Downloads/moi-main/project_root/data/visualizations/video/pushups_video4/frame_00017.png,"[57, 147, 532, 353]",RIGHT_ELBOW,-0.27531809834567983,0.48711536516529147,0.9995543360710144,0.5720702856779099,0.2777666822075844,0.3127059934786117
00017,/Users/nikko/Downloads/moi-main/project_root/data/visualizations/video/pushups_video4/frame_00017.png,"[57, 147, 532, 353]",LEFT_WRIST,0.4368494986354863,1.3503607811119895,0.9394770264625549,0.5720702856779099,0.2777666822075844,0.3127059934786117
00017,/Users/nikko/Downloads/moi-main/project_root/data/visualizations/video/pushups_video4/frame_00017.png,"[57, 147, 532, 353]",RIGHT_WRIST,-0.00911945975754905,1.8319212456730896,0.999866247177124,0.5720702856779099,0.2777666822075844,0.3127059934786117
00017,/Users/nikko/Downloads/moi-main/project_root/data/visualizations/video/pushups_video4/frame_00017.png,"[57, 147, 532, 353]",LEFT_KNEE,-1.0710948561285367,0.842287718029316,0.5648757219314575,0.5720702856779099,0.2777666822075844,0.3127059934786117
00017,/Users/nikko/Downloads/moi-main/project_root/data/visualizations/video/pushups_video4/frame_00017.png,"[57, 147, 532, 353]",RIGHT_KNEE,-1.1934209424403073,0.7312164865405696,0.992817759513855,0.5720702856779099,0.2777666822075844,0.3127059934786117
00017,/Users/nikko/Downloads/moi-main/project_root/data/visualizations/video/pushups_video4/frame_00017.png,"[57, 147, 532, 353]",LEFT_ANKLE,-1.5545398263723633,1.0239985349746354,0.8322070837020874,0.5720702856779099,0.2777666822075844,0.3127059934786117
00017,/Users/nikko/Downloads/moi-main/project_root/data/visualizations/video/pushups_video4/frame_00017.png,"[57, 147, 532, 353]",RIGHT_ANKLE,-1.699368522136824,0.7606156710544267,0.9975384473800659,0.5720702856779099,0.2777666822075844,0.3127059934786117
00017,/Users/nikko/Downloads/moi-main/project_root/data/visualizations/video/pushups_video4/frame_00017.png,"[57, 147, 532, 353]",LEFT_EYE,0.9986156534599966,0.518099370019405,0.999936580657959,0.5720702856779099,0.2777666822075844,0.3127059934786117
00017,/Users/nikko/Downloads/moi-main/project_root/data/visualizations/video/pushups_video4/frame_00017.png,"[57, 147, 532, 353]",RIGHT_EYE,0.9782219920438306,0.49228773689578603,0.9999659061431885,0.5720702856779099,0.2777666822075844,0.3127059934786117
00018,/Users/nikko/Downloads/moi-main/project_root/data/visualizations/video/pushups_video4/frame_00018.png,"[56, 152, 533, 354]",LEFT_SHOULDER,0.5630731123109151,-0.1989907785017855,0.9999864101409912,0.5764963254332542,0.27973561361432076,0.3172394746984514
00018,/Users/nikko/Downloads/moi-main/project_root/data/visualizations/video/pushups_video4/frame_00018.png,"[56, 152, 533, 354]",RIGHT_SHOULDER,0.3396363028705946,-0.18362171117993767,0.9999570846557617,0.5764963254332542,0.27973561361432076,0.3172394746984514
00018,/Users/nikko/Downloads/moi-main/project_root/data/visualizations/video/pushups_video4/frame_00018.png,"[56, 152, 533, 354]",LEFT_HIP,-0.3764954129083507,0.33209844894163754,0.9994028806686401,0.5764963254332542,0.27973561361432076,0.3172394746984514
00018,/Users/nikko/Downloads/moi-main/project_root/data/visualizations/video/pushups_video4/frame_00018.png,"[56, 152, 533, 354]",RIGHT_HIP,-0.526214002273159,0.05051404074008561,0.9996521472930908,0.5764963254332542,0.27973561361432076,0.3172394746984514
00018,/Users/nikko/Downloads/moi-main/project_root/data/visualizations/video/pushups_video4/frame_00018.png,"[56, 152, 533, 354]",LEFT_ELBOW,0.2822722798963047,0.4537171895278103,0.5710660219192505,0.5764963254332542,0.27973561361432076,0.3172394746984514
00018,/Users/nikko/Downloads/moi-main/project_root/data/visualizations/video/pushups_video4/frame_00018.png,"[56, 152, 533, 354]",RIGHT_ELBOW,-0.27873745218702,0.46497715761590713,0.9996076226234436,0.5764963254332542,0.27973561361432076,0.3172394746984514
00018,/Users/nikko/Downloads/moi-main/project_root/data/visualizations/video/pushups_video4/frame_00018.png,"[56, 152, 533, 354]",LEFT_WRIST,0.41488550659312595,1.3103020233503484,0.9387567043304443,0.5764963254332542,0.27973561361432076,0.3172394746984514
00018,/Users/nikko/Downloads/moi-main/project_root/data/visualizations/video/pushups_video4/frame_00018.png,"[56, 152, 533, 354]",RIGHT_WRIST,-0.011227534382253204,1.7977848026285377,0.9998936653137207,0.5764963254332542,0.27973561361432076,0.3172394746984514
00018,/Users/nikko/Downloads/moi-main/project_root/data/visualizations/video/pushups_video4/frame_00018.png,"[56, 152, 533, 354]",RIGHT_KNEE,-1.1939591381814587,0.6805853488295177,0.992474377155304,0.5764963254332542,0.27973561361432076,0.3172394746984514
00018,/Users/nikko/Downloads/moi-main/project_root/data/visualizations/video/pushups_video4/frame_00018.png,"[56, 152, 533, 354]",LEFT_ANKLE,-1.546823860302556,0.9274407500002679,0.7212770581245422,0.5764963254332542,0.27973561361432076,0.3172394746984514
00018,/Users/nikko/Downloads/moi-main/project_root/data/visualizations/video/pushups_video4/frame_00018.png,"[56, 152, 533, 354]",RIGHT_ANKLE,-1.6828441996526315,0.7147167865543926,0.9971120357513428,0.5764963254332542,0.27973561361432076,0.3172394746984514
00018,/Users/nikko/Downloads/moi-main/project_root/data/visualizations/video/pushups_video4/frame_00018.png,"[56, 152, 533, 354]",LEFT_EYE,0.9933468740156602,0.544872295943785,0.9999423027038574,0.5764963254332542,0.27973561361432076,0.3172394746984514
00018,/Users/nikko/Downloads/moi-main/project_root/data/visualizations/video/pushups_video4/frame_00018.png,"[56, 152, 533, 354]",RIGHT_EYE,0.9655796762215062,0.5258401691719529,0.9999675750732422,0.5764963254332542,0.27973561361432076,0.3172394746984514
00019,/Users/nikko/Downloads/moi-main/project_root/data/visualizations/video/pushups_video4/frame_00019.png,"[60, 158, 535, 354]",LEFT_SHOULDER,0.5801438114345234,-0.24657403884119433,0.9999854564666748,0.5736279487609863,0.2933991625905037,0.29896946403294206
00019,/Users/nikko/Downloads/moi-main/project_root/data/visualizations/video/pushups_video4/frame_00019.png,"[60, 158, 535, 354]",RIGHT_SHOULDER,0.35623593129062825,-0.06389545341496097,0.9999659061431885,0.5736279487609863,0.2933991625905037,0.29896946403294206
00019,/Users/nikko/Downloads/moi-main/project_root/data/visualizations/video/pushups_video4/frame_00019.png,"[60, 158, 535, 354]",LEFT_HIP,-0.3904080329849691,0.35428779174103486,0.9994496703147888,0.5736279487609863,0.2933991625905037,0.29896946403294206
00019,/Users/nikko/Downloads/moi-main/project_root/data/visualizations/video/pushups_video4/frame_00019.png,"[60, 158, 535, 354]",RIGHT_HIP,-0.5459717097401825,-0.04381829948487954,0.9997068047523499,0.5736279487609863,0.2933991625905037,0.29896946403294206
00019,/Users/nikko/Downloads/moi-main/project_root/data/visualizations/video/pushups_video4/frame_00019.png,"[60, 158, 535, 354]",LEFT_ELBOW,0.2819045375611547,0.33258559740378096,0.5932589769363403,0.5736279487609863,0.2933991625905037,0.29896946403294206
00019,/Users/nikko/Downloads/moi-main/project_root/data/visualizations/video/pushups_video4/frame_00019.png,"[60, 158, 535, 354]",RIGHT_ELBOW,-0.32573397667709186,0.2612791991470134,0.9997109770774841,0.5736279487609863,0.2933991625905037,0.29896946403294206
00019,/Users/nikko/Downloads/moi-main/project_root/data/visualizations/video/pushups_video4/frame_00019.png,"[60, 158, 535, 354]",LEFT_WRIST,0.43103384379728055,1.2980121150182695,0.9211543202400208,0.5736279487609863,0.2933991625905037,0.29896946403294206
00019,/Users/nikko/Downloads/moi-main/project_root/data/visualizations/video/pushups_video4/frame_00019.png,"[60, 158, 535, 354]",RIGHT_WRIST,-0.026328804594773974,1.8436849736272594,0.9999315738677979,0.5736279487609863,0.2933991625905037,0.29896946403294206
00019,/Users/nikko/Downloads/moi-main/project_root/data/visualizations/video/pushups_video4/frame_00019.png,"[60, 158, 535, 354]",LEFT_KNEE,-1.1293395845957082,0.8659176387874031,0.726642906665802,0.5736279487609863,0.2933991625905037,0.29896946403294206
00019,/Users/nikko/Downloads/moi-main/project_root/data/visualizations/video/pushups_video4/frame_00019.png,"[60, 158, 535, 354]",RIGHT_KNEE,-1.2641678972743207,0.6485065310332182,0.9966639876365662,0.5736279487609863,0.2933991625905037,0.29896946403294206
00019,/Users/nikko/Downloads/moi-main/project_root/data/visualizations/video/pushups_video4/frame_00019.png,"[60, 158, 535, 354]",LEFT_ANKLE,-1.615056730894661,0.8937213604392574,0.8786154389381409,0.5736279487609863,0.2933991625905037,0.29896946403294206
00019,/Users/nikko/Downloads/moi-main/project_root/data/visualizations/video/pushups_video4/frame_00019.png,"[60, 158, 535, 354]",RIGHT_ANKLE,-1.7981005317418106,0.6400472895908762,0.9986106157302856,0.5736279487609863,0.2933991625905037,0.29896946403294206
00019,/Users/nikko/Downloads/moi-main/project_root/data/visualizations/video/pushups_video4/frame_00019.png,"[60, 158, 535, 354]",LEFT_EYE,1.045072238063823,0.6125201896498491,0.9999762773513794,0.5736279487609863,0.2933991625905037,0.29896946403294206
00019,/Users/nikko/Downloads/moi-main/project_root/data/visualizations/video/pushups_video4/frame_00019.png,"[60, 158, 535, 354]",RIGHT_EYE,1.0251921584120498,0.5940502327805479,0.9999891519546509,0.5736279487609863,0.2933991625905037,0.29896946403294206
00020,/Users/nikko/Downloads/moi-main/project_root/data/visualizations/video/pushups_video4/frame_00020.png,"[48, 163, 537, 353]",LEFT_SHOULDER,0.5624443094810941,-0.20753304193268968,0.9999836683273315,0.5822173804044724,0.30250801891088486,0.2895318952004721
00020,/Users/nikko/Downloads/moi-main/project_root/data/visualizations/video/pushups_video4/frame_00020.png,"[48, 163, 537, 353]",RIGHT_SHOULDER,0.38546107282643316,-0.04944857217747291,0.9999762773513794,0.5822173804044724,0.30250801891088486,0.2895318952004721
00020,/Users/nikko/Downloads/moi-main/project_root/data/visualizations/video/pushups_video4/frame_00020.png,"[48, 163, 537, 353]",LEFT_HIP,-0.4083784383245996,0.35964437402789384,0.9998517036437988,0.5822173804044724,0.30250801891088486,0.2895318952004721
00020,/Users/nikko/Downloads/moi-main/project_root/data/visualizations/video/pushups_video4/frame_00020.png,"[48, 163, 537, 353]",RIGHT_HIP,-0.5395269439829277,-0.10266275991773124,0.9999275207519531,0.5822173804044724,0.30250801891088486,0.2895318952004721
00020,/Users/nikko/Downloads/moi-main/project_root/data/visualizations/video/pushups_video4/frame_00020.png,"[48, 163, 537, 353]",RIGHT_ELBOW,-0.30780683499819517,0.17018753742983084,0.9994521737098694,0.5822173804044724,0.30250801891088486,0.2895318952004721
00020,/Users/nikko/Downloads/moi-main/project_root/data/visualizations/video/pushups_video4/frame_00020.png,"[48, 163, 537, 353]",LEFT_WRIST,0.4262741252992327,1.311181945284298,0.7878063321113586,0.5822173804044724,0.30250801891088486,0.2895318952004721
00020,/Users/nikko/Downloads/moi-main/project_root/data/visualizations/video/pushups_video4/frame_00020.png,"[48, 163, 537, 353]",RIGHT_WRIST,-0.018125175603916473,1.8644583924643985,0.9998651742935181,0.5822173804044724,0.30250801891088486,0.2895318952004721
00020,/Users/nikko/Downloads/moi-main/project_root/data/visualizations/video/pushups_video4/frame_00020.png,"[48, 163, 537, 353]",LEFT_KNEE,-1.118715997577775,0.8364347674810062,0.6310437917709351,0.5822173804044724,0.30250801891088486,0.2895318952004721
00020,/Users/nikko/Downloads/moi-main/project_root/data/visualizations/video/pushups_video4/frame_00020.png,"[48, 163, 537, 353]",RIGHT_KNEE,-1.2478128470984597,0.5888629077009092,0.9948474168777466,0.5822173804044724,0.30250801891088486,0.2895318952004721
00020,/Users/nikko/Downloads/moi-main/project_root/data/visualizations/video/pushups_video4/frame_00020.png,"[48, 163, 537, 353]",LEFT_ANKLE,-1.603339060797793,0.9321301362996555,0.8437950015068054,0.5822173804044724,0.30250801891088486,0.2895318952004721
00020,/Users/nikko/Downloads/moi-main/project_root/data/visualizations/video/pushups_video4/frame_00020.png,"[48, 163, 537, 353]",RIGHT_ANKLE,-1.8229134107380998,0.6042233603453119,0.9981491565704346,0.5822173804044724,0.30250801891088486,0.2895318952004721
00020,/Users/nikko/Downloads/moi-main/project_root/data/visualizations/video/pushups_video4/frame_00020.png,"[48, 163, 537, 353]",LEFT_EYE,1.0572335285527248,0.6793738612734879,0.9999760389328003,0.5822173804044724,0.30250801891088486,0.2895318952004721
00020,/Users/nikko/Downloads/moi-main/project_root/data/visualizations/video/pushups_video4/frame_00020.png,"[48, 163, 537, 353]",RIGHT_EYE,1.037303684012764,0.6606524475511036,0.9999895095825195,0.5822173804044724,0.30250801891088486,0.2895318952004721
00021,/Users/nikko/Downloads/moi-main/project_root/data/visualizations/video/pushups_video4/frame_00021.png,"[37, 168, 549, 353]",LEFT_SHOULDER,0.6228808882914159,-0.31561067650777647,0.999974250793457,0.5831431448459625,0.2939412295818329,0.26081296250855346
00021,/Users/nikko/Downloads/moi-main/project_root/data/visualizations/video/pushups_video4/frame_00021.png,"[37, 168, 549, 353]",RIGHT_SHOULDER,0.35389104540673255,0.19213178227694247,0.9999809265136719,0.5831431448459625,0.2939412295818329,0.26081296250855346
00021,/Users/nikko/Downloads/moi-main/project_root/data/visualizations/video/pushups_video4/frame_00021.png,"[37, 168, 549, 353]",LEFT_HIP,-0.4064770750191785,0.11687551688372058,0.9998704195022583,0.5831431448459625,0.2939412295818329,0.26081296250855346
00021,/Users/nikko/Downloads/moi-main/project_root/data/visualizations/video/pushups_video4/frame_00021.png,"[37, 168, 549, 353]",RIGHT_HIP,-0.57029485867897,0.006603377347113423,0.9999537467956543,0.5831431448459625,0.2939412295818329,0.26081296250855346
00021,/Users/nikko/Downloads/moi-main/project_root/data/visualizations/video/pushups_video4/frame_00021.png,"[37, 168, 549, 353]",RIGHT_ELBOW,-0.37806583516022724,0.2089360058496613,0.99953293800354,0.5831431448459625,0.2939412295818329,0.26081296250855346
00021,/Users/nikko/Downloads/moi-main/project_root/data/visualizations/video/pushups_video4/frame_00021.png,"[37, 168, 549, 353]",LEFT_WRIST,0.4392242915659694,1.4053092870965405,0.674605131149292,0.5831431448459625,0.2939412295818329,0.26081296250855346
00021,/Users/nikko/Downloads/moi-main/project_root/data/visualizations/video/pushups_video4/frame_00021.png,"[37, 168, 549, 353]",RIGHT_WRIST,-0.04341404371723924,2.1221737784543646,0.9999370574951172,0.5831431448459625,0.2939412295818329,0.26081296250855346
00021,/Users/nikko/Downloads/moi-main/project_root/data/visualizations/video/pushups_video4/frame_00021.png,"[37, 168, 549, 353]",RIGHT_KNEE,-1.380350054187983,0.827509369943494,0.9943901896476746,0.5831431448459625,0.2939412295818329,0.26081296250855346
00021,/Users/nikko/Downloads/moi-main/project_root/data/visualizations/video/pushups_video4/frame_00021.png,"[37, 168, 549, 353]",LEFT_ANKLE,-1.7654620514332506,0.7142193239002054,0.6975024938583374,0.5831431448459625,0.2939412295818329,0.26081296250855346
00021,/Users/nikko/Downloads/moi-main/project_root/data/visualizations/video/pushups_video4/frame_00021.png,"[37, 168, 549, 353]",RIGHT_ANKLE,-2.00579052393219,0.7223383391218644,0.9975723624229431,0.5831431448459625,0.2939412295818329,0.26081296250855346
00021,/Users/nikko/Downloads/moi-main/project_root/data/visualizations/video/pushups_video4/frame_00021.png,"[37, 168, 549, 353]",LEFT_EYE,1.1107067181636339,0.899162567373796,0.9999500513076782,0.5831431448459625,0.2939412295818329,0.26081296250855346
00021,/Users/nikko/Downloads/moi-main/project_root/data/visualizations/video/pushups_video4/frame_00021.png,"[37, 168, 549, 353]",RIGHT_EYE,1.0882863843755923,0.8774867975476468,0.9999825954437256,0.5831431448459625,0.2939412295818329,0.26081296250855346
00022,/Users/nikko/Downloads/moi-main/project_root/data/visualizations/video/pushups_video4/frame_00022.png,"[37, 174, 550, 354]",LEFT_SHOULDER,0.5668219946064674,-0.18802216488689327,0.9999816417694092,0.5840042233467102,0.2875603027641773,0.28408871046554773
00022,/Users/nikko/Downloads/moi-main/project_root/data/visualizations/video/pushups_video4/frame_00022.png,"[37, 174, 550, 354]",RIGHT_SHOULDER,0.36453454802881463,-0.12033101582343911,0.9999908208847046,0.5840042233467102,0.2875603027641773,0.28408871046554773
00022,/Users/nikko/Downloads/moi-main/project_root/data/visualizations/video/pushups_video4/frame_00022.png,"[37, 174, 550, 354]",LEFT_HIP,-0.40542409902249077,0.3373999684181868,0.9999204874038696,0.5840042233467102,0.2875603027641773,0.28408871046554773
00022,/Users/nikko/Downloads/moi-main/project_root/data/visualizations/video/pushups_video4/frame_00022.png,"[37, 174, 550, 354]",RIGHT_HIP,-0.5259324436127912,-0.02904678770785446,0.9999741315841675,0.5840042233467102,0.2875603027641773,0.28408871046554773
00022,/Users/nikko/Downloads/moi-main/project_root/data/visualizations/video/pushups_video4/frame_00022.png,"[37, 174, 550, 354]",RIGHT_ELBOW,-0.34334017394964533,0.12442731951712376,0.9997156262397766,0.5840042233467102,0.2875603027641773,0.28408871046554773
00022,/Users/nikko/Downloads/moi-main/project_root/data/visualizations/video/pushups_video4/frame_00022.png,"[37, 174, 550, 354]",LEFT_WRIST,0.39129539051126694,1.253211060697114,0.7433397173881531,0.5840042233467102,0.2875603027641773,0.28408871046554773
00022,/Users/nikko/Downloads/moi-main/project_root/data/visualizations/video/pushups_video4/frame_00022.png,"[37, 174, 550, 354]",RIGHT_WRIST,-0.06278794243846364,1.9093762264506022,0.9999653100967407,0.5840042233467102,0.2875603027641773,0.28408871046554773
00022,/Users/nikko/Downloads/moi-main/project_root/data/visualizations/video/pushups_video4/frame_00022.png,"[37, 174, 550, 354]",RIGHT_KNEE,-1.279633073185709,0.7717202509270277,0.9965023994445801,0.5840042233467102,0.2875603027641773,0.28408871046554773
00022,/Users/nikko/Downloads/moi-main/project_root/data/visualizations/video/pushups_video4/frame_00022.png,"[37, 174, 550, 354]",LEFT_ANKLE,-1.641903404434488,0.6883447048523594,0.790351390838623,0.5840042233467102,0.2875603027641773,0.28408871046554773
00022,/Users/nikko/Downloads/moi-main/project_root/data/visualizations/video/pushups_video4/frame_00022.png,"[37, 174, 550, 354]",RIGHT_ANKLE,-1.844650964283725,0.5777238650667446,0.9986500144004822,0.5840042233467102,0.2875603027641773,0.28408871046554773
00022,/Users/nikko/Downloads/moi-main/project_root/data/visualizations/video/pushups_video4/frame_00022.png,"[37, 174, 550, 354]",LEFT_EYE,1.010602818624201,0.9150389260113362,0.9999738931655884,0.5840042233467102,0.2875603027641773,0.28408871046554773
00022,/Users/nikko/Downloads/moi-main/project_root/data/visualizations/video/pushups_video4/frame_00022.png,"[37, 174, 550, 354]",RIGHT_EYE,0.9949109209064393,0.8967460140537983,0.9999914169311523,0.5840042233467102,0.2875603027641773,0.28408871046554773
00023,/Users/nikko/Downloads/moi-main/project_root/data/visualizations/video/pushups_video4/frame_00023.png,"[42, 180, 551, 351]",LEFT_SHOULDER,0.6105698612149327,-0.24225210628170762,0.999953031539917,0.5825431570410728,0.30488093942403793,0.2815154873142093
00023,/Users/nikko/Downloads/moi-main/project_root/data/visualizations/video/pushups_video4/frame_00023.png,"[42, 180, 551, 351]",RIGHT_SHOULDER,0.3429635404071081,-0.0414718317958864,0.9999781847000122,0.5825431570410728,0.30488093942403793,0.2815154873142093
00023,/Users/nikko/Downloads/moi-main/project_root/data/visualizations/video/pushups_video4/frame_00023.png,"[42, 180, 551, 351]",LEFT_HIP,-0.4156377722417782,0.28839949583305513,0.9998162388801575,0.5825431570410728,0.30488093942403793,0.2815154873142093
00023,/Users/nikko/Downloads/moi-main/project_root/data/visualizations/video/pushups_video4/frame_00023.png,"[42, 180, 551, 351]",RIGHT_HIP,-0.5378956293802626,-0.0046755577554610725,0.9999395608901978,0.5825431570410728,0.30488093942403793,0.2815154873142093
00023,/Users/nikko/Downloads/moi-main/project_root/data/visualizations/video/pushups_video4/frame_00023.png,"[42, 180, 551, 351]",RIGHT_ELBOW,-0.36749024343200526,0.02937206644741386,0.9989797472953796,0.5825431570410728,0.30488093942403793,0.2815154873142093
00023,/Users/nikko/Downloads/moi-main/project_root/data/visualizations/video/pushups_video4/frame_00023.png,"[42, 180, 551, 351]",RIGHT_WRIST,-0.06121735137685329,1.8656723579460865,0.9998756647109985,0.5825431570410728,0.30488093942403793,0.2815154873142093
00023,/Users/nikko/Downloads/moi-main/project_root/data/visualizations/video/pushups_video4/frame_00023.png,"[42, 180, 551, 351]",RIGHT_KNEE,-1.2908972190480155,0.6758516710872232,0.9772372245788574,0.5825431570410728,0.30488093942403793,0.2815154873142093
00023,/Users/nikko/Downloads/moi-main/project_root/data/visualizations/video/pushups_video4/frame_00023.png,"[42, 180, 551, 351]",RIGHT_ANKLE,-1.886924585230525,0.5203851610123323,0.9891841411590576,0.5825431570410728,0.30488093942403793,0.2815154873142093
00023,/Users/nikko/Downloads/moi-main/project_root/data/visualizations/video/pushups_video4/frame_00023.png,"[42, 180, 551, 351]",LEFT_EYE,1.025615986685042,0.9856978926222966,0.9999266862869263,0.5825431570410728,0.30488093942403793,0.2815154873142093
00023,/Users/nikko/Downloads/moi-main/project_root/data/visualizations/video/pushups_video4/frame_00023.png,"[42, 180, 551, 351]",RIGHT_EYE,1.0014218550460894,0.9344614674575689,0.9999750852584839,0.5825431570410728,0.30488093942403793,0.2815154873142093
00024,/Users/nikko/Downloads/moi-main/project_root/data/visualizations/video/pushups_video4/frame_00024.png,"[32, 183, 554, 351]",LEFT_SHOULDER,0.6106667816286264,0.03371887692410995,0.9999839067459106,0.592681035399437,0.3226093053817749,0.26540240913245533
00024,/Users/nikko/Downloads/moi-main/project_root/data/visualizations/video/pushups_video4/frame_00024.png,"[32, 183, 554, 351]",RIGHT_SHOULDER,0.3698967457435734,-0.03959327233177107,0.999992847442627,0.592681035399437,0.3226093053817749,0.26540240913245533
00024,/Users/nikko/Downloads/moi-main/project_root/data/visualizations/video/pushups_video4/frame_00024.png,"[32, 183, 554, 351]",LEFT_HIP,-0.41361065144078263,0.15741771684307654,0.9999270439147949,0.592681035399437,0.3226093053817749,0.26540240913245533
00024,/Users/nikko/Downloads/moi-main/project_root/data/visualizations/video/pushups_video4/frame_00024.png,"[32, 183, 554, 351]",RIGHT_HIP,-0.5669528759314171,-0.1515433214354154,0.9999760389328003,0.592681035399437,0.3226093053817749,0.26540240913245533
00024,/Users/nikko/Downloads/moi-main/project_root/data/visualizations/video/pushups_video4/frame_00024.png,"[32, 183, 554, 351]",RIGHT_ELBOW,-0.35607708288428425,-0.03412211418199333,0.9992026686668396,0.592681035399437,0.3226093053817749,0.26540240913245533
00024,/Users/nikko/Downloads/moi-main/project_root/data/visualizations/video/pushups_video4/frame_00024.png,"[32, 183, 554, 351]",LEFT_WRIST,0.38927526608385915,1.1070521268107583,0.6615607738494873,0.592681035399437,0.3226093053817749,0.26540240913245533
00024,/Users/nikko/Downloads/moi-main/project_root/data/visualizations/video/pushups_video4/frame_00024.png,"[32, 183, 554, 351]",RIGHT_WRIST,-0.08433593273187603,1.9183639175970366,0.9999532699584961,0.592681035399437,0.3226093053817749,0.26540240913245533
00024,/Users/nikko/Downloads/moi-main/project_root/data/visualizations/video/pushups_video4/frame_00024.png,"[32, 183, 554, 351]",RIGHT_KNEE,-1.355405459860392,0.57864928295927,0.9960874319076538,0.592681035399437,0.3226093053817749,0.26540240913245533
00024,/Users/nikko/Downloads/moi-main/project_root/data/visualizations/video/pushups_video4/frame_00024.png,"[32, 183, 554, 351]",LEFT_ANKLE,-1.7468846067690487,0.633013323573408,0.6409997940063477,0.592681035399437,0.3226093053817749,0.26540240913245533
00024,/Users/nikko/Downloads/moi-main/project_root/data/visualizations/video/pushups_video4/frame_00024.png,"[32, 183, 554, 351]",RIGHT_ANKLE,-1.942542151591552,0.3615415597149742,0.9981714487075806,0.592681035399437,0.3226093053817749,0.26540240913245533
00024,/Users/nikko/Downloads/moi-main/project_root/data/visualizations/video/pushups_video4/frame_00024.png,"[32, 183, 554, 351]",LEFT_EYE,1.1038359419258608,1.0619106646503156,0.9999903440475464,0.592681035399437,0.3226093053817749,0.26540240913245533
00024,/Users/nikko/Downloads/moi-main/project_root/data/visualizations/video/pushups_video4/frame_00024.png,"[32, 183, 554, 351]",RIGHT_EYE,1.059307364464256,1.0227653214251156,0.9999971389770508,0.592681035399437,0.3226093053817749,0.26540240913245533
00025,/Users/nikko/Downloads/moi-main/project_root/data/visualizations/video/pushups_video4/frame_00025.png,"[42, 186, 550, 349]",LEFT_SHOULDER,0.6263686960471344,-0.2638344651975279,0.9999505281448364,0.5912516117095947,0.32123028486967087,0.26693538541572515
00025,/Users/nikko/Downloads/moi-main/project_root/data/visualizations/video/pushups_video4/frame_00025.png,"[42, 186, 550, 349]",RIGHT_SHOULDER,0.34597863399128886,0.10847748895925327,0.9999737739562988,0.5912516117095947,0.32123028486967087,0.26693538541572515
00025,/Users/nikko/Downloads/moi-main/project_root/data/visualizations/video/pushups_video4/frame_00025.png,"[42, 186, 550, 349]",LEFT_HIP,-0.40555382975472815,0.05760611958212822,0.9998788833618164,0.5912516117095947,0.32123028486967087,0.26693538541572515
00025,/Users/nikko/Downloads/moi-main/project_root/data/visualizations/video/pushups_video4/frame_00025.png,"[42, 186, 550, 349]",RIGHT_HIP,-0.5667935002836951,0.09775085665614638,0.9999597072601318,0.5912516117095947,0.32123028486967087,0.26693538541572515
00025,/Users/nikko/Downloads/moi-main/project_root/data/visualizations/video/pushups_video4/frame_00025.png,"[42, 186, 550, 349]",RIGHT_ELBOW,-0.3891503229372622,0.02739041433271119,0.9983252882957458,0.5912516117095947,0.32123028486967087,0.26693538541572515
00025,/Users/nikko/Downloads/moi-main/project_root/data/visualizations/video/pushups_video4/frame_00025.png,"[42, 186, 550, 349]",RIGHT_WRIST,-0.07999204866165067,1.8950429417393795,0.9996585845947266,0.5912516117095947,0.32123028486967087,0.26693538541572515
00025,/Users/nikko/Downloads/moi-main/project_root/data/visualizations/video/pushups_video4/frame_00025.png,"[42, 186, 550, 349]",RIGHT_KNEE,-1.3899883127333064,0.7686131326998571,0.9871140718460083,0.5912516117095947,0.32123028486967087,0.26693538541572515
00025,/Users/nikko/Downloads/moi-main/project_root/data/visualizations/video/pushups_video4/frame_00025.png,"[42, 186, 550, 349]",LEFT_ANKLE,-1.7885518620345457,0.4606174303423139,0.5827972888946533,0.5912516117095947,0.32123028486967087,0.26693538541572515
00025,/Users/nikko/Downloads/moi-main/project_root/data/visualizations/video/pushups_video4/frame_00025.png,"[42, 186, 550, 349]",RIGHT_ANKLE,-2.02832235571247,0.45920990665355105,0.9937384128570557,0.5912516117095947,0.32123028486967087,0.26693538541572515
00025,/Users/nikko/Downloads/moi-main/project_root/data/visualizations/video/pushups_video4/frame_00025.png,"[42, 186, 550, 349]",LEFT_EYE,1.1222968898747232,1.193530545068051,0.9999173879623413,0.5912516117095947,0.32123028486967087,0.26693538541572515
00025,/Users/nikko/Downloads/moi-main/project_root/data/visualizations/video/pushups_video4/frame_00025.png,"[42, 186, 550, 349]",RIGHT_EYE,1.087486720054832,1.17327412776441,0.9999715089797974,0.5912516117095947,0.32123028486967087,0.26693538541572515
00026,/Users/nikko/Downloads/moi-main/project_root/data/visualizations/video/pushups_video4/frame_00026.png,"[36, 188, 564, 349]",LEFT_SHOULDER,0.6174936508105566,-0.21055271616653154,0.9999853372573853,0.5815460756421089,0.3274809643626213,0.2556136845007621
00026,/Users/nikko/Downloads/moi-main/project_root/data/visualizations/video/pushups_video4/frame_00026.png,"[36, 188, 564, 349]",RIGHT_SHOULDER,0.3749406844199609,0.10912630361413915,0.9999938011169434,0.5815460756421089,0.3274809643626213,0.2556136845007621
00026,/Users/nikko/Downloads/moi-main/project_root/data/visualizations/video/pushups_video4/frame_00026.png,"[36, 188, 564, 349]",LEFT_HIP,-0.4126067162309508,0.12166033078183269,0.9999322891235352,0.5815460756421089,0.3274809643626213,0.2556136845007621
00026,/Users/nikko/Downloads/moi-main/project_root/data/visualizations/video/pushups_video4/frame_00026.png,"[36, 188, 564, 349]",RIGHT_HIP,-0.5798276189995668,-0.020233918229440307,0.9999802112579346,0.5815460756421089,0.3274809643626213,0.2556136845007621
00026,/Users/nikko/Downloads/moi-main/project_root/data/visualizations/video/pushups_video4/frame_00026.png,"[36, 188, 564, 349]",RIGHT_ELBOW,-0.35414389271921876,0.021732757214541182,0.9994962215423584,0.5815460756421089,0.3274809643626213,0.2556136845007621
00026,/Users/nikko/Downloads/moi-main/project_root/data/visualizations/video/pushups_video4/frame_00026.png,"[36, 188, 564, 349]",LEFT_WRIST,0.37198346361811746,1.1955016591119225,0.520904004573822,0.5815460756421089,0.3274809643626213,0.2556136845007621
00026,/Users/nikko/Downloads/moi-main/project_root/data/visualizations/video/pushups_video4/frame_00026.png,"[36, 188, 564, 349]",RIGHT_WRIST,-0.09224493801251024,1.978529282850507,0.9999140501022339,0.5815460756421089,0.3274809643626213,0.2556136845007621
00026,/Users/nikko/Downloads/moi-main/project_root/data/visualizations/video/pushups_video4/frame_00026.png,"[36, 188, 564, 349]",RIGHT_KNEE,-1.4209146604789333,0.7455594181535657,0.996767520904541,0.5815460756421089,0.3274809643626213,0.2556136845007621
00026,/Users/nikko/Downloads/moi-main/project_root/data/visualizations/video/pushups_video4/frame_00026.png,"[36, 188, 564, 349]",LEFT_ANKLE,-1.7358013129737275,0.40418427996283973,0.6389895677566528,0.5815460756421089,0.3274809643626213,0.2556136845007621
00026,/Users/nikko/Downloads/moi-main/project_root/data/visualizations/video/pushups_video4/frame_00026.png,"[36, 188, 564, 349]",RIGHT_ANKLE,-2.036204765561307,0.37543975332243257,0.99791020154953,0.5815460756421089,0.3274809643626213,0.2556136845007621
00026,/Users/nikko/Downloads/moi-main/project_root/data/visualizations/video/pushups_video4/frame_00026.png,"[36, 188, 564, 349]",LEFT_EYE,1.1157443157965043,1.3688318274851667,0.9999971389770508,0.5815460756421089,0.3274809643626213,0.2556136845007621
00026,/Users/nikko/Downloads/moi-main/project_root/data/visualizations/video/pushups_video4/frame_00026.png,"[36, 188, 564, 349]",RIGHT_EYE,1.0802945090135794,1.3045865436797812,0.9999990463256836,0.5815460756421089,0.3274809643626213,0.2556136845007621
00027,/Users/nikko/Downloads/moi-main/project_root/data/visualizations/video/pushups_video4/frame_00027.png,"[29, 196, 556, 349]",LEFT_SHOULDER,0.6265736827453053,-0.220699090275232,0.9998507499694824,0.5934670120477676,0.3210359960794449,0.2645158765574633
00027,/Users/nikko/Downloads/moi-main/project_root/data/visualizations/video/pushups_video4/frame_00027.png,"[29, 196, 556, 349]",RIGHT_SHOULDER,0.3587388800135425,0.08648176822697592,0.9999624490737915,0.5934670120477676,0.3210359960794449,0.2645158765574633
00027,/Users/nikko/Downloads/moi-main/project_root/data/visualizations/video/pushups_video4/frame_00027.png,"[29, 196, 556, 349]",LEFT_HIP,-0.40860300314051884,0.08742051320276316,0.999796450138092,0.5934670120477676,0.3210359960794449,0.2645158765574633
00027,/Users/nikko/Downloads/moi-main/project_root/data/visualizations/video/pushups_video4/frame_00027.png,"[29, 196, 556, 349]",RIGHT_HIP,-0.576709559618329,0.0467968088454929,0.9999388456344604,0.5934670120477676,0.3210359960794449,0.2645158765574633
00027,/Users/nikko/Downloads/moi-main/project_root/data/visualizations/video/pushups_video4/frame_00027.png,"[29, 196, 556, 349]",RIGHT_ELBOW,-0.3618079406400961,-0.20377148584146115,0.9969764947891235,0.5934670120477676,0.3210359960794449,0.2645158765574633
00027,/Users/nikko/Downloads/moi-main/project_root/data/visualizations/video/pushups_video4/frame_00027.png,"[29, 196, 556, 349]",RIGHT_WRIST,-0.08994426349772647,1.9078920729011721,0.9991058707237244,0.5934670120477676,0.3210359960794449,0.2645158765574633
00027,/Users/nikko/Downloads/moi-main/project_root/data/visualizations/video/pushups_video4/frame_00027.png,"[29, 196, 556, 349]",RIGHT_KNEE,-1.3638473908170685,0.6817980712309055,0.9341459274291992,0.5934670120477676,0.3210359960794449,0.2645158765574633
00027,/Users/nikko/Downloads/moi-main/project_root/data/visualizations/video/pushups_video4/frame_00027.png,"[29, 196, 556, 349]",RIGHT_ANKLE,-1.9843774802779037,0.3317226964430797,0.9613368511199951,0.5934670120477676,0.3210359960794449,0.2645158765574633
00027,/Users/nikko/Downloads/moi-main/project_root/data/visualizations/video/pushups_video4/frame_00027.png,"[29, 196, 556, 349]",LEFT_EYE,1.1043466537635906,1.4104392576185194,0.999782383441925,0.5934670120477676,0.3210359960794449,0.2645158765574633
00027,/Users/nikko/Downloads/moi-main/project_root/data/visualizations/video/pushups_video4/frame_00027.png,"[29, 196, 556, 349]",RIGHT_EYE,1.0684620792570811,1.3585861037903253,0.9999372959136963,0.5934670120477676,0.3210359960794449,0.2645158765574633
00028,/Users/nikko/Downloads/moi-main/project_root/data/visualizations/video/pushups_video4/frame_00028.png,"[29, 201, 555, 349]",LEFT_SHOULDER,0.6215901669928278,-0.24004859123998717,0.9996604919433594,0.592199482023716,0.32151249796152115,0.2777575676352895
00028,/Users/nikko/Downloads/moi-main/project_root/data/visualizations/video/pushups_video4/frame_00028.png,"[29, 201, 555, 349]",RIGHT_SHOULDER,0.3555703507402504,0.13175376507411637,0.9999252557754517,0.592199482023716,0.32151249796152115,0.2777575676352895
00028,/Users/nikko/Downloads/moi-main/project_root/data/visualizations/video/pushups_video4/frame_00028.png,"[29, 201, 555, 349]",LEFT_HIP,-0.40748983938567324,0.03752015525356197,0.9995933175086975,0.592199482023716,0.32151249796152115,0.2777575676352895
00028,/Users/nikko/Downloads/moi-main/project_root/data/visualizations/video/pushups_video4/frame_00028.png,"[29, 201, 555, 349]",RIGHT_HIP,-0.5696706783474048,0.07077467091230885,0.9998773336410522,0.592199482023716,0.32151249796152115,0.2777575676352895
00028,/Users/nikko/Downloads/moi-main/project_root/data/visualizations/video/pushups_video4/frame_00028.png,"[29, 201, 555, 349]",RIGHT_ELBOW,-0.3156579469692765,-0.1873521174005772,0.9964068531990051,0.592199482023716,0.32151249796152115,0.2777575676352895
00028,/Users/nikko/Downloads/moi-main/project_root/data/visualizations/video/pushups_video4/frame_00028.png,"[29, 201, 555, 349]",RIGHT_WRIST,-0.07738835300369448,1.762736191570019,0.9991825222969055,0.592199482023716,0.32151249796152115,0.2777575676352895
00028,/Users/nikko/Downloads/moi-main/project_root/data/visualizations/video/pushups_video4/frame_00028.png,"[29, 201, 555, 349]",RIGHT_KNEE,-1.2932621880013582,0.5858852214700639,0.9338799118995667,0.592199482023716,0.32151249796152115,0.2777575676352895
00028,/Users/nikko/Downloads/moi-main/project_root/data/visualizations/video/pushups_video4/frame_00028.png,"[29, 201, 555, 349]",RIGHT_ANKLE,-1.8897126752765483,0.2440011137951899,0.9678400158882141,0.592199482023716,0.32151249796152115,0.2777575676352895
00028,/Users/nikko/Downloads/moi-main/project_root/data/visualizations/video/pushups_video4/frame_00028.png,"[29, 201, 555, 349]",LEFT_EYE,1.05849329243136,1.3535487390526788,0.9992761015892029,0.592199482023716,0.32151249796152115,0.2777575676352895
00028,/Users/nikko/Downloads/moi-main/project_root/data/visualizations/video/pushups_video4/frame_00028.png,"[29, 201, 555, 349]",RIGHT_EYE,1.0232465015420733,1.2898933565951287,0.9997965693473816,0.592199482023716,0.32151249796152115,0.2777575676352895
00029,/Users/nikko/Downloads/moi-main/project_root/data/visualizations/video/pushups_video4/frame_00029.png,"[36, 202, 552, 349]",LEFT_SHOULDER,0.6037932085798897,-0.2684811529780763,0.9997528195381165,0.5896999388933182,0.3321789726614952,0.2877073688059748
00029,/Users/nikko/Downloads/moi-main/project_root/data/visualizations/video/pushups_video4/frame_00029.png,"[36, 202, 552, 349]",RIGHT_SHOULDER,0.35778025067707353,0.15899077389957386,0.9999417066574097,0.5896999388933182,0.3321789726614952,0.2877073688059748
00029,/Users/nikko/Downloads/moi-main/project_root/data/visualizations/video/pushups_video4/frame_00029.png,"[36, 202, 552, 349]",LEFT_HIP,-0.39640781547009846,-0.0013368490482229573,0.9997285008430481,0.5896999388933182,0.3321789726614952,0.2877073688059748
00029,/Users/nikko/Downloads/moi-main/project_root/data/visualizations/video/pushups_video4/frame_00029.png,"[36, 202, 552, 349]",RIGHT_HIP,-0.5651656437868647,0.1108272281267254,0.9999204874038696,0.5896999388933182,0.3321789726614952,0.2877073688059748
00029,/Users/nikko/Downloads/moi-main/project_root/data/visualizations/video/pushups_video4/frame_00029.png,"[36, 202, 552, 349]",RIGHT_ELBOW,-0.29498970193636814,-0.2103323757500625,0.9952179193496704,0.5896999388933182,0.3321789726614952,0.2877073688059748
00029,/Users/nikko/Downloads/moi-main/project_root/data/visualizations/video/pushups_video4/frame_00029.png,"[36, 202, 552, 349]",RIGHT_WRIST,-0.06708328878540883,1.6695106088886837,0.9985342025756836,0.5896999388933182,0.3321789726614952,0.2877073688059748
00029,/Users/nikko/Downloads/moi-main/project_root/data/visualizations/video/pushups_video4/frame_00029.png,"[36, 202, 552, 349]",RIGHT_KNEE,-1.278165925000696,0.6044035086693744,0.924412190914154,0.5896999388933182,0.3321789726614952,0.2877073688059748
00029,/Users/nikko/Downloads/moi-main/project_root/data/visualizations/video/pushups_video4/frame_00029.png,"[36, 202, 552, 349]",RIGHT_ANKLE,-1.8216266178476332,0.16234787757846567,0.9486541152000427,0.5896999388933182,0.3321789726614952,0.2877073688059748
00029,/Users/nikko/Downloads/moi-main/project_root/data/visualizations/video/pushups_video4/frame_00029.png,"[36, 202, 552, 349]",LEFT_EYE,1.058886322568533,1.3296901740498581,0.9996774196624756,0.5896999388933182,0.3321789726614952,0.2877073688059748
00029,/Users/nikko/Downloads/moi-main/project_root/data/visualizations/video/pushups_video4/frame_00029.png,"[36, 202, 552, 349]",RIGHT_EYE,1.0164649374712897,1.2580553885475292,0.9999082088470459,0.5896999388933182,0.3321789726614952,0.2877073688059748
00030,/Users/nikko/Downloads/moi-main/project_root/data/visualizations/video/pushups_video4/frame_00030.png,"[24, 203, 559, 348]",LEFT_SHOULDER,0.6210054228696102,-0.26957985921218147,0.9997103810310364,0.6011321768164635,0.34066734462976456,0.26549919309147374
00030,/Users/nikko/Downloads/moi-main/project_root/data/visualizations/video/pushups_video4/frame_00030.png,"[24, 203, 559, 348]",RIGHT_SHOULDER,0.34887156421656035,0.1456078266675334,0.9999289512634277,0.6011321768164635,0.34066734462976456,0.26549919309147374
00030,/Users/nikko/Downloads/moi-main/project_root/data/visualizations/video/pushups_video4/frame_00030.png,"[24, 203, 559, 348]",LEFT_HIP,-0.3984080574427729,0.03646386963637513,0.9997147917747498,0.6011321768164635,0.34066734462976456,0.26549919309147374
00030,/Users/nikko/Downloads/moi-main/project_root/data/visualizations/video/pushups_video4/frame_00030.png,"[24, 203, 559, 348]",RIGHT_HIP,-0.5714689296433977,0.08750816290827292,0.9999140501022339,0.6011321768164635,0.34066734462976456,0.26549919309147374
00030,/Users/nikko/Downloads/moi-main/project_root/data/visualizations/video/pushups_video4/frame_00030.png,"[24, 203, 559, 348]",RIGHT_ELBOW,-0.35049486965938015,-0.24281179211413814,0.9946156144142151,0.6011321768164635,0.34066734462976456,0.26549919309147374
00030,/Users/nikko/Downloads/moi-main/project_root/data/visualizations/video/pushups_video4/frame_00030.png,"[24, 203, 559, 348]",RIGHT_WRIST,-0.1005135767249963,1.8123091747664686,0.9974744915962219,0.6011321768164635,0.34066734462976456,0.26549919309147374
00030,/Users/nikko/Downloads/moi-main/project_root/data/visualizations/video/pushups_video4/frame_00030.png,"[24, 203, 559, 348]",RIGHT_KNEE,-1.3549162769993681,0.6282796250107279,0.9030728936195374,0.6011321768164635,0.34066734462976456,0.26549919309147374
00030,/Users/nikko/Downloads/moi-main/project_root/data/visualizations/video/pushups_video4/frame_00030.png,"[24, 203, 559, 348]",RIGHT_ANKLE,-1.9363270614945272,0.16783200797742573,0.9440224170684814,0.6011321768164635,0.34066734462976456,0.26549919309147374
00030,/Users/nikko/Downloads/moi-main/project_root/data/visualizations/video/pushups_video4/frame_00030.png,"[24, 203, 559, 348]",LEFT_EYE,1.0748534049960805,1.4349991771365973,0.9997568726539612,0.6011321768164635,0.34066734462976456,0.26549919309147374
00030,/Users/nikko/Downloads/moi-main/project_root/data/visualizations/video/pushups_video4/frame_00030.png,"[24, 203, 559, 348]",RIGHT_EYE,1.0356987591196063,1.3700467543980674,0.9999326467514038,0.6011321768164635,0.34066734462976456,0.26549919309147374
00031,/Users/nikko/Downloads/moi-main/project_root/data/visualizations/video/pushups_video4/frame_00031.png,"[25, 201, 561, 349]",LEFT_SHOULDER,0.6256139059558503,-0.2845835985486626,0.9998866319656372,0.6018631681799889,0.348234124481678,0.2538401760473711
00031,/Users/nikko/Downloads/moi-main/project_root/data/visualizations/video/pushups_video4/frame_00031.png,"[25, 201, 561, 349]",RIGHT_SHOULDER,0.33930705364871117,0.17236409042767822,0.999967098236084,0.6018631681799889,0.348234124481678,0.2538401760473711
00031,/Users/nikko/Downloads/moi-main/project_root/data/visualizations/video/pushups_video4/frame_00031.png,"[25, 201, 561, 349]",LEFT_HIP,-0.39273417202315664,0.02684000529087484,0.9996858835220337,0.6018631681799889,0.348234124481678,0.2538401760473711
00031,/Users/nikko/Downloads/moi-main/project_root/data/visualizations/video/pushups_video4/frame_00031.png,"[25, 201, 561, 349]",RIGHT_HIP,-0.5721867875814048,0.08537950283010955,0.9999140501022339,0.6018631681799889,0.348234124481678,0.2538401760473711
00031,/Users/nikko/Downloads/moi-main/project_root/data/visualizations/video/pushups_video4/frame_00031.png,"[25, 201, 561, 349]",RIGHT_ELBOW,-0.37829231286063586,-0.2232953951796206,0.9958806037902832,0.6018631681799889,0.348234124481678,0.2538401760473711
00031,/Users/nikko/Downloads/moi-main/project_root/data/visualizations/video/pushups_video4/frame_00031.png,"[25, 201, 561, 349]",RIGHT_WRIST,-0.11527995584189865,1.789683839230994,0.9991938471794128,0.6018631681799889,0.348234124481678,0.2538401760473711
00031,/Users/nikko/Downloads/moi-main/project_root/data/visualizations/video/pushups_video4/frame_00031.png,"[25, 201, 561, 349]",RIGHT_KNEE,-1.3904823951482748,0.6471689748295287,0.9188464879989624,0.6018631681799889,0.348234124481678,0.2538401760473711
00031,/Users/nikko/Downloads/moi-main/project_root/data/visualizations/video/pushups_video4/frame_00031.png,"[25, 201, 561, 349]",RIGHT_ANKLE,-2.0427880815056216,0.15549873964808572,0.9524590969085693,0.6018631681799889,0.348234124481678,0.2538401760473711
00031,/Users/nikko/Downloads/moi-main/project_root/data/visualizations/video/pushups_video4/frame_00031.png,"[25, 201, 561, 349]",LEFT_EYE,1.1093124011262696,1.4995521390456956,0.9998910427093506,0.6018631681799889,0.348234124481678,0.2538401760473711
00031,/Users/nikko/Downloads/moi-main/project_root/data/visualizations/video/pushups_video4/frame_00031.png,"[25, 201, 561, 349]",RIGHT_EYE,1.0691908293663444,1.442315142039345,0.9999654293060303,0.6018631681799889,0.348234124481678,0.2538401760473711
00032,/Users/nikko/Downloads/moi-main/project_root/data/visualizations/video/pushups_video4/frame_00032.png,"[22, 201, 562, 349]",LEFT_SHOULDER,0.6158912049050702,-0.2663095580609375,0.999894380569458,0.6016286537051201,0.35143956542015076,0.257579177116149
00032,/Users/nikko/Downloads/moi-main/project_root/data/visualizations/video/pushups_video4/frame_00032.png,"[22, 201, 562, 349]",RIGHT_SHOULDER,0.34355694893794325,0.17066344370695077,0.9999738931655884,0.6016286537051201,0.35143956542015076,0.257579177116149
00032,/Users/nikko/Downloads/moi-main/project_root/data/visualizations/video/pushups_video4/frame_00032.png,"[22, 201, 562, 349]",LEFT_HIP,-0.38799208977493754,-0.014105297506125686,0.9997692704200745,0.6016286537051201,0.35143956542015076,0.257579177116149
00032,/Users/nikko/Downloads/moi-main/project_root/data/visualizations/video/pushups_video4/frame_00032.png,"[22, 201, 562, 349]",RIGHT_HIP,-0.5714560640680759,0.10975141186011238,0.9999394416809082,0.6016286537051201,0.35143956542015076,0.257579177116149
00032,/Users/nikko/Downloads/moi-main/project_root/data/visualizations/video/pushups_video4/frame_00032.png,"[22, 201, 562, 349]",RIGHT_ELBOW,-0.36716163688871034,-0.2560389586152454,0.9971839785575867,0.6016286537051201,0.35143956542015076,0.257579177116149
00032,/Users/nikko/Downloads/moi-main/project_root/data/visualizations/video/pushups_video4/frame_00032.png,"[22, 201, 562, 349]",RIGHT_WRIST,-0.10341729895563923,1.7617119844371656,0.999098539352417,0.6016286537051201,0.35143956542015076,0.257579177116149
00032,/Users/nikko/Downloads/moi-main/project_root/data/visualizations/video/pushups_video4/frame_00032.png,"[22, 201, 562, 349]",RIGHT_KNEE,-1.3703529781622545,0.6518055304873767,0.9357830286026001,0.6016286537051201,0.35143956542015076,0.257579177116149
00032,/Users/nikko/Downloads/moi-main/project_root/data/visualizations/video/pushups_video4/frame_00032.png,"[22, 201, 562, 349]",RIGHT_ANKLE,-1.9992229230397351,0.1468127163081701,0.9560766816139221,0.6016286537051201,0.35143956542015076,0.257579177116149
00032,/Users/nikko/Downloads/moi-main/project_root/data/visualizations/video/pushups_video4/frame_00032.png,"[22, 201, 562, 349]",LEFT_EYE,1.1028709001078212,1.4293970944865948,0.9999470710754395,0.6016286537051201,0.35143956542015076,0.257579177116149
00032,/Users/nikko/Downloads/moi-main/project_root/data/visualizations/video/pushups_video4/frame_00032.png,"[22, 201, 562, 349]",RIGHT_EYE,1.0586809888076547,1.3780038331020523,0.9999841451644897,0.6016286537051201,0.35143956542015076,0.257579177116149
00033,/Users/nikko/Downloads/moi-main/project_root/data/visualizations/video/pushups_video4/frame_00033.png,"[24, 202, 563, 349]",LEFT_SHOULDER,0.6320612478983807,-0.29863433567576264,0.9999123811721802,0.6023437082767487,0.3343637138605118,0.24754225200499747
00033,/Users/nikko/Downloads/moi-main/project_root/data/visualizations/video/pushups_video4/frame_00033.png,"[24, 202, 563, 349]",RIGHT_SHOULDER,0.33171305950893476,0.17738426753592137,0.9999662637710571,0.6023437082767487,0.3343637138605118,0.24754225200499747
00033,/Users/nikko/Downloads/moi-main/project_root/data/visualizations/video/pushups_video4/frame_00033.png,"[24, 202, 563, 349]",LEFT_HIP,-0.39300916344124665,0.037994966716334413,0.9996943473815918,0.6023437082767487,0.3343637138605118,0.24754225200499747
00033,/Users/nikko/Downloads/moi-main/project_root/data/visualizations/video/pushups_video4/frame_00033.png,"[24, 202, 563, 349]",RIGHT_HIP,-0.5707651439660688,0.08325510142350685,0.9999109506607056,0.6023437082767487,0.3343637138605118,0.24754225200499747
00033,/Users/nikko/Downloads/moi-main/project_root/data/visualizations/video/pushups_video4/frame_00033.png,"[24, 202, 563, 349]",RIGHT_ELBOW,-0.39111514279626297,-0.22028205333031284,0.9963132739067078,0.6023437082767487,0.3343637138605118,0.24754225200499747
00033,/Users/nikko/Downloads/moi-main/project_root/data/visualizations/video/pushups_video4/frame_00033.png,"[24, 202, 563, 349]",RIGHT_WRIST,-0.1239185761233185,1.9066107896544016,0.9989216327667236,0.6023437082767487,0.3343637138605118,0.24754225200499747
00033,/Users/nikko/Downloads/moi-main/project_root/data/visualizations/video/pushups_video4/frame_00033.png,"[24, 202, 563, 349]",RIGHT_KNEE,-1.4110455009057266,0.7146342033153735,0.9185165762901306,0.6023437082767487,0.3343637138605118,0.24754225200499747
00033,/Users/nikko/Downloads/moi-main/project_root/data/visualizations/video/pushups_video4/frame_00033.png,"[24, 202, 563, 349]",RIGHT_ANKLE,-2.08991898840291,0.19983898267304315,0.9487299919128418,0.6023437082767487,0.3343637138605118,0.24754225200499747
00033,/Users/nikko/Downloads/moi-main/project_root/data/visualizations/video/pushups_video4/frame_00033.png,"[24, 202, 563, 349]",LEFT_EYE,1.123774867724818,1.5380299416829246,0.9999179840087891,0.6023437082767487,0.3343637138605118,0.24754225200499747
00033,/Users/nikko/Downloads/moi-main/project_root/data/visualizations/video/pushups_video4/frame_00033.png,"[24, 202, 563, 349]",RIGHT_EYE,1.0782564903095673,1.4771540088700503,0.9999723434448242,0.6023437082767487,0.3343637138605118,0.24754225200499747
00034,/Users/nikko/Downloads/moi-main/project_root/data/visualizations/video/pushups_video4/frame_00034.png,"[33, 202, 561, 348]",LEFT_SHOULDER,0.6199896441213665,-0.3333369536566688,0.9999114274978638,0.5911055877804756,0.3482658416032791,0.2671272799319765
00034,/Users/nikko/Downloads/moi-main/project_root/data/visualizations/video/pushups_video4/frame_00034.png,"[33, 202, 561, 348]",RIGHT_SHOULDER,0.31812796958992823,0.18648552721856557,0.9999746084213257,0.5911055877804756,0.3482658416032791,0.2671272799319765
00034,/Users/nikko/Downloads/moi-main/project_root/data/visualizations/video/pushups_video4/frame_00034.png,"[33, 202, 561, 348]",LEFT_HIP,-0.38063332371328423,-0.008018862106941176,0.9998267292976379,0.5911055877804756,0.3482658416032791,0.2671272799319765
00034,/Users/nikko/Downloads/moi-main/project_root/data/visualizations/video/pushups_video4/frame_00034.png,"[33, 202, 561, 348]",RIGHT_HIP,-0.5574842899980105,0.15487028854504442,0.9999516010284424,0.5911055877804756,0.3482658416032791,0.2671272799319765
00034,/Users/nikko/Downloads/moi-main/project_root/data/visualizations/video/pushups_video4/frame_00034.png,"[33, 202, 561, 348]",RIGHT_ELBOW,-0.3580438860889891,-0.19869174025911793,0.9968650937080383,0.5911055877804756,0.3482658416032791,0.2671272799319765
00034,/Users/nikko/Downloads/moi-main/project_root/data/visualizations/video/pushups_video4/frame_00034.png,"[33, 202, 561, 348]",RIGHT_WRIST,-0.10163531603666973,1.7488291413507897,0.9991635084152222,0.5911055877804756,0.3482658416032791,0.2671272799319765
00034,/Users/nikko/Downloads/moi-main/project_root/data/visualizations/video/pushups_video4/frame_00034.png,"[33, 202, 561, 348]",RIGHT_KNEE,-1.3463550436631138,0.6677249148260289,0.9629337787628174,0.5911055877804756,0.3482658416032791,0.2671272799319765
00034,/Users/nikko/Downloads/moi-main/project_root/data/visualizations/video/pushups_video4/frame_00034.png,"[33, 202, 561, 348]",RIGHT_ANKLE,-1.9674272963669628,0.18317558710004492,0.979229748249054,0.5911055877804756,0.3482658416032791,0.2671272799319765
00034,/Users/nikko/Downloads/moi-main/project_root/data/visualizations/video/pushups_video4/frame_00034.png,"[33, 202, 561, 348]",LEFT_EYE,1.0594722204297942,1.2868684702870936,0.9999315738677979,0.5911055877804756,0.3482658416032791,0.2671272799319765
00034,/Users/nikko/Downloads/moi-main/project_root/data/visualizations/video/pushups_video4/frame_00034.png,"[33, 202, 561, 348]",RIGHT_EYE,1.023334877036575,1.2302701454372058,0.9999805688858032,0.5911055877804756,0.3482658416032791,0.2671272799319765
00035,/Users/nikko/Downloads/moi-main/project_root/data/visualizations/video/pushups_video4/frame_00035.png,"[29, 201, 560, 349]",LEFT_SHOULDER,0.6236153710217011,-0.31121411497981805,0.9997405409812927,0.5870880112051964,0.3356486186385155,0.272425377493151
00035,/Users/nikko/Downloads/moi-main/project_root/data/visualizations/video/pushups_video4/frame_00035.png,"[29, 201, 560, 349]",RIGHT_SHOULDER,0.33072040125301944,0.05549008611201367,0.9999285936355591,0.5870880112051964,0.3356486186385155,0.272425377493151
00035,/Users/nikko/Downloads/moi-main/project_root/data/visualizations/video/pushups_video4/frame_00035.png,"[29, 201, 560, 349]",LEFT_HIP,-0.3962853649558494,0.09659147119455759,0.9996956586837769,0.5870880112051964,0.3356486186385155,0.272425377493151
00035,/Users/nikko/Downloads/moi-main/project_root/data/visualizations/video/pushups_video4/frame_00035.png,"[29, 201, 560, 349]",RIGHT_HIP,-0.5580504073188711,0.15913255767324677,0.9999046325683594,0.5870880112051964,0.3356486186385155,0.272425377493151
00035,/Users/nikko/Downloads/moi-main/project_root/data/visualizations/video/pushups_video4/frame_00035.png,"[29, 201, 560, 349]",RIGHT_ELBOW,-0.33694401021852344,-0.22416290176446454,0.9961516261100769,0.5870880112051964,0.3356486186385155,0.272425377493151
00035,/Users/nikko/Downloads/moi-main/project_root/data/visualizations/video/pushups_video4/frame_00035.png,"[29, 201, 560, 349]",RIGHT_WRIST,-0.07441821305487545,1.7405903166204801,0.9982091188430786,0.5870880112051964,0.3356486186385155,0.272425377493151
00035,/Users/nikko/Downloads/moi-main/project_root/data/visualizations/video/pushups_video4/frame_00035.png,"[29, 201, 560, 349]",RIGHT_KNEE,-1.3285906959320908,0.7035170998709205,0.9006940722465515,0.5870880112051964,0.3356486186385155,0.272425377493151
00035,/Users/nikko/Downloads/moi-main/project_root/data/visualizations/video/pushups_video4/frame_00035.png,"[29, 201, 560, 349]",RIGHT_ANKLE,-1.8946003115193366,0.21271616749582584,0.9302561283111572,0.5870880112051964,0.3356486186385155,0.272425377493151
00035,/Users/nikko/Downloads/moi-main/project_root/data/visualizations/video/pushups_video4/frame_00035.png,"[29, 201, 560, 349]",LEFT_EYE,1.0715684067326297,1.1694537897567852,0.9997898936271667,0.5870880112051964,0.3356486186385155,0.272425377493151
00035,/Users/nikko/Downloads/moi-main/project_root/data/visualizations/video/pushups_video4/frame_00035.png,"[29, 201, 560, 349]",RIGHT_EYE,1.0336792245671649,1.1051285593767697,0.9999395608901978,0.5870880112051964,0.3356486186385155,0.272425377493151
00036,/Users/nikko/Downloads/moi-main/project_root/data/visualizations/video/pushups_video4/frame_00036.png,"[21, 193, 550, 350]",LEFT_SHOULDER,0.5940744869676903,-0.3287550738226488,0.9999244213104248,0.6004566475749016,0.33473192527890205,0.27527503275016374
00036,/Users/nikko/Downloads/moi-main/project_root/data/visualizations/video/pushups_video4/frame_00036.png,"[21, 193, 550, 350]",RIGHT_SHOULDER,0.34702752752346616,0.04430960100853989,0.9999693632125854,0.6004566475749016,0.33473192527890205,0.27527503275016374
00036,/Users/nikko/Downloads/moi-main/project_root/data/visualizations/video/pushups_video4/frame_00036.png,"[21, 193, 550, 350]",LEFT_HIP,-0.39833618051198943,0.08507958458690576,0.999864935874939,0.6004566475749016,0.33473192527890205,0.27527503275016374
00036,/Users/nikko/Downloads/moi-main/project_root/data/visualizations/video/pushups_video4/frame_00036.png,"[21, 193, 550, 350]",RIGHT_HIP,-0.542765833979167,0.19936588822720316,0.9999569654464722,0.6004566475749016,0.33473192527890205,0.27527503275016374
00036,/Users/nikko/Downloads/moi-main/project_root/data/visualizations/video/pushups_video4/frame_00036.png,"[21, 193, 550, 350]",RIGHT_ELBOW,-0.31694031247932913,-0.07165544118761853,0.9984374642372131,0.6004566475749016,0.33473192527890205,0.27527503275016374
00036,/Users/nikko/Downloads/moi-main/project_root/data/visualizations/video/pushups_video4/frame_00036.png,"[21, 193, 550, 350]",RIGHT_WRIST,-0.042260532575686606,1.7330532481181904,0.9992290735244751,0.6004566475749016,0.33473192527890205,0.27527503275016374
00036,/Users/nikko/Downloads/moi-main/project_root/data/visualizations/video/pushups_video4/frame_00036.png,"[21, 193, 550, 350]",RIGHT_KNEE,-1.3089919771825844,0.7632557497924669,0.9719380736351013,0.6004566475749016,0.33473192527890205,0.27527503275016374
00036,/Users/nikko/Downloads/moi-main/project_root/data/visualizations/video/pushups_video4/frame_00036.png,"[21, 193, 550, 350]",RIGHT_ANKLE,-1.8547544720783202,0.2707764772874904,0.9798455834388733,0.6004566475749016,0.33473192527890205,0.27527503275016374
00036,/Users/nikko/Downloads/moi-main/project_root/data/visualizations/video/pushups_video4/frame_00036.png,"[21, 193, 550, 350]",LEFT_EYE,1.049185208110736,1.0294597729528328,0.9999649524688721,0.6004566475749016,0.33473192527890205,0.27527503275016374
00036,/Users/nikko/Downloads/moi-main/project_root/data/visualizations/video/pushups_video4/frame_00036.png,"[21, 193, 550, 350]",RIGHT_EYE,1.0181953435948143,0.9745741379885343,0.9999890327453613,0.6004566475749016,0.33473192527890205,0.27527503275016374
00037,/Users/nikko/Downloads/moi-main/project_root/data/visualizations/video/pushups_video4/frame_00037.png,"[15, 186, 551, 351]",LEFT_SHOULDER,0.5926247009568042,-0.31965163351760784,0.9999626874923706,0.6030413210391998,0.3197577930986881,0.2690822810133024
00037,/Users/nikko/Downloads/moi-main/project_root/data/visualizations/video/pushups_video4/frame_00037.png,"[15, 186, 551, 351]",RIGHT_SHOULDER,0.34473146574920005,-0.0009424317555664741,0.9999808073043823,0.6030413210391998,0.3197577930986881,0.2690822810133024
00037,/Users/nikko/Downloads/moi-main/project_root/data/visualizations/video/pushups_video4/frame_00037.png,"[15, 186, 551, 351]",LEFT_HIP,-0.4007006122076152,0.1144392473238319,0.9998846054077148,0.6030413210391998,0.3197577930986881,0.2690822810133024
00037,/Users/nikko/Downloads/moi-main/project_root/data/visualizations/video/pushups_video4/frame_00037.png,"[15, 186, 551, 351]",RIGHT_HIP,-0.536655554498389,0.2061548179493424,0.9999645948410034,0.6030413210391998,0.3197577930986881,0.2690822810133024
00037,/Users/nikko/Downloads/moi-main/project_root/data/visualizations/video/pushups_video4/frame_00037.png,"[15, 186, 551, 351]",RIGHT_ELBOW,-0.3096315209977017,0.05752967655192798,0.9990947246551514,0.6030413210391998,0.3197577930986881,0.2690822810133024
00037,/Users/nikko/Downloads/moi-main/project_root/data/visualizations/video/pushups_video4/frame_00037.png,"[15, 186, 551, 351]",RIGHT_WRIST,-0.046414165190132556,1.839516128351776,0.9996715784072876,0.6030413210391998,0.3197577930986881,0.2690822810133024
00037,/Users/nikko/Downloads/moi-main/project_root/data/visualizations/video/pushups_video4/frame_00037.png,"[15, 186, 551, 351]",RIGHT_KNEE,-1.3153695822834002,0.8477774974055924,0.9797593951225281,0.6030413210391998,0.3197577930986881,0.2690822810133024
00037,/Users/nikko/Downloads/moi-main/project_root/data/visualizations/video/pushups_video4/frame_00037.png,"[15, 186, 551, 351]",RIGHT_ANKLE,-1.8715488262083602,0.41336127250327964,0.9865986108779907,0.6030413210391998,0.3197577930986881,0.2690822810133024
00037,/Users/nikko/Downloads/moi-main/project_root/data/visualizations/video/pushups_video4/frame_00037.png,"[15, 186, 551, 351]",LEFT_EYE,1.0493705485997946,0.9307093875423675,0.9999836683273315,0.6030413210391998,0.3197577930986881,0.2690822810133024
00037,/Users/nikko/Downloads/moi-main/project_root/data/visualizations/video/pushups_video4/frame_00037.png,"[15, 186, 551, 351]",RIGHT_EYE,1.0229420890915288,0.8941955390355992,0.9999947547912598,0.6030413210391998,0.3197577930986881,0.2690822810133024
00038,/Users/nikko/Downloads/moi-main/project_root/data/visualizations/video/pushups_video4/frame_00038.png,"[30, 185, 555, 355]",LEFT_SHOULDER,0.6103501936074794,-0.34480281352845255,0.9999463558197021,0.588166318833828,0.29038838669657707,0.2707935394628979
00038,/Users/nikko/Downloads/moi-main/project_root/data/visualizations/video/pushups_video4/frame_00038.png,"[30, 185, 555, 355]",RIGHT_SHOULDER,0.310317509517051,-0.04480022962131938,0.9999771118164062,0.588166318833828,0.29038838669657707,0.2707935394628979
00038,/Users/nikko/Downloads/moi-main/project_root/data/visualizations/video/pushups_video4/frame_00038.png,"[30, 185, 555, 355]",LEFT_HIP,-0.3887654656544542,0.2764891268734376,0.9997953772544861,0.588166318833828,0.29038838669657707,0.2707935394628979
00038,/Users/nikko/Downloads/moi-main/project_root/data/visualizations/video/pushups_video4/frame_00038.png,"[30, 185, 555, 355]",RIGHT_HIP,-0.5319022374700763,0.11311391627633433,0.9999357461929321,0.588166318833828,0.29038838669657707,0.2707935394628979
00038,/Users/nikko/Downloads/moi-main/project_root/data/visualizations/video/pushups_video4/frame_00038.png,"[30, 185, 555, 355]",RIGHT_ELBOW,-0.3723294449090058,0.09065477731739822,0.9990604519844055,0.588166318833828,0.29038838669657707,0.2707935394628979
00038,/Users/nikko/Downloads/moi-main/project_root/data/visualizations/video/pushups_video4/frame_00038.png,"[30, 185, 555, 355]",RIGHT_WRIST,-0.058144612116074,1.9040766932944757,0.9998350143432617,0.588166318833828,0.29038838669657707,0.2707935394628979
00038,/Users/nikko/Downloads/moi-main/project_root/data/visualizations/video/pushups_video4/frame_00038.png,"[30, 185, 555, 355]",RIGHT_KNEE,-1.3068364089074884,0.7513178124973869,0.9635884761810303,0.588166318833828,0.29038838669657707,0.2707935394628979
00038,/Users/nikko/Downloads/moi-main/project_root/data/visualizations/video/pushups_video4/frame_00038.png,"[30, 185, 555, 355]",RIGHT_ANKLE,-1.912930012883271,0.531406973896577,0.9816348552703857,0.588166318833828,0.29038838669657707,0.2707935394628979
00038,/Users/nikko/Downloads/moi-main/project_root/data/visualizations/video/pushups_video4/frame_00038.png,"[30, 185, 555, 355]",LEFT_EYE,1.0633230646045777,0.7599519977992937,0.999904990196228,0.588166318833828,0.29038838669657707,0.2707935394628979
00038,/Users/nikko/Downloads/moi-main/project_root/data/visualizations/video/pushups_video4/frame_00038.png,"[30, 185, 555, 355]",RIGHT_EYE,1.0383197723102155,0.717750990541614,0.9999697208404541,0.588166318833828,0.29038838669657707,0.2707935394628979
00039,/Users/nikko/Downloads/moi-main/project_root/data/visualizations/video/pushups_video4/frame_00039.png,"[22, 175, 557, 355]",LEFT_SHOULDER,0.6037455615734256,-0.3742900279537333,0.9999676942825317,0.5866809412837029,0.2975313887000084,0.2630254211426811
00039,/Users/nikko/Downloads/moi-main/project_root/data/visualizations/video/pushups_video4/frame_00039.png,"[22, 175, 557, 355]",RIGHT_SHOULDER,0.3431500076100313,0.05478126037516983,0.999976634979248,0.5866809412837029,0.2975313887000084,0.2630254211426811
00039,/Users/nikko/Downloads/moi-main/project_root/data/visualizations/video/pushups_video4/frame_00039.png,"[22, 175, 557, 355]",LEFT_HIP,-0.40254873684903814,0.2692749247173036,0.9998111128807068,0.5866809412837029,0.2975313887000084,0.2630254211426811
00039,/Users/nikko/Downloads/moi-main/project_root/data/visualizations/video/pushups_video4/frame_00039.png,"[22, 175, 557, 355]",RIGHT_HIP,-0.5443468323344187,0.0502338428612599,0.9999301433563232,0.5866809412837029,0.2975313887000084,0.2630254211426811
00039,/Users/nikko/Downloads/moi-main/project_root/data/visualizations/video/pushups_video4/frame_00039.png,"[22, 175, 557, 355]",RIGHT_ELBOW,-0.3699570984388723,0.1623072781931763,0.999098539352417,0.5866809412837029,0.2975313887000084,0.2630254211426811
00039,/Users/nikko/Downloads/moi-main/project_root/data/visualizations/video/pushups_video4/frame_00039.png,"[22, 175, 557, 355]",LEFT_WRIST,0.42167346354078544,1.3652308720353985,0.6210905313491821,0.5866809412837029,0.2975313887000084,0.2630254211426811
00039,/Users/nikko/Downloads/moi-main/project_root/data/visualizations/video/pushups_video4/frame_00039.png,"[22, 175, 557, 355]",RIGHT_WRIST,-0.04686440975417123,2.0094426878794787,0.9998860359191895,0.5866809412837029,0.2975313887000084,0.2630254211426811
00039,/Users/nikko/Downloads/moi-main/project_root/data/visualizations/video/pushups_video4/frame_00039.png,"[22, 175, 557, 355]",RIGHT_KNEE,-1.3194583059055462,0.7866813902012851,0.9706525206565857,0.5866809412837029,0.2975313887000084,0.2630254211426811
00039,/Users/nikko/Downloads/moi-main/project_root/data/visualizations/video/pushups_video4/frame_00039.png,"[22, 175, 557, 355]",RIGHT_ANKLE,-1.9189530563884694,0.611919446545107,0.9855674505233765,0.5866809412837029,0.2975313887000084,0.2630254211426811
00039,/Users/nikko/Downloads/moi-main/project_root/data/visualizations/video/pushups_video4/frame_00039.png,"[22, 175, 557, 355]",LEFT_EYE,1.0648822958837658,0.5913249728487829,0.99988853931427,0.5866809412837029,0.2975313887000084,0.2630254211426811
00039,/Users/nikko/Downloads/moi-main/project_root/data/visualizations/video/pushups_video4/frame_00039.png,"[22, 175, 557, 355]",RIGHT_EYE,1.0431574828960986,0.5413531214697211,0.9999585151672363,0.5866809412837029,0.2975313887000084,0.2630254211426811
00040,/Users/nikko/Downloads/moi-main/project_root/data/visualizations/video/pushups_video4/frame_00040.png,"[16, 158, 542, 355]",LEFT_SHOULDER,0.6171199943437458,-0.3952240093606707,0.9999908208847046,0.6038714945316315,0.32226910442113876,0.259065739760663
00040,/Users/nikko/Downloads/moi-main/project_root/data/visualizations/video/pushups_video4/frame_00040.png,"[16, 158, 542, 355]",RIGHT_SHOULDER,0.3172823268361744,0.0401182702493477,0.9999864101409912,0.6038714945316315,0.32226910442113876,0.259065739760663
00040,/Users/nikko/Downloads/moi-main/project_root/data/visualizations/video/pushups_video4/frame_00040.png,"[16, 158, 542, 355]",LEFT_HIP,-0.3870584333215653,0.2786891686661772,0.9999161958694458,0.6038714945316315,0.32226910442113876,0.259065739760663
00040,/Users/nikko/Downloads/moi-main/project_root/data/visualizations/video/pushups_video4/frame_00040.png,"[16, 158, 542, 355]",RIGHT_HIP,-0.5473438878583549,0.0764165704451458,0.9999644756317139,0.6038714945316315,0.32226910442113876,0.259065739760663
00040,/Users/nikko/Downloads/moi-main/project_root/data/visualizations/video/pushups_video4/frame_00040.png,"[16, 158, 542, 355]",RIGHT_ELBOW,-0.37141929042406974,0.28896594501893613,0.9995362758636475,0.6038714945316315,0.32226910442113876,0.259065739760663
00040,/Users/nikko/Downloads/moi-main/project_root/data/visualizations/video/pushups_video4/frame_00040.png,"[16, 158, 542, 355]",LEFT_WRIST,0.42569452930665713,1.3649454874994746,0.7848819494247437,0.6038714945316315,0.32226910442113876,0.259065739760663
00040,/Users/nikko/Downloads/moi-main/project_root/data/visualizations/video/pushups_video4/frame_00040.png,"[16, 158, 542, 355]",RIGHT_WRIST,-0.04112562647796191,1.9973391500225492,0.9999228715896606,0.6038714945316315,0.32226910442113876,0.259065739760663
00040,/Users/nikko/Downloads/moi-main/project_root/data/visualizations/video/pushups_video4/frame_00040.png,"[16, 158, 542, 355]",RIGHT_KNEE,-1.3412384930743886,0.7754785964535241,0.9928332567214966,0.6038714945316315,0.32226910442113876,0.259065739760663
00040,/Users/nikko/Downloads/moi-main/project_root/data/visualizations/video/pushups_video4/frame_00040.png,"[16, 158, 542, 355]",LEFT_ANKLE,-1.7287282026686663,0.6752184243350003,0.7152134776115417,0.6038714945316315,0.32226910442113876,0.259065739760663
00040,/Users/nikko/Downloads/moi-main/project_root/data/visualizations/video/pushups_video4/frame_00040.png,"[16, 158, 542, 355]",RIGHT_ANKLE,-1.9565706867901738,0.7041347564273156,0.9968127608299255,0.6038714945316315,0.32226910442113876,0.259065739760663
00040,/Users/nikko/Downloads/moi-main/project_root/data/visualizations/video/pushups_video4/frame_00040.png,"[16, 158, 542, 355]",LEFT_EYE,1.107337894502739,0.42844280830750225,0.9999880790710449,0.6038714945316315,0.32226910442113876,0.259065739760663
00040,/Users/nikko/Downloads/moi-main/project_root/data/visualizations/video/pushups_video4/frame_00040.png,"[16, 158, 542, 355]",RIGHT_EYE,1.0813780308576655,0.3933086894613574,0.9999955892562866,0.6038714945316315,0.32226910442113876,0.259065739760663
00041,/Users/nikko/Downloads/moi-main/project_root/data/visualizations/video/pushups_video4/frame_00041.png,"[26, 149, 535, 353]",LEFT_SHOULDER,0.5745824650113488,-0.2982564467353258,0.999994158744812,0.5940163508057594,0.31168439611792564,0.2727463954295284
00041,/Users/nikko/Downloads/moi-main/project_root/data/visualizations/video/pushups_video4/frame_00041.png,"[26, 149, 535, 353]",RIGHT_SHOULDER,0.3568153558984575,-0.06568550075950454,0.9999855756759644,0.5940163508057594,0.31168439611792564,0.2727463954295284
00041,/Users/nikko/Downloads/moi-main/project_root/data/visualizations/video/pushups_video4/frame_00041.png,"[26, 149, 535, 353]",LEFT_HIP,-0.4014040984056994,0.23761666056787234,0.9999133348464966,0.5940163508057594,0.31168439611792564,0.2727463954295284
00041,/Users/nikko/Downloads/moi-main/project_root/data/visualizations/video/pushups_video4/frame_00041.png,"[26, 149, 535, 353]",RIGHT_HIP,-0.5299937225041068,0.12632528692695802,0.9999568462371826,0.5940163508057594,0.31168439611792564,0.2727463954295284
00041,/Users/nikko/Downloads/moi-main/project_root/data/visualizations/video/pushups_video4/frame_00041.png,"[26, 149, 535, 353]",RIGHT_ELBOW,-0.31068310039488206,0.4469746505610675,0.9995632767677307,0.5940163508057594,0.31168439611792564,0.2727463954295284
00041,/Users/nikko/Downloads/moi-main/project_root/data/visualizations/video/pushups_video4/frame_00041.png,"[26, 149, 535, 353]",LEFT_WRIST,0.47519775455778157,1.448149672099862,0.9008959531784058,0.5940163508057594,0.31168439611792564,0.2727463954295284
00041,/Users/nikko/Downloads/moi-main/project_root/data/visualizations/video/pushups_video4/frame_00041.png,"[26, 149, 535, 353]",RIGHT_WRIST,0.008347901991266563,1.9829193413460393,0.9998624324798584,0.5940163508057594,0.31168439611792564,0.2727463954295284
00041,/Users/nikko/Downloads/moi-main/project_root/data/visualizations/video/pushups_video4/frame_00041.png,"[26, 149, 535, 353]",RIGHT_KNEE,-1.2751397550356944,0.7569908639607016,0.9938451647758484,0.5940163508057594,0.31168439611792564,0.2727463954295284
00041,/Users/nikko/Downloads/moi-main/project_root/data/visualizations/video/pushups_video4/frame_00041.png,"[26, 149, 535, 353]",LEFT_ANKLE,-1.7067985821075085,0.9013708467319921,0.6591711640357971,0.5940163508057594,0.31168439611792564,0.2727463954295284
00041,/Users/nikko/Downloads/moi-main/project_root/data/visualizations/video/pushups_video4/frame_00041.png,"[26, 149, 535, 353]",RIGHT_ANKLE,-1.8803812931732267,0.792276187325701,0.9972023963928223,0.5940163508057594,0.31168439611792564,0.2727463954295284
00041,/Users/nikko/Downloads/moi-main/project_root/data/visualizations/video/pushups_video4/frame_00041.png,"[26, 149, 535, 353]",LEFT_EYE,1.092121301860258,0.30910821396168947,0.9999865293502808,0.5940163508057594,0.31168439611792564,0.2727463954295284
00041,/Users/nikko/Downloads/moi-main/project_root/data/visualizations/video/pushups_video4/frame_00041.png,"[26, 149, 535, 353]",RIGHT_EYE,1.0706991859068977,0.2543211513182951,0.9999924898147583,0.5940163508057594,0.31168439611792564,0.2727463954295284
00042,/Users/nikko/Downloads/moi-main/project_root/data/visualizations/video/pushups_video4/frame_00042.png,"[6, 136, 532, 353]",LEFT_SHOULDER,0.593777263013511,-0.3110737040853472,0.9999909400939941,0.6031984239816666,0.3074321821331978,0.2691681142291514
00042,/Users/nikko/Downloads/moi-main/project_root/data/visualizations/video/pushups_video4/frame_00042.png,"[6, 136, 532, 353]",RIGHT_SHOULDER,0.3223478066528013,-0.08916813363008834,0.9999600648880005,0.6031984239816666,0.3074321821331978,0.2691681142291514
00042,/Users/nikko/Downloads/moi-main/project_root/data/visualizations/video/pushups_video4/frame_00042.png,"[6, 136, 532, 353]",LEFT_HIP,-0.39058272630758595,0.2466511545121864,0.9998750686645508,0.6031984239816666,0.3074321821331978,0.2691681142291514
00042,/Users/nikko/Downloads/moi-main/project_root/data/visualizations/video/pushups_video4/frame_00042.png,"[6, 136, 532, 353]",RIGHT_HIP,-0.5255423433587264,0.15359068320324915,0.9999303817749023,0.6031984239816666,0.3074321821331978,0.2691681142291514
00042,/Users/nikko/Downloads/moi-main/project_root/data/visualizations/video/pushups_video4/frame_00042.png,"[6, 136, 532, 353]",RIGHT_ELBOW,-0.2600003179635367,0.5819617944832571,0.9993206262588501,0.6031984239816666,0.3074321821331978,0.2691681142291514
00042,/Users/nikko/Downloads/moi-main/project_root/data/visualizations/video/pushups_video4/frame_00042.png,"[6, 136, 532, 353]",LEFT_WRIST,0.5012579915872131,1.5552173321207325,0.8957705497741699,0.6031984239816666,0.3074321821331978,0.2691681142291514
00042,/Users/nikko/Downloads/moi-main/project_root/data/visualizations/video/pushups_video4/frame_00042.png,"[6, 136, 532, 353]",RIGHT_WRIST,0.04348903111756302,2.0584180740640687,0.9996787309646606,0.6031984239816666,0.3074321821331978,0.2691681142291514
00042,/Users/nikko/Downloads/moi-main/project_root/data/visualizations/video/pushups_video4/frame_00042.png,"[6, 136, 532, 353]",RIGHT_KNEE,-1.274205908586672,0.9322827593498697,0.9911462664604187,0.6031984239816666,0.3074321821331978,0.2691681142291514
00042,/Users/nikko/Downloads/moi-main/project_root/data/visualizations/video/pushups_video4/frame_00042.png,"[6, 136, 532, 353]",LEFT_ANKLE,-1.5867471800092559,0.9951793090493651,0.5612344145774841,0.6031984239816666,0.3074321821331978,0.2691681142291514
00042,/Users/nikko/Downloads/moi-main/project_root/data/visualizations/video/pushups_video4/frame_00042.png,"[6, 136, 532, 353]",RIGHT_ANKLE,-1.8240900120923513,0.9173315589914248,0.995682954788208,0.6031984239816666,0.3074321821331978,0.2691681142291514
00042,/Users/nikko/Downloads/moi-main/project_root/data/visualizations/video/pushups_video4/frame_00042.png,"[6, 136, 532, 353]",LEFT_EYE,1.0793611073041258,0.2126518883989343,0.999962568283081,0.6031984239816666,0.3074321821331978,0.2691681142291514
00042,/Users/nikko/Downloads/moi-main/project_root/data/visualizations/video/pushups_video4/frame_00042.png,"[6, 136, 532, 353]",RIGHT_EYE,1.0534213792140077,0.15656008575081523,0.9999760389328003,0.6031984239816666,0.3074321821331978,0.2691681142291514
00043,/Users/nikko/Downloads/moi-main/project_root/data/visualizations/video/pushups_video4/frame_00043.png,"[29, 120, 525, 354]",LEFT_SHOULDER,0.5923043791540183,-0.32255050140431246,0.9999953508377075,0.5893270820379257,0.3196963667869568,0.28008946850587907
00043,/Users/nikko/Downloads/moi-main/project_root/data/visualizations/video/pushups_video4/frame_00043.png,"[29, 120, 525, 354]",RIGHT_SHOULDER,0.3184151007877246,-0.09034869578820415,0.9999653100967407,0.5893270820379257,0.3196963667869568,0.28008946850587907
00043,/Users/nikko/Downloads/moi-main/project_root/data/visualizations/video/pushups_video4/frame_00043.png,"[29, 120, 525, 354]",LEFT_HIP,-0.390109990802277,0.21995930457679672,0.99991774559021,0.5893270820379257,0.3196963667869568,0.28008946850587907
00043,/Users/nikko/Downloads/moi-main/project_root/data/visualizations/video/pushups_video4/frame_00043.png,"[29, 120, 525, 354]",RIGHT_HIP,-0.520609489139466,0.19293989261571987,0.9999415874481201,0.5893270820379257,0.3196963667869568,0.28008946850587907
00043,/Users/nikko/Downloads/moi-main/project_root/data/visualizations/video/pushups_video4/frame_00043.png,"[29, 120, 525, 354]",LEFT_ELBOW,0.3479791373064605,0.49439304641210746,0.5675595998764038,0.5893270820379257,0.3196963667869568,0.28008946850587907
00043,/Users/nikko/Downloads/moi-main/project_root/data/visualizations/video/pushups_video4/frame_00043.png,"[29, 120, 525, 354]",RIGHT_ELBOW,-0.2265727215564756,0.5936844775368374,0.9991970658302307,0.5893270820379257,0.3196963667869568,0.28008946850587907
00043,/Users/nikko/Downloads/moi-main/project_root/data/visualizations/video/pushups_video4/frame_00043.png,"[29, 120, 525, 354]",LEFT_WRIST,0.5281174882211109,1.465468594876162,0.9239619374275208,0.5893270820379257,0.3196963667869568,0.28008946850587907
00043,/Users/nikko/Downloads/moi-main/project_root/data/visualizations/video/pushups_video4/frame_00043.png,"[29, 120, 525, 354]",RIGHT_WRIST,0.0505746125888489,1.9367154000787439,0.9996223449707031,0.5893270820379257,0.3196963667869568,0.28008946850587907
00043,/Users/nikko/Downloads/moi-main/project_root/data/visualizations/video/pushups_video4/frame_00043.png,"[29, 120, 525, 354]",RIGHT_KNEE,-1.2441584527048948,0.8436832266408844,0.98612380027771,0.5893270820379257,0.3196963667869568,0.28008946850587907
00043,/Users/nikko/Downloads/moi-main/project_root/data/visualizations/video/pushups_video4/frame_00043.png,"[29, 120, 525, 354]",RIGHT_ANKLE,-1.8210749024749961,0.9195052710498536,0.992169201374054,0.5893270820379257,0.3196963667869568,0.28008946850587907
00043,/Users/nikko/Downloads/moi-main/project_root/data/visualizations/video/pushups_video4/frame_00043.png,"[29, 120, 525, 354]",LEFT_EYE,1.0974447535222585,0.10755276250276731,0.9999480247497559,0.5893270820379257,0.3196963667869568,0.28008946850587907
00043,/Users/nikko/Downloads/moi-main/project_root/data/visualizations/video/pushups_video4/frame_00043.png,"[29, 120, 525, 354]",RIGHT_EYE,1.0652438411604153,0.05865138819455682,0.9999634027481079,0.5893270820379257,0.3196963667869568,0.28008946850587907
00044,/Users/nikko/Downloads/moi-main/project_root/data/visualizations/video/pushups_video4/frame_00044.png,"[31, 105, 517, 353]",LEFT_SHOULDER,0.5633795834041354,-0.3167243565874972,0.9999966621398926,0.5936641842126846,0.33530814200639725,0.2921825010825705
00044,/Users/nikko/Downloads/moi-main/project_root/data/visualizations/video/pushups_video4/frame_00044.png,"[31, 105, 517, 353]",RIGHT_SHOULDER,0.3113631107464303,-0.16050636298325602,0.9999655485153198,0.5936641842126846,0.33530814200639725,0.2921825010825705
00044,/Users/nikko/Downloads/moi-main/project_root/data/visualizations/video/pushups_video4/frame_00044.png,"[31, 105, 517, 353]",LEFT_HIP,-0.36109211030099425,0.30052666068361233,0.9998928308486938,0.5936641842126846,0.33530814200639725,0.2921825010825705
00044,/Users/nikko/Downloads/moi-main/project_root/data/visualizations/video/pushups_video4/frame_00044.png,"[31, 105, 517, 353]",RIGHT_HIP,-0.5136505838495714,0.17670405888714089,0.9999182224273682,0.5936641842126846,0.33530814200639725,0.2921825010825705
00044,/Users/nikko/Downloads/moi-main/project_root/data/visualizations/video/pushups_video4/frame_00044.png,"[31, 105, 517, 353]",LEFT_ELBOW,0.3670029522438486,0.4836595379259682,0.7130268812179565,0.5936641842126846,0.33530814200639725,0.2921825010825705
00044,/Users/nikko/Downloads/moi-main/project_root/data/visualizations/video/pushups_video4/frame_00044.png,"[31, 105, 517, 353]",RIGHT_ELBOW,-0.17776941292307924,0.6243825577240864,0.9992673993110657,0.5936641842126846,0.33530814200639725,0.2921825010825705
00044,/Users/nikko/Downloads/moi-main/project_root/data/visualizations/video/pushups_video4/frame_00044.png,"[31, 105, 517, 353]",LEFT_WRIST,0.5303829075022651,1.4189763771085082,0.9568396210670471,0.5936641842126846,0.33530814200639725,0.2921825010825705
00044,/Users/nikko/Downloads/moi-main/project_root/data/visualizations/video/pushups_video4/frame_00044.png,"[31, 105, 517, 353]",RIGHT_WRIST,0.06724870447348477,1.8465031378787435,0.9994787573814392,0.5936641842126846,0.33530814200639725,0.2921825010825705
00044,/Users/nikko/Downloads/moi-main/project_root/data/visualizations/video/pushups_video4/frame_00044.png,"[31, 105, 517, 353]",RIGHT_KNEE,-1.2111109612927282,0.8456593883110078,0.9841147661209106,0.5936641842126846,0.33530814200639725,0.2921825010825705
00044,/Users/nikko/Downloads/moi-main/project_root/data/visualizations/video/pushups_video4/frame_00044.png,"[31, 105, 517, 353]",RIGHT_ANKLE,-1.7863536911753208,0.9364756243007847,0.9908930063247681,0.5936641842126846,0.33530814200639725,0.2921825010825705
00044,/Users/nikko/Downloads/moi-main/project_root/data/visualizations/video/pushups_video4/frame_00044.png,"[31, 105, 517, 353]",LEFT_EYE,1.0576742763700704,-0.004993692451229488,0.9999496936798096,0.5936641842126846,0.33530814200639725,0.2921825010825705
00044,/Users/nikko/Downloads/moi-main/project_root/data/visualizations/video/pushups_video4/frame_00044.png,"[31, 105, 517, 353]",RIGHT_EYE,1.029966248522333,-0.04906919353527422,0.9999576807022095,0.5936641842126846,0.33530814200639725,0.2921825010825705
00045,/Users/nikko/Downloads/moi-main/project_root/data/visualizations/video/pushups_video4/frame_00045.png,"[41, 91, 521, 352]",LEFT_SHOULDER,0.5417067369763604,-0.27038836030662294,0.9999982118606567,0.5718774348497391,0.34230613708496094,0.3079999804197781
00045,/Users/nikko/Downloads/moi-main/project_root/data/visualizations/video/pushups_video4/frame_00045.png,"[41, 91, 521, 352]",RIGHT_SHOULDER,0.3019271054019287,-0.24066702480817492,0.9999836683273315,0.5718774348497391,0.34230613708496094,0.3079999804197781
00045,/Users/nikko/Downloads/moi-main/project_root/data/visualizations/video/pushups_video4/frame_00045.png,"[41, 91, 521, 352]",LEFT_HIP,-0.3513600658716993,0.34609061821933806,0.9999042749404907,0.5718774348497391,0.34230613708496094,0.3079999804197781
00045,/Users/nikko/Downloads/moi-main/project_root/data/visualizations/video/pushups_video4/frame_00045.png,"[41, 91, 521, 352]",RIGHT_HIP,-0.4922737765065898,0.1649647668954598,0.9999338388442993,0.5718774348497391,0.34230613708496094,0.3079999804197781
00045,/Users/nikko/Downloads/moi-main/project_root/data/visualizations/video/pushups_video4/frame_00045.png,"[41, 91, 521, 352]",LEFT_ELBOW,0.4155796237035572,0.5315318073949751,0.8736515045166016,0.5718774348497391,0.34230613708496094,0.3079999804197781
00045,/Users/nikko/Downloads/moi-main/project_root/data/visualizations/video/pushups_video4/frame_00045.png,"[41, 91, 521, 352]",RIGHT_ELBOW,-0.11990718434958167,0.592207017374689,0.9997674822807312,0.5718774348497391,0.34230613708496094,0.3079999804197781
00045,/Users/nikko/Downloads/moi-main/project_root/data/visualizations/video/pushups_video4/frame_00045.png,"[41, 91, 521, 352]",LEFT_WRIST,0.5377765070812365,1.3989938659272683,0.979035496711731,0.5718774348497391,0.34230613708496094,0.3079999804197781
00045,/Users/nikko/Downloads/moi-main/project_root/data/visualizations/video/pushups_video4/frame_00045.png,"[41, 91, 521, 352]",RIGHT_WRIST,0.1087505681415535,1.7639709330741644,0.9998719692230225,0.5718774348497391,0.34230613708496094,0.3079999804197781
00045,/Users/nikko/Downloads/moi-main/project_root/data/visualizations/video/pushups_video4/frame_00045.png,"[41, 91, 521, 352]",RIGHT_KNEE,-1.1485444700754133,0.8237610139256214,0.9918009638786316,0.5718774348497391,0.34230613708496094,0.3079999804197781
00045,/Users/nikko/Downloads/moi-main/project_root/data/visualizations/video/pushups_video4/frame_00045.png,"[41, 91, 521, 352]",RIGHT_ANKLE,-1.6923375027976248,0.931780505894724,0.9952685236930847,0.5718774348497391,0.34230613708496094,0.3079999804197781
00045,/Users/nikko/Downloads/moi-main/project_root/data/visualizations/video/pushups_video4/frame_00045.png,"[41, 91, 521, 352]",LEFT_EYE,1.0216675574166898,-0.08114205294137171,0.9999732971191406,0.5718774348497391,0.34230613708496094,0.3079999804197781
00045,/Users/nikko/Downloads/moi-main/project_root/data/visualizations/video/pushups_video4/frame_00045.png,"[41, 91, 521, 352]",RIGHT_EYE,0.9955841374573371,-0.11008533490230704,0.9999796152114868,0.5718774348497391,0.34230613708496094,0.3079999804197781
00046,/Users/nikko/Downloads/moi-main/project_root/data/visualizations/video/pushups_video4/frame_00046.png,"[44, 74, 519, 352]",LEFT_SHOULDER,0.5107414691197195,-0.19873738875989005,0.999997615814209,0.5680365860462189,0.352884441614151,0.3313048374650624
00046,/Users/nikko/Downloads/moi-main/project_root/data/visualizations/video/pushups_video4/frame_00046.png,"[44, 74, 519, 352]",RIGHT_SHOULDER,0.28947509497952084,-0.3539315486220533,0.999983549118042,0.5680365860462189,0.352884441614151,0.3313048374650624
00046,/Users/nikko/Downloads/moi-main/project_root/data/visualizations/video/pushups_video4/frame_00046.png,"[44, 74, 519, 352]",LEFT_HIP,-0.3333488162820377,0.35875670175023405,0.9998481273651123,0.5680365860462189,0.352884441614151,0.3313048374650624
00046,/Users/nikko/Downloads/moi-main/project_root/data/visualizations/video/pushups_video4/frame_00046.png,"[44, 74, 519, 352]",RIGHT_HIP,-0.46686774781720264,0.19391223563170926,0.9998956918716431,0.5680365860462189,0.352884441614151,0.3313048374650624
00046,/Users/nikko/Downloads/moi-main/project_root/data/visualizations/video/pushups_video4/frame_00046.png,"[44, 74, 519, 352]",LEFT_ELBOW,0.40299986570557417,0.5376083247330681,0.8950840830802917,0.5680365860462189,0.352884441614151,0.3313048374650624
00046,/Users/nikko/Downloads/moi-main/project_root/data/visualizations/video/pushups_video4/frame_00046.png,"[44, 74, 519, 352]",RIGHT_ELBOW,-0.0599156463204325,0.6161957124715348,0.9997416138648987,0.5680365860462189,0.352884441614151,0.3313048374650624
00046,/Users/nikko/Downloads/moi-main/project_root/data/visualizations/video/pushups_video4/frame_00046.png,"[44, 74, 519, 352]",LEFT_WRIST,0.5159507274652256,1.3051532768550242,0.9800359606742859,0.5680365860462189,0.352884441614151,0.3313048374650624
00046,/Users/nikko/Downloads/moi-main/project_root/data/visualizations/video/pushups_video4/frame_00046.png,"[44, 74, 519, 352]",RIGHT_WRIST,0.10518321079448482,1.5976764761176996,0.9999009370803833,0.5680365860462189,0.352884441614151,0.3313048374650624
00046,/Users/nikko/Downloads/moi-main/project_root/data/visualizations/video/pushups_video4/frame_00046.png,"[44, 74, 519, 352]",RIGHT_KNEE,-1.0792735921596661,0.8130569226558383,0.9742047190666199,0.5680365860462189,0.352884441614151,0.3313048374650624
00046,/Users/nikko/Downloads/moi-main/project_root/data/visualizations/video/pushups_video4/frame_00046.png,"[44, 74, 519, 352]",RIGHT_ANKLE,-1.5857230677819045,0.892744272595114,0.9847612380981445,0.5680365860462189,0.352884441614151,0.3313048374650624
00046,/Users/nikko/Downloads/moi-main/project_root/data/visualizations/video/pushups_video4/frame_00046.png,"[44, 74, 519, 352]",LEFT_EYE,0.9461271617263618,-0.1317390941042517,0.9999662637710571,0.5680365860462189,0.352884441614151,0.3313048374650624
00046,/Users/nikko/Downloads/moi-main/project_root/data/visualizations/video/pushups_video4/frame_00046.png,"[44, 74, 519, 352]",RIGHT_EYE,0.9239895678684379,-0.1564000883266746,0.9999765157699585,0.5680365860462189,0.352884441614151,0.3313048374650624
00047,/Users/nikko/Downloads/moi-main/project_root/data/visualizations/video/pushups_video4/frame_00047.png,"[47, 66, 512, 352]",LEFT_SHOULDER,0.5037483714384035,-0.1876815512256283,0.9999911785125732,0.5647716820240021,0.35213808342814445,0.3489895476711678
00047,/Users/nikko/Downloads/moi-main/project_root/data/visualizations/video/pushups_video4/frame_00047.png,"[47, 66, 512, 352]",RIGHT_SHOULDER,0.29070423089644803,-0.37168809491242727,0.999937891960144,0.5647716820240021,0.35213808342814445,0.3489895476711678
00047,/Users/nikko/Downloads/moi-main/project_root/data/visualizations/video/pushups_video4/frame_00047.png,"[47, 66, 512, 352]",LEFT_HIP,-0.3283472285385615,0.3531358711275316,0.9992819428443909,0.5647716820240021,0.35213808342814445,0.3489895476711678
00047,/Users/nikko/Downloads/moi-main/project_root/data/visualizations/video/pushups_video4/frame_00047.png,"[47, 66, 512, 352]",RIGHT_HIP,-0.46610537379628997,0.20623377501052395,0.9994921684265137,0.5647716820240021,0.35213808342814445,0.3489895476711678
00047,/Users/nikko/Downloads/moi-main/project_root/data/visualizations/video/pushups_video4/frame_00047.png,"[47, 66, 512, 352]",LEFT_ELBOW,0.42833633161176027,0.5583276757858477,0.8765270709991455,0.5647716820240021,0.35213808342814445,0.3489895476711678
00047,/Users/nikko/Downloads/moi-main/project_root/data/visualizations/video/pushups_video4/frame_00047.png,"[47, 66, 512, 352]",RIGHT_ELBOW,0.008803562277930433,0.5671803407818604,0.9993638396263123,0.5647716820240021,0.35213808342814445,0.3489895476711678
00047,/Users/nikko/Downloads/moi-main/project_root/data/visualizations/video/pushups_video4/frame_00047.png,"[47, 66, 512, 352]",LEFT_WRIST,0.5328983067729288,1.2652544696491352,0.9629467725753784,0.5647716820240021,0.35213808342814445,0.3489895476711678
00047,/Users/nikko/Downloads/moi-main/project_root/data/visualizations/video/pushups_video4/frame_00047.png,"[47, 66, 512, 352]",RIGHT_WRIST,0.14414773251870744,1.532838493595518,0.9996734857559204,0.5647716820240021,0.35213808342814445,0.3489895476711678
00047,/Users/nikko/Downloads/moi-main/project_root/data/visualizations/video/pushups_video4/frame_00047.png,"[47, 66, 512, 352]",RIGHT_KNEE,-1.0480887216728891,0.7632168369087148,0.9292550086975098,0.5647716820240021,0.35213808342814445,0.3489895476711678
00047,/Users/nikko/Downloads/moi-main/project_root/data/visualizations/video/pushups_video4/frame_00047.png,"[47, 66, 512, 352]",RIGHT_ANKLE,-1.5018808416947973,0.8805212662983191,0.95661461353302,0.5647716820240021,0.35213808342814445,0.3489895476711678
00047,/Users/nikko/Downloads/moi-main/project_root/data/visualizations/video/pushups_video4/frame_00047.png,"[47, 66, 512, 352]",LEFT_EYE,0.912518678928934,-0.18527363932690963,0.9999183416366577,0.5647716820240021,0.35213808342814445,0.3489895476711678
00047,/Users/nikko/Downloads/moi-main/project_root/data/visualizations/video/pushups_video4/frame_00047.png,"[47, 66, 512, 352]",RIGHT_EYE,0.8924519778753288,-0.24036244842148013,0.9999452829360962,0.5647716820240021,0.35213808342814445,0.3489895476711678
00048,/Users/nikko/Downloads/moi-main/project_root/data/visualizations/video/pushups_video4/frame_00048.png,"[54, 57, 507, 351]",LEFT_SHOULDER,0.5130927426330547,-0.17836540577506815,0.999971866607666,0.5578551292419434,0.3614889979362488,0.3668926297310611
00048,/Users/nikko/Downloads/moi-main/project_root/data/visualizations/video/pushups_video4/frame_00048.png,"[54, 57, 507, 351]",RIGHT_SHOULDER,0.2827113702717445,-0.3748670546557703,0.9997995495796204,0.5578551292419434,0.3614889979362488,0.3668926297310611
00048,/Users/nikko/Downloads/moi-main/project_root/data/visualizations/video/pushups_video4/frame_00048.png,"[54, 57, 507, 351]",LEFT_HIP,-0.3306925298390319,0.3510550162199214,0.9976919889450073,0.5578551292419434,0.3614889979362488,0.3668926297310611
00048,/Users/nikko/Downloads/moi-main/project_root/data/visualizations/video/pushups_video4/frame_00048.png,"[54, 57, 507, 351]",RIGHT_HIP,-0.4651115830657672,0.20217744421091707,0.9982391595840454,0.5578551292419434,0.3614889979362488,0.3668926297310611
00048,/Users/nikko/Downloads/moi-main/project_root/data/visualizations/video/pushups_video4/frame_00048.png,"[54, 57, 507, 351]",LEFT_ELBOW,0.44529154396448356,0.5085619513240023,0.9427177309989929,0.5578551292419434,0.3614889979362488,0.3668926297310611
00048,/Users/nikko/Downloads/moi-main/project_root/data/visualizations/video/pushups_video4/frame_00048.png,"[54, 57, 507, 351]",RIGHT_ELBOW,0.05708465635075258,0.5586831701947479,0.9992228746414185,0.5578551292419434,0.3614889979362488,0.3668926297310611
00048,/Users/nikko/Downloads/moi-main/project_root/data/visualizations/video/pushups_video4/frame_00048.png,"[54, 57, 507, 351]",LEFT_WRIST,0.538488990307321,1.182801338211269,0.9778614640235901,0.5578551292419434,0.3614889979362488,0.3668926297310611
00048,/Users/nikko/Downloads/moi-main/project_root/data/visualizations/video/pushups_video4/frame_00048.png,"[54, 57, 507, 351]",RIGHT_WRIST,0.14605754472447685,1.4351179529025144,0.9995123147964478,0.5578551292419434,0.3614889979362488,0.3668926297310611
00048,/Users/nikko/Downloads/moi-main/project_root/data/visualizations/video/pushups_video4/frame_00048.png,"[54, 57, 507, 351]",RIGHT_KNEE,-1.0103204863031914,0.7628032060037142,0.966049075126648,0.5578551292419434,0.3614889979362488,0.3668926297310611
00048,/Users/nikko/Downloads/moi-main/project_root/data/visualizations/video/pushups_video4/frame_00048.png,"[54, 57, 507, 351]",RIGHT_ANKLE,-1.456838425749479,0.8537403741191916,0.9738321900367737,0.5578551292419434,0.3614889979362488,0.3668926297310611
00048,/Users/nikko/Downloads/moi-main/project_root/data/visualizations/video/pushups_video4/frame_00048.png,"[54, 57, 507, 351]",LEFT_EYE,0.8975783671780074,-0.22076873218932014,0.9999077320098877,0.5578551292419434,0.3614889979362488,0.3668926297310611
00048,/Users/nikko/Downloads/moi-main/project_root/data/visualizations/video/pushups_video4/frame_00048.png,"[54, 57, 507, 351]",RIGHT_EYE,0.8705331707502224,-0.28825671182372536,0.9999394416809082,0.5578551292419434,0.3614889979362488,0.3668926297310611
00049,/Users/nikko/Downloads/moi-main/project_root/data/visualizations/video/pushups_video4/frame_00049.png,"[43, 57, 478, 353]",LEFT_SHOULDER,0.5184995134746656,-0.16588424011815625,0.9999905824661255,0.609168641269207,0.3425717018544674,0.38008970688919136
00049,/Users/nikko/Downloads/moi-main/project_root/data/visualizations/video/pushups_video4/frame_00049.png,"[43, 57, 478, 353]",RIGHT_SHOULDER,0.274198533276566,-0.3805107986654433,0.999964714050293,0.609168641269207,0.3425717018544674,0.38008970688919136
00049,/Users/nikko/Downloads/moi-main/project_root/data/visualizations/video/pushups_video4/frame_00049.png,"[43, 57, 478, 353]",LEFT_HIP,-0.31943997390379825,0.3565016571078024,0.9998220801353455,0.609168641269207,0.3425717018544674,0.38008970688919136
00049,/Users/nikko/Downloads/moi-main/project_root/data/visualizations/video/pushups_video4/frame_00049.png,"[43, 57, 478, 353]",RIGHT_HIP,-0.4732580728474333,0.18989338167579717,0.9998873472213745,0.609168641269207,0.3425717018544674,0.38008970688919136
00049,/Users/nikko/Downloads/moi-main/project_root/data/visualizations/video/pushups_video4/frame_00049.png,"[43, 57, 478, 353]",LEFT_ELBOW,0.4459827991974494,0.5026878496960991,0.8733360171318054,0.609168641269207,0.3425717018544674,0.38008970688919136
00049,/Users/nikko/Downloads/moi-main/project_root/data/visualizations/video/pushups_video4/frame_00049.png,"[43, 57, 478, 353]",RIGHT_ELBOW,0.08399764266012733,0.5700971810568511,0.9995142221450806,0.609168641269207,0.3425717018544674,0.38008970688919136
00049,/Users/nikko/Downloads/moi-main/project_root/data/visualizations/video/pushups_video4/frame_00049.png,"[43, 57, 478, 353]",LEFT_WRIST,0.5307679587780723,1.198359381753323,0.9473671913146973,0.609168641269207,0.3425717018544674,0.38008970688919136
00049,/Users/nikko/Downloads/moi-main/project_root/data/visualizations/video/pushups_video4/frame_00049.png,"[43, 57, 478, 353]",RIGHT_WRIST,0.1424207149817607,1.4084663478602624,0.9998219609260559,0.609168641269207,0.3425717018544674,0.38008970688919136
00049,/Users/nikko/Downloads/moi-main/project_root/data/visualizations/video/pushups_video4/frame_00049.png,"[43, 57, 478, 353]",RIGHT_KNEE,-1.027480784793714,0.7674205570023722,0.9535014033317566,0.609168641269207,0.3425717018544674,0.38008970688919136
00049,/Users/nikko/Downloads/moi-main/project_root/data/visualizations/video/pushups_video4/frame_00049.png,"[43, 57, 478, 353]",RIGHT_ANKLE,-1.461982263564981,0.88214841344411,0.9705350399017334,0.609168641269207,0.3425717018544674,0.38008970688919136
00049,/Users/nikko/Downloads/moi-main/project_root/data/visualizations/video/pushups_video4/frame_00049.png,"[43, 57, 478, 353]",LEFT_EYE,0.8755486884135774,-0.2610029938471284,0.9999569654464722,0.609168641269207,0.3425717018544674,0.38008970688919136
00049,/Users/nikko/Downloads/moi-main/project_root/data/visualizations/video/pushups_video4/frame_00049.png,"[43, 57, 478, 353]",RIGHT_EYE,0.8420964201910308,-0.3255758529383213,0.9999754428863525,0.609168641269207,0.3425717018544674,0.38008970688919136
00050,/Users/nikko/Downloads/moi-main/project_root/data/visualizations/video/pushups_video4/frame_00050.png,"[36, 49, 480, 353]",LEFT_SHOULDER,0.5159725440643843,-0.16668885970061187,0.999995231628418,0.607137568295002,0.355249248445034,0.380891044752927
00050,/Users/nikko/Downloads/moi-main/project_root/data/visualizations/video/pushups_video4/frame_00050.png,"[36, 49, 480, 353]",RIGHT_SHOULDER,0.2711672732020146,-0.3886443898464693,0.9999798536300659,0.607137568295002,0.355249248445034,0.380891044752927
00050,/Users/nikko/Downloads/moi-main/project_root/data/visualizations/video/pushups_video4/frame_00050.png,"[36, 49, 480, 353]",LEFT_HIP,-0.3204827478356131,0.3567781979195198,0.9998975992202759,0.607137568295002,0.355249248445034,0.380891044752927
00050,/Users/nikko/Downloads/moi-main/project_root/data/visualizations/video/pushups_video4/frame_00050.png,"[36, 49, 480, 353]",RIGHT_HIP,-0.46665706943078583,0.1985550516275614,0.9999363422393799,0.607137568295002,0.355249248445034,0.380891044752927
00050,/Users/nikko/Downloads/moi-main/project_root/data/visualizations/video/pushups_video4/frame_00050.png,"[36, 49, 480, 353]",LEFT_ELBOW,0.4527369294242698,0.5012661331759466,0.9388094544410706,0.607137568295002,0.355249248445034,0.380891044752927
00050,/Users/nikko/Downloads/moi-main/project_root/data/visualizations/video/pushups_video4/frame_00050.png,"[36, 49, 480, 353]",RIGHT_ELBOW,0.09709696208361702,0.5455224879151543,0.999563992023468,0.607137568295002,0.355249248445034,0.380891044752927
00050,/Users/nikko/Downloads/moi-main/project_root/data/visualizations/video/pushups_video4/frame_00050.png,"[36, 49, 480, 353]",LEFT_WRIST,0.5301490495345899,1.163876612283917,0.9840965270996094,0.607137568295002,0.355249248445034,0.380891044752927
00050,/Users/nikko/Downloads/moi-main/project_root/data/visualizations/video/pushups_video4/frame_00050.png,"[36, 49, 480, 353]",RIGHT_WRIST,0.14582197067975686,1.3749939041679666,0.9998477697372437,0.607137568295002,0.355249248445034,0.380891044752927
00050,/Users/nikko/Downloads/moi-main/project_root/data/visualizations/video/pushups_video4/frame_00050.png,"[36, 49, 480, 353]",RIGHT_KNEE,-0.9861962936075432,0.7419861442824307,0.9865739941596985,0.607137568295002,0.355249248445034,0.380891044752927
00050,/Users/nikko/Downloads/moi-main/project_root/data/visualizations/video/pushups_video4/frame_00050.png,"[36, 49, 480, 353]",RIGHT_ANKLE,-1.4251942758598886,0.8557967614217755,0.9898271560668945,0.607137568295002,0.355249248445034,0.380891044752927
00050,/Users/nikko/Downloads/moi-main/project_root/data/visualizations/video/pushups_video4/frame_00050.png,"[36, 49, 480, 353]",LEFT_EYE,0.8630503039606457,-0.27399234002086864,0.9999988079071045,0.607137568295002,0.355249248445034,0.380891044752927
00050,/Users/nikko/Downloads/moi-main/project_root/data/visualizations/video/pushups_video4/frame_00050.png,"[36, 49, 480, 353]",RIGHT_EYE,0.8208595827454436,-0.3712954155556452,0.9999991655349731,0.607137568295002,0.355249248445034,0.380891044752927
00051,/Users/nikko/Downloads/moi-main/project_root/data/visualizations/video/pushups_video4/frame_00051.png,"[45, 56, 479, 354]",LEFT_SHOULDER,0.5333719613271601,-0.16151127352169345,0.9999784231185913,0.6022172793745995,0.3429495804011822,0.3870544716566049
00051,/Users/nikko/Downloads/moi-main/project_root/data/visualizations/video/pushups_video4/frame_00051.png,"[45, 56, 479, 354]",RIGHT_SHOULDER,0.27332654550483537,-0.3704878949694195,0.9999097585678101,0.6022172793745995,0.3429495804011822,0.3870544716566049
00051,/Users/nikko/Downloads/moi-main/project_root/data/visualizations/video/pushups_video4/frame_00051.png,"[45, 56, 479, 354]",LEFT_HIP,-0.33333216041388103,0.337065694556457,0.9992745518684387,0.6022172793745995,0.3429495804011822,0.3870544716566049
00051,/Users/nikko/Downloads/moi-main/project_root/data/visualizations/video/pushups_video4/frame_00051.png,"[45, 56, 479, 354]",RIGHT_HIP,-0.4733663464181145,0.1949334739346559,0.9995183944702148,0.6022172793745995,0.3429495804011822,0.3870544716566049
00051,/Users/nikko/Downloads/moi-main/project_root/data/visualizations/video/pushups_video4/frame_00051.png,"[45, 56, 479, 354]",LEFT_ELBOW,0.45130175646427867,0.5121155301039344,0.8813789486885071,0.6022172793745995,0.3429495804011822,0.3870544716566049
00051,/Users/nikko/Downloads/moi-main/project_root/data/visualizations/video/pushups_video4/frame_00051.png,"[45, 56, 479, 354]",RIGHT_ELBOW,0.08671080134243372,0.5665182884363785,0.9987847208976746,0.6022172793745995,0.3429495804011822,0.3870544716566049
00051,/Users/nikko/Downloads/moi-main/project_root/data/visualizations/video/pushups_video4/frame_00051.png,"[45, 56, 479, 354]",LEFT_WRIST,0.5409340640818782,1.1727625154815495,0.9544626474380493,0.6022172793745995,0.3429495804011822,0.3870544716566049
00051,/Users/nikko/Downloads/moi-main/project_root/data/visualizations/video/pushups_video4/frame_00051.png,"[45, 56, 479, 354]",RIGHT_WRIST,0.15077539099760343,1.3848820694761481,0.9995373487472534,0.6022172793745995,0.3429495804011822,0.3870544716566049
00051,/Users/nikko/Downloads/moi-main/project_root/data/visualizations/video/pushups_video4/frame_00051.png,"[45, 56, 479, 354]",RIGHT_KNEE,-1.0048509197147963,0.7500977034330005,0.935506284236908,0.6022172793745995,0.3429495804011822,0.3870544716566049
00051,/Users/nikko/Downloads/moi-main/project_root/data/visualizations/video/pushups_video4/frame_00051.png,"[45, 56, 479, 354]",RIGHT_ANKLE,-1.437500722631356,0.8441547635951223,0.9489350914955139,0.6022172793745995,0.3429495804011822,0.3870544716566049
00051,/Users/nikko/Downloads/moi-main/project_root/data/visualizations/video/pushups_video4/frame_00051.png,"[45, 56, 479, 354]",LEFT_EYE,0.871066833350702,-0.2568521556228938,0.999954342842102,0.6022172793745995,0.3429495804011822,0.3870544716566049
00051,/Users/nikko/Downloads/moi-main/project_root/data/visualizations/video/pushups_video4/frame_00051.png,"[45, 56, 479, 354]",RIGHT_EYE,0.8405084294013276,-0.3404931145300494,0.9999721050262451,0.6022172793745995,0.3429495804011822,0.3870544716566049
00052,/Users/nikko/Downloads/moi-main/project_root/data/visualizations/video/pushups_video4/frame_00052.png,"[46, 56, 479, 354]",LEFT_SHOULDER,0.533845338298112,-0.16792208801060704,0.9999642372131348,0.6004204750061035,0.34580666571855545,0.39009076878263127
00052,/Users/nikko/Downloads/moi-main/project_root/data/visualizations/video/pushups_video4/frame_00052.png,"[46, 56, 479, 354]",RIGHT_SHOULDER,0.26998563501440126,-0.36828942426980915,0.9998582601547241,0.6004204750061035,0.34580666571855545,0.39009076878263127
00052,/Users/nikko/Downloads/moi-main/project_root/data/visualizations/video/pushups_video4/frame_00052.png,"[46, 56, 479, 354]",LEFT_HIP,-0.32978337395230667,0.34054697689292557,0.9989946484565735,0.6004204750061035,0.34580666571855545,0.39009076878263127
00052,/Users/nikko/Downloads/moi-main/project_root/data/visualizations/video/pushups_video4/frame_00052.png,"[46, 56, 479, 354]",RIGHT_HIP,-0.4740475993602066,0.19566453538749062,0.9993177652359009,0.6004204750061035,0.34580666571855545,0.39009076878263127
00052,/Users/nikko/Downloads/moi-main/project_root/data/visualizations/video/pushups_video4/frame_00052.png,"[46, 56, 479, 354]",LEFT_ELBOW,0.4509649596384146,0.5077926905009743,0.8545413017272949,0.6004204750061035,0.34580666571855545,0.39009076878263127
00052,/Users/nikko/Downloads/moi-main/project_root/data/visualizations/video/pushups_video4/frame_00052.png,"[46, 56, 479, 354]",RIGHT_ELBOW,0.08692139722902718,0.5451915556677722,0.998590886592865,0.6004204750061035,0.34580666571855545,0.39009076878263127
00052,/Users/nikko/Downloads/moi-main/project_root/data/visualizations/video/pushups_video4/frame_00052.png,"[46, 56, 479, 354]",LEFT_WRIST,0.5430745742653166,1.1739760008553055,0.9390849471092224,0.6004204750061035,0.34580666571855545,0.39009076878263127
00052,/Users/nikko/Downloads/moi-main/project_root/data/visualizations/video/pushups_video4/frame_00052.png,"[46, 56, 479, 354]",RIGHT_WRIST,0.14574345181428558,1.3616939726205668,0.9993778467178345,0.6004204750061035,0.34580666571855545,0.39009076878263127
00052,/Users/nikko/Downloads/moi-main/project_root/data/visualizations/video/pushups_video4/frame_00052.png,"[46, 56, 479, 354]",RIGHT_KNEE,-0.9910856649967745,0.7304394133863822,0.9302541613578796,0.6004204750061035,0.34580666571855545,0.39009076878263127
00052,/Users/nikko/Downloads/moi-main/project_root/data/visualizations/video/pushups_video4/frame_00052.png,"[46, 56, 479, 354]",RIGHT_ANKLE,-1.4160101432880678,0.7952176423903288,0.9478792548179626,0.6004204750061035,0.34580666571855545,0.39009076878263127
00052,/Users/nikko/Downloads/moi-main/project_root/data/visualizations/video/pushups_video4/frame_00052.png,"[46, 56, 479, 354]",LEFT_EYE,0.8722671591565458,-0.2638924209114628,0.9998469352722168,0.6004204750061035,0.34580666571855545,0.39009076878263127
00052,/Users/nikko/Downloads/moi-main/project_root/data/visualizations/video/pushups_video4/frame_00052.png,"[46, 56, 479, 354]",RIGHT_EYE,0.8410281466234668,-0.3358187926427655,0.9999114274978638,0.6004204750061035,0.34580666571855545,0.39009076878263127
00053,/Users/nikko/Downloads/moi-main/project_root/data/visualizations/video/pushups_video4/frame_00053.png,"[45, 56, 479, 354]",LEFT_SHOULDER,0.5316534264536114,-0.15634064371209958,0.9999805688858032,0.6028564646840096,0.3423716872930527,0.3869790084864928
00053,/Users/nikko/Downloads/moi-main/project_root/data/visualizations/video/pushups_video4/frame_00053.png,"[45, 56, 479, 354]",RIGHT_SHOULDER,0.2724957777753212,-0.3759604793254723,0.9999312162399292,0.6028564646840096,0.3423716872930527,0.3869790084864928
00053,/Users/nikko/Downloads/moi-main/project_root/data/visualizations/video/pushups_video4/frame_00053.png,"[45, 56, 479, 354]",LEFT_HIP,-0.33071415301616464,0.3399209709870974,0.9995344877243042,0.6028564646840096,0.3423716872930527,0.3869790084864928
00053,/Users/nikko/Downloads/moi-main/project_root/data/visualizations/video/pushups_video4/frame_00053.png,"[45, 56, 479, 354]",RIGHT_HIP,-0.4734350512127679,0.19238015205047446,0.9997072815895081,0.6028564646840096,0.3423716872930527,0.3869790084864928
00053,/Users/nikko/Downloads/moi-main/project_root/data/visualizations/video/pushups_video4/frame_00053.png,"[45, 56, 479, 354]",LEFT_ELBOW,0.4506464742713332,0.5116418719604008,0.8664499521255493,0.6028564646840096,0.3423716872930527,0.3869790084864928
00053,/Users/nikko/Downloads/moi-main/project_root/data/visualizations/video/pushups_video4/frame_00053.png,"[45, 56, 479, 354]",RIGHT_ELBOW,0.08680291341823664,0.5707226746196303,0.9988875985145569,0.6028564646840096,0.3423716872930527,0.3869790084864928
00053,/Users/nikko/Downloads/moi-main/project_root/data/visualizations/video/pushups_video4/frame_00053.png,"[45, 56, 479, 354]",LEFT_WRIST,0.5410911864454295,1.1757791404122897,0.9454976320266724,0.6028564646840096,0.3423716872930527,0.3869790084864928
00053,/Users/nikko/Downloads/moi-main/project_root/data/visualizations/video/pushups_video4/frame_00053.png,"[45, 56, 479, 354]",RIGHT_WRIST,0.1507692516909479,1.3904026190472607,0.9995998740196228,0.6028564646840096,0.3423716872930527,0.3869790084864928
00053,/Users/nikko/Downloads/moi-main/project_root/data/visualizations/video/pushups_video4/frame_00053.png,"[45, 56, 479, 354]",RIGHT_KNEE,-1.0004194826872368,0.7461643701897015,0.9458907246589661,0.6028564646840096,0.3423716872930527,0.3869790084864928
00053,/Users/nikko/Downloads/moi-main/project_root/data/visualizations/video/pushups_video4/frame_00053.png,"[45, 56, 479, 354]",RIGHT_ANKLE,-1.4345818950288058,0.840269344929414,0.9622856974601746,0.6028564646840096,0.3423716872930527,0.3869790084864928
00053,/Users/nikko/Downloads/moi-main/project_root/data/visualizations/video/pushups_video4/frame_00053.png,"[45, 56, 479, 354]",LEFT_EYE,0.8686846860680794,-0.25283405375476486,0.9999488592147827,0.6028564646840096,0.3423716872930527,0.3869790084864928
00053,/Users/nikko/Downloads/moi-main/project_root/data/visualizations/video/pushups_video4/frame_00053.png,"[45, 56, 479, 354]",RIGHT_EYE,0.8402623560212371,-0.32981169821458384,0.9999709129333496,0.6028564646840096,0.3423716872930527,0.3869790084864928
00054,/Users/nikko/Downloads/moi-main/project_root/data/visualizations/video/pushups_video4/frame_00054.png,"[45, 56, 479, 354]",LEFT_SHOULDER,0.5312465182754875,-0.15499035507712722,0.9999796152114868,0.6025930494070053,0.3423963561654091,0.3874553099998722
00054,/Users/nikko/Downloads/moi-main/project_root/data/visualizations/video/pushups_video4/frame_00054.png,"[45, 56, 479, 354]",RIGHT_SHOULDER,0.2731004858916871,-0.3762637011711758,0.9999263286590576,0.6025930494070053,0.3423963561654091,0.3874553099998722
00054,/Users/nikko/Downloads/moi-main/project_root/data/visualizations/video/pushups_video4/frame_00054.png,"[45, 56, 479, 354]",LEFT_HIP,-0.33102634566463723,0.34095356741979294,0.9994958639144897,0.6025930494070053,0.3423963561654091,0.3874553099998722
00054,/Users/nikko/Downloads/moi-main/project_root/data/visualizations/video/pushups_video4/frame_00054.png,"[45, 56, 479, 354]",RIGHT_HIP,-0.4733206585025374,0.19030048882851006,0.9996802806854248,0.6025930494070053,0.3423963561654091,0.3874553099998722
00054,/Users/nikko/Downloads/moi-main/project_root/data/visualizations/video/pushups_video4/frame_00054.png,"[45, 56, 479, 354]",LEFT_ELBOW,0.45102771924546176,0.5139810415254127,0.8694855570793152,0.6025930494070053,0.3423963561654091,0.3874553099998722
00054,/Users/nikko/Downloads/moi-main/project_root/data/visualizations/video/pushups_video4/frame_00054.png,"[45, 56, 479, 354]",RIGHT_ELBOW,0.08609922546604819,0.569031933850155,0.9988654851913452,0.6025930494070053,0.3423963561654091,0.3874553099998722
00054,/Users/nikko/Downloads/moi-main/project_root/data/visualizations/video/pushups_video4/frame_00054.png,"[45, 56, 479, 354]",LEFT_WRIST,0.5393749143494583,1.1742506946114653,0.9472374320030212,0.6025930494070053,0.3423963561654091,0.3874553099998722
00054,/Users/nikko/Downloads/moi-main/project_root/data/visualizations/video/pushups_video4/frame_00054.png,"[45, 56, 479, 354]",RIGHT_WRIST,0.15247184528728838,1.389193835738486,0.9995796084403992,0.6025930494070053,0.3423963561654091,0.3874553099998722
00054,/Users/nikko/Downloads/moi-main/project_root/data/visualizations/video/pushups_video4/frame_00054.png,"[45, 56, 479, 354]",RIGHT_KNEE,-0.9967558370708443,0.7392272069655814,0.9486009478569031,0.6025930494070053,0.3423963561654091,0.3874553099998722
00054,/Users/nikko/Downloads/moi-main/project_root/data/visualizations/video/pushups_video4/frame_00054.png,"[45, 56, 479, 354]",RIGHT_ANKLE,-1.4341342778030413,0.8369919453311766,0.9646012783050537,0.6025930494070053,0.3423963561654091,0.3874553099998722
00054,/Users/nikko/Downloads/moi-main/project_root/data/visualizations/video/pushups_video4/frame_00054.png,"[45, 56, 479, 354]",LEFT_EYE,0.8686751026983945,-0.2523016613024439,0.9999442100524902,0.6025930494070053,0.3423963561654091,0.3874553099998722
00054,/Users/nikko/Downloads/moi-main/project_root/data/visualizations/video/pushups_video4/frame_00054.png,"[45, 56, 479, 354]",RIGHT_EYE,0.8404455483405852,-0.32874905100489393,0.9999678134918213,0.6025930494070053,0.3423963561654091,0.3874553099998722
00055,/Users/nikko/Downloads/moi-main/project_root/data/visualizations/video/pushups_video4/frame_00055.png,"[45, 56, 479, 354]",LEFT_SHOULDER,0.5316186770831681,-0.15508867883553953,0.9999828338623047,0.6024908870458603,0.3428475446999073,0.38703102986066595
00055,/Users/nikko/Downloads/moi-main/project_root/data/visualizations/video/pushups_video4/frame_00055.png,"[45, 56, 479, 354]",RIGHT_SHOULDER,0.2725218889565171,-0.3771689835037791,0.999937891960144,0.6024908870458603,0.3428475446999073,0.38703102986066595
00055,/Users/nikko/Downloads/moi-main/project_root/data/visualizations/video/pushups_video4/frame_00055.png,"[45, 56, 479, 354]",LEFT_HIP,-0.3311381261870642,0.33912434460458973,0.9995816349983215,0.6024908870458603,0.3428475446999073,0.38703102986066595
00055,/Users/nikko/Downloads/moi-main/project_root/data/visualizations/video/pushups_video4/frame_00055.png,"[45, 56, 479, 354]",RIGHT_HIP,-0.4730024398526211,0.1931333177347289,0.9997361302375793,0.6024908870458603,0.3428475446999073,0.38703102986066595
00055,/Users/nikko/Downloads/moi-main/project_root/data/visualizations/video/pushups_video4/frame_00055.png,"[45, 56, 479, 354]",LEFT_ELBOW,0.4513638383641925,0.5124693229062112,0.871350884437561,0.6024908870458603,0.3428475446999073,0.38703102986066595
00055,/Users/nikko/Downloads/moi-main/project_root/data/visualizations/video/pushups_video4/frame_00055.png,"[45, 56, 479, 354]",RIGHT_ELBOW,0.08744197424281344,0.5691463314209576,0.998892605304718,0.6024908870458603,0.3428475446999073,0.38703102986066595
00055,/Users/nikko/Downloads/moi-main/project_root/data/visualizations/video/pushups_video4/frame_00055.png,"[45, 56, 479, 354]",LEFT_WRIST,0.5421273501018606,1.1744963184762955,0.9494682550430298,0.6024908870458603,0.3428475446999073,0.38703102986066595
00055,/Users/nikko/Downloads/moi-main/project_root/data/visualizations/video/pushups_video4/frame_00055.png,"[45, 56, 479, 354]",RIGHT_WRIST,0.15116824546470287,1.3887846336831728,0.9996083378791809,0.6024908870458603,0.3428475446999073,0.38703102986066595
00055,/Users/nikko/Downloads/moi-main/project_root/data/visualizations/video/pushups_video4/frame_00055.png,"[45, 56, 479, 354]",RIGHT_KNEE,-1.0003808636766311,0.7481522959638243,0.9428054690361023,0.6024908870458603,0.3428475446999073,0.38703102986066595
00055,/Users/nikko/Downloads/moi-main/project_root/data/visualizations/video/pushups_video4/frame_00055.png,"[45, 56, 479, 354]",RIGHT_ANKLE,-1.4334609030887533,0.8385543583847846,0.9584606885910034,0.6024908870458603,0.3428475446999073,0.38703102986066595
00055,/Users/nikko/Downloads/moi-main/project_root/data/visualizations/video/pushups_video4/frame_00055.png,"[45, 56, 479, 354]",LEFT_EYE,0.8700419628631304,-0.2537559875351791,0.9999580383300781,0.6024908870458603,0.3428475446999073,0.38703102986066595
00055,/Users/nikko/Downloads/moi-main/project_root/data/visualizations/video/pushups_video4/frame_00055.png,"[45, 56, 479, 354]",RIGHT_EYE,0.8409955754424648,-0.33351943536907364,0.9999760389328003,0.6024908870458603,0.3428475446999073,0.38703102986066595
00056,/Users/nikko/Downloads/moi-main/project_root/data/visualizations/video/pushups_video4/frame_00056.png,"[45, 57, 479, 354]",LEFT_SHOULDER,0.5189880249991947,-0.15432359342143756,0.999982476234436,0.6030527874827385,0.34131791442632675,0.38791955330716676
00056,/Users/nikko/Downloads/moi-main/project_root/data/visualizations/video/pushups_video4/frame_00056.png,"[45, 57, 479, 354]",RIGHT_SHOULDER,0.2789203309264961,-0.38654197117998856,0.9999357461929321,0.6030527874827385,0.34131791442632675,0.38791955330716676
00056,/Users/nikko/Downloads/moi-main/project_root/data/visualizations/video/pushups_video4/frame_00056.png,"[45, 57, 479, 354]",LEFT_HIP,-0.3284264536921261,0.3462150234482664,0.9995546936988831,0.6030527874827385,0.34131791442632675,0.38791955330716676
00056,/Users/nikko/Downloads/moi-main/project_root/data/visualizations/video/pushups_video4/frame_00056.png,"[45, 57, 479, 354]",RIGHT_HIP,-0.46948190223356473,0.1946505411531597,0.9997132420539856,0.6030527874827385,0.34131791442632675,0.38791955330716676
00056,/Users/nikko/Downloads/moi-main/project_root/data/visualizations/video/pushups_video4/frame_00056.png,"[45, 57, 479, 354]",LEFT_ELBOW,0.44660913892709003,0.5026811606271477,0.8341842889785767,0.6030527874827385,0.34131791442632675,0.38791955330716676
00056,/Users/nikko/Downloads/moi-main/project_root/data/visualizations/video/pushups_video4/frame_00056.png,"[45, 57, 479, 354]",RIGHT_ELBOW,0.0885266629257264,0.5614017599911991,0.9987455606460571,0.6030527874827385,0.34131791442632675,0.38791955330716676
00056,/Users/nikko/Downloads/moi-main/project_root/data/visualizations/video/pushups_video4/frame_00056.png,"[45, 57, 479, 354]",LEFT_WRIST,0.5399776668724285,1.1673442414591282,0.9332886338233948,0.6030527874827385,0.34131791442632675,0.38791955330716676
00056,/Users/nikko/Downloads/moi-main/project_root/data/visualizations/video/pushups_video4/frame_00056.png,"[45, 57, 479, 354]",RIGHT_WRIST,0.14863643071096233,1.384170368829384,0.9995929598808289,0.6030527874827385,0.34131791442632675,0.38791955330716676
00056,/Users/nikko/Downloads/moi-main/project_root/data/visualizations/video/pushups_video4/frame_00056.png,"[45, 57, 479, 354]",RIGHT_KNEE,-0.9967578241919928,0.7543600347963035,0.8978915810585022,0.6030527874827385,0.34131791442632675,0.38791955330716676
00056,/Users/nikko/Downloads/moi-main/project_root/data/visualizations/video/pushups_video4/frame_00056.png,"[45, 57, 479, 354]",RIGHT_ANKLE,-1.4091830446014972,0.8492750708888848,0.923306405544281,0.6030527874827385,0.34131791442632675,0.38791955330716676
00056,/Users/nikko/Downloads/moi-main/project_root/data/visualizations/video/pushups_video4/frame_00056.png,"[45, 57, 479, 354]",LEFT_EYE,0.8626287423558145,-0.25400015370427276,0.9999233484268188,0.6030527874827385,0.34131791442632675,0.38791955330716676
00056,/Users/nikko/Downloads/moi-main/project_root/data/visualizations/video/pushups_video4/frame_00056.png,"[45, 57, 479, 354]",RIGHT_EYE,0.833347880797199,-0.3230018439669068,0.9999574422836304,0.6030527874827385,0.34131791442632675,0.38791955330716676
00057,/Users/nikko/Downloads/moi-main/project_root/data/visualizations/video/pushups_video4/frame_00057.png,"[45, 57, 479, 354]",LEFT_SHOULDER,0.5177659330717945,-0.15127401651246217,0.9999833106994629,0.6032802313566208,0.3411423936486244,0.3890186804852599
00057,/Users/nikko/Downloads/moi-main/project_root/data/visualizations/video/pushups_video4/frame_00057.png,"[45, 57, 479, 354]",RIGHT_SHOULDER,0.2783546122678964,-0.39016324715138734,0.9999405145645142,0.6032802313566208,0.3411423936486244,0.3890186804852599
00057,/Users/nikko/Downloads/moi-main/project_root/data/visualizations/video/pushups_video4/frame_00057.png,"[45, 57, 479, 354]",LEFT_HIP,-0.32739638390966397,0.34828230793008086,0.9995743632316589,0.6032802313566208,0.3411423936486244,0.3890186804852599
00057,/Users/nikko/Downloads/moi-main/project_root/data/visualizations/video/pushups_video4/frame_00057.png,"[45, 57, 479, 354]",RIGHT_HIP,-0.46872416143002693,0.19315495573376867,0.9997283816337585,0.6032802313566208,0.3411423936486244,0.3890186804852599
00057,/Users/nikko/Downloads/moi-main/project_root/data/visualizations/video/pushups_video4/frame_00057.png,"[45, 57, 479, 354]",LEFT_ELBOW,0.44483326951547564,0.5025963026382758,0.8500320315361023,0.6032802313566208,0.3411423936486244,0.3890186804852599
00057,/Users/nikko/Downloads/moi-main/project_root/data/visualizations/video/pushups_video4/frame_00057.png,"[45, 57, 479, 354]",RIGHT_ELBOW,0.0879195624320971,0.5570752430663429,0.9988516569137573,0.6032802313566208,0.3411423936486244,0.3890186804852599
00057,/Users/nikko/Downloads/moi-main/project_root/data/visualizations/video/pushups_video4/frame_00057.png,"[45, 57, 479, 354]",LEFT_WRIST,0.537261691478691,1.1647748651333023,0.9398861527442932,0.6032802313566208,0.3411423936486244,0.3890186804852599
00057,/Users/nikko/Downloads/moi-main/project_root/data/visualizations/video/pushups_video4/frame_00057.png,"[45, 57, 479, 354]",RIGHT_WRIST,0.14838258311935343,1.3814500211035938,0.9996138215065002,0.6032802313566208,0.3411423936486244,0.3890186804852599
00057,/Users/nikko/Downloads/moi-main/project_root/data/visualizations/video/pushups_video4/frame_00057.png,"[45, 57, 479, 354]",RIGHT_KNEE,-0.9955393381572915,0.7512531009872373,0.9137908220291138,0.6032802313566208,0.3411423936486244,0.3890186804852599
00057,/Users/nikko/Downloads/moi-main/project_root/data/visualizations/video/pushups_video4/frame_00057.png,"[45, 57, 479, 354]",RIGHT_ANKLE,-1.4078379634076912,0.8416109355727723,0.9344234466552734,0.6032802313566208,0.3411423936486244,0.3890186804852599
00057,/Users/nikko/Downloads/moi-main/project_root/data/visualizations/video/pushups_video4/frame_00057.png,"[45, 57, 479, 354]",LEFT_EYE,0.8598593274956434,-0.2532333993662686,0.9999444484710693,0.6032802313566208,0.3411423936486244,0.3890186804852599
00057,/Users/nikko/Downloads/moi-main/project_root/data/visualizations/video/pushups_video4/frame_00057.png,"[45, 57, 479, 354]",RIGHT_EYE,0.8303311641519592,-0.32422482979928097,0.9999690055847168,0.6032802313566208,0.3411423936486244,0.3890186804852599
00058,/Users/nikko/Downloads/moi-main/project_root/data/visualizations/video/pushups_video4/frame_00058.png,"[46, 57, 478, 353]",LEFT_SHOULDER,0.5276200888035312,-0.16464900908011665,0.9999867677688599,0.6048463955521584,0.34106625616550446,0.3872526941016989
00058,/Users/nikko/Downloads/moi-main/project_root/data/visualizations/video/pushups_video4/frame_00058.png,"[46, 57, 478, 353]",RIGHT_SHOULDER,0.27027157198821294,-0.37928072488730696,0.9999372959136963,0.6048463955521584,0.34106625616550446,0.3872526941016989
00058,/Users/nikko/Downloads/moi-main/project_root/data/visualizations/video/pushups_video4/frame_00058.png,"[46, 57, 478, 353]",LEFT_HIP,-0.3266441292328933,0.341402140455608,0.9996108412742615,0.6048463955521584,0.34106625616550446,0.3872526941016989
00058,/Users/nikko/Downloads/moi-main/project_root/data/visualizations/video/pushups_video4/frame_00058.png,"[46, 57, 478, 353]",RIGHT_HIP,-0.4712475315588508,0.2025275935118156,0.9997332692146301,0.6048463955521584,0.34106625616550446,0.3872526941016989
00058,/Users/nikko/Downloads/moi-main/project_root/data/visualizations/video/pushups_video4/frame_00058.png,"[46, 57, 478, 353]",LEFT_ELBOW,0.44863882747253586,0.49209756454446746,0.8725780844688416,0.6048463955521584,0.34106625616550446,0.3872526941016989
00058,/Users/nikko/Downloads/moi-main/project_root/data/visualizations/video/pushups_video4/frame_00058.png,"[46, 57, 478, 353]",RIGHT_ELBOW,0.08672055700533582,0.5682709240811066,0.9988289475440979,0.6048463955521584,0.34106625616550446,0.3872526941016989
00058,/Users/nikko/Downloads/moi-main/project_root/data/visualizations/video/pushups_video4/frame_00058.png,"[46, 57, 478, 353]",LEFT_WRIST,0.5269410084594705,1.1645268615001239,0.9549198746681213,0.6048463955521584,0.34106625616550446,0.3872526941016989
00058,/Users/nikko/Downloads/moi-main/project_root/data/visualizations/video/pushups_video4/frame_00058.png,"[46, 57, 478, 353]",RIGHT_WRIST,0.14656366578400695,1.383986943216921,0.9995830655097961,0.6048463955521584,0.34106625616550446,0.3872526941016989
00058,/Users/nikko/Downloads/moi-main/project_root/data/visualizations/video/pushups_video4/frame_00058.png,"[46, 57, 478, 353]",RIGHT_KNEE,-1.0117892133269202,0.7534095895057303,0.9199420213699341,0.6048463955521584,0.34106625616550446,0.3872526941016989
00058,/Users/nikko/Downloads/moi-main/project_root/data/visualizations/video/pushups_video4/frame_00058.png,"[46, 57, 478, 353]",RIGHT_ANKLE,-1.430137836748047,0.8430874436723658,0.9368118047714233,0.6048463955521584,0.34106625616550446,0.3872526941016989
00058,/Users/nikko/Downloads/moi-main/project_root/data/visualizations/video/pushups_video4/frame_00058.png,"[46, 57, 478, 353]",LEFT_EYE,0.8648034887966627,-0.25920490576131017,0.999951958656311,0.6048463955521584,0.34106625616550446,0.3872526941016989
00058,/Users/nikko/Downloads/moi-main/project_root/data/visualizations/video/pushups_video4/frame_00058.png,"[46, 57, 478, 353]",RIGHT_EYE,0.8364548088488404,-0.33371288693830803,0.9999704360961914,0.6048463955521584,0.34106625616550446,0.3872526941016989
00059,/Users/nikko/Downloads/moi-main/project_root/data/visualizations/video/pushups_video4/frame_00059.png,"[45, 57, 478, 353]",LEFT_SHOULDER,0.5219917635495113,-0.15827579465831615,0.9999852180480957,0.6053737923502922,0.34089086949825287,0.38553316471998567
00059,/Users/nikko/Downloads/moi-main/project_root/data/visualizations/video/pushups_video4/frame_00059.png,"[45, 57, 478, 353]",RIGHT_SHOULDER,0.27373882482999945,-0.3846959073112897,0.9999372959136963,0.6053737923502922,0.34089086949825287,0.38553316471998567
00059,/Users/nikko/Downloads/moi-main/project_root/data/visualizations/video/pushups_video4/frame_00059.png,"[45, 57, 478, 353]",LEFT_HIP,-0.32355401082605534,0.34716629991565784,0.9997192025184631,0.6053737923502922,0.34089086949825287,0.38553316471998567
00059,/Users/nikko/Downloads/moi-main/project_root/data/visualizations/video/pushups_video4/frame_00059.png,"[45, 57, 478, 353]",RIGHT_HIP,-0.47217657755345543,0.19580540205394797,0.9998119473457336,0.6053737923502922,0.34089086949825287,0.38553316471998567
00059,/Users/nikko/Downloads/moi-main/project_root/data/visualizations/video/pushups_video4/frame_00059.png,"[45, 57, 478, 353]",LEFT_ELBOW,0.4498799033621592,0.5030286233253897,0.8266628384590149,0.6053737923502922,0.34089086949825287,0.38553316471998567
00059,/Users/nikko/Downloads/moi-main/project_root/data/visualizations/video/pushups_video4/frame_00059.png,"[45, 57, 478, 353]",RIGHT_ELBOW,0.08834242824479913,0.5631222524232711,0.9987102746963501,0.6053737923502922,0.34089086949825287,0.38553316471998567
00059,/Users/nikko/Downloads/moi-main/project_root/data/visualizations/video/pushups_video4/frame_00059.png,"[45, 57, 478, 353]",LEFT_WRIST,0.5319414043850826,1.179263763990351,0.9289640784263611,0.6053737923502922,0.34089086949825287,0.38553316471998567
00059,/Users/nikko/Downloads/moi-main/project_root/data/visualizations/video/pushups_video4/frame_00059.png,"[45, 57, 478, 353]",RIGHT_WRIST,0.14890481411770465,1.3975148776798971,0.9995421171188354,0.6053737923502922,0.34089086949825287,0.38553316471998567
00059,/Users/nikko/Downloads/moi-main/project_root/data/visualizations/video/pushups_video4/frame_00059.png,"[45, 57, 478, 353]",RIGHT_KNEE,-1.0102143516405637,0.7523419851055514,0.883034348487854,0.6053737923502922,0.34089086949825287,0.38553316471998567
00059,/Users/nikko/Downloads/moi-main/project_root/data/visualizations/video/pushups_video4/frame_00059.png,"[45, 57, 478, 353]",RIGHT_ANKLE,-1.4316921668246587,0.8409167625714139,0.9195476174354553,0.6053737923502922,0.34089086949825287,0.38553316471998567
00059,/Users/nikko/Downloads/moi-main/project_root/data/visualizations/video/pushups_video4/frame_00059.png,"[45, 57, 478, 353]",LEFT_EYE,0.8608729188793021,-0.2554649441349844,0.9998902082443237,0.6053737923502922,0.34089086949825287,0.38553316471998567
00059,/Users/nikko/Downloads/moi-main/project_root/data/visualizations/video/pushups_video4/frame_00059.png,"[45, 57, 478, 353]",RIGHT_EYE,0.8325578143030016,-0.3211779342163097,0.999936580657959,0.6053737923502922,0.34089086949825287,0.38553316471998567
00060,/Users/nikko/Downloads/moi-main/project_root/data/visualizations/video/pushups_video4/frame_00060.png,"[46, 57, 478, 353]",LEFT_SHOULDER,0.5262472411031585,-0.16485821813970578,0.9999865293502808,0.6046454757452011,0.3417210653424263,0.3882781028834129
00060,/Users/nikko/Downloads/moi-main/project_root/data/visualizations/video/pushups_video4/frame_00060.png,"[46, 57, 478, 353]",RIGHT_SHOULDER,0.2707252340110357,-0.380130774860605,0.9999363422393799,0.6046454757452011,0.3417210653424263,0.3882781028834129
00060,/Users/nikko/Downloads/moi-main/project_root/data/visualizations/video/pushups_video4/frame_00060.png,"[46, 57, 478, 353]",LEFT_HIP,-0.32684272555014504,0.34335084663787685,0.9995854496955872,0.6046454757452011,0.3417210653424263,0.3882781028834129
00060,/Users/nikko/Downloads/moi-main/project_root/data/visualizations/video/pushups_video4/frame_00060.png,"[46, 57, 478, 353]",RIGHT_HIP,-0.4701297495640491,0.2016381463624339,0.999715268611908,0.6046454757452011,0.3417210653424263,0.3882781028834129
00060,/Users/nikko/Downloads/moi-main/project_root/data/visualizations/video/pushups_video4/frame_00060.png,"[46, 57, 478, 353]",LEFT_ELBOW,0.4464635443290688,0.4901342187057219,0.8727639317512512,0.6046454757452011,0.3417210653424263,0.3882781028834129
00060,/Users/nikko/Downloads/moi-main/project_root/data/visualizations/video/pushups_video4/frame_00060.png,"[46, 57, 478, 353]",RIGHT_ELBOW,0.08810751810425527,0.5633254204334253,0.9988623857498169,0.6046454757452011,0.3417210653424263,0.3882781028834129
00060,/Users/nikko/Downloads/moi-main/project_root/data/visualizations/video/pushups_video4/frame_00060.png,"[46, 57, 478, 353]",LEFT_WRIST,0.5268801636104643,1.1626450080008184,0.9541769027709961,0.6046454757452011,0.3417210653424263,0.3882781028834129
00060,/Users/nikko/Downloads/moi-main/project_root/data/visualizations/video/pushups_video4/frame_00060.png,"[46, 57, 478, 353]",RIGHT_WRIST,0.14751534702429936,1.382581357759423,0.9995995163917542,0.6046454757452011,0.3417210653424263,0.3882781028834129
00060,/Users/nikko/Downloads/moi-main/project_root/data/visualizations/video/pushups_video4/frame_00060.png,"[46, 57, 478, 353]",RIGHT_KNEE,-1.0054930780803724,0.7448335646975167,0.9164815545082092,0.6046454757452011,0.3417210653424263,0.3882781028834129
00060,/Users/nikko/Downloads/moi-main/project_root/data/visualizations/video/pushups_video4/frame_00060.png,"[46, 57, 478, 353]",RIGHT_ANKLE,-1.4263146259154489,0.8438887770293728,0.934418261051178,0.6046454757452011,0.3417210653424263,0.3882781028834129
00060,/Users/nikko/Downloads/moi-main/project_root/data/visualizations/video/pushups_video4/frame_00060.png,"[46, 57, 478, 353]",LEFT_EYE,0.8625535243782042,-0.2604320496610026,0.9999459981918335,0.6046454757452011,0.3417210653424263,0.3882781028834129
00060,/Users/nikko/Downloads/moi-main/project_root/data/visualizations/video/pushups_video4/frame_00060.png,"[46, 57, 478, 353]",RIGHT_EYE,0.8347565134800917,-0.3351025523204676,0.999967098236084,0.6046454757452011,0.3417210653424263,0.3882781028834129
00061,/Users/nikko/Downloads/moi-main/project_root/data/visualizations/video/pushups_video4/frame_00061.png,"[46, 57, 478, 353]",LEFT_SHOULDER,0.5260009676463121,-0.16576146209375947,0.9999843835830688,0.60398118942976,0.34235096350312233,0.38868730681142394
00061,/Users/nikko/Downloads/moi-main/project_root/data/visualizations/video/pushups_video4/frame_00061.png,"[46, 57, 478, 353]",RIGHT_SHOULDER,0.270949010116123,-0.3789785864549369,0.9999297857284546,0.60398118942976,0.34235096350312233,0.38868730681142394
00061,/Users/nikko/Downloads/moi-main/project_root/data/visualizations/video/pushups_video4/frame_00061.png,"[46, 57, 478, 353]",LEFT_HIP,-0.32623251334766856,0.34473111493096864,0.99955815076828,0.60398118942976,0.34235096350312233,0.38868730681142394
00061,/Users/nikko/Downloads/moi-main/project_root/data/visualizations/video/pushups_video4/frame_00061.png,"[46, 57, 478, 353]",RIGHT_HIP,-0.4707174644147665,0.20000893361772776,0.9997044205665588,0.60398118942976,0.34235096350312233,0.38868730681142394
00061,/Users/nikko/Downloads/moi-main/project_root/data/visualizations/video/pushups_video4/frame_00061.png,"[46, 57, 478, 353]",LEFT_ELBOW,0.44735845098132215,0.4893650441390672,0.8665258288383484,0.60398118942976,0.34235096350312233,0.38868730681142394
00061,/Users/nikko/Downloads/moi-main/project_root/data/visualizations/video/pushups_video4/frame_00061.png,"[46, 57, 478, 353]",RIGHT_ELBOW,0.08789129511305498,0.574457401885359,0.9989029169082642,0.60398118942976,0.34235096350312233,0.38868730681142394
00061,/Users/nikko/Downloads/moi-main/project_root/data/visualizations/video/pushups_video4/frame_00061.png,"[46, 57, 478, 353]",LEFT_WRIST,0.5293355324183737,1.1631339066603448,0.9488797187805176,0.60398118942976,0.34235096350312233,0.38868730681142394
00061,/Users/nikko/Downloads/moi-main/project_root/data/visualizations/video/pushups_video4/frame_00061.png,"[46, 57, 478, 353]",RIGHT_WRIST,0.15107336175484518,1.3833715971633174,0.9996094107627869,0.60398118942976,0.34235096350312233,0.38868730681142394
00061,/Users/nikko/Downloads/moi-main/project_root/data/visualizations/video/pushups_video4/frame_00061.png,"[46, 57, 478, 353]",RIGHT_KNEE,-1.0001337923638038,0.7404682758527198,0.92706698179245,0.60398118942976,0.34235096350312233,0.38868730681142394
00061,/Users/nikko/Downloads/moi-main/project_root/data/visualizations/video/pushups_video4/frame_00061.png,"[46, 57, 478, 353]",RIGHT_ANKLE,-1.4309822565033203,0.8411310345507726,0.9449129104614258,0.60398118942976,0.34235096350312233,0.38868730681142394
00061,/Users/nikko/Downloads/moi-main/project_root/data/visualizations/video/pushups_video4/frame_00061.png,"[46, 57, 478, 353]",LEFT_EYE,0.8642779573201536,-0.262720622673052,0.9999371767044067,0.60398118942976,0.34235096350312233,0.38868730681142394
00061,/Users/nikko/Downloads/moi-main/project_root/data/visualizations/video/pushups_video4/frame_00061.png,"[46, 57, 478, 353]",RIGHT_EYE,0.8360213354227447,-0.3387042283891904,0.999962568283081,0.60398118942976,0.34235096350312233,0.38868730681142394
00062,/Users/nikko/Downloads/moi-main/project_root/data/visualizations/video/pushups_video4/frame_00062.png,"[43, 57, 478, 354]",LEFT_SHOULDER,0.5184847644669363,-0.15256181144971004,0.9999783039093018,0.6064600422978401,0.3418997526168823,0.3855951999081187
00062,/Users/nikko/Downloads/moi-main/project_root/data/visualizations/video/pushups_video4/frame_00062.png,"[43, 57, 478, 354]",RIGHT_SHOULDER,0.27070551175555235,-0.39280792330028014,0.9999202489852905,0.6064600422978401,0.3418997526168823,0.3855951999081187
00062,/Users/nikko/Downloads/moi-main/project_root/data/visualizations/video/pushups_video4/frame_00062.png,"[43, 57, 478, 354]",LEFT_HIP,-0.32049042412972295,0.35865052775665396,0.9994893074035645,0.6064600422978401,0.3418997526168823,0.3855951999081187
00062,/Users/nikko/Downloads/moi-main/project_root/data/visualizations/video/pushups_video4/frame_00062.png,"[43, 57, 478, 354]",RIGHT_HIP,-0.46869985209276566,0.18671920699333625,0.9996742010116577,0.6064600422978401,0.3418997526168823,0.3855951999081187
00062,/Users/nikko/Downloads/moi-main/project_root/data/visualizations/video/pushups_video4/frame_00062.png,"[43, 57, 478, 354]",LEFT_ELBOW,0.4474300732748704,0.4960321332885589,0.845243513584137,0.6064600422978401,0.3418997526168823,0.3855951999081187
00062,/Users/nikko/Downloads/moi-main/project_root/data/visualizations/video/pushups_video4/frame_00062.png,"[43, 57, 478, 354]",RIGHT_ELBOW,0.08628264247770584,0.549332426379719,0.9991950392723083,0.6064600422978401,0.3418997526168823,0.3855951999081187
00062,/Users/nikko/Downloads/moi-main/project_root/data/visualizations/video/pushups_video4/frame_00062.png,"[43, 57, 478, 354]",LEFT_WRIST,0.5310423951983795,1.167486196887225,0.9282591938972473,0.6064600422978401,0.3418997526168823,0.3855951999081187
00062,/Users/nikko/Downloads/moi-main/project_root/data/visualizations/video/pushups_video4/frame_00062.png,"[43, 57, 478, 354]",RIGHT_WRIST,0.1515251901470081,1.3879992312974443,0.9996911287307739,0.6064600422978401,0.3418997526168823,0.3855951999081187
00062,/Users/nikko/Downloads/moi-main/project_root/data/visualizations/video/pushups_video4/frame_00062.png,"[43, 57, 478, 354]",RIGHT_KNEE,-1.0067264226944281,0.7455619850796049,0.927282989025116,0.6064600422978401,0.3418997526168823,0.3855951999081187
00062,/Users/nikko/Downloads/moi-main/project_root/data/visualizations/video/pushups_video4/frame_00062.png,"[43, 57, 478, 354]",RIGHT_ANKLE,-1.4416278679886123,0.8613026306863264,0.9535349011421204,0.6064600422978401,0.3418997526168823,0.3855951999081187
00062,/Users/nikko/Downloads/moi-main/project_root/data/visualizations/video/pushups_video4/frame_00062.png,"[43, 57, 478, 354]",LEFT_EYE,0.8588160650686372,-0.2615952279733339,0.9998431205749512,0.6064600422978401,0.3418997526168823,0.3855951999081187
00062,/Users/nikko/Downloads/moi-main/project_root/data/visualizations/video/pushups_video4/frame_00062.png,"[43, 57, 478, 354]",RIGHT_EYE,0.831568087005124,-0.3238391887775742,0.9999114274978638,0.6064600422978401,0.3418997526168823,0.3855951999081187
00063,/Users/nikko/Downloads/moi-main/project_root/data/visualizations/video/pushups_video4/frame_00063.png,"[43, 57, 478, 354]",LEFT_SHOULDER,0.5209716481385879,-0.15620072392930232,0.9999816417694092,0.6068944185972214,0.340979877859354,0.38323035617518286
00063,/Users/nikko/Downloads/moi-main/project_root/data/visualizations/video/pushups_video4/frame_00063.png,"[43, 57, 478, 354]",RIGHT_SHOULDER,0.2717606030310646,-0.387612163255928,0.9999263286590576,0.6068944185972214,0.340979877859354,0.38323035617518286
00063,/Users/nikko/Downloads/moi-main/project_root/data/visualizations/video/pushups_video4/frame_00063.png,"[43, 57, 478, 354]",LEFT_HIP,-0.32279000457712764,0.35377017347054435,0.9994592070579529,0.6068944185972214,0.340979877859354,0.38323035617518286
00063,/Users/nikko/Downloads/moi-main/project_root/data/visualizations/video/pushups_video4/frame_00063.png,"[43, 57, 478, 354]",RIGHT_HIP,-0.46994224659252476,0.190042713714686,0.9996585845947266,0.6068944185972214,0.340979877859354,0.38323035617518286
00063,/Users/nikko/Downloads/moi-main/project_root/data/visualizations/video/pushups_video4/frame_00063.png,"[43, 57, 478, 354]",LEFT_ELBOW,0.45056301731952747,0.5016428404474583,0.8529456853866577,0.6068944185972214,0.340979877859354,0.38323035617518286
00063,/Users/nikko/Downloads/moi-main/project_root/data/visualizations/video/pushups_video4/frame_00063.png,"[43, 57, 478, 354]",RIGHT_ELBOW,0.08754255895848724,0.5761817832868215,0.9992942810058594,0.6068944185972214,0.340979877859354,0.38323035617518286
00063,/Users/nikko/Downloads/moi-main/project_root/data/visualizations/video/pushups_video4/frame_00063.png,"[43, 57, 478, 354]",LEFT_WRIST,0.5336027258533351,1.1779232647444895,0.9368438720703125,0.6068944185972214,0.340979877859354,0.38323035617518286
00063,/Users/nikko/Downloads/moi-main/project_root/data/visualizations/video/pushups_video4/frame_00063.png,"[43, 57, 478, 354]",RIGHT_WRIST,0.1466464903166466,1.3917910264582176,0.9997476935386658,0.6068944185972214,0.340979877859354,0.38323035617518286
00063,/Users/nikko/Downloads/moi-main/project_root/data/visualizations/video/pushups_video4/frame_00063.png,"[43, 57, 478, 354]",RIGHT_KNEE,-1.01561765082596,0.7523857217911604,0.9296950697898865,0.6068944185972214,0.340979877859354,0.38323035617518286
00063,/Users/nikko/Downloads/moi-main/project_root/data/visualizations/video/pushups_video4/frame_00063.png,"[43, 57, 478, 354]",RIGHT_ANKLE,-1.4522532590459036,0.8729918904026842,0.9549883604049683,0.6068944185972214,0.340979877859354,0.38323035617518286
00063,/Users/nikko/Downloads/moi-main/project_root/data/visualizations/video/pushups_video4/frame_00063.png,"[43, 57, 478, 354]",LEFT_EYE,0.8617643834965572,-0.2634587726890251,0.999786913394928,0.6068944185972214,0.340979877859354,0.38323035617518286
00063,/Users/nikko/Downloads/moi-main/project_root/data/visualizations/video/pushups_video4/frame_00063.png,"[43, 57, 478, 354]",RIGHT_EYE,0.8355226865282815,-0.31978303329756663,0.9998781681060791,0.6068944185972214,0.340979877859354,0.38323035617518286
00064,/Users/nikko/Downloads/moi-main/project_root/data/visualizations/video/pushups_video4/frame_00064.png,"[43, 57, 478, 354]",LEFT_SHOULDER,0.5208188830333054,-0.15653629360897567,0.9999825954437256,0.6069515645503998,0.34091247990727425,0.3827902567364473
00064,/Users/nikko/Downloads/moi-main/project_root/data/visualizations/video/pushups_video4/frame_00064.png,"[43, 57, 478, 354]",RIGHT_SHOULDER,0.27260328489093205,-0.38692707232404927,0.9999313354492188,0.6069515645503998,0.34091247990727425,0.3827902567364473
00064,/Users/nikko/Downloads/moi-main/project_root/data/visualizations/video/pushups_video4/frame_00064.png,"[43, 57, 478, 354]",LEFT_HIP,-0.3231998539723795,0.35295531656353296,0.9995023012161255,0.6069515645503998,0.34091247990727425,0.3827902567364473
00064,/Users/nikko/Downloads/moi-main/project_root/data/visualizations/video/pushups_video4/frame_00064.png,"[43, 57, 478, 354]",RIGHT_HIP,-0.47022231395185793,0.19050804936949198,0.999687910079956,0.6069515645503998,0.34091247990727425,0.3827902567364473
00064,/Users/nikko/Downloads/moi-main/project_root/data/visualizations/video/pushups_video4/frame_00064.png,"[43, 57, 478, 354]",LEFT_ELBOW,0.4506380772702626,0.5007448088145923,0.8529977202415466,0.6069515645503998,0.34091247990727425,0.3827902567364473
00064,/Users/nikko/Downloads/moi-main/project_root/data/visualizations/video/pushups_video4/frame_00064.png,"[43, 57, 478, 354]",RIGHT_ELBOW,0.08828664457567242,0.571910797927674,0.9992961883544922,0.6069515645503998,0.34091247990727425,0.3827902567364473
00064,/Users/nikko/Downloads/moi-main/project_root/data/visualizations/video/pushups_video4/frame_00064.png,"[43, 57, 478, 354]",LEFT_WRIST,0.5342757370679299,1.179962473645856,0.9365972280502319,0.6069515645503998,0.34091247990727425,0.3827902567364473
00064,/Users/nikko/Downloads/moi-main/project_root/data/visualizations/video/pushups_video4/frame_00064.png,"[43, 57, 478, 354]",RIGHT_WRIST,0.14682447347251235,1.3930470283417704,0.9997488856315613,0.6069515645503998,0.34091247990727425,0.3827902567364473
00064,/Users/nikko/Downloads/moi-main/project_root/data/visualizations/video/pushups_video4/frame_00064.png,"[43, 57, 478, 354]",RIGHT_KNEE,-1.0165742936788598,0.7531454508796774,0.932198703289032,0.6069515645503998,0.34091247990727425,0.3827902567364473
00064,/Users/nikko/Downloads/moi-main/project_root/data/visualizations/video/pushups_video4/frame_00064.png,"[43, 57, 478, 354]",RIGHT_ANKLE,-1.4539914968997965,0.8756080856257753,0.9570735692977905,0.6069515645503998,0.34091247990727425,0.3827902567364473
00064,/Users/nikko/Downloads/moi-main/project_root/data/visualizations/video/pushups_video4/frame_00064.png,"[43, 57, 478, 354]",LEFT_EYE,0.8622957021817874,-0.26224469974857245,0.9998090863227844,0.6069515645503998,0.34091247990727425,0.3827902567364473
00064,/Users/nikko/Downloads/moi-main/project_root/data/visualizations/video/pushups_video4/frame_00064.png,"[43, 57, 478, 354]",RIGHT_EYE,0.8359518962875254,-0.3194072892985585,0.9998911619186401,0.6069515645503998,0.34091247990727425,0.3827902567364473
00065,/Users/nikko/Downloads/moi-main/project_root/data/visualizations/video/pushups_video4/frame_00065.png,"[45, 57, 478, 354]",LEFT_SHOULDER,0.532886928460753,-0.15945933344159519,0.9999755620956421,0.60431057959795,0.34081922844052315,0.38372372247255865
00065,/Users/nikko/Downloads/moi-main/project_root/data/visualizations/video/pushups_video4/frame_00065.png,"[45, 57, 478, 354]",RIGHT_SHOULDER,0.2716473934300304,-0.37270250437316205,0.9999163150787354,0.60431057959795,0.34081922844052315,0.38372372247255865
00065,/Users/nikko/Downloads/moi-main/project_root/data/visualizations/video/pushups_video4/frame_00065.png,"[45, 57, 478, 354]",LEFT_HIP,-0.32767474222911597,0.33904475731561184,0.9990214109420776,0.60431057959795,0.34081922844052315,0.38372372247255865
00065,/Users/nikko/Downloads/moi-main/project_root/data/visualizations/video/pushups_video4/frame_00065.png,"[45, 57, 478, 354]",RIGHT_HIP,-0.4768595796616674,0.19311708049914542,0.999419093132019,0.60431057959795,0.34081922844052315,0.38372372247255865
00065,/Users/nikko/Downloads/moi-main/project_root/data/visualizations/video/pushups_video4/frame_00065.png,"[45, 57, 478, 354]",LEFT_ELBOW,0.45321099211404847,0.5064311096831441,0.8712489604949951,0.60431057959795,0.34081922844052315,0.38372372247255865
00065,/Users/nikko/Downloads/moi-main/project_root/data/visualizations/video/pushups_video4/frame_00065.png,"[45, 57, 478, 354]",RIGHT_ELBOW,0.08721931389708179,0.5866493106924817,0.9990878105163574,0.60431057959795,0.34081922844052315,0.38372372247255865
00065,/Users/nikko/Downloads/moi-main/project_root/data/visualizations/video/pushups_video4/frame_00065.png,"[45, 57, 478, 354]",LEFT_WRIST,0.5440048297005016,1.1804688813154076,0.9451974034309387,0.60431057959795,0.34081922844052315,0.38372372247255865
00065,/Users/nikko/Downloads/moi-main/project_root/data/visualizations/video/pushups_video4/frame_00065.png,"[45, 57, 478, 354]",RIGHT_WRIST,0.1511830889276418,1.4008150436324571,0.99964439868927,0.60431057959795,0.34081922844052315,0.38372372247255865
00065,/Users/nikko/Downloads/moi-main/project_root/data/visualizations/video/pushups_video4/frame_00065.png,"[45, 57, 478, 354]",RIGHT_KNEE,-1.0080136416677508,0.7448543658538884,0.942607581615448,0.60431057959795,0.34081922844052315,0.38372372247255865
00065,/Users/nikko/Downloads/moi-main/project_root/data/visualizations/video/pushups_video4/frame_00065.png,"[45, 57, 478, 354]",RIGHT_ANKLE,-1.4589674435320228,0.8472271306092493,0.9536170959472656,0.60431057959795,0.34081922844052315,0.38372372247255865
00065,/Users/nikko/Downloads/moi-main/project_root/data/visualizations/video/pushups_video4/frame_00065.png,"[45, 57, 478, 354]",LEFT_EYE,0.8754545129724584,-0.265191894555188,0.9999417066574097,0.60431057959795,0.34081922844052315,0.38372372247255865
00065,/Users/nikko/Downloads/moi-main/project_root/data/visualizations/video/pushups_video4/frame_00065.png,"[45, 57, 478, 354]",RIGHT_EYE,0.8459473001844022,-0.3386780374401051,0.9999669790267944,0.60431057959795,0.34081922844052315,0.38372372247255865
00066,/Users/nikko/Downloads/moi-main/project_root/data/visualizations/video/pushups_video4/frame_00066.png,"[45, 57, 478, 354]",LEFT_SHOULDER,0.5318679559545282,-0.16065421176634528,0.9999781847000122,0.6045288741588593,0.34065426141023636,0.3838071652924884
00066,/Users/nikko/Downloads/moi-main/project_root/data/visualizations/video/pushups_video4/frame_00066.png,"[45, 57, 478, 354]",RIGHT_SHOULDER,0.27266309716218257,-0.3723272726546852,0.9999246597290039,0.6045288741588593,0.34065426141023636,0.3838071652924884
00066,/Users/nikko/Downloads/moi-main/project_root/data/visualizations/video/pushups_video4/frame_00066.png,"[45, 57, 478, 354]",LEFT_HIP,-0.3276992251186027,0.33890188988381814,0.999255359172821,0.6045288741588593,0.34065426141023636,0.3838071652924884
00066,/Users/nikko/Downloads/moi-main/project_root/data/visualizations/video/pushups_video4/frame_00066.png,"[45, 57, 478, 354]",RIGHT_HIP,-0.47683182799810797,0.1940795945372123,0.9995564818382263,0.6045288741588593,0.34065426141023636,0.3838071652924884
00066,/Users/nikko/Downloads/moi-main/project_root/data/visualizations/video/pushups_video4/frame_00066.png,"[45, 57, 478, 354]",LEFT_ELBOW,0.45257817554641305,0.5046117445178028,0.8601682186126709,0.6045288741588593,0.34065426141023636,0.3838071652924884
00066,/Users/nikko/Downloads/moi-main/project_root/data/visualizations/video/pushups_video4/frame_00066.png,"[45, 57, 478, 354]",RIGHT_ELBOW,0.08637643537100577,0.5890797953052008,0.9989957213401794,0.6045288741588593,0.34065426141023636,0.3838071652924884
00066,/Users/nikko/Downloads/moi-main/project_root/data/visualizations/video/pushups_video4/frame_00066.png,"[45, 57, 478, 354]",LEFT_WRIST,0.5448136319027354,1.1803427951532206,0.9432181715965271,0.6045288741588593,0.34065426141023636,0.3838071652924884
00066,/Users/nikko/Downloads/moi-main/project_root/data/visualizations/video/pushups_video4/frame_00066.png,"[45, 57, 478, 354]",RIGHT_WRIST,0.151408268216682,1.403770160192303,0.9996293783187866,0.6045288741588593,0.34065426141023636,0.3838071652924884
00066,/Users/nikko/Downloads/moi-main/project_root/data/visualizations/video/pushups_video4/frame_00066.png,"[45, 57, 478, 354]",RIGHT_KNEE,-1.0064865874032491,0.7433731198429939,0.9381298422813416,0.6045288741588593,0.34065426141023636,0.3838071652924884
00066,/Users/nikko/Downloads/moi-main/project_root/data/visualizations/video/pushups_video4/frame_00066.png,"[45, 57, 478, 354]",RIGHT_ANKLE,-1.4582747210834492,0.8497245810096359,0.9516028761863708,0.6045288741588593,0.34065426141023636,0.3838071652924884
00066,/Users/nikko/Downloads/moi-main/project_root/data/visualizations/video/pushups_video4/frame_00066.png,"[45, 57, 478, 354]",LEFT_EYE,0.8749134599340946,-0.2646919206593146,0.9999451637268066,0.6045288741588593,0.34065426141023636,0.3838071652924884
00066,/Users/nikko/Downloads/moi-main/project_root/data/visualizations/video/pushups_video4/frame_00066.png,"[45, 57, 478, 354]",RIGHT_EYE,0.8453806707819993,-0.3390746205468867,0.9999687671661377,0.6045288741588593,0.34065426141023636,0.3838071652924884
00067,/Users/nikko/Downloads/moi-main/project_root/data/visualizations/video/pushups_video4/frame_00067.png,"[45, 57, 478, 354]",LEFT_SHOULDER,0.5313665785614293,-0.15824344238869553,0.9999786615371704,0.6046487465500832,0.34063534438610077,0.38453868077790726
00067,/Users/nikko/Downloads/moi-main/project_root/data/visualizations/video/pushups_video4/frame_00067.png,"[45, 57, 478, 354]",RIGHT_SHOULDER,0.2715147632815926,-0.374423243115481,0.9999274015426636,0.6046487465500832,0.34063534438610077,0.38453868077790726
00067,/Users/nikko/Downloads/moi-main/project_root/data/visualizations/video/pushups_video4/frame_00067.png,"[45, 57, 478, 354]",LEFT_HIP,-0.3261883862099144,0.34257493403879796,0.999366819858551,0.6046487465500832,0.34063534438610077,0.38453868077790726
00067,/Users/nikko/Downloads/moi-main/project_root/data/visualizations/video/pushups_video4/frame_00067.png,"[45, 57, 478, 354]",RIGHT_HIP,-0.47669295563310754,0.19009175146537854,0.99962317943573,0.6046487465500832,0.34063534438610077,0.38453868077790726
00067,/Users/nikko/Downloads/moi-main/project_root/data/visualizations/video/pushups_video4/frame_00067.png,"[45, 57, 478, 354]",LEFT_ELBOW,0.4511719073042136,0.5051163380477649,0.8589859008789062,0.6046487465500832,0.34063534438610077,0.38453868077790726
00067,/Users/nikko/Downloads/moi-main/project_root/data/visualizations/video/pushups_video4/frame_00067.png,"[45, 57, 478, 354]",RIGHT_ELBOW,0.08532935838563958,0.5860319282052315,0.9989861845970154,0.6046487465500832,0.34063534438610077,0.38453868077790726
00067,/Users/nikko/Downloads/moi-main/project_root/data/visualizations/video/pushups_video4/frame_00067.png,"[45, 57, 478, 354]",LEFT_WRIST,0.5406807081499214,1.178203951049447,0.9431360960006714,0.6046487465500832,0.34063534438610077,0.38453868077790726
00067,/Users/nikko/Downloads/moi-main/project_root/data/visualizations/video/pushups_video4/frame_00067.png,"[45, 57, 478, 354]",RIGHT_WRIST,0.15086214194265476,1.401857608381876,0.999627947807312,0.6046487465500832,0.34063534438610077,0.38453868077790726
00067,/Users/nikko/Downloads/moi-main/project_root/data/visualizations/video/pushups_video4/frame_00067.png,"[45, 57, 478, 354]",RIGHT_KNEE,-1.002755583802498,0.7382515281964371,0.9476729035377502,0.6046487465500832,0.34063534438610077,0.38453868077790726
00067,/Users/nikko/Downloads/moi-main/project_root/data/visualizations/video/pushups_video4/frame_00067.png,"[45, 57, 478, 354]",RIGHT_ANKLE,-1.4549808332915144,0.8407548495933457,0.9605644941329956,0.6046487465500832,0.34063534438610077,0.38453868077790726
00067,/Users/nikko/Downloads/moi-main/project_root/data/visualizations/video/pushups_video4/frame_00067.png,"[45, 57, 478, 354]",LEFT_EYE,0.873371372857194,-0.2641183500441576,0.9999417066574097,0.6046487465500832,0.34063534438610077,0.38453868077790726
00067,/Users/nikko/Downloads/moi-main/project_root/data/visualizations/video/pushups_video4/frame_00067.png,"[45, 57, 478, 354]",RIGHT_EYE,0.8439707159744182,-0.33791647421765403,0.9999667406082153,0.6046487465500832,0.34063534438610077,0.38453868077790726
00068,/Users/nikko/Downloads/moi-main/project_root/data/visualizations/video/pushups_video4/frame_00068.png,"[45, 57, 478, 354]",LEFT_SHOULDER,0.531512085298315,-0.1602716019794995,0.999977707862854,0.6049149632453918,0.3403831832110882,0.38472975781747504
00068,/Users/nikko/Downloads/moi-main/project_root/data/visualizations/video/pushups_video4/frame_00068.png,"[45, 57, 478, 354]",RIGHT_SHOULDER,0.2712965064764156,-0.37292485822200677,0.999924898147583,0.6049149632453918,0.3403831832110882,0.38472975781747504
00068,/Users/nikko/Downloads/moi-main/project_root/data/visualizations/video/pushups_video4/frame_00068.png,"[45, 57, 478, 354]",LEFT_HIP,-0.32584161526760297,0.34320786193769165,0.9993032217025757,0.6049149632453918,0.3403831832110882,0.38472975781747504
00068,/Users/nikko/Downloads/moi-main/project_root/data/visualizations/video/pushups_video4/frame_00068.png,"[45, 57, 478, 354]",RIGHT_HIP,-0.4769669765071276,0.18998859826381467,0.9995869994163513,0.6049149632453918,0.3403831832110882,0.38472975781747504
00068,/Users/nikko/Downloads/moi-main/project_root/data/visualizations/video/pushups_video4/frame_00068.png,"[45, 57, 478, 354]",LEFT_ELBOW,0.4503903497305721,0.5040867448121602,0.8562952280044556,0.6049149632453918,0.3403831832110882,0.38472975781747504
00068,/Users/nikko/Downloads/moi-main/project_root/data/visualizations/video/pushups_video4/frame_00068.png,"[45, 57, 478, 354]",RIGHT_ELBOW,0.08478604546210862,0.5848865441393951,0.9989920258522034,0.6049149632453918,0.3403831832110882,0.38472975781747504
00068,/Users/nikko/Downloads/moi-main/project_root/data/visualizations/video/pushups_video4/frame_00068.png,"[45, 57, 478, 354]",LEFT_WRIST,0.5397149525390128,1.1768767845554082,0.9410774111747742,0.6049149632453918,0.3403831832110882,0.38472975781747504
00068,/Users/nikko/Downloads/moi-main/project_root/data/visualizations/video/pushups_video4/frame_00068.png,"[45, 57, 478, 354]",RIGHT_WRIST,0.15031091522588177,1.4019924823796064,0.9996248483657837,0.6049149632453918,0.3403831832110882,0.38472975781747504
00068,/Users/nikko/Downloads/moi-main/project_root/data/visualizations/video/pushups_video4/frame_00068.png,"[45, 57, 478, 354]",RIGHT_KNEE,-1.0012433976203223,0.7392002825827947,0.9441525936126709,0.6049149632453918,0.3403831832110882,0.38472975781747504
00068,/Users/nikko/Downloads/moi-main/project_root/data/visualizations/video/pushups_video4/frame_00068.png,"[45, 57, 478, 354]",RIGHT_ANKLE,-1.455863682410361,0.8424220579831685,0.9579808115959167,0.6049149632453918,0.3403831832110882,0.38472975781747504
00068,/Users/nikko/Downloads/moi-main/project_root/data/visualizations/video/pushups_video4/frame_00068.png,"[45, 57, 478, 354]",LEFT_EYE,0.8720510659789401,-0.26307910523977807,0.9999392032623291,0.6049149632453918,0.3403831832110882,0.38472975781747504
00068,/Users/nikko/Downloads/moi-main/project_root/data/visualizations/video/pushups_video4/frame_00068.png,"[45, 57, 478, 354]",RIGHT_EYE,0.8432070971042939,-0.33575911639704287,0.9999654293060303,0.6049149632453918,0.3403831832110882,0.38472975781747504
00069,/Users/nikko/Downloads/moi-main/project_root/data/visualizations/video/pushups_video4/frame_00069.png,"[45, 57, 478, 354]",LEFT_SHOULDER,0.532044226682372,-0.1600363397958692,0.9999743700027466,0.604260079562664,0.34068166464567184,0.3846788196953369
00069,/Users/nikko/Downloads/moi-main/project_root/data/visualizations/video/pushups_video4/frame_00069.png,"[45, 57, 478, 354]",RIGHT_SHOULDER,0.2727650857218335,-0.37215262630533763,0.9999115467071533,0.604260079562664,0.34068166464567184,0.3846788196953369
00069,/Users/nikko/Downloads/moi-main/project_root/data/visualizations/video/pushups_video4/frame_00069.png,"[45, 57, 478, 354]",LEFT_HIP,-0.32783482239775774,0.3392390800190876,0.9989567995071411,0.604260079562664,0.34068166464567184,0.3846788196953369
00069,/Users/nikko/Downloads/moi-main/project_root/data/visualizations/video/pushups_video4/frame_00069.png,"[45, 57, 478, 354]",RIGHT_HIP,-0.47697449000644765,0.19294988608211924,0.9993763566017151,0.604260079562664,0.34068166464567184,0.3846788196953369
00069,/Users/nikko/Downloads/moi-main/project_root/data/visualizations/video/pushups_video4/frame_00069.png,"[45, 57, 478, 354]",LEFT_ELBOW,0.4516065293949453,0.5036265699099018,0.86644047498703,0.604260079562664,0.34068166464567184,0.3846788196953369
00069,/Users/nikko/Downloads/moi-main/project_root/data/visualizations/video/pushups_video4/frame_00069.png,"[45, 57, 478, 354]",RIGHT_ELBOW,0.08708120368581447,0.5848631714590846,0.9990218877792358,0.604260079562664,0.34068166464567184,0.3846788196953369
00069,/Users/nikko/Downloads/moi-main/project_root/data/visualizations/video/pushups_video4/frame_00069.png,"[45, 57, 478, 354]",LEFT_WRIST,0.5437219261764585,1.1762615029618184,0.9446195363998413,0.604260079562664,0.34068166464567184,0.3846788196953369
00069,/Users/nikko/Downloads/moi-main/project_root/data/visualizations/video/pushups_video4/frame_00069.png,"[45, 57, 478, 354]",RIGHT_WRIST,0.1521102442024234,1.401057140749726,0.9996263980865479,0.604260079562664,0.34068166464567184,0.3846788196953369
00069,/Users/nikko/Downloads/moi-main/project_root/data/visualizations/video/pushups_video4/frame_00069.png,"[45, 57, 478, 354]",RIGHT_KNEE,-1.008964001198627,0.7456104252611543,0.9394022226333618,0.604260079562664,0.34068166464567184,0.3846788196953369
00069,/Users/nikko/Downloads/moi-main/project_root/data/visualizations/video/pushups_video4/frame_00069.png,"[45, 57, 478, 354]",RIGHT_ANKLE,-1.4563231268785268,0.8437388316792016,0.9511745572090149,0.604260079562664,0.34068166464567184,0.3846788196953369
00069,/Users/nikko/Downloads/moi-main/project_root/data/visualizations/video/pushups_video4/frame_00069.png,"[45, 57, 478, 354]",LEFT_EYE,0.8736323540632362,-0.2641077974962645,0.9999399185180664,0.604260079562664,0.34068166464567184,0.3846788196953369
00069,/Users/nikko/Downloads/moi-main/project_root/data/visualizations/video/pushups_video4/frame_00069.png,"[45, 57, 478, 354]",RIGHT_EYE,0.8446970209644421,-0.33854623665088696,0.9999657869338989,0.604260079562664,0.34068166464567184,0.3846788196953369
00070,/Users/nikko/Downloads/moi-main/project_root/data/visualizations/video/pushups_video4/frame_00070.png,"[46, 57, 478, 354]",LEFT_SHOULDER,0.5349823251511034,-0.1633903836374794,0.9999598264694214,0.6015032902359962,0.34185757115483284,0.391879213280495
00070,/Users/nikko/Downloads/moi-main/project_root/data/visualizations/video/pushups_video4/frame_00070.png,"[46, 57, 478, 354]",RIGHT_SHOULDER,0.27064079214437975,-0.36983412722716913,0.9998445510864258,0.6015032902359962,0.34185757115483284,0.391879213280495
00070,/Users/nikko/Downloads/moi-main/project_root/data/visualizations/video/pushups_video4/frame_00070.png,"[46, 57, 478, 354]",LEFT_HIP,-0.3316744176039717,0.33756759951097476,0.9986125230789185,0.6015032902359962,0.34185757115483284,0.391879213280495
00070,/Users/nikko/Downloads/moi-main/project_root/data/visualizations/video/pushups_video4/frame_00070.png,"[46, 57, 478, 354]",RIGHT_HIP,-0.47394869969151154,0.19565691135367377,0.9990887641906738,0.6015032902359962,0.34185757115483284,0.391879213280495
00070,/Users/nikko/Downloads/moi-main/project_root/data/visualizations/video/pushups_video4/frame_00070.png,"[46, 57, 478, 354]",LEFT_ELBOW,0.4522158440472411,0.5024149730801086,0.8823630809783936,0.6015032902359962,0.34185757115483284,0.391879213280495
00070,/Users/nikko/Downloads/moi-main/project_root/data/visualizations/video/pushups_video4/frame_00070.png,"[46, 57, 478, 354]",RIGHT_ELBOW,0.08471356424492563,0.5447581137758329,0.9989780187606812,0.6015032902359962,0.34185757115483284,0.391879213280495
00070,/Users/nikko/Downloads/moi-main/project_root/data/visualizations/video/pushups_video4/frame_00070.png,"[46, 57, 478, 354]",LEFT_WRIST,0.5418023160475606,1.1637086013924778,0.950248658657074,0.6015032902359962,0.34185757115483284,0.391879213280495
00070,/Users/nikko/Downloads/moi-main/project_root/data/visualizations/video/pushups_video4/frame_00070.png,"[46, 57, 478, 354]",RIGHT_WRIST,0.15196574102822963,1.3677219845919544,0.9995798468589783,0.6015032902359962,0.34185757115483284,0.391879213280495
00070,/Users/nikko/Downloads/moi-main/project_root/data/visualizations/video/pushups_video4/frame_00070.png,"[46, 57, 478, 354]",RIGHT_KNEE,-0.9976044959374543,0.7360643416095676,0.9480706453323364,0.6015032902359962,0.34185757115483284,0.391879213280495
00070,/Users/nikko/Downloads/moi-main/project_root/data/visualizations/video/pushups_video4/frame_00070.png,"[46, 57, 478, 354]",RIGHT_ANKLE,-1.4127571253908695,0.810693801973033,0.9590216279029846,0.6015032902359962,0.34185757115483284,0.391879213280495
00070,/Users/nikko/Downloads/moi-main/project_root/data/visualizations/video/pushups_video4/frame_00070.png,"[46, 57, 478, 354]",LEFT_EYE,0.8687045157860435,-0.2682716803342893,0.9998342990875244,0.6015032902359962,0.34185757115483284,0.391879213280495
00070,/Users/nikko/Downloads/moi-main/project_root/data/visualizations/video/pushups_video4/frame_00070.png,"[46, 57, 478, 354]",RIGHT_EYE,0.8382814153801414,-0.340463783729089,0.9999034404754639,0.6015032902359962,0.34185757115483284,0.391879213280495
00071,/Users/nikko/Downloads/moi-main/project_root/data/visualizations/video/pushups_video4/frame_00071.png,"[45, 57, 478, 354]",LEFT_SHOULDER,0.5315867831452332,-0.16181034074833808,0.9999746084213257,0.6049767732620239,0.3405687212944031,0.3850915710698279
00071,/Users/nikko/Downloads/moi-main/project_root/data/visualizations/video/pushups_video4/frame_00071.png,"[45, 57, 478, 354]",RIGHT_SHOULDER,0.27206393435482973,-0.3716998215979607,0.9999128580093384,0.6049767732620239,0.3405687212944031,0.3850915710698279
00071,/Users/nikko/Downloads/moi-main/project_root/data/visualizations/video/pushups_video4/frame_00071.png,"[45, 57, 478, 354]",LEFT_HIP,-0.32670259232933363,0.3414502279191404,0.999075174331665,0.6049767732620239,0.3405687212944031,0.3850915710698279
00071,/Users/nikko/Downloads/moi-main/project_root/data/visualizations/video/pushups_video4/frame_00071.png,"[45, 57, 478, 354]",RIGHT_HIP,-0.47694812517072926,0.1920599344271584,0.9994449019432068,0.6049767732620239,0.3405687212944031,0.3850915710698279
00071,/Users/nikko/Downloads/moi-main/project_root/data/visualizations/video/pushups_video4/frame_00071.png,"[45, 57, 478, 354]",LEFT_ELBOW,0.4493796383619736,0.5015553525037848,0.866539716720581,0.6049767732620239,0.3405687212944031,0.3850915710698279
00071,/Users/nikko/Downloads/moi-main/project_root/data/visualizations/video/pushups_video4/frame_00071.png,"[45, 57, 478, 354]",RIGHT_ELBOW,0.0849216842294664,0.5855565574262269,0.9989984631538391,0.6049767732620239,0.3405687212944031,0.3850915710698279
00071,/Users/nikko/Downloads/moi-main/project_root/data/visualizations/video/pushups_video4/frame_00071.png,"[45, 57, 478, 354]",LEFT_WRIST,0.5392646671245404,1.1740085926389854,0.9448580145835876,0.6049767732620239,0.3405687212944031,0.3850915710698279
00071,/Users/nikko/Downloads/moi-main/project_root/data/visualizations/video/pushups_video4/frame_00071.png,"[45, 57, 478, 354]",RIGHT_WRIST,0.15006474928151595,1.3999903641952425,0.9996110796928406,0.6049767732620239,0.3405687212944031,0.3850915710698279
00071,/Users/nikko/Downloads/moi-main/project_root/data/visualizations/video/pushups_video4/frame_00071.png,"[45, 57, 478, 354]",RIGHT_KNEE,-1.004894936588488,0.7399429315154484,0.9446479678153992,0.6049767732620239,0.3405687212944031,0.3850915710698279
00071,/Users/nikko/Downloads/moi-main/project_root/data/visualizations/video/pushups_video4/frame_00071.png,"[45, 57, 478, 354]",RIGHT_ANKLE,-1.4570682845943383,0.8424541750872477,0.9570531249046326,0.6049767732620239,0.3405687212944031,0.3850915710698279
00071,/Users/nikko/Downloads/moi-main/project_root/data/visualizations/video/pushups_video4/frame_00071.png,"[45, 57, 478, 354]",LEFT_EYE,0.8704620061894267,-0.2630620197530049,0.9999395608901978,0.6049767732620239,0.3405687212944031,0.3850915710698279
00071,/Users/nikko/Downloads/moi-main/project_root/data/visualizations/video/pushups_video4/frame_00071.png,"[45, 57, 478, 354]",RIGHT_EYE,0.842022647206302,-0.3375342439629371,0.9999653100967407,0.6049767732620239,0.3405687212944031,0.3850915710698279
00072,/Users/nikko/Downloads/moi-main/project_root/data/visualizations/video/pushups_video4/frame_00072.png,"[45, 57, 478, 354]",LEFT_SHOULDER,0.531150658068786,-0.16036126384951244,0.9999731779098511,0.6050226464867592,0.3404915928840637,0.38585544731559596
00072,/Users/nikko/Downloads/moi-main/project_root/data/visualizations/video/pushups_video4/frame_00072.png,"[45, 57, 478, 354]",RIGHT_SHOULDER,0.2721128532936967,-0.3729820951043614,0.9999059438705444,0.6050226464867592,0.3404915928840637,0.38585544731559596
00072,/Users/nikko/Downloads/moi-main/project_root/data/visualizations/video/pushups_video4/frame_00072.png,"[45, 57, 478, 354]",LEFT_HIP,-0.3264787126752845,0.34197614564783174,0.9989744424819946,0.6050226464867592,0.3404915928840637,0.38585544731559596
00072,/Users/nikko/Downloads/moi-main/project_root/data/visualizations/video/pushups_video4/frame_00072.png,"[45, 57, 478, 354]",RIGHT_HIP,-0.47678479868719825,0.19136721330604212,0.999376118183136,0.6050226464867592,0.3404915928840637,0.38585544731559596
00072,/Users/nikko/Downloads/moi-main/project_root/data/visualizations/video/pushups_video4/frame_00072.png,"[45, 57, 478, 354]",LEFT_ELBOW,0.4483816207296033,0.5027085333471412,0.8703406453132629,0.6050226464867592,0.3404915928840637,0.38585544731559596
00072,/Users/nikko/Downloads/moi-main/project_root/data/visualizations/video/pushups_video4/frame_00072.png,"[45, 57, 478, 354]",RIGHT_ELBOW,0.08481649402041143,0.5819518554947464,0.9989709854125977,0.6050226464867592,0.3404915928840637,0.38585544731559596
00072,/Users/nikko/Downloads/moi-main/project_root/data/visualizations/video/pushups_video4/frame_00072.png,"[45, 57, 478, 354]",LEFT_WRIST,0.5381180545812689,1.172267398231763,0.9466102123260498,0.6050226464867592,0.3404915928840637,0.38585544731559596
00072,/Users/nikko/Downloads/moi-main/project_root/data/visualizations/video/pushups_video4/frame_00072.png,"[45, 57, 478, 354]",RIGHT_WRIST,0.14916095074072716,1.3966538982248564,0.9995964169502258,0.6050226464867592,0.3404915928840637,0.38585544731559596
00072,/Users/nikko/Downloads/moi-main/project_root/data/visualizations/video/pushups_video4/frame_00072.png,"[45, 57, 478, 354]",RIGHT_KNEE,-1.002801531778869,0.7381264870282875,0.9420284628868103,0.6050226464867592,0.3404915928840637,0.38585544731559596
00072,/Users/nikko/Downloads/moi-main/project_root/data/visualizations/video/pushups_video4/frame_00072.png,"[45, 57, 478, 354]",RIGHT_ANKLE,-1.454243688477081,0.8387700229762948,0.9544751048088074,0.6050226464867592,0.3404915928840637,0.38585544731559596
00072,/Users/nikko/Downloads/moi-main/project_root/data/visualizations/video/pushups_video4/frame_00072.png,"[45, 57, 478, 354]",LEFT_EYE,0.8686031863108101,-0.26237224250277036,0.9999359846115112,0.6050226464867592,0.3404915928840637,0.38585544731559596
00072,/Users/nikko/Downloads/moi-main/project_root/data/visualizations/video/pushups_video4/frame_00072.png,"[45, 57, 478, 354]",RIGHT_EYE,0.840341854128481,-0.337471605784355,0.9999628067016602,0.6050226464867592,0.3404915928840637,0.38585544731559596
00073,/Users/nikko/Downloads/moi-main/project_root/data/visualizations/video/pushups_video4/frame_00073.png,"[45, 57, 478, 354]",LEFT_SHOULDER,0.5311694280406967,-0.16047453068273634,0.9999721050262451,0.604770116508007,0.3403903432190418,0.38573865959713427
00073,/Users/nikko/Downloads/moi-main/project_root/data/visualizations/video/pushups_video4/frame_00073.png,"[45, 57, 478, 354]",RIGHT_SHOULDER,0.27331872130492163,-0.3724653580097096,0.99989914894104,0.604770116508007,0.3403903432190418,0.38573865959713427
00073,/Users/nikko/Downloads/moi-main/project_root/data/visualizations/video/pushups_video4/frame_00073.png,"[45, 57, 478, 354]",LEFT_HIP,-0.3279723019605411,0.33965520408057,0.9989064931869507,0.604770116508007,0.3403903432190418,0.38573865959713427
00073,/Users/nikko/Downloads/moi-main/project_root/data/visualizations/video/pushups_video4/frame_00073.png,"[45, 57, 478, 354]",RIGHT_HIP,-0.4765158473850772,0.19328468461187598,0.9993284940719604,0.604770116508007,0.3403903432190418,0.38573865959713427
00073,/Users/nikko/Downloads/moi-main/project_root/data/visualizations/video/pushups_video4/frame_00073.png,"[45, 57, 478, 354]",LEFT_ELBOW,0.4492982839450251,0.5033991920006705,0.8738378882408142,0.604770116508007,0.3403903432190418,0.38573865959713427
00073,/Users/nikko/Downloads/moi-main/project_root/data/visualizations/video/pushups_video4/frame_00073.png,"[45, 57, 478, 354]",RIGHT_ELBOW,0.08522843674808048,0.5837200289488654,0.9989953637123108,0.604770116508007,0.3403903432190418,0.38573865959713427
00073,/Users/nikko/Downloads/moi-main/project_root/data/visualizations/video/pushups_video4/frame_00073.png,"[45, 57, 478, 354]",LEFT_WRIST,0.5389996148633052,1.1732239741050647,0.9472898840904236,0.604770116508007,0.3403903432190418,0.38573865959713427
00073,/Users/nikko/Downloads/moi-main/project_root/data/visualizations/video/pushups_video4/frame_00073.png,"[45, 57, 478, 354]",RIGHT_WRIST,0.1503303659655746,1.3976842820071684,0.9995977282524109,0.604770116508007,0.3403903432190418,0.38573865959713427
00073,/Users/nikko/Downloads/moi-main/project_root/data/visualizations/video/pushups_video4/frame_00073.png,"[45, 57, 478, 354]",RIGHT_KNEE,-1.0024211188888403,0.7422637739963278,0.9427875876426697,0.604770116508007,0.3403903432190418,0.38573865959713427
00073,/Users/nikko/Downloads/moi-main/project_root/data/visualizations/video/pushups_video4/frame_00073.png,"[45, 57, 478, 354]",RIGHT_ANKLE,-1.4536856606493989,0.8453028764733381,0.9551539421081543,0.604770116508007,0.3403903432190418,0.38573865959713427
00073,/Users/nikko/Downloads/moi-main/project_root/data/visualizations/video/pushups_video4/frame_00073.png,"[45, 57, 478, 354]",LEFT_EYE,0.8696348702788879,-0.26167228609277715,0.9999356269836426,0.604770116508007,0.3403903432190418,0.38573865959713427
00073,/Users/nikko/Downloads/moi-main/project_root/data/visualizations/video/pushups_video4/frame_00073.png,"[45, 57, 478, 354]",RIGHT_EYE,0.8414663472293114,-0.33698533581990203,0.9999624490737915,0.604770116508007,0.3403903432190418,0.38573865959713427
00074,/Users/nikko/Downloads/moi-main/project_root/data/visualizations/video/pushups_video4/frame_00074.png,"[45, 57, 478, 354]",LEFT_SHOULDER,0.5297451239296145,-0.1593335418729245,0.9999728202819824,0.6051555350422859,0.34063586592674255,0.3866171041308396
00074,/Users/nikko/Downloads/moi-main/project_root/data/visualizations/video/pushups_video4/frame_00074.png,"[45, 57, 478, 354]",RIGHT_SHOULDER,0.2734524818199556,-0.3744321159718931,0.9998958110809326,0.6051555350422859,0.34063586592674255,0.3866171041308396
00074,/Users/nikko/Downloads/moi-main/project_root/data/visualizations/video/pushups_video4/frame_00074.png,"[45, 57, 478, 354]",LEFT_HIP,-0.3272784060427232,0.3416516283405874,0.9990156888961792,0.6051555350422859,0.34063586592674255,0.3866171041308396
00074,/Users/nikko/Downloads/moi-main/project_root/data/visualizations/video/pushups_video4/frame_00074.png,"[45, 57, 478, 354]",RIGHT_HIP,-0.47591919970684693,0.19211402950423018,0.9993815422058105,0.6051555350422859,0.34063586592674255,0.3866171041308396
00074,/Users/nikko/Downloads/moi-main/project_root/data/visualizations/video/pushups_video4/frame_00074.png,"[45, 57, 478, 354]",LEFT_ELBOW,0.44727389043740096,0.5037663916862798,0.8789739012718201,0.6051555350422859,0.34063586592674255,0.3866171041308396
00074,/Users/nikko/Downloads/moi-main/project_root/data/visualizations/video/pushups_video4/frame_00074.png,"[45, 57, 478, 354]",RIGHT_ELBOW,0.08348719257496612,0.5788676966150678,0.9989998936653137,0.6051555350422859,0.34063586592674255,0.3866171041308396
00074,/Users/nikko/Downloads/moi-main/project_root/data/visualizations/video/pushups_video4/frame_00074.png,"[45, 57, 478, 354]",LEFT_WRIST,0.536878093656918,1.1717029372212977,0.9497477412223816,0.6051555350422859,0.34063586592674255,0.3866171041308396
00074,/Users/nikko/Downloads/moi-main/project_root/data/visualizations/video/pushups_video4/frame_00074.png,"[45, 57, 478, 354]",RIGHT_WRIST,0.14904200104938953,1.395814657681225,0.9995939135551453,0.6051555350422859,0.34063586592674255,0.3866171041308396
00074,/Users/nikko/Downloads/moi-main/project_root/data/visualizations/video/pushups_video4/frame_00074.png,"[45, 57, 478, 354]",RIGHT_KNEE,-1.000031598576796,0.7401879463875944,0.9462574124336243,0.6051555350422859,0.34063586592674255,0.3866171041308396
00074,/Users/nikko/Downloads/moi-main/project_root/data/visualizations/video/pushups_video4/frame_00074.png,"[45, 57, 478, 354]",RIGHT_ANKLE,-1.4513246354020577,0.8449883490598714,0.9605016112327576,0.6051555350422859,0.34063586592674255,0.3866171041308396
00074,/Users/nikko/Downloads/moi-main/project_root/data/visualizations/video/pushups_video4/frame_00074.png,"[45, 57, 478, 354]",LEFT_EYE,0.8670837006115458,-0.2624934247175006,0.9999256134033203,0.6051555350422859,0.34063586592674255,0.3866171041308396
00074,/Users/nikko/Downloads/moi-main/project_root/data/visualizations/video/pushups_video4/frame_00074.png,"[45, 57, 478, 354]",RIGHT_EYE,0.8386891869092188,-0.33721724512433326,0.9999561309814453,0.6051555350422859,0.34063586592674255,0.3866171041308396
00075,/Users/nikko/Downloads/moi-main/project_root/data/visualizations/video/pushups_video4/frame_00075.png,"[45, 57, 478, 354]",LEFT_SHOULDER,0.532205760513318,-0.1609642386218278,0.9999732971191406,0.6049464419484138,0.3407439887523651,0.3849965773929894
00075,/Users/nikko/Downloads/moi-main/project_root/data/visualizations/video/pushups_video4/frame_00075.png,"[45, 57, 478, 354]",RIGHT_SHOULDER,0.2725261409478095,-0.37212478155921724,0.9998984336853027,0.6049464419484138,0.3407439887523651,0.3849965773929894
00075,/Users/nikko/Downloads/moi-main/project_root/data/visualizations/video/pushups_video4/frame_00075.png,"[45, 57, 478, 354]",LEFT_HIP,-0.32834154893335876,0.3384099273113385,0.9989245533943176,0.6049464419484138,0.3407439887523651,0.3849965773929894
00075,/Users/nikko/Downloads/moi-main/project_root/data/visualizations/video/pushups_video4/frame_00075.png,"[45, 57, 478, 354]",RIGHT_HIP,-0.47639035252776873,0.19467909286970655,0.9993348717689514,0.6049464419484138,0.3407439887523651,0.3849965773929894
00075,/Users/nikko/Downloads/moi-main/project_root/data/visualizations/video/pushups_video4/frame_00075.png,"[45, 57, 478, 354]",LEFT_ELBOW,0.4497731973280029,0.5031129585706239,0.8772540092468262,0.6049464419484138,0.3407439887523651,0.3849965773929894
00075,/Users/nikko/Downloads/moi-main/project_root/data/visualizations/video/pushups_video4/frame_00075.png,"[45, 57, 478, 354]",RIGHT_ELBOW,0.08457415001754229,0.5852871294533275,0.9990092515945435,0.6049464419484138,0.3407439887523651,0.3849965773929894
00075,/Users/nikko/Downloads/moi-main/project_root/data/visualizations/video/pushups_video4/frame_00075.png,"[45, 57, 478, 354]",LEFT_WRIST,0.5389015116790732,1.1755601156528817,0.9494621157646179,0.6049464419484138,0.3407439887523651,0.3849965773929894
00075,/Users/nikko/Downloads/moi-main/project_root/data/visualizations/video/pushups_video4/frame_00075.png,"[45, 57, 478, 354]",RIGHT_WRIST,0.14981689046854832,1.3999924861165578,0.999601423740387,0.6049464419484138,0.3407439887523651,0.3849965773929894
00075,/Users/nikko/Downloads/moi-main/project_root/data/visualizations/video/pushups_video4/frame_00075.png,"[45, 57, 478, 354]",RIGHT_KNEE,-1.0034473290333494,0.7438404548741859,0.9446597695350647,0.6049464419484138,0.3407439887523651,0.3849965773929894
00075,/Users/nikko/Downloads/moi-main/project_root/data/visualizations/video/pushups_video4/frame_00075.png,"[45, 57, 478, 354]",RIGHT_ANKLE,-1.4569072322041368,0.8486344024932918,0.9570667743682861,0.6049464419484138,0.3407439887523651,0.3849965773929894
00075,/Users/nikko/Downloads/moi-main/project_root/data/visualizations/video/pushups_video4/frame_00075.png,"[45, 57, 478, 354]",LEFT_EYE,0.8710625718159616,-0.2639588453547583,0.9999316930770874,0.6049464419484138,0.3407439887523651,0.3849965773929894
00075,/Users/nikko/Downloads/moi-main/project_root/data/visualizations/video/pushups_video4/frame_00075.png,"[45, 57, 478, 354]",RIGHT_EYE,0.8423302457136468,-0.3386994768643398,0.9999599456787109,0.6049464419484138,0.3407439887523651,0.3849965773929894
00076,/Users/nikko/Downloads/moi-main/project_root/data/visualizations/video/pushups_video4/frame_00076.png,"[45, 57, 478, 354]",LEFT_SHOULDER,0.5299373576503759,-0.16001546981007742,0.9999721050262451,0.6050950437784195,0.3407796695828438,0.38661147792770734
00076,/Users/nikko/Downloads/moi-main/project_root/data/visualizations/video/pushups_video4/frame_00076.png,"[45, 57, 478, 354]",RIGHT_SHOULDER,0.27366627001530736,-0.3738612894624758,0.9998894929885864,0.6050950437784195,0.3407796695828438,0.38661147792770734
00076,/Users/nikko/Downloads/moi-main/project_root/data/visualizations/video/pushups_video4/frame_00076.png,"[45, 57, 478, 354]",LEFT_HIP,-0.3276926687613463,0.34072569076575976,0.9989520311355591,0.6050950437784195,0.3407796695828438,0.38661147792770734
00076,/Users/nikko/Downloads/moi-main/project_root/data/visualizations/video/pushups_video4/frame_00076.png,"[45, 57, 478, 354]",RIGHT_HIP,-0.475910958904337,0.19315106850679345,0.9993351101875305,0.6050950437784195,0.3407796695828438,0.38661147792770734
00076,/Users/nikko/Downloads/moi-main/project_root/data/visualizations/video/pushups_video4/frame_00076.png,"[45, 57, 478, 354]",LEFT_ELBOW,0.4474510485117454,0.5028607743351242,0.880355954170227,0.6050950437784195,0.3407796695828438,0.38661147792770734
00076,/Users/nikko/Downloads/moi-main/project_root/data/visualizations/video/pushups_video4/frame_00076.png,"[45, 57, 478, 354]",RIGHT_ELBOW,0.08366059832561075,0.5802754430634877,0.9989539384841919,0.6050950437784195,0.3407796695828438,0.38661147792770734
00076,/Users/nikko/Downloads/moi-main/project_root/data/visualizations/video/pushups_video4/frame_00076.png,"[45, 57, 478, 354]",LEFT_WRIST,0.536801401131222,1.171151614389518,0.9505639672279358,0.6050950437784195,0.3407796695828438,0.38661147792770734
00076,/Users/nikko/Downloads/moi-main/project_root/data/visualizations/video/pushups_video4/frame_00076.png,"[45, 57, 478, 354]",RIGHT_WRIST,0.1492078813359443,1.3948736119620742,0.9995701909065247,0.6050950437784195,0.3407796695828438,0.38661147792770734
00076,/Users/nikko/Downloads/moi-main/project_root/data/visualizations/video/pushups_video4/frame_00076.png,"[45, 57, 478, 354]",RIGHT_KNEE,-1.0010851356699455,0.740859094317418,0.9437738060951233,0.6050950437784195,0.3407796695828438,0.38661147792770734
00076,/Users/nikko/Downloads/moi-main/project_root/data/visualizations/video/pushups_video4/frame_00076.png,"[45, 57, 478, 354]",RIGHT_ANKLE,-1.4510369591758336,0.8451485545522421,0.9576432108879089,0.6050950437784195,0.3407796695828438,0.38661147792770734
00076,/Users/nikko/Downloads/moi-main/project_root/data/visualizations/video/pushups_video4/frame_00076.png,"[45, 57, 478, 354]",LEFT_EYE,0.8672020616209316,-0.2627201965886413,0.999923586845398,0.6050950437784195,0.3407796695828438,0.38661147792770734
00076,/Users/nikko/Downloads/moi-main/project_root/data/visualizations/video/pushups_video4/frame_00076.png,"[45, 57, 478, 354]",RIGHT_EYE,0.8389192177109273,-0.3371484775930541,0.999954342842102,0.6050950437784195,0.3407796695828438,0.38661147792770734
00077,/Users/nikko/Downloads/moi-main/project_root/data/visualizations/video/pushups_video4/frame_00077.png,"[45, 57, 478, 354]",LEFT_SHOULDER,0.5300628904844153,-0.16026304835707825,0.9999721050262451,0.605005145072937,0.3408454917371273,0.386589889085156
00077,/Users/nikko/Downloads/moi-main/project_root/data/visualizations/video/pushups_video4/frame_00077.png,"[45, 57, 478, 354]",RIGHT_SHOULDER,0.27357273978842833,-0.3740490775754699,0.9998916387557983,0.605005145072937,0.3408454917371273,0.386589889085156
00077,/Users/nikko/Downloads/moi-main/project_root/data/visualizations/video/pushups_video4/frame_00077.png,"[45, 57, 478, 354]",LEFT_HIP,-0.32803147136445604,0.33990037743771223,0.9989321827888489,0.605005145072937,0.3408454917371273,0.386589889085156
00077,/Users/nikko/Downloads/moi-main/project_root/data/visualizations/video/pushups_video4/frame_00077.png,"[45, 57, 478, 354]",RIGHT_HIP,-0.4756041589083877,0.19441174849483592,0.9993257522583008,0.605005145072937,0.3408454917371273,0.386589889085156
00077,/Users/nikko/Downloads/moi-main/project_root/data/visualizations/video/pushups_video4/frame_00077.png,"[45, 57, 478, 354]",LEFT_ELBOW,0.44745880642592467,0.5021809651213994,0.8819878101348877,0.605005145072937,0.3408454917371273,0.386589889085156
00077,/Users/nikko/Downloads/moi-main/project_root/data/visualizations/video/pushups_video4/frame_00077.png,"[45, 57, 478, 354]",RIGHT_ELBOW,0.08409871038671671,0.5809715472609359,0.998980700969696,0.605005145072937,0.3408454917371273,0.386589889085156
00077,/Users/nikko/Downloads/moi-main/project_root/data/visualizations/video/pushups_video4/frame_00077.png,"[45, 57, 478, 354]",LEFT_WRIST,0.5367358250300747,1.1708455473886747,0.9515604972839355,0.605005145072937,0.3408454917371273,0.386589889085156
00077,/Users/nikko/Downloads/moi-main/project_root/data/visualizations/video/pushups_video4/frame_00077.png,"[45, 57, 478, 354]",RIGHT_WRIST,0.14925726431948327,1.3951048691791192,0.9995822310447693,0.605005145072937,0.3408454917371273,0.386589889085156
00077,/Users/nikko/Downloads/moi-main/project_root/data/visualizations/video/pushups_video4/frame_00077.png,"[45, 57, 478, 354]",RIGHT_KNEE,-1.0010004664470207,0.7422524282072374,0.945777416229248,0.605005145072937,0.3408454917371273,0.386589889085156
00077,/Users/nikko/Downloads/moi-main/project_root/data/visualizations/video/pushups_video4/frame_00077.png,"[45, 57, 478, 354]",RIGHT_ANKLE,-1.4503537664780697,0.8460046884892805,0.9579765796661377,0.605005145072937,0.3408454917371273,0.386589889085156
00077,/Users/nikko/Downloads/moi-main/project_root/data/visualizations/video/pushups_video4/frame_00077.png,"[45, 57, 478, 354]",LEFT_EYE,0.8676023684930885,-0.2631501244384983,0.9999303817749023,0.605005145072937,0.3408454917371273,0.386589889085156
00077,/Users/nikko/Downloads/moi-main/project_root/data/visualizations/video/pushups_video4/frame_00077.png,"[45, 57, 478, 354]",RIGHT_EYE,0.8387736877780385,-0.33924852131150546,0.9999585151672363,0.605005145072937,0.3408454917371273,0.386589889085156
00078,/Users/nikko/Downloads/moi-main/project_root/data/visualizations/video/pushups_video4/frame_00078.png,"[46, 57, 478, 354]",LEFT_SHOULDER,0.5362005325502068,-0.16641307442476264,0.9999628067016602,0.602320484817028,0.3416903465986252,0.3897376358850668
00078,/Users/nikko/Downloads/moi-main/project_root/data/visualizations/video/pushups_video4/frame_00078.png,"[46, 57, 478, 354]",RIGHT_SHOULDER,0.2699987382600564,-0.36647715430063116,0.9998518228530884,0.602320484817028,0.3416903465986252,0.3897376358850668
00078,/Users/nikko/Downloads/moi-main/project_root/data/visualizations/video/pushups_video4/frame_00078.png,"[46, 57, 478, 354]",LEFT_HIP,-0.3314807578418569,0.3383238290116136,0.9986603260040283,0.602320484817028,0.3416903465986252,0.3897376358850668
00078,/Users/nikko/Downloads/moi-main/project_root/data/visualizations/video/pushups_video4/frame_00078.png,"[46, 57, 478, 354]",RIGHT_HIP,-0.47471851296840634,0.19456639971378015,0.9991180300712585,0.602320484817028,0.3416903465986252,0.3897376358850668
00078,/Users/nikko/Downloads/moi-main/project_root/data/visualizations/video/pushups_video4/frame_00078.png,"[46, 57, 478, 354]",LEFT_ELBOW,0.4545390433880517,0.5041251239767885,0.8878276944160461,0.602320484817028,0.3416903465986252,0.3897376358850668
00078,/Users/nikko/Downloads/moi-main/project_root/data/visualizations/video/pushups_video4/frame_00078.png,"[46, 57, 478, 354]",RIGHT_ELBOW,0.084689321475973,0.5560804592159849,0.998968243598938,0.602320484817028,0.3416903465986252,0.3897376358850668
00078,/Users/nikko/Downloads/moi-main/project_root/data/visualizations/video/pushups_video4/frame_00078.png,"[46, 57, 478, 354]",LEFT_WRIST,0.5429694492132533,1.1708874261299826,0.9539126753807068,0.602320484817028,0.3416903465986252,0.3897376358850668
00078,/Users/nikko/Downloads/moi-main/project_root/data/visualizations/video/pushups_video4/frame_00078.png,"[46, 57, 478, 354]",RIGHT_WRIST,0.15088063971516222,1.3754041409852065,0.9995811581611633,0.602320484817028,0.3416903465986252,0.3897376358850668
00078,/Users/nikko/Downloads/moi-main/project_root/data/visualizations/video/pushups_video4/frame_00078.png,"[46, 57, 478, 354]",RIGHT_KNEE,-1.0010189505084217,0.7378627290276363,0.9490319490432739,0.602320484817028,0.3416903465986252,0.3897376358850668
00078,/Users/nikko/Downloads/moi-main/project_root/data/visualizations/video/pushups_video4/frame_00078.png,"[46, 57, 478, 354]",RIGHT_ANKLE,-1.4254317458036365,0.8169968093155594,0.9593408703804016,0.602320484817028,0.3416903465986252,0.3897376358850668
00078,/Users/nikko/Downloads/moi-main/project_root/data/visualizations/video/pushups_video4/frame_00078.png,"[46, 57, 478, 354]",LEFT_EYE,0.872565222052494,-0.26979531518557753,0.9998530149459839,0.602320484817028,0.3416903465986252,0.3897376358850668
00078,/Users/nikko/Downloads/moi-main/project_root/data/visualizations/video/pushups_video4/frame_00078.png,"[46, 57, 478, 354]",RIGHT_EYE,0.8412163900030601,-0.3448938915424612,0.9999141693115234,0.602320484817028,0.3416903465986252,0.3897376358850668
00079,/Users/nikko/Downloads/moi-main/project_root/data/visualizations/video/pushups_video4/frame_00079.png,"[45, 57, 478, 354]",LEFT_SHOULDER,0.5282956494556305,-0.1583119023548187,0.9999722242355347,0.6054441034793854,0.34015433862805367,0.38789759758298337
00079,/Users/nikko/Downloads/moi-main/project_root/data/visualizations/video/pushups_video4/frame_00079.png,"[45, 57, 478, 354]",RIGHT_SHOULDER,0.27347261350518626,-0.3768028856872419,0.9998947381973267,0.6054441034793854,0.34015433862805367,0.38789759758298337
00079,/Users/nikko/Downloads/moi-main/project_root/data/visualizations/video/pushups_video4/frame_00079.png,"[45, 57, 478, 354]",LEFT_HIP,-0.3266037454012353,0.3429644977198505,0.9989379048347473,0.6054441034793854,0.34015433862805367,0.38789759758298337
00079,/Users/nikko/Downloads/moi-main/project_root/data/visualizations/video/pushups_video4/frame_00079.png,"[45, 57, 478, 354]",RIGHT_HIP,-0.4751645175595814,0.1921502903222101,0.9993357062339783,0.6054441034793854,0.34015433862805367,0.38789759758298337
00079,/Users/nikko/Downloads/moi-main/project_root/data/visualizations/video/pushups_video4/frame_00079.png,"[45, 57, 478, 354]",LEFT_ELBOW,0.4450162738535094,0.503009645577617,0.8821201324462891,0.6054441034793854,0.34015433862805367,0.38789759758298337
00079,/Users/nikko/Downloads/moi-main/project_root/data/visualizations/video/pushups_video4/frame_00079.png,"[45, 57, 478, 354]",RIGHT_ELBOW,0.08275838875051333,0.5786806616544452,0.9989916682243347,0.6054441034793854,0.34015433862805367,0.38789759758298337
00079,/Users/nikko/Downloads/moi-main/project_root/data/visualizations/video/pushups_video4/frame_00079.png,"[45, 57, 478, 354]",LEFT_WRIST,0.5342541532588433,1.1686386123049997,0.9515160322189331,0.6054441034793854,0.34015433862805367,0.38789759758298337
00079,/Users/nikko/Downloads/moi-main/project_root/data/visualizations/video/pushups_video4/frame_00079.png,"[45, 57, 478, 354]",RIGHT_WRIST,0.14777963761767424,1.3922093518937748,0.9995928406715393,0.6054441034793854,0.34015433862805367,0.38789759758298337
00079,/Users/nikko/Downloads/moi-main/project_root/data/visualizations/video/pushups_video4/frame_00079.png,"[45, 57, 478, 354]",RIGHT_KNEE,-0.998208733259978,0.7396563023244548,0.9472092986106873,0.6054441034793854,0.34015433862805367,0.38789759758298337
00079,/Users/nikko/Downloads/moi-main/project_root/data/visualizations/video/pushups_video4/frame_00079.png,"[45, 57, 478, 354]",RIGHT_ANKLE,-1.446469794435019,0.8417187098628609,0.9596788883209229,0.6054441034793854,0.34015433862805367,0.38789759758298337
00079,/Users/nikko/Downloads/moi-main/project_root/data/visualizations/video/pushups_video4/frame_00079.png,"[45, 57, 478, 354]",LEFT_EYE,0.8639975724089283,-0.2611318190900139,0.9999321699142456,0.6054441034793854,0.34015433862805367,0.38789759758298337
00079,/Users/nikko/Downloads/moi-main/project_root/data/visualizations/video/pushups_video4/frame_00079.png,"[45, 57, 478, 354]",RIGHT_EYE,0.8358404650022614,-0.33616199291212157,0.9999598264694214,0.6054441034793854,0.34015433862805367,0.38789759758298337
00080,/Users/nikko/Downloads/moi-main/project_root/data/visualizations/video/pushups_video4/frame_00080.png,"[45, 56, 478, 354]",LEFT_SHOULDER,0.531640565425523,-0.1583955486118053,0.9999771118164062,0.6046910658478737,0.3427722863852978,0.38720671307013566
00080,/Users/nikko/Downloads/moi-main/project_root/data/visualizations/video/pushups_video4/frame_00080.png,"[45, 56, 478, 354]",RIGHT_SHOULDER,0.2732818463166453,-0.374296046146702,0.9999221563339233,0.6046910658478737,0.3427722863852978,0.38720671307013566
00080,/Users/nikko/Downloads/moi-main/project_root/data/visualizations/video/pushups_video4/frame_00080.png,"[45, 56, 478, 354]",LEFT_HIP,-0.32960083230495174,0.33740574780766347,0.9992890357971191,0.6046910658478737,0.3427722863852978,0.38720671307013566
00080,/Users/nikko/Downloads/moi-main/project_root/data/visualizations/video/pushups_video4/frame_00080.png,"[45, 56, 478, 354]",RIGHT_HIP,-0.4753215794372165,0.19528584695084383,0.9995670914649963,0.6046910658478737,0.3427722863852978,0.38720671307013566
00080,/Users/nikko/Downloads/moi-main/project_root/data/visualizations/video/pushups_video4/frame_00080.png,"[45, 56, 478, 354]",LEFT_ELBOW,0.44790888259557426,0.5035719036709133,0.8608220815658569,0.6046910658478737,0.3427722863852978,0.38720671307013566
00080,/Users/nikko/Downloads/moi-main/project_root/data/visualizations/video/pushups_video4/frame_00080.png,"[45, 56, 478, 354]",RIGHT_ELBOW,0.08423572357136282,0.5782993157229941,0.9989388585090637,0.6046910658478737,0.3427722863852978,0.38720671307013566
00080,/Users/nikko/Downloads/moi-main/project_root/data/visualizations/video/pushups_video4/frame_00080.png,"[45, 56, 478, 354]",LEFT_WRIST,0.5383504358214009,1.1680474950092476,0.9438489079475403,0.6046910658478737,0.3427722863852978,0.38720671307013566
00080,/Users/nikko/Downloads/moi-main/project_root/data/visualizations/video/pushups_video4/frame_00080.png,"[45, 56, 478, 354]",RIGHT_WRIST,0.1504098942396871,1.391746683302445,0.999618411064148,0.6046910658478737,0.3427722863852978,0.38720671307013566
00080,/Users/nikko/Downloads/moi-main/project_root/data/visualizations/video/pushups_video4/frame_00080.png,"[45, 56, 478, 354]",RIGHT_KNEE,-1.0035313389778986,0.7413932379180953,0.9343997240066528,0.6046910658478737,0.3427722863852978,0.38720671307013566
00080,/Users/nikko/Downloads/moi-main/project_root/data/visualizations/video/pushups_video4/frame_00080.png,"[45, 56, 478, 354]",RIGHT_ANKLE,-1.4452448210116544,0.832038908883373,0.9495497941970825,0.6046910658478737,0.3427722863852978,0.38720671307013566
00080,/Users/nikko/Downloads/moi-main/project_root/data/visualizations/video/pushups_video4/frame_00080.png,"[45, 56, 478, 354]",LEFT_EYE,0.8686455724620062,-0.2598531869189095,0.9999395608901978,0.6046910658478737,0.3427722863852978,0.38720671307013566
00080,/Users/nikko/Downloads/moi-main/project_root/data/visualizations/video/pushups_video4/frame_00080.png,"[45, 56, 478, 354]",RIGHT_EYE,0.8384741689551015,-0.3419525820567732,0.9999656677246094,0.6046910658478737,0.3427722863852978,0.38720671307013566
00081,/Users/nikko/Downloads/moi-main/project_root/data/visualizations/video/pushups_video4/frame_00081.png,"[45, 57, 478, 354]",LEFT_SHOULDER,0.5312897766284814,-0.16264601065563422,0.9999845027923584,0.6049282476305962,0.33998237550258636,0.3879533911045266
00081,/Users/nikko/Downloads/moi-main/project_root/data/visualizations/video/pushups_video4/frame_00081.png,"[45, 57, 478, 354]",RIGHT_SHOULDER,0.2723820306126292,-0.373095657819536,0.9999456405639648,0.6049282476305962,0.33998237550258636,0.3879533911045266
00081,/Users/nikko/Downloads/moi-main/project_root/data/visualizations/video/pushups_video4/frame_00081.png,"[45, 57, 478, 354]",LEFT_HIP,-0.3292604122493194,0.3384925409949285,0.9995952248573303,0.6049282476305962,0.33998237550258636,0.3879533911045266
00081,/Users/nikko/Downloads/moi-main/project_root/data/visualizations/video/pushups_video4/frame_00081.png,"[45, 57, 478, 354]",RIGHT_HIP,-0.47441139499179125,0.1972491274802417,0.9997510313987732,0.6049282476305962,0.33998237550258636,0.3879533911045266
00081,/Users/nikko/Downloads/moi-main/project_root/data/visualizations/video/pushups_video4/frame_00081.png,"[45, 57, 478, 354]",LEFT_ELBOW,0.448035590776757,0.49937120756817066,0.8611703515052795,0.6049282476305962,0.33998237550258636,0.3879533911045266
00081,/Users/nikko/Downloads/moi-main/project_root/data/visualizations/video/pushups_video4/frame_00081.png,"[45, 57, 478, 354]",RIGHT_ELBOW,0.08572963138003262,0.5738882692786766,0.9989319443702698,0.6049282476305962,0.33998237550258636,0.3879533911045266
00081,/Users/nikko/Downloads/moi-main/project_root/data/visualizations/video/pushups_video4/frame_00081.png,"[45, 57, 478, 354]",LEFT_WRIST,0.5349302450206558,1.165339858861329,0.949107825756073,0.6049282476305962,0.33998237550258636,0.3879533911045266
00081,/Users/nikko/Downloads/moi-main/project_root/data/visualizations/video/pushups_video4/frame_00081.png,"[45, 57, 478, 354]",RIGHT_WRIST,0.14959492378775546,1.3892224426137343,0.9996436834335327,0.6049282476305962,0.33998237550258636,0.3879533911045266
00081,/Users/nikko/Downloads/moi-main/project_root/data/visualizations/video/pushups_video4/frame_00081.png,"[45, 57, 478, 354]",RIGHT_KNEE,-1.001489263383146,0.752433462935487,0.9295342564582825,0.6049282476305962,0.33998237550258636,0.3879533911045266
00081,/Users/nikko/Downloads/moi-main/project_root/data/visualizations/video/pushups_video4/frame_00081.png,"[45, 57, 478, 354]",RIGHT_ANKLE,-1.4301328303279086,0.8429129683713927,0.9486334323883057,0.6049282476305962,0.33998237550258636,0.3879533911045266
00081,/Users/nikko/Downloads/moi-main/project_root/data/visualizations/video/pushups_video4/frame_00081.png,"[45, 57, 478, 354]",LEFT_EYE,0.8653973546242983,-0.2616040279339136,0.9999516010284424,0.6049282476305962,0.33998237550258636,0.3879533911045266
00081,/Users/nikko/Downloads/moi-main/project_root/data/visualizations/video/pushups_video4/frame_00081.png,"[45, 57, 478, 354]",RIGHT_EYE,0.8371664018243977,-0.33837028301969857,0.9999725818634033,0.6049282476305962,0.33998237550258636,0.3879533911045266
00082,/Users/nikko/Downloads/moi-main/project_root/data/visualizations/video/pushups_video4/frame_00082.png,"[41, 57, 477, 353]",LEFT_SHOULDER,0.515069521561786,-0.15085227142552288,0.9999923706054688,0.6110415831208229,0.3417932838201523,0.3808964925613503
00082,/Users/nikko/Downloads/moi-main/project_root/data/visualizations/video/pushups_video4/frame_00082.png,"[41, 57, 477, 353]",RIGHT_SHOULDER,0.27364204133974673,-0.39459987872413266,0.999971866607666,0.6110415831208229,0.3417932838201523,0.3808964925613503
00082,/Users/nikko/Downloads/moi-main/project_root/data/visualizations/video/pushups_video4/frame_00082.png,"[41, 57, 477, 353]",LEFT_HIP,-0.3183606070506502,0.35927648581317845,0.9998152852058411,0.6110415831208229,0.3417932838201523,0.3808964925613503
00082,/Users/nikko/Downloads/moi-main/project_root/data/visualizations/video/pushups_video4/frame_00082.png,"[41, 57, 477, 353]",RIGHT_HIP,-0.4703509558508825,0.18617566433647711,0.9998911619186401,0.6110415831208229,0.3417932838201523,0.3808964925613503
00082,/Users/nikko/Downloads/moi-main/project_root/data/visualizations/video/pushups_video4/frame_00082.png,"[41, 57, 477, 353]",LEFT_ELBOW,0.4506909049085356,0.5190284198111552,0.890725314617157,0.6110415831208229,0.3417932838201523,0.3808964925613503
00082,/Users/nikko/Downloads/moi-main/project_root/data/visualizations/video/pushups_video4/frame_00082.png,"[41, 57, 477, 353]",RIGHT_ELBOW,0.08332464541676161,0.5691211941500175,0.9995884299278259,0.6110415831208229,0.3417932838201523,0.3808964925613503
00082,/Users/nikko/Downloads/moi-main/project_root/data/visualizations/video/pushups_video4/frame_00082.png,"[41, 57, 477, 353]",LEFT_WRIST,0.5322268663787924,1.1875966700947294,0.955563485622406,0.6110415831208229,0.3417932838201523,0.3808964925613503
00082,/Users/nikko/Downloads/moi-main/project_root/data/visualizations/video/pushups_video4/frame_00082.png,"[41, 57, 477, 353]",RIGHT_WRIST,0.140100744027249,1.4014497455489834,0.9998598098754883,0.6110415831208229,0.3417932838201523,0.3808964925613503
00082,/Users/nikko/Downloads/moi-main/project_root/data/visualizations/video/pushups_video4/frame_00082.png,"[41, 57, 477, 353]",RIGHT_KNEE,-1.0207201041414655,0.7548121066130621,0.9559707641601562,0.6110415831208229,0.3417932838201523,0.3808964925613503
00082,/Users/nikko/Downloads/moi-main/project_root/data/visualizations/video/pushups_video4/frame_00082.png,"[41, 57, 477, 353]",RIGHT_ANKLE,-1.4539196760212716,0.8650447843469502,0.9706149697303772,0.6110415831208229,0.3417932838201523,0.3808964925613503
00082,/Users/nikko/Downloads/moi-main/project_root/data/visualizations/video/pushups_video4/frame_00082.png,"[41, 57, 477, 353]",LEFT_EYE,0.8756754660881316,-0.2601415001900222,0.9999698400497437,0.6110415831208229,0.3417932838201523,0.3808964925613503
00082,/Users/nikko/Downloads/moi-main/project_root/data/visualizations/video/pushups_video4/frame_00082.png,"[41, 57, 477, 353]",RIGHT_EYE,0.8419361723506926,-0.3268085165556793,0.9999829530715942,0.6110415831208229,0.3417932838201523,0.3808964925613503
00083,/Users/nikko/Downloads/moi-main/project_root/data/visualizations/video/pushups_video4/frame_00083.png,"[45, 57, 479, 353]",LEFT_SHOULDER,0.5313701721910195,-0.15360334790009134,0.9999817609786987,0.6029041782021523,0.34108345583081245,0.3825113827018114
00083,/Users/nikko/Downloads/moi-main/project_root/data/visualizations/video/pushups_video4/frame_00083.png,"[45, 57, 479, 353]",RIGHT_SHOULDER,0.27121618383579604,-0.37888891651206913,0.9999161958694458,0.6029041782021523,0.34108345583081245,0.3825113827018114
00083,/Users/nikko/Downloads/moi-main/project_root/data/visualizations/video/pushups_video4/frame_00083.png,"[45, 57, 479, 353]",LEFT_HIP,-0.32785422111087387,0.34056966583634113,0.9991346001625061,0.6029041782021523,0.34108345583081245,0.3825113827018114
00083,/Users/nikko/Downloads/moi-main/project_root/data/visualizations/video/pushups_video4/frame_00083.png,"[45, 57, 479, 353]",RIGHT_HIP,-0.47473213491594163,0.19192259857581934,0.9994522929191589,0.6029041782021523,0.34108345583081245,0.3825113827018114
00083,/Users/nikko/Downloads/moi-main/project_root/data/visualizations/video/pushups_video4/frame_00083.png,"[45, 57, 479, 353]",LEFT_ELBOW,0.45303735210001045,0.5215522645563159,0.8952812552452087,0.6029041782021523,0.34108345583081245,0.3825113827018114
00083,/Users/nikko/Downloads/moi-main/project_root/data/visualizations/video/pushups_video4/frame_00083.png,"[45, 57, 479, 353]",RIGHT_ELBOW,0.08253982836360275,0.5953798867168113,0.9992181062698364,0.6029041782021523,0.34108345583081245,0.3825113827018114
00083,/Users/nikko/Downloads/moi-main/project_root/data/visualizations/video/pushups_video4/frame_00083.png,"[45, 57, 479, 353]",LEFT_WRIST,0.5460633317255352,1.1929289770745353,0.9566921591758728,0.6029041782021523,0.34108345583081245,0.3825113827018114
00083,/Users/nikko/Downloads/moi-main/project_root/data/visualizations/video/pushups_video4/frame_00083.png,"[45, 57, 479, 353]",RIGHT_WRIST,0.1530871889844177,1.426272269513517,0.9997114539146423,0.6029041782021523,0.34108345583081245,0.3825113827018114
00083,/Users/nikko/Downloads/moi-main/project_root/data/visualizations/video/pushups_video4/frame_00083.png,"[45, 57, 479, 353]",RIGHT_KNEE,-1.0066171707314824,0.7519219580706992,0.9336144328117371,0.6029041782021523,0.34108345583081245,0.3825113827018114
00083,/Users/nikko/Downloads/moi-main/project_root/data/visualizations/video/pushups_video4/frame_00083.png,"[45, 57, 479, 353]",RIGHT_ANKLE,-1.4540003724317312,0.876204774057656,0.9526289701461792,0.6029041782021523,0.34108345583081245,0.3825113827018114
00083,/Users/nikko/Downloads/moi-main/project_root/data/visualizations/video/pushups_video4/frame_00083.png,"[45, 57, 479, 353]",LEFT_EYE,0.8739392708760315,-0.254371078223691,0.9999420642852783,0.6029041782021523,0.34108345583081245,0.3825113827018114
00083,/Users/nikko/Downloads/moi-main/project_root/data/visualizations/video/pushups_video4/frame_00083.png,"[45, 57, 479, 353]",RIGHT_EYE,0.8415446040190057,-0.3206484190399133,0.9999665021896362,0.6029041782021523,0.34108345583081245,0.3825113827018114
00084,/Users/nikko/Downloads/moi-main/project_root/data/visualizations/video/pushups_video4/frame_00084.png,"[47, 58, 478, 353]",LEFT_SHOULDER,0.5291795213166828,-0.13948042608033165,0.999977707862854,0.6013842821121216,0.33901145681738853,0.38731936980516146
00084,/Users/nikko/Downloads/moi-main/project_root/data/visualizations/video/pushups_video4/frame_00084.png,"[47, 58, 478, 353]",RIGHT_SHOULDER,0.27669314580951593,-0.3867316502691618,0.9998916387557983,0.6013842821121216,0.33901145681738853,0.38731936980516146
00084,/Users/nikko/Downloads/moi-main/project_root/data/visualizations/video/pushups_video4/frame_00084.png,"[47, 58, 478, 353]",LEFT_HIP,-0.33516325532112534,0.33646902305606696,0.997989296913147,0.6013842821121216,0.33901145681738853,0.38731936980516146
00084,/Users/nikko/Downloads/moi-main/project_root/data/visualizations/video/pushups_video4/frame_00084.png,"[47, 58, 478, 353]",RIGHT_HIP,-0.4707094118050733,0.18974305329342647,0.9986867308616638,0.6013842821121216,0.33901145681738853,0.38731936980516146
00084,/Users/nikko/Downloads/moi-main/project_root/data/visualizations/video/pushups_video4/frame_00084.png,"[47, 58, 478, 353]",LEFT_ELBOW,0.4565284323750612,0.5238151503438139,0.9419611692428589,0.6013842821121216,0.33901145681738853,0.38731936980516146
00084,/Users/nikko/Downloads/moi-main/project_root/data/visualizations/video/pushups_video4/frame_00084.png,"[47, 58, 478, 353]",RIGHT_ELBOW,0.08609816613721445,0.5792676274556067,0.9994930028915405,0.6013842821121216,0.33901145681738853,0.38731936980516146
00084,/Users/nikko/Downloads/moi-main/project_root/data/visualizations/video/pushups_video4/frame_00084.png,"[47, 58, 478, 353]",LEFT_WRIST,0.54621239343033,1.1897097778975685,0.9718957543373108,0.6013842821121216,0.33901145681738853,0.38731936980516146
00084,/Users/nikko/Downloads/moi-main/project_root/data/visualizations/video/pushups_video4/frame_00084.png,"[47, 58, 478, 353]",RIGHT_WRIST,0.15338002694738595,1.4033014894429388,0.9998217225074768,0.6013842821121216,0.33901145681738853,0.38731936980516146
00084,/Users/nikko/Downloads/moi-main/project_root/data/visualizations/video/pushups_video4/frame_00084.png,"[47, 58, 478, 353]",RIGHT_KNEE,-1.0162780826422861,0.7543066190032985,0.9663801789283752,0.6013842821121216,0.33901145681738853,0.38731936980516146
00084,/Users/nikko/Downloads/moi-main/project_root/data/visualizations/video/pushups_video4/frame_00084.png,"[47, 58, 478, 353]",RIGHT_ANKLE,-1.4444714869375757,0.8776280479347636,0.9648208618164062,0.6013842821121216,0.33901145681738853,0.38731936980516146
00084,/Users/nikko/Downloads/moi-main/project_root/data/visualizations/video/pushups_video4/frame_00084.png,"[47, 58, 478, 353]",LEFT_EYE,0.8707892359793513,-0.25110096960776473,0.9999151229858398,0.6013842821121216,0.33901145681738853,0.38731936980516146
00084,/Users/nikko/Downloads/moi-main/project_root/data/visualizations/video/pushups_video4/frame_00084.png,"[47, 58, 478, 353]",RIGHT_EYE,0.8422643074262572,-0.319739333819246,0.999953031539917,0.6013842821121216,0.33901145681738853,0.38731936980516146
00085,/Users/nikko/Downloads/moi-main/project_root/data/visualizations/video/pushups_video4/frame_00085.png,"[46, 58, 478, 353]",LEFT_SHOULDER,0.5311576239076274,-0.14519027344226235,0.999976634979248,0.6022422164678574,0.34023306891322136,0.3861612126878226
00085,/Users/nikko/Downloads/moi-main/project_root/data/visualizations/video/pushups_video4/frame_00085.png,"[46, 58, 478, 353]",RIGHT_SHOULDER,0.27489102446085223,-0.3821522198745957,0.9998874664306641,0.6022422164678574,0.34023306891322136,0.3861612126878226
00085,/Users/nikko/Downloads/moi-main/project_root/data/visualizations/video/pushups_video4/frame_00085.png,"[46, 58, 478, 353]",LEFT_HIP,-0.332709555557451,0.33583410693608456,0.9983445405960083,0.6022422164678574,0.34023306891322136,0.3861612126878226
00085,/Users/nikko/Downloads/moi-main/project_root/data/visualizations/video/pushups_video4/frame_00085.png,"[46, 58, 478, 353]",RIGHT_HIP,-0.47333909281102865,0.19150838638077347,0.9989018440246582,0.6022422164678574,0.34023306891322136,0.3861612126878226
00085,/Users/nikko/Downloads/moi-main/project_root/data/visualizations/video/pushups_video4/frame_00085.png,"[46, 58, 478, 353]",LEFT_ELBOW,0.45700644344760266,0.5273050147914805,0.9292566776275635,0.6022422164678574,0.34023306891322136,0.3861612126878226
00085,/Users/nikko/Downloads/moi-main/project_root/data/visualizations/video/pushups_video4/frame_00085.png,"[46, 58, 478, 353]",RIGHT_ELBOW,0.08340830869939135,0.5802683355714285,0.9992220401763916,0.6022422164678574,0.34023306891322136,0.3861612126878226
00085,/Users/nikko/Downloads/moi-main/project_root/data/visualizations/video/pushups_video4/frame_00085.png,"[46, 58, 478, 353]",LEFT_WRIST,0.5500336036264003,1.1845631649467057,0.9678242802619934,0.6022422164678574,0.34023306891322136,0.3861612126878226
00085,/Users/nikko/Downloads/moi-main/project_root/data/visualizations/video/pushups_video4/frame_00085.png,"[46, 58, 478, 353]",RIGHT_WRIST,0.15541508080700628,1.4079601039982643,0.9996941089630127,0.6022422164678574,0.34023306891322136,0.3861612126878226
00085,/Users/nikko/Downloads/moi-main/project_root/data/visualizations/video/pushups_video4/frame_00085.png,"[46, 58, 478, 353]",RIGHT_KNEE,-1.008917542726247,0.7399803751361295,0.951705276966095,0.6022422164678574,0.34023306891322136,0.3861612126878226
00085,/Users/nikko/Downloads/moi-main/project_root/data/visualizations/video/pushups_video4/frame_00085.png,"[46, 58, 478, 353]",RIGHT_ANKLE,-1.4376121389317478,0.868179968920365,0.9534400701522827,0.6022422164678574,0.34023306891322136,0.3861612126878226
00085,/Users/nikko/Downloads/moi-main/project_root/data/visualizations/video/pushups_video4/frame_00085.png,"[46, 58, 478, 353]",LEFT_EYE,0.8717516579183671,-0.25779590657483653,0.9999456405639648,0.6022422164678574,0.34023306891322136,0.3861612126878226
00085,/Users/nikko/Downloads/moi-main/project_root/data/visualizations/video/pushups_video4/frame_00085.png,"[46, 58, 478, 353]",RIGHT_EYE,0.8410629872316044,-0.3325743723975759,0.9999687671661377,0.6022422164678574,0.34023306891322136,0.3861612126878226
00086,/Users/nikko/Downloads/moi-main/project_root/data/visualizations/video/pushups_video4/frame_00086.png,"[47, 58, 478, 353]",LEFT_SHOULDER,0.525339081438455,-0.14591048773893164,0.9999754428863525,0.5998181030154228,0.3408054709434509,0.39142363157677174
00086,/Users/nikko/Downloads/moi-main/project_root/data/visualizations/video/pushups_video4/frame_00086.png,"[47, 58, 478, 353]",RIGHT_SHOULDER,0.27595804052948225,-0.38354209756379787,0.9998925924301147,0.5998181030154228,0.3408054709434509,0.39142363157677174
00086,/Users/nikko/Downloads/moi-main/project_root/data/visualizations/video/pushups_video4/frame_00086.png,"[47, 58, 478, 353]",LEFT_HIP,-0.33053102891048247,0.35067099371580823,0.9987358450889587,0.5998181030154228,0.3408054709434509,0.39142363157677174
00086,/Users/nikko/Downloads/moi-main/project_root/data/visualizations/video/pushups_video4/frame_00086.png,"[47, 58, 478, 353]",RIGHT_HIP,-0.47076609305745476,0.1787815915869213,0.9991917014122009,0.5998181030154228,0.3408054709434509,0.39142363157677174
00086,/Users/nikko/Downloads/moi-main/project_root/data/visualizations/video/pushups_video4/frame_00086.png,"[47, 58, 478, 353]",LEFT_ELBOW,0.4562773969744924,0.5017430477893222,0.9294898509979248,0.5998181030154228,0.3408054709434509,0.39142363157677174
00086,/Users/nikko/Downloads/moi-main/project_root/data/visualizations/video/pushups_video4/frame_00086.png,"[47, 58, 478, 353]",RIGHT_ELBOW,0.08994125652935053,0.5536507775804412,0.9994834661483765,0.5998181030154228,0.3408054709434509,0.39142363157677174
00086,/Users/nikko/Downloads/moi-main/project_root/data/visualizations/video/pushups_video4/frame_00086.png,"[47, 58, 478, 353]",LEFT_WRIST,0.5388510375856846,1.1554022186335307,0.9687862992286682,0.5998181030154228,0.3408054709434509,0.39142363157677174
00086,/Users/nikko/Downloads/moi-main/project_root/data/visualizations/video/pushups_video4/frame_00086.png,"[47, 58, 478, 353]",RIGHT_WRIST,0.15388660079754865,1.3765626057498292,0.9998248219490051,0.5998181030154228,0.3408054709434509,0.39142363157677174
00086,/Users/nikko/Downloads/moi-main/project_root/data/visualizations/video/pushups_video4/frame_00086.png,"[47, 58, 478, 353]",RIGHT_KNEE,-1.0059138217668806,0.7375930979808557,0.9738856554031372,0.5998181030154228,0.3408054709434509,0.39142363157677174
00086,/Users/nikko/Downloads/moi-main/project_root/data/visualizations/video/pushups_video4/frame_00086.png,"[47, 58, 478, 353]",RIGHT_ANKLE,-1.418114444376453,0.835298612802391,0.9765591621398926,0.5998181030154228,0.3408054709434509,0.39142363157677174
00086,/Users/nikko/Downloads/moi-main/project_root/data/visualizations/video/pushups_video4/frame_00086.png,"[47, 58, 478, 353]",LEFT_EYE,0.865554918706125,-0.2583224541266265,0.9998399019241333,0.5998181030154228,0.3408054709434509,0.39142363157677174
00086,/Users/nikko/Downloads/moi-main/project_root/data/visualizations/video/pushups_video4/frame_00086.png,"[47, 58, 478, 353]",RIGHT_EYE,0.8344582174930694,-0.3194032478548495,0.9999092817306519,0.5998181030154228,0.3408054709434509,0.39142363157677174
