frame_id,image_path,bbox,landmark,x_norm,y_norm,visibility,center_x,center_y,unit_length
00000,/Users/nikko/Downloads/moi-main/project_root/data/visualizations/video/pushups_video1/frame_00000.png,"[9, 129, 498, 358]",LEFT_SHOULDER,0.4149711151007787,-0.11540118203539262,0.9977618455886841,0.6623208820819855,0.23957693949341774,0.3239270402290376
00000,/Users/nikko/Downloads/moi-main/project_root/data/visualizations/video/pushups_video1/frame_00000.png,"[9, 129, 498, 358]",RIGHT_SHOULDER,0.559668770760575,0.16495085931704156,0.9989559650421143,0.6623208820819855,0.23957693949341774,0.3239270402290376
00000,/Users/nikko/Downloads/moi-main/project_root/data/visualizations/video/pushups_video1/frame_00000.png,"[9, 129, 498, 358]",LEFT_HIP,-0.505423135443143,-0.10657278552828028,0.9862555265426636,0.6623208820819855,0.23957693949341774,0.3239270402290376
00000,/Users/nikko/Downloads/moi-main/project_root/data/visualizations/video/pushups_video1/frame_00000.png,"[9, 129, 498, 358]",RIGHT_HIP,-0.46921675041821065,0.05702310824663134,0.9940662384033203,0.6623208820819855,0.23957693949341774,0.3239270402290376
00000,/Users/nikko/Downloads/moi-main/project_root/data/visualizations/video/pushups_video1/frame_00000.png,"[9, 129, 498, 358]",RIGHT_ELBOW,0.5573202972255147,1.5333005661227181,0.9847320318222046,0.6623208820819855,0.23957693949341774,0.3239270402290376
00000,/Users/nikko/Downloads/moi-main/project_root/data/visualizations/video/pushups_video1/frame_00000.png,"[9, 129, 498, 358]",RIGHT_WRIST,0.6754623349188165,2.5715003066755706,0.9310314059257507,0.6623208820819855,0.23957693949341774,0.3239270402290376
00000,/Users/nikko/Downloads/moi-main/project_root/data/visualizations/video/pushups_video1/frame_00000.png,"[9, 129, 498, 358]",RIGHT_KNEE,-1.2121436475934206,0.8587993885736727,0.9353188276290894,0.6623208820819855,0.23957693949341774,0.3239270402290376
00000,/Users/nikko/Downloads/moi-main/project_root/data/visualizations/video/pushups_video1/frame_00000.png,"[9, 129, 498, 358]",RIGHT_ANKLE,-1.8413018789114601,1.5054506472202671,0.9894612431526184,0.6623208820819855,0.23957693949341774,0.3239270402290376
00000,/Users/nikko/Downloads/moi-main/project_root/data/visualizations/video/pushups_video1/frame_00000.png,"[9, 129, 498, 358]",LEFT_EYE,0.8929082042745179,0.35007444249720504,0.9986976385116577,0.6623208820819855,0.23957693949341774,0.3239270402290376
00000,/Users/nikko/Downloads/moi-main/project_root/data/visualizations/video/pushups_video1/frame_00000.png,"[9, 129, 498, 358]",RIGHT_EYE,0.9026355179905273,0.3368266265552659,0.999355137348175,0.6623208820819855,0.23957693949341774,0.3239270402290376
00001,/Users/nikko/Downloads/moi-main/project_root/data/visualizations/video/pushups_video1/frame_00001.png,"[8, 126, 508, 360]",LEFT_SHOULDER,0.4241444920819952,-0.13240469031420468,0.998017430305481,0.6483310610055923,0.24899634718894958,0.3234220729597268
00001,/Users/nikko/Downloads/moi-main/project_root/data/visualizations/video/pushups_video1/frame_00001.png,"[8, 126, 508, 360]",RIGHT_SHOULDER,0.5494094608487131,0.14430361191440821,0.9990384578704834,0.6483310610055923,0.24899634718894958,0.3234220729597268
00001,/Users/nikko/Downloads/moi-main/project_root/data/visualizations/video/pushups_video1/frame_00001.png,"[8, 126, 508, 360]",LEFT_HIP,-0.5041719042602648,-0.09595388791230497,0.9849511384963989,0.6483310610055923,0.24899634718894958,0.3234220729597268
00001,/Users/nikko/Downloads/moi-main/project_root/data/visualizations/video/pushups_video1/frame_00001.png,"[8, 126, 508, 360]",RIGHT_HIP,-0.4693820486704434,0.08405496631210144,0.9933011531829834,0.6483310610055923,0.24899634718894958,0.3234220729597268
00001,/Users/nikko/Downloads/moi-main/project_root/data/visualizations/video/pushups_video1/frame_00001.png,"[8, 126, 508, 360]",RIGHT_ELBOW,0.5353454570683935,1.4717828927431738,0.9840348958969116,0.6483310610055923,0.24899634718894958,0.3234220729597268
00001,/Users/nikko/Downloads/moi-main/project_root/data/visualizations/video/pushups_video1/frame_00001.png,"[8, 126, 508, 360]",RIGHT_WRIST,0.6653661243078637,2.442725496341983,0.9360222220420837,0.6483310610055923,0.24899634718894958,0.3234220729597268
00001,/Users/nikko/Downloads/moi-main/project_root/data/visualizations/video/pushups_video1/frame_00001.png,"[8, 126, 508, 360]",RIGHT_KNEE,-1.1848864210940877,0.8221060121267548,0.9135566353797913,0.6483310610055923,0.24899634718894958,0.3234220729597268
00001,/Users/nikko/Downloads/moi-main/project_root/data/visualizations/video/pushups_video1/frame_00001.png,"[8, 126, 508, 360]",RIGHT_ANKLE,-1.7941817915048441,1.4670611043079718,0.9856497645378113,0.6483310610055923,0.24899634718894958,0.3234220729597268
00001,/Users/nikko/Downloads/moi-main/project_root/data/visualizations/video/pushups_video1/frame_00001.png,"[8, 126, 508, 360]",LEFT_EYE,0.8584487723573834,0.3636784260079492,0.9989175796508789,0.6483310610055923,0.24899634718894958,0.3234220729597268
00001,/Users/nikko/Downloads/moi-main/project_root/data/visualizations/video/pushups_video1/frame_00001.png,"[8, 126, 508, 360]",RIGHT_EYE,0.8673214073999017,0.35971261025770096,0.9994822144508362,0.6483310610055923,0.24899634718894958,0.3234220729597268
00002,/Users/nikko/Downloads/moi-main/project_root/data/visualizations/video/pushups_video1/frame_00002.png,"[7, 127, 506, 360]",LEFT_SHOULDER,0.4148734155374834,-0.14667654353413456,0.9978893399238586,0.6499638929963112,0.24941884726285934,0.32494750042098486
00002,/Users/nikko/Downloads/moi-main/project_root/data/visualizations/video/pushups_video1/frame_00002.png,"[7, 127, 506, 360]",RIGHT_SHOULDER,0.5565323402132588,0.12822244037338879,0.9990781545639038,0.6499638929963112,0.24941884726285934,0.32494750042098486
00002,/Users/nikko/Downloads/moi-main/project_root/data/visualizations/video/pushups_video1/frame_00002.png,"[7, 127, 506, 360]",LEFT_HIP,-0.504162162892302,-0.08752386675243197,0.9856491088867188,0.6499638929963112,0.24941884726285934,0.32494750042098486
00002,/Users/nikko/Downloads/moi-main/project_root/data/visualizations/video/pushups_video1/frame_00002.png,"[7, 127, 506, 360]",RIGHT_HIP,-0.4672435928584402,0.10597796991317775,0.9938218593597412,0.6499638929963112,0.24941884726285934,0.32494750042098486
00002,/Users/nikko/Downloads/moi-main/project_root/data/visualizations/video/pushups_video1/frame_00002.png,"[7, 127, 506, 360]",RIGHT_ELBOW,0.5434652580568851,1.4679811767595097,0.9847975373268127,0.6499638929963112,0.24941884726285934,0.32494750042098486
00002,/Users/nikko/Downloads/moi-main/project_root/data/visualizations/video/pushups_video1/frame_00002.png,"[7, 127, 506, 360]",RIGHT_WRIST,0.6670733472116686,2.4598379763019236,0.939612865447998,0.6499638929963112,0.24941884726285934,0.32494750042098486
00002,/Users/nikko/Downloads/moi-main/project_root/data/visualizations/video/pushups_video1/frame_00002.png,"[7, 127, 506, 360]",RIGHT_KNEE,-1.1945705778626177,0.8263301764921464,0.9076179265975952,0.6499638929963112,0.24941884726285934,0.32494750042098486
00002,/Users/nikko/Downloads/moi-main/project_root/data/visualizations/video/pushups_video1/frame_00002.png,"[7, 127, 506, 360]",RIGHT_ANKLE,-1.7868532546827938,1.4333524368738706,0.9837285876274109,0.6499638929963112,0.24941884726285934,0.32494750042098486
00002,/Users/nikko/Downloads/moi-main/project_root/data/visualizations/video/pushups_video1/frame_00002.png,"[7, 127, 506, 360]",LEFT_EYE,0.8588687940497957,0.3491576198259177,0.9987517595291138,0.6499638929963112,0.24941884726285934,0.32494750042098486
00002,/Users/nikko/Downloads/moi-main/project_root/data/visualizations/video/pushups_video1/frame_00002.png,"[7, 127, 506, 360]",RIGHT_EYE,0.8686521385273547,0.34594771213345776,0.9994148015975952,0.6499638929963112,0.24941884726285934,0.32494750042098486
00003,/Users/nikko/Downloads/moi-main/project_root/data/visualizations/video/pushups_video1/frame_00003.png,"[5, 129, 508, 360]",LEFT_SHOULDER,0.4234363306347404,-0.14808214495058458,0.9977791905403137,0.6491315960884094,0.2450115755200386,0.3176348121868343
00003,/Users/nikko/Downloads/moi-main/project_root/data/visualizations/video/pushups_video1/frame_00003.png,"[5, 129, 508, 360]",RIGHT_SHOULDER,0.5504566838116027,0.13526263980214362,0.9990540146827698,0.6491315960884094,0.2450115755200386,0.3176348121868343
00003,/Users/nikko/Downloads/moi-main/project_root/data/visualizations/video/pushups_video1/frame_00003.png,"[5, 129, 508, 360]",LEFT_HIP,-0.5037580162766613,-0.07684626282367549,0.9861489534378052,0.6491315960884094,0.2450115755200386,0.3176348121868343
00003,/Users/nikko/Downloads/moi-main/project_root/data/visualizations/video/pushups_video1/frame_00003.png,"[5, 129, 508, 360]",RIGHT_HIP,-0.47013499816968185,0.08966576797211644,0.9941231608390808,0.6491315960884094,0.2450115755200386,0.3176348121868343
00003,/Users/nikko/Downloads/moi-main/project_root/data/visualizations/video/pushups_video1/frame_00003.png,"[5, 129, 508, 360]",RIGHT_ELBOW,0.5424730513044789,1.4619255311930996,0.9887009859085083,0.6491315960884094,0.2450115755200386,0.3176348121868343
00003,/Users/nikko/Downloads/moi-main/project_root/data/visualizations/video/pushups_video1/frame_00003.png,"[5, 129, 508, 360]",RIGHT_WRIST,0.6690374113683477,2.482540951087468,0.95444655418396,0.6491315960884094,0.2450115755200386,0.3176348121868343
00003,/Users/nikko/Downloads/moi-main/project_root/data/visualizations/video/pushups_video1/frame_00003.png,"[5, 129, 508, 360]",RIGHT_KNEE,-1.19737120461752,0.8312328246433132,0.9435133337974548,0.6491315960884094,0.2450115755200386,0.3176348121868343
00003,/Users/nikko/Downloads/moi-main/project_root/data/visualizations/video/pushups_video1/frame_00003.png,"[5, 129, 508, 360]",RIGHT_ANKLE,-1.8253674531273223,1.5047948886620728,0.9908435344696045,0.6491315960884094,0.2450115755200386,0.3176348121868343
00003,/Users/nikko/Downloads/moi-main/project_root/data/visualizations/video/pushups_video1/frame_00003.png,"[5, 129, 508, 360]",LEFT_EYE,0.8852866094866819,0.35518577255535205,0.9984764456748962,0.6491315960884094,0.2450115755200386,0.3176348121868343
00003,/Users/nikko/Downloads/moi-main/project_root/data/visualizations/video/pushups_video1/frame_00003.png,"[5, 129, 508, 360]",RIGHT_EYE,0.8930058410488643,0.34694843523803587,0.9992915391921997,0.6491315960884094,0.2450115755200386,0.3176348121868343
00004,/Users/nikko/Downloads/moi-main/project_root/data/visualizations/video/pushups_video1/frame_00004.png,"[2, 128, 511, 360]",LEFT_SHOULDER,0.41597100204493137,-0.1464404359795164,0.9983224272727966,0.6496279761195183,0.24877315387129784,0.3030593241726972
00004,/Users/nikko/Downloads/moi-main/project_root/data/visualizations/video/pushups_video1/frame_00004.png,"[2, 128, 511, 360]",RIGHT_SHOULDER,0.5628617903145062,0.10226087263709538,0.9992491602897644,0.6496279761195183,0.24877315387129784,0.3030593241726972
00004,/Users/nikko/Downloads/moi-main/project_root/data/visualizations/video/pushups_video1/frame_00004.png,"[2, 128, 511, 360]",LEFT_HIP,-0.5056929001435093,-0.04889523871657404,0.9884387850761414,0.6496279761195183,0.24877315387129784,0.3030593241726972
00004,/Users/nikko/Downloads/moi-main/project_root/data/visualizations/video/pushups_video1/frame_00004.png,"[2, 128, 511, 360]",RIGHT_HIP,-0.4731398922159283,0.09307480205899506,0.9951865077018738,0.6496279761195183,0.24877315387129784,0.3030593241726972
00004,/Users/nikko/Downloads/moi-main/project_root/data/visualizations/video/pushups_video1/frame_00004.png,"[2, 128, 511, 360]",RIGHT_ELBOW,0.5541940606313259,1.448887604828061,0.9833812713623047,0.6496279761195183,0.24877315387129784,0.3030593241726972
00004,/Users/nikko/Downloads/moi-main/project_root/data/visualizations/video/pushups_video1/frame_00004.png,"[2, 128, 511, 360]",RIGHT_WRIST,0.6846963868439844,2.511970853614201,0.9110883474349976,0.6496279761195183,0.24877315387129784,0.3030593241726972
00004,/Users/nikko/Downloads/moi-main/project_root/data/visualizations/video/pushups_video1/frame_00004.png,"[2, 128, 511, 360]",RIGHT_KNEE,-1.2274544224121888,0.8719304282625517,0.9370326995849609,0.6496279761195183,0.24877315387129784,0.3030593241726972
00004,/Users/nikko/Downloads/moi-main/project_root/data/visualizations/video/pushups_video1/frame_00004.png,"[2, 128, 511, 360]",RIGHT_ANKLE,-1.8880772870242746,1.5702727955730988,0.9886245727539062,0.6496279761195183,0.24877315387129784,0.3030593241726972
00004,/Users/nikko/Downloads/moi-main/project_root/data/visualizations/video/pushups_video1/frame_00004.png,"[2, 128, 511, 360]",LEFT_EYE,0.8930080635363112,0.33052174093749775,0.9991917014122009,0.6496279761195183,0.24877315387129784,0.3030593241726972
00004,/Users/nikko/Downloads/moi-main/project_root/data/visualizations/video/pushups_video1/frame_00004.png,"[2, 128, 511, 360]",RIGHT_EYE,0.9015959425637003,0.3152732158287721,0.9996232986450195,0.6496279761195183,0.24877315387129784,0.3030593241726972
00005,/Users/nikko/Downloads/moi-main/project_root/data/visualizations/video/pushups_video1/frame_00005.png,"[1, 127, 509, 360]",LEFT_SHOULDER,0.4132918379784508,-0.1730592836155466,0.9984448552131653,0.6582739353179932,0.25100237876176834,0.30534535275380936
00005,/Users/nikko/Downloads/moi-main/project_root/data/visualizations/video/pushups_video1/frame_00005.png,"[1, 127, 509, 360]",RIGHT_SHOULDER,0.5565942429743126,0.12188176347079077,0.9993879795074463,0.6582739353179932,0.25100237876176834,0.30534535275380936
00005,/Users/nikko/Downloads/moi-main/project_root/data/visualizations/video/pushups_video1/frame_00005.png,"[1, 127, 509, 360]",LEFT_HIP,-0.5038770510073858,-0.059883693285264,0.9857760071754456,0.6582739353179932,0.25100237876176834,0.30534535275380936
00005,/Users/nikko/Downloads/moi-main/project_root/data/visualizations/video/pushups_video1/frame_00005.png,"[1, 127, 509, 360]",RIGHT_HIP,-0.46600902994537763,0.11106121343001982,0.9945118427276611,0.6582739353179932,0.25100237876176834,0.30534535275380936
00005,/Users/nikko/Downloads/moi-main/project_root/data/visualizations/video/pushups_video1/frame_00005.png,"[1, 127, 509, 360]",RIGHT_ELBOW,0.5418278385800248,1.5015667990105608,0.9900381565093994,0.6582739353179932,0.25100237876176834,0.30534535275380936
00005,/Users/nikko/Downloads/moi-main/project_root/data/visualizations/video/pushups_video1/frame_00005.png,"[1, 127, 509, 360]",RIGHT_WRIST,0.6617428482016484,2.544826367657707,0.9572970271110535,0.6582739353179932,0.25100237876176834,0.30534535275380936
00005,/Users/nikko/Downloads/moi-main/project_root/data/visualizations/video/pushups_video1/frame_00005.png,"[1, 127, 509, 360]",RIGHT_KNEE,-1.2200322430116166,0.8728928806825753,0.9464820623397827,0.6582739353179932,0.25100237876176834,0.30534535275380936
00005,/Users/nikko/Downloads/moi-main/project_root/data/visualizations/video/pushups_video1/frame_00005.png,"[1, 127, 509, 360]",RIGHT_ANKLE,-1.8934409723254668,1.5548936131772517,0.9905553460121155,0.6582739353179932,0.25100237876176834,0.30534535275380936
00005,/Users/nikko/Downloads/moi-main/project_root/data/visualizations/video/pushups_video1/frame_00005.png,"[1, 127, 509, 360]",LEFT_EYE,0.8853272068771169,0.3447654372643976,0.9989340901374817,0.6582739353179932,0.25100237876176834,0.30534535275380936
00005,/Users/nikko/Downloads/moi-main/project_root/data/visualizations/video/pushups_video1/frame_00005.png,"[1, 127, 509, 360]",RIGHT_EYE,0.8942962466505925,0.34136010288242963,0.9995168447494507,0.6582739353179932,0.25100237876176834,0.30534535275380936
00006,/Users/nikko/Downloads/moi-main/project_root/data/visualizations/video/pushups_video1/frame_00006.png,"[4, 129, 520, 359]",LEFT_SHOULDER,0.4160982117294123,-0.1716000361059178,0.9982919096946716,0.6423328816890717,0.24674077332019806,0.2989621251688363
00006,/Users/nikko/Downloads/moi-main/project_root/data/visualizations/video/pushups_video1/frame_00006.png,"[4, 129, 520, 359]",RIGHT_SHOULDER,0.5522518691684898,0.11090694543684267,0.9992326498031616,0.6423328816890717,0.24674077332019806,0.2989621251688363
00006,/Users/nikko/Downloads/moi-main/project_root/data/visualizations/video/pushups_video1/frame_00006.png,"[4, 129, 520, 359]",LEFT_HIP,-0.5036753062275056,-0.0648498451053821,0.9849263429641724,0.6423328816890717,0.24674077332019806,0.2989621251688363
00006,/Users/nikko/Downloads/moi-main/project_root/data/visualizations/video/pushups_video1/frame_00006.png,"[4, 129, 520, 359]",RIGHT_HIP,-0.46467477467039653,0.12554293577445727,0.9938850998878479,0.6423328816890717,0.24674077332019806,0.2989621251688363
00006,/Users/nikko/Downloads/moi-main/project_root/data/visualizations/video/pushups_video1/frame_00006.png,"[4, 129, 520, 359]",RIGHT_ELBOW,0.5473975623221907,1.5957456650557353,0.9906502962112427,0.6423328816890717,0.24674077332019806,0.2989621251688363
00006,/Users/nikko/Downloads/moi-main/project_root/data/visualizations/video/pushups_video1/frame_00006.png,"[4, 129, 520, 359]",RIGHT_WRIST,0.6626993122353634,2.7009438156953953,0.9589649438858032,0.6423328816890717,0.24674077332019806,0.2989621251688363
00006,/Users/nikko/Downloads/moi-main/project_root/data/visualizations/video/pushups_video1/frame_00006.png,"[4, 129, 520, 359]",RIGHT_KNEE,-1.2279247092132164,0.8970149671770346,0.9557742476463318,0.6423328816890717,0.24674077332019806,0.2989621251688363
00006,/Users/nikko/Downloads/moi-main/project_root/data/visualizations/video/pushups_video1/frame_00006.png,"[4, 129, 520, 359]",RIGHT_ANKLE,-1.9022886727816017,1.5783317264495604,0.9922018051147461,0.6423328816890717,0.24674077332019806,0.2989621251688363
00006,/Users/nikko/Downloads/moi-main/project_root/data/visualizations/video/pushups_video1/frame_00006.png,"[4, 129, 520, 359]",LEFT_EYE,0.900590054116049,0.3506806551592349,0.9992782473564148,0.6423328816890717,0.24674077332019806,0.2989621251688363
00006,/Users/nikko/Downloads/moi-main/project_root/data/visualizations/video/pushups_video1/frame_00006.png,"[4, 129, 520, 359]",RIGHT_EYE,0.9061070731340706,0.3394673817915496,0.9996551275253296,0.6423328816890717,0.24674077332019806,0.2989621251688363
00007,/Users/nikko/Downloads/moi-main/project_root/data/visualizations/video/pushups_video1/frame_00007.png,"[6, 130, 521, 359]",LEFT_SHOULDER,0.4211886449896423,-0.16637023681380858,0.9981856942176819,0.6365441903471947,0.24965935945510864,0.30569298614681684
00007,/Users/nikko/Downloads/moi-main/project_root/data/visualizations/video/pushups_video1/frame_00007.png,"[6, 130, 521, 359]",RIGHT_SHOULDER,0.5516597131234353,0.09220759587424399,0.9989234805107117,0.6365441903471947,0.24965935945510864,0.30569298614681684
00007,/Users/nikko/Downloads/moi-main/project_root/data/visualizations/video/pushups_video1/frame_00007.png,"[6, 130, 521, 359]",LEFT_HIP,-0.500935766791951,-0.04698516554369364,0.9845704436302185,0.6365441903471947,0.24965935945510864,0.30569298614681684
00007,/Users/nikko/Downloads/moi-main/project_root/data/visualizations/video/pushups_video1/frame_00007.png,"[6, 130, 521, 359]",RIGHT_HIP,-0.4719125913211268,0.12114780648325824,0.9928539395332336,0.6365441903471947,0.24965935945510864,0.30569298614681684
00007,/Users/nikko/Downloads/moi-main/project_root/data/visualizations/video/pushups_video1/frame_00007.png,"[6, 130, 521, 359]",RIGHT_ELBOW,0.5502511628021315,1.5654223488237082,0.985671877861023,0.6365441903471947,0.24965935945510864,0.30569298614681684
00007,/Users/nikko/Downloads/moi-main/project_root/data/visualizations/video/pushups_video1/frame_00007.png,"[6, 130, 521, 359]",RIGHT_WRIST,0.6730843941161414,2.683898070950702,0.9247571229934692,0.6365441903471947,0.24965935945510864,0.30569298614681684
00007,/Users/nikko/Downloads/moi-main/project_root/data/visualizations/video/pushups_video1/frame_00007.png,"[6, 130, 521, 359]",RIGHT_KNEE,-1.1990658731905075,0.8775118365545116,0.9295206665992737,0.6365441903471947,0.24965935945510864,0.30569298614681684
00007,/Users/nikko/Downloads/moi-main/project_root/data/visualizations/video/pushups_video1/frame_00007.png,"[6, 130, 521, 359]",RIGHT_ANKLE,-1.8568835384685765,1.5294122841033768,0.9894272685050964,0.6365441903471947,0.24965935945510864,0.30569298614681684
00007,/Users/nikko/Downloads/moi-main/project_root/data/visualizations/video/pushups_video1/frame_00007.png,"[6, 130, 521, 359]",LEFT_EYE,0.8916828637687516,0.3411968450887116,0.9989334940910339,0.6365441903471947,0.24965935945510864,0.30569298614681684
00007,/Users/nikko/Downloads/moi-main/project_root/data/visualizations/video/pushups_video1/frame_00007.png,"[6, 130, 521, 359]",RIGHT_EYE,0.8978246033272717,0.32811257469681065,0.9994534850120544,0.6365441903471947,0.24965935945510864,0.30569298614681684
00008,/Users/nikko/Downloads/moi-main/project_root/data/visualizations/video/pushups_video1/frame_00008.png,"[4, 134, 519, 359]",LEFT_SHOULDER,0.41064245220118345,-0.2157167838050883,0.9983970522880554,0.6401388719677925,0.2428559623658657,0.30720403399225904
00008,/Users/nikko/Downloads/moi-main/project_root/data/visualizations/video/pushups_video1/frame_00008.png,"[4, 134, 519, 359]",RIGHT_SHOULDER,0.5480307124753045,0.08062054134779714,0.9992116689682007,0.6401388719677925,0.2428559623658657,0.30720403399225904
00008,/Users/nikko/Downloads/moi-main/project_root/data/visualizations/video/pushups_video1/frame_00008.png,"[4, 134, 519, 359]",LEFT_HIP,-0.4949674138375297,-0.02494809431837757,0.9849539995193481,0.6401388719677925,0.2428559623658657,0.30720403399225904
00008,/Users/nikko/Downloads/moi-main/project_root/data/visualizations/video/pushups_video1/frame_00008.png,"[4, 134, 519, 359]",RIGHT_HIP,-0.4637057508389583,0.16004433677566873,0.9936495423316956,0.6401388719677925,0.2428559623658657,0.30720403399225904
00008,/Users/nikko/Downloads/moi-main/project_root/data/visualizations/video/pushups_video1/frame_00008.png,"[4, 134, 519, 359]",RIGHT_ELBOW,0.5326619575278274,1.5021005726100805,0.9882875084877014,0.6401388719677925,0.2428559623658657,0.30720403399225904
00008,/Users/nikko/Downloads/moi-main/project_root/data/visualizations/video/pushups_video1/frame_00008.png,"[4, 134, 519, 359]",RIGHT_WRIST,0.6525334343480326,2.570313150425286,0.9406259059906006,0.6401388719677925,0.2428559623658657,0.30720403399225904
00008,/Users/nikko/Downloads/moi-main/project_root/data/visualizations/video/pushups_video1/frame_00008.png,"[4, 134, 519, 359]",RIGHT_KNEE,-1.211901370849976,0.9005939958646844,0.9494760036468506,0.6401388719677925,0.2428559623658657,0.30720403399225904
00008,/Users/nikko/Downloads/moi-main/project_root/data/visualizations/video/pushups_video1/frame_00008.png,"[4, 134, 519, 359]",RIGHT_ANKLE,-1.8637570101403191,1.5559015951561388,0.9913530945777893,0.6401388719677925,0.2428559623658657,0.30720403399225904
00008,/Users/nikko/Downloads/moi-main/project_root/data/visualizations/video/pushups_video1/frame_00008.png,"[4, 134, 519, 359]",LEFT_EYE,0.8913753452295322,0.2578132968071482,0.9991975426673889,0.6401388719677925,0.2428559623658657,0.30720403399225904
00008,/Users/nikko/Downloads/moi-main/project_root/data/visualizations/video/pushups_video1/frame_00008.png,"[4, 134, 519, 359]",RIGHT_EYE,0.8980126776454624,0.23985384990481393,0.9996211528778076,0.6401388719677925,0.2428559623658657,0.30720403399225904
00009,/Users/nikko/Downloads/moi-main/project_root/data/visualizations/video/pushups_video1/frame_00009.png,"[4, 133, 520, 359]",LEFT_SHOULDER,0.41337501853772607,-0.21835234059245576,0.9984381794929504,0.6384919509291649,0.25077345222234726,0.31095557942277385
00009,/Users/nikko/Downloads/moi-main/project_root/data/visualizations/video/pushups_video1/frame_00009.png,"[4, 133, 520, 359]",RIGHT_SHOULDER,0.5438837507402661,0.058070429306244065,0.999158501625061,0.6384919509291649,0.25077345222234726,0.31095557942277385
00009,/Users/nikko/Downloads/moi-main/project_root/data/visualizations/video/pushups_video1/frame_00009.png,"[4, 133, 520, 359]",LEFT_HIP,-0.4898777265158761,-0.012780002333149878,0.9862654805183411,0.6384919509291649,0.25077345222234726,0.31095557942277385
00009,/Users/nikko/Downloads/moi-main/project_root/data/visualizations/video/pushups_video1/frame_00009.png,"[4, 133, 520, 359]",RIGHT_HIP,-0.4673810427621161,0.17306191361936157,0.994022786617279,0.6384919509291649,0.25077345222234726,0.31095557942277385
00009,/Users/nikko/Downloads/moi-main/project_root/data/visualizations/video/pushups_video1/frame_00009.png,"[4, 133, 520, 359]",RIGHT_ELBOW,0.5311485780780381,1.4777116252173343,0.9858642816543579,0.6384919509291649,0.25077345222234726,0.31095557942277385
00009,/Users/nikko/Downloads/moi-main/project_root/data/visualizations/video/pushups_video1/frame_00009.png,"[4, 133, 520, 359]",RIGHT_WRIST,0.643110717145835,2.5213402304487196,0.924099326133728,0.6384919509291649,0.25077345222234726,0.31095557942277385
00009,/Users/nikko/Downloads/moi-main/project_root/data/visualizations/video/pushups_video1/frame_00009.png,"[4, 133, 520, 359]",RIGHT_KNEE,-1.2094382713171863,0.8979241959643519,0.9578061699867249,0.6384919509291649,0.25077345222234726,0.31095557942277385
00009,/Users/nikko/Downloads/moi-main/project_root/data/visualizations/video/pushups_video1/frame_00009.png,"[4, 133, 520, 359]",LEFT_ANKLE,-1.814660009643921,1.4300619259957132,0.5558176040649414,0.6384919509291649,0.25077345222234726,0.31095557942277385
00009,/Users/nikko/Downloads/moi-main/project_root/data/visualizations/video/pushups_video1/frame_00009.png,"[4, 133, 520, 359]",RIGHT_ANKLE,-1.864643918668433,1.573307939364512,0.9930143356323242,0.6384919509291649,0.25077345222234726,0.31095557942277385
00009,/Users/nikko/Downloads/moi-main/project_root/data/visualizations/video/pushups_video1/frame_00009.png,"[4, 133, 520, 359]",LEFT_EYE,0.8859848877325575,0.24228697617449232,0.9992135763168335,0.6384919509291649,0.25077345222234726,0.31095557942277385
00009,/Users/nikko/Downloads/moi-main/project_root/data/visualizations/video/pushups_video1/frame_00009.png,"[4, 133, 520, 359]",RIGHT_EYE,0.8929166905740233,0.23326468742784637,0.9996312856674194,0.6384919509291649,0.25077345222234726,0.31095557942277385
00010,/Users/nikko/Downloads/moi-main/project_root/data/visualizations/video/pushups_video1/frame_00010.png,"[4, 133, 520, 359]",LEFT_SHOULDER,0.4128031475965342,-0.23702141826476944,0.9982162117958069,0.6398796290159225,0.2559700459241867,0.30891232495545484
00010,/Users/nikko/Downloads/moi-main/project_root/data/visualizations/video/pushups_video1/frame_00010.png,"[4, 133, 520, 359]",RIGHT_SHOULDER,0.5407257425037498,0.07952199443910522,0.9990800619125366,0.6398796290159225,0.2559700459241867,0.30891232495545484
00010,/Users/nikko/Downloads/moi-main/project_root/data/visualizations/video/pushups_video1/frame_00010.png,"[4, 133, 520, 359]",LEFT_HIP,-0.4885641116614365,-0.010650214998642278,0.9844756722450256,0.6398796290159225,0.2559700459241867,0.30891232495545484
00010,/Users/nikko/Downloads/moi-main/project_root/data/visualizations/video/pushups_video1/frame_00010.png,"[4, 133, 520, 359]",RIGHT_HIP,-0.4649647784388475,0.1681496388243065,0.9934826493263245,0.6398796290159225,0.2559700459241867,0.30891232495545484
00010,/Users/nikko/Downloads/moi-main/project_root/data/visualizations/video/pushups_video1/frame_00010.png,"[4, 133, 520, 359]",RIGHT_ELBOW,0.532152200524382,1.463554255615507,0.9866617321968079,0.6398796290159225,0.2559700459241867,0.30891232495545484
00010,/Users/nikko/Downloads/moi-main/project_root/data/visualizations/video/pushups_video1/frame_00010.png,"[4, 133, 520, 359]",RIGHT_WRIST,0.6509276129898662,2.544611833120849,0.926091194152832,0.6398796290159225,0.2559700459241867,0.30891232495545484
00010,/Users/nikko/Downloads/moi-main/project_root/data/visualizations/video/pushups_video1/frame_00010.png,"[4, 133, 520, 359]",RIGHT_KNEE,-1.2052479880690048,0.8960318530503822,0.9651681184768677,0.6398796290159225,0.2559700459241867,0.30891232495545484
00010,/Users/nikko/Downloads/moi-main/project_root/data/visualizations/video/pushups_video1/frame_00010.png,"[4, 133, 520, 359]",LEFT_ANKLE,-1.8384236669691587,1.435915127451611,0.5793014168739319,0.6398796290159225,0.2559700459241867,0.30891232495545484
00010,/Users/nikko/Downloads/moi-main/project_root/data/visualizations/video/pushups_video1/frame_00010.png,"[4, 133, 520, 359]",RIGHT_ANKLE,-1.8781475454251906,1.587530829299784,0.9943830966949463,0.6398796290159225,0.2559700459241867,0.30891232495545484
00010,/Users/nikko/Downloads/moi-main/project_root/data/visualizations/video/pushups_video1/frame_00010.png,"[4, 133, 520, 359]",LEFT_EYE,0.8971060059107852,0.23560169188667637,0.9989917874336243,0.6398796290159225,0.2559700459241867,0.30891232495545484
00010,/Users/nikko/Downloads/moi-main/project_root/data/visualizations/video/pushups_video1/frame_00010.png,"[4, 133, 520, 359]",RIGHT_EYE,0.9042069532017041,0.210970944237056,0.9995217323303223,0.6398796290159225,0.2559700459241867,0.30891232495545484
00011,/Users/nikko/Downloads/moi-main/project_root/data/visualizations/video/pushups_video1/frame_00011.png,"[3, 133, 519, 359]",LEFT_SHOULDER,0.3994124408125669,-0.2577020550599241,0.9987072944641113,0.6433342695236206,0.24992524832487106,0.30623327604057354
00011,/Users/nikko/Downloads/moi-main/project_root/data/visualizations/video/pushups_video1/frame_00011.png,"[3, 133, 519, 359]",RIGHT_SHOULDER,0.5461667983947368,0.09262622409022812,0.999356210231781,0.6433342695236206,0.24992524832487106,0.30623327604057354
00011,/Users/nikko/Downloads/moi-main/project_root/data/visualizations/video/pushups_video1/frame_00011.png,"[3, 133, 519, 359]",LEFT_HIP,-0.4899744068348304,-0.010875522160062963,0.9891420602798462,0.6433342695236206,0.24992524832487106,0.30623327604057354
00011,/Users/nikko/Downloads/moi-main/project_root/data/visualizations/video/pushups_video1/frame_00011.png,"[3, 133, 519, 359]",RIGHT_HIP,-0.45560483237247335,0.17595135312975896,0.995475709438324,0.6433342695236206,0.24992524832487106,0.30623327604057354
00011,/Users/nikko/Downloads/moi-main/project_root/data/visualizations/video/pushups_video1/frame_00011.png,"[3, 133, 519, 359]",RIGHT_ELBOW,0.5330388518410843,1.492672928280516,0.9884276986122131,0.6433342695236206,0.24992524832487106,0.30623327604057354
00011,/Users/nikko/Downloads/moi-main/project_root/data/visualizations/video/pushups_video1/frame_00011.png,"[3, 133, 519, 359]",RIGHT_WRIST,0.6454380381758921,2.5558042013060427,0.941586971282959,0.6433342695236206,0.24992524832487106,0.30623327604057354
00011,/Users/nikko/Downloads/moi-main/project_root/data/visualizations/video/pushups_video1/frame_00011.png,"[3, 133, 519, 359]",RIGHT_KNEE,-1.2154376807121168,0.9456857305451961,0.974213182926178,0.6433342695236206,0.24992524832487106,0.30623327604057354
00011,/Users/nikko/Downloads/moi-main/project_root/data/visualizations/video/pushups_video1/frame_00011.png,"[3, 133, 519, 359]",LEFT_ANKLE,-1.8565174812048144,1.442252333172721,0.6541356444358826,0.6433342695236206,0.24992524832487106,0.30623327604057354
00011,/Users/nikko/Downloads/moi-main/project_root/data/visualizations/video/pushups_video1/frame_00011.png,"[3, 133, 519, 359]",RIGHT_ANKLE,-1.8981175790784663,1.60009366281617,0.9953321814537048,0.6433342695236206,0.24992524832487106,0.30623327604057354
00011,/Users/nikko/Downloads/moi-main/project_root/data/visualizations/video/pushups_video1/frame_00011.png,"[3, 133, 519, 359]",LEFT_EYE,0.8952080821617882,0.23982464836173142,0.9994274377822876,0.6433342695236206,0.24992524832487106,0.30623327604057354
00011,/Users/nikko/Downloads/moi-main/project_root/data/visualizations/video/pushups_video1/frame_00011.png,"[3, 133, 519, 359]",RIGHT_EYE,0.9052074168529183,0.2257800539564833,0.9997361302375793,0.6433342695236206,0.24992524832487106,0.30623327604057354
00012,/Users/nikko/Downloads/moi-main/project_root/data/visualizations/video/pushups_video1/frame_00012.png,"[5, 133, 519, 359]",LEFT_SHOULDER,0.40458620238347703,-0.23553488198313005,0.9984109401702881,0.6412240713834763,0.24793027341365814,0.3040057304271261
00012,/Users/nikko/Downloads/moi-main/project_root/data/visualizations/video/pushups_video1/frame_00012.png,"[5, 133, 519, 359]",RIGHT_SHOULDER,0.5493737429520057,0.09701203421611092,0.9991544485092163,0.6412240713834763,0.24793027341365814,0.3040057304271261
00012,/Users/nikko/Downloads/moi-main/project_root/data/visualizations/video/pushups_video1/frame_00012.png,"[5, 133, 519, 359]",LEFT_HIP,-0.4926322690811868,-0.0201584402579977,0.9869149327278137,0.6412240713834763,0.24793027341365814,0.3040057304271261
00012,/Users/nikko/Downloads/moi-main/project_root/data/visualizations/video/pushups_video1/frame_00012.png,"[5, 133, 519, 359]",RIGHT_HIP,-0.4613276762542959,0.15868128802501683,0.9943121671676636,0.6412240713834763,0.24793027341365814,0.3040057304271261
00012,/Users/nikko/Downloads/moi-main/project_root/data/visualizations/video/pushups_video1/frame_00012.png,"[5, 133, 519, 359]",RIGHT_ELBOW,0.539592295348957,1.5030069472738286,0.9842340350151062,0.6412240713834763,0.24793027341365814,0.3040057304271261
00012,/Users/nikko/Downloads/moi-main/project_root/data/visualizations/video/pushups_video1/frame_00012.png,"[5, 133, 519, 359]",RIGHT_WRIST,0.668945268814373,2.5881715945496815,0.9270097613334656,0.6412240713834763,0.24793027341365814,0.3040057304271261
00012,/Users/nikko/Downloads/moi-main/project_root/data/visualizations/video/pushups_video1/frame_00012.png,"[5, 133, 519, 359]",RIGHT_KNEE,-1.222223581584431,0.8828944610891978,0.9451077580451965,0.6412240713834763,0.24793027341365814,0.3040057304271261
00012,/Users/nikko/Downloads/moi-main/project_root/data/visualizations/video/pushups_video1/frame_00012.png,"[5, 133, 519, 359]",RIGHT_ANKLE,-1.9046039056251947,1.5479593740160236,0.9901345372200012,0.6412240713834763,0.24793027341365814,0.3040057304271261
00012,/Users/nikko/Downloads/moi-main/project_root/data/visualizations/video/pushups_video1/frame_00012.png,"[5, 133, 519, 359]",LEFT_EYE,0.9100742549689673,0.24215533330206293,0.9989920258522034,0.6412240713834763,0.24793027341365814,0.3040057304271261
00012,/Users/nikko/Downloads/moi-main/project_root/data/visualizations/video/pushups_video1/frame_00012.png,"[5, 133, 519, 359]",RIGHT_EYE,0.9200674519238028,0.20051001969992718,0.9995008707046509,0.6412240713834763,0.24793027341365814,0.3040057304271261
00013,/Users/nikko/Downloads/moi-main/project_root/data/visualizations/video/pushups_video1/frame_00013.png,"[5, 132, 519, 359]",LEFT_SHOULDER,0.4072408527926334,-0.23530867323939852,0.9979134202003479,0.6362359300255775,0.25515513867139816,0.31482019898335845
00013,/Users/nikko/Downloads/moi-main/project_root/data/visualizations/video/pushups_video1/frame_00013.png,"[5, 132, 519, 359]",RIGHT_SHOULDER,0.5461935014456248,0.0732031979021134,0.99905925989151,0.6362359300255775,0.25515513867139816,0.31482019898335845
00013,/Users/nikko/Downloads/moi-main/project_root/data/visualizations/video/pushups_video1/frame_00013.png,"[5, 132, 519, 359]",LEFT_HIP,-0.4892439045289108,-0.008524616563423291,0.9872274398803711,0.6362359300255775,0.25515513867139816,0.31482019898335845
00013,/Users/nikko/Downloads/moi-main/project_root/data/visualizations/video/pushups_video1/frame_00013.png,"[5, 132, 519, 359]",RIGHT_HIP,-0.4641904497093475,0.17063009190070844,0.994502067565918,0.6362359300255775,0.25515513867139816,0.31482019898335845
00013,/Users/nikko/Downloads/moi-main/project_root/data/visualizations/video/pushups_video1/frame_00013.png,"[5, 132, 519, 359]",RIGHT_ELBOW,0.5420774854415644,1.4219409882092693,0.9858728647232056,0.6362359300255775,0.25515513867139816,0.31482019898335845
00013,/Users/nikko/Downloads/moi-main/project_root/data/visualizations/video/pushups_video1/frame_00013.png,"[5, 132, 519, 359]",RIGHT_WRIST,0.6553555849557047,2.4563624538950384,0.9355538487434387,0.6362359300255775,0.25515513867139816,0.31482019898335845
00013,/Users/nikko/Downloads/moi-main/project_root/data/visualizations/video/pushups_video1/frame_00013.png,"[5, 132, 519, 359]",RIGHT_KNEE,-1.1843351605688006,0.8353541808317084,0.9328597784042358,0.6362359300255775,0.25515513867139816,0.31482019898335845
00013,/Users/nikko/Downloads/moi-main/project_root/data/visualizations/video/pushups_video1/frame_00013.png,"[5, 132, 519, 359]",RIGHT_ANKLE,-1.8221142070125018,1.4487337153849182,0.988227903842926,0.6362359300255775,0.25515513867139816,0.31482019898335845
00013,/Users/nikko/Downloads/moi-main/project_root/data/visualizations/video/pushups_video1/frame_00013.png,"[5, 132, 519, 359]",LEFT_EYE,0.8916646971586476,0.22006696563190636,0.9986188411712646,0.6362359300255775,0.25515513867139816,0.31482019898335845
00013,/Users/nikko/Downloads/moi-main/project_root/data/visualizations/video/pushups_video1/frame_00013.png,"[5, 132, 519, 359]",RIGHT_EYE,0.9019973362304782,0.18688352722309012,0.9993423819541931,0.6362359300255775,0.25515513867139816,0.31482019898335845
00014,/Users/nikko/Downloads/moi-main/project_root/data/visualizations/video/pushups_video1/frame_00014.png,"[5, 132, 519, 359]",LEFT_SHOULDER,0.40473598331679383,-0.24808315339578546,0.9979263544082642,0.6367422863841057,0.25318579375743866,0.3172884079958622
00014,/Users/nikko/Downloads/moi-main/project_root/data/visualizations/video/pushups_video1/frame_00014.png,"[5, 132, 519, 359]",RIGHT_SHOULDER,0.5442039249424238,0.05741937600992719,0.9989911913871765,0.6367422863841057,0.25318579375743866,0.3172884079958622
00014,/Users/nikko/Downloads/moi-main/project_root/data/visualizations/video/pushups_video1/frame_00014.png,"[5, 132, 519, 359]",LEFT_HIP,-0.48774205278944216,0.008570993299805192,0.9868882298469543,0.6367422863841057,0.25318579375743866,0.3172884079958622
00014,/Users/nikko/Downloads/moi-main/project_root/data/visualizations/video/pushups_video1/frame_00014.png,"[5, 132, 519, 359]",RIGHT_HIP,-0.46119785546977543,0.1820927840860531,0.9942113757133484,0.6367422863841057,0.25318579375743866,0.3172884079958622
00014,/Users/nikko/Downloads/moi-main/project_root/data/visualizations/video/pushups_video1/frame_00014.png,"[5, 132, 519, 359]",RIGHT_ELBOW,0.5401246241275182,1.3984140476182851,0.9821017980575562,0.6367422863841057,0.25318579375743866,0.3172884079958622
00014,/Users/nikko/Downloads/moi-main/project_root/data/visualizations/video/pushups_video1/frame_00014.png,"[5, 132, 519, 359]",RIGHT_WRIST,0.6524178285677098,2.4194402170416436,0.9158468842506409,0.6367422863841057,0.25318579375743866,0.3172884079958622
00014,/Users/nikko/Downloads/moi-main/project_root/data/visualizations/video/pushups_video1/frame_00014.png,"[5, 132, 519, 359]",RIGHT_KNEE,-1.179777354863708,0.8315862292460614,0.9251323342323303,0.6367422863841057,0.25318579375743866,0.3172884079958622
00014,/Users/nikko/Downloads/moi-main/project_root/data/visualizations/video/pushups_video1/frame_00014.png,"[5, 132, 519, 359]",RIGHT_ANKLE,-1.8133788096305248,1.4697594502703937,0.9852058291435242,0.6367422863841057,0.25318579375743866,0.3172884079958622
00014,/Users/nikko/Downloads/moi-main/project_root/data/visualizations/video/pushups_video1/frame_00014.png,"[5, 132, 519, 359]",LEFT_EYE,0.8749374417969029,0.2190890273826999,0.9984094500541687,0.6367422863841057,0.25318579375743866,0.3172884079958622
00014,/Users/nikko/Downloads/moi-main/project_root/data/visualizations/video/pushups_video1/frame_00014.png,"[5, 132, 519, 359]",RIGHT_EYE,0.8847685285823716,0.1975730872705934,0.999221682548523,0.6367422863841057,0.25318579375743866,0.3172884079958622
00015,/Users/nikko/Downloads/moi-main/project_root/data/visualizations/video/pushups_video1/frame_00015.png,"[4, 132, 519, 359]",LEFT_SHOULDER,0.4101762840731515,-0.2355263550137682,0.9976108074188232,0.6364576816558838,0.2585584186017513,0.3186405581256523
00015,/Users/nikko/Downloads/moi-main/project_root/data/visualizations/video/pushups_video1/frame_00015.png,"[4, 132, 519, 359]",RIGHT_SHOULDER,0.5425442306143392,0.050652460397525106,0.9988283514976501,0.6364576816558838,0.2585584186017513,0.3186405581256523
00015,/Users/nikko/Downloads/moi-main/project_root/data/visualizations/video/pushups_video1/frame_00015.png,"[4, 132, 519, 359]",LEFT_HIP,-0.4871579685106192,0.00495633199536474,0.9859986305236816,0.6364576816558838,0.2585584186017513,0.3186405581256523
00015,/Users/nikko/Downloads/moi-main/project_root/data/visualizations/video/pushups_video1/frame_00015.png,"[4, 132, 519, 359]",RIGHT_HIP,-0.46556254617687154,0.17991756262087835,0.993571400642395,0.6364576816558838,0.2585584186017513,0.3186405581256523
00015,/Users/nikko/Downloads/moi-main/project_root/data/visualizations/video/pushups_video1/frame_00015.png,"[4, 132, 519, 359]",RIGHT_ELBOW,0.539187266386586,1.3915912225841713,0.9829283952713013,0.6364576816558838,0.2585584186017513,0.3186405581256523
00015,/Users/nikko/Downloads/moi-main/project_root/data/visualizations/video/pushups_video1/frame_00015.png,"[4, 132, 519, 359]",RIGHT_WRIST,0.6525642156995097,2.4326766281414036,0.9137159585952759,0.6364576816558838,0.2585584186017513,0.3186405581256523
00015,/Users/nikko/Downloads/moi-main/project_root/data/visualizations/video/pushups_video1/frame_00015.png,"[4, 132, 519, 359]",RIGHT_KNEE,-1.1824657703537995,0.8340483990385109,0.9335460662841797,0.6364576816558838,0.2585584186017513,0.3186405581256523
00015,/Users/nikko/Downloads/moi-main/project_root/data/visualizations/video/pushups_video1/frame_00015.png,"[4, 132, 519, 359]",LEFT_ANKLE,-1.7529411180747607,1.3748344603239382,0.5185343027114868,0.6364576816558838,0.2585584186017513,0.3186405581256523
00015,/Users/nikko/Downloads/moi-main/project_root/data/visualizations/video/pushups_video1/frame_00015.png,"[4, 132, 519, 359]",RIGHT_ANKLE,-1.813428203707094,1.473556631497172,0.9886260628700256,0.6364576816558838,0.2585584186017513,0.3186405581256523
00015,/Users/nikko/Downloads/moi-main/project_root/data/visualizations/video/pushups_video1/frame_00015.png,"[4, 132, 519, 359]",LEFT_EYE,0.883632447488675,0.2186265626202105,0.9983744621276855,0.6364576816558838,0.2585584186017513,0.3186405581256523
00015,/Users/nikko/Downloads/moi-main/project_root/data/visualizations/video/pushups_video1/frame_00015.png,"[4, 132, 519, 359]",RIGHT_EYE,0.8922476455536146,0.21178730450725408,0.999211311340332,0.6364576816558838,0.2585584186017513,0.3186405581256523
00016,/Users/nikko/Downloads/moi-main/project_root/data/visualizations/video/pushups_video1/frame_00016.png,"[3, 132, 518, 359]",LEFT_SHOULDER,0.4037408445238312,-0.258180576269664,0.9982155561447144,0.645237386226654,0.2574848085641861,0.311494810538746
00016,/Users/nikko/Downloads/moi-main/project_root/data/visualizations/video/pushups_video1/frame_00016.png,"[3, 132, 518, 359]",RIGHT_SHOULDER,0.5408123801788459,0.06835250201824748,0.9992245435714722,0.645237386226654,0.2574848085641861,0.311494810538746
00016,/Users/nikko/Downloads/moi-main/project_root/data/visualizations/video/pushups_video1/frame_00016.png,"[3, 132, 518, 359]",LEFT_HIP,-0.4867446132264501,0.0017085195452142877,0.9879477620124817,0.645237386226654,0.2574848085641861,0.311494810538746
00016,/Users/nikko/Downloads/moi-main/project_root/data/visualizations/video/pushups_video1/frame_00016.png,"[3, 132, 518, 359]",RIGHT_HIP,-0.457808611476227,0.18811955470620226,0.9951156377792358,0.645237386226654,0.2574848085641861,0.311494810538746
00016,/Users/nikko/Downloads/moi-main/project_root/data/visualizations/video/pushups_video1/frame_00016.png,"[3, 132, 518, 359]",RIGHT_ELBOW,0.531201425543821,1.4228487148549205,0.9887401461601257,0.645237386226654,0.2574848085641861,0.311494810538746
00016,/Users/nikko/Downloads/moi-main/project_root/data/visualizations/video/pushups_video1/frame_00016.png,"[3, 132, 518, 359]",RIGHT_WRIST,0.6467873771456546,2.4736132542215463,0.9392824172973633,0.645237386226654,0.2574848085641861,0.311494810538746
00016,/Users/nikko/Downloads/moi-main/project_root/data/visualizations/video/pushups_video1/frame_00016.png,"[3, 132, 518, 359]",RIGHT_KNEE,-1.2093848046943005,0.8688762135256209,0.9654594659805298,0.645237386226654,0.2574848085641861,0.311494810538746
00016,/Users/nikko/Downloads/moi-main/project_root/data/visualizations/video/pushups_video1/frame_00016.png,"[3, 132, 518, 359]",LEFT_ANKLE,-1.8234117560784846,1.400647097746923,0.5322675108909607,0.645237386226654,0.2574848085641861,0.311494810538746
00016,/Users/nikko/Downloads/moi-main/project_root/data/visualizations/video/pushups_video1/frame_00016.png,"[3, 132, 518, 359]",RIGHT_ANKLE,-1.8747587122327953,1.5112642544972286,0.9929070472717285,0.645237386226654,0.2574848085641861,0.311494810538746
00016,/Users/nikko/Downloads/moi-main/project_root/data/visualizations/video/pushups_video1/frame_00016.png,"[3, 132, 518, 359]",LEFT_EYE,0.8955795870889564,0.22758441877823649,0.9989715814590454,0.645237386226654,0.2574848085641861,0.311494810538746
00016,/Users/nikko/Downloads/moi-main/project_root/data/visualizations/video/pushups_video1/frame_00016.png,"[3, 132, 518, 359]",RIGHT_EYE,0.9022037539226372,0.2185899950097585,0.9995107650756836,0.645237386226654,0.2574848085641861,0.311494810538746
00017,/Users/nikko/Downloads/moi-main/project_root/data/visualizations/video/pushups_video1/frame_00017.png,"[4, 133, 518, 359]",LEFT_SHOULDER,0.40537153373086726,-0.2639556595441208,0.9984636306762695,0.6441869661211967,0.2556433603167534,0.3123580824957548
00017,/Users/nikko/Downloads/moi-main/project_root/data/visualizations/video/pushups_video1/frame_00017.png,"[4, 133, 518, 359]",RIGHT_SHOULDER,0.5375129571791845,0.08936679947240345,0.9994053840637207,0.6441869661211967,0.2556433603167534,0.3123580824957548
00017,/Users/nikko/Downloads/moi-main/project_root/data/visualizations/video/pushups_video1/frame_00017.png,"[4, 133, 518, 359]",LEFT_HIP,-0.48573587469205676,-0.00956633610933466,0.989366352558136,0.6441869661211967,0.2556433603167534,0.3123580824957548
00017,/Users/nikko/Downloads/moi-main/project_root/data/visualizations/video/pushups_video1/frame_00017.png,"[4, 133, 518, 359]",RIGHT_HIP,-0.457148616217995,0.184155196181052,0.995880126953125,0.6441869661211967,0.2556433603167534,0.3123580824957548
00017,/Users/nikko/Downloads/moi-main/project_root/data/visualizations/video/pushups_video1/frame_00017.png,"[4, 133, 518, 359]",RIGHT_ELBOW,0.5368378306336173,1.4483174401780845,0.9900906085968018,0.6441869661211967,0.2556433603167534,0.3123580824957548
00017,/Users/nikko/Downloads/moi-main/project_root/data/visualizations/video/pushups_video1/frame_00017.png,"[4, 133, 518, 359]",RIGHT_WRIST,0.6453519240238292,2.499357423132741,0.9524307250976562,0.6441869661211967,0.2556433603167534,0.3123580824957548
00017,/Users/nikko/Downloads/moi-main/project_root/data/visualizations/video/pushups_video1/frame_00017.png,"[4, 133, 518, 359]",RIGHT_KNEE,-1.2040876931124833,0.8599706074433495,0.9691455364227295,0.6441869661211967,0.2556433603167534,0.3123580824957548
00017,/Users/nikko/Downloads/moi-main/project_root/data/visualizations/video/pushups_video1/frame_00017.png,"[4, 133, 518, 359]",LEFT_ANKLE,-1.8205449213372855,1.4021966415468259,0.5493983626365662,0.6441869661211967,0.2556433603167534,0.3123580824957548
00017,/Users/nikko/Downloads/moi-main/project_root/data/visualizations/video/pushups_video1/frame_00017.png,"[4, 133, 518, 359]",RIGHT_ANKLE,-1.8705460756226164,1.5015345095771642,0.993471622467041,0.6441869661211967,0.2556433603167534,0.3123580824957548
00017,/Users/nikko/Downloads/moi-main/project_root/data/visualizations/video/pushups_video1/frame_00017.png,"[4, 133, 518, 359]",LEFT_EYE,0.8866159706966752,0.22592030274642172,0.9993669390678406,0.6441869661211967,0.2556433603167534,0.3123580824957548
00017,/Users/nikko/Downloads/moi-main/project_root/data/visualizations/video/pushups_video1/frame_00017.png,"[4, 133, 518, 359]",RIGHT_EYE,0.8924942276882512,0.21054667139908176,0.9997134804725647,0.6441869661211967,0.2556433603167534,0.3123580824957548
00018,/Users/nikko/Downloads/moi-main/project_root/data/visualizations/video/pushups_video1/frame_00018.png,"[4, 135, 519, 359]",LEFT_SHOULDER,0.40580441830817177,-0.25274411385666684,0.9986769556999207,0.6426874399185181,0.2526129521429539,0.3056251434213383
00018,/Users/nikko/Downloads/moi-main/project_root/data/visualizations/video/pushups_video1/frame_00018.png,"[4, 135, 519, 359]",RIGHT_SHOULDER,0.5437879604369931,0.08269316599614064,0.9992868304252625,0.6426874399185181,0.2526129521429539,0.3056251434213383
00018,/Users/nikko/Downloads/moi-main/project_root/data/visualizations/video/pushups_video1/frame_00018.png,"[4, 135, 519, 359]",LEFT_HIP,-0.49049553349741914,0.0005664388849747262,0.9874128103256226,0.6426874399185181,0.2526129521429539,0.3056251434213383
00018,/Users/nikko/Downloads/moi-main/project_root/data/visualizations/video/pushups_video1/frame_00018.png,"[4, 135, 519, 359]",RIGHT_HIP,-0.4590968452477457,0.16948450897555145,0.9948439598083496,0.6426874399185181,0.2526129521429539,0.3056251434213383
00018,/Users/nikko/Downloads/moi-main/project_root/data/visualizations/video/pushups_video1/frame_00018.png,"[4, 135, 519, 359]",RIGHT_ELBOW,0.5356530638279023,1.504814077077011,0.9860928654670715,0.6426874399185181,0.2526129521429539,0.3056251434213383
00018,/Users/nikko/Downloads/moi-main/project_root/data/visualizations/video/pushups_video1/frame_00018.png,"[4, 135, 519, 359]",RIGHT_WRIST,0.6614475227655996,2.551171199206561,0.9252481460571289,0.6426874399185181,0.2526129521429539,0.3056251434213383
00018,/Users/nikko/Downloads/moi-main/project_root/data/visualizations/video/pushups_video1/frame_00018.png,"[4, 135, 519, 359]",RIGHT_KNEE,-1.229841536684182,0.8735371680514129,0.9603049159049988,0.6426874399185181,0.2526129521429539,0.3056251434213383
00018,/Users/nikko/Downloads/moi-main/project_root/data/visualizations/video/pushups_video1/frame_00018.png,"[4, 135, 519, 359]",RIGHT_ANKLE,-1.8951481231880916,1.5317258175350335,0.992882490158081,0.6426874399185181,0.2526129521429539,0.3056251434213383
00018,/Users/nikko/Downloads/moi-main/project_root/data/visualizations/video/pushups_video1/frame_00018.png,"[4, 135, 519, 359]",LEFT_EYE,0.8934867114050795,0.22743833386540777,0.9992656111717224,0.6426874399185181,0.2526129521429539,0.3056251434213383
00018,/Users/nikko/Downloads/moi-main/project_root/data/visualizations/video/pushups_video1/frame_00018.png,"[4, 135, 519, 359]",RIGHT_EYE,0.8983369913884915,0.2134911948274615,0.9996563196182251,0.6426874399185181,0.2526129521429539,0.3056251434213383
00019,/Users/nikko/Downloads/moi-main/project_root/data/visualizations/video/pushups_video1/frame_00019.png,"[2, 138, 519, 359]",LEFT_SHOULDER,0.39020707702469964,-0.291903511931724,0.9979296922683716,0.6429849788546562,0.24680296704173088,0.3113369889005575
00019,/Users/nikko/Downloads/moi-main/project_root/data/visualizations/video/pushups_video1/frame_00019.png,"[2, 138, 519, 359]",RIGHT_SHOULDER,0.5413679780691053,0.09938182055867238,0.9990684390068054,0.6429849788546562,0.24680296704173088,0.3113369889005575
00019,/Users/nikko/Downloads/moi-main/project_root/data/visualizations/video/pushups_video1/frame_00019.png,"[2, 138, 519, 359]",LEFT_HIP,-0.4819555921806164,-0.0038988613945561026,0.9825390577316284,0.6429849788546562,0.24680296704173088,0.3113369889005575
00019,/Users/nikko/Downloads/moi-main/project_root/data/visualizations/video/pushups_video1/frame_00019.png,"[2, 138, 519, 359]",RIGHT_HIP,-0.4496194629131885,0.19642055276760773,0.9929199814796448,0.6429849788546562,0.24680296704173088,0.3113369889005575
00019,/Users/nikko/Downloads/moi-main/project_root/data/visualizations/video/pushups_video1/frame_00019.png,"[2, 138, 519, 359]",RIGHT_ELBOW,0.5318109258290392,1.4988048793485231,0.9842767715454102,0.6429849788546562,0.24680296704173088,0.3113369889005575
00019,/Users/nikko/Downloads/moi-main/project_root/data/visualizations/video/pushups_video1/frame_00019.png,"[2, 138, 519, 359]",RIGHT_WRIST,0.6567356891324414,2.6385771681830863,0.8981566429138184,0.6429849788546562,0.24680296704173088,0.3113369889005575
00019,/Users/nikko/Downloads/moi-main/project_root/data/visualizations/video/pushups_video1/frame_00019.png,"[2, 138, 519, 359]",RIGHT_KNEE,-1.2017954663101773,0.8561685464641474,0.9474807381629944,0.6429849788546562,0.24680296704173088,0.3113369889005575
00019,/Users/nikko/Downloads/moi-main/project_root/data/visualizations/video/pushups_video1/frame_00019.png,"[2, 138, 519, 359]",RIGHT_ANKLE,-1.8470189231017273,1.524314091461411,0.9884041547775269,0.6429849788546562,0.24680296704173088,0.3113369889005575
00019,/Users/nikko/Downloads/moi-main/project_root/data/visualizations/video/pushups_video1/frame_00019.png,"[2, 138, 519, 359]",LEFT_EYE,0.8741645624621226,0.23308511541034918,0.9992142915725708,0.6429849788546562,0.24680296704173088,0.3113369889005575
00019,/Users/nikko/Downloads/moi-main/project_root/data/visualizations/video/pushups_video1/frame_00019.png,"[2, 138, 519, 359]",RIGHT_EYE,0.8816895924170111,0.22083114420181735,0.9996391534805298,0.6429849788546562,0.24680296704173088,0.3113369889005575
00020,/Users/nikko/Downloads/moi-main/project_root/data/visualizations/video/pushups_video1/frame_00020.png,"[4, 146, 517, 360]",LEFT_SHOULDER,0.40150157185402474,-0.29177168769070755,0.9978724718093872,0.6473263204097748,0.25287238135933876,0.31692734426801766
00020,/Users/nikko/Downloads/moi-main/project_root/data/visualizations/video/pushups_video1/frame_00020.png,"[4, 146, 517, 360]",RIGHT_SHOULDER,0.5285320146349046,0.0822800254285143,0.9988246560096741,0.6473263204097748,0.25287238135933876,0.31692734426801766
00020,/Users/nikko/Downloads/moi-main/project_root/data/visualizations/video/pushups_video1/frame_00020.png,"[4, 146, 517, 360]",LEFT_HIP,-0.4764060531045352,-0.0008203747341557169,0.9872131943702698,0.6473263204097748,0.25287238135933876,0.31692734426801766
00020,/Users/nikko/Downloads/moi-main/project_root/data/visualizations/video/pushups_video1/frame_00020.png,"[4, 146, 517, 360]",RIGHT_HIP,-0.45362753338439415,0.21031203699634898,0.9947289824485779,0.6473263204097748,0.25287238135933876,0.31692734426801766
00020,/Users/nikko/Downloads/moi-main/project_root/data/visualizations/video/pushups_video1/frame_00020.png,"[4, 146, 517, 360]",RIGHT_ELBOW,0.5077931181416014,1.427761918638469,0.9816762208938599,0.6473263204097748,0.25287238135933876,0.31692734426801766
00020,/Users/nikko/Downloads/moi-main/project_root/data/visualizations/video/pushups_video1/frame_00020.png,"[4, 146, 517, 360]",RIGHT_WRIST,0.6221068063139888,2.440961541851264,0.8908036351203918,0.6473263204097748,0.25287238135933876,0.31692734426801766
00020,/Users/nikko/Downloads/moi-main/project_root/data/visualizations/video/pushups_video1/frame_00020.png,"[4, 146, 517, 360]",RIGHT_KNEE,-1.1813052003054392,0.795106527044766,0.941511869430542,0.6473263204097748,0.25287238135933876,0.31692734426801766
00020,/Users/nikko/Downloads/moi-main/project_root/data/visualizations/video/pushups_video1/frame_00020.png,"[4, 146, 517, 360]",RIGHT_ANKLE,-1.8553005293002,1.42143316241843,0.9864400029182434,0.6473263204097748,0.25287238135933876,0.31692734426801766
00020,/Users/nikko/Downloads/moi-main/project_root/data/visualizations/video/pushups_video1/frame_00020.png,"[4, 146, 517, 360]",LEFT_EYE,0.870783425083573,0.25576225246310935,0.9985746145248413,0.6473263204097748,0.25287238135933876,0.31692734426801766
00020,/Users/nikko/Downloads/moi-main/project_root/data/visualizations/video/pushups_video1/frame_00020.png,"[4, 146, 517, 360]",RIGHT_EYE,0.8747391093002702,0.2626533391071452,0.9993361830711365,0.6473263204097748,0.25287238135933876,0.31692734426801766
00021,/Users/nikko/Downloads/moi-main/project_root/data/visualizations/video/pushups_video1/frame_00021.png,"[2, 150, 518, 360]",LEFT_SHOULDER,0.4066371000419969,-0.2907036316743938,0.9985314607620239,0.6518743485212326,0.2547692842781544,0.31243106821597166
00021,/Users/nikko/Downloads/moi-main/project_root/data/visualizations/video/pushups_video1/frame_00021.png,"[2, 150, 518, 360]",RIGHT_SHOULDER,0.5231747232243263,0.05446208419760377,0.9989967942237854,0.6518743485212326,0.2547692842781544,0.31243106821597166
00021,/Users/nikko/Downloads/moi-main/project_root/data/visualizations/video/pushups_video1/frame_00021.png,"[2, 150, 518, 360]",LEFT_HIP,-0.4771306121152522,0.017442676480545618,0.9917880892753601,0.6518743485212326,0.2547692842781544,0.31243106821597166
00021,/Users/nikko/Downloads/moi-main/project_root/data/visualizations/video/pushups_video1/frame_00021.png,"[2, 150, 518, 360]",RIGHT_HIP,-0.452681211151071,0.2187988709962444,0.9963526725769043,0.6518743485212326,0.2547692842781544,0.31243106821597166
00021,/Users/nikko/Downloads/moi-main/project_root/data/visualizations/video/pushups_video1/frame_00021.png,"[2, 150, 518, 360]",RIGHT_ELBOW,0.4925634177075878,1.4316120764054145,0.9812355041503906,0.6518743485212326,0.2547692842781544,0.31243106821597166
00021,/Users/nikko/Downloads/moi-main/project_root/data/visualizations/video/pushups_video1/frame_00021.png,"[2, 150, 518, 360]",RIGHT_WRIST,0.6093360780863862,2.506817203532733,0.8629886507987976,0.6518743485212326,0.2547692842781544,0.31243106821597166
00021,/Users/nikko/Downloads/moi-main/project_root/data/visualizations/video/pushups_video1/frame_00021.png,"[2, 150, 518, 360]",RIGHT_KNEE,-1.2048364874712962,0.8513035213310703,0.9769798517227173,0.6518743485212326,0.2547692842781544,0.31243106821597166
00021,/Users/nikko/Downloads/moi-main/project_root/data/visualizations/video/pushups_video1/frame_00021.png,"[2, 150, 518, 360]",LEFT_ANKLE,-1.810916432351487,1.2657475478297258,0.6974835395812988,0.6518743485212326,0.2547692842781544,0.31243106821597166
00021,/Users/nikko/Downloads/moi-main/project_root/data/visualizations/video/pushups_video1/frame_00021.png,"[2, 150, 518, 360]",RIGHT_ANKLE,-1.8651549855871283,1.4589984884407317,0.9961291551589966,0.6518743485212326,0.2547692842781544,0.31243106821597166
00021,/Users/nikko/Downloads/moi-main/project_root/data/visualizations/video/pushups_video1/frame_00021.png,"[2, 150, 518, 360]",LEFT_EYE,0.8620102215838764,0.3487063332741424,0.9985998272895813,0.6518743485212326,0.2547692842781544,0.31243106821597166
00021,/Users/nikko/Downloads/moi-main/project_root/data/visualizations/video/pushups_video1/frame_00021.png,"[2, 150, 518, 360]",RIGHT_EYE,0.8673691459741465,0.3530520413085306,0.999320387840271,0.6518743485212326,0.2547692842781544,0.31243106821597166
00022,/Users/nikko/Downloads/moi-main/project_root/data/visualizations/video/pushups_video1/frame_00022.png,"[3, 155, 519, 360]",LEFT_SHOULDER,0.4129227128287216,-0.2833153403554179,0.9985625147819519,0.657490000128746,0.26184654608368874,0.3103493588753764
00022,/Users/nikko/Downloads/moi-main/project_root/data/visualizations/video/pushups_video1/frame_00022.png,"[3, 155, 519, 360]",RIGHT_SHOULDER,0.5172211657517917,0.09343994448660001,0.998691976070404,0.657490000128746,0.26184654608368874,0.3103493588753764
00022,/Users/nikko/Downloads/moi-main/project_root/data/visualizations/video/pushups_video1/frame_00022.png,"[3, 155, 519, 360]",LEFT_HIP,-0.4779689245473272,-0.024179650709567506,0.9924842715263367,0.657490000128746,0.26184654608368874,0.3103493588753764
00022,/Users/nikko/Downloads/moi-main/project_root/data/visualizations/video/pushups_video1/frame_00022.png,"[3, 155, 519, 360]",RIGHT_HIP,-0.4521749540331861,0.21405504657838537,0.9963527917861938,0.657490000128746,0.26184654608368874,0.3103493588753764
00022,/Users/nikko/Downloads/moi-main/project_root/data/visualizations/video/pushups_video1/frame_00022.png,"[3, 155, 519, 360]",RIGHT_ELBOW,0.4634341765761205,1.5315893926143398,0.9725287556648254,0.657490000128746,0.26184654608368874,0.3103493588753764
00022,/Users/nikko/Downloads/moi-main/project_root/data/visualizations/video/pushups_video1/frame_00022.png,"[3, 155, 519, 360]",RIGHT_WRIST,0.591716850607843,2.552965056848781,0.8158032894134521,0.657490000128746,0.26184654608368874,0.3103493588753764
00022,/Users/nikko/Downloads/moi-main/project_root/data/visualizations/video/pushups_video1/frame_00022.png,"[3, 155, 519, 360]",RIGHT_KNEE,-1.2314123704473008,0.8106786073898552,0.9795479774475098,0.657490000128746,0.26184654608368874,0.3103493588753764
00022,/Users/nikko/Downloads/moi-main/project_root/data/visualizations/video/pushups_video1/frame_00022.png,"[3, 155, 519, 360]",LEFT_ANKLE,-1.8606453185486598,1.2183763722175505,0.7317710518836975,0.657490000128746,0.26184654608368874,0.3103493588753764
00022,/Users/nikko/Downloads/moi-main/project_root/data/visualizations/video/pushups_video1/frame_00022.png,"[3, 155, 519, 360]",RIGHT_ANKLE,-1.911477036687829,1.4363133749635872,0.996475875377655,0.657490000128746,0.26184654608368874,0.3103493588753764
00022,/Users/nikko/Downloads/moi-main/project_root/data/visualizations/video/pushups_video1/frame_00022.png,"[3, 155, 519, 360]",LEFT_EYE,0.8829749200029937,0.363927668030601,0.9984813332557678,0.657490000128746,0.26184654608368874,0.3103493588753764
00022,/Users/nikko/Downloads/moi-main/project_root/data/visualizations/video/pushups_video1/frame_00022.png,"[3, 155, 519, 360]",RIGHT_EYE,0.8884469968427671,0.35774891890625854,0.9992654919624329,0.657490000128746,0.26184654608368874,0.3103493588753764
00023,/Users/nikko/Downloads/moi-main/project_root/data/visualizations/video/pushups_video1/frame_00023.png,"[0, 165, 524, 360]",LEFT_SHOULDER,0.3959705675613236,-0.3511599906794988,0.9974637031555176,0.6568506211042404,0.2541859298944473,0.3245222293447645
00023,/Users/nikko/Downloads/moi-main/project_root/data/visualizations/video/pushups_video1/frame_00023.png,"[0, 165, 524, 360]",RIGHT_SHOULDER,0.49023422857850424,0.18348813584819254,0.9986465573310852,0.6568506211042404,0.2541859298944473,0.3245222293447645
00023,/Users/nikko/Downloads/moi-main/project_root/data/visualizations/video/pushups_video1/frame_00023.png,"[0, 165, 524, 360]",LEFT_HIP,-0.45224185496423613,-0.07761251296091289,0.9929777979850769,0.6568506211042404,0.2541859298944473,0.3245222293447645
00023,/Users/nikko/Downloads/moi-main/project_root/data/visualizations/video/pushups_video1/frame_00023.png,"[0, 165, 524, 360]",RIGHT_HIP,-0.4339629411755917,0.24528436779221915,0.9969648718833923,0.6568506211042404,0.2541859298944473,0.3245222293447645
00023,/Users/nikko/Downloads/moi-main/project_root/data/visualizations/video/pushups_video1/frame_00023.png,"[0, 165, 524, 360]",RIGHT_ELBOW,0.41737130184680377,1.5656132286606685,0.9782504439353943,0.6568506211042404,0.2541859298944473,0.3245222293447645
00023,/Users/nikko/Downloads/moi-main/project_root/data/visualizations/video/pushups_video1/frame_00023.png,"[0, 165, 524, 360]",RIGHT_WRIST,0.5374044458896973,2.5073362696643122,0.8560087084770203,0.6568506211042404,0.2541859298944473,0.3245222293447645
00023,/Users/nikko/Downloads/moi-main/project_root/data/visualizations/video/pushups_video1/frame_00023.png,"[0, 165, 524, 360]",RIGHT_KNEE,-1.172040229159036,0.7550518310764718,0.984940230846405,0.6568506211042404,0.2541859298944473,0.3245222293447645
00023,/Users/nikko/Downloads/moi-main/project_root/data/visualizations/video/pushups_video1/frame_00023.png,"[0, 165, 524, 360]",LEFT_ANKLE,-1.7466318900701319,1.0977508378224834,0.789461612701416,0.6568506211042404,0.2541859298944473,0.3245222293447645
00023,/Users/nikko/Downloads/moi-main/project_root/data/visualizations/video/pushups_video1/frame_00023.png,"[0, 165, 524, 360]",RIGHT_ANKLE,-1.807637794685931,1.3358118287273293,0.9971027970314026,0.6568506211042404,0.2541859298944473,0.3245222293447645
00023,/Users/nikko/Downloads/moi-main/project_root/data/visualizations/video/pushups_video1/frame_00023.png,"[0, 165, 524, 360]",LEFT_EYE,0.8187510566174693,0.39169907150998157,0.9975071549415588,0.6568506211042404,0.2541859298944473,0.3245222293447645
00023,/Users/nikko/Downloads/moi-main/project_root/data/visualizations/video/pushups_video1/frame_00023.png,"[0, 165, 524, 360]",RIGHT_EYE,0.8258572068217744,0.374601791666527,0.9988633394241333,0.6568506211042404,0.2541859298944473,0.3245222293447645
00024,/Users/nikko/Downloads/moi-main/project_root/data/visualizations/video/pushups_video1/frame_00024.png,"[0, 183, 513, 360]",LEFT_SHOULDER,0.4198253785251019,-0.2622942738846103,0.9970878958702087,0.6810415238142014,0.262576449662447,0.3150122690112646
00024,/Users/nikko/Downloads/moi-main/project_root/data/visualizations/video/pushups_video1/frame_00024.png,"[0, 183, 513, 360]",RIGHT_SHOULDER,0.5015307030969678,0.1925450571101664,0.9973287582397461,0.6810415238142014,0.262576449662447,0.3150122690112646
00024,/Users/nikko/Downloads/moi-main/project_root/data/visualizations/video/pushups_video1/frame_00024.png,"[0, 183, 513, 360]",LEFT_HIP,-0.46896427746093283,-0.1174114799761257,0.9930781722068787,0.6810415238142014,0.262576449662447,0.3150122690112646
00024,/Users/nikko/Downloads/moi-main/project_root/data/visualizations/video/pushups_video1/frame_00024.png,"[0, 183, 513, 360]",RIGHT_HIP,-0.4523918041611368,0.1871606967505696,0.9965173006057739,0.6810415238142014,0.262576449662447,0.3150122690112646
00024,/Users/nikko/Downloads/moi-main/project_root/data/visualizations/video/pushups_video1/frame_00024.png,"[0, 183, 513, 360]",RIGHT_ELBOW,0.4092772810090179,1.6990641662778017,0.9449218511581421,0.6810415238142014,0.262576449662447,0.3150122690112646
00024,/Users/nikko/Downloads/moi-main/project_root/data/visualizations/video/pushups_video1/frame_00024.png,"[0, 183, 513, 360]",RIGHT_WRIST,0.4744156194791067,3.0301969112320513,0.698742151260376,0.6810415238142014,0.262576449662447,0.3150122690112646
00024,/Users/nikko/Downloads/moi-main/project_root/data/visualizations/video/pushups_video1/frame_00024.png,"[0, 183, 513, 360]",RIGHT_KNEE,-1.2025636745769055,0.68956220871247,0.9586607217788696,0.6810415238142014,0.262576449662447,0.3150122690112646
00024,/Users/nikko/Downloads/moi-main/project_root/data/visualizations/video/pushups_video1/frame_00024.png,"[0, 183, 513, 360]",LEFT_ANKLE,-1.8729076936050757,0.9759231793723606,0.5615087747573853,0.6810415238142014,0.262576449662447,0.3150122690112646
00024,/Users/nikko/Downloads/moi-main/project_root/data/visualizations/video/pushups_video1/frame_00024.png,"[0, 183, 513, 360]",RIGHT_ANKLE,-1.9230042032020884,1.2415724372888644,0.9894577264785767,0.6810415238142014,0.262576449662447,0.3150122690112646
00024,/Users/nikko/Downloads/moi-main/project_root/data/visualizations/video/pushups_video1/frame_00024.png,"[0, 183, 513, 360]",LEFT_EYE,0.8396096503684922,0.42631757341750903,0.9956576824188232,0.6810415238142014,0.262576449662447,0.3150122690112646
00024,/Users/nikko/Downloads/moi-main/project_root/data/visualizations/video/pushups_video1/frame_00024.png,"[0, 183, 513, 360]",RIGHT_EYE,0.8436550398045852,0.4292624958302008,0.9979063272476196,0.6810415238142014,0.262576449662447,0.3150122690112646
00025,/Users/nikko/Downloads/moi-main/project_root/data/visualizations/video/pushups_video1/frame_00025.png,"[1, 191, 531, 360]",LEFT_SHOULDER,0.41311721771773335,-0.2776522859581413,0.9973853230476379,0.6632872074842453,0.25939344987273216,0.3108149875589433
00025,/Users/nikko/Downloads/moi-main/project_root/data/visualizations/video/pushups_video1/frame_00025.png,"[1, 191, 531, 360]",RIGHT_SHOULDER,0.48700059279852526,0.241366855526207,0.9975800514221191,0.6632872074842453,0.25939344987273216,0.3108149875589433
00025,/Users/nikko/Downloads/moi-main/project_root/data/visualizations/video/pushups_video1/frame_00025.png,"[1, 191, 531, 360]",LEFT_HIP,-0.4560530254142272,-0.1549612836335669,0.9888912439346313,0.6632872074842453,0.25939344987273216,0.3108149875589433
00025,/Users/nikko/Downloads/moi-main/project_root/data/visualizations/video/pushups_video1/frame_00025.png,"[1, 191, 531, 360]",RIGHT_HIP,-0.4440647851020314,0.19124671406550117,0.9943197965621948,0.6632872074842453,0.25939344987273216,0.3108149875589433
00025,/Users/nikko/Downloads/moi-main/project_root/data/visualizations/video/pushups_video1/frame_00025.png,"[1, 191, 531, 360]",RIGHT_ELBOW,0.3857145941266832,1.6508154514975653,0.9508303999900818,0.6632872074842453,0.25939344987273216,0.3108149875589433
00025,/Users/nikko/Downloads/moi-main/project_root/data/visualizations/video/pushups_video1/frame_00025.png,"[1, 191, 531, 360]",RIGHT_WRIST,0.5318041335871365,2.765508361758583,0.7141940593719482,0.6632872074842453,0.25939344987273216,0.3108149875589433
00025,/Users/nikko/Downloads/moi-main/project_root/data/visualizations/video/pushups_video1/frame_00025.png,"[1, 191, 531, 360]",RIGHT_KNEE,-1.187768698609002,0.6679123540840877,0.9361692070960999,0.6632872074842453,0.25939344987273216,0.3108149875589433
00025,/Users/nikko/Downloads/moi-main/project_root/data/visualizations/video/pushups_video1/frame_00025.png,"[1, 191, 531, 360]",RIGHT_ANKLE,-1.9092847599170832,1.1322604866084705,0.9836452007293701,0.6632872074842453,0.25939344987273216,0.3108149875589433
00025,/Users/nikko/Downloads/moi-main/project_root/data/visualizations/video/pushups_video1/frame_00025.png,"[1, 191, 531, 360]",LEFT_EYE,0.8150153321938812,0.5798527515547465,0.9974876642227173,0.6632872074842453,0.25939344987273216,0.3108149875589433
00025,/Users/nikko/Downloads/moi-main/project_root/data/visualizations/video/pushups_video1/frame_00025.png,"[1, 191, 531, 360]",RIGHT_EYE,0.8248473231208141,0.5769197422855448,0.9987438321113586,0.6632872074842453,0.25939344987273216,0.3108149875589433
00026,/Users/nikko/Downloads/moi-main/project_root/data/visualizations/video/pushups_video1/frame_00026.png,"[9, 189, 532, 360]",LEFT_SHOULDER,0.41658407294884475,-0.242706545007348,0.9951897859573364,0.6592394262552261,0.30694038793444633,0.31450374920823565
00026,/Users/nikko/Downloads/moi-main/project_root/data/visualizations/video/pushups_video1/frame_00026.png,"[9, 189, 532, 360]",RIGHT_SHOULDER,0.4998133389299777,0.21906479611205573,0.9957489967346191,0.6592394262552261,0.30694038793444633,0.31450374920823565
00026,/Users/nikko/Downloads/moi-main/project_root/data/visualizations/video/pushups_video1/frame_00026.png,"[9, 189, 532, 360]",LEFT_HIP,-0.4656502400758998,-0.15543070254728,0.9759877920150757,0.6592394262552261,0.30694038793444633,0.31450374920823565
00026,/Users/nikko/Downloads/moi-main/project_root/data/visualizations/video/pushups_video1/frame_00026.png,"[9, 189, 532, 360]",RIGHT_HIP,-0.4507471718029227,0.17907245144257228,0.9883213639259338,0.6592394262552261,0.30694038793444633,0.31450374920823565
00026,/Users/nikko/Downloads/moi-main/project_root/data/visualizations/video/pushups_video1/frame_00026.png,"[9, 189, 532, 360]",RIGHT_ELBOW,0.3781822720567783,1.5165842616907124,0.9554653167724609,0.6592394262552261,0.30694038793444633,0.31450374920823565
00026,/Users/nikko/Downloads/moi-main/project_root/data/visualizations/video/pushups_video1/frame_00026.png,"[9, 189, 532, 360]",RIGHT_WRIST,0.47892694535502484,2.836624727943544,0.710260808467865,0.6592394262552261,0.30694038793444633,0.31450374920823565
00026,/Users/nikko/Downloads/moi-main/project_root/data/visualizations/video/pushups_video1/frame_00026.png,"[9, 189, 532, 360]",RIGHT_KNEE,-1.2055746166842194,0.5433147467772687,0.9417350888252258,0.6592394262552261,0.30694038793444633,0.31450374920823565
00026,/Users/nikko/Downloads/moi-main/project_root/data/visualizations/video/pushups_video1/frame_00026.png,"[9, 189, 532, 360]",RIGHT_ANKLE,-1.89249735558938,0.9576168608356835,0.9855045676231384,0.6592394262552261,0.30694038793444633,0.31450374920823565
00026,/Users/nikko/Downloads/moi-main/project_root/data/visualizations/video/pushups_video1/frame_00026.png,"[9, 189, 532, 360]",LEFT_EYE,0.8046379031075309,0.5830075556183092,0.995606005191803,0.6592394262552261,0.30694038793444633,0.31450374920823565
00026,/Users/nikko/Downloads/moi-main/project_root/data/visualizations/video/pushups_video1/frame_00026.png,"[9, 189, 532, 360]",RIGHT_EYE,0.8125571717739766,0.6021239302943421,0.997765302658081,0.6592394262552261,0.30694038793444633,0.31450374920823565
00027,/Users/nikko/Downloads/moi-main/project_root/data/visualizations/video/pushups_video1/frame_00027.png,"[9, 197, 529, 360]",LEFT_SHOULDER,0.4253893605213984,-0.20218011772015196,0.9943324327468872,0.6700530052185059,0.3153122663497925,0.30389713213856695
00027,/Users/nikko/Downloads/moi-main/project_root/data/visualizations/video/pushups_video1/frame_00027.png,"[9, 197, 529, 360]",RIGHT_SHOULDER,0.4974608625294474,0.25048857893794024,0.9936723709106445,0.6700530052185059,0.3153122663497925,0.30389713213856695
00027,/Users/nikko/Downloads/moi-main/project_root/data/visualizations/video/pushups_video1/frame_00027.png,"[9, 197, 529, 360]",LEFT_HIP,-0.4731963063888504,-0.1820818459252116,0.9760538339614868,0.6700530052185059,0.3153122663497925,0.30389713213856695
00027,/Users/nikko/Downloads/moi-main/project_root/data/visualizations/video/pushups_video1/frame_00027.png,"[9, 197, 529, 360]",RIGHT_HIP,-0.4496539166619954,0.1337733847074233,0.9878333806991577,0.6700530052185059,0.3153122663497925,0.30389713213856695
00027,/Users/nikko/Downloads/moi-main/project_root/data/visualizations/video/pushups_video1/frame_00027.png,"[9, 197, 529, 360]",RIGHT_ELBOW,0.36806166450297845,1.573310532945799,0.931674599647522,0.6700530052185059,0.3153122663497925,0.30389713213856695
00027,/Users/nikko/Downloads/moi-main/project_root/data/visualizations/video/pushups_video1/frame_00027.png,"[9, 197, 529, 360]",RIGHT_WRIST,0.4506987239640062,2.8680786165508403,0.6589885354042053,0.6700530052185059,0.3153122663497925,0.30389713213856695
00027,/Users/nikko/Downloads/moi-main/project_root/data/visualizations/video/pushups_video1/frame_00027.png,"[9, 197, 529, 360]",RIGHT_KNEE,-1.2143058590920794,0.5107532748575633,0.9430505037307739,0.6700530052185059,0.3153122663497925,0.30389713213856695
00027,/Users/nikko/Downloads/moi-main/project_root/data/visualizations/video/pushups_video1/frame_00027.png,"[9, 197, 529, 360]",LEFT_ANKLE,-1.934828765646697,0.7268312714238164,0.5159895420074463,0.6700530052185059,0.3153122663497925,0.30389713213856695
00027,/Users/nikko/Downloads/moi-main/project_root/data/visualizations/video/pushups_video1/frame_00027.png,"[9, 197, 529, 360]",RIGHT_ANKLE,-1.9829171642039152,0.836778656237554,0.9770122766494751,0.6700530052185059,0.3153122663497925,0.30389713213856695
00027,/Users/nikko/Downloads/moi-main/project_root/data/visualizations/video/pushups_video1/frame_00027.png,"[9, 197, 529, 360]",LEFT_EYE,0.8290909770542212,0.671310168245423,0.9891968369483948,0.6700530052185059,0.3153122663497925,0.30389713213856695
00027,/Users/nikko/Downloads/moi-main/project_root/data/visualizations/video/pushups_video1/frame_00027.png,"[9, 197, 529, 360]",RIGHT_EYE,0.8335722530512818,0.6945813042649979,0.9957303404808044,0.6700530052185059,0.3153122663497925,0.30389713213856695
00028,/Users/nikko/Downloads/moi-main/project_root/data/visualizations/video/pushups_video1/frame_00028.png,"[0, 210, 529, 360]",LEFT_SHOULDER,0.3917140731576409,-0.23872140822491747,0.9905902147293091,0.6826609969139099,0.30533594638109207,0.3189835594204379
00028,/Users/nikko/Downloads/moi-main/project_root/data/visualizations/video/pushups_video1/frame_00028.png,"[0, 210, 529, 360]",RIGHT_SHOULDER,0.4805278895118789,0.30948370956906857,0.9900395274162292,0.6826609969139099,0.30533594638109207,0.3189835594204379
00028,/Users/nikko/Downloads/moi-main/project_root/data/visualizations/video/pushups_video1/frame_00028.png,"[0, 210, 529, 360]",LEFT_HIP,-0.4477881174704594,-0.2491343531525832,0.9796895980834961,0.6826609969139099,0.30533594638109207,0.3189835594204379
00028,/Users/nikko/Downloads/moi-main/project_root/data/visualizations/video/pushups_video1/frame_00028.png,"[0, 210, 529, 360]",RIGHT_HIP,-0.42445384519906043,0.17837205180843213,0.9898555278778076,0.6826609969139099,0.30533594638109207,0.3189835594204379
00028,/Users/nikko/Downloads/moi-main/project_root/data/visualizations/video/pushups_video1/frame_00028.png,"[0, 210, 529, 360]",RIGHT_ELBOW,0.3158657760751307,1.3699364775550815,0.8914538025856018,0.6826609969139099,0.30533594638109207,0.3189835594204379
00028,/Users/nikko/Downloads/moi-main/project_root/data/visualizations/video/pushups_video1/frame_00028.png,"[0, 210, 529, 360]",RIGHT_KNEE,-1.15184354365938,0.5291360906489994,0.9749661684036255,0.6826609969139099,0.30533594638109207,0.3189835594204379
00028,/Users/nikko/Downloads/moi-main/project_root/data/visualizations/video/pushups_video1/frame_00028.png,"[0, 210, 529, 360]",LEFT_ANKLE,-1.8063498216608291,0.5116310419958693,0.7341556549072266,0.6826609969139099,0.30533594638109207,0.3189835594204379
00028,/Users/nikko/Downloads/moi-main/project_root/data/visualizations/video/pushups_video1/frame_00028.png,"[0, 210, 529, 360]",RIGHT_ANKLE,-1.8622478456938552,0.7102373210126814,0.9889733195304871,0.6826609969139099,0.30533594638109207,0.3189835594204379
00028,/Users/nikko/Downloads/moi-main/project_root/data/visualizations/video/pushups_video1/frame_00028.png,"[0, 210, 529, 360]",LEFT_EYE,0.7736418298465167,0.8024089764623257,0.9852980375289917,0.6826609969139099,0.30533594638109207,0.3189835594204379
00028,/Users/nikko/Downloads/moi-main/project_root/data/visualizations/video/pushups_video1/frame_00028.png,"[0, 210, 529, 360]",RIGHT_EYE,0.7778338032614496,0.835278614846055,0.9939688444137573,0.6826609969139099,0.30533594638109207,0.3189835594204379
00029,/Users/nikko/Downloads/moi-main/project_root/data/visualizations/video/pushups_video1/frame_00029.png,"[6, 210, 547, 360]",LEFT_SHOULDER,0.38557840239143093,-0.2521490988316172,0.9919695258140564,0.6606481224298477,0.32812539115548134,0.3171958995710379
00029,/Users/nikko/Downloads/moi-main/project_root/data/visualizations/video/pushups_video1/frame_00029.png,"[6, 210, 547, 360]",RIGHT_SHOULDER,0.4650112621802962,0.36460614447480966,0.9939051270484924,0.6606481224298477,0.32812539115548134,0.3171958995710379
00029,/Users/nikko/Downloads/moi-main/project_root/data/visualizations/video/pushups_video1/frame_00029.png,"[6, 210, 547, 360]",LEFT_HIP,-0.43525863285467425,-0.2689605224688098,0.9896055459976196,0.6606481224298477,0.32812539115548134,0.3171958995710379
00029,/Users/nikko/Downloads/moi-main/project_root/data/visualizations/video/pushups_video1/frame_00029.png,"[6, 210, 547, 360]",RIGHT_HIP,-0.41533103171705293,0.1565034768256173,0.9941423535346985,0.6606481224298477,0.32812539115548134,0.3171958995710379
00029,/Users/nikko/Downloads/moi-main/project_root/data/visualizations/video/pushups_video1/frame_00029.png,"[6, 210, 547, 360]",RIGHT_ELBOW,0.3169058985163368,1.2630386443309587,0.9036460518836975,0.6606481224298477,0.32812539115548134,0.3171958995710379
00029,/Users/nikko/Downloads/moi-main/project_root/data/visualizations/video/pushups_video1/frame_00029.png,"[6, 210, 547, 360]",RIGHT_WRIST,0.4257479800127738,2.2593100885700355,0.7534628510475159,0.6606481224298477,0.32812539115548134,0.3171958995710379
00029,/Users/nikko/Downloads/moi-main/project_root/data/visualizations/video/pushups_video1/frame_00029.png,"[6, 210, 547, 360]",RIGHT_KNEE,-1.1175155203924818,0.46955752570764475,0.949322521686554,0.6606481224298477,0.32812539115548134,0.3171958995710379
00029,/Users/nikko/Downloads/moi-main/project_root/data/visualizations/video/pushups_video1/frame_00029.png,"[6, 210, 547, 360]",LEFT_ANKLE,-1.7532792444470422,0.10379054838824843,0.7481677532196045,0.6606481224298477,0.32812539115548134,0.3171958995710379
00029,/Users/nikko/Downloads/moi-main/project_root/data/visualizations/video/pushups_video1/frame_00029.png,"[6, 210, 547, 360]",RIGHT_ANKLE,-1.7069047703409501,0.25768489070571093,0.9493199586868286,0.6606481224298477,0.32812539115548134,0.3171958995710379
00029,/Users/nikko/Downloads/moi-main/project_root/data/visualizations/video/pushups_video1/frame_00029.png,"[6, 210, 547, 360]",LEFT_EYE,0.7528358909154101,0.8300898622521965,0.9954966306686401,0.6606481224298477,0.32812539115548134,0.3171958995710379
00029,/Users/nikko/Downloads/moi-main/project_root/data/visualizations/video/pushups_video1/frame_00029.png,"[6, 210, 547, 360]",RIGHT_EYE,0.7547317264604224,0.8374120079402675,0.9987509250640869,0.6606481224298477,0.32812539115548134,0.3171958995710379
00030,/Users/nikko/Downloads/moi-main/project_root/data/visualizations/video/pushups_video1/frame_00030.png,"[0, 209, 552, 360]",LEFT_SHOULDER,0.37283788209897756,-0.3034069053898458,0.9959476590156555,0.6581969261169434,0.35195980966091156,0.32410825191088655
00030,/Users/nikko/Downloads/moi-main/project_root/data/visualizations/video/pushups_video1/frame_00030.png,"[0, 209, 552, 360]",RIGHT_SHOULDER,0.45999600766483617,0.33033322959065853,0.9972400665283203,0.6581969261169434,0.35195980966091156,0.32410825191088655
00030,/Users/nikko/Downloads/moi-main/project_root/data/visualizations/video/pushups_video1/frame_00030.png,"[0, 209, 552, 360]",LEFT_HIP,-0.4254539633070595,-0.2500754395323165,0.9749786257743835,0.6581969261169434,0.35195980966091156,0.32410825191088655
00030,/Users/nikko/Downloads/moi-main/project_root/data/visualizations/video/pushups_video1/frame_00030.png,"[0, 209, 552, 360]",RIGHT_HIP,-0.4073799264567542,0.22314911533150378,0.9835397005081177,0.6581969261169434,0.35195980966091156,0.32410825191088655
00030,/Users/nikko/Downloads/moi-main/project_root/data/visualizations/video/pushups_video1/frame_00030.png,"[0, 209, 552, 360]",RIGHT_ELBOW,0.3124314643522735,1.0033432003345932,0.7783172130584717,0.6581969261169434,0.35195980966091156,0.32410825191088655
00030,/Users/nikko/Downloads/moi-main/project_root/data/visualizations/video/pushups_video1/frame_00030.png,"[0, 209, 552, 360]",RIGHT_WRIST,0.37692789613592087,1.8629225451982603,0.6203460097312927,0.6581969261169434,0.35195980966091156,0.32410825191088655
00030,/Users/nikko/Downloads/moi-main/project_root/data/visualizations/video/pushups_video1/frame_00030.png,"[0, 209, 552, 360]",RIGHT_KNEE,-1.0870847205370597,0.4597181754388329,0.8562535643577576,0.6581969261169434,0.35195980966091156,0.32410825191088655
00030,/Users/nikko/Downloads/moi-main/project_root/data/visualizations/video/pushups_video1/frame_00030.png,"[0, 209, 552, 360]",RIGHT_ANKLE,-1.7253330661336443,0.5413667357828936,0.7963629961013794,0.6581969261169434,0.35195980966091156,0.32410825191088655
00030,/Users/nikko/Downloads/moi-main/project_root/data/visualizations/video/pushups_video1/frame_00030.png,"[0, 209, 552, 360]",LEFT_EYE,0.7319675966478763,0.7948916994066875,0.998285710811615,0.6581969261169434,0.35195980966091156,0.32410825191088655
00030,/Users/nikko/Downloads/moi-main/project_root/data/visualizations/video/pushups_video1/frame_00030.png,"[0, 209, 552, 360]",RIGHT_EYE,0.7344293290174141,0.8227185071386104,0.999473512172699,0.6581969261169434,0.35195980966091156,0.32410825191088655
00032,/Users/nikko/Downloads/moi-main/project_root/data/visualizations/video/pushups_video1/frame_00032.png,"[0, 212, 532, 360]",LEFT_SHOULDER,0.35616604248009803,-0.33338310583635017,0.9967327117919922,0.6851292997598648,0.37937816977500916,0.3500896381860274
00032,/Users/nikko/Downloads/moi-main/project_root/data/visualizations/video/pushups_video1/frame_00032.png,"[0, 212, 532, 360]",RIGHT_SHOULDER,0.4438438181383157,0.32487246497263333,0.9985722303390503,0.6851292997598648,0.37937816977500916,0.3500896381860274
00032,/Users/nikko/Downloads/moi-main/project_root/data/visualizations/video/pushups_video1/frame_00032.png,"[0, 212, 532, 360]",LEFT_HIP,-0.41020961221506386,-0.2653202823815423,0.9744468927383423,0.6851292997598648,0.37937816977500916,0.3500896381860274
00032,/Users/nikko/Downloads/moi-main/project_root/data/visualizations/video/pushups_video1/frame_00032.png,"[0, 212, 532, 360]",RIGHT_HIP,-0.38980024840334987,0.27383092324525915,0.9865859746932983,0.6851292997598648,0.37937816977500916,0.3500896381860274
00032,/Users/nikko/Downloads/moi-main/project_root/data/visualizations/video/pushups_video1/frame_00032.png,"[0, 212, 532, 360]",RIGHT_ELBOW,0.28188804633751857,0.6962162213495565,0.8917633891105652,0.6851292997598648,0.37937816977500916,0.3500896381860274
00032,/Users/nikko/Downloads/moi-main/project_root/data/visualizations/video/pushups_video1/frame_00032.png,"[0, 212, 532, 360]",RIGHT_WRIST,0.35937961279873076,1.6825344173349022,0.954002320766449,0.6851292997598648,0.37937816977500916,0.3500896381860274
00032,/Users/nikko/Downloads/moi-main/project_root/data/visualizations/video/pushups_video1/frame_00032.png,"[0, 212, 532, 360]",RIGHT_KNEE,-1.0440490290730644,0.3800264403032613,0.9609010815620422,0.6851292997598648,0.37937816977500916,0.3500896381860274
00032,/Users/nikko/Downloads/moi-main/project_root/data/visualizations/video/pushups_video1/frame_00032.png,"[0, 212, 532, 360]",LEFT_ANKLE,-1.618274545764318,0.16737568160335897,0.7775173187255859,0.6851292997598648,0.37937816977500916,0.3500896381860274
00032,/Users/nikko/Downloads/moi-main/project_root/data/visualizations/video/pushups_video1/frame_00032.png,"[0, 212, 532, 360]",RIGHT_ANKLE,-1.6491205644386644,0.4381214922150401,0.96488356590271,0.6851292997598648,0.37937816977500916,0.3500896381860274
00032,/Users/nikko/Downloads/moi-main/project_root/data/visualizations/video/pushups_video1/frame_00032.png,"[0, 212, 532, 360]",LEFT_EYE,0.7104950719617606,0.7623985741198982,0.9975447058677673,0.6851292997598648,0.37937816977500916,0.3500896381860274
00032,/Users/nikko/Downloads/moi-main/project_root/data/visualizations/video/pushups_video1/frame_00032.png,"[0, 212, 532, 360]",RIGHT_EYE,0.712303184109251,0.7842566409695589,0.999352753162384,0.6851292997598648,0.37937816977500916,0.3500896381860274
00033,/Users/nikko/Downloads/moi-main/project_root/data/visualizations/video/pushups_video1/frame_00033.png,"[0, 213, 534, 360]",LEFT_SHOULDER,0.3529039616344211,-0.32646817587072957,0.9946531057357788,0.6809941977262497,0.38021350651979446,0.3526481718627206
00033,/Users/nikko/Downloads/moi-main/project_root/data/visualizations/video/pushups_video1/frame_00033.png,"[0, 213, 534, 360]",RIGHT_SHOULDER,0.4422605172222143,0.32180174097118,0.9972110390663147,0.6809941977262497,0.38021350651979446,0.3526481718627206
00033,/Users/nikko/Downloads/moi-main/project_root/data/visualizations/video/pushups_video1/frame_00033.png,"[0, 213, 534, 360]",LEFT_HIP,-0.40771694079036214,-0.2787992556496086,0.9686177968978882,0.6809941977262497,0.38021350651979446,0.3526481718627206
00033,/Users/nikko/Downloads/moi-main/project_root/data/visualizations/video/pushups_video1/frame_00033.png,"[0, 213, 534, 360]",RIGHT_HIP,-0.3874475380662733,0.2834656905491582,0.9827212691307068,0.6809941977262497,0.38021350651979446,0.3526481718627206
00033,/Users/nikko/Downloads/moi-main/project_root/data/visualizations/video/pushups_video1/frame_00033.png,"[0, 213, 534, 360]",RIGHT_ELBOW,0.2806500473534862,0.7969664659939446,0.7947081923484802,0.6809941977262497,0.38021350651979446,0.3526481718627206
00033,/Users/nikko/Downloads/moi-main/project_root/data/visualizations/video/pushups_video1/frame_00033.png,"[0, 213, 534, 360]",RIGHT_WRIST,0.36043161178595784,1.659829005661151,0.85699462890625,0.6809941977262497,0.38021350651979446,0.3526481718627206
00033,/Users/nikko/Downloads/moi-main/project_root/data/visualizations/video/pushups_video1/frame_00033.png,"[0, 213, 534, 360]",RIGHT_KNEE,-1.0530751476122766,0.37081648408858076,0.9206016659736633,0.6809941977262497,0.38021350651979446,0.3526481718627206
00033,/Users/nikko/Downloads/moi-main/project_root/data/visualizations/video/pushups_video1/frame_00033.png,"[0, 213, 534, 360]",LEFT_ANKLE,-1.5581195917245392,0.18456304625066047,0.6077864766120911,0.6809941977262497,0.38021350651979446,0.3526481718627206
00033,/Users/nikko/Downloads/moi-main/project_root/data/visualizations/video/pushups_video1/frame_00033.png,"[0, 213, 534, 360]",RIGHT_ANKLE,-1.5833178753767112,0.4176213733337793,0.8983432650566101,0.6809941977262497,0.38021350651979446,0.3526481718627206
00033,/Users/nikko/Downloads/moi-main/project_root/data/visualizations/video/pushups_video1/frame_00033.png,"[0, 213, 534, 360]",LEFT_EYE,0.7038430218402737,0.7607214482829213,0.9936544895172119,0.6809941977262497,0.38021350651979446,0.3526481718627206
00033,/Users/nikko/Downloads/moi-main/project_root/data/visualizations/video/pushups_video1/frame_00033.png,"[0, 213, 534, 360]",RIGHT_EYE,0.7060467064772213,0.7765432549388525,0.9982761144638062,0.6809941977262497,0.38021350651979446,0.3526481718627206
00034,/Users/nikko/Downloads/moi-main/project_root/data/visualizations/video/pushups_video1/frame_00034.png,"[0, 213, 533, 360]",LEFT_SHOULDER,0.3441812296186381,-0.35967998006608576,0.9990623593330383,0.6836946308612823,0.38524898886680603,0.3549377415236104
00034,/Users/nikko/Downloads/moi-main/project_root/data/visualizations/video/pushups_video1/frame_00034.png,"[0, 213, 533, 360]",RIGHT_SHOULDER,0.4392659704126581,0.3326583865053736,0.9995354413986206,0.6836946308612823,0.38524898886680603,0.3549377415236104
00034,/Users/nikko/Downloads/moi-main/project_root/data/visualizations/video/pushups_video1/frame_00034.png,"[0, 213, 533, 360]",LEFT_HIP,-0.4023121653601286,-0.25913483198712317,0.983910322189331,0.6836946308612823,0.38524898886680603,0.3549377415236104
00034,/Users/nikko/Downloads/moi-main/project_root/data/visualizations/video/pushups_video1/frame_00034.png,"[0, 213, 533, 360]",RIGHT_HIP,-0.38113503467116755,0.2861564255478353,0.9920126795768738,0.6836946308612823,0.38524898886680603,0.3549377415236104
00034,/Users/nikko/Downloads/moi-main/project_root/data/visualizations/video/pushups_video1/frame_00034.png,"[0, 213, 533, 360]",RIGHT_ELBOW,0.2681158887593589,0.7155067255597564,0.9293320178985596,0.6836946308612823,0.38524898886680603,0.3549377415236104
00034,/Users/nikko/Downloads/moi-main/project_root/data/visualizations/video/pushups_video1/frame_00034.png,"[0, 213, 533, 360]",RIGHT_WRIST,0.34881424648984866,1.6122261417998969,0.9705483913421631,0.6836946308612823,0.38524898886680603,0.3549377415236104
00034,/Users/nikko/Downloads/moi-main/project_root/data/visualizations/video/pushups_video1/frame_00034.png,"[0, 213, 533, 360]",RIGHT_KNEE,-1.0129991722530711,0.3870308840796757,0.9739253520965576,0.6836946308612823,0.38524898886680603,0.3549377415236104
00034,/Users/nikko/Downloads/moi-main/project_root/data/visualizations/video/pushups_video1/frame_00034.png,"[0, 213, 533, 360]",LEFT_ANKLE,-1.5953014989223702,0.14727129539784292,0.785597026348114,0.6836946308612823,0.38524898886680603,0.3549377415236104
00034,/Users/nikko/Downloads/moi-main/project_root/data/visualizations/video/pushups_video1/frame_00034.png,"[0, 213, 533, 360]",RIGHT_ANKLE,-1.640396879383578,0.43651074522124295,0.9815427660942078,0.6836946308612823,0.38524898886680603,0.3549377415236104
00034,/Users/nikko/Downloads/moi-main/project_root/data/visualizations/video/pushups_video1/frame_00034.png,"[0, 213, 533, 360]",LEFT_EYE,0.6963304791370055,0.7481638772480177,0.9994691014289856,0.6836946308612823,0.38524898886680603,0.3549377415236104
00034,/Users/nikko/Downloads/moi-main/project_root/data/visualizations/video/pushups_video1/frame_00034.png,"[0, 213, 533, 360]",RIGHT_EYE,0.6996188816297397,0.7594155136395089,0.9998421669006348,0.6836946308612823,0.38524898886680603,0.3549377415236104
00035,/Users/nikko/Downloads/moi-main/project_root/data/visualizations/video/pushups_video1/frame_00035.png,"[0, 213, 533, 360]",LEFT_SHOULDER,0.35090971092903667,-0.34067729348895787,0.9980114698410034,0.6837355941534042,0.3901485726237297,0.3501244111268232
00035,/Users/nikko/Downloads/moi-main/project_root/data/visualizations/video/pushups_video1/frame_00035.png,"[0, 213, 533, 360]",RIGHT_SHOULDER,0.44541232129139996,0.3185655716302507,0.998921275138855,0.6837355941534042,0.3901485726237297,0.3501244111268232
00035,/Users/nikko/Downloads/moi-main/project_root/data/visualizations/video/pushups_video1/frame_00035.png,"[0, 213, 533, 360]",LEFT_HIP,-0.41046772549272115,-0.2618161088187232,0.9783352017402649,0.6837355941534042,0.3901485726237297,0.3501244111268232
00035,/Users/nikko/Downloads/moi-main/project_root/data/visualizations/video/pushups_video1/frame_00035.png,"[0, 213, 533, 360]",RIGHT_HIP,-0.3858543067277154,0.28392783067743044,0.9871959686279297,0.6837355941534042,0.3901485726237297,0.3501244111268232
00035,/Users/nikko/Downloads/moi-main/project_root/data/visualizations/video/pushups_video1/frame_00035.png,"[0, 213, 533, 360]",RIGHT_ELBOW,0.2729810074894207,0.6929780229730627,0.8439983129501343,0.6837355941534042,0.3901485726237297,0.3501244111268232
00035,/Users/nikko/Downloads/moi-main/project_root/data/visualizations/video/pushups_video1/frame_00035.png,"[0, 213, 533, 360]",RIGHT_WRIST,0.34847325791714884,1.615696247458576,0.920128583908081,0.6837355941534042,0.3901485726237297,0.3501244111268232
00035,/Users/nikko/Downloads/moi-main/project_root/data/visualizations/video/pushups_video1/frame_00035.png,"[0, 213, 533, 360]",RIGHT_KNEE,-1.0343112027351864,0.3666608340365884,0.9377418160438538,0.6837355941534042,0.3901485726237297,0.3501244111268232
00035,/Users/nikko/Downloads/moi-main/project_root/data/visualizations/video/pushups_video1/frame_00035.png,"[0, 213, 533, 360]",LEFT_ANKLE,-1.6250646620934157,0.14905776310867594,0.623259961605072,0.6837355941534042,0.3901485726237297,0.3501244111268232
00035,/Users/nikko/Downloads/moi-main/project_root/data/visualizations/video/pushups_video1/frame_00035.png,"[0, 213, 533, 360]",RIGHT_ANKLE,-1.6691216125851716,0.42034281237998045,0.9424989223480225,0.6837355941534042,0.3901485726237297,0.3501244111268232
00035,/Users/nikko/Downloads/moi-main/project_root/data/visualizations/video/pushups_video1/frame_00035.png,"[0, 213, 533, 360]",LEFT_EYE,0.7115066293116235,0.7297073137934104,0.9977815747261047,0.6837355941534042,0.3901485726237297,0.3501244111268232
00035,/Users/nikko/Downloads/moi-main/project_root/data/visualizations/video/pushups_video1/frame_00035.png,"[0, 213, 533, 360]",RIGHT_EYE,0.712680423576364,0.7577758925870127,0.9993355870246887,0.6837355941534042,0.3901485726237297,0.3501244111268232
00036,/Users/nikko/Downloads/moi-main/project_root/data/visualizations/video/pushups_video1/frame_00036.png,"[0, 214, 537, 360]",LEFT_SHOULDER,0.3485286679195168,-0.347752640996473,0.9981220364570618,0.6774792820215225,0.3818448856472969,0.349675491742244
00036,/Users/nikko/Downloads/moi-main/project_root/data/visualizations/video/pushups_video1/frame_00036.png,"[0, 214, 537, 360]",RIGHT_SHOULDER,0.44398596675698193,0.30128149568098306,0.9990383386611938,0.6774792820215225,0.3818448856472969,0.349675491742244
00036,/Users/nikko/Downloads/moi-main/project_root/data/visualizations/video/pushups_video1/frame_00036.png,"[0, 214, 537, 360]",LEFT_HIP,-0.40769558045688314,-0.2577322394956884,0.9917255640029907,0.6774792820215225,0.3818448856472969,0.349675491742244
00036,/Users/nikko/Downloads/moi-main/project_root/data/visualizations/video/pushups_video1/frame_00036.png,"[0, 214, 537, 360]",RIGHT_HIP,-0.38481905421961565,0.30420338481117837,0.9954055547714233,0.6774792820215225,0.3818448856472969,0.349675491742244
00036,/Users/nikko/Downloads/moi-main/project_root/data/visualizations/video/pushups_video1/frame_00036.png,"[0, 214, 537, 360]",RIGHT_ELBOW,0.26981093097230047,0.7158777305805917,0.9094492793083191,0.6774792820215225,0.3818448856472969,0.349675491742244
00036,/Users/nikko/Downloads/moi-main/project_root/data/visualizations/video/pushups_video1/frame_00036.png,"[0, 214, 537, 360]",RIGHT_WRIST,0.3587046115238921,1.687193860443061,0.9506571292877197,0.6774792820215225,0.3818448856472969,0.349675491742244
00036,/Users/nikko/Downloads/moi-main/project_root/data/visualizations/video/pushups_video1/frame_00036.png,"[0, 214, 537, 360]",LEFT_KNEE,-1.017058315701526,0.025293074203468647,0.6179758310317993,0.6774792820215225,0.3818448856472969,0.349675491742244
00036,/Users/nikko/Downloads/moi-main/project_root/data/visualizations/video/pushups_video1/frame_00036.png,"[0, 214, 537, 360]",RIGHT_KNEE,-1.029299005275277,0.3886338185649382,0.9764217138290405,0.6774792820215225,0.3818448856472969,0.349675491742244
00036,/Users/nikko/Downloads/moi-main/project_root/data/visualizations/video/pushups_video1/frame_00036.png,"[0, 214, 537, 360]",LEFT_ANKLE,-1.611848424013048,0.14508490345958125,0.8414204120635986,0.6774792820215225,0.3818448856472969,0.349675491742244
00036,/Users/nikko/Downloads/moi-main/project_root/data/visualizations/video/pushups_video1/frame_00036.png,"[0, 214, 537, 360]",RIGHT_ANKLE,-1.6399030085913304,0.39708541888307514,0.965377926826477,0.6774792820215225,0.3818448856472969,0.349675491742244
00036,/Users/nikko/Downloads/moi-main/project_root/data/visualizations/video/pushups_video1/frame_00036.png,"[0, 214, 537, 360]",LEFT_EYE,0.7089085737200966,0.7558105278644771,0.9973621964454651,0.6774792820215225,0.3818448856472969,0.349675491742244
00036,/Users/nikko/Downloads/moi-main/project_root/data/visualizations/video/pushups_video1/frame_00036.png,"[0, 214, 537, 360]",RIGHT_EYE,0.7101041593082418,0.7774803888068373,0.9992386102676392,0.6774792820215225,0.3818448856472969,0.349675491742244
00037,/Users/nikko/Downloads/moi-main/project_root/data/visualizations/video/pushups_video1/frame_00037.png,"[0, 214, 539, 360]",LEFT_SHOULDER,0.3482254523957707,-0.34585161386929036,0.9956802129745483,0.6752461344003677,0.37285640090703964,0.3540710281443528
00037,/Users/nikko/Downloads/moi-main/project_root/data/visualizations/video/pushups_video1/frame_00037.png,"[0, 214, 539, 360]",RIGHT_SHOULDER,0.43307230927600926,0.30210203769875604,0.9980230331420898,0.6752461344003677,0.37285640090703964,0.3540710281443528
00037,/Users/nikko/Downloads/moi-main/project_root/data/visualizations/video/pushups_video1/frame_00037.png,"[0, 214, 539, 360]",LEFT_HIP,-0.40227677779337395,-0.27460451538415637,0.9839351773262024,0.6752461344003677,0.37285640090703964,0.3540710281443528
00037,/Users/nikko/Downloads/moi-main/project_root/data/visualizations/video/pushups_video1/frame_00037.png,"[0, 214, 539, 360]",RIGHT_HIP,-0.379020983878406,0.31835409155469063,0.9915879368782043,0.6752461344003677,0.37285640090703964,0.3540710281443528
00037,/Users/nikko/Downloads/moi-main/project_root/data/visualizations/video/pushups_video1/frame_00037.png,"[0, 214, 539, 360]",RIGHT_ELBOW,0.2611218170605236,0.7296017993840199,0.8994801640510559,0.6752461344003677,0.37285640090703964,0.3540710281443528
00037,/Users/nikko/Downloads/moi-main/project_root/data/visualizations/video/pushups_video1/frame_00037.png,"[0, 214, 539, 360]",RIGHT_WRIST,0.3599788475136462,1.7642859021368584,0.940886914730072,0.6752461344003677,0.37285640090703964,0.3540710281443528
00037,/Users/nikko/Downloads/moi-main/project_root/data/visualizations/video/pushups_video1/frame_00037.png,"[0, 214, 539, 360]",RIGHT_KNEE,-1.034868393981663,0.3728013548104306,0.9614475965499878,0.6752461344003677,0.37285640090703964,0.3540710281443528
00037,/Users/nikko/Downloads/moi-main/project_root/data/visualizations/video/pushups_video1/frame_00037.png,"[0, 214, 539, 360]",LEFT_ANKLE,-1.5379796610015721,0.21416949164349838,0.7949642539024353,0.6752461344003677,0.37285640090703964,0.3540710281443528
00037,/Users/nikko/Downloads/moi-main/project_root/data/visualizations/video/pushups_video1/frame_00037.png,"[0, 214, 539, 360]",RIGHT_ANKLE,-1.5510981326890183,0.4179099893624282,0.9456324577331543,0.6752461344003677,0.37285640090703964,0.3540710281443528
00037,/Users/nikko/Downloads/moi-main/project_root/data/visualizations/video/pushups_video1/frame_00037.png,"[0, 214, 539, 360]",LEFT_EYE,0.6859158350409276,0.7655191877130569,0.9911075234413147,0.6752461344003677,0.37285640090703964,0.3540710281443528
00037,/Users/nikko/Downloads/moi-main/project_root/data/visualizations/video/pushups_video1/frame_00037.png,"[0, 214, 539, 360]",RIGHT_EYE,0.6862947704655303,0.7806092683267346,0.9976962208747864,0.6752461344003677,0.37285640090703964,0.3540710281443528
00040,/Users/nikko/Downloads/moi-main/project_root/data/visualizations/video/pushups_video1/frame_00040.png,"[4, 212, 547, 360]",LEFT_SHOULDER,0.37748769252754366,-0.3255021073665518,0.9928889274597168,0.66239795088768,0.3147633709013462,0.31737460729066613
00040,/Users/nikko/Downloads/moi-main/project_root/data/visualizations/video/pushups_video1/frame_00040.png,"[4, 212, 547, 360]",RIGHT_SHOULDER,0.4793176237862409,0.22467620691003526,0.9900761246681213,0.66239795088768,0.3147633709013462,0.31737460729066613
00040,/Users/nikko/Downloads/moi-main/project_root/data/visualizations/video/pushups_video1/frame_00040.png,"[4, 212, 547, 360]",LEFT_HIP,-0.44121304793407634,-0.1761691169698277,0.9621291756629944,0.66239795088768,0.3147633709013462,0.31737460729066613
00040,/Users/nikko/Downloads/moi-main/project_root/data/visualizations/video/pushups_video1/frame_00040.png,"[4, 212, 547, 360]",RIGHT_HIP,-0.41559226837970814,0.2769950174263442,0.9779793620109558,0.66239795088768,0.3147633709013462,0.31737460729066613
00040,/Users/nikko/Downloads/moi-main/project_root/data/visualizations/video/pushups_video1/frame_00040.png,"[4, 212, 547, 360]",RIGHT_ELBOW,0.25002815486368396,1.1996022527473464,0.7769801020622253,0.66239795088768,0.3147633709013462,0.31737460729066613
00040,/Users/nikko/Downloads/moi-main/project_root/data/visualizations/video/pushups_video1/frame_00040.png,"[4, 212, 547, 360]",RIGHT_WRIST,0.40226071879499026,2.2112153197603304,0.5164337754249573,0.66239795088768,0.3147633709013462,0.31737460729066613
00040,/Users/nikko/Downloads/moi-main/project_root/data/visualizations/video/pushups_video1/frame_00040.png,"[4, 212, 547, 360]",RIGHT_KNEE,-1.140368555398244,0.5184859173239489,0.8866672515869141,0.66239795088768,0.3147633709013462,0.31737460729066613
00040,/Users/nikko/Downloads/moi-main/project_root/data/visualizations/video/pushups_video1/frame_00040.png,"[4, 212, 547, 360]",LEFT_ANKLE,-1.795313747729984,0.5267491643047338,0.5730536580085754,0.66239795088768,0.3147633709013462,0.31737460729066613
00040,/Users/nikko/Downloads/moi-main/project_root/data/visualizations/video/pushups_video1/frame_00040.png,"[4, 212, 547, 360]",RIGHT_ANKLE,-1.8316788705596703,0.730470345264348,0.9691010117530823,0.66239795088768,0.3147633709013462,0.31737460729066613
00040,/Users/nikko/Downloads/moi-main/project_root/data/visualizations/video/pushups_video1/frame_00040.png,"[4, 212, 547, 360]",LEFT_EYE,0.7443443823000746,0.788921751223975,0.9566469192504883,0.66239795088768,0.3147633709013462,0.31737460729066613
00040,/Users/nikko/Downloads/moi-main/project_root/data/visualizations/video/pushups_video1/frame_00040.png,"[4, 212, 547, 360]",RIGHT_EYE,0.7470859645957063,0.7915959114039653,0.9828667044639587,0.66239795088768,0.3147633709013462,0.31737460729066613
00041,/Users/nikko/Downloads/moi-main/project_root/data/visualizations/video/pushups_video1/frame_00041.png,"[0, 212, 544, 360]",LEFT_SHOULDER,0.4063542854494259,-0.2434770485644461,0.9903029799461365,0.6642346382141113,0.290962778031826,0.3107980906555041
00041,/Users/nikko/Downloads/moi-main/project_root/data/visualizations/video/pushups_video1/frame_00041.png,"[0, 212, 544, 360]",RIGHT_SHOULDER,0.4887862128651876,0.16847422028915243,0.9854759573936462,0.6642346382141113,0.290962778031826,0.3107980906555041
00041,/Users/nikko/Downloads/moi-main/project_root/data/visualizations/video/pushups_video1/frame_00041.png,"[0, 212, 544, 360]",LEFT_HIP,-0.4526260313359461,-0.19359457763408214,0.9773239493370056,0.6642346382141113,0.290962778031826,0.3107980906555041
00041,/Users/nikko/Downloads/moi-main/project_root/data/visualizations/video/pushups_video1/frame_00041.png,"[0, 212, 544, 360]",RIGHT_HIP,-0.4425144669786674,0.2685974059093758,0.9876673221588135,0.6642346382141113,0.290962778031826,0.3107980906555041
00041,/Users/nikko/Downloads/moi-main/project_root/data/visualizations/video/pushups_video1/frame_00041.png,"[0, 212, 544, 360]",RIGHT_ELBOW,0.2858273150003814,1.3528336507811691,0.8758528828620911,0.6642346382141113,0.290962778031826,0.3107980906555041
00041,/Users/nikko/Downloads/moi-main/project_root/data/visualizations/video/pushups_video1/frame_00041.png,"[0, 212, 544, 360]",RIGHT_KNEE,-1.1816769173303774,0.5761428652705387,0.9505054354667664,0.6642346382141113,0.290962778031826,0.3107980906555041
00041,/Users/nikko/Downloads/moi-main/project_root/data/visualizations/video/pushups_video1/frame_00041.png,"[0, 212, 544, 360]",LEFT_ANKLE,-1.885394331216635,0.3255572047725769,0.7138065695762634,0.6642346382141113,0.290962778031826,0.3107980906555041
00041,/Users/nikko/Downloads/moi-main/project_root/data/visualizations/video/pushups_video1/frame_00041.png,"[0, 212, 544, 360]",RIGHT_ANKLE,-1.7795662863278299,0.7499579237169279,0.9716312885284424,0.6642346382141113,0.290962778031826,0.3107980906555041
00041,/Users/nikko/Downloads/moi-main/project_root/data/visualizations/video/pushups_video1/frame_00041.png,"[0, 212, 544, 360]",LEFT_EYE,0.7754521788078995,0.7677161129021519,0.9683514833450317,0.6642346382141113,0.290962778031826,0.3107980906555041
00041,/Users/nikko/Downloads/moi-main/project_root/data/visualizations/video/pushups_video1/frame_00041.png,"[0, 212, 544, 360]",RIGHT_EYE,0.7766392927646858,0.7887514270136382,0.9901447296142578,0.6642346382141113,0.290962778031826,0.3107980906555041
00042,/Users/nikko/Downloads/moi-main/project_root/data/visualizations/video/pushups_video1/frame_00042.png,"[0, 207, 534, 360]",LEFT_SHOULDER,0.4196194974321233,-0.19947986522405725,0.9929242134094238,0.6743114292621613,0.2916685417294502,0.3090987200256168
00042,/Users/nikko/Downloads/moi-main/project_root/data/visualizations/video/pushups_video1/frame_00042.png,"[0, 207, 534, 360]",RIGHT_SHOULDER,0.49698899929670354,0.17871129183408302,0.9876826405525208,0.6743114292621613,0.2916685417294502,0.3090987200256168
00042,/Users/nikko/Downloads/moi-main/project_root/data/visualizations/video/pushups_video1/frame_00042.png,"[0, 207, 534, 360]",LEFT_HIP,-0.4664402871424286,-0.19852263881871815,0.973798394203186,0.6743114292621613,0.2916685417294502,0.3090987200256168
00042,/Users/nikko/Downloads/moi-main/project_root/data/visualizations/video/pushups_video1/frame_00042.png,"[0, 207, 534, 360]",RIGHT_HIP,-0.4501682095863982,0.21929121220869238,0.9855870008468628,0.6743114292621613,0.2916685417294502,0.3090987200256168
00042,/Users/nikko/Downloads/moi-main/project_root/data/visualizations/video/pushups_video1/frame_00042.png,"[0, 207, 534, 360]",RIGHT_ELBOW,0.30411192812822957,1.4566384321827424,0.9056029319763184,0.6743114292621613,0.2916685417294502,0.3090987200256168
00042,/Users/nikko/Downloads/moi-main/project_root/data/visualizations/video/pushups_video1/frame_00042.png,"[0, 207, 534, 360]",RIGHT_WRIST,0.46509758620359376,2.5172717075131206,0.5870371460914612,0.6743114292621613,0.2916685417294502,0.3090987200256168
00042,/Users/nikko/Downloads/moi-main/project_root/data/visualizations/video/pushups_video1/frame_00042.png,"[0, 207, 534, 360]",RIGHT_KNEE,-1.1957619611900459,0.6042560862787077,0.9656032919883728,0.6743114292621613,0.2916685417294502,0.3090987200256168
00042,/Users/nikko/Downloads/moi-main/project_root/data/visualizations/video/pushups_video1/frame_00042.png,"[0, 207, 534, 360]",LEFT_ANKLE,-1.9084384245038868,0.4564635303334978,0.7255622148513794,0.6743114292621613,0.2916685417294502,0.3090987200256168
00042,/Users/nikko/Downloads/moi-main/project_root/data/visualizations/video/pushups_video1/frame_00042.png,"[0, 207, 534, 360]",RIGHT_ANKLE,-1.8153849878182247,0.8605353299419952,0.9773843288421631,0.6743114292621613,0.2916685417294502,0.3090987200256168
00042,/Users/nikko/Downloads/moi-main/project_root/data/visualizations/video/pushups_video1/frame_00042.png,"[0, 207, 534, 360]",LEFT_EYE,0.7985423136942237,0.6909625951026996,0.9810463190078735,0.6743114292621613,0.2916685417294502,0.3090987200256168
00042,/Users/nikko/Downloads/moi-main/project_root/data/visualizations/video/pushups_video1/frame_00042.png,"[0, 207, 534, 360]",RIGHT_EYE,0.8000144060347472,0.7167010710198304,0.9938847422599792,0.6743114292621613,0.2916685417294502,0.3090987200256168
00043,/Users/nikko/Downloads/moi-main/project_root/data/visualizations/video/pushups_video1/frame_00043.png,"[0, 200, 548, 360]",LEFT_SHOULDER,0.41245482437158276,-0.2534964938877633,0.9941853880882263,0.6599098294973373,0.29724353551864624,0.2932315156538524
00043,/Users/nikko/Downloads/moi-main/project_root/data/visualizations/video/pushups_video1/frame_00043.png,"[0, 200, 548, 360]",RIGHT_SHOULDER,0.5012899424750479,0.1246045296031286,0.9916372895240784,0.6599098294973373,0.29724353551864624,0.2932315156538524
00043,/Users/nikko/Downloads/moi-main/project_root/data/visualizations/video/pushups_video1/frame_00043.png,"[0, 200, 548, 360]",LEFT_HIP,-0.4641799771422906,-0.12832240676525197,0.9693644046783447,0.6599098294973373,0.29724353551864624,0.2932315156538524
00043,/Users/nikko/Downloads/moi-main/project_root/data/visualizations/video/pushups_video1/frame_00043.png,"[0, 200, 548, 360]",RIGHT_HIP,-0.4495647897043401,0.25721437104988665,0.9825248122215271,0.6599098294973373,0.29724353551864624,0.2932315156538524
00043,/Users/nikko/Downloads/moi-main/project_root/data/visualizations/video/pushups_video1/frame_00043.png,"[0, 200, 548, 360]",RIGHT_ELBOW,0.30403257845753995,1.4357274637337203,0.8762781620025635,0.6599098294973373,0.29724353551864624,0.2932315156538524
00043,/Users/nikko/Downloads/moi-main/project_root/data/visualizations/video/pushups_video1/frame_00043.png,"[0, 200, 548, 360]",RIGHT_WRIST,0.46005983219613494,2.566999601953892,0.5304206013679504,0.6599098294973373,0.29724353551864624,0.2932315156538524
00043,/Users/nikko/Downloads/moi-main/project_root/data/visualizations/video/pushups_video1/frame_00043.png,"[0, 200, 548, 360]",RIGHT_KNEE,-1.2471537683876648,0.6265014817649205,0.8880572319030762,0.6599098294973373,0.29724353551864624,0.2932315156538524
00043,/Users/nikko/Downloads/moi-main/project_root/data/visualizations/video/pushups_video1/frame_00043.png,"[0, 200, 548, 360]",RIGHT_ANKLE,-1.9573751237966406,0.9069146501487225,0.9682210087776184,0.6599098294973373,0.29724353551864624,0.2932315156538524
00043,/Users/nikko/Downloads/moi-main/project_root/data/visualizations/video/pushups_video1/frame_00043.png,"[0, 200, 548, 360]",LEFT_EYE,0.8144087622903848,0.6507869509398851,0.9731894731521606,0.6599098294973373,0.29724353551864624,0.2932315156538524
00043,/Users/nikko/Downloads/moi-main/project_root/data/visualizations/video/pushups_video1/frame_00043.png,"[0, 200, 548, 360]",RIGHT_EYE,0.8179358722391105,0.6451407699206511,0.9882745742797852,0.6599098294973373,0.29724353551864624,0.2932315156538524
00044,/Users/nikko/Downloads/moi-main/project_root/data/visualizations/video/pushups_video1/frame_00044.png,"[1, 191, 536, 360]",LEFT_SHOULDER,0.4018768820974254,-0.34579628339864976,0.9966703057289124,0.6676358729600906,0.27900172024965286,0.3116138853321286
00044,/Users/nikko/Downloads/moi-main/project_root/data/visualizations/video/pushups_video1/frame_00044.png,"[1, 191, 536, 360]",RIGHT_SHOULDER,0.4836056310838182,0.11773982209074173,0.9959452748298645,0.6676358729600906,0.27900172024965286,0.3116138853321286
00044,/Users/nikko/Downloads/moi-main/project_root/data/visualizations/video/pushups_video1/frame_00044.png,"[1, 191, 536, 360]",LEFT_HIP,-0.44942563111424333,-0.059395624592122026,0.9812639951705933,0.6676358729600906,0.27900172024965286,0.3116138853321286
00044,/Users/nikko/Downloads/moi-main/project_root/data/visualizations/video/pushups_video1/frame_00044.png,"[1, 191, 536, 360]",RIGHT_HIP,-0.4360568820670003,0.2874520859000301,0.9901906251907349,0.6676358729600906,0.27900172024965286,0.3116138853321286
00044,/Users/nikko/Downloads/moi-main/project_root/data/visualizations/video/pushups_video1/frame_00044.png,"[1, 191, 536, 360]",RIGHT_ELBOW,0.3251511806712639,1.4558906416625212,0.9271596670150757,0.6676358729600906,0.27900172024965286,0.3116138853321286
00044,/Users/nikko/Downloads/moi-main/project_root/data/visualizations/video/pushups_video1/frame_00044.png,"[1, 191, 536, 360]",RIGHT_WRIST,0.4665016200410025,2.4983324866887036,0.6575669646263123,0.6676358729600906,0.27900172024965286,0.3116138853321286
00044,/Users/nikko/Downloads/moi-main/project_root/data/visualizations/video/pushups_video1/frame_00044.png,"[1, 191, 536, 360]",RIGHT_KNEE,-1.20266336242617,0.6927488616391158,0.9286670088768005,0.6676358729600906,0.27900172024965286,0.3116138853321286
00044,/Users/nikko/Downloads/moi-main/project_root/data/visualizations/video/pushups_video1/frame_00044.png,"[1, 191, 536, 360]",LEFT_ANKLE,-1.8261342129094216,0.8163016230453635,0.5243452191352844,0.6676358729600906,0.27900172024965286,0.3116138853321286
00044,/Users/nikko/Downloads/moi-main/project_root/data/visualizations/video/pushups_video1/frame_00044.png,"[1, 191, 536, 360]",RIGHT_ANKLE,-1.8900433826880336,1.0605129298984668,0.9842239618301392,0.6676358729600906,0.27900172024965286,0.3116138853321286
00044,/Users/nikko/Downloads/moi-main/project_root/data/visualizations/video/pushups_video1/frame_00044.png,"[1, 191, 536, 360]",LEFT_EYE,0.7976629707746582,0.4849710875905339,0.9887744188308716,0.6676358729600906,0.27900172024965286,0.3116138853321286
00044,/Users/nikko/Downloads/moi-main/project_root/data/visualizations/video/pushups_video1/frame_00044.png,"[1, 191, 536, 360]",RIGHT_EYE,0.8015045829171756,0.47313016551940906,0.9945500493049622,0.6676358729600906,0.27900172024965286,0.3116138853321286
00045,/Users/nikko/Downloads/moi-main/project_root/data/visualizations/video/pushups_video1/frame_00045.png,"[0, 184, 527, 360]",LEFT_SHOULDER,0.42502268443651775,-0.28257838971296767,0.9970672726631165,0.677689403295517,0.29284361749887466,0.29820708777514315
00045,/Users/nikko/Downloads/moi-main/project_root/data/visualizations/video/pushups_video1/frame_00045.png,"[0, 184, 527, 360]",RIGHT_SHOULDER,0.5036181953395042,0.06529229325482783,0.9964048862457275,0.677689403295517,0.29284361749887466,0.29820708777514315
00045,/Users/nikko/Downloads/moi-main/project_root/data/visualizations/video/pushups_video1/frame_00045.png,"[0, 184, 527, 360]",LEFT_HIP,-0.47163952441638074,-0.015244819786685678,0.9839268326759338,0.677689403295517,0.29284361749887466,0.29820708777514315
00045,/Users/nikko/Downloads/moi-main/project_root/data/visualizations/video/pushups_video1/frame_00045.png,"[0, 184, 527, 360]",RIGHT_HIP,-0.4570013553596412,0.23253091624482553,0.9910222291946411,0.677689403295517,0.29284361749887466,0.29820708777514315
00045,/Users/nikko/Downloads/moi-main/project_root/data/visualizations/video/pushups_video1/frame_00045.png,"[0, 184, 527, 360]",RIGHT_ELBOW,0.36057024803631454,1.4934920727319614,0.9353303909301758,0.677689403295517,0.29284361749887466,0.29820708777514315
00045,/Users/nikko/Downloads/moi-main/project_root/data/visualizations/video/pushups_video1/frame_00045.png,"[0, 184, 527, 360]",RIGHT_WRIST,0.5007779476157581,2.546345320325252,0.6261799335479736,0.677689403295517,0.29284361749887466,0.29820708777514315
00045,/Users/nikko/Downloads/moi-main/project_root/data/visualizations/video/pushups_video1/frame_00045.png,"[0, 184, 527, 360]",RIGHT_KNEE,-1.2536906419937324,0.6843858466649161,0.9013459086418152,0.677689403295517,0.29284361749887466,0.29820708777514315
00045,/Users/nikko/Downloads/moi-main/project_root/data/visualizations/video/pushups_video1/frame_00045.png,"[0, 184, 527, 360]",RIGHT_ANKLE,-2.0006375169533737,1.0734999846948174,0.9768350124359131,0.677689403295517,0.29284361749887466,0.29820708777514315
00045,/Users/nikko/Downloads/moi-main/project_root/data/visualizations/video/pushups_video1/frame_00045.png,"[0, 184, 527, 360]",LEFT_EYE,0.8636085011681869,0.4000342759068923,0.9938631057739258,0.677689403295517,0.29284361749887466,0.29820708777514315
00045,/Users/nikko/Downloads/moi-main/project_root/data/visualizations/video/pushups_video1/frame_00045.png,"[0, 184, 527, 360]",RIGHT_EYE,0.8682682263746395,0.37650819020470466,0.9966777563095093,0.677689403295517,0.29284361749887466,0.29820708777514315
00046,/Users/nikko/Downloads/moi-main/project_root/data/visualizations/video/pushups_video1/frame_00046.png,"[0, 179, 531, 359]",LEFT_SHOULDER,0.40994314445506136,-0.34401913415477253,0.9968279004096985,0.6697390526533127,0.2758101671934128,0.30775445410809443
00046,/Users/nikko/Downloads/moi-main/project_root/data/visualizations/video/pushups_video1/frame_00046.png,"[0, 179, 531, 359]",RIGHT_SHOULDER,0.4869264404310952,0.0846000395680523,0.9967886209487915,0.6697390526533127,0.2758101671934128,0.30775445410809443
00046,/Users/nikko/Downloads/moi-main/project_root/data/visualizations/video/pushups_video1/frame_00046.png,"[0, 179, 531, 359]",LEFT_HIP,-0.4557987404652697,-0.015049543424264341,0.986070454120636,0.6697390526533127,0.2758101671934128,0.30775445410809443
00046,/Users/nikko/Downloads/moi-main/project_root/data/visualizations/video/pushups_video1/frame_00046.png,"[0, 179, 531, 359]",RIGHT_HIP,-0.44107084442088684,0.2744686380109846,0.9930665493011475,0.6697390526533127,0.2758101671934128,0.30775445410809443
00046,/Users/nikko/Downloads/moi-main/project_root/data/visualizations/video/pushups_video1/frame_00046.png,"[0, 179, 531, 359]",RIGHT_ELBOW,0.3705920593162246,1.4557525581313802,0.9262046813964844,0.6697390526533127,0.2758101671934128,0.30775445410809443
00046,/Users/nikko/Downloads/moi-main/project_root/data/visualizations/video/pushups_video1/frame_00046.png,"[0, 179, 531, 359]",RIGHT_WRIST,0.4863568393808278,2.514415665416367,0.6832997798919678,0.6697390526533127,0.2758101671934128,0.30775445410809443
00046,/Users/nikko/Downloads/moi-main/project_root/data/visualizations/video/pushups_video1/frame_00046.png,"[0, 179, 531, 359]",RIGHT_KNEE,-1.2048522045835868,0.7777375058551437,0.9027463793754578,0.6697390526533127,0.2758101671934128,0.30775445410809443
00046,/Users/nikko/Downloads/moi-main/project_root/data/visualizations/video/pushups_video1/frame_00046.png,"[0, 179, 531, 359]",RIGHT_ANKLE,-1.9127443910379653,1.1713374481932304,0.9772521257400513,0.6697390526533127,0.2758101671934128,0.30775445410809443
00046,/Users/nikko/Downloads/moi-main/project_root/data/visualizations/video/pushups_video1/frame_00046.png,"[0, 179, 531, 359]",LEFT_EYE,0.8200562879995046,0.38912869029907476,0.9884678721427917,0.6697390526533127,0.2758101671934128,0.30775445410809443
00046,/Users/nikko/Downloads/moi-main/project_root/data/visualizations/video/pushups_video1/frame_00046.png,"[0, 179, 531, 359]",RIGHT_EYE,0.824077194971487,0.373562370947447,0.994796097278595,0.6697390526533127,0.2758101671934128,0.30775445410809443
00047,/Users/nikko/Downloads/moi-main/project_root/data/visualizations/video/pushups_video1/frame_00047.png,"[2, 171, 536, 360]",LEFT_SHOULDER,0.4251603842350667,-0.2995860501320901,0.9979009628295898,0.6606274098157883,0.2977680265903473,0.2989357882801924
00047,/Users/nikko/Downloads/moi-main/project_root/data/visualizations/video/pushups_video1/frame_00047.png,"[2, 171, 536, 360]",RIGHT_SHOULDER,0.4994493072424699,0.01267518783940346,0.9967169165611267,0.6606274098157883,0.2977680265903473,0.2989357882801924
00047,/Users/nikko/Downloads/moi-main/project_root/data/visualizations/video/pushups_video1/frame_00047.png,"[2, 171, 536, 360]",LEFT_HIP,-0.46725239605264335,0.05045251148251462,0.9872662425041199,0.6606274098157883,0.2977680265903473,0.2989357882801924
00047,/Users/nikko/Downloads/moi-main/project_root/data/visualizations/video/pushups_video1/frame_00047.png,"[2, 171, 536, 360]",RIGHT_HIP,-0.45735729542489323,0.23645835081017202,0.9925352334976196,0.6606274098157883,0.2977680265903473,0.2989357882801924
00047,/Users/nikko/Downloads/moi-main/project_root/data/visualizations/video/pushups_video1/frame_00047.png,"[2, 171, 536, 360]",RIGHT_ELBOW,0.37587948520723724,1.4300061382337539,0.942097544670105,0.6606274098157883,0.2977680265903473,0.2989357882801924
00047,/Users/nikko/Downloads/moi-main/project_root/data/visualizations/video/pushups_video1/frame_00047.png,"[2, 171, 536, 360]",RIGHT_WRIST,0.5029593592595355,2.467016950956366,0.6745112538337708,0.6606274098157883,0.2977680265903473,0.2989357882801924
00047,/Users/nikko/Downloads/moi-main/project_root/data/visualizations/video/pushups_video1/frame_00047.png,"[2, 171, 536, 360]",RIGHT_KNEE,-1.2404815236002473,0.719936213542418,0.9090107083320618,0.6606274098157883,0.2977680265903473,0.2989357882801924
00047,/Users/nikko/Downloads/moi-main/project_root/data/visualizations/video/pushups_video1/frame_00047.png,"[2, 171, 536, 360]",RIGHT_ANKLE,-1.957691684474106,1.150611460946481,0.9788356423377991,0.6606274098157883,0.2977680265903473,0.2989357882801924
00047,/Users/nikko/Downloads/moi-main/project_root/data/visualizations/video/pushups_video1/frame_00047.png,"[2, 171, 536, 360]",LEFT_EYE,0.8669667475164703,0.2928917484721856,0.9951464533805847,0.6606274098157883,0.2977680265903473,0.2989357882801924
00047,/Users/nikko/Downloads/moi-main/project_root/data/visualizations/video/pushups_video1/frame_00047.png,"[2, 171, 536, 360]",RIGHT_EYE,0.8717979540816543,0.27641510092297955,0.9972293972969055,0.6606274098157883,0.2977680265903473,0.2989357882801924
00048,/Users/nikko/Downloads/moi-main/project_root/data/visualizations/video/pushups_video1/frame_00048.png,"[4, 160, 529, 360]",LEFT_SHOULDER,0.3847726995954391,-0.3691059418507571,0.9974514842033386,0.6636161804199219,0.2870355434715748,0.3119750002259146
00048,/Users/nikko/Downloads/moi-main/project_root/data/visualizations/video/pushups_video1/frame_00048.png,"[4, 160, 529, 360]",RIGHT_SHOULDER,0.49956153016040195,0.03416530928165564,0.9979653358459473,0.6636161804199219,0.2870355434715748,0.3119750002259146
00048,/Users/nikko/Downloads/moi-main/project_root/data/visualizations/video/pushups_video1/frame_00048.png,"[4, 160, 529, 360]",LEFT_HIP,-0.4528942314271891,0.04758039040096256,0.9840188026428223,0.6636161804199219,0.2870355434715748,0.3119750002259146
00048,/Users/nikko/Downloads/moi-main/project_root/data/visualizations/video/pushups_video1/frame_00048.png,"[4, 160, 529, 360]",RIGHT_HIP,-0.431439998328652,0.28736024216813894,0.9926556348800659,0.6636161804199219,0.2870355434715748,0.3119750002259146
00048,/Users/nikko/Downloads/moi-main/project_root/data/visualizations/video/pushups_video1/frame_00048.png,"[4, 160, 529, 360]",RIGHT_ELBOW,0.3999209437396307,1.33331003731809,0.9645428657531738,0.6636161804199219,0.2870355434715748,0.3119750002259146
00048,/Users/nikko/Downloads/moi-main/project_root/data/visualizations/video/pushups_video1/frame_00048.png,"[4, 160, 529, 360]",RIGHT_WRIST,0.5128593985237405,2.351161155000003,0.8297003507614136,0.6636161804199219,0.2870355434715748,0.3119750002259146
00048,/Users/nikko/Downloads/moi-main/project_root/data/visualizations/video/pushups_video1/frame_00048.png,"[4, 160, 529, 360]",RIGHT_KNEE,-1.2039054949314618,0.8062851858754244,0.9163793325424194,0.6636161804199219,0.2870355434715748,0.3119750002259146
00048,/Users/nikko/Downloads/moi-main/project_root/data/visualizations/video/pushups_video1/frame_00048.png,"[4, 160, 529, 360]",RIGHT_ANKLE,-1.899527474162035,1.2248281509866572,0.9812374711036682,0.6636161804199219,0.2870355434715748,0.3119750002259146
00048,/Users/nikko/Downloads/moi-main/project_root/data/visualizations/video/pushups_video1/frame_00048.png,"[4, 160, 529, 360]",LEFT_EYE,0.856692462321867,0.2498011483498055,0.9939256310462952,0.6636161804199219,0.2870355434715748,0.3119750002259146
00048,/Users/nikko/Downloads/moi-main/project_root/data/visualizations/video/pushups_video1/frame_00048.png,"[4, 160, 529, 360]",RIGHT_EYE,0.8599142369003414,0.23985182011275716,0.9969807267189026,0.6636161804199219,0.2870355434715748,0.3119750002259146
00049,/Users/nikko/Downloads/moi-main/project_root/data/visualizations/video/pushups_video1/frame_00049.png,"[4, 154, 530, 360]",LEFT_SHOULDER,0.38702008562056134,-0.36160199569728624,0.998155415058136,0.6617722660303116,0.2903608903288841,0.3100187402114336
00049,/Users/nikko/Downloads/moi-main/project_root/data/visualizations/video/pushups_video1/frame_00049.png,"[4, 154, 530, 360]",RIGHT_SHOULDER,0.49905946974277965,0.017005643206248502,0.9982016086578369,0.6617722660303116,0.2903608903288841,0.3100187402114336
00049,/Users/nikko/Downloads/moi-main/project_root/data/visualizations/video/pushups_video1/frame_00049.png,"[4, 154, 530, 360]",LEFT_HIP,-0.4539798372880549,0.05538948314257768,0.9865582585334778,0.6617722660303116,0.2903608903288841,0.3100187402114336
00049,/Users/nikko/Downloads/moi-main/project_root/data/visualizations/video/pushups_video1/frame_00049.png,"[4, 154, 530, 360]",RIGHT_HIP,-0.43209971807528613,0.28920686934846,0.9931836724281311,0.6617722660303116,0.2903608903288841,0.3100187402114336
00049,/Users/nikko/Downloads/moi-main/project_root/data/visualizations/video/pushups_video1/frame_00049.png,"[4, 154, 530, 360]",RIGHT_ELBOW,0.41018528019815165,1.3612006271751416,0.9631564021110535,0.6617722660303116,0.2903608903288841,0.3100187402114336
00049,/Users/nikko/Downloads/moi-main/project_root/data/visualizations/video/pushups_video1/frame_00049.png,"[4, 154, 530, 360]",RIGHT_WRIST,0.5240896001430463,2.3761471517547044,0.7820712924003601,0.6617722660303116,0.2903608903288841,0.3100187402114336
00049,/Users/nikko/Downloads/moi-main/project_root/data/visualizations/video/pushups_video1/frame_00049.png,"[4, 154, 530, 360]",RIGHT_KNEE,-1.201562529309576,0.8219498197740807,0.9109366536140442,0.6617722660303116,0.2903608903288841,0.3100187402114336
00049,/Users/nikko/Downloads/moi-main/project_root/data/visualizations/video/pushups_video1/frame_00049.png,"[4, 154, 530, 360]",RIGHT_ANKLE,-1.8900656886908238,1.2325100578163741,0.9809147119522095,0.6617722660303116,0.2903608903288841,0.3100187402114336
00049,/Users/nikko/Downloads/moi-main/project_root/data/visualizations/video/pushups_video1/frame_00049.png,"[4, 154, 530, 360]",LEFT_EYE,0.8683373346051697,0.22281140496339485,0.9979239702224731,0.6617722660303116,0.2903608903288841,0.3100187402114336
00049,/Users/nikko/Downloads/moi-main/project_root/data/visualizations/video/pushups_video1/frame_00049.png,"[4, 154, 530, 360]",RIGHT_EYE,0.873067926967742,0.20420972757003608,0.9989506006240845,0.6617722660303116,0.2903608903288841,0.3100187402114336
00050,/Users/nikko/Downloads/moi-main/project_root/data/visualizations/video/pushups_video1/frame_00050.png,"[9, 149, 523, 360]",LEFT_SHOULDER,0.3804707029380446,-0.35763045334831056,0.9979006052017212,0.6643626242876053,0.2938688173890114,0.3135254215471378
00050,/Users/nikko/Downloads/moi-main/project_root/data/visualizations/video/pushups_video1/frame_00050.png,"[9, 149, 523, 360]",RIGHT_SHOULDER,0.5070502472182813,0.003252110786545344,0.9985949397087097,0.6643626242876053,0.2938688173890114,0.3135254215471378
00050,/Users/nikko/Downloads/moi-main/project_root/data/visualizations/video/pushups_video1/frame_00050.png,"[9, 149, 523, 360]",LEFT_HIP,-0.4576809759512707,0.07155263967676274,0.9870492815971375,0.6643626242876053,0.2938688173890114,0.3135254215471378
00050,/Users/nikko/Downloads/moi-main/project_root/data/visualizations/video/pushups_video1/frame_00050.png,"[9, 149, 523, 360]",RIGHT_HIP,-0.4298399742050551,0.2828257028850025,0.9941698312759399,0.6643626242876053,0.2938688173890114,0.3135254215471378
00050,/Users/nikko/Downloads/moi-main/project_root/data/visualizations/video/pushups_video1/frame_00050.png,"[9, 149, 523, 360]",RIGHT_ELBOW,0.4304491850411022,1.3147854187754884,0.9733530879020691,0.6643626242876053,0.2938688173890114,0.3135254215471378
00050,/Users/nikko/Downloads/moi-main/project_root/data/visualizations/video/pushups_video1/frame_00050.png,"[9, 149, 523, 360]",RIGHT_WRIST,0.5352494181687761,2.326307722307681,0.8497406244277954,0.6643626242876053,0.2938688173890114,0.3135254215471378
00050,/Users/nikko/Downloads/moi-main/project_root/data/visualizations/video/pushups_video1/frame_00050.png,"[9, 149, 523, 360]",RIGHT_KNEE,-1.209639444952946,0.8196408280729625,0.9092391729354858,0.6643626242876053,0.2938688173890114,0.3135254215471378
00050,/Users/nikko/Downloads/moi-main/project_root/data/visualizations/video/pushups_video1/frame_00050.png,"[9, 149, 523, 360]",RIGHT_ANKLE,-1.9026734715749372,1.2201133514429172,0.9789790511131287,0.6643626242876053,0.2938688173890114,0.3135254215471378
00050,/Users/nikko/Downloads/moi-main/project_root/data/visualizations/video/pushups_video1/frame_00050.png,"[9, 149, 523, 360]",LEFT_EYE,0.89620755144307,0.19148647224044552,0.9970878958702087,0.6643626242876053,0.2938688173890114,0.3135254215471378
00050,/Users/nikko/Downloads/moi-main/project_root/data/visualizations/video/pushups_video1/frame_00050.png,"[9, 149, 523, 360]",RIGHT_EYE,0.9009268679648462,0.17672805694702956,0.9985859394073486,0.6643626242876053,0.2938688173890114,0.3135254215471378
00051,/Users/nikko/Downloads/moi-main/project_root/data/visualizations/video/pushups_video1/frame_00051.png,"[4, 149, 526, 360]",LEFT_SHOULDER,0.37485598207854354,-0.3625277512719023,0.9982945322990417,0.6628362089395523,0.28094739839434624,0.3089240675674095
00051,/Users/nikko/Downloads/moi-main/project_root/data/visualizations/video/pushups_video1/frame_00051.png,"[4, 149, 526, 360]",RIGHT_SHOULDER,0.5058563600528772,-0.01303408756959026,0.9985899329185486,0.6628362089395523,0.28094739839434624,0.3089240675674095
00051,/Users/nikko/Downloads/moi-main/project_root/data/visualizations/video/pushups_video1/frame_00051.png,"[4, 149, 526, 360]",LEFT_HIP,-0.4535267294212762,0.08253390644698064,0.9878424406051636,0.6628362089395523,0.28094739839434624,0.3089240675674095
00051,/Users/nikko/Downloads/moi-main/project_root/data/visualizations/video/pushups_video1/frame_00051.png,"[4, 149, 526, 360]",RIGHT_HIP,-0.42718561271014455,0.2930279323945119,0.994263231754303,0.6628362089395523,0.28094739839434624,0.3089240675674095
00051,/Users/nikko/Downloads/moi-main/project_root/data/visualizations/video/pushups_video1/frame_00051.png,"[4, 149, 526, 360]",RIGHT_ELBOW,0.436586649467259,1.3554533268051119,0.9651914238929749,0.6628362089395523,0.28094739839434624,0.3089240675674095
00051,/Users/nikko/Downloads/moi-main/project_root/data/visualizations/video/pushups_video1/frame_00051.png,"[4, 149, 526, 360]",RIGHT_WRIST,0.5371889045037814,2.4121250733257273,0.8079714179039001,0.6628362089395523,0.28094739839434624,0.3089240675674095
00051,/Users/nikko/Downloads/moi-main/project_root/data/visualizations/video/pushups_video1/frame_00051.png,"[4, 149, 526, 360]",RIGHT_KNEE,-1.2086411857479613,0.8744078066461621,0.9001508951187134,0.6628362089395523,0.28094739839434624,0.3089240675674095
00051,/Users/nikko/Downloads/moi-main/project_root/data/visualizations/video/pushups_video1/frame_00051.png,"[4, 149, 526, 360]",RIGHT_ANKLE,-1.8948422001910574,1.29716842315836,0.9773170948028564,0.6628362089395523,0.28094739839434624,0.3089240675674095
00051,/Users/nikko/Downloads/moi-main/project_root/data/visualizations/video/pushups_video1/frame_00051.png,"[4, 149, 526, 360]",LEFT_EYE,0.8899010936789996,0.2048574581018201,0.9973039627075195,0.6628362089395523,0.28094739839434624,0.3089240675674095
00051,/Users/nikko/Downloads/moi-main/project_root/data/visualizations/video/pushups_video1/frame_00051.png,"[4, 149, 526, 360]",RIGHT_EYE,0.8950331766496301,0.17803687877246907,0.9987239241600037,0.6628362089395523,0.28094739839434624,0.3089240675674095
00052,/Users/nikko/Downloads/moi-main/project_root/data/visualizations/video/pushups_video1/frame_00052.png,"[5, 141, 525, 360]",LEFT_SHOULDER,0.3579079479475177,-0.3723169050136003,0.9978944659233093,0.6625533849000931,0.2850770018994808,0.3131122418284449
00052,/Users/nikko/Downloads/moi-main/project_root/data/visualizations/video/pushups_video1/frame_00052.png,"[5, 141, 525, 360]",RIGHT_SHOULDER,0.5104542751278027,-0.019414618702110403,0.9988658428192139,0.6625533849000931,0.2850770018994808,0.3131122418284449
00052,/Users/nikko/Downloads/moi-main/project_root/data/visualizations/video/pushups_video1/frame_00052.png,"[5, 141, 525, 360]",LEFT_HIP,-0.4549855744510802,0.08262564764554806,0.9896118640899658,0.6625533849000931,0.2850770018994808,0.3131122418284449
00052,/Users/nikko/Downloads/moi-main/project_root/data/visualizations/video/pushups_video1/frame_00052.png,"[5, 141, 525, 360]",RIGHT_HIP,-0.41337664862424023,0.30910587607016266,0.9954978227615356,0.6625533849000931,0.2850770018994808,0.3131122418284449
00052,/Users/nikko/Downloads/moi-main/project_root/data/visualizations/video/pushups_video1/frame_00052.png,"[5, 141, 525, 360]",RIGHT_ELBOW,0.4634659120522888,1.3375106880270151,0.9829038977622986,0.6625533849000931,0.2850770018994808,0.3131122418284449
00052,/Users/nikko/Downloads/moi-main/project_root/data/visualizations/video/pushups_video1/frame_00052.png,"[5, 141, 525, 360]",RIGHT_WRIST,0.5501357866037164,2.452855402906336,0.9025575518608093,0.6625533849000931,0.2850770018994808,0.3131122418284449
00052,/Users/nikko/Downloads/moi-main/project_root/data/visualizations/video/pushups_video1/frame_00052.png,"[5, 141, 525, 360]",RIGHT_KNEE,-1.1994514138868835,0.8671422054840424,0.9252254962921143,0.6625533849000931,0.2850770018994808,0.3131122418284449
00052,/Users/nikko/Downloads/moi-main/project_root/data/visualizations/video/pushups_video1/frame_00052.png,"[5, 141, 525, 360]",RIGHT_ANKLE,-1.877258318057831,1.3015267663143004,0.9833864569664001,0.6625533849000931,0.2850770018994808,0.3131122418284449
00052,/Users/nikko/Downloads/moi-main/project_root/data/visualizations/video/pushups_video1/frame_00052.png,"[5, 141, 525, 360]",LEFT_EYE,0.881837419274096,0.1821072595447325,0.9979562759399414,0.6625533849000931,0.2850770018994808,0.3131122418284449
00052,/Users/nikko/Downloads/moi-main/project_root/data/visualizations/video/pushups_video1/frame_00052.png,"[5, 141, 525, 360]",RIGHT_EYE,0.8904351149935611,0.1604339848685839,0.999021053314209,0.6625533849000931,0.2850770018994808,0.3131122418284449
00053,/Users/nikko/Downloads/moi-main/project_root/data/visualizations/video/pushups_video1/frame_00053.png,"[5, 141, 526, 360]",LEFT_SHOULDER,0.35767989464484273,-0.37074102477267984,0.9979263544082642,0.6595661491155624,0.2794039733707905,0.31557979929293134
00053,/Users/nikko/Downloads/moi-main/project_root/data/visualizations/video/pushups_video1/frame_00053.png,"[5, 141, 526, 360]",RIGHT_SHOULDER,0.5078709271625049,-0.03150764428899778,0.9987136125564575,0.6595661491155624,0.2794039733707905,0.31557979929293134
00053,/Users/nikko/Downloads/moi-main/project_root/data/visualizations/video/pushups_video1/frame_00053.png,"[5, 141, 526, 360]",LEFT_HIP,-0.45242759871940996,0.08596087450909728,0.9859176278114319,0.6595661491155624,0.2794039733707905,0.31557979929293134
00053,/Users/nikko/Downloads/moi-main/project_root/data/visualizations/video/pushups_video1/frame_00053.png,"[5, 141, 526, 360]",RIGHT_HIP,-0.4131232230879377,0.3162877945525803,0.9933730363845825,0.6595661491155624,0.2794039733707905,0.31557979929293134
00053,/Users/nikko/Downloads/moi-main/project_root/data/visualizations/video/pushups_video1/frame_00053.png,"[5, 141, 526, 360]",RIGHT_ELBOW,0.4789290932492568,1.350675046779374,0.9793334603309631,0.6595661491155624,0.2794039733707905,0.31557979929293134
00053,/Users/nikko/Downloads/moi-main/project_root/data/visualizations/video/pushups_video1/frame_00053.png,"[5, 141, 526, 360]",RIGHT_WRIST,0.5633498582505263,2.4731847002758163,0.8822304606437683,0.6595661491155624,0.2794039733707905,0.31557979929293134
00053,/Users/nikko/Downloads/moi-main/project_root/data/visualizations/video/pushups_video1/frame_00053.png,"[5, 141, 526, 360]",RIGHT_KNEE,-1.1857071341241041,0.8813407719010499,0.9031768441200256,0.6595661491155624,0.2794039733707905,0.31557979929293134
00053,/Users/nikko/Downloads/moi-main/project_root/data/visualizations/video/pushups_video1/frame_00053.png,"[5, 141, 526, 360]",RIGHT_ANKLE,-1.8556215164977763,1.3244792439249296,0.9758351445198059,0.6595661491155624,0.2794039733707905,0.31557979929293134
00053,/Users/nikko/Downloads/moi-main/project_root/data/visualizations/video/pushups_video1/frame_00053.png,"[5, 141, 526, 360]",LEFT_EYE,0.8771141736888642,0.16391810681356175,0.9989199638366699,0.6595661491155624,0.2794039733707905,0.31557979929293134
00053,/Users/nikko/Downloads/moi-main/project_root/data/visualizations/video/pushups_video1/frame_00053.png,"[5, 141, 526, 360]",RIGHT_EYE,0.8860680972327603,0.13558520089629564,0.9994877576828003,0.6595661491155624,0.2794039733707905,0.31557979929293134
00054,/Users/nikko/Downloads/moi-main/project_root/data/visualizations/video/pushups_video1/frame_00054.png,"[8, 138, 528, 359]",LEFT_SHOULDER,0.36168815919955943,-0.344290271173587,0.9984377026557922,0.652775451540947,0.2884155660867691,0.3105179420697373
00054,/Users/nikko/Downloads/moi-main/project_root/data/visualizations/video/pushups_video1/frame_00054.png,"[8, 138, 528, 359]",RIGHT_SHOULDER,0.5151342818355649,-0.057137540491116696,0.998505711555481,0.652775451540947,0.2884155660867691,0.3105179420697373
00054,/Users/nikko/Downloads/moi-main/project_root/data/visualizations/video/pushups_video1/frame_00054.png,"[8, 138, 528, 359]",LEFT_HIP,-0.45476306428104063,0.09588945421624286,0.9858965277671814,0.652775451540947,0.2884155660867691,0.3105179420697373
00054,/Users/nikko/Downloads/moi-main/project_root/data/visualizations/video/pushups_video1/frame_00054.png,"[8, 138, 528, 359]",RIGHT_HIP,-0.4220593767540837,0.3055383574484608,0.9924627542495728,0.652775451540947,0.2884155660867691,0.3105179420697373
00054,/Users/nikko/Downloads/moi-main/project_root/data/visualizations/video/pushups_video1/frame_00054.png,"[8, 138, 528, 359]",RIGHT_ELBOW,0.5119133216145081,1.3882107730069273,0.9700644612312317,0.652775451540947,0.2884155660867691,0.3105179420697373
00054,/Users/nikko/Downloads/moi-main/project_root/data/visualizations/video/pushups_video1/frame_00054.png,"[8, 138, 528, 359]",RIGHT_WRIST,0.5901649953711512,2.4908671544565744,0.8557937145233154,0.652775451540947,0.2884155660867691,0.3105179420697373
00054,/Users/nikko/Downloads/moi-main/project_root/data/visualizations/video/pushups_video1/frame_00054.png,"[8, 138, 528, 359]",RIGHT_KNEE,-1.2032034631559871,0.8873796756261828,0.836673378944397,0.652775451540947,0.2884155660867691,0.3105179420697373
00054,/Users/nikko/Downloads/moi-main/project_root/data/visualizations/video/pushups_video1/frame_00054.png,"[8, 138, 528, 359]",RIGHT_ANKLE,-1.877213959311313,1.3328490315768984,0.9605981707572937,0.652775451540947,0.2884155660867691,0.3105179420697373
00054,/Users/nikko/Downloads/moi-main/project_root/data/visualizations/video/pushups_video1/frame_00054.png,"[8, 138, 528, 359]",LEFT_EYE,0.9016502761717345,0.14953926872544374,0.9989897608757019,0.652775451540947,0.2884155660867691,0.3105179420697373
00054,/Users/nikko/Downloads/moi-main/project_root/data/visualizations/video/pushups_video1/frame_00054.png,"[8, 138, 528, 359]",RIGHT_EYE,0.9111588271556602,0.11286187988643627,0.9994972944259644,0.652775451540947,0.2884155660867691,0.3105179420697373
00055,/Users/nikko/Downloads/moi-main/project_root/data/visualizations/video/pushups_video1/frame_00055.png,"[5, 141, 525, 360]",LEFT_SHOULDER,0.35738080478760126,-0.37053540347582964,0.9980595707893372,0.6607231646776199,0.2796231843531132,0.31487465320613145
00055,/Users/nikko/Downloads/moi-main/project_root/data/visualizations/video/pushups_video1/frame_00055.png,"[5, 141, 525, 360]",RIGHT_SHOULDER,0.5085676913635591,-0.033850470995707434,0.9985461235046387,0.6607231646776199,0.2796231843531132,0.31487465320613145
00055,/Users/nikko/Downloads/moi-main/project_root/data/visualizations/video/pushups_video1/frame_00055.png,"[5, 141, 525, 360]",LEFT_HIP,-0.45265700594024927,0.09040152254770188,0.9832888245582581,0.6607231646776199,0.2796231843531132,0.31487465320613145
00055,/Users/nikko/Downloads/moi-main/project_root/data/visualizations/video/pushups_video1/frame_00055.png,"[5, 141, 525, 360]",RIGHT_HIP,-0.413291490210911,0.3139843519238352,0.9918324947357178,0.6607231646776199,0.2796231843531132,0.31487465320613145
00055,/Users/nikko/Downloads/moi-main/project_root/data/visualizations/video/pushups_video1/frame_00055.png,"[5, 141, 525, 360]",RIGHT_ELBOW,0.4836979276310544,1.36599201589379,0.9791947603225708,0.6607231646776199,0.2796231843531132,0.31487465320613145
00055,/Users/nikko/Downloads/moi-main/project_root/data/visualizations/video/pushups_video1/frame_00055.png,"[5, 141, 525, 360]",RIGHT_WRIST,0.5572371261631713,2.4533693374515892,0.900460958480835,0.6607231646776199,0.2796231843531132,0.31487465320613145
00055,/Users/nikko/Downloads/moi-main/project_root/data/visualizations/video/pushups_video1/frame_00055.png,"[5, 141, 525, 360]",RIGHT_KNEE,-1.1875992229661805,0.8810838689220227,0.8704962134361267,0.6607231646776199,0.2796231843531132,0.31487465320613145
00055,/Users/nikko/Downloads/moi-main/project_root/data/visualizations/video/pushups_video1/frame_00055.png,"[5, 141, 525, 360]",RIGHT_ANKLE,-1.8559113715138282,1.316567477672584,0.9672557711601257,0.6607231646776199,0.2796231843531132,0.31487465320613145
00055,/Users/nikko/Downloads/moi-main/project_root/data/visualizations/video/pushups_video1/frame_00055.png,"[5, 141, 525, 360]",LEFT_EYE,0.8806529001275506,0.16291766857492979,0.9987555742263794,0.6607231646776199,0.2796231843531132,0.31487465320613145
00055,/Users/nikko/Downloads/moi-main/project_root/data/visualizations/video/pushups_video1/frame_00055.png,"[5, 141, 525, 360]",RIGHT_EYE,0.8896255504618535,0.1330246403783697,0.9993929862976074,0.6607231646776199,0.2796231843531132,0.31487465320613145
00056,/Users/nikko/Downloads/moi-main/project_root/data/visualizations/video/pushups_video1/frame_00056.png,"[5, 141, 525, 360]",LEFT_SHOULDER,0.35768402936869137,-0.37068079451853353,0.9980655312538147,0.6608254760503769,0.2797430083155632,0.3145896395337224
00056,/Users/nikko/Downloads/moi-main/project_root/data/visualizations/video/pushups_video1/frame_00056.png,"[5, 141, 525, 360]",RIGHT_SHOULDER,0.5087486969664697,-0.033677993897926105,0.9985612034797668,0.6608254760503769,0.2797430083155632,0.3145896395337224
00056,/Users/nikko/Downloads/moi-main/project_root/data/visualizations/video/pushups_video1/frame_00056.png,"[5, 141, 525, 360]",LEFT_HIP,-0.452847418599981,0.09203122398902602,0.98371821641922,0.6608254760503769,0.2797430083155632,0.3145896395337224
00056,/Users/nikko/Downloads/moi-main/project_root/data/visualizations/video/pushups_video1/frame_00056.png,"[5, 141, 525, 360]",RIGHT_HIP,-0.4135853077351801,0.3123275644274336,0.991978645324707,0.6608254760503769,0.2797430083155632,0.3145896395337224
00056,/Users/nikko/Downloads/moi-main/project_root/data/visualizations/video/pushups_video1/frame_00056.png,"[5, 141, 525, 360]",RIGHT_ELBOW,0.48406178481270257,1.3673939838886628,0.9794009327888489,0.6608254760503769,0.2797430083155632,0.3145896395337224
00056,/Users/nikko/Downloads/moi-main/project_root/data/visualizations/video/pushups_video1/frame_00056.png,"[5, 141, 525, 360]",RIGHT_WRIST,0.5593889248538207,2.4594434993344083,0.9019788503646851,0.6608254760503769,0.2797430083155632,0.3145896395337224
00056,/Users/nikko/Downloads/moi-main/project_root/data/visualizations/video/pushups_video1/frame_00056.png,"[5, 141, 525, 360]",RIGHT_KNEE,-1.1879860758931238,0.8829180695689908,0.870593249797821,0.6608254760503769,0.2797430083155632,0.3145896395337224
00056,/Users/nikko/Downloads/moi-main/project_root/data/visualizations/video/pushups_video1/frame_00056.png,"[5, 141, 525, 360]",RIGHT_ANKLE,-1.858002430070748,1.3200182882694507,0.9667873382568359,0.6608254760503769,0.2797430083155632,0.3145896395337224
00056,/Users/nikko/Downloads/moi-main/project_root/data/visualizations/video/pushups_video1/frame_00056.png,"[5, 141, 525, 360]",LEFT_EYE,0.8807466014170114,0.16335178065183917,0.9987565279006958,0.6608254760503769,0.2797430083155632,0.3145896395337224
00056,/Users/nikko/Downloads/moi-main/project_root/data/visualizations/video/pushups_video1/frame_00056.png,"[5, 141, 525, 360]",RIGHT_EYE,0.8898410615952274,0.13228065218692453,0.9993925094604492,0.6608254760503769,0.2797430083155632,0.3145896395337224
00057,/Users/nikko/Downloads/moi-main/project_root/data/visualizations/video/pushups_video1/frame_00057.png,"[5, 141, 525, 360]",LEFT_SHOULDER,0.3572283203875528,-0.37154939691687555,0.9980193376541138,0.660817414522171,0.2793891243636608,0.31466529971273327
00057,/Users/nikko/Downloads/moi-main/project_root/data/visualizations/video/pushups_video1/frame_00057.png,"[5, 141, 525, 360]",RIGHT_SHOULDER,0.508280721650563,-0.03271242528831923,0.9986497759819031,0.660817414522171,0.2793891243636608,0.31466529971273327
00057,/Users/nikko/Downloads/moi-main/project_root/data/visualizations/video/pushups_video1/frame_00057.png,"[5, 141, 525, 360]",LEFT_HIP,-0.4529523435029318,0.09001403987407285,0.9841715693473816,0.660817414522171,0.2793891243636608,0.31466529971273327
00057,/Users/nikko/Downloads/moi-main/project_root/data/visualizations/video/pushups_video1/frame_00057.png,"[5, 141, 525, 360]",RIGHT_HIP,-0.4125566985351841,0.31424778233112194,0.9923997521400452,0.660817414522171,0.2793891243636608,0.31466529971273327
00057,/Users/nikko/Downloads/moi-main/project_root/data/visualizations/video/pushups_video1/frame_00057.png,"[5, 141, 525, 360]",RIGHT_ELBOW,0.4822681061638925,1.3683254612528009,0.9801432490348816,0.660817414522171,0.2793891243636608,0.31466529971273327
00057,/Users/nikko/Downloads/moi-main/project_root/data/visualizations/video/pushups_video1/frame_00057.png,"[5, 141, 525, 360]",RIGHT_WRIST,0.5589277155072547,2.459856298147995,0.9055429100990295,0.660817414522171,0.2793891243636608,0.31466529971273327
00057,/Users/nikko/Downloads/moi-main/project_root/data/visualizations/video/pushups_video1/frame_00057.png,"[5, 141, 525, 360]",RIGHT_KNEE,-1.1870903466878946,0.8871612139120634,0.8754506707191467,0.660817414522171,0.2793891243636608,0.31466529971273327
00057,/Users/nikko/Downloads/moi-main/project_root/data/visualizations/video/pushups_video1/frame_00057.png,"[5, 141, 525, 360]",RIGHT_ANKLE,-1.858661006682637,1.3245499530535554,0.9673113226890564,0.660817414522171,0.2793891243636608,0.31466529971273327
00057,/Users/nikko/Downloads/moi-main/project_root/data/visualizations/video/pushups_video1/frame_00057.png,"[5, 141, 525, 360]",LEFT_EYE,0.8805523031670877,0.1661449714009743,0.9988012313842773,0.660817414522171,0.2793891243636608,0.31466529971273327
00057,/Users/nikko/Downloads/moi-main/project_root/data/visualizations/video/pushups_video1/frame_00057.png,"[5, 141, 525, 360]",RIGHT_EYE,0.889723186894766,0.1342189685713178,0.9994268417358398,0.660817414522171,0.2793891243636608,0.31466529971273327
00058,/Users/nikko/Downloads/moi-main/project_root/data/visualizations/video/pushups_video1/frame_00058.png,"[5, 141, 526, 360]",LEFT_SHOULDER,0.36026532704365855,-0.366457318965657,0.9976863861083984,0.6574758738279343,0.2786843776702881,0.31969433806331415
00058,/Users/nikko/Downloads/moi-main/project_root/data/visualizations/video/pushups_video1/frame_00058.png,"[5, 141, 526, 360]",RIGHT_SHOULDER,0.5044792403303185,-0.04410206569126817,0.9982895255088806,0.6574758738279343,0.2786843776702881,0.31969433806331415
00058,/Users/nikko/Downloads/moi-main/project_root/data/visualizations/video/pushups_video1/frame_00058.png,"[5, 141, 526, 360]",LEFT_HIP,-0.4488834542277018,0.08859603373550531,0.9819533824920654,0.6574758738279343,0.2786843776702881,0.31969433806331415
00058,/Users/nikko/Downloads/moi-main/project_root/data/visualizations/video/pushups_video1/frame_00058.png,"[5, 141, 526, 360]",RIGHT_HIP,-0.4158611131462753,0.32196335092141987,0.991091251373291,0.6574758738279343,0.2786843776702881,0.31969433806331415
00058,/Users/nikko/Downloads/moi-main/project_root/data/visualizations/video/pushups_video1/frame_00058.png,"[5, 141, 526, 360]",RIGHT_ELBOW,0.48160608882368705,1.3536648461513088,0.9775006175041199,0.6574758738279343,0.2786843776702881,0.31969433806331415
00058,/Users/nikko/Downloads/moi-main/project_root/data/visualizations/video/pushups_video1/frame_00058.png,"[5, 141, 526, 360]",RIGHT_WRIST,0.557318565758592,2.4291621750958954,0.8819904923439026,0.6574758738279343,0.2786843776702881,0.31969433806331415
00058,/Users/nikko/Downloads/moi-main/project_root/data/visualizations/video/pushups_video1/frame_00058.png,"[5, 141, 526, 360]",RIGHT_KNEE,-1.1591530531780063,0.8514475740996809,0.8460679650306702,0.6574758738279343,0.2786843776702881,0.31969433806331415
00058,/Users/nikko/Downloads/moi-main/project_root/data/visualizations/video/pushups_video1/frame_00058.png,"[5, 141, 526, 360]",RIGHT_ANKLE,-1.8234796521681484,1.3050376320257353,0.9552133083343506,0.6574758738279343,0.2786843776702881,0.31969433806331415
00058,/Users/nikko/Downloads/moi-main/project_root/data/visualizations/video/pushups_video1/frame_00058.png,"[5, 141, 526, 360]",LEFT_EYE,0.8800283396439087,0.16246151701689593,0.9989284873008728,0.6574758738279343,0.2786843776702881,0.31969433806331415
00058,/Users/nikko/Downloads/moi-main/project_root/data/visualizations/video/pushups_video1/frame_00058.png,"[5, 141, 526, 360]",RIGHT_EYE,0.8879816082323723,0.126949514627015,0.999483585357666,0.6574758738279343,0.2786843776702881,0.31969433806331415
00059,/Users/nikko/Downloads/moi-main/project_root/data/visualizations/video/pushups_video1/frame_00059.png,"[5, 141, 525, 360]",LEFT_SHOULDER,0.3583250624164922,-0.3697692916451104,0.9980858564376831,0.6608978658914566,0.2798447348177433,0.3146944630314589
00059,/Users/nikko/Downloads/moi-main/project_root/data/visualizations/video/pushups_video1/frame_00059.png,"[5, 141, 525, 360]",RIGHT_SHOULDER,0.5084268585914596,-0.03532779687860216,0.9985540509223938,0.6608978658914566,0.2798447348177433,0.3146944630314589
00059,/Users/nikko/Downloads/moi-main/project_root/data/visualizations/video/pushups_video1/frame_00059.png,"[5, 141, 525, 360]",LEFT_HIP,-0.45271921076651833,0.09291649489204645,0.9836069345474243,0.6608978658914566,0.2798447348177433,0.3146944630314589
00059,/Users/nikko/Downloads/moi-main/project_root/data/visualizations/video/pushups_video1/frame_00059.png,"[5, 141, 525, 360]",RIGHT_HIP,-0.4140327102414334,0.3121805936316661,0.9919115900993347,0.6608978658914566,0.2798447348177433,0.3146944630314589
00059,/Users/nikko/Downloads/moi-main/project_root/data/visualizations/video/pushups_video1/frame_00059.png,"[5, 141, 525, 360]",RIGHT_ELBOW,0.4831428317811085,1.3682697064771796,0.979048490524292,0.6608978658914566,0.2798447348177433,0.3146944630314589
00059,/Users/nikko/Downloads/moi-main/project_root/data/visualizations/video/pushups_video1/frame_00059.png,"[5, 141, 525, 360]",RIGHT_WRIST,0.5589267264807941,2.459066208910454,0.8998527526855469,0.6608978658914566,0.2798447348177433,0.3146944630314589
00059,/Users/nikko/Downloads/moi-main/project_root/data/visualizations/video/pushups_video1/frame_00059.png,"[5, 141, 525, 360]",RIGHT_KNEE,-1.1876951032261929,0.8821622632688522,0.8731438517570496,0.6608978658914566,0.2798447348177433,0.3146944630314589
00059,/Users/nikko/Downloads/moi-main/project_root/data/visualizations/video/pushups_video1/frame_00059.png,"[5, 141, 525, 360]",RIGHT_ANKLE,-1.8600674028595428,1.3202224414641766,0.9670143723487854,0.6608978658914566,0.2798447348177433,0.3146944630314589
00059,/Users/nikko/Downloads/moi-main/project_root/data/visualizations/video/pushups_video1/frame_00059.png,"[5, 141, 525, 360]",LEFT_EYE,0.880235696737101,0.16269531011114763,0.9987232089042664,0.6608978658914566,0.2798447348177433,0.3146944630314589
00059,/Users/nikko/Downloads/moi-main/project_root/data/visualizations/video/pushups_video1/frame_00059.png,"[5, 141, 525, 360]",RIGHT_EYE,0.8894881216740684,0.13202792510691821,0.9993734955787659,0.6608978658914566,0.2798447348177433,0.3146944630314589
00060,/Users/nikko/Downloads/moi-main/project_root/data/visualizations/video/pushups_video1/frame_00060.png,"[5, 141, 526, 360]",LEFT_SHOULDER,0.3604879164302713,-0.36737652405273286,0.9976670742034912,0.6575142592191696,0.2793772891163826,0.31977455054935566
00060,/Users/nikko/Downloads/moi-main/project_root/data/visualizations/video/pushups_video1/frame_00060.png,"[5, 141, 526, 360]",RIGHT_SHOULDER,0.5046460834288753,-0.042629310247573195,0.9982995390892029,0.6575142592191696,0.2793772891163826,0.31977455054935566
00060,/Users/nikko/Downloads/moi-main/project_root/data/visualizations/video/pushups_video1/frame_00060.png,"[5, 141, 526, 360]",LEFT_HIP,-0.4489764505756903,0.08990055250378956,0.9830945134162903,0.6575142592191696,0.2793772891163826,0.31977455054935566
00060,/Users/nikko/Downloads/moi-main/project_root/data/visualizations/video/pushups_video1/frame_00060.png,"[5, 141, 526, 360]",RIGHT_HIP,-0.4161575492834563,0.3201052817965165,0.9917311072349548,0.6575142592191696,0.2793772891163826,0.31977455054935566
00060,/Users/nikko/Downloads/moi-main/project_root/data/visualizations/video/pushups_video1/frame_00060.png,"[5, 141, 526, 360]",RIGHT_ELBOW,0.48148975589431925,1.3528007506719135,0.9771127700805664,0.6575142592191696,0.2793772891163826,0.31977455054935566
00060,/Users/nikko/Downloads/moi-main/project_root/data/visualizations/video/pushups_video1/frame_00060.png,"[5, 141, 526, 360]",RIGHT_WRIST,0.55885036541503,2.433065648542639,0.8776530027389526,0.6575142592191696,0.2793772891163826,0.31977455054935566
00060,/Users/nikko/Downloads/moi-main/project_root/data/visualizations/video/pushups_video1/frame_00060.png,"[5, 141, 526, 360]",RIGHT_KNEE,-1.1595979947300654,0.8489071938331187,0.8497925400733948,0.6575142592191696,0.2793772891163826,0.31977455054935566
00060,/Users/nikko/Downloads/moi-main/project_root/data/visualizations/video/pushups_video1/frame_00060.png,"[5, 141, 526, 360]",RIGHT_ANKLE,-1.8225094742306276,1.3017858878405966,0.9573732614517212,0.6575142592191696,0.2793772891163826,0.31977455054935566
00060,/Users/nikko/Downloads/moi-main/project_root/data/visualizations/video/pushups_video1/frame_00060.png,"[5, 141, 526, 360]",LEFT_EYE,0.8798586651399554,0.1621559664642263,0.998862624168396,0.6575142592191696,0.2793772891163826,0.31977455054935566
00060,/Users/nikko/Downloads/moi-main/project_root/data/visualizations/video/pushups_video1/frame_00060.png,"[5, 141, 526, 360]",RIGHT_EYE,0.8879657656437546,0.12484762825691766,0.9994544386863708,0.6575142592191696,0.2793772891163826,0.31977455054935566
